{"type":"FeatureCollection","metadata":{"submarket":"Cantonment","grid_cell_miles":2.0,"grid_cell_width_degrees":0.033590554002459416,"grid_cell_height_degrees":0.02891343318105592,"total_blocks":48,"blocks_with_demographic_data":24,"source_zip":"Cantonment Zip.zip"},"features":[{"type":"Feature","properties":{"block":"001","block_num":1,"submarket":"Cantonment","CentroidLon":-87.29399657583807,"CentroidLat":30.70712393096503,"data_status":"no data","is_anomalous":false,"anomaly_reason":null,"files_present":""},"geometry":{"type":"Polygon","coordinates":[[[-87.29658778764309,30.711114808623307],[-87.27614895240288,30.70494331509264],[-87.30553913838654,30.70494331509264],[-87.30553913838654,30.707874176105793],[-87.29658778764309,30.711114808623307]]]}},{"type":"Feature","properties":{"block":"002","block_num":2,"submarket":"Cantonment","CentroidLon":-87.30823770260892,"CentroidLat":30.705920268763695,"data_status":"no data","is_anomalous":false,"anomaly_reason":null,"files_present":""},"geometry":{"type":"Polygon","coordinates":[[[-87.30553913838654,30.707874176105793],[-87.30553913838654,30.70494331509264],[-87.31363483105372,30.70494331509264],[-87.30553913838654,30.707874176105793]]]}},{"type":"Feature","properties":{"block":"003","block_num":3,"submarket":"Cantonment","CentroidLon":-87.417757627335,"CentroidLat":30.69146225741559,"data_status":"no data","is_anomalous":false,"anomaly_reason":null,"files_present":""},"geometry":{"type":"Polygon","coordinates":[[[-87.43990135439637,30.7015751653512],[-87.40631080039391,30.700221931863492],[-87.40631080039391,30.67602988191158],[-87.41158439810059,30.67602988191158],[-87.43990135439637,30.7015751653512]]]}},{"type":"Feature","properties":{"block":"004","block_num":4,"submarket":"Cantonment","CentroidLon":-87.2887862002077,"CentroidLat":30.69044800318038,"data_status":"no data","is_anomalous":false,"anomaly_reason":null,"files_present":""},"geometry":{"type":"Polygon","coordinates":[[[-87.27194858438408,30.703675016593735],[-87.27194858438408,30.67602988191158],[-87.30553913838654,30.67602988191158],[-87.30553913838654,30.70494331509264],[-87.27614895240288,30.70494331509264],[-87.27194858438408,30.703675016593735]]]}},{"type":"Feature","properties":{"block":"005","block_num":5,"submarket":"Cantonment","CentroidLon":-87.32126813097906,"CentroidLat":30.68895528939718,"data_status":"usable","is_anomalous":false,"anomaly_reason":null,"files_present":"ConsumerSegmentation-26.08.10.csv;DemographicSnapshot-26.08.10.csv;HouseholdIncomeByAge-26.08.10.csv;HouseholdTrends-26.08.10.csv;PopulationTrends-26.08.10.csv","population_2024":1442,"population_2029":1383,"households_2024":529,"households_2029":515,"median_household_income_2024":93938,"median_household_income_2029":107671,"mean_household_income_2024":null,"mean_household_income_2029":null,"median_age_2024":41,"median_age_2029":42,"median_home_value_2024":168269,"average_household_size_2024":2.7,"average_household_size_2029":2.7,"population_growth_2024_2029":-6.3,"households_growth_2024_2029":-5.0,"consumer_segments":{"Simple Life Moderate Income With Children":{"households":87,"pct":23.5},"Simple Life Moderate Income No Children":{"households":72,"pct":19.4},"Renters":{"households":71,"pct":19.1},"Active Adult Elite":{"households":41,"pct":11.1},"Simple Life Affluent No Children":{"households":37,"pct":10.0},"Family Life Young Children":{"households":22,"pct":5.9},"Active Adult Feature and Location":{"households":13,"pct":3.5},"Elite":{"households":12,"pct":3.2},"Renters Near Term Buyers":{"households":9,"pct":2.4},"Active Adult Entry Level":{"households":7,"pct":1.9},"Family Life School Age Children":{"households":0,"pct":0.0},"Feature and Location":{"households":0,"pct":0.0},"Entry Level Urban":{"households":0,"pct":0.0},"Entry Level Suburban":{"households":0,"pct":0.0}},"income_age":{"2020":{},"2024":{},"2029":{}},"population_trends":{"Total Population":{"Demographic":null,"2020":1539,"% OF TOTAL":null,"2024":1442,"2029":1383},"Population Growth":{"Demographic":null,"2020":null,"% OF TOTAL":null,"2024":-6.3,"2029":-4.1},"Female Population":{"Demographic":null,"2020":769,"% OF TOTAL":50.1,"2024":722,"2029":693},"Male Population":{"Demographic":null,"2020":770,"% OF TOTAL":49.9,"2024":720,"2029":690},"Total population: Median Age":{"Demographic":null,"2020":41,"% OF TOTAL":null,"2024":41,"2029":42},"Total population: Under 5 years":{"Demographic":null,"2020":90,"% OF TOTAL":5.5,"2024":83,"2029":76},"Total population: 5 - 9 years":{"Demographic":null,"2020":122,"% OF TOTAL":6.9,"2024":115,"2029":95},"Total population: 10 - 14 years":{"Demographic":null,"2020":91,"% OF TOTAL":6.1,"2024":83,"2029":85},"Total population: 15 - 19 years":{"Demographic":null,"2020":102,"% OF TOTAL":6.4,"2024":100,"2029":89},"Total population: 20 - 24 years":{"Demographic":null,"2020":93,"% OF TOTAL":6.4,"2024":85,"2029":88},"Total population: 25 - 29 years":{"Demographic":null,"2020":82,"% OF TOTAL":5.4,"2024":75,"2029":74},"Total population: 30 - 34 years":{"Demographic":null,"2020":74,"% OF TOTAL":4.9,"2024":72,"2029":68},"Total population: 35 - 39 years":{"Demographic":null,"2020":89,"% OF TOTAL":5.8,"2024":87,"2029":80},"Total population: 40 - 44 years":{"Demographic":null,"2020":70,"% OF TOTAL":5.3,"2024":72,"2029":73},"Total population: 45 - 49 years":{"Demographic":null,"2020":93,"% OF TOTAL":5.6,"2024":82,"2029":78},"Total population: 50 - 54 years":{"Demographic":null,"2020":95,"% OF TOTAL":5.9,"2024":90,"2029":82},"Total population: 55 - 59 years":{"Demographic":null,"2020":139,"% OF TOTAL":7.2,"2024":114,"2029":99},"Total population: 60 - 64 years":{"Demographic":null,"2020":125,"% OF TOTAL":7.6,"2024":117,"2029":105},"Total population: 65 - 69 years":{"Demographic":null,"2020":76,"% OF TOTAL":5.8,"2024":74,"2029":80},"Total population: 70 - 74 years":{"Demographic":null,"2020":91,"% OF TOTAL":5.9,"2024":86,"2029":81},"Total population: 75 - 79 years":{"Demographic":null,"2020":56,"% OF TOTAL":4.8,"2024":59,"2029":67},"Total population: 80 - 84 years":{"Demographic":null,"2020":29,"% OF TOTAL":2.8,"2024":29,"2029":39},"Total population: 85 years and over":{"Demographic":null,"2020":22,"% OF TOTAL":1.7,"2024":19,"2029":24},"Female population: Median Age":{"Demographic":null,"2020":43,"% OF TOTAL":null,"2024":43,"2029":44},"Female population: Under 5 years":{"Demographic":null,"2020":48,"% OF TOTAL":5.8,"2024":44,"2029":40},"Female population: 5 - 9 years":{"Demographic":null,"2020":53,"% OF TOTAL":6.1,"2024":49,"2029":42},"Female population: 10 - 14 years":{"Demographic":null,"2020":38,"% OF TOTAL":5.1,"2024":34,"2029":35},"Female population: 15 - 19 years":{"Demographic":null,"2020":52,"% OF TOTAL":6.2,"2024":51,"2029":43},"Female population: 20 - 24 years":{"Demographic":null,"2020":42,"% OF TOTAL":5.9,"2024":38,"2029":41},"Female population: 25 - 29 years":{"Demographic":null,"2020":39,"% OF TOTAL":5.2,"2024":36,"2029":36},"Female population: 30 - 34 years":{"Demographic":null,"2020":42,"% OF TOTAL":5.3,"2024":41,"2029":37},"Female population: 35 - 39 years":{"Demographic":null,"2020":44,"% OF TOTAL":5.8,"2024":42,"2029":40},"Female population: 40 - 44 years":{"Demographic":null,"2020":39,"% OF TOTAL":5.6,"2024":40,"2029":39},"Female population: 45 - 49 years":{"Demographic":null,"2020":58,"% OF TOTAL":6.9,"2024":52,"2029":48},"Female population: 50 - 54 years":{"Demographic":null,"2020":43,"% OF TOTAL":5.9,"2024":40,"2029":41},"Female population: 55 - 59 years":{"Demographic":null,"2020":63,"% OF TOTAL":6.5,"2024":52,"2029":45},"Female population: 60 - 64 years":{"Demographic":null,"2020":64,"% OF TOTAL":7.4,"2024":60,"2029":51},"Female population: 65 - 69 years":{"Demographic":null,"2020":42,"% OF TOTAL":6.2,"2024":41,"2029":43},"Female population: 70 - 74 years":{"Demographic":null,"2020":45,"% OF TOTAL":6.1,"2024":44,"2029":42},"Female population: 75 - 79 years":{"Demographic":null,"2020":32,"% OF TOTAL":5.3,"2024":34,"2029":37},"Female population: 80 - 84 years":{"Demographic":null,"2020":15,"% OF TOTAL":3.2,"2024":16,"2029":22},"Female population: 85 years and over":{"Demographic":null,"2020":10,"% OF TOTAL":1.6,"2024":8,"2029":11},"Male population: Median Age":{"Demographic":null,"2020":39,"% OF TOTAL":null,"2024":39,"2029":40},"Male population: Under 5 years":{"Demographic":null,"2020":42,"% OF TOTAL":5.2,"2024":39,"2029":36},"Male population: 5 - 9 years":{"Demographic":null,"2020":69,"% OF TOTAL":7.7,"2024":66,"2029":53},"Male population: 10 - 14 years":{"Demographic":null,"2020":53,"% OF TOTAL":7.2,"2024":49,"2029":50},"Male population: 15 - 19 years":{"Demographic":null,"2020":50,"% OF TOTAL":6.7,"2024":49,"2029":46},"Male population: 20 - 24 years":{"Demographic":null,"2020":51,"% OF TOTAL":6.8,"2024":47,"2029":47},"Male population: 25 - 29 years":{"Demographic":null,"2020":43,"% OF TOTAL":5.5,"2024":39,"2029":38},"Male population: 30 - 34 years":{"Demographic":null,"2020":32,"% OF TOTAL":4.5,"2024":31,"2029":31},"Male population: 35 - 39 years":{"Demographic":null,"2020":45,"% OF TOTAL":5.8,"2024":45,"2029":40},"Male population: 40 - 44 years":{"Demographic":null,"2020":31,"% OF TOTAL":4.9,"2024":32,"2029":34},"Male population: 45 - 49 years":{"Demographic":null,"2020":35,"% OF TOTAL":4.3,"2024":30,"2029":30},"Male population: 50 - 54 years":{"Demographic":null,"2020":52,"% OF TOTAL":5.9,"2024":50,"2029":41},"Male population: 55 - 59 years":{"Demographic":null,"2020":76,"% OF TOTAL":7.8,"2024":62,"2029":54},"Male population: 60 - 64 years":{"Demographic":null,"2020":61,"% OF TOTAL":7.8,"2024":57,"2029":54},"Male population: 65 - 69 years":{"Demographic":null,"2020":34,"% OF TOTAL":5.4,"2024":33,"2029":37},"Male population: 70 - 74 years":{"Demographic":null,"2020":46,"% OF TOTAL":5.7,"2024":42,"2029":39},"Male population: 75 - 79 years":{"Demographic":null,"2020":24,"% OF TOTAL":4.3,"2024":25,"2029":30},"Male population: 80 - 84 years":{"Demographic":null,"2020":14,"% OF TOTAL":2.5,"2024":13,"2029":17},"Male population: 85 years and over":{"Demographic":null,"2020":12,"% OF TOTAL":1.9,"2024":11,"2029":13},"White alone":{"Demographic":null,"2020":1133,"% OF TOTAL":73.5,"2024":1059,"2029":1016},"Black alone":{"Demographic":null,"2020":263,"% OF TOTAL":16.6,"2024":240,"2029":230},"American Indian and Alaska Native alone":{"Demographic":null,"2020":20,"% OF TOTAL":1.3,"2024":19,"2029":18},"Asian alone":{"Demographic":null,"2020":8,"% OF TOTAL":0.5,"2024":8,"2029":7},"Native Hawaiian and OPI alone":{"Demographic":null,"2020":0,"% OF TOTAL":0.0,"2024":0,"2029":0},"Some other race alone":{"Demographic":null,"2020":14,"% OF TOTAL":0.9,"2024":13,"2029":13},"Two or more races alone":{"Demographic":null,"2020":101,"% OF TOTAL":7.2,"2024":103,"2029":99},"Not Hispanic: White alone":{"Demographic":null,"2020":1118,"% OF TOTAL":72.5,"2024":1044,"2029":1002},"Not Hispanic: Black or African American alone":{"Demographic":null,"2020":263,"% OF TOTAL":16.6,"2024":240,"2029":230},"Not Hispanic: American Indian and Alaska Native alone":{"Demographic":null,"2020":20,"% OF TOTAL":1.3,"2024":19,"2029":18},"Not Hispanic: Asian alone":{"Demographic":null,"2020":8,"% OF TOTAL":0.5,"2024":8,"2029":7},"Not Hispanic: Native Hawaiian and OPI alone":{"Demographic":null,"2020":0,"% OF TOTAL":0.0,"2024":0,"2029":0},"Not Hispanic: Some Other Race alone":{"Demographic":null,"2020":8,"% OF TOTAL":0.5,"2024":7,"2029":7},"Not Hispanic: Two or More Races":{"Demographic":null,"2020":82,"% OF TOTAL":5.8,"2024":83,"2029":80},"Hispanic: White alone":{"Demographic":null,"2020":15,"% OF TOTAL":1.0,"2024":15,"2029":14},"Hispanic: Black or African American alone":{"Demographic":null,"2020":0,"% OF TOTAL":0.0,"2024":0,"2029":0},"Hispanic: American Indian and Alaska Native alone":{"Demographic":null,"2020":0,"% OF TOTAL":0.0,"2024":0,"2029":0},"Hispanic: Asian alone":{"Demographic":null,"2020":0,"% OF TOTAL":0.0,"2024":0,"2029":0},"Hispanic: Native Hawaiian and OPI alone":{"Demographic":null,"2020":0,"% OF TOTAL":0.0,"2024":0,"2029":0},"Hispanic: Some Other Race alone":{"Demographic":null,"2020":6,"% OF TOTAL":0.4,"2024":6,"2029":6},"Hispanic: Two or More Races":{"Demographic":null,"2020":19,"% OF TOTAL":1.4,"2024":20,"2029":19},"Educational Attainment: No High School Diploma":{"Demographic":null,"2020":54,"% OF TOTAL":null,"2024":50,"2029":null},"Educational Attainment: High School Diploma":{"Demographic":null,"2020":370,"% OF TOTAL":null,"2024":347,"2029":null},"Educational Attainment: Some College":{"Demographic":null,"2020":136,"% OF TOTAL":null,"2024":127,"2029":null},"Educational Attainment: Associates Degree":{"Demographic":null,"2020":302,"% OF TOTAL":null,"2024":283,"2029":null},"Educational Attainment: Bachelors Degree":{"Demographic":null,"2020":106,"% OF TOTAL":null,"2024":100,"2029":null},"Educational Attainment: Advanced Degree":{"Demographic":null,"2020":73,"% OF TOTAL":null,"2024":69,"2029":null},"Employment Status: Armed Forces":{"Demographic":null,"2020":0,"% OF TOTAL":null,"2024":0,"2029":null},"Employment Status: Civilian labor force employed":{"Demographic":null,"2020":1007,"% OF TOTAL":null,"2024":937,"2029":null},"Employment Status: Civilian labor force unemployed":{"Demographic":null,"2020":0,"% OF TOTAL":null,"2024":0,"2029":null},"Employment Status: Not in labor force":{"Demographic":null,"2020":203,"% OF TOTAL":null,"2024":189,"2029":null},"Employed in Agriculture and Mining Industries":{"Demographic":null,"2020":0,"% OF TOTAL":null,"2024":0,"2029":null},"Employed in Construction Industries":{"Demographic":null,"2020":277,"% OF TOTAL":null,"2024":258,"2029":null},"Employed in Manufacturing Industries":{"Demographic":null,"2020":59,"% OF TOTAL":null,"2024":55,"2029":null},"Employed in Wholesale Industries":{"Demographic":null,"2020":0,"% OF TOTAL":null,"2024":0,"2029":null},"Employed in Retail Industries":{"Demographic":null,"2020":87,"% OF TOTAL":null,"2024":81,"2029":null},"Employed in Transportation and Utilities Industries":{"Demographic":null,"2020":47,"% OF TOTAL":null,"2024":44,"2029":null},"Employed in Information Industries":{"Demographic":null,"2020":62,"% OF TOTAL":null,"2024":57,"2029":null},"Employed in Real-Estate Industries":{"Demographic":null,"2020":191,"% OF TOTAL":null,"2024":178,"2029":null},"Employed in Professional Industries":{"Demographic":null,"2020":135,"% OF TOTAL":null,"2024":125,"2029":null},"Employed in Health and Education Industries":{"Demographic":null,"2020":74,"% OF TOTAL":null,"2024":69,"2029":null},"Employed in Art Industries":{"Demographic":null,"2020":75,"% OF TOTAL":null,"2024":70,"2029":null},"Employed in Other Industries":{"Demographic":null,"2020":0,"% OF TOTAL":null,"2024":0,"2029":null},"Employed in Public Administration Industries":{"Demographic":null,"2020":0,"% OF TOTAL":null,"2024":0,"2029":null},"Occupation: Management":{"Demographic":null,"2020":125,"% OF TOTAL":null,"2024":116,"2029":null},"Occupation: Business and financial operations":{"Demographic":null,"2020":53,"% OF TOTAL":null,"2024":49,"2029":null},"Occupation: Computer and mathematical":{"Demographic":null,"2020":102,"% OF TOTAL":null,"2024":95,"2029":null},"Occupation: Architecture and engineering":{"Demographic":null,"2020":15,"% OF TOTAL":null,"2024":14,"2029":null},"Occupation: Life, physical, and social science":{"Demographic":null,"2020":0,"% OF TOTAL":null,"2024":0,"2029":null},"Occupation: Community and social service":{"Demographic":null,"2020":0,"% OF TOTAL":null,"2024":0,"2029":null},"Occupation: Legal":{"Demographic":null,"2020":0,"% OF TOTAL":null,"2024":0,"2029":null},"Occupation: Education, training, and library":{"Demographic":null,"2020":45,"% OF TOTAL":null,"2024":42,"2029":null},"Occupation: Arts, design, entertainment, sports, and media":{"Demographic":null,"2020":0,"% OF TOTAL":null,"2024":0,"2029":null},"Occupation: Health diagnosing and treating practitioners":{"Demographic":null,"2020":0,"% OF TOTAL":null,"2024":0,"2029":null},"Occupation: Health technologists and technicians":{"Demographic":null,"2020":0,"% OF TOTAL":null,"2024":0,"2029":null},"Occupation: Healthcare support":{"Demographic":null,"2020":0,"% OF TOTAL":null,"2024":0,"2029":null},"Occupation: Fire fighting and prevention":{"Demographic":null,"2020":0,"% OF TOTAL":null,"2024":0,"2029":null},"Occupation: Law enforcement workers":{"Demographic":null,"2020":0,"% OF TOTAL":null,"2024":0,"2029":null},"Occupation: Food preparation and serving related":{"Demographic":null,"2020":46,"% OF TOTAL":null,"2024":43,"2029":null},"Occupation: Building and grounds cleaning and maintenance":{"Demographic":null,"2020":92,"% OF TOTAL":null,"2024":85,"2029":null},"Occupation: Personal care and service":{"Demographic":null,"2020":29,"% OF TOTAL":null,"2024":27,"2029":null},"Occupation: Sales and related":{"Demographic":null,"2020":134,"% OF TOTAL":null,"2024":125,"2029":null},"Occupation: Office and administrative support":{"Demographic":null,"2020":190,"% OF TOTAL":null,"2024":177,"2029":null},"Occupation: Farming, fishing, and forestry":{"Demographic":null,"2020":0,"% OF TOTAL":null,"2024":0,"2029":null},"Occupation: Construction and extraction":{"Demographic":null,"2020":89,"% OF TOTAL":null,"2024":83,"2029":null},"Occupation: Installation, maintenance, and repair":{"Demographic":null,"2020":17,"% OF TOTAL":null,"2024":16,"2029":null},"Occupation: Production":{"Demographic":null,"2020":23,"% OF TOTAL":null,"2024":21,"2029":null},"Occupation: Transportation":{"Demographic":null,"2020":47,"% OF TOTAL":null,"2024":44,"2029":null},"Occupation: Material moving":{"Demographic":null,"2020":0,"% OF TOTAL":null,"2024":0,"2029":null},"White collar":{"Demographic":null,"2020":664,"% OF TOTAL":null,"2024":618,"2029":null},"Blue collar":{"Demographic":null,"2020":343,"% OF TOTAL":null,"2024":319,"2029":null},"Means of transportation: Car, truck or van":{"Demographic":null,"2020":715,"% OF TOTAL":null,"2024":665,"2029":null},"Means of transportation: Public transportation":{"Demographic":null,"2020":37,"% OF TOTAL":null,"2024":34,"2029":null},"Means of transportation: Other":{"Demographic":null,"2020":137,"% OF TOTAL":null,"2024":128,"2029":null},"Travel time: Average (in minutes)":{"Demographic":null,"2020":29,"% OF TOTAL":null,"2024":29,"2029":null},"Travel time to work: Less than 30 minutes":{"Demographic":null,"2020":429,"% OF TOTAL":null,"2024":399,"2029":null},"Travel time to work: 30 to 60 minutes":{"Demographic":null,"2020":434,"% OF TOTAL":null,"2024":404,"2029":null},"Travel time to work: 60 or more minutes":{"Demographic":null,"2020":26,"% OF TOTAL":null,"2024":24,"2029":null}},"demographic_snapshot":{"Total Population":{"Demographic":null,"2020":1539,"% OF TOTAL":null,"2024":1442,"2029":1383},"Households":{"Demographic":null,"2020":557,"% OF TOTAL":null,"2024":529,"2029":515},"Population in Group Quarters":{"Demographic":null,"2020":0,"% OF TOTAL":null,"2024":0,"2029":0},"Households Growth":{"Demographic":null,"2020":null,"% OF TOTAL":null,"2024":-5.0,"2029":-2.6},"Household Income: Median":{"Demographic":null,"2020":0,"% OF TOTAL":null,"2024":93938,"2029":107671},"Home Value: Median":{"Demographic":null,"2020":166964,"% OF TOTAL":null,"2024":168269,"2029":null},"Population Growth":{"Demographic":null,"2020":null,"% OF TOTAL":null,"2024":-6.3,"2029":-4.1},"Total Population: Under 19 years":{"Demographic":null,"2020":405,"% OF TOTAL":24.9,"2024":381,"2029":345},"Total Population: 20 - 64 years":{"Demographic":null,"2020":860,"% OF TOTAL":54.0,"2024":794,"2029":747},"Total Population: 65 years and over":{"Demographic":null,"2020":274,"% OF TOTAL":21.0,"2024":267,"2029":291},"Total population: Median age":{"Demographic":null,"2020":41,"% OF TOTAL":null,"2024":41,"2029":42},"Total population: Under 5 years":{"Demographic":null,"2020":90,"% OF TOTAL":5.5,"2024":83,"2029":76},"Total population: 5 - 9 years":{"Demographic":null,"2020":122,"% OF TOTAL":6.9,"2024":115,"2029":95},"Total population: 10 - 14 years":{"Demographic":null,"2020":91,"% OF TOTAL":6.1,"2024":83,"2029":85},"Total population: 15 - 19 years":{"Demographic":null,"2020":102,"% OF TOTAL":6.4,"2024":100,"2029":89},"Total population: 20 - 24 years":{"Demographic":null,"2020":93,"% OF TOTAL":6.4,"2024":85,"2029":88},"Total population: 25 - 29 years":{"Demographic":null,"2020":82,"% OF TOTAL":5.4,"2024":75,"2029":74},"Total population: 30 - 34 years":{"Demographic":null,"2020":74,"% OF TOTAL":4.9,"2024":72,"2029":68},"Total population: 35 - 39 years":{"Demographic":null,"2020":89,"% OF TOTAL":5.8,"2024":87,"2029":80},"Total population: 40 - 44 years":{"Demographic":null,"2020":70,"% OF TOTAL":5.3,"2024":72,"2029":73},"Total population: 45 - 49 years":{"Demographic":null,"2020":93,"% OF TOTAL":5.6,"2024":82,"2029":78},"Total population: 50 - 54 years":{"Demographic":null,"2020":95,"% OF TOTAL":5.9,"2024":90,"2029":82},"Total population: 55 - 59 years":{"Demographic":null,"2020":139,"% OF TOTAL":7.2,"2024":114,"2029":99},"Total population: 60 - 64 years":{"Demographic":null,"2020":125,"% OF TOTAL":7.6,"2024":117,"2029":105},"Total population: 65 - 69 years":{"Demographic":null,"2020":76,"% OF TOTAL":5.8,"2024":74,"2029":80},"Total population: 70 - 74 years":{"Demographic":null,"2020":91,"% OF TOTAL":5.9,"2024":86,"2029":81},"Total population: 75 - 79 years":{"Demographic":null,"2020":56,"% OF TOTAL":4.8,"2024":59,"2029":67},"Total population: 80 - 84 years":{"Demographic":null,"2020":29,"% OF TOTAL":2.8,"2024":29,"2029":39},"Total population: 85 years and over":{"Demographic":null,"2020":22,"% OF TOTAL":1.7,"2024":19,"2029":24},"Householders Age 15-24":{"Demographic":null,"2020":7,"% OF TOTAL":1.7,"2024":7,"2029":9},"Householders Age 25-34":{"Demographic":null,"2020":51,"% OF TOTAL":9.3,"2024":49,"2029":48},"Householders Age 35-44":{"Demographic":null,"2020":59,"% OF TOTAL":10.5,"2024":56,"2029":54},"Householders Age 45-54":{"Demographic":null,"2020":110,"% OF TOTAL":18.6,"2024":104,"2029":96},"Householders Age 55-64":{"Demographic":null,"2020":130,"% OF TOTAL":21.2,"2024":122,"2029":109},"Householders Age 65-74":{"Demographic":null,"2020":107,"% OF TOTAL":19.8,"2024":102,"2029":102},"Householders Age 75+":{"Demographic":null,"2020":93,"% OF TOTAL":18.8,"2024":89,"2029":97},"Household income: Average":{"Demographic":null,"2020":99996,"% OF TOTAL":null,"2024":107992,"2029":120418},"Household income: Less than 25k":{"Demographic":null,"2020":24,"% OF TOTAL":1.7,"2024":15,"2029":9},"Household income: 25k - 50k":{"Demographic":null,"2020":41,"% OF TOTAL":3.1,"2024":45,"2029":16},"Household income: 50k - 75k":{"Demographic":null,"2020":85,"% OF TOTAL":8.7,"2024":53,"2029":45},"Household income: 75k - 100k":{"Demographic":null,"2020":226,"% OF TOTAL":33.8,"2024":200,"2029":174},"Household income: 100k - 125k":{"Demographic":null,"2020":36,"% OF TOTAL":8.5,"2024":36,"2029":44},"Household income: 125k - 150k":{"Demographic":null,"2020":26,"% OF TOTAL":8.2,"2024":30,"2029":42},"Household income: 150k - 200k":{"Demographic":null,"2020":119,"% OF TOTAL":35.9,"2024":150,"2029":185},"Household income: Above 200k":{"Demographic":null,"2020":0,"% OF TOTAL":0.0,"2024":0,"2029":0},"White Alone":{"Demographic":null,"2020":1133,"% OF TOTAL":73.5,"2024":1059,"2029":1016},"Black or African American Alone":{"Demographic":null,"2020":263,"% OF TOTAL":16.6,"2024":240,"2029":230},"American Indian and Alaska Native Alone":{"Demographic":null,"2020":20,"% OF TOTAL":1.3,"2024":19,"2029":18},"Asian Alone":{"Demographic":null,"2020":8,"% OF TOTAL":0.5,"2024":8,"2029":7},"Native Hawaiian and OPI Alone":{"Demographic":null,"2020":0,"% OF TOTAL":0.0,"2024":0,"2029":0},"Some Other Race Alone":{"Demographic":null,"2020":14,"% OF TOTAL":0.9,"2024":13,"2029":13},"Two or More Races Alone":{"Demographic":null,"2020":101,"% OF TOTAL":7.2,"2024":103,"2029":99},"Not Hispanic or Latino":{"Demographic":null,"2020":1499,"% OF TOTAL":97.2,"2024":1401,"2029":1344},"Hispanic or Latino":{"Demographic":null,"2020":40,"% OF TOTAL":2.8,"2024":41,"2029":39},"Total Housing Units":{"Demographic":null,"2020":648,"% OF TOTAL":null,"2024":null,"2029":null},"Owner Occupied Housing Units":{"Demographic":null,"2020":473,"% OF TOTAL":null,"2024":449,"2029":null},"Renter Occupied Housing Units":{"Demographic":null,"2020":84,"% OF TOTAL":null,"2024":80,"2029":null},"Housing Units Value Less Than 100k":{"Demographic":null,"2020":86,"% OF TOTAL":null,"2024":81,"2029":null},"Housing Units Value 100k - 200k":{"Demographic":null,"2020":166,"% OF TOTAL":null,"2024":158,"2029":null},"Housing Units Value 200k - 250k":{"Demographic":null,"2020":80,"% OF TOTAL":null,"2024":76,"2029":null},"Housing Units Value 250k - 300k":{"Demographic":null,"2020":0,"% OF TOTAL":null,"2024":0,"2029":null},"Housing Units Value 300k - 400k":{"Demographic":null,"2020":34,"% OF TOTAL":null,"2024":32,"2029":null},"Housing Units Value 400k - 500k":{"Demographic":null,"2020":107,"% OF TOTAL":null,"2024":102,"2029":null},"Housing Units Value 500k - 750k":{"Demographic":null,"2020":0,"% OF TOTAL":null,"2024":0,"2029":null},"Housing Units Value 750k - 1m":{"Demographic":null,"2020":0,"% OF TOTAL":null,"2024":0,"2029":null},"Housing Units Value 1m - 1.5m":{"Demographic":null,"2020":0,"% OF TOTAL":null,"2024":0,"2029":null},"Housing Units Value 1.5m - 2m":{"Demographic":null,"2020":0,"% OF TOTAL":null,"2024":0,"2029":null},"Housing Units Value >2m":{"Demographic":null,"2020":0,"% OF TOTAL":null,"2024":0,"2029":null},"Take Car or Truck to Work":{"Demographic":null,"2020":715,"% OF TOTAL":null,"2024":665,"2029":null},"Take Public Transportation to Work":{"Demographic":null,"2020":37,"% OF TOTAL":null,"2024":34,"2029":null},"Take Other Means of Transportation to Work":{"Demographic":null,"2020":137,"% OF TOTAL":null,"2024":128,"2029":null},"Average Travel Time (min)":{"Demographic":null,"2020":29,"% OF TOTAL":null,"2024":29,"2029":null},"Travel Below 30 Min to Work":{"Demographic":null,"2020":429,"% OF TOTAL":null,"2024":399,"2029":null},"Travel 30-60 Min to Work":{"Demographic":null,"2020":434,"% OF TOTAL":null,"2024":404,"2029":null},"Travel Above 60 Min to Work":{"Demographic":null,"2020":55,"% OF TOTAL":null,"2024":24,"2029":null},"Educational Attainment: No High School Diploma":{"Demographic":null,"2020":424,"% OF TOTAL":null,"2024":397,"2029":null},"Educational Attainment: High School Diploma":{"Demographic":null,"2020":370,"% OF TOTAL":null,"2024":347,"2029":null},"Educational Attainment: Some College":{"Demographic":null,"2020":544,"% OF TOTAL":null,"2024":510,"2029":null},"Educational Attainment: Associate's Degree":{"Demographic":null,"2020":302,"% OF TOTAL":null,"2024":283,"2029":null},"Educational Attainment: Bachelors Degree":{"Demographic":null,"2020":106,"% OF TOTAL":null,"2024":100,"2029":null},"Educational Attainment: Advanced Degree":{"Demographic":null,"2020":73,"% OF TOTAL":null,"2024":69,"2029":null},"Households: Number of vehicles available - Average":{"Demographic":null,"2020":2,"% OF TOTAL":null,"2024":2,"2029":null},"Households: No Vehicle available":{"Demographic":null,"2020":0,"% OF TOTAL":null,"2024":0,"2029":null},"Households: 1 Vehicle available":{"Demographic":null,"2020":59,"% OF TOTAL":null,"2024":56,"2029":null},"Households: 2 Vehicles available":{"Demographic":null,"2020":256,"% OF TOTAL":null,"2024":243,"2029":null},"Households: 3 Vehicles available":{"Demographic":null,"2020":169,"% OF TOTAL":null,"2024":161,"2029":null},"Households: 4 or more Vehicles available":{"Demographic":null,"2020":73,"% OF TOTAL":null,"2024":69,"2029":null}},"household_trends":{"Households":{"Demographic":null,"2020":557,"% OF TOTAL":null,"2024":529,"2029":515},"Households Growth":{"Demographic":null,"2020":null,"% OF TOTAL":null,"2024":-5.0,"2029":-2.6},"Householder Age 15-24":{"Demographic":null,"2020":7,"% OF TOTAL":1.7,"2024":7,"2029":9},"Householder Age 25-34":{"Demographic":null,"2020":51,"% OF TOTAL":9.3,"2024":49,"2029":48},"Householder Age 35-44":{"Demographic":null,"2020":59,"% OF TOTAL":10.5,"2024":56,"2029":54},"Householder Age 45-54":{"Demographic":null,"2020":110,"% OF TOTAL":18.6,"2024":104,"2029":96},"Householder Age 55-64":{"Demographic":null,"2020":130,"% OF TOTAL":21.2,"2024":122,"2029":109},"Householder Age 65-74":{"Demographic":null,"2020":107,"% OF TOTAL":19.8,"2024":102,"2029":102},"Householder Age 75+":{"Demographic":null,"2020":93,"% OF TOTAL":18.8,"2024":89,"2029":97},"Average Household Size":{"Demographic":null,"2020":2.8,"% OF TOTAL":null,"2024":2.7,"2029":2.7},"1 Person Households":{"Demographic":null,"2020":141,"% OF TOTAL":24.3,"2024":124,"2029":125},"2 Person Households":{"Demographic":null,"2020":196,"% OF TOTAL":33.4,"2024":172,"2029":172},"3 Person Households":{"Demographic":null,"2020":86,"% OF TOTAL":14.6,"2024":75,"2029":75},"4 Person Households":{"Demographic":null,"2020":63,"% OF TOTAL":13.2,"2024":76,"2029":68},"5 Person Households":{"Demographic":null,"2020":50,"% OF TOTAL":9.9,"2024":56,"2029":51},"6 Person Households":{"Demographic":null,"2020":8,"% OF TOTAL":1.9,"2024":11,"2029":10},"7+ Person Households":{"Demographic":null,"2020":13,"% OF TOTAL":2.7,"2024":15,"2029":14},"Household Type: Family":{"Demographic":null,"2020":392,"% OF TOTAL":null,"2024":372,"2029":null},"Household Type: Married Family":{"Demographic":null,"2020":295,"% OF TOTAL":null,"2024":279,"2029":null},"Household Type: Married Family With Children":{"Demographic":null,"2020":89,"% OF TOTAL":null,"2024":84,"2029":null},"Household Type: Married Family Without Children":{"Demographic":null,"2020":206,"% OF TOTAL":null,"2024":195,"2029":null},"Household Type: Other Family":{"Demographic":null,"2020":97,"% OF TOTAL":null,"2024":93,"2029":null},"Household Type: Male Households, No Wife":{"Demographic":null,"2020":37,"% OF TOTAL":null,"2024":36,"2029":null},"Household Type: Male Households, No Wife With Children":{"Demographic":null,"2020":16,"% OF TOTAL":null,"2024":16,"2029":null},"Household Type: Male Households, No Wife Without Children":{"Demographic":null,"2020":21,"% OF TOTAL":null,"2024":20,"2029":null},"Household Type: Female Households, No Husband":{"Demographic":null,"2020":60,"% OF TOTAL":null,"2024":57,"2029":null},"Household Type: Female Households, No Husband With Children":{"Demographic":null,"2020":23,"% OF TOTAL":null,"2024":22,"2029":null},"Household Type: Female Households, No Husband Without Children":{"Demographic":null,"2020":37,"% OF TOTAL":null,"2024":35,"2029":null},"Household Income: Average":{"Demographic":null,"2020":99996,"% OF TOTAL":null,"2024":107992,"2029":120418},"Household Income: Median":{"Demographic":null,"2020":0,"% OF TOTAL":null,"2024":93938,"2029":107671},"Household Income: Less than $25k":{"Demographic":null,"2020":24,"% OF TOTAL":1.7,"2024":15,"2029":9},"Household Income: $25k - $50k":{"Demographic":null,"2020":41,"% OF TOTAL":3.1,"2024":45,"2029":16},"Household Income: $50k - $75k":{"Demographic":null,"2020":85,"% OF TOTAL":8.7,"2024":53,"2029":45},"Household Income: $75k - $100k":{"Demographic":null,"2020":226,"% OF TOTAL":33.8,"2024":200,"2029":174},"Household Income: $100k - $125k":{"Demographic":null,"2020":36,"% OF TOTAL":8.5,"2024":36,"2029":44},"Household Income: $125k - $150k":{"Demographic":null,"2020":26,"% OF TOTAL":8.2,"2024":30,"2029":42},"Household Income: $150k - $200k":{"Demographic":null,"2020":119,"% OF TOTAL":35.9,"2024":150,"2029":185},"Household Income: Above $200k":{"Demographic":null,"2020":0,"% OF TOTAL":0.0,"2024":0,"2029":0},"Total Housing Units":{"Demographic":null,"2020":648,"% OF TOTAL":null,"2024":null,"2029":null},"Owner Occupied Housing Units":{"Demographic":null,"2020":473,"% OF TOTAL":null,"2024":449,"2029":null},"Renter Occupied Housing Units":{"Demographic":null,"2020":84,"% OF TOTAL":null,"2024":80,"2029":null},"Vacant Housing Units":{"Demographic":null,"2020":91,"% OF TOTAL":null,"2024":null,"2029":null},"Vacant Housing Units: Seasonal":{"Demographic":null,"2020":4,"% OF TOTAL":null,"2024":null,"2029":null},"Vacant Housing Units: Other Usage":{"Demographic":null,"2020":87,"% OF TOTAL":null,"2024":null,"2029":null},"Average Housing Unit Value":{"Demographic":null,"2020":216258,"% OF TOTAL":null,"2024":216592,"2029":null},"Median Housing Unit Value":{"Demographic":null,"2020":166964,"% OF TOTAL":null,"2024":168269,"2029":null},"Housing Unit Value Less Than $100k":{"Demographic":null,"2020":86,"% OF TOTAL":null,"2024":81,"2029":null},"Housing Unit Value $100k-$200k":{"Demographic":null,"2020":166,"% OF TOTAL":null,"2024":158,"2029":null},"Housing Unit Value $200k-$250k":{"Demographic":null,"2020":80,"% OF TOTAL":null,"2024":76,"2029":null},"Housing Unit Value $250k-$300k":{"Demographic":null,"2020":0,"% OF TOTAL":null,"2024":0,"2029":null},"Housing Unit Value $300k-$400k":{"Demographic":null,"2020":34,"% OF TOTAL":null,"2024":32,"2029":null},"Housing Unit Value $400k-$500k":{"Demographic":null,"2020":107,"% OF TOTAL":null,"2024":102,"2029":null},"Housing Unit Value $500k-$750k":{"Demographic":null,"2020":0,"% OF TOTAL":null,"2024":0,"2029":null},"Housing Unit Value $750k-$1m":{"Demographic":null,"2020":0,"% OF TOTAL":null,"2024":0,"2029":null},"Housing Unit Value $1m-$1.5m":{"Demographic":null,"2020":0,"% OF TOTAL":null,"2024":0,"2029":null},"Housing Unit Value $1.5m-$2m":{"Demographic":null,"2020":0,"% OF TOTAL":null,"2024":0,"2029":null},"Housing Unit Value Above $2m":{"Demographic":null,"2020":0,"% OF TOTAL":null,"2024":0,"2029":null},"Median Housing Unit Year Built":{"Demographic":null,"2020":1994,"% OF TOTAL":null,"2024":1994,"2029":null},"Housing Units Built 2014 Or After":{"Demographic":null,"2020":0,"% OF TOTAL":null,"2024":0,"2029":null},"Housing Units Built 2010-2013":{"Demographic":null,"2020":30,"% OF TOTAL":null,"2024":29,"2029":null},"Housing Units Built 2000-2009":{"Demographic":null,"2020":208,"% OF TOTAL":null,"2024":198,"2029":null},"Housing Units Built 1990-1999":{"Demographic":null,"2020":69,"% OF TOTAL":null,"2024":65,"2029":null},"Housing Units Built 1980-1989":{"Demographic":null,"2020":66,"% OF TOTAL":null,"2024":63,"2029":null},"Housing Units Built 1970-1979":{"Demographic":null,"2020":42,"% OF TOTAL":null,"2024":40,"2029":null},"Housing Units Built 1960-1969":{"Demographic":null,"2020":57,"% OF TOTAL":null,"2024":54,"2029":null},"Housing Units Built 1950-1959":{"Demographic":null,"2020":71,"% OF TOTAL":null,"2024":67,"2029":null},"Housing Units Built 1940-1949":{"Demographic":null,"2020":0,"% OF TOTAL":null,"2024":0,"2029":null},"Housing Units Built Before 1940":{"Demographic":null,"2020":14,"% OF TOTAL":null,"2024":13,"2029":null}}},"geometry":{"type":"Polygon","coordinates":[[[-87.33465063816793,30.69733502111913],[-87.31363483105372,30.70494331509264],[-87.30553913838654,30.70494331509264],[-87.30553913838654,30.67602988191158],[-87.339129692389,30.67602988191158],[-87.339129692389,30.697515464888077],[-87.33465063816793,30.69733502111913]]]}},{"type":"Feature","properties":{"block":"006","block_num":6,"submarket":"Cantonment","CentroidLon":-87.38967660860476,"CentroidLat":30.687790843265656,"data_status":"no data","is_anomalous":false,"anomaly_reason":null,"files_present":""},"geometry":{"type":"Polygon","coordinates":[[[-87.37272024639145,30.698868698375787],[-87.37272024639145,30.67602988191158],[-87.40631080039391,30.67602988191158],[-87.40631080039391,30.700221931863492],[-87.37272024639145,30.698868698375787]]]}},{"type":"Feature","properties":{"block":"007","block_num":7,"submarket":"Cantonment","CentroidLon":-87.35609589053495,"CentroidLat":30.687114424647643,"data_status":"no data","is_anomalous":false,"anomaly_reason":null,"files_present":""},"geometry":{"type":"Polygon","coordinates":[[[-87.339129692389,30.697515464888077],[-87.339129692389,30.67602988191158],[-87.37272024639145,30.67602988191158],[-87.37272024639145,30.698868698375787],[-87.339129692389,30.697515464888077]]]}},{"type":"Feature","properties":{"block":"008","block_num":8,"submarket":"Cantonment","CentroidLon":-87.27018672694591,"CentroidLat":30.685916913455884,"data_status":"no data","is_anomalous":false,"anomaly_reason":null,"files_present":""},"geometry":{"type":"Polygon","coordinates":[[[-87.27036677181427,30.702895186673643],[-87.27041960877263,30.690708542333013],[-87.26666629508283,30.67884295171008],[-87.2662909455166,30.67602988191158],[-87.27194858438408,30.67602988191158],[-87.27194858438408,30.703675016593735],[-87.27069888526178,30.703297670724567],[-87.27036677181427,30.702895186673643]]]}},{"type":"Feature","properties":{"block":"009","block_num":9,"submarket":"Cantonment","CentroidLon":-87.38951552339269,"CentroidLat":30.66157316532106,"data_status":"usable","is_anomalous":false,"anomaly_reason":null,"files_present":"ConsumerSegmentation-26.08.10.csv;DemographicSnapshot-26.08.10.csv;HouseholdIncomeByAge-26.08.10.csv;HouseholdTrends-26.08.10.csv;PopulationTrends-26.08.10.csv","population_2024":1642,"population_2029":1729,"households_2024":646,"households_2029":691,"median_household_income_2024":113787,"median_household_income_2029":131076,"mean_household_income_2024":null,"mean_household_income_2029":null,"median_age_2024":46,"median_age_2029":47,"median_home_value_2024":244375,"average_household_size_2024":2.5,"average_household_size_2029":2.5,"population_growth_2024_2029":6.3,"households_growth_2024_2029":7.8,"consumer_segments":{"Simple Life Moderate Income With Children":{"households":69,"pct":20.8},"Active Adult Elite":{"households":67,"pct":20.2},"Simple Life Moderate Income No Children":{"households":63,"pct":19.0},"Renters":{"households":46,"pct":13.9},"Simple Life Affluent No Children":{"households":39,"pct":11.8},"Family Life Young Children":{"households":27,"pct":8.2},"Active Adult Feature and Location":{"households":9,"pct":2.7},"Active Adult Entry Level":{"households":6,"pct":1.8},"Renters Near Term Buyers":{"households":5,"pct":1.5},"Elite":{"households":0,"pct":0.0},"Family Life School Age Children":{"households":0,"pct":0.0},"Feature and Location":{"households":0,"pct":0.0},"Entry Level Urban":{"households":0,"pct":0.0},"Entry Level Suburban":{"households":0,"pct":0.0}},"income_age":{"2020":{},"2024":{},"2029":{}},"population_trends":{"Total Population":{"Demographic":null,"2020":1544,"% OF TOTAL":null,"2024":1642,"2029":1729},"Population Growth":{"Demographic":null,"2020":null,"% OF TOTAL":null,"2024":6.3,"2029":5.3},"Female Population":{"Demographic":null,"2020":773,"% OF TOTAL":50.2,"2024":824,"2029":868},"Male Population":{"Demographic":null,"2020":771,"% OF TOTAL":49.8,"2024":818,"2029":861},"Total population: Median Age":{"Demographic":null,"2020":47,"% OF TOTAL":null,"2024":46,"2029":47},"Total population: Under 5 years":{"Demographic":null,"2020":74,"% OF TOTAL":4.5,"2024":76,"2029":78},"Total population: 5 - 9 years":{"Demographic":null,"2020":77,"% OF TOTAL":4.6,"2024":82,"2029":79},"Total population: 10 - 14 years":{"Demographic":null,"2020":106,"% OF TOTAL":6.0,"2024":110,"2029":103},"Total population: 15 - 19 years":{"Demographic":null,"2020":80,"% OF TOTAL":5.7,"2024":88,"2029":98},"Total population: 20 - 24 years":{"Demographic":null,"2020":64,"% OF TOTAL":4.7,"2024":68,"2029":82},"Total population: 25 - 29 years":{"Demographic":null,"2020":85,"% OF TOTAL":4.8,"2024":86,"2029":83},"Total population: 30 - 34 years":{"Demographic":null,"2020":78,"% OF TOTAL":5.0,"2024":85,"2029":86},"Total population: 35 - 39 years":{"Demographic":null,"2020":82,"% OF TOTAL":5.4,"2024":92,"2029":93},"Total population: 40 - 44 years":{"Demographic":null,"2020":87,"% OF TOTAL":6.1,"2024":103,"2029":105},"Total population: 45 - 49 years":{"Demographic":null,"2020":88,"% OF TOTAL":5.7,"2024":86,"2029":99},"Total population: 50 - 54 years":{"Demographic":null,"2020":128,"% OF TOTAL":7.5,"2024":138,"2029":130},"Total population: 55 - 59 years":{"Demographic":null,"2020":148,"% OF TOTAL":8.0,"2024":138,"2029":138},"Total population: 60 - 64 years":{"Demographic":null,"2020":120,"% OF TOTAL":7.5,"2024":128,"2029":130},"Total population: 65 - 69 years":{"Demographic":null,"2020":111,"% OF TOTAL":7.3,"2024":121,"2029":127},"Total population: 70 - 74 years":{"Demographic":null,"2020":78,"% OF TOTAL":5.8,"2024":81,"2029":100},"Total population: 75 - 79 years":{"Demographic":null,"2020":77,"% OF TOTAL":5.7,"2024":94,"2029":99},"Total population: 80 - 84 years":{"Demographic":null,"2020":35,"% OF TOTAL":3.6,"2024":39,"2029":63},"Total population: 85 years and over":{"Demographic":null,"2020":26,"% OF TOTAL":2.1,"2024":27,"2029":36},"Female population: Median Age":{"Demographic":null,"2020":46,"% OF TOTAL":null,"2024":46,"2029":47},"Female population: Under 5 years":{"Demographic":null,"2020":35,"% OF TOTAL":4.3,"2024":36,"2029":37},"Female population: 5 - 9 years":{"Demographic":null,"2020":39,"% OF TOTAL":4.4,"2024":40,"2029":38},"Female population: 10 - 14 years":{"Demographic":null,"2020":53,"% OF TOTAL":5.9,"2024":56,"2029":51},"Female population: 15 - 19 years":{"Demographic":null,"2020":33,"% OF TOTAL":5.1,"2024":37,"2029":44},"Female population: 20 - 24 years":{"Demographic":null,"2020":38,"% OF TOTAL":5.0,"2024":40,"2029":43},"Female population: 25 - 29 years":{"Demographic":null,"2020":46,"% OF TOTAL":5.4,"2024":47,"2029":47},"Female population: 30 - 34 years":{"Demographic":null,"2020":44,"% OF TOTAL":5.5,"2024":48,"2029":48},"Female population: 35 - 39 years":{"Demographic":null,"2020":40,"% OF TOTAL":5.5,"2024":45,"2029":48},"Female population: 40 - 44 years":{"Demographic":null,"2020":44,"% OF TOTAL":6.0,"2024":51,"2029":52},"Female population: 45 - 49 years":{"Demographic":null,"2020":38,"% OF TOTAL":5.3,"2024":38,"2029":46},"Female population: 50 - 54 years":{"Demographic":null,"2020":68,"% OF TOTAL":7.7,"2024":73,"2029":67},"Female population: 55 - 59 years":{"Demographic":null,"2020":72,"% OF TOTAL":8.1,"2024":68,"2029":70},"Female population: 60 - 64 years":{"Demographic":null,"2020":61,"% OF TOTAL":7.5,"2024":66,"2029":65},"Female population: 65 - 69 years":{"Demographic":null,"2020":57,"% OF TOTAL":7.5,"2024":62,"2029":65},"Female population: 70 - 74 years":{"Demographic":null,"2020":37,"% OF TOTAL":5.6,"2024":39,"2029":49},"Female population: 75 - 79 years":{"Demographic":null,"2020":40,"% OF TOTAL":5.8,"2024":48,"2029":50},"Female population: 80 - 84 years":{"Demographic":null,"2020":17,"% OF TOTAL":3.7,"2024":19,"2029":32},"Female population: 85 years and over":{"Demographic":null,"2020":11,"% OF TOTAL":1.8,"2024":11,"2029":16},"Male population: Median Age":{"Demographic":null,"2020":47,"% OF TOTAL":null,"2024":47,"2029":48},"Male population: Under 5 years":{"Demographic":null,"2020":39,"% OF TOTAL":4.8,"2024":40,"2029":41},"Male population: 5 - 9 years":{"Demographic":null,"2020":38,"% OF TOTAL":4.8,"2024":42,"2029":41},"Male population: 10 - 14 years":{"Demographic":null,"2020":53,"% OF TOTAL":6.0,"2024":54,"2029":52},"Male population: 15 - 19 years":{"Demographic":null,"2020":47,"% OF TOTAL":6.3,"2024":51,"2029":54},"Male population: 20 - 24 years":{"Demographic":null,"2020":26,"% OF TOTAL":4.5,"2024":28,"2029":39},"Male population: 25 - 29 years":{"Demographic":null,"2020":39,"% OF TOTAL":4.2,"2024":39,"2029":36},"Male population: 30 - 34 years":{"Demographic":null,"2020":34,"% OF TOTAL":4.4,"2024":37,"2029":38},"Male population: 35 - 39 years":{"Demographic":null,"2020":42,"% OF TOTAL":5.2,"2024":47,"2029":45},"Male population: 40 - 44 years":{"Demographic":null,"2020":43,"% OF TOTAL":6.2,"2024":52,"2029":53},"Male population: 45 - 49 years":{"Demographic":null,"2020":50,"% OF TOTAL":6.2,"2024":48,"2029":53},"Male population: 50 - 54 years":{"Demographic":null,"2020":60,"% OF TOTAL":7.3,"2024":65,"2029":63},"Male population: 55 - 59 years":{"Demographic":null,"2020":76,"% OF TOTAL":7.9,"2024":70,"2029":68},"Male population: 60 - 64 years":{"Demographic":null,"2020":59,"% OF TOTAL":7.5,"2024":62,"2029":65},"Male population: 65 - 69 years":{"Demographic":null,"2020":54,"% OF TOTAL":7.2,"2024":59,"2029":62},"Male population: 70 - 74 years":{"Demographic":null,"2020":41,"% OF TOTAL":5.9,"2024":42,"2029":51},"Male population: 75 - 79 years":{"Demographic":null,"2020":37,"% OF TOTAL":5.7,"2024":46,"2029":49},"Male population: 80 - 84 years":{"Demographic":null,"2020":18,"% OF TOTAL":3.6,"2024":20,"2029":31},"Male population: 85 years and over":{"Demographic":null,"2020":15,"% OF TOTAL":2.3,"2024":16,"2029":20},"White alone":{"Demographic":null,"2020":1409,"% OF TOTAL":90.9,"2024":1492,"2029":1572},"Black alone":{"Demographic":null,"2020":33,"% OF TOTAL":2.1,"2024":34,"2029":36},"American Indian and Alaska Native alone":{"Demographic":null,"2020":15,"% OF TOTAL":1.0,"2024":16,"2029":17},"Asian alone":{"Demographic":null,"2020":8,"% OF TOTAL":0.6,"2024":10,"2029":10},"Native Hawaiian and OPI alone":{"Demographic":null,"2020":0,"% OF TOTAL":0.0,"2024":0,"2029":0},"Some other race alone":{"Demographic":null,"2020":8,"% OF TOTAL":0.5,"2024":8,"2029":8},"Two or more races alone":{"Demographic":null,"2020":71,"% OF TOTAL":5.0,"2024":82,"2029":86},"Not Hispanic: White alone":{"Demographic":null,"2020":1384,"% OF TOTAL":89.1,"2024":1463,"2029":1541},"Not Hispanic: Black or African American alone":{"Demographic":null,"2020":33,"% OF TOTAL":2.1,"2024":34,"2029":36},"Not Hispanic: American Indian and Alaska Native alone":{"Demographic":null,"2020":15,"% OF TOTAL":1.0,"2024":16,"2029":17},"Not Hispanic: Asian alone":{"Demographic":null,"2020":5,"% OF TOTAL":0.3,"2024":6,"2029":6},"Not Hispanic: Native Hawaiian and OPI alone":{"Demographic":null,"2020":0,"% OF TOTAL":0.0,"2024":0,"2029":0},"Not Hispanic: Some Other Race alone":{"Demographic":null,"2020":3,"% OF TOTAL":0.2,"2024":3,"2029":3},"Not Hispanic: Two or More Races":{"Demographic":null,"2020":66,"% OF TOTAL":4.6,"2024":76,"2029":80},"Hispanic: White alone":{"Demographic":null,"2020":25,"% OF TOTAL":1.8,"2024":29,"2029":31},"Hispanic: Black or African American alone":{"Demographic":null,"2020":0,"% OF TOTAL":0.0,"2024":0,"2029":0},"Hispanic: American Indian and Alaska Native alone":{"Demographic":null,"2020":0,"% OF TOTAL":0.0,"2024":0,"2029":0},"Hispanic: Asian alone":{"Demographic":null,"2020":3,"% OF TOTAL":0.2,"2024":4,"2029":4},"Hispanic: Native Hawaiian and OPI alone":{"Demographic":null,"2020":0,"% OF TOTAL":0.0,"2024":0,"2029":0},"Hispanic: Some Other Race alone":{"Demographic":null,"2020":5,"% OF TOTAL":0.3,"2024":5,"2029":5},"Hispanic: Two or More Races":{"Demographic":null,"2020":5,"% OF TOTAL":0.3,"2024":6,"2029":6},"Educational Attainment: No High School Diploma":{"Demographic":null,"2020":33,"% OF TOTAL":null,"2024":35,"2029":null},"Educational Attainment: High School Diploma":{"Demographic":null,"2020":438,"% OF TOTAL":null,"2024":467,"2029":null},"Educational Attainment: Some College":{"Demographic":null,"2020":257,"% OF TOTAL":null,"2024":274,"2029":null},"Educational Attainment: Associates Degree":{"Demographic":null,"2020":80,"% OF TOTAL":null,"2024":85,"2029":null},"Educational Attainment: Bachelors Degree":{"Demographic":null,"2020":139,"% OF TOTAL":null,"2024":148,"2029":null},"Educational Attainment: Advanced Degree":{"Demographic":null,"2020":196,"% OF TOTAL":null,"2024":209,"2029":null},"Employment Status: Armed Forces":{"Demographic":null,"2020":7,"% OF TOTAL":null,"2024":9,"2029":null},"Employment Status: Civilian labor force employed":{"Demographic":null,"2020":610,"% OF TOTAL":null,"2024":657,"2029":null},"Employment Status: Civilian labor force unemployed":{"Demographic":null,"2020":8,"% OF TOTAL":null,"2024":8,"2029":null},"Employment Status: Not in labor force":{"Demographic":null,"2020":644,"% OF TOTAL":null,"2024":693,"2029":null},"Employed in Agriculture and Mining Industries":{"Demographic":null,"2020":51,"% OF TOTAL":null,"2024":55,"2029":null},"Employed in Construction Industries":{"Demographic":null,"2020":59,"% OF TOTAL":null,"2024":63,"2029":null},"Employed in Manufacturing Industries":{"Demographic":null,"2020":47,"% OF TOTAL":null,"2024":51,"2029":null},"Employed in Wholesale Industries":{"Demographic":null,"2020":14,"% OF TOTAL":null,"2024":15,"2029":null},"Employed in Retail Industries":{"Demographic":null,"2020":80,"% OF TOTAL":null,"2024":86,"2029":null},"Employed in Transportation and Utilities Industries":{"Demographic":null,"2020":10,"% OF TOTAL":null,"2024":11,"2029":null},"Employed in Information Industries":{"Demographic":null,"2020":6,"% OF TOTAL":null,"2024":6,"2029":null},"Employed in Real-Estate Industries":{"Demographic":null,"2020":89,"% OF TOTAL":null,"2024":96,"2029":null},"Employed in Professional Industries":{"Demographic":null,"2020":34,"% OF TOTAL":null,"2024":37,"2029":null},"Employed in Health and Education Industries":{"Demographic":null,"2020":90,"% OF TOTAL":null,"2024":97,"2029":null},"Employed in Art Industries":{"Demographic":null,"2020":17,"% OF TOTAL":null,"2024":18,"2029":null},"Employed in Other Industries":{"Demographic":null,"2020":62,"% OF TOTAL":null,"2024":67,"2029":null},"Employed in Public Administration Industries":{"Demographic":null,"2020":51,"% OF TOTAL":null,"2024":55,"2029":null},"Occupation: Management":{"Demographic":null,"2020":123,"% OF TOTAL":null,"2024":132,"2029":null},"Occupation: Business and financial operations":{"Demographic":null,"2020":0,"% OF TOTAL":null,"2024":0,"2029":null},"Occupation: Computer and mathematical":{"Demographic":null,"2020":7,"% OF TOTAL":null,"2024":8,"2029":null},"Occupation: Architecture and engineering":{"Demographic":null,"2020":0,"% OF TOTAL":null,"2024":0,"2029":null},"Occupation: Life, physical, and social science":{"Demographic":null,"2020":0,"% OF TOTAL":null,"2024":0,"2029":null},"Occupation: Community and social service":{"Demographic":null,"2020":0,"% OF TOTAL":null,"2024":0,"2029":null},"Occupation: Legal":{"Demographic":null,"2020":15,"% OF TOTAL":null,"2024":16,"2029":null},"Occupation: Education, training, and library":{"Demographic":null,"2020":6,"% OF TOTAL":null,"2024":6,"2029":null},"Occupation: Arts, design, entertainment, sports, and media":{"Demographic":null,"2020":0,"% OF TOTAL":null,"2024":0,"2029":null},"Occupation: Health diagnosing and treating practitioners":{"Demographic":null,"2020":7,"% OF TOTAL":null,"2024":7,"2029":null},"Occupation: Health technologists and technicians":{"Demographic":null,"2020":17,"% OF TOTAL":null,"2024":18,"2029":null},"Occupation: Healthcare support":{"Demographic":null,"2020":0,"% OF TOTAL":null,"2024":0,"2029":null},"Occupation: Fire fighting and prevention":{"Demographic":null,"2020":0,"% OF TOTAL":null,"2024":0,"2029":null},"Occupation: Law enforcement workers":{"Demographic":null,"2020":20,"% OF TOTAL":null,"2024":22,"2029":null},"Occupation: Food preparation and serving related":{"Demographic":null,"2020":24,"% OF TOTAL":null,"2024":26,"2029":null},"Occupation: Building and grounds cleaning and maintenance":{"Demographic":null,"2020":7,"% OF TOTAL":null,"2024":8,"2029":null},"Occupation: Personal care and service":{"Demographic":null,"2020":8,"% OF TOTAL":null,"2024":9,"2029":null},"Occupation: Sales and related":{"Demographic":null,"2020":73,"% OF TOTAL":null,"2024":79,"2029":null},"Occupation: Office and administrative support":{"Demographic":null,"2020":98,"% OF TOTAL":null,"2024":106,"2029":null},"Occupation: Farming, fishing, and forestry":{"Demographic":null,"2020":0,"% OF TOTAL":null,"2024":0,"2029":null},"Occupation: Construction and extraction":{"Demographic":null,"2020":84,"% OF TOTAL":null,"2024":90,"2029":null},"Occupation: Installation, maintenance, and repair":{"Demographic":null,"2020":43,"% OF TOTAL":null,"2024":46,"2029":null},"Occupation: Production":{"Demographic":null,"2020":49,"% OF TOTAL":null,"2024":53,"2029":null},"Occupation: Transportation":{"Demographic":null,"2020":15,"% OF TOTAL":null,"2024":16,"2029":null},"Occupation: Material moving":{"Demographic":null,"2020":14,"% OF TOTAL":null,"2024":15,"2029":null},"White collar":{"Demographic":null,"2020":346,"% OF TOTAL":null,"2024":372,"2029":null},"Blue collar":{"Demographic":null,"2020":264,"% OF TOTAL":null,"2024":285,"2029":null},"Means of transportation: Car, truck or van":{"Demographic":null,"2020":494,"% OF TOTAL":null,"2024":532,"2029":null},"Means of transportation: Public transportation":{"Demographic":null,"2020":0,"% OF TOTAL":null,"2024":0,"2029":null},"Means of transportation: Other":{"Demographic":null,"2020":68,"% OF TOTAL":null,"2024":73,"2029":null},"Travel time: Average (in minutes)":{"Demographic":null,"2020":40,"% OF TOTAL":null,"2024":40,"2029":null},"Travel time to work: Less than 30 minutes":{"Demographic":null,"2020":228,"% OF TOTAL":null,"2024":246,"2029":null},"Travel time to work: 30 to 60 minutes":{"Demographic":null,"2020":244,"% OF TOTAL":null,"2024":262,"2029":null},"Travel time to work: 60 or more minutes":{"Demographic":null,"2020":90,"% OF TOTAL":null,"2024":97,"2029":null}},"demographic_snapshot":{"Total Population":{"Demographic":null,"2020":1544,"% OF TOTAL":null,"2024":1642,"2029":1729},"Households":{"Demographic":null,"2020":599,"% OF TOTAL":null,"2024":646,"2029":691},"Population in Group Quarters":{"Demographic":null,"2020":0,"% OF TOTAL":null,"2024":0,"2029":0},"Households Growth":{"Demographic":null,"2020":null,"% OF TOTAL":null,"2024":7.8,"2029":7.0},"Household Income: Median":{"Demographic":null,"2020":0,"% OF TOTAL":null,"2024":113787,"2029":131076},"Home Value: Median":{"Demographic":null,"2020":243919,"% OF TOTAL":null,"2024":244375,"2029":null},"Population Growth":{"Demographic":null,"2020":null,"% OF TOTAL":null,"2024":6.3,"2029":5.3},"Total Population: Under 19 years":{"Demographic":null,"2020":337,"% OF TOTAL":20.7,"2024":356,"2029":358},"Total Population: 20 - 64 years":{"Demographic":null,"2020":880,"% OF TOTAL":54.7,"2024":924,"2029":946},"Total Population: 65 years and over":{"Demographic":null,"2020":327,"% OF TOTAL":24.6,"2024":362,"2029":425},"Total population: Median age":{"Demographic":null,"2020":47,"% OF TOTAL":null,"2024":46,"2029":47},"Total population: Under 5 years":{"Demographic":null,"2020":74,"% OF TOTAL":4.5,"2024":76,"2029":78},"Total population: 5 - 9 years":{"Demographic":null,"2020":77,"% OF TOTAL":4.6,"2024":82,"2029":79},"Total population: 10 - 14 years":{"Demographic":null,"2020":106,"% OF TOTAL":6.0,"2024":110,"2029":103},"Total population: 15 - 19 years":{"Demographic":null,"2020":80,"% OF TOTAL":5.7,"2024":88,"2029":98},"Total population: 20 - 24 years":{"Demographic":null,"2020":64,"% OF TOTAL":4.7,"2024":68,"2029":82},"Total population: 25 - 29 years":{"Demographic":null,"2020":85,"% OF TOTAL":4.8,"2024":86,"2029":83},"Total population: 30 - 34 years":{"Demographic":null,"2020":78,"% OF TOTAL":5.0,"2024":85,"2029":86},"Total population: 35 - 39 years":{"Demographic":null,"2020":82,"% OF TOTAL":5.4,"2024":92,"2029":93},"Total population: 40 - 44 years":{"Demographic":null,"2020":87,"% OF TOTAL":6.1,"2024":103,"2029":105},"Total population: 45 - 49 years":{"Demographic":null,"2020":88,"% OF TOTAL":5.7,"2024":86,"2029":99},"Total population: 50 - 54 years":{"Demographic":null,"2020":128,"% OF TOTAL":7.5,"2024":138,"2029":130},"Total population: 55 - 59 years":{"Demographic":null,"2020":148,"% OF TOTAL":8.0,"2024":138,"2029":138},"Total population: 60 - 64 years":{"Demographic":null,"2020":120,"% OF TOTAL":7.5,"2024":128,"2029":130},"Total population: 65 - 69 years":{"Demographic":null,"2020":111,"% OF TOTAL":7.3,"2024":121,"2029":127},"Total population: 70 - 74 years":{"Demographic":null,"2020":78,"% OF TOTAL":5.8,"2024":81,"2029":100},"Total population: 75 - 79 years":{"Demographic":null,"2020":77,"% OF TOTAL":5.7,"2024":94,"2029":99},"Total population: 80 - 84 years":{"Demographic":null,"2020":35,"% OF TOTAL":3.6,"2024":39,"2029":63},"Total population: 85 years and over":{"Demographic":null,"2020":26,"% OF TOTAL":2.1,"2024":27,"2029":36},"Householders Age 15-24":{"Demographic":null,"2020":13,"% OF TOTAL":2.2,"2024":13,"2029":15},"Householders Age 25-34":{"Demographic":null,"2020":62,"% OF TOTAL":9.7,"2024":67,"2029":67},"Householders Age 35-44":{"Demographic":null,"2020":78,"% OF TOTAL":12.3,"2024":84,"2029":85},"Householders Age 45-54":{"Demographic":null,"2020":122,"% OF TOTAL":19.5,"2024":132,"2029":135},"Householders Age 55-64":{"Demographic":null,"2020":117,"% OF TOTAL":18.4,"2024":126,"2029":127},"Householders Age 65-74":{"Demographic":null,"2020":125,"% OF TOTAL":22.0,"2024":135,"2029":152},"Householders Age 75+":{"Demographic":null,"2020":82,"% OF TOTAL":15.9,"2024":89,"2029":110},"Household income: Average":{"Demographic":null,"2020":113915,"% OF TOTAL":null,"2024":126014,"2029":145036},"Household income: Less than 25k":{"Demographic":null,"2020":39,"% OF TOTAL":2.6,"2024":36,"2029":18},"Household income: 25k - 50k":{"Demographic":null,"2020":53,"% OF TOTAL":4.8,"2024":53,"2029":33},"Household income: 50k - 75k":{"Demographic":null,"2020":85,"% OF TOTAL":8.5,"2024":73,"2029":59},"Household income: 75k - 100k":{"Demographic":null,"2020":97,"% OF TOTAL":10.6,"2024":86,"2029":73},"Household income: 100k - 125k":{"Demographic":null,"2020":129,"% OF TOTAL":21.0,"2024":136,"2029":145},"Household income: 125k - 150k":{"Demographic":null,"2020":68,"% OF TOTAL":10.4,"2024":61,"2029":72},"Household income: 150k - 200k":{"Demographic":null,"2020":95,"% OF TOTAL":32.7,"2024":156,"2029":226},"Household income: Above 200k":{"Demographic":null,"2020":33,"% OF TOTAL":9.4,"2024":45,"2029":65},"White Alone":{"Demographic":null,"2020":1409,"% OF TOTAL":90.9,"2024":1492,"2029":1572},"Black or African American Alone":{"Demographic":null,"2020":33,"% OF TOTAL":2.1,"2024":34,"2029":36},"American Indian and Alaska Native Alone":{"Demographic":null,"2020":15,"% OF TOTAL":1.0,"2024":16,"2029":17},"Asian Alone":{"Demographic":null,"2020":8,"% OF TOTAL":0.6,"2024":10,"2029":10},"Native Hawaiian and OPI Alone":{"Demographic":null,"2020":0,"% OF TOTAL":0.0,"2024":0,"2029":0},"Some Other Race Alone":{"Demographic":null,"2020":8,"% OF TOTAL":0.5,"2024":8,"2029":8},"Two or More Races Alone":{"Demographic":null,"2020":71,"% OF TOTAL":5.0,"2024":82,"2029":86},"Not Hispanic or Latino":{"Demographic":null,"2020":1506,"% OF TOTAL":97.3,"2024":1598,"2029":1683},"Hispanic or Latino":{"Demographic":null,"2020":38,"% OF TOTAL":2.7,"2024":44,"2029":46},"Total Housing Units":{"Demographic":null,"2020":639,"% OF TOTAL":null,"2024":null,"2029":null},"Owner Occupied Housing Units":{"Demographic":null,"2020":504,"% OF TOTAL":null,"2024":544,"2029":null},"Renter Occupied Housing Units":{"Demographic":null,"2020":95,"% OF TOTAL":null,"2024":102,"2029":null},"Housing Units Value Less Than 100k":{"Demographic":null,"2020":58,"% OF TOTAL":null,"2024":62,"2029":null},"Housing Units Value 100k - 200k":{"Demographic":null,"2020":129,"% OF TOTAL":null,"2024":139,"2029":null},"Housing Units Value 200k - 250k":{"Demographic":null,"2020":74,"% OF TOTAL":null,"2024":80,"2029":null},"Housing Units Value 250k - 300k":{"Demographic":null,"2020":11,"% OF TOTAL":null,"2024":12,"2029":null},"Housing Units Value 300k - 400k":{"Demographic":null,"2020":96,"% OF TOTAL":null,"2024":104,"2029":null},"Housing Units Value 400k - 500k":{"Demographic":null,"2020":122,"% OF TOTAL":null,"2024":132,"2029":null},"Housing Units Value 500k - 750k":{"Demographic":null,"2020":14,"% OF TOTAL":null,"2024":15,"2029":null},"Housing Units Value 750k - 1m":{"Demographic":null,"2020":0,"% OF TOTAL":null,"2024":0,"2029":null},"Housing Units Value 1m - 1.5m":{"Demographic":null,"2020":0,"% OF TOTAL":null,"2024":0,"2029":null},"Housing Units Value 1.5m - 2m":{"Demographic":null,"2020":0,"% OF TOTAL":null,"2024":0,"2029":null},"Housing Units Value >2m":{"Demographic":null,"2020":0,"% OF TOTAL":null,"2024":0,"2029":null},"Take Car or Truck to Work":{"Demographic":null,"2020":494,"% OF TOTAL":null,"2024":532,"2029":null},"Take Public Transportation to Work":{"Demographic":null,"2020":0,"% OF TOTAL":null,"2024":0,"2029":null},"Take Other Means of Transportation to Work":{"Demographic":null,"2020":68,"% OF TOTAL":null,"2024":73,"2029":null},"Average Travel Time (min)":{"Demographic":null,"2020":40,"% OF TOTAL":null,"2024":40,"2029":null},"Travel Below 30 Min to Work":{"Demographic":null,"2020":228,"% OF TOTAL":null,"2024":246,"2029":null},"Travel 30-60 Min to Work":{"Demographic":null,"2020":244,"% OF TOTAL":null,"2024":262,"2029":null},"Travel Above 60 Min to Work":{"Demographic":null,"2020":130,"% OF TOTAL":null,"2024":97,"2029":null},"Educational Attainment: No High School Diploma":{"Demographic":null,"2020":471,"% OF TOTAL":null,"2024":502,"2029":null},"Educational Attainment: High School Diploma":{"Demographic":null,"2020":438,"% OF TOTAL":null,"2024":467,"2029":null},"Educational Attainment: Some College":{"Demographic":null,"2020":476,"% OF TOTAL":null,"2024":507,"2029":null},"Educational Attainment: Associate's Degree":{"Demographic":null,"2020":80,"% OF TOTAL":null,"2024":85,"2029":null},"Educational Attainment: Bachelors Degree":{"Demographic":null,"2020":139,"% OF TOTAL":null,"2024":148,"2029":null},"Educational Attainment: Advanced Degree":{"Demographic":null,"2020":196,"% OF TOTAL":null,"2024":209,"2029":null},"Households: Number of vehicles available - Average":{"Demographic":null,"2020":2,"% OF TOTAL":null,"2024":2,"2029":null},"Households: No Vehicle available":{"Demographic":null,"2020":0,"% OF TOTAL":null,"2024":0,"2029":null},"Households: 1 Vehicle available":{"Demographic":null,"2020":130,"% OF TOTAL":null,"2024":140,"2029":null},"Households: 2 Vehicles available":{"Demographic":null,"2020":170,"% OF TOTAL":null,"2024":183,"2029":null},"Households: 3 Vehicles available":{"Demographic":null,"2020":227,"% OF TOTAL":null,"2024":245,"2029":null},"Households: 4 or more Vehicles available":{"Demographic":null,"2020":72,"% OF TOTAL":null,"2024":78,"2029":null}},"household_trends":{"Households":{"Demographic":null,"2020":599,"% OF TOTAL":null,"2024":646,"2029":691},"Households Growth":{"Demographic":null,"2020":null,"% OF TOTAL":null,"2024":7.8,"2029":7.0},"Householder Age 15-24":{"Demographic":null,"2020":13,"% OF TOTAL":2.2,"2024":13,"2029":15},"Householder Age 25-34":{"Demographic":null,"2020":62,"% OF TOTAL":9.7,"2024":67,"2029":67},"Householder Age 35-44":{"Demographic":null,"2020":78,"% OF TOTAL":12.3,"2024":84,"2029":85},"Householder Age 45-54":{"Demographic":null,"2020":122,"% OF TOTAL":19.5,"2024":132,"2029":135},"Householder Age 55-64":{"Demographic":null,"2020":117,"% OF TOTAL":18.4,"2024":126,"2029":127},"Householder Age 65-74":{"Demographic":null,"2020":125,"% OF TOTAL":22.0,"2024":135,"2029":152},"Householder Age 75+":{"Demographic":null,"2020":82,"% OF TOTAL":15.9,"2024":89,"2029":110},"Average Household Size":{"Demographic":null,"2020":2.6,"% OF TOTAL":null,"2024":2.5,"2029":2.5},"1 Person Households":{"Demographic":null,"2020":126,"% OF TOTAL":22.6,"2024":142,"2029":156},"2 Person Households":{"Demographic":null,"2020":221,"% OF TOTAL":38.9,"2024":248,"2029":269},"3 Person Households":{"Demographic":null,"2020":101,"% OF TOTAL":17.8,"2024":113,"2029":123},"4 Person Households":{"Demographic":null,"2020":91,"% OF TOTAL":12.7,"2024":87,"2029":88},"5 Person Households":{"Demographic":null,"2020":35,"% OF TOTAL":4.5,"2024":32,"2029":31},"6 Person Households":{"Demographic":null,"2020":16,"% OF TOTAL":2.2,"2024":15,"2029":15},"7+ Person Households":{"Demographic":null,"2020":9,"% OF TOTAL":1.3,"2024":9,"2029":9},"Household Type: Family":{"Demographic":null,"2020":447,"% OF TOTAL":null,"2024":482,"2029":null},"Household Type: Married Family":{"Demographic":null,"2020":334,"% OF TOTAL":null,"2024":360,"2029":null},"Household Type: Married Family With Children":{"Demographic":null,"2020":102,"% OF TOTAL":null,"2024":110,"2029":null},"Household Type: Married Family Without Children":{"Demographic":null,"2020":232,"% OF TOTAL":null,"2024":250,"2029":null},"Household Type: Other Family":{"Demographic":null,"2020":113,"% OF TOTAL":null,"2024":122,"2029":null},"Household Type: Male Households, No Wife":{"Demographic":null,"2020":41,"% OF TOTAL":null,"2024":44,"2029":null},"Household Type: Male Households, No Wife With Children":{"Demographic":null,"2020":22,"% OF TOTAL":null,"2024":23,"2029":null},"Household Type: Male Households, No Wife Without Children":{"Demographic":null,"2020":19,"% OF TOTAL":null,"2024":21,"2029":null},"Household Type: Female Households, No Husband":{"Demographic":null,"2020":72,"% OF TOTAL":null,"2024":78,"2029":null},"Household Type: Female Households, No Husband With Children":{"Demographic":null,"2020":33,"% OF TOTAL":null,"2024":36,"2029":null},"Household Type: Female Households, No Husband Without Children":{"Demographic":null,"2020":39,"% OF TOTAL":null,"2024":42,"2029":null},"Household Income: Average":{"Demographic":null,"2020":113915,"% OF TOTAL":null,"2024":126014,"2029":145036},"Household Income: Median":{"Demographic":null,"2020":0,"% OF TOTAL":null,"2024":113787,"2029":131076},"Household Income: Less than $25k":{"Demographic":null,"2020":39,"% OF TOTAL":2.6,"2024":36,"2029":18},"Household Income: $25k - $50k":{"Demographic":null,"2020":53,"% OF TOTAL":4.8,"2024":53,"2029":33},"Household Income: $50k - $75k":{"Demographic":null,"2020":85,"% OF TOTAL":8.5,"2024":73,"2029":59},"Household Income: $75k - $100k":{"Demographic":null,"2020":97,"% OF TOTAL":10.6,"2024":86,"2029":73},"Household Income: $100k - $125k":{"Demographic":null,"2020":129,"% OF TOTAL":21.0,"2024":136,"2029":145},"Household Income: $125k - $150k":{"Demographic":null,"2020":68,"% OF TOTAL":10.4,"2024":61,"2029":72},"Household Income: $150k - $200k":{"Demographic":null,"2020":95,"% OF TOTAL":32.7,"2024":156,"2029":226},"Household Income: Above $200k":{"Demographic":null,"2020":33,"% OF TOTAL":9.4,"2024":45,"2029":65},"Total Housing Units":{"Demographic":null,"2020":639,"% OF TOTAL":null,"2024":null,"2029":null},"Owner Occupied Housing Units":{"Demographic":null,"2020":504,"% OF TOTAL":null,"2024":544,"2029":null},"Renter Occupied Housing Units":{"Demographic":null,"2020":95,"% OF TOTAL":null,"2024":102,"2029":null},"Vacant Housing Units":{"Demographic":null,"2020":40,"% OF TOTAL":null,"2024":null,"2029":null},"Vacant Housing Units: Seasonal":{"Demographic":null,"2020":7,"% OF TOTAL":null,"2024":null,"2029":null},"Vacant Housing Units: Other Usage":{"Demographic":null,"2020":33,"% OF TOTAL":null,"2024":null,"2029":null},"Average Housing Unit Value":{"Demographic":null,"2020":281632,"% OF TOTAL":null,"2024":281990,"2029":null},"Median Housing Unit Value":{"Demographic":null,"2020":243919,"% OF TOTAL":null,"2024":244375,"2029":null},"Housing Unit Value Less Than $100k":{"Demographic":null,"2020":58,"% OF TOTAL":null,"2024":62,"2029":null},"Housing Unit Value $100k-$200k":{"Demographic":null,"2020":129,"% OF TOTAL":null,"2024":139,"2029":null},"Housing Unit Value $200k-$250k":{"Demographic":null,"2020":74,"% OF TOTAL":null,"2024":80,"2029":null},"Housing Unit Value $250k-$300k":{"Demographic":null,"2020":11,"% OF TOTAL":null,"2024":12,"2029":null},"Housing Unit Value $300k-$400k":{"Demographic":null,"2020":96,"% OF TOTAL":null,"2024":104,"2029":null},"Housing Unit Value $400k-$500k":{"Demographic":null,"2020":122,"% OF TOTAL":null,"2024":132,"2029":null},"Housing Unit Value $500k-$750k":{"Demographic":null,"2020":14,"% OF TOTAL":null,"2024":15,"2029":null},"Housing Unit Value $750k-$1m":{"Demographic":null,"2020":0,"% OF TOTAL":null,"2024":0,"2029":null},"Housing Unit Value $1m-$1.5m":{"Demographic":null,"2020":0,"% OF TOTAL":null,"2024":0,"2029":null},"Housing Unit Value $1.5m-$2m":{"Demographic":null,"2020":0,"% OF TOTAL":null,"2024":0,"2029":null},"Housing Unit Value Above $2m":{"Demographic":null,"2020":0,"% OF TOTAL":null,"2024":0,"2029":null},"Median Housing Unit Year Built":{"Demographic":null,"2020":1989,"% OF TOTAL":null,"2024":1989,"2029":null},"Housing Units Built 2014 Or After":{"Demographic":null,"2020":31,"% OF TOTAL":null,"2024":34,"2029":null},"Housing Units Built 2010-2013":{"Demographic":null,"2020":17,"% OF TOTAL":null,"2024":18,"2029":null},"Housing Units Built 2000-2009":{"Demographic":null,"2020":106,"% OF TOTAL":null,"2024":114,"2029":null},"Housing Units Built 1990-1999":{"Demographic":null,"2020":129,"% OF TOTAL":null,"2024":139,"2029":null},"Housing Units Built 1980-1989":{"Demographic":null,"2020":209,"% OF TOTAL":null,"2024":225,"2029":null},"Housing Units Built 1970-1979":{"Demographic":null,"2020":77,"% OF TOTAL":null,"2024":83,"2029":null},"Housing Units Built 1960-1969":{"Demographic":null,"2020":30,"% OF TOTAL":null,"2024":33,"2029":null},"Housing Units Built 1950-1959":{"Demographic":null,"2020":0,"% OF TOTAL":null,"2024":0,"2029":null},"Housing Units Built 1940-1949":{"Demographic":null,"2020":0,"% OF TOTAL":null,"2024":0,"2029":null},"Housing Units Built Before 1940":{"Demographic":null,"2020":0,"% OF TOTAL":null,"2024":0,"2029":null}}},"geometry":{"type":"Polygon","coordinates":[[[-87.40631080039391,30.647116448730525],[-87.40631080039391,30.67602988191158],[-87.37272024639145,30.67602988191158],[-87.37272024639145,30.647116448730525],[-87.40631080039391,30.647116448730525]]]}},{"type":"Feature","properties":{"block":"010","block_num":10,"submarket":"Cantonment","CentroidLon":-87.35592496939024,"CentroidLat":30.66157316532106,"data_status":"no data","is_anomalous":false,"anomaly_reason":null,"files_present":""},"geometry":{"type":"Polygon","coordinates":[[[-87.37272024639145,30.647116448730525],[-87.37272024639145,30.67602988191158],[-87.339129692389,30.67602988191158],[-87.339129692389,30.647116448730525],[-87.37272024639145,30.647116448730525]]]}},{"type":"Feature","properties":{"block":"011","block_num":11,"submarket":"Cantonment","CentroidLon":-87.32233441538777,"CentroidLat":30.66157316532106,"data_status":"usable","is_anomalous":false,"anomaly_reason":null,"files_present":"ConsumerSegmentation-26.08.10.csv;DemographicSnapshot-26.08.10.csv;HouseholdIncomeByAge-26.08.10.csv;HouseholdTrends-26.08.10.csv;PopulationTrends-26.08.10.csv","population_2024":1581,"population_2029":1516,"households_2024":606,"households_2029":590,"median_household_income_2024":96117,"median_household_income_2029":173889,"mean_household_income_2024":null,"mean_household_income_2029":null,"median_age_2024":40,"median_age_2029":42,"median_home_value_2024":192143,"average_household_size_2024":2.6,"average_household_size_2029":2.6,"population_growth_2024_2029":-6.4,"households_growth_2024_2029":-5.2,"consumer_segments":{"Renters":{"households":128,"pct":25.4},"Simple Life Moderate Income With Children":{"households":81,"pct":16.1},"Simple Life Moderate Income No Children":{"households":78,"pct":15.5},"Elite":{"households":59,"pct":11.7},"Active Adult Elite":{"households":57,"pct":11.3},"Simple Life Affluent No Children":{"households":36,"pct":7.1},"Family Life Young Children":{"households":35,"pct":6.9},"Active Adult Entry Level":{"households":11,"pct":2.2},"Renters Near Term Buyers":{"households":10,"pct":2.0},"Active Adult Feature and Location":{"households":9,"pct":1.8},"Family Life School Age Children":{"households":0,"pct":0.0},"Feature and Location":{"households":0,"pct":0.0},"Entry Level Urban":{"households":0,"pct":0.0},"Entry Level Suburban":{"households":0,"pct":0.0}},"income_age":{"2020":{},"2024":{},"2029":{}},"population_trends":{"Total Population":{"Demographic":null,"2020":1690,"% OF TOTAL":null,"2024":1581,"2029":1516},"Population Growth":{"Demographic":null,"2020":null,"% OF TOTAL":null,"2024":-6.4,"2029":-4.1},"Female Population":{"Demographic":null,"2020":891,"% OF TOTAL":52.8,"2024":835,"2029":801},"Male Population":{"Demographic":null,"2020":799,"% OF TOTAL":47.2,"2024":746,"2029":715},"Total population: Median Age":{"Demographic":null,"2020":40,"% OF TOTAL":null,"2024":40,"2029":42},"Total population: Under 5 years":{"Demographic":null,"2020":109,"% OF TOTAL":5.7,"2024":99,"2029":86},"Total population: 5 - 9 years":{"Demographic":null,"2020":127,"% OF TOTAL":6.7,"2024":119,"2029":102},"Total population: 10 - 14 years":{"Demographic":null,"2020":137,"% OF TOTAL":7.3,"2024":122,"2029":111},"Total population: 15 - 19 years":{"Demographic":null,"2020":104,"% OF TOTAL":6.5,"2024":101,"2029":99},"Total population: 20 - 24 years":{"Demographic":null,"2020":75,"% OF TOTAL":5.1,"2024":71,"2029":77},"Total population: 25 - 29 years":{"Demographic":null,"2020":83,"% OF TOTAL":4.5,"2024":72,"2029":68},"Total population: 30 - 34 years":{"Demographic":null,"2020":98,"% OF TOTAL":5.3,"2024":95,"2029":81},"Total population: 35 - 39 years":{"Demographic":null,"2020":101,"% OF TOTAL":6.1,"2024":96,"2029":93},"Total population: 40 - 44 years":{"Demographic":null,"2020":104,"% OF TOTAL":6.3,"2024":104,"2029":96},"Total population: 45 - 49 years":{"Demographic":null,"2020":118,"% OF TOTAL":7.0,"2024":108,"2029":106},"Total population: 50 - 54 years":{"Demographic":null,"2020":132,"% OF TOTAL":7.5,"2024":125,"2029":113},"Total population: 55 - 59 years":{"Demographic":null,"2020":118,"% OF TOTAL":6.5,"2024":97,"2029":99},"Total population: 60 - 64 years":{"Demographic":null,"2020":115,"% OF TOTAL":6.3,"2024":108,"2029":96},"Total population: 65 - 69 years":{"Demographic":null,"2020":88,"% OF TOTAL":5.8,"2024":87,"2029":88},"Total population: 70 - 74 years":{"Demographic":null,"2020":75,"% OF TOTAL":5.1,"2024":74,"2029":77},"Total population: 75 - 79 years":{"Demographic":null,"2020":46,"% OF TOTAL":3.8,"2024":48,"2029":58},"Total population: 80 - 84 years":{"Demographic":null,"2020":33,"% OF TOTAL":2.5,"2024":31,"2029":38},"Total population: 85 years and over":{"Demographic":null,"2020":27,"% OF TOTAL":1.8,"2024":24,"2029":28},"Female population: Median Age":{"Demographic":null,"2020":40,"% OF TOTAL":null,"2024":41,"2029":42},"Female population: Under 5 years":{"Demographic":null,"2020":51,"% OF TOTAL":5.0,"2024":46,"2029":40},"Female population: 5 - 9 years":{"Demographic":null,"2020":67,"% OF TOTAL":6.5,"2024":62,"2029":52},"Female population: 10 - 14 years":{"Demographic":null,"2020":80,"% OF TOTAL":7.9,"2024":71,"2029":63},"Female population: 15 - 19 years":{"Demographic":null,"2020":53,"% OF TOTAL":6.6,"2024":52,"2029":53},"Female population: 20 - 24 years":{"Demographic":null,"2020":35,"% OF TOTAL":4.7,"2024":33,"2029":38},"Female population: 25 - 29 years":{"Demographic":null,"2020":52,"% OF TOTAL":5.0,"2024":45,"2029":40},"Female population: 30 - 34 years":{"Demographic":null,"2020":49,"% OF TOTAL":5.4,"2024":48,"2029":43},"Female population: 35 - 39 years":{"Demographic":null,"2020":47,"% OF TOTAL":5.6,"2024":45,"2029":45},"Female population: 40 - 44 years":{"Demographic":null,"2020":64,"% OF TOTAL":6.7,"2024":63,"2029":54},"Female population: 45 - 49 years":{"Demographic":null,"2020":64,"% OF TOTAL":7.5,"2024":60,"2029":60},"Female population: 50 - 54 years":{"Demographic":null,"2020":58,"% OF TOTAL":6.9,"2024":56,"2029":55},"Female population: 55 - 59 years":{"Demographic":null,"2020":59,"% OF TOTAL":6.0,"2024":49,"2029":48},"Female population: 60 - 64 years":{"Demographic":null,"2020":73,"% OF TOTAL":7.1,"2024":69,"2029":57},"Female population: 65 - 69 years":{"Demographic":null,"2020":35,"% OF TOTAL":5.4,"2024":35,"2029":43},"Female population: 70 - 74 years":{"Demographic":null,"2020":38,"% OF TOTAL":4.4,"2024":37,"2029":35},"Female population: 75 - 79 years":{"Demographic":null,"2020":25,"% OF TOTAL":3.9,"2024":26,"2029":31},"Female population: 80 - 84 years":{"Demographic":null,"2020":24,"% OF TOTAL":3.1,"2024":23,"2029":25},"Female population: 85 years and over":{"Demographic":null,"2020":17,"% OF TOTAL":2.4,"2024":15,"2029":19},"Male population: Median Age":{"Demographic":null,"2020":39,"% OF TOTAL":null,"2024":40,"2029":41},"Male population: Under 5 years":{"Demographic":null,"2020":58,"% OF TOTAL":6.4,"2024":53,"2029":46},"Male population: 5 - 9 years":{"Demographic":null,"2020":60,"% OF TOTAL":7.0,"2024":57,"2029":50},"Male population: 10 - 14 years":{"Demographic":null,"2020":57,"% OF TOTAL":6.7,"2024":51,"2029":48},"Male population: 15 - 19 years":{"Demographic":null,"2020":51,"% OF TOTAL":6.4,"2024":49,"2029":46},"Male population: 20 - 24 years":{"Demographic":null,"2020":40,"% OF TOTAL":5.5,"2024":38,"2029":39},"Male population: 25 - 29 years":{"Demographic":null,"2020":31,"% OF TOTAL":3.9,"2024":27,"2029":28},"Male population: 30 - 34 years":{"Demographic":null,"2020":49,"% OF TOTAL":5.3,"2024":47,"2029":38},"Male population: 35 - 39 years":{"Demographic":null,"2020":54,"% OF TOTAL":6.7,"2024":51,"2029":48},"Male population: 40 - 44 years":{"Demographic":null,"2020":40,"% OF TOTAL":5.9,"2024":41,"2029":42},"Male population: 45 - 49 years":{"Demographic":null,"2020":54,"% OF TOTAL":6.4,"2024":48,"2029":46},"Male population: 50 - 54 years":{"Demographic":null,"2020":74,"% OF TOTAL":8.1,"2024":69,"2029":58},"Male population: 55 - 59 years":{"Demographic":null,"2020":59,"% OF TOTAL":7.1,"2024":48,"2029":51},"Male population: 60 - 64 years":{"Demographic":null,"2020":42,"% OF TOTAL":5.5,"2024":39,"2029":39},"Male population: 65 - 69 years":{"Demographic":null,"2020":53,"% OF TOTAL":6.3,"2024":52,"2029":45},"Male population: 70 - 74 years":{"Demographic":null,"2020":37,"% OF TOTAL":5.9,"2024":37,"2029":42},"Male population: 75 - 79 years":{"Demographic":null,"2020":21,"% OF TOTAL":3.8,"2024":22,"2029":27},"Male population: 80 - 84 years":{"Demographic":null,"2020":9,"% OF TOTAL":1.8,"2024":8,"2029":13},"Male population: 85 years and over":{"Demographic":null,"2020":10,"% OF TOTAL":1.3,"2024":9,"2029":9},"White alone":{"Demographic":null,"2020":973,"% OF TOTAL":57.6,"2024":910,"2029":873},"Black alone":{"Demographic":null,"2020":527,"% OF TOTAL":30.3,"2024":480,"2029":460},"American Indian and Alaska Native alone":{"Demographic":null,"2020":14,"% OF TOTAL":0.9,"2024":14,"2029":14},"Asian alone":{"Demographic":null,"2020":31,"% OF TOTAL":2.0,"2024":31,"2029":30},"Native Hawaiian and OPI alone":{"Demographic":null,"2020":1,"% OF TOTAL":0.1,"2024":1,"2029":1},"Some other race alone":{"Demographic":null,"2020":31,"% OF TOTAL":1.8,"2024":29,"2029":27},"Two or more races alone":{"Demographic":null,"2020":113,"% OF TOTAL":7.3,"2024":116,"2029":111},"Not Hispanic: White alone":{"Demographic":null,"2020":947,"% OF TOTAL":55.9,"2024":883,"2029":847},"Not Hispanic: Black or African American alone":{"Demographic":null,"2020":518,"% OF TOTAL":29.8,"2024":472,"2029":452},"Not Hispanic: American Indian and Alaska Native alone":{"Demographic":null,"2020":11,"% OF TOTAL":0.7,"2024":10,"2029":10},"Not Hispanic: Asian alone":{"Demographic":null,"2020":31,"% OF TOTAL":2.0,"2024":31,"2029":30},"Not Hispanic: Native Hawaiian and OPI alone":{"Demographic":null,"2020":1,"% OF TOTAL":0.1,"2024":1,"2029":1},"Not Hispanic: Some Other Race alone":{"Demographic":null,"2020":20,"% OF TOTAL":1.2,"2024":19,"2029":18},"Not Hispanic: Two or More Races":{"Demographic":null,"2020":96,"% OF TOTAL":6.1,"2024":97,"2029":93},"Hispanic: White alone":{"Demographic":null,"2020":26,"% OF TOTAL":1.7,"2024":27,"2029":26},"Hispanic: Black or African American alone":{"Demographic":null,"2020":9,"% OF TOTAL":0.5,"2024":8,"2029":8},"Hispanic: American Indian and Alaska Native alone":{"Demographic":null,"2020":3,"% OF TOTAL":0.3,"2024":4,"2029":4},"Hispanic: Asian alone":{"Demographic":null,"2020":0,"% OF TOTAL":0.0,"2024":0,"2029":0},"Hispanic: Native Hawaiian and OPI alone":{"Demographic":null,"2020":0,"% OF TOTAL":0.0,"2024":0,"2029":0},"Hispanic: Some Other Race alone":{"Demographic":null,"2020":11,"% OF TOTAL":0.6,"2024":10,"2029":9},"Hispanic: Two or More Races":{"Demographic":null,"2020":17,"% OF TOTAL":1.2,"2024":19,"2029":18},"Educational Attainment: No High School Diploma":{"Demographic":null,"2020":128,"% OF TOTAL":null,"2024":120,"2029":null},"Educational Attainment: High School Diploma":{"Demographic":null,"2020":338,"% OF TOTAL":null,"2024":318,"2029":null},"Educational Attainment: Some College":{"Demographic":null,"2020":386,"% OF TOTAL":null,"2024":362,"2029":null},"Educational Attainment: Associates Degree":{"Demographic":null,"2020":82,"% OF TOTAL":null,"2024":77,"2029":null},"Educational Attainment: Bachelors Degree":{"Demographic":null,"2020":167,"% OF TOTAL":null,"2024":157,"2029":null},"Educational Attainment: Advanced Degree":{"Demographic":null,"2020":37,"% OF TOTAL":null,"2024":35,"2029":null},"Employment Status: Armed Forces":{"Demographic":null,"2020":0,"% OF TOTAL":null,"2024":0,"2029":null},"Employment Status: Civilian labor force employed":{"Demographic":null,"2020":657,"% OF TOTAL":null,"2024":619,"2029":null},"Employment Status: Civilian labor force unemployed":{"Demographic":null,"2020":70,"% OF TOTAL":null,"2024":66,"2029":null},"Employment Status: Not in labor force":{"Demographic":null,"2020":568,"% OF TOTAL":null,"2024":536,"2029":null},"Employed in Agriculture and Mining Industries":{"Demographic":null,"2020":0,"% OF TOTAL":null,"2024":0,"2029":null},"Employed in Construction Industries":{"Demographic":null,"2020":92,"% OF TOTAL":null,"2024":87,"2029":null},"Employed in Manufacturing Industries":{"Demographic":null,"2020":15,"% OF TOTAL":null,"2024":14,"2029":null},"Employed in Wholesale Industries":{"Demographic":null,"2020":0,"% OF TOTAL":null,"2024":0,"2029":null},"Employed in Retail Industries":{"Demographic":null,"2020":39,"% OF TOTAL":null,"2024":37,"2029":null},"Employed in Transportation and Utilities Industries":{"Demographic":null,"2020":0,"% OF TOTAL":null,"2024":0,"2029":null},"Employed in Information Industries":{"Demographic":null,"2020":0,"% OF TOTAL":null,"2024":0,"2029":null},"Employed in Real-Estate Industries":{"Demographic":null,"2020":80,"% OF TOTAL":null,"2024":75,"2029":null},"Employed in Professional Industries":{"Demographic":null,"2020":116,"% OF TOTAL":null,"2024":109,"2029":null},"Employed in Health and Education Industries":{"Demographic":null,"2020":180,"% OF TOTAL":null,"2024":170,"2029":null},"Employed in Art Industries":{"Demographic":null,"2020":32,"% OF TOTAL":null,"2024":30,"2029":null},"Employed in Other Industries":{"Demographic":null,"2020":76,"% OF TOTAL":null,"2024":72,"2029":null},"Employed in Public Administration Industries":{"Demographic":null,"2020":27,"% OF TOTAL":null,"2024":25,"2029":null},"Occupation: Management":{"Demographic":null,"2020":163,"% OF TOTAL":null,"2024":154,"2029":null},"Occupation: Business and financial operations":{"Demographic":null,"2020":30,"% OF TOTAL":null,"2024":28,"2029":null},"Occupation: Computer and mathematical":{"Demographic":null,"2020":0,"% OF TOTAL":null,"2024":0,"2029":null},"Occupation: Architecture and engineering":{"Demographic":null,"2020":57,"% OF TOTAL":null,"2024":54,"2029":null},"Occupation: Life, physical, and social science":{"Demographic":null,"2020":29,"% OF TOTAL":null,"2024":27,"2029":null},"Occupation: Community and social service":{"Demographic":null,"2020":0,"% OF TOTAL":null,"2024":0,"2029":null},"Occupation: Legal":{"Demographic":null,"2020":0,"% OF TOTAL":null,"2024":0,"2029":null},"Occupation: Education, training, and library":{"Demographic":null,"2020":9,"% OF TOTAL":null,"2024":8,"2029":null},"Occupation: Arts, design, entertainment, sports, and media":{"Demographic":null,"2020":0,"% OF TOTAL":null,"2024":0,"2029":null},"Occupation: Health diagnosing and treating practitioners":{"Demographic":null,"2020":42,"% OF TOTAL":null,"2024":40,"2029":null},"Occupation: Health technologists and technicians":{"Demographic":null,"2020":0,"% OF TOTAL":null,"2024":0,"2029":null},"Occupation: Healthcare support":{"Demographic":null,"2020":108,"% OF TOTAL":null,"2024":102,"2029":null},"Occupation: Fire fighting and prevention":{"Demographic":null,"2020":0,"% OF TOTAL":null,"2024":0,"2029":null},"Occupation: Law enforcement workers":{"Demographic":null,"2020":0,"% OF TOTAL":null,"2024":0,"2029":null},"Occupation: Food preparation and serving related":{"Demographic":null,"2020":32,"% OF TOTAL":null,"2024":30,"2029":null},"Occupation: Building and grounds cleaning and maintenance":{"Demographic":null,"2020":21,"% OF TOTAL":null,"2024":20,"2029":null},"Occupation: Personal care and service":{"Demographic":null,"2020":19,"% OF TOTAL":null,"2024":18,"2029":null},"Occupation: Sales and related":{"Demographic":null,"2020":28,"% OF TOTAL":null,"2024":26,"2029":null},"Occupation: Office and administrative support":{"Demographic":null,"2020":73,"% OF TOTAL":null,"2024":69,"2029":null},"Occupation: Farming, fishing, and forestry":{"Demographic":null,"2020":0,"% OF TOTAL":null,"2024":0,"2029":null},"Occupation: Construction and extraction":{"Demographic":null,"2020":20,"% OF TOTAL":null,"2024":19,"2029":null},"Occupation: Installation, maintenance, and repair":{"Demographic":null,"2020":11,"% OF TOTAL":null,"2024":10,"2029":null},"Occupation: Production":{"Demographic":null,"2020":15,"% OF TOTAL":null,"2024":14,"2029":null},"Occupation: Transportation":{"Demographic":null,"2020":0,"% OF TOTAL":null,"2024":0,"2029":null},"Occupation: Material moving":{"Demographic":null,"2020":0,"% OF TOTAL":null,"2024":0,"2029":null},"White collar":{"Demographic":null,"2020":431,"% OF TOTAL":null,"2024":406,"2029":null},"Blue collar":{"Demographic":null,"2020":226,"% OF TOTAL":null,"2024":213,"2029":null},"Means of transportation: Car, truck or van":{"Demographic":null,"2020":541,"% OF TOTAL":null,"2024":510,"2029":null},"Means of transportation: Public transportation":{"Demographic":null,"2020":0,"% OF TOTAL":null,"2024":0,"2029":null},"Means of transportation: Other":{"Demographic":null,"2020":0,"% OF TOTAL":null,"2024":0,"2029":null},"Travel time: Average (in minutes)":{"Demographic":null,"2020":33,"% OF TOTAL":null,"2024":33,"2029":null},"Travel time to work: Less than 30 minutes":{"Demographic":null,"2020":253,"% OF TOTAL":null,"2024":238,"2029":null},"Travel time to work: 30 to 60 minutes":{"Demographic":null,"2020":277,"% OF TOTAL":null,"2024":262,"2029":null},"Travel time to work: 60 or more minutes":{"Demographic":null,"2020":11,"% OF TOTAL":null,"2024":10,"2029":null}},"demographic_snapshot":{"Total Population":{"Demographic":null,"2020":1690,"% OF TOTAL":null,"2024":1581,"2029":1516},"Households":{"Demographic":null,"2020":639,"% OF TOTAL":null,"2024":606,"2029":590},"Population in Group Quarters":{"Demographic":null,"2020":0,"% OF TOTAL":null,"2024":0,"2029":0},"Households Growth":{"Demographic":null,"2020":null,"% OF TOTAL":null,"2024":-5.2,"2029":-2.6},"Household Income: Median":{"Demographic":null,"2020":0,"% OF TOTAL":null,"2024":96117,"2029":173889},"Home Value: Median":{"Demographic":null,"2020":192568,"% OF TOTAL":null,"2024":192143,"2029":null},"Population Growth":{"Demographic":null,"2020":null,"% OF TOTAL":null,"2024":-6.4,"2029":-4.1},"Total Population: Under 19 years":{"Demographic":null,"2020":477,"% OF TOTAL":26.3,"2024":441,"2029":398},"Total Population: 20 - 64 years":{"Demographic":null,"2020":944,"% OF TOTAL":54.7,"2024":876,"2029":829},"Total Population: 65 years and over":{"Demographic":null,"2020":269,"% OF TOTAL":19.1,"2024":264,"2029":289},"Total population: Median age":{"Demographic":null,"2020":40,"% OF TOTAL":null,"2024":40,"2029":42},"Total population: Under 5 years":{"Demographic":null,"2020":109,"% OF TOTAL":5.7,"2024":99,"2029":86},"Total population: 5 - 9 years":{"Demographic":null,"2020":127,"% OF TOTAL":6.7,"2024":119,"2029":102},"Total population: 10 - 14 years":{"Demographic":null,"2020":137,"% OF TOTAL":7.3,"2024":122,"2029":111},"Total population: 15 - 19 years":{"Demographic":null,"2020":104,"% OF TOTAL":6.5,"2024":101,"2029":99},"Total population: 20 - 24 years":{"Demographic":null,"2020":75,"% OF TOTAL":5.1,"2024":71,"2029":77},"Total population: 25 - 29 years":{"Demographic":null,"2020":83,"% OF TOTAL":4.5,"2024":72,"2029":68},"Total population: 30 - 34 years":{"Demographic":null,"2020":98,"% OF TOTAL":5.3,"2024":95,"2029":81},"Total population: 35 - 39 years":{"Demographic":null,"2020":101,"% OF TOTAL":6.1,"2024":96,"2029":93},"Total population: 40 - 44 years":{"Demographic":null,"2020":104,"% OF TOTAL":6.3,"2024":104,"2029":96},"Total population: 45 - 49 years":{"Demographic":null,"2020":118,"% OF TOTAL":7.0,"2024":108,"2029":106},"Total population: 50 - 54 years":{"Demographic":null,"2020":132,"% OF TOTAL":7.5,"2024":125,"2029":113},"Total population: 55 - 59 years":{"Demographic":null,"2020":118,"% OF TOTAL":6.5,"2024":97,"2029":99},"Total population: 60 - 64 years":{"Demographic":null,"2020":115,"% OF TOTAL":6.3,"2024":108,"2029":96},"Total population: 65 - 69 years":{"Demographic":null,"2020":88,"% OF TOTAL":5.8,"2024":87,"2029":88},"Total population: 70 - 74 years":{"Demographic":null,"2020":75,"% OF TOTAL":5.1,"2024":74,"2029":77},"Total population: 75 - 79 years":{"Demographic":null,"2020":46,"% OF TOTAL":3.8,"2024":48,"2029":58},"Total population: 80 - 84 years":{"Demographic":null,"2020":33,"% OF TOTAL":2.5,"2024":31,"2029":38},"Total population: 85 years and over":{"Demographic":null,"2020":27,"% OF TOTAL":1.8,"2024":24,"2029":28},"Householders Age 15-24":{"Demographic":null,"2020":12,"% OF TOTAL":2.0,"2024":12,"2029":12},"Householders Age 25-34":{"Demographic":null,"2020":68,"% OF TOTAL":9.8,"2024":64,"2029":58},"Householders Age 35-44":{"Demographic":null,"2020":110,"% OF TOTAL":16.6,"2024":104,"2029":98},"Householders Age 45-54":{"Demographic":null,"2020":142,"% OF TOTAL":21.4,"2024":134,"2029":126},"Householders Age 55-64":{"Demographic":null,"2020":165,"% OF TOTAL":25.4,"2024":157,"2029":150},"Householders Age 65-74":{"Demographic":null,"2020":89,"% OF TOTAL":14.6,"2024":84,"2029":86},"Householders Age 75+":{"Demographic":null,"2020":53,"% OF TOTAL":10.2,"2024":51,"2029":60},"Household income: Average":{"Demographic":null,"2020":115501,"% OF TOTAL":null,"2024":148857,"2029":207339},"Household income: Less than 25k":{"Demographic":null,"2020":78,"% OF TOTAL":2.2,"2024":33,"2029":13},"Household income: 25k - 50k":{"Demographic":null,"2020":178,"% OF TOTAL":12.4,"2024":138,"2029":73},"Household income: 50k - 75k":{"Demographic":null,"2020":61,"% OF TOTAL":6.3,"2024":45,"2029":37},"Household income: 75k - 100k":{"Demographic":null,"2020":94,"% OF TOTAL":9.3,"2024":103,"2029":55},"Household income: 100k - 125k":{"Demographic":null,"2020":16,"% OF TOTAL":1.4,"2024":15,"2029":8},"Household income: 125k - 150k":{"Demographic":null,"2020":67,"% OF TOTAL":11.2,"2024":65,"2029":66},"Household income: 150k - 200k":{"Demographic":null,"2020":42,"% OF TOTAL":15.3,"2024":57,"2029":90},"Household income: Above 200k":{"Demographic":null,"2020":103,"% OF TOTAL":42.0,"2024":150,"2029":248},"White Alone":{"Demographic":null,"2020":973,"% OF TOTAL":57.6,"2024":910,"2029":873},"Black or African American Alone":{"Demographic":null,"2020":527,"% OF TOTAL":30.3,"2024":480,"2029":460},"American Indian and Alaska Native Alone":{"Demographic":null,"2020":14,"% OF TOTAL":0.9,"2024":14,"2029":14},"Asian Alone":{"Demographic":null,"2020":31,"% OF TOTAL":2.0,"2024":31,"2029":30},"Native Hawaiian and OPI Alone":{"Demographic":null,"2020":1,"% OF TOTAL":0.1,"2024":1,"2029":1},"Some Other Race Alone":{"Demographic":null,"2020":31,"% OF TOTAL":1.8,"2024":29,"2029":27},"Two or More Races Alone":{"Demographic":null,"2020":113,"% OF TOTAL":7.3,"2024":116,"2029":111},"Not Hispanic or Latino":{"Demographic":null,"2020":1624,"% OF TOTAL":95.7,"2024":1513,"2029":1451},"Hispanic or Latino":{"Demographic":null,"2020":66,"% OF TOTAL":4.3,"2024":68,"2029":65},"Total Housing Units":{"Demographic":null,"2020":693,"% OF TOTAL":null,"2024":null,"2029":null},"Owner Occupied Housing Units":{"Demographic":null,"2020":472,"% OF TOTAL":null,"2024":448,"2029":null},"Renter Occupied Housing Units":{"Demographic":null,"2020":167,"% OF TOTAL":null,"2024":158,"2029":null},"Housing Units Value Less Than 100k":{"Demographic":null,"2020":55,"% OF TOTAL":null,"2024":53,"2029":null},"Housing Units Value 100k - 200k":{"Demographic":null,"2020":192,"% OF TOTAL":null,"2024":182,"2029":null},"Housing Units Value 200k - 250k":{"Demographic":null,"2020":0,"% OF TOTAL":null,"2024":0,"2029":null},"Housing Units Value 250k - 300k":{"Demographic":null,"2020":29,"% OF TOTAL":null,"2024":27,"2029":null},"Housing Units Value 300k - 400k":{"Demographic":null,"2020":98,"% OF TOTAL":null,"2024":93,"2029":null},"Housing Units Value 400k - 500k":{"Demographic":null,"2020":98,"% OF TOTAL":null,"2024":93,"2029":null},"Housing Units Value 500k - 750k":{"Demographic":null,"2020":0,"% OF TOTAL":null,"2024":0,"2029":null},"Housing Units Value 750k - 1m":{"Demographic":null,"2020":0,"% OF TOTAL":null,"2024":0,"2029":null},"Housing Units Value 1m - 1.5m":{"Demographic":null,"2020":0,"% OF TOTAL":null,"2024":0,"2029":null},"Housing Units Value 1.5m - 2m":{"Demographic":null,"2020":0,"% OF TOTAL":null,"2024":0,"2029":null},"Housing Units Value >2m":{"Demographic":null,"2020":0,"% OF TOTAL":null,"2024":0,"2029":null},"Take Car or Truck to Work":{"Demographic":null,"2020":541,"% OF TOTAL":null,"2024":510,"2029":null},"Take Public Transportation to Work":{"Demographic":null,"2020":0,"% OF TOTAL":null,"2024":0,"2029":null},"Take Other Means of Transportation to Work":{"Demographic":null,"2020":0,"% OF TOTAL":null,"2024":0,"2029":null},"Average Travel Time (min)":{"Demographic":null,"2020":33,"% OF TOTAL":null,"2024":33,"2029":null},"Travel Below 30 Min to Work":{"Demographic":null,"2020":253,"% OF TOTAL":null,"2024":238,"2029":null},"Travel 30-60 Min to Work":{"Demographic":null,"2020":277,"% OF TOTAL":null,"2024":262,"2029":null},"Travel Above 60 Min to Work":{"Demographic":null,"2020":44,"% OF TOTAL":null,"2024":10,"2029":null},"Educational Attainment: No High School Diploma":{"Demographic":null,"2020":466,"% OF TOTAL":null,"2024":438,"2029":null},"Educational Attainment: High School Diploma":{"Demographic":null,"2020":338,"% OF TOTAL":null,"2024":318,"2029":null},"Educational Attainment: Some College":{"Demographic":null,"2020":635,"% OF TOTAL":null,"2024":596,"2029":null},"Educational Attainment: Associate's Degree":{"Demographic":null,"2020":82,"% OF TOTAL":null,"2024":77,"2029":null},"Educational Attainment: Bachelors Degree":{"Demographic":null,"2020":167,"% OF TOTAL":null,"2024":157,"2029":null},"Educational Attainment: Advanced Degree":{"Demographic":null,"2020":37,"% OF TOTAL":null,"2024":35,"2029":null},"Households: Number of vehicles available - Average":{"Demographic":null,"2020":2,"% OF TOTAL":null,"2024":2,"2029":null},"Households: No Vehicle available":{"Demographic":null,"2020":54,"% OF TOTAL":null,"2024":51,"2029":null},"Households: 1 Vehicle available":{"Demographic":null,"2020":81,"% OF TOTAL":null,"2024":77,"2029":null},"Households: 2 Vehicles available":{"Demographic":null,"2020":309,"% OF TOTAL":null,"2024":293,"2029":null},"Households: 3 Vehicles available":{"Demographic":null,"2020":31,"% OF TOTAL":null,"2024":29,"2029":null},"Households: 4 or more Vehicles available":{"Demographic":null,"2020":164,"% OF TOTAL":null,"2024":156,"2029":null}},"household_trends":{"Households":{"Demographic":null,"2020":639,"% OF TOTAL":null,"2024":606,"2029":590},"Households Growth":{"Demographic":null,"2020":null,"% OF TOTAL":null,"2024":-5.2,"2029":-2.6},"Householder Age 15-24":{"Demographic":null,"2020":12,"% OF TOTAL":2.0,"2024":12,"2029":12},"Householder Age 25-34":{"Demographic":null,"2020":68,"% OF TOTAL":9.8,"2024":64,"2029":58},"Householder Age 35-44":{"Demographic":null,"2020":110,"% OF TOTAL":16.6,"2024":104,"2029":98},"Householder Age 45-54":{"Demographic":null,"2020":142,"% OF TOTAL":21.4,"2024":134,"2029":126},"Householder Age 55-64":{"Demographic":null,"2020":165,"% OF TOTAL":25.4,"2024":157,"2029":150},"Householder Age 65-74":{"Demographic":null,"2020":89,"% OF TOTAL":14.6,"2024":84,"2029":86},"Householder Age 75+":{"Demographic":null,"2020":53,"% OF TOTAL":10.2,"2024":51,"2029":60},"Average Household Size":{"Demographic":null,"2020":2.6,"% OF TOTAL":null,"2024":2.6,"2029":2.6},"1 Person Households":{"Demographic":null,"2020":164,"% OF TOTAL":26.8,"2024":159,"2029":158},"2 Person Households":{"Demographic":null,"2020":188,"% OF TOTAL":31.0,"2024":185,"2029":183},"3 Person Households":{"Demographic":null,"2020":119,"% OF TOTAL":19.5,"2024":116,"2029":115},"4 Person Households":{"Demographic":null,"2020":77,"% OF TOTAL":10.0,"2024":65,"2029":59},"5 Person Households":{"Demographic":null,"2020":61,"% OF TOTAL":8.6,"2024":54,"2029":51},"6 Person Households":{"Demographic":null,"2020":20,"% OF TOTAL":2.7,"2024":18,"2029":16},"7+ Person Households":{"Demographic":null,"2020":10,"% OF TOTAL":1.4,"2024":9,"2029":8},"Household Type: Family":{"Demographic":null,"2020":456,"% OF TOTAL":null,"2024":432,"2029":null},"Household Type: Married Family":{"Demographic":null,"2020":323,"% OF TOTAL":null,"2024":305,"2029":null},"Household Type: Married Family With Children":{"Demographic":null,"2020":117,"% OF TOTAL":null,"2024":110,"2029":null},"Household Type: Married Family Without Children":{"Demographic":null,"2020":206,"% OF TOTAL":null,"2024":195,"2029":null},"Household Type: Other Family":{"Demographic":null,"2020":133,"% OF TOTAL":null,"2024":127,"2029":null},"Household Type: Male Households, No Wife":{"Demographic":null,"2020":39,"% OF TOTAL":null,"2024":37,"2029":null},"Household Type: Male Households, No Wife With Children":{"Demographic":null,"2020":18,"% OF TOTAL":null,"2024":17,"2029":null},"Household Type: Male Households, No Wife Without Children":{"Demographic":null,"2020":21,"% OF TOTAL":null,"2024":20,"2029":null},"Household Type: Female Households, No Husband":{"Demographic":null,"2020":94,"% OF TOTAL":null,"2024":90,"2029":null},"Household Type: Female Households, No Husband With Children":{"Demographic":null,"2020":41,"% OF TOTAL":null,"2024":40,"2029":null},"Household Type: Female Households, No Husband Without Children":{"Demographic":null,"2020":53,"% OF TOTAL":null,"2024":50,"2029":null},"Household Income: Average":{"Demographic":null,"2020":115501,"% OF TOTAL":null,"2024":148857,"2029":207339},"Household Income: Median":{"Demographic":null,"2020":0,"% OF TOTAL":null,"2024":96117,"2029":173889},"Household Income: Less than $25k":{"Demographic":null,"2020":78,"% OF TOTAL":2.2,"2024":33,"2029":13},"Household Income: $25k - $50k":{"Demographic":null,"2020":178,"% OF TOTAL":12.4,"2024":138,"2029":73},"Household Income: $50k - $75k":{"Demographic":null,"2020":61,"% OF TOTAL":6.3,"2024":45,"2029":37},"Household Income: $75k - $100k":{"Demographic":null,"2020":94,"% OF TOTAL":9.3,"2024":103,"2029":55},"Household Income: $100k - $125k":{"Demographic":null,"2020":16,"% OF TOTAL":1.4,"2024":15,"2029":8},"Household Income: $125k - $150k":{"Demographic":null,"2020":67,"% OF TOTAL":11.2,"2024":65,"2029":66},"Household Income: $150k - $200k":{"Demographic":null,"2020":42,"% OF TOTAL":15.3,"2024":57,"2029":90},"Household Income: Above $200k":{"Demographic":null,"2020":103,"% OF TOTAL":42.0,"2024":150,"2029":248},"Total Housing Units":{"Demographic":null,"2020":693,"% OF TOTAL":null,"2024":null,"2029":null},"Owner Occupied Housing Units":{"Demographic":null,"2020":472,"% OF TOTAL":null,"2024":448,"2029":null},"Renter Occupied Housing Units":{"Demographic":null,"2020":167,"% OF TOTAL":null,"2024":158,"2029":null},"Vacant Housing Units":{"Demographic":null,"2020":54,"% OF TOTAL":null,"2024":null,"2029":null},"Vacant Housing Units: Seasonal":{"Demographic":null,"2020":7,"% OF TOTAL":null,"2024":null,"2029":null},"Vacant Housing Units: Other Usage":{"Demographic":null,"2020":47,"% OF TOTAL":null,"2024":null,"2029":null},"Average Housing Unit Value":{"Demographic":null,"2020":254915,"% OF TOTAL":null,"2024":254609,"2029":null},"Median Housing Unit Value":{"Demographic":null,"2020":192568,"% OF TOTAL":null,"2024":192143,"2029":null},"Housing Unit Value Less Than $100k":{"Demographic":null,"2020":55,"% OF TOTAL":null,"2024":53,"2029":null},"Housing Unit Value $100k-$200k":{"Demographic":null,"2020":192,"% OF TOTAL":null,"2024":182,"2029":null},"Housing Unit Value $200k-$250k":{"Demographic":null,"2020":0,"% OF TOTAL":null,"2024":0,"2029":null},"Housing Unit Value $250k-$300k":{"Demographic":null,"2020":29,"% OF TOTAL":null,"2024":27,"2029":null},"Housing Unit Value $300k-$400k":{"Demographic":null,"2020":98,"% OF TOTAL":null,"2024":93,"2029":null},"Housing Unit Value $400k-$500k":{"Demographic":null,"2020":98,"% OF TOTAL":null,"2024":93,"2029":null},"Housing Unit Value $500k-$750k":{"Demographic":null,"2020":0,"% OF TOTAL":null,"2024":0,"2029":null},"Housing Unit Value $750k-$1m":{"Demographic":null,"2020":0,"% OF TOTAL":null,"2024":0,"2029":null},"Housing Unit Value $1m-$1.5m":{"Demographic":null,"2020":0,"% OF TOTAL":null,"2024":0,"2029":null},"Housing Unit Value $1.5m-$2m":{"Demographic":null,"2020":0,"% OF TOTAL":null,"2024":0,"2029":null},"Housing Unit Value Above $2m":{"Demographic":null,"2020":0,"% OF TOTAL":null,"2024":0,"2029":null},"Median Housing Unit Year Built":{"Demographic":null,"2020":1988,"% OF TOTAL":null,"2024":1988,"2029":null},"Housing Units Built 2014 Or After":{"Demographic":null,"2020":0,"% OF TOTAL":null,"2024":0,"2029":null},"Housing Units Built 2010-2013":{"Demographic":null,"2020":196,"% OF TOTAL":null,"2024":186,"2029":null},"Housing Units Built 2000-2009":{"Demographic":null,"2020":14,"% OF TOTAL":null,"2024":13,"2029":null},"Housing Units Built 1990-1999":{"Demographic":null,"2020":73,"% OF TOTAL":null,"2024":69,"2029":null},"Housing Units Built 1980-1989":{"Demographic":null,"2020":173,"% OF TOTAL":null,"2024":165,"2029":null},"Housing Units Built 1970-1979":{"Demographic":null,"2020":114,"% OF TOTAL":null,"2024":108,"2029":null},"Housing Units Built 1960-1969":{"Demographic":null,"2020":56,"% OF TOTAL":null,"2024":53,"2029":null},"Housing Units Built 1950-1959":{"Demographic":null,"2020":13,"% OF TOTAL":null,"2024":12,"2029":null},"Housing Units Built 1940-1949":{"Demographic":null,"2020":0,"% OF TOTAL":null,"2024":0,"2029":null},"Housing Units Built Before 1940":{"Demographic":null,"2020":0,"% OF TOTAL":null,"2024":0,"2029":null}}},"geometry":{"type":"Polygon","coordinates":[[[-87.339129692389,30.647116448730525],[-87.339129692389,30.67602988191158],[-87.30553913838654,30.67602988191158],[-87.30553913838654,30.647116448730525],[-87.339129692389,30.647116448730525]]]}},{"type":"Feature","properties":{"block":"012","block_num":12,"submarket":"Cantonment","CentroidLon":-87.28874386138531,"CentroidLat":30.66157316532106,"data_status":"no data","is_anomalous":false,"anomaly_reason":null,"files_present":""},"geometry":{"type":"Polygon","coordinates":[[[-87.30553913838654,30.647116448730525],[-87.30553913838654,30.67602988191158],[-87.27194858438408,30.67602988191158],[-87.27194858438408,30.647116448730525],[-87.30553913838654,30.647116448730525]]]}},{"type":"Feature","properties":{"block":"013","block_num":13,"submarket":"Cantonment","CentroidLon":-87.26807353769082,"CentroidLat":30.660347911977702,"data_status":"no data","is_anomalous":false,"anomaly_reason":null,"files_present":""},"geometry":{"type":"Polygon","coordinates":[[[-87.26243300903445,30.647116448730525],[-87.27194858438408,30.647116448730525],[-87.27194858438408,30.67602988191158],[-87.2662909455166,30.67602988191158],[-87.26243300903445,30.647116448730525]]]}},{"type":"Feature","properties":{"block":"014","block_num":14,"submarket":"Cantonment","CentroidLon":-87.40826705920145,"CentroidLat":30.659961222597744,"data_status":"no data","is_anomalous":false,"anomaly_reason":null,"files_present":""},"geometry":{"type":"Polygon","coordinates":[[[-87.40846483007624,30.673215658216108],[-87.41158439810059,30.67602988191158],[-87.40631080039391,30.67602988191158],[-87.40631080039391,30.647116448730525],[-87.41154868967658,30.647116448730525],[-87.40846483007624,30.673215658216108]]]}},{"type":"Feature","properties":{"block":"015","block_num":15,"submarket":"Cantonment","CentroidLon":-87.38951552339269,"CentroidLat":30.63265973214,"data_status":"no data","is_anomalous":false,"anomaly_reason":null,"files_present":""},"geometry":{"type":"Polygon","coordinates":[[[-87.40631080039391,30.61820301554947],[-87.40631080039391,30.647116448730525],[-87.37272024639145,30.647116448730525],[-87.37272024639145,30.61820301554947],[-87.40631080039391,30.61820301554947]]]}},{"type":"Feature","properties":{"block":"016","block_num":16,"submarket":"Cantonment","CentroidLon":-87.35592496939024,"CentroidLat":30.63265973214,"data_status":"no data","is_anomalous":false,"anomaly_reason":null,"files_present":""},"geometry":{"type":"Polygon","coordinates":[[[-87.37272024639145,30.61820301554947],[-87.37272024639145,30.647116448730525],[-87.339129692389,30.647116448730525],[-87.339129692389,30.61820301554947],[-87.37272024639145,30.61820301554947]]]}},{"type":"Feature","properties":{"block":"017","block_num":17,"submarket":"Cantonment","CentroidLon":-87.32233441538777,"CentroidLat":30.63265973214,"data_status":"no data","is_anomalous":false,"anomaly_reason":null,"files_present":""},"geometry":{"type":"Polygon","coordinates":[[[-87.339129692389,30.61820301554947],[-87.339129692389,30.647116448730525],[-87.30553913838654,30.647116448730525],[-87.30553913838654,30.61820301554947],[-87.339129692389,30.61820301554947]]]}},{"type":"Feature","properties":{"block":"018","block_num":18,"submarket":"Cantonment","CentroidLon":-87.28874386138531,"CentroidLat":30.63265973214,"data_status":"usable","is_anomalous":false,"anomaly_reason":null,"files_present":"ConsumerSegmentation-26.08.10.csv;DemographicSnapshot-26.08.10.csv;HouseholdIncomeByAge-26.08.10.csv;HouseholdTrends-26.08.10.csv;PopulationTrends-26.08.10.csv","population_2024":2056,"population_2029":2249,"households_2024":771,"households_2029":856,"median_household_income_2024":70982,"median_household_income_2029":82168,"mean_household_income_2024":null,"mean_household_income_2029":null,"median_age_2024":40,"median_age_2029":42,"median_home_value_2024":160108,"average_household_size_2024":2.7,"average_household_size_2029":2.6,"population_growth_2024_2029":10.4,"households_growth_2024_2029":11.9,"consumer_segments":{"Simple Life Moderate Income With Children":{"households":99,"pct":22.1},"Simple Life Moderate Income No Children":{"households":99,"pct":22.1},"Renters":{"households":76,"pct":17.0},"Active Adult Elite":{"households":64,"pct":14.3},"Family Life Young Children":{"households":52,"pct":11.6},"Simple Life Affluent No Children":{"households":24,"pct":5.4},"Active Adult Entry Level":{"households":14,"pct":3.1},"Active Adult Feature and Location":{"households":12,"pct":2.7},"Renters Near Term Buyers":{"households":8,"pct":1.8},"Elite":{"households":0,"pct":0.0},"Family Life School Age Children":{"households":0,"pct":0.0},"Feature and Location":{"households":0,"pct":0.0},"Entry Level Urban":{"households":0,"pct":0.0},"Entry Level Suburban":{"households":0,"pct":0.0}},"income_age":{"2020":{},"2024":{},"2029":{}},"population_trends":{"Total Population":{"Demographic":null,"2020":1862,"% OF TOTAL":null,"2024":2056,"2029":2249},"Population Growth":{"Demographic":null,"2020":null,"% OF TOTAL":null,"2024":10.4,"2029":9.4},"Female Population":{"Demographic":null,"2020":934,"% OF TOTAL":50.2,"2024":1033,"2029":1130},"Male Population":{"Demographic":null,"2020":928,"% OF TOTAL":49.8,"2024":1023,"2029":1119},"Total population: Median Age":{"Demographic":null,"2020":41,"% OF TOTAL":null,"2024":40,"2029":42},"Total population: Under 5 years":{"Demographic":null,"2020":107,"% OF TOTAL":5.2,"2024":116,"2029":118},"Total population: 5 - 9 years":{"Demographic":null,"2020":119,"% OF TOTAL":5.9,"2024":133,"2029":132},"Total population: 10 - 14 years":{"Demographic":null,"2020":158,"% OF TOTAL":7.3,"2024":170,"2029":165},"Total population: 15 - 19 years":{"Demographic":null,"2020":116,"% OF TOTAL":6.9,"2024":133,"2029":155},"Total population: 20 - 24 years":{"Demographic":null,"2020":81,"% OF TOTAL":5.0,"2024":87,"2029":113},"Total population: 25 - 29 years":{"Demographic":null,"2020":94,"% OF TOTAL":4.8,"2024":99,"2029":108},"Total population: 30 - 34 years":{"Demographic":null,"2020":115,"% OF TOTAL":5.7,"2024":131,"2029":129},"Total population: 35 - 39 years":{"Demographic":null,"2020":120,"% OF TOTAL":6.5,"2024":136,"2029":146},"Total population: 40 - 44 years":{"Demographic":null,"2020":107,"% OF TOTAL":6.2,"2024":128,"2029":140},"Total population: 45 - 49 years":{"Demographic":null,"2020":129,"% OF TOTAL":6.6,"2024":134,"2029":148},"Total population: 50 - 54 years":{"Demographic":null,"2020":123,"% OF TOTAL":6.7,"2024":139,"2029":151},"Total population: 55 - 59 years":{"Demographic":null,"2020":126,"% OF TOTAL":5.9,"2024":121,"2029":132},"Total population: 60 - 64 years":{"Demographic":null,"2020":145,"% OF TOTAL":6.7,"2024":159,"2029":150},"Total population: 65 - 69 years":{"Demographic":null,"2020":111,"% OF TOTAL":6.5,"2024":128,"2029":146},"Total population: 70 - 74 years":{"Demographic":null,"2020":108,"% OF TOTAL":6.0,"2024":117,"2029":134},"Total population: 75 - 79 years":{"Demographic":null,"2020":55,"% OF TOTAL":4.3,"2024":70,"2029":96},"Total population: 80 - 84 years":{"Demographic":null,"2020":29,"% OF TOTAL":2.4,"2024":35,"2029":55},"Total population: 85 years and over":{"Demographic":null,"2020":19,"% OF TOTAL":1.4,"2024":20,"2029":31},"Female population: Median Age":{"Demographic":null,"2020":42,"% OF TOTAL":null,"2024":42,"2029":43},"Female population: Under 5 years":{"Demographic":null,"2020":55,"% OF TOTAL":5.3,"2024":59,"2029":60},"Female population: 5 - 9 years":{"Demographic":null,"2020":50,"% OF TOTAL":5.1,"2024":55,"2029":58},"Female population: 10 - 14 years":{"Demographic":null,"2020":78,"% OF TOTAL":6.9,"2024":84,"2029":78},"Female population: 15 - 19 years":{"Demographic":null,"2020":60,"% OF TOTAL":7.0,"2024":69,"2029":79},"Female population: 20 - 24 years":{"Demographic":null,"2020":47,"% OF TOTAL":5.6,"2024":51,"2029":63},"Female population: 25 - 29 years":{"Demographic":null,"2020":36,"% OF TOTAL":4.5,"2024":40,"2029":51},"Female population: 30 - 34 years":{"Demographic":null,"2020":56,"% OF TOTAL":5.3,"2024":64,"2029":60},"Female population: 35 - 39 years":{"Demographic":null,"2020":60,"% OF TOTAL":6.4,"2024":68,"2029":72},"Female population: 40 - 44 years":{"Demographic":null,"2020":55,"% OF TOTAL":6.3,"2024":66,"2029":71},"Female population: 45 - 49 years":{"Demographic":null,"2020":60,"% OF TOTAL":6.5,"2024":64,"2029":73},"Female population: 50 - 54 years":{"Demographic":null,"2020":67,"% OF TOTAL":7.0,"2024":75,"2029":79},"Female population: 55 - 59 years":{"Demographic":null,"2020":66,"% OF TOTAL":6.2,"2024":64,"2029":70},"Female population: 60 - 64 years":{"Demographic":null,"2020":71,"% OF TOTAL":6.5,"2024":78,"2029":74},"Female population: 65 - 69 years":{"Demographic":null,"2020":58,"% OF TOTAL":6.5,"2024":65,"2029":73},"Female population: 70 - 74 years":{"Demographic":null,"2020":53,"% OF TOTAL":5.8,"2024":57,"2029":66},"Female population: 75 - 79 years":{"Demographic":null,"2020":29,"% OF TOTAL":4.4,"2024":37,"2029":50},"Female population: 80 - 84 years":{"Demographic":null,"2020":18,"% OF TOTAL":2.7,"2024":21,"2029":31},"Female population: 85 years and over":{"Demographic":null,"2020":15,"% OF TOTAL":1.9,"2024":16,"2029":22},"Male population: Median Age":{"Demographic":null,"2020":39,"% OF TOTAL":null,"2024":39,"2029":41},"Male population: Under 5 years":{"Demographic":null,"2020":52,"% OF TOTAL":5.2,"2024":57,"2029":58},"Male population: 5 - 9 years":{"Demographic":null,"2020":69,"% OF TOTAL":6.6,"2024":78,"2029":74},"Male population: 10 - 14 years":{"Demographic":null,"2020":80,"% OF TOTAL":7.8,"2024":86,"2029":87},"Male population: 15 - 19 years":{"Demographic":null,"2020":56,"% OF TOTAL":6.8,"2024":64,"2029":76},"Male population: 20 - 24 years":{"Demographic":null,"2020":34,"% OF TOTAL":4.5,"2024":36,"2029":50},"Male population: 25 - 29 years":{"Demographic":null,"2020":58,"% OF TOTAL":5.1,"2024":59,"2029":57},"Male population: 30 - 34 years":{"Demographic":null,"2020":59,"% OF TOTAL":6.2,"2024":67,"2029":69},"Male population: 35 - 39 years":{"Demographic":null,"2020":60,"% OF TOTAL":6.6,"2024":68,"2029":74},"Male population: 40 - 44 years":{"Demographic":null,"2020":52,"% OF TOTAL":6.2,"2024":62,"2029":69},"Male population: 45 - 49 years":{"Demographic":null,"2020":69,"% OF TOTAL":6.7,"2024":70,"2029":75},"Male population: 50 - 54 years":{"Demographic":null,"2020":56,"% OF TOTAL":6.4,"2024":64,"2029":72},"Male population: 55 - 59 years":{"Demographic":null,"2020":60,"% OF TOTAL":5.5,"2024":57,"2029":62},"Male population: 60 - 64 years":{"Demographic":null,"2020":74,"% OF TOTAL":6.8,"2024":81,"2029":76},"Male population: 65 - 69 years":{"Demographic":null,"2020":53,"% OF TOTAL":6.5,"2024":63,"2029":73},"Male population: 70 - 74 years":{"Demographic":null,"2020":55,"% OF TOTAL":6.1,"2024":60,"2029":68},"Male population: 75 - 79 years":{"Demographic":null,"2020":26,"% OF TOTAL":4.1,"2024":33,"2029":46},"Male population: 80 - 84 years":{"Demographic":null,"2020":11,"% OF TOTAL":2.1,"2024":14,"2029":24},"Male population: 85 years and over":{"Demographic":null,"2020":4,"% OF TOTAL":0.8,"2024":4,"2029":9},"White alone":{"Demographic":null,"2020":1587,"% OF TOTAL":84.6,"2024":1740,"2029":1903},"Black alone":{"Demographic":null,"2020":85,"% OF TOTAL":4.4,"2024":91,"2029":99},"American Indian and Alaska Native alone":{"Demographic":null,"2020":10,"% OF TOTAL":0.6,"2024":12,"2029":13},"Asian alone":{"Demographic":null,"2020":19,"% OF TOTAL":1.1,"2024":22,"2029":24},"Native Hawaiian and OPI alone":{"Demographic":null,"2020":5,"% OF TOTAL":0.2,"2024":5,"2029":5},"Some other race alone":{"Demographic":null,"2020":13,"% OF TOTAL":0.7,"2024":14,"2029":16},"Two or more races alone":{"Demographic":null,"2020":143,"% OF TOTAL":8.4,"2024":172,"2029":189},"Not Hispanic: White alone":{"Demographic":null,"2020":1566,"% OF TOTAL":83.5,"2024":1716,"2029":1877},"Not Hispanic: Black or African American alone":{"Demographic":null,"2020":85,"% OF TOTAL":4.4,"2024":91,"2029":99},"Not Hispanic: American Indian and Alaska Native alone":{"Demographic":null,"2020":9,"% OF TOTAL":0.5,"2024":10,"2029":11},"Not Hispanic: Asian alone":{"Demographic":null,"2020":19,"% OF TOTAL":1.1,"2024":22,"2029":24},"Not Hispanic: Native Hawaiian and OPI alone":{"Demographic":null,"2020":5,"% OF TOTAL":0.2,"2024":5,"2029":5},"Not Hispanic: Some Other Race alone":{"Demographic":null,"2020":7,"% OF TOTAL":0.4,"2024":8,"2029":9},"Not Hispanic: Two or More Races":{"Demographic":null,"2020":110,"% OF TOTAL":6.4,"2024":131,"2029":144},"Hispanic: White alone":{"Demographic":null,"2020":21,"% OF TOTAL":1.2,"2024":24,"2029":26},"Hispanic: Black or African American alone":{"Demographic":null,"2020":0,"% OF TOTAL":0.0,"2024":0,"2029":0},"Hispanic: American Indian and Alaska Native alone":{"Demographic":null,"2020":1,"% OF TOTAL":0.1,"2024":2,"2029":2},"Hispanic: Asian alone":{"Demographic":null,"2020":0,"% OF TOTAL":0.0,"2024":0,"2029":0},"Hispanic: Native Hawaiian and OPI alone":{"Demographic":null,"2020":0,"% OF TOTAL":0.0,"2024":0,"2029":0},"Hispanic: Some Other Race alone":{"Demographic":null,"2020":6,"% OF TOTAL":0.3,"2024":6,"2029":7},"Hispanic: Two or More Races":{"Demographic":null,"2020":33,"% OF TOTAL":2.0,"2024":41,"2029":45},"Educational Attainment: No High School Diploma":{"Demographic":null,"2020":132,"% OF TOTAL":null,"2024":146,"2029":null},"Educational Attainment: High School Diploma":{"Demographic":null,"2020":544,"% OF TOTAL":null,"2024":602,"2029":null},"Educational Attainment: Some College":{"Demographic":null,"2020":168,"% OF TOTAL":null,"2024":186,"2029":null},"Educational Attainment: Associates Degree":{"Demographic":null,"2020":212,"% OF TOTAL":null,"2024":234,"2029":null},"Educational Attainment: Bachelors Degree":{"Demographic":null,"2020":209,"% OF TOTAL":null,"2024":231,"2029":null},"Educational Attainment: Advanced Degree":{"Demographic":null,"2020":16,"% OF TOTAL":null,"2024":18,"2029":null},"Employment Status: Armed Forces":{"Demographic":null,"2020":0,"% OF TOTAL":null,"2024":0,"2029":null},"Employment Status: Civilian labor force employed":{"Demographic":null,"2020":757,"% OF TOTAL":null,"2024":856,"2029":null},"Employment Status: Civilian labor force unemployed":{"Demographic":null,"2020":38,"% OF TOTAL":null,"2024":43,"2029":null},"Employment Status: Not in labor force":{"Demographic":null,"2020":645,"% OF TOTAL":null,"2024":729,"2029":null},"Employed in Agriculture and Mining Industries":{"Demographic":null,"2020":0,"% OF TOTAL":null,"2024":0,"2029":null},"Employed in Construction Industries":{"Demographic":null,"2020":59,"% OF TOTAL":null,"2024":67,"2029":null},"Employed in Manufacturing Industries":{"Demographic":null,"2020":33,"% OF TOTAL":null,"2024":37,"2029":null},"Employed in Wholesale Industries":{"Demographic":null,"2020":74,"% OF TOTAL":null,"2024":84,"2029":null},"Employed in Retail Industries":{"Demographic":null,"2020":110,"% OF TOTAL":null,"2024":124,"2029":null},"Employed in Transportation and Utilities Industries":{"Demographic":null,"2020":49,"% OF TOTAL":null,"2024":55,"2029":null},"Employed in Information Industries":{"Demographic":null,"2020":0,"% OF TOTAL":null,"2024":0,"2029":null},"Employed in Real-Estate Industries":{"Demographic":null,"2020":89,"% OF TOTAL":null,"2024":101,"2029":null},"Employed in Professional Industries":{"Demographic":null,"2020":83,"% OF TOTAL":null,"2024":94,"2029":null},"Employed in Health and Education Industries":{"Demographic":null,"2020":123,"% OF TOTAL":null,"2024":139,"2029":null},"Employed in Art Industries":{"Demographic":null,"2020":43,"% OF TOTAL":null,"2024":49,"2029":null},"Employed in Other Industries":{"Demographic":null,"2020":16,"% OF TOTAL":null,"2024":18,"2029":null},"Employed in Public Administration Industries":{"Demographic":null,"2020":78,"% OF TOTAL":null,"2024":88,"2029":null},"Occupation: Management":{"Demographic":null,"2020":136,"% OF TOTAL":null,"2024":154,"2029":null},"Occupation: Business and financial operations":{"Demographic":null,"2020":0,"% OF TOTAL":null,"2024":0,"2029":null},"Occupation: Computer and mathematical":{"Demographic":null,"2020":0,"% OF TOTAL":null,"2024":0,"2029":null},"Occupation: Architecture and engineering":{"Demographic":null,"2020":11,"% OF TOTAL":null,"2024":12,"2029":null},"Occupation: Life, physical, and social science":{"Demographic":null,"2020":0,"% OF TOTAL":null,"2024":0,"2029":null},"Occupation: Community and social service":{"Demographic":null,"2020":16,"% OF TOTAL":null,"2024":18,"2029":null},"Occupation: Legal":{"Demographic":null,"2020":0,"% OF TOTAL":null,"2024":0,"2029":null},"Occupation: Education, training, and library":{"Demographic":null,"2020":0,"% OF TOTAL":null,"2024":0,"2029":null},"Occupation: Arts, design, entertainment, sports, and media":{"Demographic":null,"2020":16,"% OF TOTAL":null,"2024":18,"2029":null},"Occupation: Health diagnosing and treating practitioners":{"Demographic":null,"2020":0,"% OF TOTAL":null,"2024":0,"2029":null},"Occupation: Health technologists and technicians":{"Demographic":null,"2020":91,"% OF TOTAL":null,"2024":103,"2029":null},"Occupation: Healthcare support":{"Demographic":null,"2020":67,"% OF TOTAL":null,"2024":76,"2029":null},"Occupation: Fire fighting and prevention":{"Demographic":null,"2020":0,"% OF TOTAL":null,"2024":0,"2029":null},"Occupation: Law enforcement workers":{"Demographic":null,"2020":78,"% OF TOTAL":null,"2024":88,"2029":null},"Occupation: Food preparation and serving related":{"Demographic":null,"2020":36,"% OF TOTAL":null,"2024":41,"2029":null},"Occupation: Building and grounds cleaning and maintenance":{"Demographic":null,"2020":0,"% OF TOTAL":null,"2024":0,"2029":null},"Occupation: Personal care and service":{"Demographic":null,"2020":0,"% OF TOTAL":null,"2024":0,"2029":null},"Occupation: Sales and related":{"Demographic":null,"2020":60,"% OF TOTAL":null,"2024":68,"2029":null},"Occupation: Office and administrative support":{"Demographic":null,"2020":41,"% OF TOTAL":null,"2024":46,"2029":null},"Occupation: Farming, fishing, and forestry":{"Demographic":null,"2020":0,"% OF TOTAL":null,"2024":0,"2029":null},"Occupation: Construction and extraction":{"Demographic":null,"2020":46,"% OF TOTAL":null,"2024":52,"2029":null},"Occupation: Installation, maintenance, and repair":{"Demographic":null,"2020":0,"% OF TOTAL":null,"2024":0,"2029":null},"Occupation: Production":{"Demographic":null,"2020":70,"% OF TOTAL":null,"2024":79,"2029":null},"Occupation: Transportation":{"Demographic":null,"2020":62,"% OF TOTAL":null,"2024":70,"2029":null},"Occupation: Material moving":{"Demographic":null,"2020":27,"% OF TOTAL":null,"2024":31,"2029":null},"White collar":{"Demographic":null,"2020":371,"% OF TOTAL":null,"2024":419,"2029":null},"Blue collar":{"Demographic":null,"2020":386,"% OF TOTAL":null,"2024":437,"2029":null},"Means of transportation: Car, truck or van":{"Demographic":null,"2020":725,"% OF TOTAL":null,"2024":819,"2029":null},"Means of transportation: Public transportation":{"Demographic":null,"2020":0,"% OF TOTAL":null,"2024":0,"2029":null},"Means of transportation: Other":{"Demographic":null,"2020":13,"% OF TOTAL":null,"2024":15,"2029":null},"Travel time: Average (in minutes)":{"Demographic":null,"2020":28,"% OF TOTAL":null,"2024":28,"2029":null},"Travel time to work: Less than 30 minutes":{"Demographic":null,"2020":493,"% OF TOTAL":null,"2024":557,"2029":null},"Travel time to work: 30 to 60 minutes":{"Demographic":null,"2020":229,"% OF TOTAL":null,"2024":259,"2029":null},"Travel time to work: 60 or more minutes":{"Demographic":null,"2020":16,"% OF TOTAL":null,"2024":18,"2029":null}},"demographic_snapshot":{"Total Population":{"Demographic":null,"2020":1862,"% OF TOTAL":null,"2024":2056,"2029":2249},"Households":{"Demographic":null,"2020":689,"% OF TOTAL":null,"2024":771,"2029":856},"Population in Group Quarters":{"Demographic":null,"2020":0,"% OF TOTAL":null,"2024":0,"2029":0},"Households Growth":{"Demographic":null,"2020":null,"% OF TOTAL":null,"2024":11.9,"2029":11.0},"Household Income: Median":{"Demographic":null,"2020":0,"% OF TOTAL":null,"2024":70982,"2029":82168},"Home Value: Median":{"Demographic":null,"2020":160172,"% OF TOTAL":null,"2024":160108,"2029":null},"Population Growth":{"Demographic":null,"2020":null,"% OF TOTAL":null,"2024":10.4,"2029":9.4},"Total Population: Under 19 years":{"Demographic":null,"2020":500,"% OF TOTAL":25.3,"2024":552,"2029":570},"Total Population: 20 - 64 years":{"Demographic":null,"2020":1040,"% OF TOTAL":54.1,"2024":1134,"2029":1217},"Total Population: 65 years and over":{"Demographic":null,"2020":322,"% OF TOTAL":20.5,"2024":370,"2029":462},"Total population: Median age":{"Demographic":null,"2020":41,"% OF TOTAL":null,"2024":40,"2029":42},"Total population: Under 5 years":{"Demographic":null,"2020":107,"% OF TOTAL":5.2,"2024":116,"2029":118},"Total population: 5 - 9 years":{"Demographic":null,"2020":119,"% OF TOTAL":5.9,"2024":133,"2029":132},"Total population: 10 - 14 years":{"Demographic":null,"2020":158,"% OF TOTAL":7.3,"2024":170,"2029":165},"Total population: 15 - 19 years":{"Demographic":null,"2020":116,"% OF TOTAL":6.9,"2024":133,"2029":155},"Total population: 20 - 24 years":{"Demographic":null,"2020":81,"% OF TOTAL":5.0,"2024":87,"2029":113},"Total population: 25 - 29 years":{"Demographic":null,"2020":94,"% OF TOTAL":4.8,"2024":99,"2029":108},"Total population: 30 - 34 years":{"Demographic":null,"2020":115,"% OF TOTAL":5.7,"2024":131,"2029":129},"Total population: 35 - 39 years":{"Demographic":null,"2020":120,"% OF TOTAL":6.5,"2024":136,"2029":146},"Total population: 40 - 44 years":{"Demographic":null,"2020":107,"% OF TOTAL":6.2,"2024":128,"2029":140},"Total population: 45 - 49 years":{"Demographic":null,"2020":129,"% OF TOTAL":6.6,"2024":134,"2029":148},"Total population: 50 - 54 years":{"Demographic":null,"2020":123,"% OF TOTAL":6.7,"2024":139,"2029":151},"Total population: 55 - 59 years":{"Demographic":null,"2020":126,"% OF TOTAL":5.9,"2024":121,"2029":132},"Total population: 60 - 64 years":{"Demographic":null,"2020":145,"% OF TOTAL":6.7,"2024":159,"2029":150},"Total population: 65 - 69 years":{"Demographic":null,"2020":111,"% OF TOTAL":6.5,"2024":128,"2029":146},"Total population: 70 - 74 years":{"Demographic":null,"2020":108,"% OF TOTAL":6.0,"2024":117,"2029":134},"Total population: 75 - 79 years":{"Demographic":null,"2020":55,"% OF TOTAL":4.3,"2024":70,"2029":96},"Total population: 80 - 84 years":{"Demographic":null,"2020":29,"% OF TOTAL":2.4,"2024":35,"2029":55},"Total population: 85 years and over":{"Demographic":null,"2020":19,"% OF TOTAL":1.4,"2024":20,"2029":31},"Householders Age 15-24":{"Demographic":null,"2020":6,"% OF TOTAL":1.4,"2024":7,"2029":12},"Householders Age 25-34":{"Demographic":null,"2020":97,"% OF TOTAL":13.6,"2024":108,"2029":116},"Householders Age 35-44":{"Demographic":null,"2020":117,"% OF TOTAL":16.7,"2024":131,"2029":143},"Householders Age 45-54":{"Demographic":null,"2020":90,"% OF TOTAL":13.1,"2024":101,"2029":112},"Householders Age 55-64":{"Demographic":null,"2020":146,"% OF TOTAL":19.7,"2024":163,"2029":169},"Householders Age 65-74":{"Demographic":null,"2020":146,"% OF TOTAL":21.8,"2024":163,"2029":187},"Householders Age 75+":{"Demographic":null,"2020":87,"% OF TOTAL":13.7,"2024":98,"2029":117},"Household income: Average":{"Demographic":null,"2020":74383,"% OF TOTAL":null,"2024":85882,"2029":109282},"Household income: Less than 25k":{"Demographic":null,"2020":59,"% OF TOTAL":3.0,"2024":44,"2029":26},"Household income: 25k - 50k":{"Demographic":null,"2020":192,"% OF TOTAL":23.1,"2024":197,"2029":198},"Household income: 50k - 75k":{"Demographic":null,"2020":189,"% OF TOTAL":19.0,"2024":182,"2029":163},"Household income: 75k - 100k":{"Demographic":null,"2020":129,"% OF TOTAL":16.7,"2024":150,"2029":143},"Household income: 100k - 125k":{"Demographic":null,"2020":46,"% OF TOTAL":12.3,"2024":68,"2029":105},"Household income: 125k - 150k":{"Demographic":null,"2020":31,"% OF TOTAL":5.7,"2024":27,"2029":49},"Household income: 150k - 200k":{"Demographic":null,"2020":25,"% OF TOTAL":10.4,"2024":78,"2029":89},"Household income: Above 200k":{"Demographic":null,"2020":18,"% OF TOTAL":9.7,"2024":25,"2029":83},"White Alone":{"Demographic":null,"2020":1587,"% OF TOTAL":84.6,"2024":1740,"2029":1903},"Black or African American Alone":{"Demographic":null,"2020":85,"% OF TOTAL":4.4,"2024":91,"2029":99},"American Indian and Alaska Native Alone":{"Demographic":null,"2020":10,"% OF TOTAL":0.6,"2024":12,"2029":13},"Asian Alone":{"Demographic":null,"2020":19,"% OF TOTAL":1.1,"2024":22,"2029":24},"Native Hawaiian and OPI Alone":{"Demographic":null,"2020":5,"% OF TOTAL":0.2,"2024":5,"2029":5},"Some Other Race Alone":{"Demographic":null,"2020":13,"% OF TOTAL":0.7,"2024":14,"2029":16},"Two or More Races Alone":{"Demographic":null,"2020":143,"% OF TOTAL":8.4,"2024":172,"2029":189},"Not Hispanic or Latino":{"Demographic":null,"2020":1801,"% OF TOTAL":96.4,"2024":1983,"2029":2169},"Hispanic or Latino":{"Demographic":null,"2020":61,"% OF TOTAL":3.6,"2024":73,"2029":80},"Total Housing Units":{"Demographic":null,"2020":746,"% OF TOTAL":null,"2024":null,"2029":null},"Owner Occupied Housing Units":{"Demographic":null,"2020":600,"% OF TOTAL":null,"2024":671,"2029":null},"Renter Occupied Housing Units":{"Demographic":null,"2020":89,"% OF TOTAL":null,"2024":100,"2029":null},"Housing Units Value Less Than 100k":{"Demographic":null,"2020":112,"% OF TOTAL":null,"2024":125,"2029":null},"Housing Units Value 100k - 200k":{"Demographic":null,"2020":293,"% OF TOTAL":null,"2024":328,"2029":null},"Housing Units Value 200k - 250k":{"Demographic":null,"2020":75,"% OF TOTAL":null,"2024":84,"2029":null},"Housing Units Value 250k - 300k":{"Demographic":null,"2020":32,"% OF TOTAL":null,"2024":36,"2029":null},"Housing Units Value 300k - 400k":{"Demographic":null,"2020":60,"% OF TOTAL":null,"2024":67,"2029":null},"Housing Units Value 400k - 500k":{"Demographic":null,"2020":11,"% OF TOTAL":null,"2024":12,"2029":null},"Housing Units Value 500k - 750k":{"Demographic":null,"2020":0,"% OF TOTAL":null,"2024":0,"2029":null},"Housing Units Value 750k - 1m":{"Demographic":null,"2020":17,"% OF TOTAL":null,"2024":19,"2029":null},"Housing Units Value 1m - 1.5m":{"Demographic":null,"2020":0,"% OF TOTAL":null,"2024":0,"2029":null},"Housing Units Value 1.5m - 2m":{"Demographic":null,"2020":0,"% OF TOTAL":null,"2024":0,"2029":null},"Housing Units Value >2m":{"Demographic":null,"2020":0,"% OF TOTAL":null,"2024":0,"2029":null},"Take Car or Truck to Work":{"Demographic":null,"2020":725,"% OF TOTAL":null,"2024":819,"2029":null},"Take Public Transportation to Work":{"Demographic":null,"2020":0,"% OF TOTAL":null,"2024":0,"2029":null},"Take Other Means of Transportation to Work":{"Demographic":null,"2020":13,"% OF TOTAL":null,"2024":15,"2029":null},"Average Travel Time (min)":{"Demographic":null,"2020":29,"% OF TOTAL":null,"2024":29,"2029":null},"Travel Below 30 Min to Work":{"Demographic":null,"2020":493,"% OF TOTAL":null,"2024":557,"2029":null},"Travel 30-60 Min to Work":{"Demographic":null,"2020":229,"% OF TOTAL":null,"2024":259,"2029":null},"Travel Above 60 Min to Work":{"Demographic":null,"2020":44,"% OF TOTAL":null,"2024":18,"2029":null},"Educational Attainment: No High School Diploma":{"Demographic":null,"2020":676,"% OF TOTAL":null,"2024":748,"2029":null},"Educational Attainment: High School Diploma":{"Demographic":null,"2020":544,"% OF TOTAL":null,"2024":602,"2029":null},"Educational Attainment: Some College":{"Demographic":null,"2020":589,"% OF TOTAL":null,"2024":651,"2029":null},"Educational Attainment: Associate's Degree":{"Demographic":null,"2020":212,"% OF TOTAL":null,"2024":234,"2029":null},"Educational Attainment: Bachelors Degree":{"Demographic":null,"2020":209,"% OF TOTAL":null,"2024":231,"2029":null},"Educational Attainment: Advanced Degree":{"Demographic":null,"2020":16,"% OF TOTAL":null,"2024":18,"2029":null},"Households: Number of vehicles available - Average":{"Demographic":null,"2020":2,"% OF TOTAL":null,"2024":2,"2029":null},"Households: No Vehicle available":{"Demographic":null,"2020":0,"% OF TOTAL":null,"2024":0,"2029":null},"Households: 1 Vehicle available":{"Demographic":null,"2020":175,"% OF TOTAL":null,"2024":196,"2029":null},"Households: 2 Vehicles available":{"Demographic":null,"2020":357,"% OF TOTAL":null,"2024":399,"2029":null},"Households: 3 Vehicles available":{"Demographic":null,"2020":157,"% OF TOTAL":null,"2024":176,"2029":null},"Households: 4 or more Vehicles available":{"Demographic":null,"2020":0,"% OF TOTAL":null,"2024":0,"2029":null}},"household_trends":{"Households":{"Demographic":null,"2020":689,"% OF TOTAL":null,"2024":771,"2029":856},"Households Growth":{"Demographic":null,"2020":null,"% OF TOTAL":null,"2024":11.9,"2029":11.0},"Householder Age 15-24":{"Demographic":null,"2020":6,"% OF TOTAL":1.4,"2024":7,"2029":12},"Householder Age 25-34":{"Demographic":null,"2020":97,"% OF TOTAL":13.6,"2024":108,"2029":116},"Householder Age 35-44":{"Demographic":null,"2020":117,"% OF TOTAL":16.7,"2024":131,"2029":143},"Householder Age 45-54":{"Demographic":null,"2020":90,"% OF TOTAL":13.1,"2024":101,"2029":112},"Householder Age 55-64":{"Demographic":null,"2020":146,"% OF TOTAL":19.7,"2024":163,"2029":169},"Householder Age 65-74":{"Demographic":null,"2020":146,"% OF TOTAL":21.8,"2024":163,"2029":187},"Householder Age 75+":{"Demographic":null,"2020":87,"% OF TOTAL":13.7,"2024":98,"2029":117},"Average Household Size":{"Demographic":null,"2020":2.7,"% OF TOTAL":null,"2024":2.7,"2029":2.6},"1 Person Households":{"Demographic":null,"2020":148,"% OF TOTAL":21.4,"2024":160,"2029":183},"2 Person Households":{"Demographic":null,"2020":236,"% OF TOTAL":33.6,"2024":254,"2029":288},"3 Person Households":{"Demographic":null,"2020":135,"% OF TOTAL":19.4,"2024":147,"2029":166},"4 Person Households":{"Demographic":null,"2020":98,"% OF TOTAL":14.8,"2024":121,"2029":127},"5 Person Households":{"Demographic":null,"2020":60,"% OF TOTAL":9.0,"2024":73,"2029":77},"6 Person Households":{"Demographic":null,"2020":9,"% OF TOTAL":1.3,"2024":12,"2029":11},"7+ Person Households":{"Demographic":null,"2020":3,"% OF TOTAL":0.5,"2024":4,"2029":4},"Household Type: Family":{"Demographic":null,"2020":497,"% OF TOTAL":null,"2024":556,"2029":null},"Household Type: Married Family":{"Demographic":null,"2020":351,"% OF TOTAL":null,"2024":393,"2029":null},"Household Type: Married Family With Children":{"Demographic":null,"2020":127,"% OF TOTAL":null,"2024":142,"2029":null},"Household Type: Married Family Without Children":{"Demographic":null,"2020":224,"% OF TOTAL":null,"2024":251,"2029":null},"Household Type: Other Family":{"Demographic":null,"2020":146,"% OF TOTAL":null,"2024":163,"2029":null},"Household Type: Male Households, No Wife":{"Demographic":null,"2020":43,"% OF TOTAL":null,"2024":48,"2029":null},"Household Type: Male Households, No Wife With Children":{"Demographic":null,"2020":20,"% OF TOTAL":null,"2024":22,"2029":null},"Household Type: Male Households, No Wife Without Children":{"Demographic":null,"2020":23,"% OF TOTAL":null,"2024":26,"2029":null},"Household Type: Female Households, No Husband":{"Demographic":null,"2020":103,"% OF TOTAL":null,"2024":115,"2029":null},"Household Type: Female Households, No Husband With Children":{"Demographic":null,"2020":45,"% OF TOTAL":null,"2024":50,"2029":null},"Household Type: Female Households, No Husband Without Children":{"Demographic":null,"2020":58,"% OF TOTAL":null,"2024":65,"2029":null},"Household Income: Average":{"Demographic":null,"2020":74383,"% OF TOTAL":null,"2024":85882,"2029":109282},"Household Income: Median":{"Demographic":null,"2020":0,"% OF TOTAL":null,"2024":70982,"2029":82168},"Household Income: Less than $25k":{"Demographic":null,"2020":59,"% OF TOTAL":3.0,"2024":44,"2029":26},"Household Income: $25k - $50k":{"Demographic":null,"2020":192,"% OF TOTAL":23.1,"2024":197,"2029":198},"Household Income: $50k - $75k":{"Demographic":null,"2020":189,"% OF TOTAL":19.0,"2024":182,"2029":163},"Household Income: $75k - $100k":{"Demographic":null,"2020":129,"% OF TOTAL":16.7,"2024":150,"2029":143},"Household Income: $100k - $125k":{"Demographic":null,"2020":46,"% OF TOTAL":12.3,"2024":68,"2029":105},"Household Income: $125k - $150k":{"Demographic":null,"2020":31,"% OF TOTAL":5.7,"2024":27,"2029":49},"Household Income: $150k - $200k":{"Demographic":null,"2020":25,"% OF TOTAL":10.4,"2024":78,"2029":89},"Household Income: Above $200k":{"Demographic":null,"2020":18,"% OF TOTAL":9.7,"2024":25,"2029":83},"Total Housing Units":{"Demographic":null,"2020":746,"% OF TOTAL":null,"2024":null,"2029":null},"Owner Occupied Housing Units":{"Demographic":null,"2020":600,"% OF TOTAL":null,"2024":671,"2029":null},"Renter Occupied Housing Units":{"Demographic":null,"2020":89,"% OF TOTAL":null,"2024":100,"2029":null},"Vacant Housing Units":{"Demographic":null,"2020":57,"% OF TOTAL":null,"2024":null,"2029":null},"Vacant Housing Units: Seasonal":{"Demographic":null,"2020":5,"% OF TOTAL":null,"2024":null,"2029":null},"Vacant Housing Units: Other Usage":{"Demographic":null,"2020":52,"% OF TOTAL":null,"2024":null,"2029":null},"Average Housing Unit Value":{"Demographic":null,"2020":194733,"% OF TOTAL":null,"2024":194594,"2029":null},"Median Housing Unit Value":{"Demographic":null,"2020":160172,"% OF TOTAL":null,"2024":160108,"2029":null},"Housing Unit Value Less Than $100k":{"Demographic":null,"2020":112,"% OF TOTAL":null,"2024":125,"2029":null},"Housing Unit Value $100k-$200k":{"Demographic":null,"2020":293,"% OF TOTAL":null,"2024":328,"2029":null},"Housing Unit Value $200k-$250k":{"Demographic":null,"2020":75,"% OF TOTAL":null,"2024":84,"2029":null},"Housing Unit Value $250k-$300k":{"Demographic":null,"2020":32,"% OF TOTAL":null,"2024":36,"2029":null},"Housing Unit Value $300k-$400k":{"Demographic":null,"2020":60,"% OF TOTAL":null,"2024":67,"2029":null},"Housing Unit Value $400k-$500k":{"Demographic":null,"2020":11,"% OF TOTAL":null,"2024":12,"2029":null},"Housing Unit Value $500k-$750k":{"Demographic":null,"2020":0,"% OF TOTAL":null,"2024":0,"2029":null},"Housing Unit Value $750k-$1m":{"Demographic":null,"2020":17,"% OF TOTAL":null,"2024":19,"2029":null},"Housing Unit Value $1m-$1.5m":{"Demographic":null,"2020":0,"% OF TOTAL":null,"2024":0,"2029":null},"Housing Unit Value $1.5m-$2m":{"Demographic":null,"2020":0,"% OF TOTAL":null,"2024":0,"2029":null},"Housing Unit Value Above $2m":{"Demographic":null,"2020":0,"% OF TOTAL":null,"2024":0,"2029":null},"Median Housing Unit Year Built":{"Demographic":null,"2020":1996,"% OF TOTAL":null,"2024":1996,"2029":null},"Housing Units Built 2014 Or After":{"Demographic":null,"2020":32,"% OF TOTAL":null,"2024":36,"2029":null},"Housing Units Built 2010-2013":{"Demographic":null,"2020":78,"% OF TOTAL":null,"2024":87,"2029":null},"Housing Units Built 2000-2009":{"Demographic":null,"2020":195,"% OF TOTAL":null,"2024":218,"2029":null},"Housing Units Built 1990-1999":{"Demographic":null,"2020":93,"% OF TOTAL":null,"2024":104,"2029":null},"Housing Units Built 1980-1989":{"Demographic":null,"2020":204,"% OF TOTAL":null,"2024":229,"2029":null},"Housing Units Built 1970-1979":{"Demographic":null,"2020":67,"% OF TOTAL":null,"2024":75,"2029":null},"Housing Units Built 1960-1969":{"Demographic":null,"2020":20,"% OF TOTAL":null,"2024":22,"2029":null},"Housing Units Built 1950-1959":{"Demographic":null,"2020":0,"% OF TOTAL":null,"2024":0,"2029":null},"Housing Units Built 1940-1949":{"Demographic":null,"2020":0,"% OF TOTAL":null,"2024":0,"2029":null},"Housing Units Built Before 1940":{"Demographic":null,"2020":0,"% OF TOTAL":null,"2024":0,"2029":null}}},"geometry":{"type":"Polygon","coordinates":[[[-87.30553913838654,30.61820301554947],[-87.30553913838654,30.647116448730525],[-87.27194858438408,30.647116448730525],[-87.27194858438408,30.61820301554947],[-87.30553913838654,30.61820301554947]]]}},{"type":"Feature","properties":{"block":"019","block_num":19,"submarket":"Cantonment","CentroidLon":-87.4098538551232,"CentroidLat":30.63147465831231,"data_status":"no data","is_anomalous":false,"anomaly_reason":null,"files_present":""},"geometry":{"type":"Polygon","coordinates":[[[-87.41154868967658,30.647116448730525],[-87.40631080039391,30.647116448730525],[-87.40631080039391,30.61820301554947],[-87.41496507546955,30.61820301554947],[-87.41154868967658,30.647116448730525]]]}},{"type":"Feature","properties":{"block":"020","block_num":20,"submarket":"Cantonment","CentroidLon":-87.26568523531536,"CentroidLat":30.631410987448632,"data_status":"no data","is_anomalous":false,"anomaly_reason":null,"files_present":""},"geometry":{"type":"Polygon","coordinates":[[[-87.2613809188637,30.63923152398037],[-87.25635870613341,30.61820301554947],[-87.27194858438408,30.61820301554947],[-87.27194858438408,30.647116448730525],[-87.26243300903445,30.647116448730525],[-87.2613809188637,30.63923152398037]]]}},{"type":"Feature","properties":{"block":"021","block_num":21,"submarket":"Cantonment","CentroidLon":-87.38951552339269,"CentroidLat":30.603746298958942,"data_status":"usable","is_anomalous":false,"anomaly_reason":null,"files_present":"ConsumerSegmentation-26.08.10.csv;DemographicSnapshot-26.08.10.csv;HouseholdIncomeByAge-26.08.10.csv;HouseholdTrends-26.08.10.csv;PopulationTrends-26.08.10.csv","population_2024":1338,"population_2029":1378,"households_2024":524,"households_2029":548,"median_household_income_2024":96652,"median_household_income_2029":113500,"mean_household_income_2024":null,"mean_household_income_2029":null,"median_age_2024":47,"median_age_2029":48,"median_home_value_2024":227134,"average_household_size_2024":2.6,"average_household_size_2029":2.5,"population_growth_2024_2029":1.1,"households_growth_2024_2029":2.5,"consumer_segments":{"Simple Life Moderate Income With Children":{"households":69,"pct":21.3},"Simple Life Moderate Income No Children":{"households":58,"pct":17.9},"Active Adult Elite":{"households":55,"pct":17.0},"Renters":{"households":53,"pct":16.4},"Family Life Young Children":{"households":34,"pct":10.5},"Simple Life Affluent No Children":{"households":27,"pct":8.3},"Active Adult Feature and Location":{"households":15,"pct":4.6},"Renters Near Term Buyers":{"households":8,"pct":2.5},"Active Adult Entry Level":{"households":5,"pct":1.5},"Elite":{"households":0,"pct":0.0},"Family Life School Age Children":{"households":0,"pct":0.0},"Feature and Location":{"households":0,"pct":0.0},"Entry Level Urban":{"households":0,"pct":0.0},"Entry Level Suburban":{"households":0,"pct":0.0}},"income_age":{"2020":{},"2024":{},"2029":{}},"population_trends":{"Total Population":{"Demographic":null,"2020":1323,"% OF TOTAL":null,"2024":1338,"2029":1378},"Population Growth":{"Demographic":null,"2020":null,"% OF TOTAL":null,"2024":1.1,"2029":3.0},"Female Population":{"Demographic":null,"2020":668,"% OF TOTAL":50.7,"2024":677,"2029":698},"Male Population":{"Demographic":null,"2020":655,"% OF TOTAL":49.3,"2024":661,"2029":680},"Total population: Median Age":{"Demographic":null,"2020":47,"% OF TOTAL":null,"2024":47,"2029":48},"Total population: Under 5 years":{"Demographic":null,"2020":65,"% OF TOTAL":4.5,"2024":63,"2029":62},"Total population: 5 - 9 years":{"Demographic":null,"2020":50,"% OF TOTAL":3.8,"2024":51,"2029":52},"Total population: 10 - 14 years":{"Demographic":null,"2020":77,"% OF TOTAL":4.9,"2024":76,"2029":67},"Total population: 15 - 19 years":{"Demographic":null,"2020":101,"% OF TOTAL":7.0,"2024":104,"2029":97},"Total population: 20 - 24 years":{"Demographic":null,"2020":71,"% OF TOTAL":6.2,"2024":71,"2029":86},"Total population: 25 - 29 years":{"Demographic":null,"2020":72,"% OF TOTAL":5.1,"2024":68,"2029":70},"Total population: 30 - 34 years":{"Demographic":null,"2020":76,"% OF TOTAL":5.4,"2024":79,"2029":75},"Total population: 35 - 39 years":{"Demographic":null,"2020":54,"% OF TOTAL":4.8,"2024":58,"2029":66},"Total population: 40 - 44 years":{"Demographic":null,"2020":59,"% OF TOTAL":4.7,"2024":66,"2029":65},"Total population: 45 - 49 years":{"Demographic":null,"2020":85,"% OF TOTAL":5.8,"2024":81,"2029":80},"Total population: 50 - 54 years":{"Demographic":null,"2020":110,"% OF TOTAL":7.8,"2024":113,"2029":107},"Total population: 55 - 59 years":{"Demographic":null,"2020":108,"% OF TOTAL":7.2,"2024":95,"2029":99},"Total population: 60 - 64 years":{"Demographic":null,"2020":98,"% OF TOTAL":6.7,"2024":98,"2029":93},"Total population: 65 - 69 years":{"Demographic":null,"2020":105,"% OF TOTAL":7.9,"2024":112,"2029":109},"Total population: 70 - 74 years":{"Demographic":null,"2020":74,"% OF TOTAL":6.5,"2024":73,"2029":89},"Total population: 75 - 79 years":{"Demographic":null,"2020":63,"% OF TOTAL":5.7,"2024":72,"2029":78},"Total population: 80 - 84 years":{"Demographic":null,"2020":34,"% OF TOTAL":3.8,"2024":38,"2029":53},"Total population: 85 years and over":{"Demographic":null,"2020":21,"% OF TOTAL":2.2,"2024":20,"2029":30},"Female population: Median Age":{"Demographic":null,"2020":48,"% OF TOTAL":null,"2024":48,"2029":49},"Female population: Under 5 years":{"Demographic":null,"2020":25,"% OF TOTAL":3.6,"2024":24,"2029":25},"Female population: 5 - 9 years":{"Demographic":null,"2020":26,"% OF TOTAL":3.4,"2024":27,"2029":24},"Female population: 10 - 14 years":{"Demographic":null,"2020":35,"% OF TOTAL":4.7,"2024":35,"2029":33},"Female population: 15 - 19 years":{"Demographic":null,"2020":45,"% OF TOTAL":6.2,"2024":45,"2029":43},"Female population: 20 - 24 years":{"Demographic":null,"2020":37,"% OF TOTAL":6.0,"2024":37,"2029":42},"Female population: 25 - 29 years":{"Demographic":null,"2020":34,"% OF TOTAL":5.0,"2024":33,"2029":35},"Female population: 30 - 34 years":{"Demographic":null,"2020":38,"% OF TOTAL":5.3,"2024":39,"2029":37},"Female population: 35 - 39 years":{"Demographic":null,"2020":31,"% OF TOTAL":5.3,"2024":34,"2029":37},"Female population: 40 - 44 years":{"Demographic":null,"2020":29,"% OF TOTAL":4.7,"2024":32,"2029":33},"Female population: 45 - 49 years":{"Demographic":null,"2020":49,"% OF TOTAL":6.3,"2024":47,"2029":44},"Female population: 50 - 54 years":{"Demographic":null,"2020":59,"% OF TOTAL":8.5,"2024":61,"2029":59},"Female population: 55 - 59 years":{"Demographic":null,"2020":60,"% OF TOTAL":8.0,"2024":54,"2029":56},"Female population: 60 - 64 years":{"Demographic":null,"2020":43,"% OF TOTAL":6.4,"2024":44,"2029":45},"Female population: 65 - 69 years":{"Demographic":null,"2020":45,"% OF TOTAL":6.6,"2024":46,"2029":46},"Female population: 70 - 74 years":{"Demographic":null,"2020":40,"% OF TOTAL":6.2,"2024":40,"2029":43},"Female population: 75 - 79 years":{"Demographic":null,"2020":33,"% OF TOTAL":6.0,"2024":38,"2029":42},"Female population: 80 - 84 years":{"Demographic":null,"2020":22,"% OF TOTAL":4.6,"2024":25,"2029":32},"Female population: 85 years and over":{"Demographic":null,"2020":17,"% OF TOTAL":3.2,"2024":16,"2029":22},"Male population: Median Age":{"Demographic":null,"2020":45,"% OF TOTAL":null,"2024":45,"2029":46},"Male population: Under 5 years":{"Demographic":null,"2020":40,"% OF TOTAL":5.4,"2024":39,"2029":37},"Male population: 5 - 9 years":{"Demographic":null,"2020":24,"% OF TOTAL":4.1,"2024":24,"2029":28},"Male population: 10 - 14 years":{"Demographic":null,"2020":42,"% OF TOTAL":5.0,"2024":41,"2029":34},"Male population: 15 - 19 years":{"Demographic":null,"2020":56,"% OF TOTAL":7.9,"2024":59,"2029":54},"Male population: 20 - 24 years":{"Demographic":null,"2020":34,"% OF TOTAL":6.5,"2024":34,"2029":44},"Male population: 25 - 29 years":{"Demographic":null,"2020":38,"% OF TOTAL":5.1,"2024":35,"2029":35},"Male population: 30 - 34 years":{"Demographic":null,"2020":38,"% OF TOTAL":5.6,"2024":40,"2029":38},"Male population: 35 - 39 years":{"Demographic":null,"2020":23,"% OF TOTAL":4.3,"2024":24,"2029":29},"Male population: 40 - 44 years":{"Demographic":null,"2020":30,"% OF TOTAL":4.7,"2024":34,"2029":32},"Male population: 45 - 49 years":{"Demographic":null,"2020":36,"% OF TOTAL":5.3,"2024":34,"2029":36},"Male population: 50 - 54 years":{"Demographic":null,"2020":51,"% OF TOTAL":7.1,"2024":52,"2029":48},"Male population: 55 - 59 years":{"Demographic":null,"2020":48,"% OF TOTAL":6.3,"2024":41,"2029":43},"Male population: 60 - 64 years":{"Demographic":null,"2020":55,"% OF TOTAL":7.1,"2024":54,"2029":48},"Male population: 65 - 69 years":{"Demographic":null,"2020":60,"% OF TOTAL":9.3,"2024":66,"2029":63},"Male population: 70 - 74 years":{"Demographic":null,"2020":34,"% OF TOTAL":6.8,"2024":33,"2029":46},"Male population: 75 - 79 years":{"Demographic":null,"2020":30,"% OF TOTAL":5.3,"2024":34,"2029":36},"Male population: 80 - 84 years":{"Demographic":null,"2020":12,"% OF TOTAL":3.1,"2024":13,"2029":21},"Male population: 85 years and over":{"Demographic":null,"2020":4,"% OF TOTAL":1.2,"2024":4,"2029":8},"White alone":{"Demographic":null,"2020":1159,"% OF TOTAL":87.2,"2024":1167,"2029":1202},"Black alone":{"Demographic":null,"2020":51,"% OF TOTAL":3.8,"2024":50,"2029":52},"American Indian and Alaska Native alone":{"Demographic":null,"2020":6,"% OF TOTAL":0.4,"2024":6,"2029":6},"Asian alone":{"Demographic":null,"2020":5,"% OF TOTAL":0.4,"2024":5,"2029":5},"Native Hawaiian and OPI alone":{"Demographic":null,"2020":1,"% OF TOTAL":0.1,"2024":1,"2029":1},"Some other race alone":{"Demographic":null,"2020":11,"% OF TOTAL":0.8,"2024":11,"2029":11},"Two or more races alone":{"Demographic":null,"2020":90,"% OF TOTAL":7.3,"2024":98,"2029":101},"Not Hispanic: White alone":{"Demographic":null,"2020":1146,"% OF TOTAL":86.2,"2024":1153,"2029":1188},"Not Hispanic: Black or African American alone":{"Demographic":null,"2020":51,"% OF TOTAL":3.8,"2024":50,"2029":52},"Not Hispanic: American Indian and Alaska Native alone":{"Demographic":null,"2020":6,"% OF TOTAL":0.4,"2024":6,"2029":6},"Not Hispanic: Asian alone":{"Demographic":null,"2020":4,"% OF TOTAL":0.3,"2024":4,"2029":4},"Not Hispanic: Native Hawaiian and OPI alone":{"Demographic":null,"2020":1,"% OF TOTAL":0.1,"2024":1,"2029":1},"Not Hispanic: Some Other Race alone":{"Demographic":null,"2020":11,"% OF TOTAL":0.8,"2024":11,"2029":11},"Not Hispanic: Two or More Races":{"Demographic":null,"2020":79,"% OF TOTAL":6.5,"2024":86,"2029":89},"Hispanic: White alone":{"Demographic":null,"2020":13,"% OF TOTAL":1.0,"2024":14,"2029":14},"Hispanic: Black or African American alone":{"Demographic":null,"2020":0,"% OF TOTAL":0.0,"2024":0,"2029":0},"Hispanic: American Indian and Alaska Native alone":{"Demographic":null,"2020":0,"% OF TOTAL":0.0,"2024":0,"2029":0},"Hispanic: Asian alone":{"Demographic":null,"2020":1,"% OF TOTAL":0.1,"2024":1,"2029":1},"Hispanic: Native Hawaiian and OPI alone":{"Demographic":null,"2020":0,"% OF TOTAL":0.0,"2024":0,"2029":0},"Hispanic: Some Other Race alone":{"Demographic":null,"2020":0,"% OF TOTAL":0.0,"2024":0,"2029":0},"Hispanic: Two or More Races":{"Demographic":null,"2020":11,"% OF TOTAL":0.9,"2024":12,"2029":12},"Educational Attainment: No High School Diploma":{"Demographic":null,"2020":63,"% OF TOTAL":null,"2024":63,"2029":null},"Educational Attainment: High School Diploma":{"Demographic":null,"2020":392,"% OF TOTAL":null,"2024":398,"2029":null},"Educational Attainment: Some College":{"Demographic":null,"2020":219,"% OF TOTAL":null,"2024":223,"2029":null},"Educational Attainment: Associates Degree":{"Demographic":null,"2020":95,"% OF TOTAL":null,"2024":96,"2029":null},"Educational Attainment: Bachelors Degree":{"Demographic":null,"2020":163,"% OF TOTAL":null,"2024":165,"2029":null},"Educational Attainment: Advanced Degree":{"Demographic":null,"2020":27,"% OF TOTAL":null,"2024":28,"2029":null},"Employment Status: Armed Forces":{"Demographic":null,"2020":0,"% OF TOTAL":null,"2024":0,"2029":null},"Employment Status: Civilian labor force employed":{"Demographic":null,"2020":717,"% OF TOTAL":null,"2024":730,"2029":null},"Employment Status: Civilian labor force unemployed":{"Demographic":null,"2020":14,"% OF TOTAL":null,"2024":15,"2029":null},"Employment Status: Not in labor force":{"Demographic":null,"2020":379,"% OF TOTAL":null,"2024":386,"2029":null},"Employed in Agriculture and Mining Industries":{"Demographic":null,"2020":0,"% OF TOTAL":null,"2024":0,"2029":null},"Employed in Construction Industries":{"Demographic":null,"2020":24,"% OF TOTAL":null,"2024":24,"2029":null},"Employed in Manufacturing Industries":{"Demographic":null,"2020":144,"% OF TOTAL":null,"2024":147,"2029":null},"Employed in Wholesale Industries":{"Demographic":null,"2020":11,"% OF TOTAL":null,"2024":11,"2029":null},"Employed in Retail Industries":{"Demographic":null,"2020":84,"% OF TOTAL":null,"2024":86,"2029":null},"Employed in Transportation and Utilities Industries":{"Demographic":null,"2020":17,"% OF TOTAL":null,"2024":17,"2029":null},"Employed in Information Industries":{"Demographic":null,"2020":7,"% OF TOTAL":null,"2024":7,"2029":null},"Employed in Real-Estate Industries":{"Demographic":null,"2020":83,"% OF TOTAL":null,"2024":85,"2029":null},"Employed in Professional Industries":{"Demographic":null,"2020":51,"% OF TOTAL":null,"2024":52,"2029":null},"Employed in Health and Education Industries":{"Demographic":null,"2020":109,"% OF TOTAL":null,"2024":111,"2029":null},"Employed in Art Industries":{"Demographic":null,"2020":170,"% OF TOTAL":null,"2024":173,"2029":null},"Employed in Other Industries":{"Demographic":null,"2020":0,"% OF TOTAL":null,"2024":0,"2029":null},"Employed in Public Administration Industries":{"Demographic":null,"2020":17,"% OF TOTAL":null,"2024":17,"2029":null},"Occupation: Management":{"Demographic":null,"2020":196,"% OF TOTAL":null,"2024":200,"2029":null},"Occupation: Business and financial operations":{"Demographic":null,"2020":16,"% OF TOTAL":null,"2024":16,"2029":null},"Occupation: Computer and mathematical":{"Demographic":null,"2020":35,"% OF TOTAL":null,"2024":36,"2029":null},"Occupation: Architecture and engineering":{"Demographic":null,"2020":11,"% OF TOTAL":null,"2024":11,"2029":null},"Occupation: Life, physical, and social science":{"Demographic":null,"2020":0,"% OF TOTAL":null,"2024":0,"2029":null},"Occupation: Community and social service":{"Demographic":null,"2020":0,"% OF TOTAL":null,"2024":0,"2029":null},"Occupation: Legal":{"Demographic":null,"2020":8,"% OF TOTAL":null,"2024":8,"2029":null},"Occupation: Education, training, and library":{"Demographic":null,"2020":15,"% OF TOTAL":null,"2024":15,"2029":null},"Occupation: Arts, design, entertainment, sports, and media":{"Demographic":null,"2020":0,"% OF TOTAL":null,"2024":0,"2029":null},"Occupation: Health diagnosing and treating practitioners":{"Demographic":null,"2020":15,"% OF TOTAL":null,"2024":15,"2029":null},"Occupation: Health technologists and technicians":{"Demographic":null,"2020":0,"% OF TOTAL":null,"2024":0,"2029":null},"Occupation: Healthcare support":{"Demographic":null,"2020":55,"% OF TOTAL":null,"2024":56,"2029":null},"Occupation: Fire fighting and prevention":{"Demographic":null,"2020":0,"% OF TOTAL":null,"2024":0,"2029":null},"Occupation: Law enforcement workers":{"Demographic":null,"2020":0,"% OF TOTAL":null,"2024":0,"2029":null},"Occupation: Food preparation and serving related":{"Demographic":null,"2020":7,"% OF TOTAL":null,"2024":7,"2029":null},"Occupation: Building and grounds cleaning and maintenance":{"Demographic":null,"2020":6,"% OF TOTAL":null,"2024":6,"2029":null},"Occupation: Personal care and service":{"Demographic":null,"2020":0,"% OF TOTAL":null,"2024":0,"2029":null},"Occupation: Sales and related":{"Demographic":null,"2020":45,"% OF TOTAL":null,"2024":46,"2029":null},"Occupation: Office and administrative support":{"Demographic":null,"2020":93,"% OF TOTAL":null,"2024":95,"2029":null},"Occupation: Farming, fishing, and forestry":{"Demographic":null,"2020":0,"% OF TOTAL":null,"2024":0,"2029":null},"Occupation: Construction and extraction":{"Demographic":null,"2020":83,"% OF TOTAL":null,"2024":84,"2029":null},"Occupation: Installation, maintenance, and repair":{"Demographic":null,"2020":8,"% OF TOTAL":null,"2024":8,"2029":null},"Occupation: Production":{"Demographic":null,"2020":50,"% OF TOTAL":null,"2024":51,"2029":null},"Occupation: Transportation":{"Demographic":null,"2020":37,"% OF TOTAL":null,"2024":38,"2029":null},"Occupation: Material moving":{"Demographic":null,"2020":37,"% OF TOTAL":null,"2024":38,"2029":null},"White collar":{"Demographic":null,"2020":434,"% OF TOTAL":null,"2024":442,"2029":null},"Blue collar":{"Demographic":null,"2020":283,"% OF TOTAL":null,"2024":288,"2029":null},"Means of transportation: Car, truck or van":{"Demographic":null,"2020":615,"% OF TOTAL":null,"2024":627,"2029":null},"Means of transportation: Public transportation":{"Demographic":null,"2020":0,"% OF TOTAL":null,"2024":0,"2029":null},"Means of transportation: Other":{"Demographic":null,"2020":26,"% OF TOTAL":null,"2024":27,"2029":null},"Travel time: Average (in minutes)":{"Demographic":null,"2020":26,"% OF TOTAL":null,"2024":26,"2029":null},"Travel time to work: Less than 30 minutes":{"Demographic":null,"2020":393,"% OF TOTAL":null,"2024":401,"2029":null},"Travel time to work: 30 to 60 minutes":{"Demographic":null,"2020":231,"% OF TOTAL":null,"2024":236,"2029":null},"Travel time to work: 60 or more minutes":{"Demographic":null,"2020":17,"% OF TOTAL":null,"2024":17,"2029":null}},"demographic_snapshot":{"Total Population":{"Demographic":null,"2020":1323,"% OF TOTAL":null,"2024":1338,"2029":1378},"Households":{"Demographic":null,"2020":511,"% OF TOTAL":null,"2024":524,"2029":548},"Population in Group Quarters":{"Demographic":null,"2020":0,"% OF TOTAL":null,"2024":0,"2029":0},"Households Growth":{"Demographic":null,"2020":null,"% OF TOTAL":null,"2024":2.5,"2029":4.6},"Household Income: Median":{"Demographic":null,"2020":0,"% OF TOTAL":null,"2024":96652,"2029":113500},"Home Value: Median":{"Demographic":null,"2020":226875,"% OF TOTAL":null,"2024":227134,"2029":null},"Population Growth":{"Demographic":null,"2020":null,"% OF TOTAL":null,"2024":1.1,"2029":3.0},"Total Population: Under 19 years":{"Demographic":null,"2020":293,"% OF TOTAL":20.2,"2024":294,"2029":278},"Total Population: 20 - 64 years":{"Demographic":null,"2020":733,"% OF TOTAL":53.8,"2024":729,"2029":741},"Total Population: 65 years and over":{"Demographic":null,"2020":297,"% OF TOTAL":26.1,"2024":315,"2029":359},"Total population: Median age":{"Demographic":null,"2020":47,"% OF TOTAL":null,"2024":47,"2029":48},"Total population: Under 5 years":{"Demographic":null,"2020":65,"% OF TOTAL":4.5,"2024":63,"2029":62},"Total population: 5 - 9 years":{"Demographic":null,"2020":50,"% OF TOTAL":3.8,"2024":51,"2029":52},"Total population: 10 - 14 years":{"Demographic":null,"2020":77,"% OF TOTAL":4.9,"2024":76,"2029":67},"Total population: 15 - 19 years":{"Demographic":null,"2020":101,"% OF TOTAL":7.0,"2024":104,"2029":97},"Total population: 20 - 24 years":{"Demographic":null,"2020":71,"% OF TOTAL":6.2,"2024":71,"2029":86},"Total population: 25 - 29 years":{"Demographic":null,"2020":72,"% OF TOTAL":5.1,"2024":68,"2029":70},"Total population: 30 - 34 years":{"Demographic":null,"2020":76,"% OF TOTAL":5.4,"2024":79,"2029":75},"Total population: 35 - 39 years":{"Demographic":null,"2020":54,"% OF TOTAL":4.8,"2024":58,"2029":66},"Total population: 40 - 44 years":{"Demographic":null,"2020":59,"% OF TOTAL":4.7,"2024":66,"2029":65},"Total population: 45 - 49 years":{"Demographic":null,"2020":85,"% OF TOTAL":5.8,"2024":81,"2029":80},"Total population: 50 - 54 years":{"Demographic":null,"2020":110,"% OF TOTAL":7.8,"2024":113,"2029":107},"Total population: 55 - 59 years":{"Demographic":null,"2020":108,"% OF TOTAL":7.2,"2024":95,"2029":99},"Total population: 60 - 64 years":{"Demographic":null,"2020":98,"% OF TOTAL":6.7,"2024":98,"2029":93},"Total population: 65 - 69 years":{"Demographic":null,"2020":105,"% OF TOTAL":7.9,"2024":112,"2029":109},"Total population: 70 - 74 years":{"Demographic":null,"2020":74,"% OF TOTAL":6.5,"2024":73,"2029":89},"Total population: 75 - 79 years":{"Demographic":null,"2020":63,"% OF TOTAL":5.7,"2024":72,"2029":78},"Total population: 80 - 84 years":{"Demographic":null,"2020":34,"% OF TOTAL":3.8,"2024":38,"2029":53},"Total population: 85 years and over":{"Demographic":null,"2020":21,"% OF TOTAL":2.2,"2024":20,"2029":30},"Householders Age 15-24":{"Demographic":null,"2020":4,"% OF TOTAL":0.9,"2024":4,"2029":5},"Householders Age 25-34":{"Demographic":null,"2020":50,"% OF TOTAL":9.7,"2024":52,"2029":53},"Householders Age 35-44":{"Demographic":null,"2020":76,"% OF TOTAL":15.1,"2024":78,"2029":83},"Householders Age 45-54":{"Demographic":null,"2020":83,"% OF TOTAL":15.3,"2024":86,"2029":84},"Householders Age 55-64":{"Demographic":null,"2020":128,"% OF TOTAL":23.4,"2024":130,"2029":128},"Householders Age 65-74":{"Demographic":null,"2020":94,"% OF TOTAL":18.6,"2024":96,"2029":102},"Householders Age 75+":{"Demographic":null,"2020":76,"% OF TOTAL":17.0,"2024":78,"2029":93},"Household income: Average":{"Demographic":null,"2020":116091,"% OF TOTAL":null,"2024":125849,"2029":157354},"Household income: Less than 25k":{"Demographic":null,"2020":35,"% OF TOTAL":3.1,"2024":23,"2029":17},"Household income: 25k - 50k":{"Demographic":null,"2020":45,"% OF TOTAL":8.8,"2024":49,"2029":48},"Household income: 50k - 75k":{"Demographic":null,"2020":94,"% OF TOTAL":13.5,"2024":93,"2029":74},"Household income: 75k - 100k":{"Demographic":null,"2020":123,"% OF TOTAL":14.8,"2024":112,"2029":81},"Household income: 100k - 125k":{"Demographic":null,"2020":95,"% OF TOTAL":18.2,"2024":95,"2029":100},"Household income: 125k - 150k":{"Demographic":null,"2020":31,"% OF TOTAL":5.3,"2024":37,"2029":29},"Household income: 150k - 200k":{"Demographic":null,"2020":32,"% OF TOTAL":13.3,"2024":47,"2029":73},"Household income: Above 200k":{"Demographic":null,"2020":56,"% OF TOTAL":23.0,"2024":68,"2029":126},"White Alone":{"Demographic":null,"2020":1159,"% OF TOTAL":87.2,"2024":1167,"2029":1202},"Black or African American Alone":{"Demographic":null,"2020":51,"% OF TOTAL":3.8,"2024":50,"2029":52},"American Indian and Alaska Native Alone":{"Demographic":null,"2020":6,"% OF TOTAL":0.4,"2024":6,"2029":6},"Asian Alone":{"Demographic":null,"2020":5,"% OF TOTAL":0.4,"2024":5,"2029":5},"Native Hawaiian and OPI Alone":{"Demographic":null,"2020":1,"% OF TOTAL":0.1,"2024":1,"2029":1},"Some Other Race Alone":{"Demographic":null,"2020":11,"% OF TOTAL":0.8,"2024":11,"2029":11},"Two or More Races Alone":{"Demographic":null,"2020":90,"% OF TOTAL":7.3,"2024":98,"2029":101},"Not Hispanic or Latino":{"Demographic":null,"2020":1298,"% OF TOTAL":98.0,"2024":1311,"2029":1351},"Hispanic or Latino":{"Demographic":null,"2020":25,"% OF TOTAL":2.0,"2024":27,"2029":27},"Total Housing Units":{"Demographic":null,"2020":557,"% OF TOTAL":null,"2024":null,"2029":null},"Owner Occupied Housing Units":{"Demographic":null,"2020":416,"% OF TOTAL":null,"2024":427,"2029":null},"Renter Occupied Housing Units":{"Demographic":null,"2020":95,"% OF TOTAL":null,"2024":97,"2029":null},"Housing Units Value Less Than 100k":{"Demographic":null,"2020":57,"% OF TOTAL":null,"2024":58,"2029":null},"Housing Units Value 100k - 200k":{"Demographic":null,"2020":108,"% OF TOTAL":null,"2024":111,"2029":null},"Housing Units Value 200k - 250k":{"Demographic":null,"2020":80,"% OF TOTAL":null,"2024":82,"2029":null},"Housing Units Value 250k - 300k":{"Demographic":null,"2020":7,"% OF TOTAL":null,"2024":7,"2029":null},"Housing Units Value 300k - 400k":{"Demographic":null,"2020":89,"% OF TOTAL":null,"2024":91,"2029":null},"Housing Units Value 400k - 500k":{"Demographic":null,"2020":15,"% OF TOTAL":null,"2024":16,"2029":null},"Housing Units Value 500k - 750k":{"Demographic":null,"2020":60,"% OF TOTAL":null,"2024":62,"2029":null},"Housing Units Value 750k - 1m":{"Demographic":null,"2020":0,"% OF TOTAL":null,"2024":0,"2029":null},"Housing Units Value 1m - 1.5m":{"Demographic":null,"2020":0,"% OF TOTAL":null,"2024":0,"2029":null},"Housing Units Value 1.5m - 2m":{"Demographic":null,"2020":0,"% OF TOTAL":null,"2024":0,"2029":null},"Housing Units Value >2m":{"Demographic":null,"2020":0,"% OF TOTAL":null,"2024":0,"2029":null},"Take Car or Truck to Work":{"Demographic":null,"2020":615,"% OF TOTAL":null,"2024":627,"2029":null},"Take Public Transportation to Work":{"Demographic":null,"2020":0,"% OF TOTAL":null,"2024":0,"2029":null},"Take Other Means of Transportation to Work":{"Demographic":null,"2020":26,"% OF TOTAL":null,"2024":27,"2029":null},"Average Travel Time (min)":{"Demographic":null,"2020":27,"% OF TOTAL":null,"2024":27,"2029":null},"Travel Below 30 Min to Work":{"Demographic":null,"2020":393,"% OF TOTAL":null,"2024":401,"2029":null},"Travel 30-60 Min to Work":{"Demographic":null,"2020":231,"% OF TOTAL":null,"2024":236,"2029":null},"Travel Above 60 Min to Work":{"Demographic":null,"2020":43,"% OF TOTAL":null,"2024":17,"2029":null},"Educational Attainment: No High School Diploma":{"Demographic":null,"2020":455,"% OF TOTAL":null,"2024":461,"2029":null},"Educational Attainment: High School Diploma":{"Demographic":null,"2020":392,"% OF TOTAL":null,"2024":398,"2029":null},"Educational Attainment: Some College":{"Demographic":null,"2020":477,"% OF TOTAL":null,"2024":484,"2029":null},"Educational Attainment: Associate's Degree":{"Demographic":null,"2020":95,"% OF TOTAL":null,"2024":96,"2029":null},"Educational Attainment: Bachelors Degree":{"Demographic":null,"2020":163,"% OF TOTAL":null,"2024":165,"2029":null},"Educational Attainment: Advanced Degree":{"Demographic":null,"2020":27,"% OF TOTAL":null,"2024":28,"2029":null},"Households: Number of vehicles available - Average":{"Demographic":null,"2020":2,"% OF TOTAL":null,"2024":2,"2029":null},"Households: No Vehicle available":{"Demographic":null,"2020":0,"% OF TOTAL":null,"2024":0,"2029":null},"Households: 1 Vehicle available":{"Demographic":null,"2020":119,"% OF TOTAL":null,"2024":122,"2029":null},"Households: 2 Vehicles available":{"Demographic":null,"2020":280,"% OF TOTAL":null,"2024":287,"2029":null},"Households: 3 Vehicles available":{"Demographic":null,"2020":65,"% OF TOTAL":null,"2024":67,"2029":null},"Households: 4 or more Vehicles available":{"Demographic":null,"2020":47,"% OF TOTAL":null,"2024":48,"2029":null}},"household_trends":{"Households":{"Demographic":null,"2020":511,"% OF TOTAL":null,"2024":524,"2029":548},"Households Growth":{"Demographic":null,"2020":null,"% OF TOTAL":null,"2024":2.5,"2029":4.6},"Householder Age 15-24":{"Demographic":null,"2020":4,"% OF TOTAL":0.9,"2024":4,"2029":5},"Householder Age 25-34":{"Demographic":null,"2020":50,"% OF TOTAL":9.7,"2024":52,"2029":53},"Householder Age 35-44":{"Demographic":null,"2020":76,"% OF TOTAL":15.1,"2024":78,"2029":83},"Householder Age 45-54":{"Demographic":null,"2020":83,"% OF TOTAL":15.3,"2024":86,"2029":84},"Householder Age 55-64":{"Demographic":null,"2020":128,"% OF TOTAL":23.4,"2024":130,"2029":128},"Householder Age 65-74":{"Demographic":null,"2020":94,"% OF TOTAL":18.6,"2024":96,"2029":102},"Householder Age 75+":{"Demographic":null,"2020":76,"% OF TOTAL":17.0,"2024":78,"2029":93},"Average Household Size":{"Demographic":null,"2020":2.6,"% OF TOTAL":null,"2024":2.6,"2029":2.5},"1 Person Households":{"Demographic":null,"2020":104,"% OF TOTAL":20.3,"2024":102,"2029":111},"2 Person Households":{"Demographic":null,"2020":219,"% OF TOTAL":42.9,"2024":220,"2029":235},"3 Person Households":{"Demographic":null,"2020":91,"% OF TOTAL":17.5,"2024":90,"2029":96},"4 Person Households":{"Demographic":null,"2020":47,"% OF TOTAL":9.3,"2024":55,"2029":51},"5 Person Households":{"Demographic":null,"2020":32,"% OF TOTAL":6.4,"2024":36,"2029":35},"6 Person Households":{"Demographic":null,"2020":13,"% OF TOTAL":2.7,"2024":15,"2029":15},"7+ Person Households":{"Demographic":null,"2020":5,"% OF TOTAL":0.9,"2024":6,"2029":5},"Household Type: Family":{"Demographic":null,"2020":380,"% OF TOTAL":null,"2024":390,"2029":null},"Household Type: Married Family":{"Demographic":null,"2020":283,"% OF TOTAL":null,"2024":290,"2029":null},"Household Type: Married Family With Children":{"Demographic":null,"2020":86,"% OF TOTAL":null,"2024":88,"2029":null},"Household Type: Married Family Without Children":{"Demographic":null,"2020":197,"% OF TOTAL":null,"2024":202,"2029":null},"Household Type: Other Family":{"Demographic":null,"2020":97,"% OF TOTAL":null,"2024":100,"2029":null},"Household Type: Male Households, No Wife":{"Demographic":null,"2020":35,"% OF TOTAL":null,"2024":36,"2029":null},"Household Type: Male Households, No Wife With Children":{"Demographic":null,"2020":18,"% OF TOTAL":null,"2024":18,"2029":null},"Household Type: Male Households, No Wife Without Children":{"Demographic":null,"2020":17,"% OF TOTAL":null,"2024":18,"2029":null},"Household Type: Female Households, No Husband":{"Demographic":null,"2020":62,"% OF TOTAL":null,"2024":64,"2029":null},"Household Type: Female Households, No Husband With Children":{"Demographic":null,"2020":29,"% OF TOTAL":null,"2024":30,"2029":null},"Household Type: Female Households, No Husband Without Children":{"Demographic":null,"2020":33,"% OF TOTAL":null,"2024":34,"2029":null},"Household Income: Average":{"Demographic":null,"2020":116091,"% OF TOTAL":null,"2024":125849,"2029":157354},"Household Income: Median":{"Demographic":null,"2020":0,"% OF TOTAL":null,"2024":96652,"2029":113500},"Household Income: Less than $25k":{"Demographic":null,"2020":35,"% OF TOTAL":3.1,"2024":23,"2029":17},"Household Income: $25k - $50k":{"Demographic":null,"2020":45,"% OF TOTAL":8.8,"2024":49,"2029":48},"Household Income: $50k - $75k":{"Demographic":null,"2020":94,"% OF TOTAL":13.5,"2024":93,"2029":74},"Household Income: $75k - $100k":{"Demographic":null,"2020":123,"% OF TOTAL":14.8,"2024":112,"2029":81},"Household Income: $100k - $125k":{"Demographic":null,"2020":95,"% OF TOTAL":18.2,"2024":95,"2029":100},"Household Income: $125k - $150k":{"Demographic":null,"2020":31,"% OF TOTAL":5.3,"2024":37,"2029":29},"Household Income: $150k - $200k":{"Demographic":null,"2020":32,"% OF TOTAL":13.3,"2024":47,"2029":73},"Household Income: Above $200k":{"Demographic":null,"2020":56,"% OF TOTAL":23.0,"2024":68,"2029":126},"Total Housing Units":{"Demographic":null,"2020":557,"% OF TOTAL":null,"2024":null,"2029":null},"Owner Occupied Housing Units":{"Demographic":null,"2020":416,"% OF TOTAL":null,"2024":427,"2029":null},"Renter Occupied Housing Units":{"Demographic":null,"2020":95,"% OF TOTAL":null,"2024":97,"2029":null},"Vacant Housing Units":{"Demographic":null,"2020":46,"% OF TOTAL":null,"2024":null,"2029":null},"Vacant Housing Units: Seasonal":{"Demographic":null,"2020":6,"% OF TOTAL":null,"2024":null,"2029":null},"Vacant Housing Units: Other Usage":{"Demographic":null,"2020":40,"% OF TOTAL":null,"2024":null,"2029":null},"Average Housing Unit Value":{"Demographic":null,"2020":279351,"% OF TOTAL":null,"2024":280135,"2029":null},"Median Housing Unit Value":{"Demographic":null,"2020":226875,"% OF TOTAL":null,"2024":227134,"2029":null},"Housing Unit Value Less Than $100k":{"Demographic":null,"2020":57,"% OF TOTAL":null,"2024":58,"2029":null},"Housing Unit Value $100k-$200k":{"Demographic":null,"2020":108,"% OF TOTAL":null,"2024":111,"2029":null},"Housing Unit Value $200k-$250k":{"Demographic":null,"2020":80,"% OF TOTAL":null,"2024":82,"2029":null},"Housing Unit Value $250k-$300k":{"Demographic":null,"2020":7,"% OF TOTAL":null,"2024":7,"2029":null},"Housing Unit Value $300k-$400k":{"Demographic":null,"2020":89,"% OF TOTAL":null,"2024":91,"2029":null},"Housing Unit Value $400k-$500k":{"Demographic":null,"2020":15,"% OF TOTAL":null,"2024":16,"2029":null},"Housing Unit Value $500k-$750k":{"Demographic":null,"2020":60,"% OF TOTAL":null,"2024":62,"2029":null},"Housing Unit Value $750k-$1m":{"Demographic":null,"2020":0,"% OF TOTAL":null,"2024":0,"2029":null},"Housing Unit Value $1m-$1.5m":{"Demographic":null,"2020":0,"% OF TOTAL":null,"2024":0,"2029":null},"Housing Unit Value $1.5m-$2m":{"Demographic":null,"2020":0,"% OF TOTAL":null,"2024":0,"2029":null},"Housing Unit Value Above $2m":{"Demographic":null,"2020":0,"% OF TOTAL":null,"2024":0,"2029":null},"Median Housing Unit Year Built":{"Demographic":null,"2020":1990,"% OF TOTAL":null,"2024":1990,"2029":null},"Housing Units Built 2014 Or After":{"Demographic":null,"2020":63,"% OF TOTAL":null,"2024":65,"2029":null},"Housing Units Built 2010-2013":{"Demographic":null,"2020":54,"% OF TOTAL":null,"2024":55,"2029":null},"Housing Units Built 2000-2009":{"Demographic":null,"2020":40,"% OF TOTAL":null,"2024":41,"2029":null},"Housing Units Built 1990-1999":{"Demographic":null,"2020":92,"% OF TOTAL":null,"2024":95,"2029":null},"Housing Units Built 1980-1989":{"Demographic":null,"2020":120,"% OF TOTAL":null,"2024":123,"2029":null},"Housing Units Built 1970-1979":{"Demographic":null,"2020":87,"% OF TOTAL":null,"2024":90,"2029":null},"Housing Units Built 1960-1969":{"Demographic":null,"2020":20,"% OF TOTAL":null,"2024":20,"2029":null},"Housing Units Built 1950-1959":{"Demographic":null,"2020":26,"% OF TOTAL":null,"2024":26,"2029":null},"Housing Units Built 1940-1949":{"Demographic":null,"2020":9,"% OF TOTAL":null,"2024":9,"2029":null},"Housing Units Built Before 1940":{"Demographic":null,"2020":0,"% OF TOTAL":null,"2024":0,"2029":null}}},"geometry":{"type":"Polygon","coordinates":[[[-87.40631080039391,30.589289582368412],[-87.40631080039391,30.61820301554947],[-87.37272024639145,30.61820301554947],[-87.37272024639145,30.589289582368412],[-87.40631080039391,30.589289582368412]]]}},{"type":"Feature","properties":{"block":"022","block_num":22,"submarket":"Cantonment","CentroidLon":-87.35592496939024,"CentroidLat":30.603746298958942,"data_status":"usable","is_anomalous":false,"anomaly_reason":null,"files_present":"ConsumerSegmentation-26.08.10.csv;DemographicSnapshot-26.08.10.csv;HouseholdIncomeByAge-26.08.10.csv;HouseholdTrends-26.08.10.csv;PopulationTrends-26.08.10.csv","population_2024":1371,"population_2029":1419,"households_2024":515,"households_2029":541,"median_household_income_2024":94542,"median_household_income_2029":115774,"mean_household_income_2024":null,"mean_household_income_2029":null,"median_age_2024":39,"median_age_2029":41,"median_home_value_2024":213771,"average_household_size_2024":2.7,"average_household_size_2029":2.6,"population_growth_2024_2029":4.6,"households_growth_2024_2029":6.0,"consumer_segments":{"Simple Life Moderate Income With Children":{"households":64,"pct":23.0},"Simple Life Moderate Income No Children":{"households":48,"pct":17.3},"Simple Life Affluent No Children":{"households":40,"pct":14.4},"Family Life Young Children":{"households":38,"pct":13.7},"Active Adult Elite":{"households":36,"pct":12.9},"Renters":{"households":26,"pct":9.4},"Active Adult Entry Level":{"households":16,"pct":5.8},"Renters Near Term Buyers":{"households":8,"pct":2.9},"Active Adult Feature and Location":{"households":2,"pct":0.7},"Elite":{"households":0,"pct":0.0},"Family Life School Age Children":{"households":0,"pct":0.0},"Feature and Location":{"households":0,"pct":0.0},"Entry Level Urban":{"households":0,"pct":0.0},"Entry Level Suburban":{"households":0,"pct":0.0}},"income_age":{"2020":{},"2024":{},"2029":{}},"population_trends":{"Total Population":{"Demographic":null,"2020":1311,"% OF TOTAL":null,"2024":1371,"2029":1419},"Population Growth":{"Demographic":null,"2020":null,"% OF TOTAL":null,"2024":4.6,"2029":3.5},"Female Population":{"Demographic":null,"2020":661,"% OF TOTAL":50.6,"2024":693,"2029":718},"Male Population":{"Demographic":null,"2020":650,"% OF TOTAL":49.4,"2024":678,"2029":701},"Total population: Median Age":{"Demographic":null,"2020":39,"% OF TOTAL":null,"2024":39,"2029":41},"Total population: Under 5 years":{"Demographic":null,"2020":75,"% OF TOTAL":5.2,"2024":75,"2029":74},"Total population: 5 - 9 years":{"Demographic":null,"2020":98,"% OF TOTAL":6.4,"2024":103,"2029":91},"Total population: 10 - 14 years":{"Demographic":null,"2020":92,"% OF TOTAL":6.7,"2024":93,"2029":95},"Total population: 15 - 19 years":{"Demographic":null,"2020":100,"% OF TOTAL":7.4,"2024":108,"2029":105},"Total population: 20 - 24 years":{"Demographic":null,"2020":48,"% OF TOTAL":5.1,"2024":50,"2029":72},"Total population: 25 - 29 years":{"Demographic":null,"2020":67,"% OF TOTAL":4.7,"2024":68,"2029":66},"Total population: 30 - 34 years":{"Demographic":null,"2020":87,"% OF TOTAL":5.8,"2024":91,"2029":83},"Total population: 35 - 39 years":{"Demographic":null,"2020":95,"% OF TOTAL":7.3,"2024":103,"2029":104},"Total population: 40 - 44 years":{"Demographic":null,"2020":85,"% OF TOTAL":7.1,"2024":98,"2029":101},"Total population: 45 - 49 years":{"Demographic":null,"2020":88,"% OF TOTAL":6.8,"2024":88,"2029":97},"Total population: 50 - 54 years":{"Demographic":null,"2020":72,"% OF TOTAL":5.8,"2024":76,"2029":83},"Total population: 55 - 59 years":{"Demographic":null,"2020":90,"% OF TOTAL":5.8,"2024":86,"2029":82},"Total population: 60 - 64 years":{"Demographic":null,"2020":93,"% OF TOTAL":6.4,"2024":97,"2029":91},"Total population: 65 - 69 years":{"Demographic":null,"2020":77,"% OF TOTAL":6.3,"2024":83,"2029":90},"Total population: 70 - 74 years":{"Demographic":null,"2020":79,"% OF TOTAL":6.1,"2024":81,"2029":87},"Total population: 75 - 79 years":{"Demographic":null,"2020":32,"% OF TOTAL":3.7,"2024":36,"2029":53},"Total population: 80 - 84 years":{"Demographic":null,"2020":17,"% OF TOTAL":1.8,"2024":19,"2029":26},"Total population: 85 years and over":{"Demographic":null,"2020":16,"% OF TOTAL":1.3,"2024":16,"2029":19},"Female population: Median Age":{"Demographic":null,"2020":40,"% OF TOTAL":null,"2024":40,"2029":41},"Female population: Under 5 years":{"Demographic":null,"2020":38,"% OF TOTAL":5.2,"2024":38,"2029":37},"Female population: 5 - 9 years":{"Demographic":null,"2020":47,"% OF TOTAL":6.0,"2024":49,"2029":43},"Female population: 10 - 14 years":{"Demographic":null,"2020":42,"% OF TOTAL":6.1,"2024":43,"2029":44},"Female population: 15 - 19 years":{"Demographic":null,"2020":42,"% OF TOTAL":6.3,"2024":46,"2029":45},"Female population: 20 - 24 years":{"Demographic":null,"2020":29,"% OF TOTAL":5.2,"2024":30,"2029":37},"Female population: 25 - 29 years":{"Demographic":null,"2020":38,"% OF TOTAL":5.4,"2024":39,"2029":39},"Female population: 30 - 34 years":{"Demographic":null,"2020":45,"% OF TOTAL":6.3,"2024":47,"2029":45},"Female population: 35 - 39 years":{"Demographic":null,"2020":48,"% OF TOTAL":7.4,"2024":52,"2029":53},"Female population: 40 - 44 years":{"Demographic":null,"2020":44,"% OF TOTAL":7.2,"2024":51,"2029":52},"Female population: 45 - 49 years":{"Demographic":null,"2020":37,"% OF TOTAL":6.1,"2024":37,"2029":44},"Female population: 50 - 54 years":{"Demographic":null,"2020":33,"% OF TOTAL":5.3,"2024":35,"2029":38},"Female population: 55 - 59 years":{"Demographic":null,"2020":54,"% OF TOTAL":6.5,"2024":51,"2029":47},"Female population: 60 - 64 years":{"Demographic":null,"2020":47,"% OF TOTAL":6.7,"2024":50,"2029":48},"Female population: 65 - 69 years":{"Demographic":null,"2020":47,"% OF TOTAL":7.2,"2024":50,"2029":52},"Female population: 70 - 74 years":{"Demographic":null,"2020":36,"% OF TOTAL":6.3,"2024":38,"2029":45},"Female population: 75 - 79 years":{"Demographic":null,"2020":13,"% OF TOTAL":3.2,"2024":15,"2029":23},"Female population: 80 - 84 years":{"Demographic":null,"2020":11,"% OF TOTAL":1.9,"2024":12,"2029":14},"Female population: 85 years and over":{"Demographic":null,"2020":10,"% OF TOTAL":1.7,"2024":10,"2029":12},"Male population: Median Age":{"Demographic":null,"2020":39,"% OF TOTAL":null,"2024":39,"2029":40},"Male population: Under 5 years":{"Demographic":null,"2020":37,"% OF TOTAL":5.3,"2024":37,"2029":37},"Male population: 5 - 9 years":{"Demographic":null,"2020":51,"% OF TOTAL":6.8,"2024":54,"2029":48},"Male population: 10 - 14 years":{"Demographic":null,"2020":50,"% OF TOTAL":7.3,"2024":50,"2029":51},"Male population: 15 - 19 years":{"Demographic":null,"2020":58,"% OF TOTAL":8.6,"2024":62,"2029":60},"Male population: 20 - 24 years":{"Demographic":null,"2020":19,"% OF TOTAL":5.0,"2024":20,"2029":35},"Male population: 25 - 29 years":{"Demographic":null,"2020":29,"% OF TOTAL":3.9,"2024":29,"2029":27},"Male population: 30 - 34 years":{"Demographic":null,"2020":42,"% OF TOTAL":5.4,"2024":44,"2029":38},"Male population: 35 - 39 years":{"Demographic":null,"2020":47,"% OF TOTAL":7.3,"2024":51,"2029":51},"Male population: 40 - 44 years":{"Demographic":null,"2020":41,"% OF TOTAL":7.0,"2024":47,"2029":49},"Male population: 45 - 49 years":{"Demographic":null,"2020":51,"% OF TOTAL":7.6,"2024":51,"2029":53},"Male population: 50 - 54 years":{"Demographic":null,"2020":39,"% OF TOTAL":6.4,"2024":41,"2029":45},"Male population: 55 - 59 years":{"Demographic":null,"2020":36,"% OF TOTAL":5.0,"2024":35,"2029":35},"Male population: 60 - 64 years":{"Demographic":null,"2020":46,"% OF TOTAL":6.1,"2024":47,"2029":43},"Male population: 65 - 69 years":{"Demographic":null,"2020":30,"% OF TOTAL":5.4,"2024":33,"2029":38},"Male population: 70 - 74 years":{"Demographic":null,"2020":43,"% OF TOTAL":6.0,"2024":43,"2029":42},"Male population: 75 - 79 years":{"Demographic":null,"2020":19,"% OF TOTAL":4.3,"2024":21,"2029":30},"Male population: 80 - 84 years":{"Demographic":null,"2020":6,"% OF TOTAL":1.7,"2024":7,"2029":12},"Male population: 85 years and over":{"Demographic":null,"2020":6,"% OF TOTAL":1.0,"2024":6,"2029":7},"White alone":{"Demographic":null,"2020":1028,"% OF TOTAL":77.9,"2024":1069,"2029":1106},"Black alone":{"Demographic":null,"2020":146,"% OF TOTAL":10.8,"2024":148,"2029":153},"American Indian and Alaska Native alone":{"Demographic":null,"2020":7,"% OF TOTAL":0.5,"2024":7,"2029":7},"Asian alone":{"Demographic":null,"2020":24,"% OF TOTAL":2.0,"2024":27,"2029":28},"Native Hawaiian and OPI alone":{"Demographic":null,"2020":0,"% OF TOTAL":0.0,"2024":0,"2029":0},"Some other race alone":{"Demographic":null,"2020":24,"% OF TOTAL":1.8,"2024":25,"2029":26},"Two or more races alone":{"Demographic":null,"2020":82,"% OF TOTAL":7.0,"2024":95,"2029":99},"Not Hispanic: White alone":{"Demographic":null,"2020":1019,"% OF TOTAL":77.2,"2024":1058,"2029":1095},"Not Hispanic: Black or African American alone":{"Demographic":null,"2020":141,"% OF TOTAL":10.4,"2024":143,"2029":148},"Not Hispanic: American Indian and Alaska Native alone":{"Demographic":null,"2020":7,"% OF TOTAL":0.5,"2024":7,"2029":7},"Not Hispanic: Asian alone":{"Demographic":null,"2020":21,"% OF TOTAL":1.7,"2024":23,"2029":24},"Not Hispanic: Native Hawaiian and OPI alone":{"Demographic":null,"2020":0,"% OF TOTAL":0.0,"2024":0,"2029":0},"Not Hispanic: Some Other Race alone":{"Demographic":null,"2020":4,"% OF TOTAL":0.3,"2024":4,"2029":4},"Not Hispanic: Two or More Races":{"Demographic":null,"2020":62,"% OF TOTAL":5.1,"2024":70,"2029":73},"Hispanic: White alone":{"Demographic":null,"2020":9,"% OF TOTAL":0.8,"2024":11,"2029":11},"Hispanic: Black or African American alone":{"Demographic":null,"2020":5,"% OF TOTAL":0.4,"2024":5,"2029":5},"Hispanic: American Indian and Alaska Native alone":{"Demographic":null,"2020":0,"% OF TOTAL":0.0,"2024":0,"2029":0},"Hispanic: Asian alone":{"Demographic":null,"2020":3,"% OF TOTAL":0.3,"2024":4,"2029":4},"Hispanic: Native Hawaiian and OPI alone":{"Demographic":null,"2020":0,"% OF TOTAL":0.0,"2024":0,"2029":0},"Hispanic: Some Other Race alone":{"Demographic":null,"2020":20,"% OF TOTAL":1.6,"2024":21,"2029":22},"Hispanic: Two or More Races":{"Demographic":null,"2020":20,"% OF TOTAL":1.8,"2024":25,"2029":26},"Educational Attainment: No High School Diploma":{"Demographic":null,"2020":84,"% OF TOTAL":null,"2024":88,"2029":null},"Educational Attainment: High School Diploma":{"Demographic":null,"2020":288,"% OF TOTAL":null,"2024":302,"2029":null},"Educational Attainment: Some College":{"Demographic":null,"2020":221,"% OF TOTAL":null,"2024":232,"2029":null},"Educational Attainment: Associates Degree":{"Demographic":null,"2020":125,"% OF TOTAL":null,"2024":131,"2029":null},"Educational Attainment: Bachelors Degree":{"Demographic":null,"2020":138,"% OF TOTAL":null,"2024":145,"2029":null},"Educational Attainment: Advanced Degree":{"Demographic":null,"2020":42,"% OF TOTAL":null,"2024":44,"2029":null},"Employment Status: Armed Forces":{"Demographic":null,"2020":0,"% OF TOTAL":null,"2024":0,"2029":null},"Employment Status: Civilian labor force employed":{"Demographic":null,"2020":632,"% OF TOTAL":null,"2024":671,"2029":null},"Employment Status: Civilian labor force unemployed":{"Demographic":null,"2020":24,"% OF TOTAL":null,"2024":26,"2029":null},"Employment Status: Not in labor force":{"Demographic":null,"2020":377,"% OF TOTAL":null,"2024":400,"2029":null},"Employed in Agriculture and Mining Industries":{"Demographic":null,"2020":0,"% OF TOTAL":null,"2024":0,"2029":null},"Employed in Construction Industries":{"Demographic":null,"2020":60,"% OF TOTAL":null,"2024":64,"2029":null},"Employed in Manufacturing Industries":{"Demographic":null,"2020":91,"% OF TOTAL":null,"2024":97,"2029":null},"Employed in Wholesale Industries":{"Demographic":null,"2020":0,"% OF TOTAL":null,"2024":0,"2029":null},"Employed in Retail Industries":{"Demographic":null,"2020":137,"% OF TOTAL":null,"2024":145,"2029":null},"Employed in Transportation and Utilities Industries":{"Demographic":null,"2020":23,"% OF TOTAL":null,"2024":24,"2029":null},"Employed in Information Industries":{"Demographic":null,"2020":0,"% OF TOTAL":null,"2024":0,"2029":null},"Employed in Real-Estate Industries":{"Demographic":null,"2020":79,"% OF TOTAL":null,"2024":84,"2029":null},"Employed in Professional Industries":{"Demographic":null,"2020":46,"% OF TOTAL":null,"2024":49,"2029":null},"Employed in Health and Education Industries":{"Demographic":null,"2020":133,"% OF TOTAL":null,"2024":141,"2029":null},"Employed in Art Industries":{"Demographic":null,"2020":28,"% OF TOTAL":null,"2024":30,"2029":null},"Employed in Other Industries":{"Demographic":null,"2020":7,"% OF TOTAL":null,"2024":7,"2029":null},"Employed in Public Administration Industries":{"Demographic":null,"2020":28,"% OF TOTAL":null,"2024":30,"2029":null},"Occupation: Management":{"Demographic":null,"2020":30,"% OF TOTAL":null,"2024":32,"2029":null},"Occupation: Business and financial operations":{"Demographic":null,"2020":42,"% OF TOTAL":null,"2024":45,"2029":null},"Occupation: Computer and mathematical":{"Demographic":null,"2020":9,"% OF TOTAL":null,"2024":10,"2029":null},"Occupation: Architecture and engineering":{"Demographic":null,"2020":0,"% OF TOTAL":null,"2024":0,"2029":null},"Occupation: Life, physical, and social science":{"Demographic":null,"2020":0,"% OF TOTAL":null,"2024":0,"2029":null},"Occupation: Community and social service":{"Demographic":null,"2020":19,"% OF TOTAL":null,"2024":20,"2029":null},"Occupation: Legal":{"Demographic":null,"2020":25,"% OF TOTAL":null,"2024":27,"2029":null},"Occupation: Education, training, and library":{"Demographic":null,"2020":9,"% OF TOTAL":null,"2024":10,"2029":null},"Occupation: Arts, design, entertainment, sports, and media":{"Demographic":null,"2020":0,"% OF TOTAL":null,"2024":0,"2029":null},"Occupation: Health diagnosing and treating practitioners":{"Demographic":null,"2020":39,"% OF TOTAL":null,"2024":41,"2029":null},"Occupation: Health technologists and technicians":{"Demographic":null,"2020":20,"% OF TOTAL":null,"2024":21,"2029":null},"Occupation: Healthcare support":{"Demographic":null,"2020":0,"% OF TOTAL":null,"2024":0,"2029":null},"Occupation: Fire fighting and prevention":{"Demographic":null,"2020":15,"% OF TOTAL":null,"2024":16,"2029":null},"Occupation: Law enforcement workers":{"Demographic":null,"2020":0,"% OF TOTAL":null,"2024":0,"2029":null},"Occupation: Food preparation and serving related":{"Demographic":null,"2020":27,"% OF TOTAL":null,"2024":29,"2029":null},"Occupation: Building and grounds cleaning and maintenance":{"Demographic":null,"2020":0,"% OF TOTAL":null,"2024":0,"2029":null},"Occupation: Personal care and service":{"Demographic":null,"2020":7,"% OF TOTAL":null,"2024":7,"2029":null},"Occupation: Sales and related":{"Demographic":null,"2020":92,"% OF TOTAL":null,"2024":98,"2029":null},"Occupation: Office and administrative support":{"Demographic":null,"2020":146,"% OF TOTAL":null,"2024":155,"2029":null},"Occupation: Farming, fishing, and forestry":{"Demographic":null,"2020":0,"% OF TOTAL":null,"2024":0,"2029":null},"Occupation: Construction and extraction":{"Demographic":null,"2020":0,"% OF TOTAL":null,"2024":0,"2029":null},"Occupation: Installation, maintenance, and repair":{"Demographic":null,"2020":23,"% OF TOTAL":null,"2024":24,"2029":null},"Occupation: Production":{"Demographic":null,"2020":121,"% OF TOTAL":null,"2024":128,"2029":null},"Occupation: Transportation":{"Demographic":null,"2020":8,"% OF TOTAL":null,"2024":8,"2029":null},"Occupation: Material moving":{"Demographic":null,"2020":0,"% OF TOTAL":null,"2024":0,"2029":null},"White collar":{"Demographic":null,"2020":431,"% OF TOTAL":null,"2024":459,"2029":null},"Blue collar":{"Demographic":null,"2020":201,"% OF TOTAL":null,"2024":212,"2029":null},"Means of transportation: Car, truck or van":{"Demographic":null,"2020":559,"% OF TOTAL":null,"2024":594,"2029":null},"Means of transportation: Public transportation":{"Demographic":null,"2020":0,"% OF TOTAL":null,"2024":0,"2029":null},"Means of transportation: Other":{"Demographic":null,"2020":21,"% OF TOTAL":null,"2024":22,"2029":null},"Travel time: Average (in minutes)":{"Demographic":null,"2020":32,"% OF TOTAL":null,"2024":32,"2029":null},"Travel time to work: Less than 30 minutes":{"Demographic":null,"2020":269,"% OF TOTAL":null,"2024":286,"2029":null},"Travel time to work: 30 to 60 minutes":{"Demographic":null,"2020":279,"% OF TOTAL":null,"2024":296,"2029":null},"Travel time to work: 60 or more minutes":{"Demographic":null,"2020":32,"% OF TOTAL":null,"2024":34,"2029":null}},"demographic_snapshot":{"Total Population":{"Demographic":null,"2020":1311,"% OF TOTAL":null,"2024":1371,"2029":1419},"Households":{"Demographic":null,"2020":486,"% OF TOTAL":null,"2024":515,"2029":541},"Population in Group Quarters":{"Demographic":null,"2020":0,"% OF TOTAL":null,"2024":0,"2029":0},"Households Growth":{"Demographic":null,"2020":null,"% OF TOTAL":null,"2024":6.0,"2029":5.0},"Household Income: Median":{"Demographic":null,"2020":0,"% OF TOTAL":null,"2024":94542,"2029":115774},"Home Value: Median":{"Demographic":null,"2020":213964,"% OF TOTAL":null,"2024":213771,"2029":null},"Population Growth":{"Demographic":null,"2020":null,"% OF TOTAL":null,"2024":4.6,"2029":3.5},"Total Population: Under 19 years":{"Demographic":null,"2020":365,"% OF TOTAL":25.7,"2024":379,"2029":365},"Total Population: 20 - 64 years":{"Demographic":null,"2020":725,"% OF TOTAL":54.9,"2024":757,"2029":779},"Total Population: 65 years and over":{"Demographic":null,"2020":221,"% OF TOTAL":19.4,"2024":235,"2029":275},"Total population: Median age":{"Demographic":null,"2020":39,"% OF TOTAL":null,"2024":39,"2029":41},"Total population: Under 5 years":{"Demographic":null,"2020":75,"% OF TOTAL":5.2,"2024":75,"2029":74},"Total population: 5 - 9 years":{"Demographic":null,"2020":98,"% OF TOTAL":6.4,"2024":103,"2029":91},"Total population: 10 - 14 years":{"Demographic":null,"2020":92,"% OF TOTAL":6.7,"2024":93,"2029":95},"Total population: 15 - 19 years":{"Demographic":null,"2020":100,"% OF TOTAL":7.4,"2024":108,"2029":105},"Total population: 20 - 24 years":{"Demographic":null,"2020":48,"% OF TOTAL":5.1,"2024":50,"2029":72},"Total population: 25 - 29 years":{"Demographic":null,"2020":67,"% OF TOTAL":4.7,"2024":68,"2029":66},"Total population: 30 - 34 years":{"Demographic":null,"2020":87,"% OF TOTAL":5.8,"2024":91,"2029":83},"Total population: 35 - 39 years":{"Demographic":null,"2020":95,"% OF TOTAL":7.3,"2024":103,"2029":104},"Total population: 40 - 44 years":{"Demographic":null,"2020":85,"% OF TOTAL":7.1,"2024":98,"2029":101},"Total population: 45 - 49 years":{"Demographic":null,"2020":88,"% OF TOTAL":6.8,"2024":88,"2029":97},"Total population: 50 - 54 years":{"Demographic":null,"2020":72,"% OF TOTAL":5.8,"2024":76,"2029":83},"Total population: 55 - 59 years":{"Demographic":null,"2020":90,"% OF TOTAL":5.8,"2024":86,"2029":82},"Total population: 60 - 64 years":{"Demographic":null,"2020":93,"% OF TOTAL":6.4,"2024":97,"2029":91},"Total population: 65 - 69 years":{"Demographic":null,"2020":77,"% OF TOTAL":6.3,"2024":83,"2029":90},"Total population: 70 - 74 years":{"Demographic":null,"2020":79,"% OF TOTAL":6.1,"2024":81,"2029":87},"Total population: 75 - 79 years":{"Demographic":null,"2020":32,"% OF TOTAL":3.7,"2024":36,"2029":53},"Total population: 80 - 84 years":{"Demographic":null,"2020":17,"% OF TOTAL":1.8,"2024":19,"2029":26},"Total population: 85 years and over":{"Demographic":null,"2020":16,"% OF TOTAL":1.3,"2024":16,"2029":19},"Householders Age 15-24":{"Demographic":null,"2020":10,"% OF TOTAL":2.0,"2024":10,"2029":11},"Householders Age 25-34":{"Demographic":null,"2020":45,"% OF TOTAL":8.5,"2024":48,"2029":46},"Householders Age 35-44":{"Demographic":null,"2020":74,"% OF TOTAL":14.6,"2024":78,"2029":79},"Householders Age 45-54":{"Demographic":null,"2020":95,"% OF TOTAL":20.5,"2024":101,"2029":111},"Householders Age 55-64":{"Demographic":null,"2020":133,"% OF TOTAL":24.6,"2024":141,"2029":133},"Householders Age 65-74":{"Demographic":null,"2020":83,"% OF TOTAL":17.6,"2024":88,"2029":95},"Householders Age 75+":{"Demographic":null,"2020":46,"% OF TOTAL":12.2,"2024":49,"2029":66},"Household income: Average":{"Demographic":null,"2020":89928,"% OF TOTAL":null,"2024":105665,"2029":118845},"Household income: Less than 25k":{"Demographic":null,"2020":30,"% OF TOTAL":4.8,"2024":28,"2029":26},"Household income: 25k - 50k":{"Demographic":null,"2020":144,"% OF TOTAL":21.8,"2024":136,"2029":118},"Household income: 50k - 75k":{"Demographic":null,"2020":50,"% OF TOTAL":7.0,"2024":38,"2029":38},"Household income: 75k - 100k":{"Demographic":null,"2020":80,"% OF TOTAL":11.5,"2024":71,"2029":62},"Household income: 100k - 125k":{"Demographic":null,"2020":54,"% OF TOTAL":7.8,"2024":38,"2029":42},"Household income: 125k - 150k":{"Demographic":null,"2020":40,"% OF TOTAL":8.5,"2024":36,"2029":46},"Household income: 150k - 200k":{"Demographic":null,"2020":83,"% OF TOTAL":34.4,"2024":159,"2029":186},"Household income: Above 200k":{"Demographic":null,"2020":5,"% OF TOTAL":4.3,"2024":9,"2029":23},"White Alone":{"Demographic":null,"2020":1028,"% OF TOTAL":77.9,"2024":1069,"2029":1106},"Black or African American Alone":{"Demographic":null,"2020":146,"% OF TOTAL":10.8,"2024":148,"2029":153},"American Indian and Alaska Native Alone":{"Demographic":null,"2020":7,"% OF TOTAL":0.5,"2024":7,"2029":7},"Asian Alone":{"Demographic":null,"2020":24,"% OF TOTAL":2.0,"2024":27,"2029":28},"Native Hawaiian and OPI Alone":{"Demographic":null,"2020":0,"% OF TOTAL":0.0,"2024":0,"2029":0},"Some Other Race Alone":{"Demographic":null,"2020":24,"% OF TOTAL":1.8,"2024":25,"2029":26},"Two or More Races Alone":{"Demographic":null,"2020":82,"% OF TOTAL":7.0,"2024":95,"2029":99},"Not Hispanic or Latino":{"Demographic":null,"2020":1254,"% OF TOTAL":95.2,"2024":1305,"2029":1351},"Hispanic or Latino":{"Demographic":null,"2020":57,"% OF TOTAL":4.8,"2024":66,"2029":68},"Total Housing Units":{"Demographic":null,"2020":502,"% OF TOTAL":null,"2024":null,"2029":null},"Owner Occupied Housing Units":{"Demographic":null,"2020":420,"% OF TOTAL":null,"2024":445,"2029":null},"Renter Occupied Housing Units":{"Demographic":null,"2020":66,"% OF TOTAL":null,"2024":70,"2029":null},"Housing Units Value Less Than 100k":{"Demographic":null,"2020":56,"% OF TOTAL":null,"2024":59,"2029":null},"Housing Units Value 100k - 200k":{"Demographic":null,"2020":123,"% OF TOTAL":null,"2024":131,"2029":null},"Housing Units Value 200k - 250k":{"Demographic":null,"2020":111,"% OF TOTAL":null,"2024":118,"2029":null},"Housing Units Value 250k - 300k":{"Demographic":null,"2020":24,"% OF TOTAL":null,"2024":25,"2029":null},"Housing Units Value 300k - 400k":{"Demographic":null,"2020":65,"% OF TOTAL":null,"2024":69,"2029":null},"Housing Units Value 400k - 500k":{"Demographic":null,"2020":18,"% OF TOTAL":null,"2024":19,"2029":null},"Housing Units Value 500k - 750k":{"Demographic":null,"2020":23,"% OF TOTAL":null,"2024":24,"2029":null},"Housing Units Value 750k - 1m":{"Demographic":null,"2020":0,"% OF TOTAL":null,"2024":0,"2029":null},"Housing Units Value 1m - 1.5m":{"Demographic":null,"2020":0,"% OF TOTAL":null,"2024":0,"2029":null},"Housing Units Value 1.5m - 2m":{"Demographic":null,"2020":0,"% OF TOTAL":null,"2024":0,"2029":null},"Housing Units Value >2m":{"Demographic":null,"2020":0,"% OF TOTAL":null,"2024":0,"2029":null},"Take Car or Truck to Work":{"Demographic":null,"2020":559,"% OF TOTAL":null,"2024":594,"2029":null},"Take Public Transportation to Work":{"Demographic":null,"2020":0,"% OF TOTAL":null,"2024":0,"2029":null},"Take Other Means of Transportation to Work":{"Demographic":null,"2020":21,"% OF TOTAL":null,"2024":22,"2029":null},"Average Travel Time (min)":{"Demographic":null,"2020":33,"% OF TOTAL":null,"2024":33,"2029":null},"Travel Below 30 Min to Work":{"Demographic":null,"2020":269,"% OF TOTAL":null,"2024":286,"2029":null},"Travel 30-60 Min to Work":{"Demographic":null,"2020":279,"% OF TOTAL":null,"2024":296,"2029":null},"Travel Above 60 Min to Work":{"Demographic":null,"2020":64,"% OF TOTAL":null,"2024":34,"2029":null},"Educational Attainment: No High School Diploma":{"Demographic":null,"2020":372,"% OF TOTAL":null,"2024":390,"2029":null},"Educational Attainment: High School Diploma":{"Demographic":null,"2020":288,"% OF TOTAL":null,"2024":302,"2029":null},"Educational Attainment: Some College":{"Demographic":null,"2020":484,"% OF TOTAL":null,"2024":508,"2029":null},"Educational Attainment: Associate's Degree":{"Demographic":null,"2020":125,"% OF TOTAL":null,"2024":131,"2029":null},"Educational Attainment: Bachelors Degree":{"Demographic":null,"2020":138,"% OF TOTAL":null,"2024":145,"2029":null},"Educational Attainment: Advanced Degree":{"Demographic":null,"2020":42,"% OF TOTAL":null,"2024":44,"2029":null},"Households: Number of vehicles available - Average":{"Demographic":null,"2020":2,"% OF TOTAL":null,"2024":2,"2029":null},"Households: No Vehicle available":{"Demographic":null,"2020":12,"% OF TOTAL":null,"2024":13,"2029":null},"Households: 1 Vehicle available":{"Demographic":null,"2020":111,"% OF TOTAL":null,"2024":118,"2029":null},"Households: 2 Vehicles available":{"Demographic":null,"2020":201,"% OF TOTAL":null,"2024":213,"2029":null},"Households: 3 Vehicles available":{"Demographic":null,"2020":91,"% OF TOTAL":null,"2024":96,"2029":null},"Households: 4 or more Vehicles available":{"Demographic":null,"2020":71,"% OF TOTAL":null,"2024":75,"2029":null}},"household_trends":{"Households":{"Demographic":null,"2020":486,"% OF TOTAL":null,"2024":515,"2029":541},"Households Growth":{"Demographic":null,"2020":null,"% OF TOTAL":null,"2024":6.0,"2029":5.0},"Householder Age 15-24":{"Demographic":null,"2020":10,"% OF TOTAL":2.0,"2024":10,"2029":11},"Householder Age 25-34":{"Demographic":null,"2020":45,"% OF TOTAL":8.5,"2024":48,"2029":46},"Householder Age 35-44":{"Demographic":null,"2020":74,"% OF TOTAL":14.6,"2024":78,"2029":79},"Householder Age 45-54":{"Demographic":null,"2020":95,"% OF TOTAL":20.5,"2024":101,"2029":111},"Householder Age 55-64":{"Demographic":null,"2020":133,"% OF TOTAL":24.6,"2024":141,"2029":133},"Householder Age 65-74":{"Demographic":null,"2020":83,"% OF TOTAL":17.6,"2024":88,"2029":95},"Householder Age 75+":{"Demographic":null,"2020":46,"% OF TOTAL":12.2,"2024":49,"2029":66},"Average Household Size":{"Demographic":null,"2020":2.7,"% OF TOTAL":null,"2024":2.7,"2029":2.6},"1 Person Households":{"Demographic":null,"2020":91,"% OF TOTAL":21.1,"2024":107,"2029":114},"2 Person Households":{"Demographic":null,"2020":155,"% OF TOTAL":34.8,"2024":177,"2029":188},"3 Person Households":{"Demographic":null,"2020":89,"% OF TOTAL":20.0,"2024":102,"2029":108},"4 Person Households":{"Demographic":null,"2020":83,"% OF TOTAL":13.5,"2024":72,"2029":73},"5 Person Households":{"Demographic":null,"2020":47,"% OF TOTAL":7.8,"2024":41,"2029":42},"6 Person Households":{"Demographic":null,"2020":12,"% OF TOTAL":1.7,"2024":9,"2029":9},"7+ Person Households":{"Demographic":null,"2020":9,"% OF TOTAL":1.3,"2024":7,"2029":7},"Household Type: Family":{"Demographic":null,"2020":372,"% OF TOTAL":null,"2024":394,"2029":null},"Household Type: Married Family":{"Demographic":null,"2020":278,"% OF TOTAL":null,"2024":295,"2029":null},"Household Type: Married Family With Children":{"Demographic":null,"2020":85,"% OF TOTAL":null,"2024":90,"2029":null},"Household Type: Married Family Without Children":{"Demographic":null,"2020":193,"% OF TOTAL":null,"2024":205,"2029":null},"Household Type: Other Family":{"Demographic":null,"2020":94,"% OF TOTAL":null,"2024":99,"2029":null},"Household Type: Male Households, No Wife":{"Demographic":null,"2020":34,"% OF TOTAL":null,"2024":36,"2029":null},"Household Type: Male Households, No Wife With Children":{"Demographic":null,"2020":18,"% OF TOTAL":null,"2024":19,"2029":null},"Household Type: Male Households, No Wife Without Children":{"Demographic":null,"2020":16,"% OF TOTAL":null,"2024":17,"2029":null},"Household Type: Female Households, No Husband":{"Demographic":null,"2020":60,"% OF TOTAL":null,"2024":63,"2029":null},"Household Type: Female Households, No Husband With Children":{"Demographic":null,"2020":28,"% OF TOTAL":null,"2024":29,"2029":null},"Household Type: Female Households, No Husband Without Children":{"Demographic":null,"2020":32,"% OF TOTAL":null,"2024":34,"2029":null},"Household Income: Average":{"Demographic":null,"2020":89928,"% OF TOTAL":null,"2024":105665,"2029":118845},"Household Income: Median":{"Demographic":null,"2020":0,"% OF TOTAL":null,"2024":94542,"2029":115774},"Household Income: Less than $25k":{"Demographic":null,"2020":30,"% OF TOTAL":4.8,"2024":28,"2029":26},"Household Income: $25k - $50k":{"Demographic":null,"2020":144,"% OF TOTAL":21.8,"2024":136,"2029":118},"Household Income: $50k - $75k":{"Demographic":null,"2020":50,"% OF TOTAL":7.0,"2024":38,"2029":38},"Household Income: $75k - $100k":{"Demographic":null,"2020":80,"% OF TOTAL":11.5,"2024":71,"2029":62},"Household Income: $100k - $125k":{"Demographic":null,"2020":54,"% OF TOTAL":7.8,"2024":38,"2029":42},"Household Income: $125k - $150k":{"Demographic":null,"2020":40,"% OF TOTAL":8.5,"2024":36,"2029":46},"Household Income: $150k - $200k":{"Demographic":null,"2020":83,"% OF TOTAL":34.4,"2024":159,"2029":186},"Household Income: Above $200k":{"Demographic":null,"2020":5,"% OF TOTAL":4.3,"2024":9,"2029":23},"Total Housing Units":{"Demographic":null,"2020":502,"% OF TOTAL":null,"2024":null,"2029":null},"Owner Occupied Housing Units":{"Demographic":null,"2020":420,"% OF TOTAL":null,"2024":445,"2029":null},"Renter Occupied Housing Units":{"Demographic":null,"2020":66,"% OF TOTAL":null,"2024":70,"2029":null},"Vacant Housing Units":{"Demographic":null,"2020":16,"% OF TOTAL":null,"2024":null,"2029":null},"Vacant Housing Units: Seasonal":{"Demographic":null,"2020":0,"% OF TOTAL":null,"2024":null,"2029":null},"Vacant Housing Units: Other Usage":{"Demographic":null,"2020":16,"% OF TOTAL":null,"2024":null,"2029":null},"Average Housing Unit Value":{"Demographic":null,"2020":237482,"% OF TOTAL":null,"2024":237152,"2029":null},"Median Housing Unit Value":{"Demographic":null,"2020":213964,"% OF TOTAL":null,"2024":213771,"2029":null},"Housing Unit Value Less Than $100k":{"Demographic":null,"2020":56,"% OF TOTAL":null,"2024":59,"2029":null},"Housing Unit Value $100k-$200k":{"Demographic":null,"2020":123,"% OF TOTAL":null,"2024":131,"2029":null},"Housing Unit Value $200k-$250k":{"Demographic":null,"2020":111,"% OF TOTAL":null,"2024":118,"2029":null},"Housing Unit Value $250k-$300k":{"Demographic":null,"2020":24,"% OF TOTAL":null,"2024":25,"2029":null},"Housing Unit Value $300k-$400k":{"Demographic":null,"2020":65,"% OF TOTAL":null,"2024":69,"2029":null},"Housing Unit Value $400k-$500k":{"Demographic":null,"2020":18,"% OF TOTAL":null,"2024":19,"2029":null},"Housing Unit Value $500k-$750k":{"Demographic":null,"2020":23,"% OF TOTAL":null,"2024":24,"2029":null},"Housing Unit Value $750k-$1m":{"Demographic":null,"2020":0,"% OF TOTAL":null,"2024":0,"2029":null},"Housing Unit Value $1m-$1.5m":{"Demographic":null,"2020":0,"% OF TOTAL":null,"2024":0,"2029":null},"Housing Unit Value $1.5m-$2m":{"Demographic":null,"2020":0,"% OF TOTAL":null,"2024":0,"2029":null},"Housing Unit Value Above $2m":{"Demographic":null,"2020":0,"% OF TOTAL":null,"2024":0,"2029":null},"Median Housing Unit Year Built":{"Demographic":null,"2020":1993,"% OF TOTAL":null,"2024":1993,"2029":null},"Housing Units Built 2014 Or After":{"Demographic":null,"2020":0,"% OF TOTAL":null,"2024":0,"2029":null},"Housing Units Built 2010-2013":{"Demographic":null,"2020":111,"% OF TOTAL":null,"2024":118,"2029":null},"Housing Units Built 2000-2009":{"Demographic":null,"2020":66,"% OF TOTAL":null,"2024":70,"2029":null},"Housing Units Built 1990-1999":{"Demographic":null,"2020":91,"% OF TOTAL":null,"2024":96,"2029":null},"Housing Units Built 1980-1989":{"Demographic":null,"2020":62,"% OF TOTAL":null,"2024":65,"2029":null},"Housing Units Built 1970-1979":{"Demographic":null,"2020":81,"% OF TOTAL":null,"2024":86,"2029":null},"Housing Units Built 1960-1969":{"Demographic":null,"2020":65,"% OF TOTAL":null,"2024":69,"2029":null},"Housing Units Built 1950-1959":{"Demographic":null,"2020":10,"% OF TOTAL":null,"2024":11,"2029":null},"Housing Units Built 1940-1949":{"Demographic":null,"2020":0,"% OF TOTAL":null,"2024":0,"2029":null},"Housing Units Built Before 1940":{"Demographic":null,"2020":0,"% OF TOTAL":null,"2024":0,"2029":null}}},"geometry":{"type":"Polygon","coordinates":[[[-87.37272024639145,30.589289582368412],[-87.37272024639145,30.61820301554947],[-87.339129692389,30.61820301554947],[-87.339129692389,30.589289582368412],[-87.37272024639145,30.589289582368412]]]}},{"type":"Feature","properties":{"block":"023","block_num":23,"submarket":"Cantonment","CentroidLon":-87.32233441538777,"CentroidLat":30.603746298958942,"data_status":"usable","is_anomalous":false,"anomaly_reason":null,"files_present":"ConsumerSegmentation-26.08.10.csv;DemographicSnapshot-26.08.10.csv;HouseholdIncomeByAge-26.08.10.csv;HouseholdTrends-26.08.10.csv;PopulationTrends-26.08.10.csv","population_2024":4226,"population_2029":4559,"households_2024":1515,"households_2029":1664,"median_household_income_2024":67105,"median_household_income_2029":89174,"mean_household_income_2024":null,"mean_household_income_2029":null,"median_age_2024":35,"median_age_2029":36,"median_home_value_2024":173768,"average_household_size_2024":2.7,"average_household_size_2029":2.7,"population_growth_2024_2029":14.2,"households_growth_2024_2029":16.2,"consumer_segments":{"Entry Level Suburban":{"households":201,"pct":15.8},"Elite":{"households":140,"pct":11.0},"Family Life School Age Children":{"households":137,"pct":10.8},"Feature and Location":{"households":108,"pct":8.5},"Active Adult Elite":{"households":102,"pct":8.0},"Simple Life Affluent No Children":{"households":99,"pct":7.8},"Active Adult Feature and Location":{"households":93,"pct":7.3},"Active Adult Entry Level":{"households":91,"pct":7.1},"Family Life Young Children":{"households":89,"pct":7.0},"Renters":{"households":81,"pct":6.4},"Simple Life Moderate Income No Children":{"households":54,"pct":4.2},"Simple Life Moderate Income With Children":{"households":41,"pct":3.2},"Renters Near Term Buyers":{"households":38,"pct":3.0},"Entry Level Urban":{"households":0,"pct":0.0}},"income_age":{"2020":{},"2024":{},"2029":{}},"population_trends":{"Total Population":{"Demographic":null,"2020":3702,"% OF TOTAL":null,"2024":4226,"2029":4559},"Population Growth":{"Demographic":null,"2020":null,"% OF TOTAL":null,"2024":14.2,"2029":7.9},"Female Population":{"Demographic":null,"2020":1828,"% OF TOTAL":49.5,"2024":2092,"2029":2257},"Male Population":{"Demographic":null,"2020":1874,"% OF TOTAL":50.5,"2024":2134,"2029":2302},"Total population: Median Age":{"Demographic":null,"2020":35,"% OF TOTAL":null,"2024":35,"2029":36},"Total population: Under 5 years":{"Demographic":null,"2020":262,"% OF TOTAL":6.3,"2024":285,"2029":288},"Total population: 5 - 9 years":{"Demographic":null,"2020":253,"% OF TOTAL":6.4,"2024":285,"2029":290},"Total population: 10 - 14 years":{"Demographic":null,"2020":282,"% OF TOTAL":6.8,"2024":310,"2029":308},"Total population: 15 - 19 years":{"Demographic":null,"2020":261,"% OF TOTAL":7.0,"2024":308,"2029":321},"Total population: 20 - 24 years":{"Demographic":null,"2020":207,"% OF TOTAL":6.2,"2024":232,"2029":281},"Total population: 25 - 29 years":{"Demographic":null,"2020":256,"% OF TOTAL":6.1,"2024":274,"2029":279},"Total population: 30 - 34 years":{"Demographic":null,"2020":303,"% OF TOTAL":7.5,"2024":358,"2029":344},"Total population: 35 - 39 years":{"Demographic":null,"2020":299,"% OF TOTAL":8.5,"2024":354,"2029":387},"Total population: 40 - 44 years":{"Demographic":null,"2020":262,"% OF TOTAL":7.8,"2024":322,"2029":355},"Total population: 45 - 49 years":{"Demographic":null,"2020":219,"% OF TOTAL":6.4,"2024":237,"2029":292},"Total population: 50 - 54 years":{"Demographic":null,"2020":205,"% OF TOTAL":5.5,"2024":234,"2029":250},"Total population: 55 - 59 years":{"Demographic":null,"2020":188,"% OF TOTAL":4.7,"2024":191,"2029":213},"Total population: 60 - 64 years":{"Demographic":null,"2020":231,"% OF TOTAL":5.4,"2024":267,"2029":248},"Total population: 65 - 69 years":{"Demographic":null,"2020":152,"% OF TOTAL":4.9,"2024":185,"2029":223},"Total population: 70 - 74 years":{"Demographic":null,"2020":125,"% OF TOTAL":3.8,"2024":143,"2029":172},"Total population: 75 - 79 years":{"Demographic":null,"2020":89,"% OF TOTAL":3.1,"2024":116,"2029":141},"Total population: 80 - 84 years":{"Demographic":null,"2020":54,"% OF TOTAL":2.1,"2024":66,"2029":94},"Total population: 85 years and over":{"Demographic":null,"2020":54,"% OF TOTAL":1.6,"2024":59,"2029":73},"Female population: Median Age":{"Demographic":null,"2020":35,"% OF TOTAL":null,"2024":36,"2029":37},"Female population: Under 5 years":{"Demographic":null,"2020":125,"% OF TOTAL":6.2,"2024":138,"2029":140},"Female population: 5 - 9 years":{"Demographic":null,"2020":126,"% OF TOTAL":6.2,"2024":140,"2029":141},"Female population: 10 - 14 years":{"Demographic":null,"2020":140,"% OF TOTAL":6.7,"2024":153,"2029":152},"Female population: 15 - 19 years":{"Demographic":null,"2020":120,"% OF TOTAL":6.6,"2024":142,"2029":149},"Female population: 20 - 24 years":{"Demographic":null,"2020":98,"% OF TOTAL":5.8,"2024":109,"2029":131},"Female population: 25 - 29 years":{"Demographic":null,"2020":117,"% OF TOTAL":5.8,"2024":126,"2029":130},"Female population: 30 - 34 years":{"Demographic":null,"2020":142,"% OF TOTAL":7.2,"2024":168,"2029":162},"Female population: 35 - 39 years":{"Demographic":null,"2020":145,"% OF TOTAL":8.1,"2024":171,"2029":183},"Female population: 40 - 44 years":{"Demographic":null,"2020":123,"% OF TOTAL":7.4,"2024":151,"2029":168},"Female population: 45 - 49 years":{"Demographic":null,"2020":123,"% OF TOTAL":6.9,"2024":136,"2029":156},"Female population: 50 - 54 years":{"Demographic":null,"2020":103,"% OF TOTAL":5.9,"2024":119,"2029":133},"Female population: 55 - 59 years":{"Demographic":null,"2020":89,"% OF TOTAL":4.6,"2024":91,"2029":104},"Female population: 60 - 64 years":{"Demographic":null,"2020":112,"% OF TOTAL":5.2,"2024":129,"2029":118},"Female population: 65 - 69 years":{"Demographic":null,"2020":82,"% OF TOTAL":5.1,"2024":100,"2029":116},"Female population: 70 - 74 years":{"Demographic":null,"2020":68,"% OF TOTAL":4.2,"2024":79,"2029":95},"Female population: 75 - 79 years":{"Demographic":null,"2020":51,"% OF TOTAL":3.6,"2024":66,"2029":81},"Female population: 80 - 84 years":{"Demographic":null,"2020":30,"% OF TOTAL":2.4,"2024":38,"2029":54},"Female population: 85 years and over":{"Demographic":null,"2020":34,"% OF TOTAL":1.9,"2024":36,"2029":44},"Male population: Median Age":{"Demographic":null,"2020":34,"% OF TOTAL":null,"2024":34,"2029":35},"Male population: Under 5 years":{"Demographic":null,"2020":137,"% OF TOTAL":6.4,"2024":147,"2029":148},"Male population: 5 - 9 years":{"Demographic":null,"2020":127,"% OF TOTAL":6.5,"2024":145,"2029":149},"Male population: 10 - 14 years":{"Demographic":null,"2020":142,"% OF TOTAL":6.8,"2024":157,"2029":156},"Male population: 15 - 19 years":{"Demographic":null,"2020":141,"% OF TOTAL":7.5,"2024":166,"2029":172},"Male population: 20 - 24 years":{"Demographic":null,"2020":109,"% OF TOTAL":6.5,"2024":123,"2029":150},"Male population: 25 - 29 years":{"Demographic":null,"2020":139,"% OF TOTAL":6.5,"2024":148,"2029":149},"Male population: 30 - 34 years":{"Demographic":null,"2020":161,"% OF TOTAL":7.9,"2024":190,"2029":182},"Male population: 35 - 39 years":{"Demographic":null,"2020":154,"% OF TOTAL":8.9,"2024":183,"2029":204},"Male population: 40 - 44 years":{"Demographic":null,"2020":139,"% OF TOTAL":8.1,"2024":171,"2029":187},"Male population: 45 - 49 years":{"Demographic":null,"2020":96,"% OF TOTAL":5.9,"2024":101,"2029":136},"Male population: 50 - 54 years":{"Demographic":null,"2020":102,"% OF TOTAL":5.1,"2024":115,"2029":117},"Male population: 55 - 59 years":{"Demographic":null,"2020":99,"% OF TOTAL":4.7,"2024":100,"2029":109},"Male population: 60 - 64 years":{"Demographic":null,"2020":119,"% OF TOTAL":5.6,"2024":138,"2029":130},"Male population: 65 - 69 years":{"Demographic":null,"2020":70,"% OF TOTAL":4.6,"2024":85,"2029":107},"Male population: 70 - 74 years":{"Demographic":null,"2020":57,"% OF TOTAL":3.3,"2024":64,"2029":77},"Male population: 75 - 79 years":{"Demographic":null,"2020":38,"% OF TOTAL":2.6,"2024":50,"2029":60},"Male population: 80 - 84 years":{"Demographic":null,"2020":24,"% OF TOTAL":1.7,"2024":28,"2029":40},"Male population: 85 years and over":{"Demographic":null,"2020":20,"% OF TOTAL":1.3,"2024":23,"2029":29},"White alone":{"Demographic":null,"2020":2265,"% OF TOTAL":61.1,"2024":2586,"2029":2786},"Black alone":{"Demographic":null,"2020":999,"% OF TOTAL":26.1,"2024":1102,"2029":1191},"American Indian and Alaska Native alone":{"Demographic":null,"2020":28,"% OF TOTAL":0.8,"2024":33,"2029":35},"Asian alone":{"Demographic":null,"2020":84,"% OF TOTAL":2.4,"2024":101,"2029":111},"Native Hawaiian and OPI alone":{"Demographic":null,"2020":2,"% OF TOTAL":0.0,"2024":2,"2029":2},"Some other race alone":{"Demographic":null,"2020":30,"% OF TOTAL":0.8,"2024":34,"2029":36},"Two or more races alone":{"Demographic":null,"2020":294,"% OF TOTAL":8.7,"2024":368,"2029":398},"Not Hispanic: White alone":{"Demographic":null,"2020":2211,"% OF TOTAL":59.5,"2024":2518,"2029":2713},"Not Hispanic: Black or African American alone":{"Demographic":null,"2020":989,"% OF TOTAL":25.9,"2024":1090,"2029":1179},"Not Hispanic: American Indian and Alaska Native alone":{"Demographic":null,"2020":25,"% OF TOTAL":0.7,"2024":29,"2029":31},"Not Hispanic: Asian alone":{"Demographic":null,"2020":80,"% OF TOTAL":2.3,"2024":95,"2029":104},"Not Hispanic: Native Hawaiian and OPI alone":{"Demographic":null,"2020":2,"% OF TOTAL":0.0,"2024":2,"2029":2},"Not Hispanic: Some Other Race alone":{"Demographic":null,"2020":6,"% OF TOTAL":0.2,"2024":7,"2029":7},"Not Hispanic: Two or More Races":{"Demographic":null,"2020":228,"% OF TOTAL":6.7,"2024":282,"2029":304},"Hispanic: White alone":{"Demographic":null,"2020":54,"% OF TOTAL":1.6,"2024":68,"2029":73},"Hispanic: Black or African American alone":{"Demographic":null,"2020":10,"% OF TOTAL":0.3,"2024":12,"2029":12},"Hispanic: American Indian and Alaska Native alone":{"Demographic":null,"2020":3,"% OF TOTAL":0.1,"2024":4,"2029":4},"Hispanic: Asian alone":{"Demographic":null,"2020":4,"% OF TOTAL":0.2,"2024":6,"2029":7},"Hispanic: Native Hawaiian and OPI alone":{"Demographic":null,"2020":0,"% OF TOTAL":0.0,"2024":0,"2029":0},"Hispanic: Some Other Race alone":{"Demographic":null,"2020":24,"% OF TOTAL":0.6,"2024":27,"2029":29},"Hispanic: Two or More Races":{"Demographic":null,"2020":66,"% OF TOTAL":2.1,"2024":86,"2029":94},"Educational Attainment: No High School Diploma":{"Demographic":null,"2020":317,"% OF TOTAL":null,"2024":373,"2029":null},"Educational Attainment: High School Diploma":{"Demographic":null,"2020":555,"% OF TOTAL":null,"2024":659,"2029":null},"Educational Attainment: Some College":{"Demographic":null,"2020":771,"% OF TOTAL":null,"2024":882,"2029":null},"Educational Attainment: Associates Degree":{"Demographic":null,"2020":143,"% OF TOTAL":null,"2024":163,"2029":null},"Educational Attainment: Bachelors Degree":{"Demographic":null,"2020":532,"% OF TOTAL":null,"2024":591,"2029":null},"Educational Attainment: Advanced Degree":{"Demographic":null,"2020":119,"% OF TOTAL":null,"2024":138,"2029":null},"Employment Status: Armed Forces":{"Demographic":null,"2020":0,"% OF TOTAL":null,"2024":0,"2029":null},"Employment Status: Civilian labor force employed":{"Demographic":null,"2020":1635,"% OF TOTAL":null,"2024":1857,"2029":null},"Employment Status: Civilian labor force unemployed":{"Demographic":null,"2020":120,"% OF TOTAL":null,"2024":144,"2029":null},"Employment Status: Not in labor force":{"Demographic":null,"2020":1094,"% OF TOTAL":null,"2024":1269,"2029":null},"Employed in Agriculture and Mining Industries":{"Demographic":null,"2020":18,"% OF TOTAL":null,"2024":21,"2029":null},"Employed in Construction Industries":{"Demographic":null,"2020":11,"% OF TOTAL":null,"2024":14,"2029":null},"Employed in Manufacturing Industries":{"Demographic":null,"2020":77,"% OF TOTAL":null,"2024":86,"2029":null},"Employed in Wholesale Industries":{"Demographic":null,"2020":0,"% OF TOTAL":null,"2024":0,"2029":null},"Employed in Retail Industries":{"Demographic":null,"2020":238,"% OF TOTAL":null,"2024":274,"2029":null},"Employed in Transportation and Utilities Industries":{"Demographic":null,"2020":126,"% OF TOTAL":null,"2024":141,"2029":null},"Employed in Information Industries":{"Demographic":null,"2020":0,"% OF TOTAL":null,"2024":0,"2029":null},"Employed in Real-Estate Industries":{"Demographic":null,"2020":234,"% OF TOTAL":null,"2024":260,"2029":null},"Employed in Professional Industries":{"Demographic":null,"2020":190,"% OF TOTAL":null,"2024":222,"2029":null},"Employed in Health and Education Industries":{"Demographic":null,"2020":551,"% OF TOTAL":null,"2024":629,"2029":null},"Employed in Art Industries":{"Demographic":null,"2020":35,"% OF TOTAL":null,"2024":38,"2029":null},"Employed in Other Industries":{"Demographic":null,"2020":56,"% OF TOTAL":null,"2024":63,"2029":null},"Employed in Public Administration Industries":{"Demographic":null,"2020":99,"% OF TOTAL":null,"2024":109,"2029":null},"Occupation: Management":{"Demographic":null,"2020":109,"% OF TOTAL":null,"2024":131,"2029":null},"Occupation: Business and financial operations":{"Demographic":null,"2020":59,"% OF TOTAL":null,"2024":64,"2029":null},"Occupation: Computer and mathematical":{"Demographic":null,"2020":49,"% OF TOTAL":null,"2024":55,"2029":null},"Occupation: Architecture and engineering":{"Demographic":null,"2020":0,"% OF TOTAL":null,"2024":0,"2029":null},"Occupation: Life, physical, and social science":{"Demographic":null,"2020":19,"% OF TOTAL":null,"2024":21,"2029":null},"Occupation: Community and social service":{"Demographic":null,"2020":97,"% OF TOTAL":null,"2024":108,"2029":null},"Occupation: Legal":{"Demographic":null,"2020":14,"% OF TOTAL":null,"2024":15,"2029":null},"Occupation: Education, training, and library":{"Demographic":null,"2020":75,"% OF TOTAL":null,"2024":87,"2029":null},"Occupation: Arts, design, entertainment, sports, and media":{"Demographic":null,"2020":44,"% OF TOTAL":null,"2024":48,"2029":null},"Occupation: Health diagnosing and treating practitioners":{"Demographic":null,"2020":112,"% OF TOTAL":null,"2024":124,"2029":null},"Occupation: Health technologists and technicians":{"Demographic":null,"2020":17,"% OF TOTAL":null,"2024":18,"2029":null},"Occupation: Healthcare support":{"Demographic":null,"2020":9,"% OF TOTAL":null,"2024":12,"2029":null},"Occupation: Fire fighting and prevention":{"Demographic":null,"2020":6,"% OF TOTAL":null,"2024":8,"2029":null},"Occupation: Law enforcement workers":{"Demographic":null,"2020":48,"% OF TOTAL":null,"2024":54,"2029":null},"Occupation: Food preparation and serving related":{"Demographic":null,"2020":15,"% OF TOTAL":null,"2024":16,"2029":null},"Occupation: Building and grounds cleaning and maintenance":{"Demographic":null,"2020":124,"% OF TOTAL":null,"2024":145,"2029":null},"Occupation: Personal care and service":{"Demographic":null,"2020":32,"% OF TOTAL":null,"2024":37,"2029":null},"Occupation: Sales and related":{"Demographic":null,"2020":229,"% OF TOTAL":null,"2024":262,"2029":null},"Occupation: Office and administrative support":{"Demographic":null,"2020":335,"% OF TOTAL":null,"2024":380,"2029":null},"Occupation: Farming, fishing, and forestry":{"Demographic":null,"2020":0,"% OF TOTAL":null,"2024":0,"2029":null},"Occupation: Construction and extraction":{"Demographic":null,"2020":22,"% OF TOTAL":null,"2024":28,"2029":null},"Occupation: Installation, maintenance, and repair":{"Demographic":null,"2020":17,"% OF TOTAL":null,"2024":18,"2029":null},"Occupation: Production":{"Demographic":null,"2020":62,"% OF TOTAL":null,"2024":69,"2029":null},"Occupation: Transportation":{"Demographic":null,"2020":68,"% OF TOTAL":null,"2024":78,"2029":null},"Occupation: Material moving":{"Demographic":null,"2020":73,"% OF TOTAL":null,"2024":79,"2029":null},"White collar":{"Demographic":null,"2020":1159,"% OF TOTAL":null,"2024":1313,"2029":null},"Blue collar":{"Demographic":null,"2020":476,"% OF TOTAL":null,"2024":544,"2029":null},"Means of transportation: Car, truck or van":{"Demographic":null,"2020":1420,"% OF TOTAL":null,"2024":1606,"2029":null},"Means of transportation: Public transportation":{"Demographic":null,"2020":0,"% OF TOTAL":null,"2024":0,"2029":null},"Means of transportation: Other":{"Demographic":null,"2020":49,"% OF TOTAL":null,"2024":61,"2029":null},"Travel time: Average (in minutes)":{"Demographic":null,"2020":29,"% OF TOTAL":null,"2024":29,"2029":null},"Travel time to work: Less than 30 minutes":{"Demographic":null,"2020":784,"% OF TOTAL":null,"2024":887,"2029":null},"Travel time to work: 30 to 60 minutes":{"Demographic":null,"2020":669,"% OF TOTAL":null,"2024":760,"2029":null},"Travel time to work: 60 or more minutes":{"Demographic":null,"2020":16,"% OF TOTAL":null,"2024":20,"2029":null}},"demographic_snapshot":{"Total Population":{"Demographic":null,"2020":3702,"% OF TOTAL":null,"2024":4226,"2029":4559},"Households":{"Demographic":null,"2020":1304,"% OF TOTAL":null,"2024":1515,"2029":1664},"Population in Group Quarters":{"Demographic":null,"2020":136,"% OF TOTAL":null,"2024":134,"2029":133},"Households Growth":{"Demographic":null,"2020":null,"% OF TOTAL":null,"2024":16.2,"2029":9.8},"Household Income: Median":{"Demographic":null,"2020":0,"% OF TOTAL":null,"2024":67105,"2029":89174},"Home Value: Median":{"Demographic":null,"2020":173884,"% OF TOTAL":null,"2024":173768,"2029":null},"Population Growth":{"Demographic":null,"2020":null,"% OF TOTAL":null,"2024":14.2,"2029":7.9},"Total Population: Under 19 years":{"Demographic":null,"2020":1058,"% OF TOTAL":26.5,"2024":1188,"2029":1207},"Total Population: 20 - 64 years":{"Demographic":null,"2020":2170,"% OF TOTAL":58.1,"2024":2469,"2029":2649},"Total Population: 65 years and over":{"Demographic":null,"2020":474,"% OF TOTAL":15.4,"2024":569,"2029":703},"Total population: Median age":{"Demographic":null,"2020":35,"% OF TOTAL":null,"2024":35,"2029":36},"Total population: Under 5 years":{"Demographic":null,"2020":262,"% OF TOTAL":6.3,"2024":285,"2029":288},"Total population: 5 - 9 years":{"Demographic":null,"2020":253,"% OF TOTAL":6.4,"2024":285,"2029":290},"Total population: 10 - 14 years":{"Demographic":null,"2020":282,"% OF TOTAL":6.8,"2024":310,"2029":308},"Total population: 15 - 19 years":{"Demographic":null,"2020":261,"% OF TOTAL":7.0,"2024":308,"2029":321},"Total population: 20 - 24 years":{"Demographic":null,"2020":207,"% OF TOTAL":6.2,"2024":232,"2029":281},"Total population: 25 - 29 years":{"Demographic":null,"2020":256,"% OF TOTAL":6.1,"2024":274,"2029":279},"Total population: 30 - 34 years":{"Demographic":null,"2020":303,"% OF TOTAL":7.5,"2024":358,"2029":344},"Total population: 35 - 39 years":{"Demographic":null,"2020":299,"% OF TOTAL":8.5,"2024":354,"2029":387},"Total population: 40 - 44 years":{"Demographic":null,"2020":262,"% OF TOTAL":7.8,"2024":322,"2029":355},"Total population: 45 - 49 years":{"Demographic":null,"2020":219,"% OF TOTAL":6.4,"2024":237,"2029":292},"Total population: 50 - 54 years":{"Demographic":null,"2020":205,"% OF TOTAL":5.5,"2024":234,"2029":250},"Total population: 55 - 59 years":{"Demographic":null,"2020":188,"% OF TOTAL":4.7,"2024":191,"2029":213},"Total population: 60 - 64 years":{"Demographic":null,"2020":231,"% OF TOTAL":5.4,"2024":267,"2029":248},"Total population: 65 - 69 years":{"Demographic":null,"2020":152,"% OF TOTAL":4.9,"2024":185,"2029":223},"Total population: 70 - 74 years":{"Demographic":null,"2020":125,"% OF TOTAL":3.8,"2024":143,"2029":172},"Total population: 75 - 79 years":{"Demographic":null,"2020":89,"% OF TOTAL":3.1,"2024":116,"2029":141},"Total population: 80 - 84 years":{"Demographic":null,"2020":54,"% OF TOTAL":2.1,"2024":66,"2029":94},"Total population: 85 years and over":{"Demographic":null,"2020":54,"% OF TOTAL":1.6,"2024":59,"2029":73},"Householders Age 15-24":{"Demographic":null,"2020":36,"% OF TOTAL":2.8,"2024":42,"2029":47},"Householders Age 25-34":{"Demographic":null,"2020":208,"% OF TOTAL":14.3,"2024":239,"2029":238},"Householders Age 35-44":{"Demographic":null,"2020":279,"% OF TOTAL":21.0,"2024":323,"2029":349},"Householders Age 45-54":{"Demographic":null,"2020":229,"% OF TOTAL":18.1,"2024":265,"2029":302},"Householders Age 55-64":{"Demographic":null,"2020":238,"% OF TOTAL":16.8,"2024":279,"2029":280},"Householders Age 65-74":{"Demographic":null,"2020":189,"% OF TOTAL":15.9,"2024":221,"2029":264},"Householders Age 75+":{"Demographic":null,"2020":125,"% OF TOTAL":11.1,"2024":146,"2029":184},"Household income: Average":{"Demographic":null,"2020":83726,"% OF TOTAL":null,"2024":101847,"2029":126624},"Household income: Less than 25k":{"Demographic":null,"2020":299,"% OF TOTAL":10.6,"2024":264,"2029":176},"Household income: 25k - 50k":{"Demographic":null,"2020":189,"% OF TOTAL":13.8,"2024":212,"2029":229},"Household income: 50k - 75k":{"Demographic":null,"2020":210,"% OF TOTAL":10.5,"2024":213,"2029":175},"Household income: 75k - 100k":{"Demographic":null,"2020":142,"% OF TOTAL":10.4,"2024":160,"2029":173},"Household income: 100k - 125k":{"Demographic":null,"2020":122,"% OF TOTAL":7.9,"2024":109,"2029":131},"Household income: 125k - 150k":{"Demographic":null,"2020":121,"% OF TOTAL":9.0,"2024":97,"2029":149},"Household income: 150k - 200k":{"Demographic":null,"2020":171,"% OF TOTAL":27.5,"2024":380,"2029":458},"Household income: Above 200k":{"Demographic":null,"2020":50,"% OF TOTAL":10.4,"2024":80,"2029":173},"White Alone":{"Demographic":null,"2020":2265,"% OF TOTAL":61.1,"2024":2586,"2029":2786},"Black or African American Alone":{"Demographic":null,"2020":999,"% OF TOTAL":26.1,"2024":1102,"2029":1191},"American Indian and Alaska Native Alone":{"Demographic":null,"2020":28,"% OF TOTAL":0.8,"2024":33,"2029":35},"Asian Alone":{"Demographic":null,"2020":84,"% OF TOTAL":2.4,"2024":101,"2029":111},"Native Hawaiian and OPI Alone":{"Demographic":null,"2020":2,"% OF TOTAL":0.0,"2024":2,"2029":2},"Some Other Race Alone":{"Demographic":null,"2020":30,"% OF TOTAL":0.8,"2024":34,"2029":36},"Two or More Races Alone":{"Demographic":null,"2020":294,"% OF TOTAL":8.7,"2024":368,"2029":398},"Not Hispanic or Latino":{"Demographic":null,"2020":3541,"% OF TOTAL":95.2,"2024":4023,"2029":4340},"Hispanic or Latino":{"Demographic":null,"2020":161,"% OF TOTAL":4.8,"2024":203,"2029":219},"Total Housing Units":{"Demographic":null,"2020":1413,"% OF TOTAL":null,"2024":null,"2029":null},"Owner Occupied Housing Units":{"Demographic":null,"2020":1073,"% OF TOTAL":null,"2024":1243,"2029":null},"Renter Occupied Housing Units":{"Demographic":null,"2020":231,"% OF TOTAL":null,"2024":272,"2029":null},"Housing Units Value Less Than 100k":{"Demographic":null,"2020":256,"% OF TOTAL":null,"2024":297,"2029":null},"Housing Units Value 100k - 200k":{"Demographic":null,"2020":223,"% OF TOTAL":null,"2024":262,"2029":null},"Housing Units Value 200k - 250k":{"Demographic":null,"2020":195,"% OF TOTAL":null,"2024":223,"2029":null},"Housing Units Value 250k - 300k":{"Demographic":null,"2020":172,"% OF TOTAL":null,"2024":200,"2029":null},"Housing Units Value 300k - 400k":{"Demographic":null,"2020":151,"% OF TOTAL":null,"2024":175,"2029":null},"Housing Units Value 400k - 500k":{"Demographic":null,"2020":54,"% OF TOTAL":null,"2024":61,"2029":null},"Housing Units Value 500k - 750k":{"Demographic":null,"2020":15,"% OF TOTAL":null,"2024":17,"2029":null},"Housing Units Value 750k - 1m":{"Demographic":null,"2020":7,"% OF TOTAL":null,"2024":8,"2029":null},"Housing Units Value 1m - 1.5m":{"Demographic":null,"2020":0,"% OF TOTAL":null,"2024":0,"2029":null},"Housing Units Value 1.5m - 2m":{"Demographic":null,"2020":0,"% OF TOTAL":null,"2024":0,"2029":null},"Housing Units Value >2m":{"Demographic":null,"2020":0,"% OF TOTAL":null,"2024":0,"2029":null},"Take Car or Truck to Work":{"Demographic":null,"2020":1420,"% OF TOTAL":null,"2024":1606,"2029":null},"Take Public Transportation to Work":{"Demographic":null,"2020":0,"% OF TOTAL":null,"2024":0,"2029":null},"Take Other Means of Transportation to Work":{"Demographic":null,"2020":49,"% OF TOTAL":null,"2024":61,"2029":null},"Average Travel Time (min)":{"Demographic":null,"2020":30,"% OF TOTAL":null,"2024":30,"2029":null},"Travel Below 30 Min to Work":{"Demographic":null,"2020":784,"% OF TOTAL":null,"2024":887,"2029":null},"Travel 30-60 Min to Work":{"Demographic":null,"2020":669,"% OF TOTAL":null,"2024":760,"2029":null},"Travel Above 60 Min to Work":{"Demographic":null,"2020":75,"% OF TOTAL":null,"2024":20,"2029":null},"Educational Attainment: No High School Diploma":{"Demographic":null,"2020":872,"% OF TOTAL":null,"2024":1032,"2029":null},"Educational Attainment: High School Diploma":{"Demographic":null,"2020":555,"% OF TOTAL":null,"2024":659,"2029":null},"Educational Attainment: Some College":{"Demographic":null,"2020":1446,"% OF TOTAL":null,"2024":1636,"2029":null},"Educational Attainment: Associate's Degree":{"Demographic":null,"2020":143,"% OF TOTAL":null,"2024":163,"2029":null},"Educational Attainment: Bachelors Degree":{"Demographic":null,"2020":532,"% OF TOTAL":null,"2024":591,"2029":null},"Educational Attainment: Advanced Degree":{"Demographic":null,"2020":119,"% OF TOTAL":null,"2024":138,"2029":null},"Households: Number of vehicles available - Average":{"Demographic":null,"2020":2,"% OF TOTAL":null,"2024":2,"2029":null},"Households: No Vehicle available":{"Demographic":null,"2020":115,"% OF TOTAL":null,"2024":143,"2029":null},"Households: 1 Vehicle available":{"Demographic":null,"2020":218,"% OF TOTAL":null,"2024":247,"2029":null},"Households: 2 Vehicles available":{"Demographic":null,"2020":638,"% OF TOTAL":null,"2024":735,"2029":null},"Households: 3 Vehicles available":{"Demographic":null,"2020":139,"% OF TOTAL":null,"2024":168,"2029":null},"Households: 4 or more Vehicles available":{"Demographic":null,"2020":194,"% OF TOTAL":null,"2024":222,"2029":null}},"household_trends":{"Households":{"Demographic":null,"2020":1304,"% OF TOTAL":null,"2024":1515,"2029":1664},"Households Growth":{"Demographic":null,"2020":null,"% OF TOTAL":null,"2024":16.2,"2029":9.8},"Householder Age 15-24":{"Demographic":null,"2020":36,"% OF TOTAL":2.8,"2024":42,"2029":47},"Householder Age 25-34":{"Demographic":null,"2020":208,"% OF TOTAL":14.3,"2024":239,"2029":238},"Householder Age 35-44":{"Demographic":null,"2020":279,"% OF TOTAL":21.0,"2024":323,"2029":349},"Householder Age 45-54":{"Demographic":null,"2020":229,"% OF TOTAL":18.1,"2024":265,"2029":302},"Householder Age 55-64":{"Demographic":null,"2020":238,"% OF TOTAL":16.8,"2024":279,"2029":280},"Householder Age 65-74":{"Demographic":null,"2020":189,"% OF TOTAL":15.9,"2024":221,"2029":264},"Householder Age 75+":{"Demographic":null,"2020":125,"% OF TOTAL":11.1,"2024":146,"2029":184},"Average Household Size":{"Demographic":null,"2020":2.7,"% OF TOTAL":null,"2024":2.7,"2029":2.7},"1 Person Households":{"Demographic":null,"2020":287,"% OF TOTAL":22.8,"2024":339,"2029":379},"2 Person Households":{"Demographic":null,"2020":419,"% OF TOTAL":33.1,"2024":490,"2029":550},"3 Person Households":{"Demographic":null,"2020":249,"% OF TOTAL":19.5,"2024":290,"2029":325},"4 Person Households":{"Demographic":null,"2020":174,"% OF TOTAL":12.1,"2024":195,"2029":202},"5 Person Households":{"Demographic":null,"2020":102,"% OF TOTAL":7.3,"2024":118,"2029":122},"6 Person Households":{"Demographic":null,"2020":45,"% OF TOTAL":3.1,"2024":50,"2029":52},"7+ Person Households":{"Demographic":null,"2020":28,"% OF TOTAL":2.0,"2024":33,"2029":34},"Household Type: Family":{"Demographic":null,"2020":934,"% OF TOTAL":null,"2024":1083,"2029":null},"Household Type: Married Family":{"Demographic":null,"2020":689,"% OF TOTAL":null,"2024":799,"2029":null},"Household Type: Married Family With Children":{"Demographic":null,"2020":286,"% OF TOTAL":null,"2024":331,"2029":null},"Household Type: Married Family Without Children":{"Demographic":null,"2020":403,"% OF TOTAL":null,"2024":468,"2029":null},"Household Type: Other Family":{"Demographic":null,"2020":245,"% OF TOTAL":null,"2024":284,"2029":null},"Household Type: Male Households, No Wife":{"Demographic":null,"2020":75,"% OF TOTAL":null,"2024":87,"2029":null},"Household Type: Male Households, No Wife With Children":{"Demographic":null,"2020":36,"% OF TOTAL":null,"2024":42,"2029":null},"Household Type: Male Households, No Wife Without Children":{"Demographic":null,"2020":39,"% OF TOTAL":null,"2024":45,"2029":null},"Household Type: Female Households, No Husband":{"Demographic":null,"2020":170,"% OF TOTAL":null,"2024":197,"2029":null},"Household Type: Female Households, No Husband With Children":{"Demographic":null,"2020":84,"% OF TOTAL":null,"2024":97,"2029":null},"Household Type: Female Households, No Husband Without Children":{"Demographic":null,"2020":86,"% OF TOTAL":null,"2024":100,"2029":null},"Household Income: Average":{"Demographic":null,"2020":83726,"% OF TOTAL":null,"2024":101847,"2029":126624},"Household Income: Median":{"Demographic":null,"2020":0,"% OF TOTAL":null,"2024":67105,"2029":89174},"Household Income: Less than $25k":{"Demographic":null,"2020":299,"% OF TOTAL":10.6,"2024":264,"2029":176},"Household Income: $25k - $50k":{"Demographic":null,"2020":189,"% OF TOTAL":13.8,"2024":212,"2029":229},"Household Income: $50k - $75k":{"Demographic":null,"2020":210,"% OF TOTAL":10.5,"2024":213,"2029":175},"Household Income: $75k - $100k":{"Demographic":null,"2020":142,"% OF TOTAL":10.4,"2024":160,"2029":173},"Household Income: $100k - $125k":{"Demographic":null,"2020":122,"% OF TOTAL":7.9,"2024":109,"2029":131},"Household Income: $125k - $150k":{"Demographic":null,"2020":121,"% OF TOTAL":9.0,"2024":97,"2029":149},"Household Income: $150k - $200k":{"Demographic":null,"2020":171,"% OF TOTAL":27.5,"2024":380,"2029":458},"Household Income: Above $200k":{"Demographic":null,"2020":50,"% OF TOTAL":10.4,"2024":80,"2029":173},"Total Housing Units":{"Demographic":null,"2020":1413,"% OF TOTAL":null,"2024":null,"2029":null},"Owner Occupied Housing Units":{"Demographic":null,"2020":1073,"% OF TOTAL":null,"2024":1243,"2029":null},"Renter Occupied Housing Units":{"Demographic":null,"2020":231,"% OF TOTAL":null,"2024":272,"2029":null},"Vacant Housing Units":{"Demographic":null,"2020":109,"% OF TOTAL":null,"2024":null,"2029":null},"Vacant Housing Units: Seasonal":{"Demographic":null,"2020":9,"% OF TOTAL":null,"2024":null,"2029":null},"Vacant Housing Units: Other Usage":{"Demographic":null,"2020":100,"% OF TOTAL":null,"2024":null,"2029":null},"Average Housing Unit Value":{"Demographic":null,"2020":207289,"% OF TOTAL":null,"2024":207560,"2029":null},"Median Housing Unit Value":{"Demographic":null,"2020":173884,"% OF TOTAL":null,"2024":173768,"2029":null},"Housing Unit Value Less Than $100k":{"Demographic":null,"2020":256,"% OF TOTAL":null,"2024":297,"2029":null},"Housing Unit Value $100k-$200k":{"Demographic":null,"2020":223,"% OF TOTAL":null,"2024":262,"2029":null},"Housing Unit Value $200k-$250k":{"Demographic":null,"2020":195,"% OF TOTAL":null,"2024":223,"2029":null},"Housing Unit Value $250k-$300k":{"Demographic":null,"2020":172,"% OF TOTAL":null,"2024":200,"2029":null},"Housing Unit Value $300k-$400k":{"Demographic":null,"2020":151,"% OF TOTAL":null,"2024":175,"2029":null},"Housing Unit Value $400k-$500k":{"Demographic":null,"2020":54,"% OF TOTAL":null,"2024":61,"2029":null},"Housing Unit Value $500k-$750k":{"Demographic":null,"2020":15,"% OF TOTAL":null,"2024":17,"2029":null},"Housing Unit Value $750k-$1m":{"Demographic":null,"2020":7,"% OF TOTAL":null,"2024":8,"2029":null},"Housing Unit Value $1m-$1.5m":{"Demographic":null,"2020":0,"% OF TOTAL":null,"2024":0,"2029":null},"Housing Unit Value $1.5m-$2m":{"Demographic":null,"2020":0,"% OF TOTAL":null,"2024":0,"2029":null},"Housing Unit Value Above $2m":{"Demographic":null,"2020":0,"% OF TOTAL":null,"2024":0,"2029":null},"Median Housing Unit Year Built":{"Demographic":null,"2020":1968,"% OF TOTAL":null,"2024":1968,"2029":null},"Housing Units Built 2014 Or After":{"Demographic":null,"2020":96,"% OF TOTAL":null,"2024":106,"2029":null},"Housing Units Built 2010-2013":{"Demographic":null,"2020":423,"% OF TOTAL":null,"2024":488,"2029":null},"Housing Units Built 2000-2009":{"Demographic":null,"2020":107,"% OF TOTAL":null,"2024":118,"2029":null},"Housing Units Built 1990-1999":{"Demographic":null,"2020":34,"% OF TOTAL":null,"2024":38,"2029":null},"Housing Units Built 1980-1989":{"Demographic":null,"2020":222,"% OF TOTAL":null,"2024":249,"2029":null},"Housing Units Built 1970-1979":{"Demographic":null,"2020":89,"% OF TOTAL":null,"2024":109,"2029":null},"Housing Units Built 1960-1969":{"Demographic":null,"2020":122,"% OF TOTAL":null,"2024":150,"2029":null},"Housing Units Built 1950-1959":{"Demographic":null,"2020":182,"% OF TOTAL":null,"2024":220,"2029":null},"Housing Units Built 1940-1949":{"Demographic":null,"2020":4,"% OF TOTAL":null,"2024":5,"2029":null},"Housing Units Built Before 1940":{"Demographic":null,"2020":25,"% OF TOTAL":null,"2024":32,"2029":null}}},"geometry":{"type":"Polygon","coordinates":[[[-87.339129692389,30.589289582368412],[-87.339129692389,30.61820301554947],[-87.30553913838654,30.61820301554947],[-87.30553913838654,30.589289582368412],[-87.339129692389,30.589289582368412]]]}},{"type":"Feature","properties":{"block":"024","block_num":24,"submarket":"Cantonment","CentroidLon":-87.28874386138531,"CentroidLat":30.603746298958942,"data_status":"usable","is_anomalous":false,"anomaly_reason":null,"files_present":"ConsumerSegmentation-26.08.10.csv;DemographicSnapshot-26.08.10.csv;HouseholdIncomeByAge-26.08.10.csv;HouseholdTrends-26.08.10.csv;PopulationTrends-26.08.10.csv","population_2024":1490,"population_2029":1432,"households_2024":586,"households_2029":572,"median_household_income_2024":76136,"median_household_income_2029":105102,"mean_household_income_2024":null,"mean_household_income_2029":null,"median_age_2024":41,"median_age_2029":42,"median_home_value_2024":202027,"average_household_size_2024":2.5,"average_household_size_2029":2.5,"population_growth_2024_2029":-6.5,"households_growth_2024_2029":-5.2,"consumer_segments":{"Simple Life Moderate Income With Children":{"households":106,"pct":26.6},"Simple Life Moderate Income No Children":{"households":93,"pct":23.4},"Active Adult Elite":{"households":57,"pct":14.3},"Renters":{"households":56,"pct":14.1},"Family Life Young Children":{"households":26,"pct":6.5},"Simple Life Affluent No Children":{"households":25,"pct":6.3},"Elite":{"households":12,"pct":3.0},"Active Adult Feature and Location":{"households":9,"pct":2.3},"Renters Near Term Buyers":{"households":8,"pct":2.0},"Active Adult Entry Level":{"households":6,"pct":1.5},"Family Life School Age Children":{"households":0,"pct":0.0},"Feature and Location":{"households":0,"pct":0.0},"Entry Level Urban":{"households":0,"pct":0.0},"Entry Level Suburban":{"households":0,"pct":0.0}},"income_age":{"2020":{},"2024":{},"2029":{}},"population_trends":{"Total Population":{"Demographic":null,"2020":1594,"% OF TOTAL":null,"2024":1490,"2029":1432},"Population Growth":{"Demographic":null,"2020":null,"% OF TOTAL":null,"2024":-6.5,"2029":-3.9},"Female Population":{"Demographic":null,"2020":788,"% OF TOTAL":49.6,"2024":738,"2029":710},"Male Population":{"Demographic":null,"2020":806,"% OF TOTAL":50.4,"2024":752,"2029":722},"Total population: Median Age":{"Demographic":null,"2020":40,"% OF TOTAL":null,"2024":41,"2029":42},"Total population: Under 5 years":{"Demographic":null,"2020":93,"% OF TOTAL":5.2,"2024":84,"2029":75},"Total population: 5 - 9 years":{"Demographic":null,"2020":90,"% OF TOTAL":5.2,"2024":83,"2029":75},"Total population: 10 - 14 years":{"Demographic":null,"2020":107,"% OF TOTAL":5.9,"2024":95,"2029":84},"Total population: 15 - 19 years":{"Demographic":null,"2020":108,"% OF TOTAL":6.8,"2024":104,"2029":97},"Total population: 20 - 24 years":{"Demographic":null,"2020":85,"% OF TOTAL":5.9,"2024":78,"2029":84},"Total population: 25 - 29 years":{"Demographic":null,"2020":98,"% OF TOTAL":5.7,"2024":90,"2029":82},"Total population: 30 - 34 years":{"Demographic":null,"2020":80,"% OF TOTAL":5.2,"2024":77,"2029":75},"Total population: 35 - 39 years":{"Demographic":null,"2020":120,"% OF TOTAL":7.1,"2024":117,"2029":102},"Total population: 40 - 44 years":{"Demographic":null,"2020":86,"% OF TOTAL":6.5,"2024":89,"2029":93},"Total population: 45 - 49 years":{"Demographic":null,"2020":100,"% OF TOTAL":5.9,"2024":87,"2029":85},"Total population: 50 - 54 years":{"Demographic":null,"2020":99,"% OF TOTAL":6.1,"2024":93,"2029":87},"Total population: 55 - 59 years":{"Demographic":null,"2020":110,"% OF TOTAL":5.9,"2024":90,"2029":85},"Total population: 60 - 64 years":{"Demographic":null,"2020":129,"% OF TOTAL":7.1,"2024":121,"2029":102},"Total population: 65 - 69 years":{"Demographic":null,"2020":81,"% OF TOTAL":6.1,"2024":82,"2029":88},"Total population: 70 - 74 years":{"Demographic":null,"2020":93,"% OF TOTAL":5.8,"2024":86,"2029":83},"Total population: 75 - 79 years":{"Demographic":null,"2020":54,"% OF TOTAL":4.6,"2024":57,"2029":66},"Total population: 80 - 84 years":{"Demographic":null,"2020":30,"% OF TOTAL":2.8,"2024":30,"2029":40},"Total population: 85 years and over":{"Demographic":null,"2020":31,"% OF TOTAL":2.0,"2024":27,"2029":29},"Female population: Median Age":{"Demographic":null,"2020":42,"% OF TOTAL":null,"2024":42,"2029":43},"Female population: Under 5 years":{"Demographic":null,"2020":46,"% OF TOTAL":5.2,"2024":41,"2029":37},"Female population: 5 - 9 years":{"Demographic":null,"2020":47,"% OF TOTAL":5.2,"2024":42,"2029":37},"Female population: 10 - 14 years":{"Demographic":null,"2020":49,"% OF TOTAL":5.6,"2024":43,"2029":40},"Female population: 15 - 19 years":{"Demographic":null,"2020":38,"% OF TOTAL":5.2,"2024":36,"2029":37},"Female population: 20 - 24 years":{"Demographic":null,"2020":46,"% OF TOTAL":5.5,"2024":43,"2029":39},"Female population: 25 - 29 years":{"Demographic":null,"2020":47,"% OF TOTAL":6.1,"2024":45,"2029":43},"Female population: 30 - 34 years":{"Demographic":null,"2020":47,"% OF TOTAL":5.9,"2024":45,"2029":42},"Female population: 35 - 39 years":{"Demographic":null,"2020":59,"% OF TOTAL":7.2,"2024":57,"2029":51},"Female population: 40 - 44 years":{"Demographic":null,"2020":34,"% OF TOTAL":5.6,"2024":36,"2029":40},"Female population: 45 - 49 years":{"Demographic":null,"2020":56,"% OF TOTAL":6.3,"2024":50,"2029":45},"Female population: 50 - 54 years":{"Demographic":null,"2020":47,"% OF TOTAL":6.3,"2024":46,"2029":45},"Female population: 55 - 59 years":{"Demographic":null,"2020":58,"% OF TOTAL":6.2,"2024":47,"2029":44},"Female population: 60 - 64 years":{"Demographic":null,"2020":65,"% OF TOTAL":7.2,"2024":61,"2029":51},"Female population: 65 - 69 years":{"Demographic":null,"2020":45,"% OF TOTAL":6.6,"2024":45,"2029":47},"Female population: 70 - 74 years":{"Demographic":null,"2020":49,"% OF TOTAL":6.3,"2024":46,"2029":45},"Female population: 75 - 79 years":{"Demographic":null,"2020":26,"% OF TOTAL":4.8,"2024":28,"2029":34},"Female population: 80 - 84 years":{"Demographic":null,"2020":13,"% OF TOTAL":2.7,"2024":13,"2029":19},"Female population: 85 years and over":{"Demographic":null,"2020":16,"% OF TOTAL":2.0,"2024":14,"2029":14},"Male population: Median Age":{"Demographic":null,"2020":40,"% OF TOTAL":null,"2024":40,"2029":41},"Male population: Under 5 years":{"Demographic":null,"2020":47,"% OF TOTAL":5.3,"2024":43,"2029":38},"Male population: 5 - 9 years":{"Demographic":null,"2020":43,"% OF TOTAL":5.3,"2024":41,"2029":38},"Male population: 10 - 14 years":{"Demographic":null,"2020":58,"% OF TOTAL":6.1,"2024":52,"2029":44},"Male population: 15 - 19 years":{"Demographic":null,"2020":70,"% OF TOTAL":8.3,"2024":68,"2029":60},"Male population: 20 - 24 years":{"Demographic":null,"2020":39,"% OF TOTAL":6.2,"2024":35,"2029":45},"Male population: 25 - 29 years":{"Demographic":null,"2020":51,"% OF TOTAL":5.4,"2024":45,"2029":39},"Male population: 30 - 34 years":{"Demographic":null,"2020":33,"% OF TOTAL":4.6,"2024":32,"2029":33},"Male population: 35 - 39 years":{"Demographic":null,"2020":61,"% OF TOTAL":7.1,"2024":60,"2029":51},"Male population: 40 - 44 years":{"Demographic":null,"2020":52,"% OF TOTAL":7.3,"2024":53,"2029":53},"Male population: 45 - 49 years":{"Demographic":null,"2020":44,"% OF TOTAL":5.5,"2024":37,"2029":40},"Male population: 50 - 54 years":{"Demographic":null,"2020":52,"% OF TOTAL":5.8,"2024":47,"2029":42},"Male population: 55 - 59 years":{"Demographic":null,"2020":52,"% OF TOTAL":5.7,"2024":43,"2029":41},"Male population: 60 - 64 years":{"Demographic":null,"2020":64,"% OF TOTAL":7.1,"2024":60,"2029":51},"Male population: 65 - 69 years":{"Demographic":null,"2020":36,"% OF TOTAL":5.7,"2024":37,"2029":41},"Male population: 70 - 74 years":{"Demographic":null,"2020":44,"% OF TOTAL":5.3,"2024":40,"2029":38},"Male population: 75 - 79 years":{"Demographic":null,"2020":28,"% OF TOTAL":4.4,"2024":29,"2029":32},"Male population: 80 - 84 years":{"Demographic":null,"2020":17,"% OF TOTAL":2.9,"2024":17,"2029":21},"Male population: 85 years and over":{"Demographic":null,"2020":15,"% OF TOTAL":2.1,"2024":13,"2029":15},"White alone":{"Demographic":null,"2020":1226,"% OF TOTAL":76.5,"2024":1139,"2029":1095},"Black alone":{"Demographic":null,"2020":175,"% OF TOTAL":10.7,"2024":159,"2029":153},"American Indian and Alaska Native alone":{"Demographic":null,"2020":30,"% OF TOTAL":2.0,"2024":29,"2029":28},"Asian alone":{"Demographic":null,"2020":11,"% OF TOTAL":0.8,"2024":11,"2029":11},"Native Hawaiian and OPI alone":{"Demographic":null,"2020":1,"% OF TOTAL":0.1,"2024":1,"2029":1},"Some other race alone":{"Demographic":null,"2020":31,"% OF TOTAL":1.9,"2024":29,"2029":27},"Two or more races alone":{"Demographic":null,"2020":120,"% OF TOTAL":8.2,"2024":122,"2029":117},"Not Hispanic: White alone":{"Demographic":null,"2020":1214,"% OF TOTAL":75.6,"2024":1127,"2029":1083},"Not Hispanic: Black or African American alone":{"Demographic":null,"2020":173,"% OF TOTAL":10.5,"2024":157,"2029":151},"Not Hispanic: American Indian and Alaska Native alone":{"Demographic":null,"2020":27,"% OF TOTAL":1.7,"2024":25,"2029":24},"Not Hispanic: Asian alone":{"Demographic":null,"2020":11,"% OF TOTAL":0.8,"2024":11,"2029":11},"Not Hispanic: Native Hawaiian and OPI alone":{"Demographic":null,"2020":1,"% OF TOTAL":0.1,"2024":1,"2029":1},"Not Hispanic: Some Other Race alone":{"Demographic":null,"2020":15,"% OF TOTAL":0.9,"2024":14,"2029":13},"Not Hispanic: Two or More Races":{"Demographic":null,"2020":94,"% OF TOTAL":6.3,"2024":94,"2029":90},"Hispanic: White alone":{"Demographic":null,"2020":12,"% OF TOTAL":0.8,"2024":12,"2029":12},"Hispanic: Black or African American alone":{"Demographic":null,"2020":2,"% OF TOTAL":0.1,"2024":2,"2029":2},"Hispanic: American Indian and Alaska Native alone":{"Demographic":null,"2020":3,"% OF TOTAL":0.3,"2024":4,"2029":4},"Hispanic: Asian alone":{"Demographic":null,"2020":0,"% OF TOTAL":0.0,"2024":0,"2029":0},"Hispanic: Native Hawaiian and OPI alone":{"Demographic":null,"2020":0,"% OF TOTAL":0.0,"2024":0,"2029":0},"Hispanic: Some Other Race alone":{"Demographic":null,"2020":16,"% OF TOTAL":1.0,"2024":15,"2029":14},"Hispanic: Two or More Races":{"Demographic":null,"2020":26,"% OF TOTAL":1.9,"2024":28,"2029":27},"Educational Attainment: No High School Diploma":{"Demographic":null,"2020":222,"% OF TOTAL":null,"2024":209,"2029":null},"Educational Attainment: High School Diploma":{"Demographic":null,"2020":269,"% OF TOTAL":null,"2024":253,"2029":null},"Educational Attainment: Some College":{"Demographic":null,"2020":295,"% OF TOTAL":null,"2024":278,"2029":null},"Educational Attainment: Associates Degree":{"Demographic":null,"2020":92,"% OF TOTAL":null,"2024":87,"2029":null},"Educational Attainment: Bachelors Degree":{"Demographic":null,"2020":166,"% OF TOTAL":null,"2024":156,"2029":null},"Educational Attainment: Advanced Degree":{"Demographic":null,"2020":67,"% OF TOTAL":null,"2024":63,"2029":null},"Employment Status: Armed Forces":{"Demographic":null,"2020":0,"% OF TOTAL":null,"2024":0,"2029":null},"Employment Status: Civilian labor force employed":{"Demographic":null,"2020":826,"% OF TOTAL":null,"2024":767,"2029":null},"Employment Status: Civilian labor force unemployed":{"Demographic":null,"2020":53,"% OF TOTAL":null,"2024":49,"2029":null},"Employment Status: Not in labor force":{"Demographic":null,"2020":408,"% OF TOTAL":null,"2024":379,"2029":null},"Employed in Agriculture and Mining Industries":{"Demographic":null,"2020":0,"% OF TOTAL":null,"2024":0,"2029":null},"Employed in Construction Industries":{"Demographic":null,"2020":71,"% OF TOTAL":null,"2024":66,"2029":null},"Employed in Manufacturing Industries":{"Demographic":null,"2020":58,"% OF TOTAL":null,"2024":54,"2029":null},"Employed in Wholesale Industries":{"Demographic":null,"2020":17,"% OF TOTAL":null,"2024":16,"2029":null},"Employed in Retail Industries":{"Demographic":null,"2020":115,"% OF TOTAL":null,"2024":107,"2029":null},"Employed in Transportation and Utilities Industries":{"Demographic":null,"2020":17,"% OF TOTAL":null,"2024":16,"2029":null},"Employed in Information Industries":{"Demographic":null,"2020":0,"% OF TOTAL":null,"2024":0,"2029":null},"Employed in Real-Estate Industries":{"Demographic":null,"2020":35,"% OF TOTAL":null,"2024":32,"2029":null},"Employed in Professional Industries":{"Demographic":null,"2020":49,"% OF TOTAL":null,"2024":45,"2029":null},"Employed in Health and Education Industries":{"Demographic":null,"2020":262,"% OF TOTAL":null,"2024":243,"2029":null},"Employed in Art Industries":{"Demographic":null,"2020":171,"% OF TOTAL":null,"2024":159,"2029":null},"Employed in Other Industries":{"Demographic":null,"2020":7,"% OF TOTAL":null,"2024":7,"2029":null},"Employed in Public Administration Industries":{"Demographic":null,"2020":24,"% OF TOTAL":null,"2024":22,"2029":null},"Occupation: Management":{"Demographic":null,"2020":55,"% OF TOTAL":null,"2024":51,"2029":null},"Occupation: Business and financial operations":{"Demographic":null,"2020":0,"% OF TOTAL":null,"2024":0,"2029":null},"Occupation: Computer and mathematical":{"Demographic":null,"2020":65,"% OF TOTAL":null,"2024":60,"2029":null},"Occupation: Architecture and engineering":{"Demographic":null,"2020":0,"% OF TOTAL":null,"2024":0,"2029":null},"Occupation: Life, physical, and social science":{"Demographic":null,"2020":0,"% OF TOTAL":null,"2024":0,"2029":null},"Occupation: Community and social service":{"Demographic":null,"2020":44,"% OF TOTAL":null,"2024":41,"2029":null},"Occupation: Legal":{"Demographic":null,"2020":0,"% OF TOTAL":null,"2024":0,"2029":null},"Occupation: Education, training, and library":{"Demographic":null,"2020":85,"% OF TOTAL":null,"2024":79,"2029":null},"Occupation: Arts, design, entertainment, sports, and media":{"Demographic":null,"2020":0,"% OF TOTAL":null,"2024":0,"2029":null},"Occupation: Health diagnosing and treating practitioners":{"Demographic":null,"2020":48,"% OF TOTAL":null,"2024":45,"2029":null},"Occupation: Health technologists and technicians":{"Demographic":null,"2020":0,"% OF TOTAL":null,"2024":0,"2029":null},"Occupation: Healthcare support":{"Demographic":null,"2020":110,"% OF TOTAL":null,"2024":102,"2029":null},"Occupation: Fire fighting and prevention":{"Demographic":null,"2020":0,"% OF TOTAL":null,"2024":0,"2029":null},"Occupation: Law enforcement workers":{"Demographic":null,"2020":0,"% OF TOTAL":null,"2024":0,"2029":null},"Occupation: Food preparation and serving related":{"Demographic":null,"2020":99,"% OF TOTAL":null,"2024":92,"2029":null},"Occupation: Building and grounds cleaning and maintenance":{"Demographic":null,"2020":49,"% OF TOTAL":null,"2024":46,"2029":null},"Occupation: Personal care and service":{"Demographic":null,"2020":0,"% OF TOTAL":null,"2024":0,"2029":null},"Occupation: Sales and related":{"Demographic":null,"2020":105,"% OF TOTAL":null,"2024":97,"2029":null},"Occupation: Office and administrative support":{"Demographic":null,"2020":66,"% OF TOTAL":null,"2024":61,"2029":null},"Occupation: Farming, fishing, and forestry":{"Demographic":null,"2020":0,"% OF TOTAL":null,"2024":0,"2029":null},"Occupation: Construction and extraction":{"Demographic":null,"2020":19,"% OF TOTAL":null,"2024":18,"2029":null},"Occupation: Installation, maintenance, and repair":{"Demographic":null,"2020":7,"% OF TOTAL":null,"2024":7,"2029":null},"Occupation: Production":{"Demographic":null,"2020":9,"% OF TOTAL":null,"2024":8,"2029":null},"Occupation: Transportation":{"Demographic":null,"2020":65,"% OF TOTAL":null,"2024":60,"2029":null},"Occupation: Material moving":{"Demographic":null,"2020":0,"% OF TOTAL":null,"2024":0,"2029":null},"White collar":{"Demographic":null,"2020":468,"% OF TOTAL":null,"2024":434,"2029":null},"Blue collar":{"Demographic":null,"2020":358,"% OF TOTAL":null,"2024":333,"2029":null},"Means of transportation: Car, truck or van":{"Demographic":null,"2020":743,"% OF TOTAL":null,"2024":690,"2029":null},"Means of transportation: Public transportation":{"Demographic":null,"2020":0,"% OF TOTAL":null,"2024":0,"2029":null},"Means of transportation: Other":{"Demographic":null,"2020":0,"% OF TOTAL":null,"2024":0,"2029":null},"Travel time: Average (in minutes)":{"Demographic":null,"2020":30,"% OF TOTAL":null,"2024":30,"2029":null},"Travel time to work: Less than 30 minutes":{"Demographic":null,"2020":380,"% OF TOTAL":null,"2024":353,"2029":null},"Travel time to work: 30 to 60 minutes":{"Demographic":null,"2020":299,"% OF TOTAL":null,"2024":278,"2029":null},"Travel time to work: 60 or more minutes":{"Demographic":null,"2020":64,"% OF TOTAL":null,"2024":59,"2029":null}},"demographic_snapshot":{"Total Population":{"Demographic":null,"2020":1594,"% OF TOTAL":null,"2024":1490,"2029":1432},"Households":{"Demographic":null,"2020":618,"% OF TOTAL":null,"2024":586,"2029":572},"Population in Group Quarters":{"Demographic":null,"2020":0,"% OF TOTAL":null,"2024":0,"2029":0},"Households Growth":{"Demographic":null,"2020":null,"% OF TOTAL":null,"2024":-5.2,"2029":-2.4},"Household Income: Median":{"Demographic":null,"2020":0,"% OF TOTAL":null,"2024":76136,"2029":105102},"Home Value: Median":{"Demographic":null,"2020":201923,"% OF TOTAL":null,"2024":202027,"2029":null},"Population Growth":{"Demographic":null,"2020":null,"% OF TOTAL":null,"2024":-6.5,"2029":-3.9},"Total Population: Under 19 years":{"Demographic":null,"2020":398,"% OF TOTAL":23.1,"2024":366,"2029":331},"Total Population: 20 - 64 years":{"Demographic":null,"2020":907,"% OF TOTAL":55.5,"2024":842,"2029":795},"Total Population: 65 years and over":{"Demographic":null,"2020":289,"% OF TOTAL":21.4,"2024":282,"2029":306},"Total population: Median age":{"Demographic":null,"2020":40,"% OF TOTAL":null,"2024":41,"2029":42},"Total population: Under 5 years":{"Demographic":null,"2020":93,"% OF TOTAL":5.2,"2024":84,"2029":75},"Total population: 5 - 9 years":{"Demographic":null,"2020":90,"% OF TOTAL":5.2,"2024":83,"2029":75},"Total population: 10 - 14 years":{"Demographic":null,"2020":107,"% OF TOTAL":5.9,"2024":95,"2029":84},"Total population: 15 - 19 years":{"Demographic":null,"2020":108,"% OF TOTAL":6.8,"2024":104,"2029":97},"Total population: 20 - 24 years":{"Demographic":null,"2020":85,"% OF TOTAL":5.9,"2024":78,"2029":84},"Total population: 25 - 29 years":{"Demographic":null,"2020":98,"% OF TOTAL":5.7,"2024":90,"2029":82},"Total population: 30 - 34 years":{"Demographic":null,"2020":80,"% OF TOTAL":5.2,"2024":77,"2029":75},"Total population: 35 - 39 years":{"Demographic":null,"2020":120,"% OF TOTAL":7.1,"2024":117,"2029":102},"Total population: 40 - 44 years":{"Demographic":null,"2020":86,"% OF TOTAL":6.5,"2024":89,"2029":93},"Total population: 45 - 49 years":{"Demographic":null,"2020":100,"% OF TOTAL":5.9,"2024":87,"2029":85},"Total population: 50 - 54 years":{"Demographic":null,"2020":99,"% OF TOTAL":6.1,"2024":93,"2029":87},"Total population: 55 - 59 years":{"Demographic":null,"2020":110,"% OF TOTAL":5.9,"2024":90,"2029":85},"Total population: 60 - 64 years":{"Demographic":null,"2020":129,"% OF TOTAL":7.1,"2024":121,"2029":102},"Total population: 65 - 69 years":{"Demographic":null,"2020":81,"% OF TOTAL":6.1,"2024":82,"2029":88},"Total population: 70 - 74 years":{"Demographic":null,"2020":93,"% OF TOTAL":5.8,"2024":86,"2029":83},"Total population: 75 - 79 years":{"Demographic":null,"2020":54,"% OF TOTAL":4.6,"2024":57,"2029":66},"Total population: 80 - 84 years":{"Demographic":null,"2020":30,"% OF TOTAL":2.8,"2024":30,"2029":40},"Total population: 85 years and over":{"Demographic":null,"2020":31,"% OF TOTAL":2.0,"2024":27,"2029":29},"Householders Age 15-24":{"Demographic":null,"2020":27,"% OF TOTAL":4.4,"2024":25,"2029":25},"Householders Age 25-34":{"Demographic":null,"2020":71,"% OF TOTAL":11.2,"2024":67,"2029":64},"Householders Age 35-44":{"Demographic":null,"2020":72,"% OF TOTAL":11.2,"2024":68,"2029":64},"Householders Age 45-54":{"Demographic":null,"2020":120,"% OF TOTAL":18.9,"2024":114,"2029":108},"Householders Age 55-64":{"Demographic":null,"2020":144,"% OF TOTAL":21.3,"2024":138,"2029":122},"Householders Age 65-74":{"Demographic":null,"2020":101,"% OF TOTAL":16.8,"2024":95,"2029":96},"Householders Age 75+":{"Demographic":null,"2020":83,"% OF TOTAL":16.3,"2024":79,"2029":93},"Household income: Average":{"Demographic":null,"2020":80150,"% OF TOTAL":null,"2024":95201,"2029":113990},"Household income: Less than 25k":{"Demographic":null,"2020":129,"% OF TOTAL":11.4,"2024":100,"2029":65},"Household income: 25k - 50k":{"Demographic":null,"2020":87,"% OF TOTAL":15.2,"2024":81,"2029":87},"Household income: 50k - 75k":{"Demographic":null,"2020":152,"% OF TOTAL":15.4,"2024":110,"2029":88},"Household income: 75k - 100k":{"Demographic":null,"2020":50,"% OF TOTAL":4.5,"2024":44,"2029":26},"Household income: 100k - 125k":{"Demographic":null,"2020":94,"% OF TOTAL":17.1,"2024":105,"2029":98},"Household income: 125k - 150k":{"Demographic":null,"2020":0,"% OF TOTAL":0.0,"2024":0,"2029":0},"Household income: 150k - 200k":{"Demographic":null,"2020":87,"% OF TOTAL":29.4,"2024":119,"2029":168},"Household income: Above 200k":{"Demographic":null,"2020":19,"% OF TOTAL":7.0,"2024":27,"2029":40},"White Alone":{"Demographic":null,"2020":1226,"% OF TOTAL":76.5,"2024":1139,"2029":1095},"Black or African American Alone":{"Demographic":null,"2020":175,"% OF TOTAL":10.7,"2024":159,"2029":153},"American Indian and Alaska Native Alone":{"Demographic":null,"2020":30,"% OF TOTAL":2.0,"2024":29,"2029":28},"Asian Alone":{"Demographic":null,"2020":11,"% OF TOTAL":0.8,"2024":11,"2029":11},"Native Hawaiian and OPI Alone":{"Demographic":null,"2020":1,"% OF TOTAL":0.1,"2024":1,"2029":1},"Some Other Race Alone":{"Demographic":null,"2020":31,"% OF TOTAL":1.9,"2024":29,"2029":27},"Two or More Races Alone":{"Demographic":null,"2020":120,"% OF TOTAL":8.2,"2024":122,"2029":117},"Not Hispanic or Latino":{"Demographic":null,"2020":1535,"% OF TOTAL":95.9,"2024":1429,"2029":1373},"Hispanic or Latino":{"Demographic":null,"2020":59,"% OF TOTAL":4.1,"2024":61,"2029":59},"Total Housing Units":{"Demographic":null,"2020":656,"% OF TOTAL":null,"2024":null,"2029":null},"Owner Occupied Housing Units":{"Demographic":null,"2020":493,"% OF TOTAL":null,"2024":467,"2029":null},"Renter Occupied Housing Units":{"Demographic":null,"2020":125,"% OF TOTAL":null,"2024":119,"2029":null},"Housing Units Value Less Than 100k":{"Demographic":null,"2020":183,"% OF TOTAL":null,"2024":174,"2029":null},"Housing Units Value 100k - 200k":{"Demographic":null,"2020":62,"% OF TOTAL":null,"2024":58,"2029":null},"Housing Units Value 200k - 250k":{"Demographic":null,"2020":39,"% OF TOTAL":null,"2024":37,"2029":null},"Housing Units Value 250k - 300k":{"Demographic":null,"2020":68,"% OF TOTAL":null,"2024":64,"2029":null},"Housing Units Value 300k - 400k":{"Demographic":null,"2020":122,"% OF TOTAL":null,"2024":116,"2029":null},"Housing Units Value 400k - 500k":{"Demographic":null,"2020":0,"% OF TOTAL":null,"2024":0,"2029":null},"Housing Units Value 500k - 750k":{"Demographic":null,"2020":0,"% OF TOTAL":null,"2024":0,"2029":null},"Housing Units Value 750k - 1m":{"Demographic":null,"2020":0,"% OF TOTAL":null,"2024":0,"2029":null},"Housing Units Value 1m - 1.5m":{"Demographic":null,"2020":0,"% OF TOTAL":null,"2024":0,"2029":null},"Housing Units Value 1.5m - 2m":{"Demographic":null,"2020":19,"% OF TOTAL":null,"2024":18,"2029":null},"Housing Units Value >2m":{"Demographic":null,"2020":0,"% OF TOTAL":null,"2024":0,"2029":null},"Take Car or Truck to Work":{"Demographic":null,"2020":743,"% OF TOTAL":null,"2024":690,"2029":null},"Take Public Transportation to Work":{"Demographic":null,"2020":0,"% OF TOTAL":null,"2024":0,"2029":null},"Take Other Means of Transportation to Work":{"Demographic":null,"2020":0,"% OF TOTAL":null,"2024":0,"2029":null},"Average Travel Time (min)":{"Demographic":null,"2020":30,"% OF TOTAL":null,"2024":30,"2029":null},"Travel Below 30 Min to Work":{"Demographic":null,"2020":380,"% OF TOTAL":null,"2024":353,"2029":null},"Travel 30-60 Min to Work":{"Demographic":null,"2020":299,"% OF TOTAL":null,"2024":278,"2029":null},"Travel Above 60 Min to Work":{"Demographic":null,"2020":94,"% OF TOTAL":null,"2024":59,"2029":null},"Educational Attainment: No High School Diploma":{"Demographic":null,"2020":491,"% OF TOTAL":null,"2024":462,"2029":null},"Educational Attainment: High School Diploma":{"Demographic":null,"2020":269,"% OF TOTAL":null,"2024":253,"2029":null},"Educational Attainment: Some College":{"Demographic":null,"2020":553,"% OF TOTAL":null,"2024":521,"2029":null},"Educational Attainment: Associate's Degree":{"Demographic":null,"2020":92,"% OF TOTAL":null,"2024":87,"2029":null},"Educational Attainment: Bachelors Degree":{"Demographic":null,"2020":166,"% OF TOTAL":null,"2024":156,"2029":null},"Educational Attainment: Advanced Degree":{"Demographic":null,"2020":67,"% OF TOTAL":null,"2024":63,"2029":null},"Households: Number of vehicles available - Average":{"Demographic":null,"2020":1,"% OF TOTAL":null,"2024":1,"2029":null},"Households: No Vehicle available":{"Demographic":null,"2020":15,"% OF TOTAL":null,"2024":14,"2029":null},"Households: 1 Vehicle available":{"Demographic":null,"2020":245,"% OF TOTAL":null,"2024":233,"2029":null},"Households: 2 Vehicles available":{"Demographic":null,"2020":239,"% OF TOTAL":null,"2024":227,"2029":null},"Households: 3 Vehicles available":{"Demographic":null,"2020":84,"% OF TOTAL":null,"2024":79,"2029":null},"Households: 4 or more Vehicles available":{"Demographic":null,"2020":35,"% OF TOTAL":null,"2024":33,"2029":null}},"household_trends":{"Households":{"Demographic":null,"2020":618,"% OF TOTAL":null,"2024":586,"2029":572},"Households Growth":{"Demographic":null,"2020":null,"% OF TOTAL":null,"2024":-5.2,"2029":-2.4},"Householder Age 15-24":{"Demographic":null,"2020":27,"% OF TOTAL":4.4,"2024":25,"2029":25},"Householder Age 25-34":{"Demographic":null,"2020":71,"% OF TOTAL":11.2,"2024":67,"2029":64},"Householder Age 35-44":{"Demographic":null,"2020":72,"% OF TOTAL":11.2,"2024":68,"2029":64},"Householder Age 45-54":{"Demographic":null,"2020":120,"% OF TOTAL":18.9,"2024":114,"2029":108},"Householder Age 55-64":{"Demographic":null,"2020":144,"% OF TOTAL":21.3,"2024":138,"2029":122},"Householder Age 65-74":{"Demographic":null,"2020":101,"% OF TOTAL":16.8,"2024":95,"2029":96},"Householder Age 75+":{"Demographic":null,"2020":83,"% OF TOTAL":16.3,"2024":79,"2029":93},"Average Household Size":{"Demographic":null,"2020":2.6,"% OF TOTAL":null,"2024":2.5,"2029":2.5},"1 Person Households":{"Demographic":null,"2020":152,"% OF TOTAL":24.5,"2024":140,"2029":140},"2 Person Households":{"Demographic":null,"2020":242,"% OF TOTAL":39.2,"2024":225,"2029":224},"3 Person Households":{"Demographic":null,"2020":93,"% OF TOTAL":15.0,"2024":86,"2029":86},"4 Person Households":{"Demographic":null,"2020":73,"% OF TOTAL":12.1,"2024":76,"2029":69},"5 Person Households":{"Demographic":null,"2020":30,"% OF TOTAL":4.9,"2024":31,"2029":28},"6 Person Households":{"Demographic":null,"2020":10,"% OF TOTAL":1.6,"2024":10,"2029":9},"7+ Person Households":{"Demographic":null,"2020":18,"% OF TOTAL":2.8,"2024":18,"2029":16},"Household Type: Family":{"Demographic":null,"2020":438,"% OF TOTAL":null,"2024":415,"2029":null},"Household Type: Married Family":{"Demographic":null,"2020":310,"% OF TOTAL":null,"2024":294,"2029":null},"Household Type: Married Family With Children":{"Demographic":null,"2020":112,"% OF TOTAL":null,"2024":106,"2029":null},"Household Type: Married Family Without Children":{"Demographic":null,"2020":198,"% OF TOTAL":null,"2024":188,"2029":null},"Household Type: Other Family":{"Demographic":null,"2020":128,"% OF TOTAL":null,"2024":121,"2029":null},"Household Type: Male Households, No Wife":{"Demographic":null,"2020":37,"% OF TOTAL":null,"2024":35,"2029":null},"Household Type: Male Households, No Wife With Children":{"Demographic":null,"2020":17,"% OF TOTAL":null,"2024":16,"2029":null},"Household Type: Male Households, No Wife Without Children":{"Demographic":null,"2020":20,"% OF TOTAL":null,"2024":19,"2029":null},"Household Type: Female Households, No Husband":{"Demographic":null,"2020":91,"% OF TOTAL":null,"2024":86,"2029":null},"Household Type: Female Households, No Husband With Children":{"Demographic":null,"2020":40,"% OF TOTAL":null,"2024":38,"2029":null},"Household Type: Female Households, No Husband Without Children":{"Demographic":null,"2020":51,"% OF TOTAL":null,"2024":48,"2029":null},"Household Income: Average":{"Demographic":null,"2020":80150,"% OF TOTAL":null,"2024":95201,"2029":113990},"Household Income: Median":{"Demographic":null,"2020":0,"% OF TOTAL":null,"2024":76136,"2029":105102},"Household Income: Less than $25k":{"Demographic":null,"2020":129,"% OF TOTAL":11.4,"2024":100,"2029":65},"Household Income: $25k - $50k":{"Demographic":null,"2020":87,"% OF TOTAL":15.2,"2024":81,"2029":87},"Household Income: $50k - $75k":{"Demographic":null,"2020":152,"% OF TOTAL":15.4,"2024":110,"2029":88},"Household Income: $75k - $100k":{"Demographic":null,"2020":50,"% OF TOTAL":4.5,"2024":44,"2029":26},"Household Income: $100k - $125k":{"Demographic":null,"2020":94,"% OF TOTAL":17.1,"2024":105,"2029":98},"Household Income: $125k - $150k":{"Demographic":null,"2020":0,"% OF TOTAL":0.0,"2024":0,"2029":0},"Household Income: $150k - $200k":{"Demographic":null,"2020":87,"% OF TOTAL":29.4,"2024":119,"2029":168},"Household Income: Above $200k":{"Demographic":null,"2020":19,"% OF TOTAL":7.0,"2024":27,"2029":40},"Total Housing Units":{"Demographic":null,"2020":656,"% OF TOTAL":null,"2024":null,"2029":null},"Owner Occupied Housing Units":{"Demographic":null,"2020":493,"% OF TOTAL":null,"2024":467,"2029":null},"Renter Occupied Housing Units":{"Demographic":null,"2020":125,"% OF TOTAL":null,"2024":119,"2029":null},"Vacant Housing Units":{"Demographic":null,"2020":38,"% OF TOTAL":null,"2024":null,"2029":null},"Vacant Housing Units: Seasonal":{"Demographic":null,"2020":3,"% OF TOTAL":null,"2024":null,"2029":null},"Vacant Housing Units: Other Usage":{"Demographic":null,"2020":35,"% OF TOTAL":null,"2024":null,"2029":null},"Average Housing Unit Value":{"Demographic":null,"2020":258469,"% OF TOTAL":null,"2024":258448,"2029":null},"Median Housing Unit Value":{"Demographic":null,"2020":201923,"% OF TOTAL":null,"2024":202027,"2029":null},"Housing Unit Value Less Than $100k":{"Demographic":null,"2020":183,"% OF TOTAL":null,"2024":174,"2029":null},"Housing Unit Value $100k-$200k":{"Demographic":null,"2020":62,"% OF TOTAL":null,"2024":58,"2029":null},"Housing Unit Value $200k-$250k":{"Demographic":null,"2020":39,"% OF TOTAL":null,"2024":37,"2029":null},"Housing Unit Value $250k-$300k":{"Demographic":null,"2020":68,"% OF TOTAL":null,"2024":64,"2029":null},"Housing Unit Value $300k-$400k":{"Demographic":null,"2020":122,"% OF TOTAL":null,"2024":116,"2029":null},"Housing Unit Value $400k-$500k":{"Demographic":null,"2020":0,"% OF TOTAL":null,"2024":0,"2029":null},"Housing Unit Value $500k-$750k":{"Demographic":null,"2020":0,"% OF TOTAL":null,"2024":0,"2029":null},"Housing Unit Value $750k-$1m":{"Demographic":null,"2020":0,"% OF TOTAL":null,"2024":0,"2029":null},"Housing Unit Value $1m-$1.5m":{"Demographic":null,"2020":0,"% OF TOTAL":null,"2024":0,"2029":null},"Housing Unit Value $1.5m-$2m":{"Demographic":null,"2020":19,"% OF TOTAL":null,"2024":18,"2029":null},"Housing Unit Value Above $2m":{"Demographic":null,"2020":0,"% OF TOTAL":null,"2024":0,"2029":null},"Median Housing Unit Year Built":{"Demographic":null,"2020":1984,"% OF TOTAL":null,"2024":1984,"2029":null},"Housing Units Built 2014 Or After":{"Demographic":null,"2020":0,"% OF TOTAL":null,"2024":0,"2029":null},"Housing Units Built 2010-2013":{"Demographic":null,"2020":13,"% OF TOTAL":null,"2024":12,"2029":null},"Housing Units Built 2000-2009":{"Demographic":null,"2020":94,"% OF TOTAL":null,"2024":89,"2029":null},"Housing Units Built 1990-1999":{"Demographic":null,"2020":88,"% OF TOTAL":null,"2024":83,"2029":null},"Housing Units Built 1980-1989":{"Demographic":null,"2020":202,"% OF TOTAL":null,"2024":192,"2029":null},"Housing Units Built 1970-1979":{"Demographic":null,"2020":187,"% OF TOTAL":null,"2024":178,"2029":null},"Housing Units Built 1960-1969":{"Demographic":null,"2020":19,"% OF TOTAL":null,"2024":18,"2029":null},"Housing Units Built 1950-1959":{"Demographic":null,"2020":15,"% OF TOTAL":null,"2024":14,"2029":null},"Housing Units Built 1940-1949":{"Demographic":null,"2020":0,"% OF TOTAL":null,"2024":0,"2029":null},"Housing Units Built Before 1940":{"Demographic":null,"2020":0,"% OF TOTAL":null,"2024":0,"2029":null}}},"geometry":{"type":"Polygon","coordinates":[[[-87.30553913838654,30.589289582368412],[-87.30553913838654,30.61820301554947],[-87.27194858438408,30.61820301554947],[-87.27194858438408,30.589289582368412],[-87.30553913838654,30.589289582368412]]]}},{"type":"Feature","properties":{"block":"025","block_num":25,"submarket":"Cantonment","CentroidLon":-87.41153896533277,"CentroidLat":30.602951930260513,"data_status":"no data","is_anomalous":false,"anomaly_reason":null,"files_present":""},"geometry":{"type":"Polygon","coordinates":[[[-87.41496507546955,30.61820301554947],[-87.40631080039391,30.61820301554947],[-87.40631080039391,30.589289582368412],[-87.41838146126253,30.589289582368412],[-87.41496507546955,30.61820301554947]]]}},{"type":"Feature","properties":{"block":"026","block_num":26,"submarket":"Cantonment","CentroidLon":-87.25911621476055,"CentroidLat":30.601853973872668,"data_status":"usable","is_anomalous":false,"anomaly_reason":null,"files_present":"ConsumerSegmentation-26.08.10.csv;DemographicSnapshot-26.08.10.csv;HouseholdIncomeByAge-26.08.10.csv;HouseholdTrends-26.08.10.csv;PopulationTrends-26.08.10.csv","population_2024":938,"population_2029":898,"households_2024":362,"households_2029":352,"median_household_income_2024":58230,"median_household_income_2029":60405,"mean_household_income_2024":null,"mean_household_income_2029":null,"median_age_2024":38,"median_age_2029":40,"median_home_value_2024":258631,"average_household_size_2024":2.6,"average_household_size_2029":2.6,"population_growth_2024_2029":-6.3,"households_growth_2024_2029":-5.0,"consumer_segments":{"Elite":{"households":50,"pct":16.3},"Entry Level Suburban":{"households":40,"pct":13.0},"Renters":{"households":38,"pct":12.4},"Entry Level Urban":{"households":37,"pct":12.1},"Active Adult Feature and Location":{"households":30,"pct":9.8},"Family Life Young Children":{"households":27,"pct":8.8},"Renters Near Term Buyers":{"households":25,"pct":8.1},"Simple Life Affluent No Children":{"households":19,"pct":6.2},"Family Life School Age Children":{"households":19,"pct":6.2},"Feature and Location":{"households":10,"pct":3.3},"Simple Life Moderate Income With Children":{"households":5,"pct":1.6},"Simple Life Moderate Income No Children":{"households":3,"pct":1.0},"Active Adult Elite":{"households":2,"pct":0.7},"Active Adult Entry Level":{"households":2,"pct":0.7}},"income_age":{"2020":{},"2024":{},"2029":{}},"population_trends":{"Total Population":{"Demographic":null,"2020":1001,"% OF TOTAL":null,"2024":938,"2029":898},"Population Growth":{"Demographic":null,"2020":null,"% OF TOTAL":null,"2024":-6.3,"2029":-4.3},"Female Population":{"Demographic":null,"2020":492,"% OF TOTAL":49.2,"2024":462,"2029":442},"Male Population":{"Demographic":null,"2020":509,"% OF TOTAL":50.8,"2024":476,"2029":456},"Total population: Median Age":{"Demographic":null,"2020":38,"% OF TOTAL":null,"2024":38,"2029":40},"Total population: Under 5 years":{"Demographic":null,"2020":48,"% OF TOTAL":4.7,"2024":44,"2029":42},"Total population: 5 - 9 years":{"Demographic":null,"2020":85,"% OF TOTAL":7.1,"2024":81,"2029":64},"Total population: 10 - 14 years":{"Demographic":null,"2020":59,"% OF TOTAL":6.2,"2024":52,"2029":56},"Total population: 15 - 19 years":{"Demographic":null,"2020":64,"% OF TOTAL":6.0,"2024":63,"2029":54},"Total population: 20 - 24 years":{"Demographic":null,"2020":56,"% OF TOTAL":5.9,"2024":51,"2029":53},"Total population: 25 - 29 years":{"Demographic":null,"2020":55,"% OF TOTAL":5.1,"2024":47,"2029":46},"Total population: 30 - 34 years":{"Demographic":null,"2020":74,"% OF TOTAL":6.8,"2024":73,"2029":61},"Total population: 35 - 39 years":{"Demographic":null,"2020":80,"% OF TOTAL":8.0,"2024":77,"2029":72},"Total population: 40 - 44 years":{"Demographic":null,"2020":58,"% OF TOTAL":6.7,"2024":60,"2029":60},"Total population: 45 - 49 years":{"Demographic":null,"2020":57,"% OF TOTAL":6.2,"2024":53,"2029":56},"Total population: 50 - 54 years":{"Demographic":null,"2020":58,"% OF TOTAL":5.6,"2024":55,"2029":50},"Total population: 55 - 59 years":{"Demographic":null,"2020":92,"% OF TOTAL":7.0,"2024":75,"2029":63},"Total population: 60 - 64 years":{"Demographic":null,"2020":73,"% OF TOTAL":7.0,"2024":67,"2029":63},"Total population: 65 - 69 years":{"Demographic":null,"2020":55,"% OF TOTAL":6.3,"2024":54,"2029":57},"Total population: 70 - 74 years":{"Demographic":null,"2020":35,"% OF TOTAL":4.3,"2024":33,"2029":39},"Total population: 75 - 79 years":{"Demographic":null,"2020":26,"% OF TOTAL":3.1,"2024":27,"2029":28},"Total population: 80 - 84 years":{"Demographic":null,"2020":20,"% OF TOTAL":2.6,"2024":20,"2029":23},"Total population: 85 years and over":{"Demographic":null,"2020":6,"% OF TOTAL":1.2,"2024":6,"2029":11},"Female population: Median Age":{"Demographic":null,"2020":42,"% OF TOTAL":null,"2024":42,"2029":44},"Female population: Under 5 years":{"Demographic":null,"2020":6,"% OF TOTAL":2.0,"2024":6,"2029":9},"Female population: 5 - 9 years":{"Demographic":null,"2020":35,"% OF TOTAL":5.2,"2024":34,"2029":23},"Female population: 10 - 14 years":{"Demographic":null,"2020":27,"% OF TOTAL":5.7,"2024":24,"2029":25},"Female population: 15 - 19 years":{"Demographic":null,"2020":34,"% OF TOTAL":6.3,"2024":33,"2029":28},"Female population: 20 - 24 years":{"Demographic":null,"2020":25,"% OF TOTAL":5.7,"2024":22,"2029":25},"Female population: 25 - 29 years":{"Demographic":null,"2020":30,"% OF TOTAL":5.2,"2024":26,"2029":23},"Female population: 30 - 34 years":{"Demographic":null,"2020":37,"% OF TOTAL":7.0,"2024":36,"2029":31},"Female population: 35 - 39 years":{"Demographic":null,"2020":35,"% OF TOTAL":7.2,"2024":33,"2029":32},"Female population: 40 - 44 years":{"Demographic":null,"2020":32,"% OF TOTAL":7.0,"2024":33,"2029":31},"Female population: 45 - 49 years":{"Demographic":null,"2020":31,"% OF TOTAL":7.0,"2024":30,"2029":31},"Female population: 50 - 54 years":{"Demographic":null,"2020":28,"% OF TOTAL":5.9,"2024":27,"2029":26},"Female population: 55 - 59 years":{"Demographic":null,"2020":52,"% OF TOTAL":7.9,"2024":43,"2029":35},"Female population: 60 - 64 years":{"Demographic":null,"2020":48,"% OF TOTAL":8.8,"2024":44,"2029":39},"Female population: 65 - 69 years":{"Demographic":null,"2020":31,"% OF TOTAL":7.7,"2024":30,"2029":34},"Female population: 70 - 74 years":{"Demographic":null,"2020":19,"% OF TOTAL":5.0,"2024":18,"2029":22},"Female population: 75 - 79 years":{"Demographic":null,"2020":15,"% OF TOTAL":3.6,"2024":16,"2029":16},"Female population: 80 - 84 years":{"Demographic":null,"2020":6,"% OF TOTAL":2.0,"2024":6,"2029":9},"Female population: 85 years and over":{"Demographic":null,"2020":1,"% OF TOTAL":0.7,"2024":1,"2029":3},"Male population: Median Age":{"Demographic":null,"2020":35,"% OF TOTAL":null,"2024":35,"2029":37},"Male population: Under 5 years":{"Demographic":null,"2020":42,"% OF TOTAL":7.2,"2024":38,"2029":33},"Male population: 5 - 9 years":{"Demographic":null,"2020":50,"% OF TOTAL":9.0,"2024":47,"2029":41},"Male population: 10 - 14 years":{"Demographic":null,"2020":32,"% OF TOTAL":6.8,"2024":28,"2029":31},"Male population: 15 - 19 years":{"Demographic":null,"2020":30,"% OF TOTAL":5.7,"2024":30,"2029":26},"Male population: 20 - 24 years":{"Demographic":null,"2020":31,"% OF TOTAL":6.1,"2024":29,"2029":28},"Male population: 25 - 29 years":{"Demographic":null,"2020":25,"% OF TOTAL":5.0,"2024":21,"2029":23},"Male population: 30 - 34 years":{"Demographic":null,"2020":37,"% OF TOTAL":6.6,"2024":37,"2029":30},"Male population: 35 - 39 years":{"Demographic":null,"2020":45,"% OF TOTAL":8.8,"2024":44,"2029":40},"Male population: 40 - 44 years":{"Demographic":null,"2020":26,"% OF TOTAL":6.4,"2024":27,"2029":29},"Male population: 45 - 49 years":{"Demographic":null,"2020":26,"% OF TOTAL":5.5,"2024":23,"2029":25},"Male population: 50 - 54 years":{"Demographic":null,"2020":30,"% OF TOTAL":5.3,"2024":28,"2029":24},"Male population: 55 - 59 years":{"Demographic":null,"2020":40,"% OF TOTAL":6.1,"2024":32,"2029":28},"Male population: 60 - 64 years":{"Demographic":null,"2020":25,"% OF TOTAL":5.3,"2024":23,"2029":24},"Male population: 65 - 69 years":{"Demographic":null,"2020":24,"% OF TOTAL":5.0,"2024":24,"2029":23},"Male population: 70 - 74 years":{"Demographic":null,"2020":16,"% OF TOTAL":3.7,"2024":15,"2029":17},"Male population: 75 - 79 years":{"Demographic":null,"2020":11,"% OF TOTAL":2.6,"2024":11,"2029":12},"Male population: 80 - 84 years":{"Demographic":null,"2020":14,"% OF TOTAL":3.1,"2024":14,"2029":14},"Male population: 85 years and over":{"Demographic":null,"2020":5,"% OF TOTAL":1.8,"2024":5,"2029":8},"White alone":{"Demographic":null,"2020":709,"% OF TOTAL":70.6,"2024":663,"2029":634},"Black alone":{"Demographic":null,"2020":207,"% OF TOTAL":20.2,"2024":189,"2029":181},"American Indian and Alaska Native alone":{"Demographic":null,"2020":7,"% OF TOTAL":0.8,"2024":7,"2029":7},"Asian alone":{"Demographic":null,"2020":2,"% OF TOTAL":0.2,"2024":2,"2029":2},"Native Hawaiian and OPI alone":{"Demographic":null,"2020":0,"% OF TOTAL":0.0,"2024":0,"2029":0},"Some other race alone":{"Demographic":null,"2020":3,"% OF TOTAL":0.3,"2024":3,"2029":3},"Two or more races alone":{"Demographic":null,"2020":73,"% OF TOTAL":7.9,"2024":74,"2029":71},"Not Hispanic: White alone":{"Demographic":null,"2020":693,"% OF TOTAL":68.9,"2024":647,"2029":619},"Not Hispanic: Black or African American alone":{"Demographic":null,"2020":207,"% OF TOTAL":20.2,"2024":189,"2029":181},"Not Hispanic: American Indian and Alaska Native alone":{"Demographic":null,"2020":5,"% OF TOTAL":0.6,"2024":5,"2029":5},"Not Hispanic: Asian alone":{"Demographic":null,"2020":2,"% OF TOTAL":0.2,"2024":2,"2029":2},"Not Hispanic: Native Hawaiian and OPI alone":{"Demographic":null,"2020":0,"% OF TOTAL":0.0,"2024":0,"2029":0},"Not Hispanic: Some Other Race alone":{"Demographic":null,"2020":0,"% OF TOTAL":0.0,"2024":0,"2029":0},"Not Hispanic: Two or More Races":{"Demographic":null,"2020":61,"% OF TOTAL":6.6,"2024":62,"2029":59},"Hispanic: White alone":{"Demographic":null,"2020":16,"% OF TOTAL":1.7,"2024":16,"2029":15},"Hispanic: Black or African American alone":{"Demographic":null,"2020":0,"% OF TOTAL":0.0,"2024":0,"2029":0},"Hispanic: American Indian and Alaska Native alone":{"Demographic":null,"2020":2,"% OF TOTAL":0.2,"2024":2,"2029":2},"Hispanic: Asian alone":{"Demographic":null,"2020":0,"% OF TOTAL":0.0,"2024":0,"2029":0},"Hispanic: Native Hawaiian and OPI alone":{"Demographic":null,"2020":0,"% OF TOTAL":0.0,"2024":0,"2029":0},"Hispanic: Some Other Race alone":{"Demographic":null,"2020":3,"% OF TOTAL":0.3,"2024":3,"2029":3},"Hispanic: Two or More Races":{"Demographic":null,"2020":12,"% OF TOTAL":1.3,"2024":12,"2029":12},"Educational Attainment: No High School Diploma":{"Demographic":null,"2020":0,"% OF TOTAL":null,"2024":0,"2029":null},"Educational Attainment: High School Diploma":{"Demographic":null,"2020":444,"% OF TOTAL":null,"2024":417,"2029":null},"Educational Attainment: Some College":{"Demographic":null,"2020":223,"% OF TOTAL":null,"2024":209,"2029":null},"Educational Attainment: Associates Degree":{"Demographic":null,"2020":0,"% OF TOTAL":null,"2024":0,"2029":null},"Educational Attainment: Bachelors Degree":{"Demographic":null,"2020":16,"% OF TOTAL":null,"2024":15,"2029":null},"Educational Attainment: Advanced Degree":{"Demographic":null,"2020":6,"% OF TOTAL":null,"2024":6,"2029":null},"Employment Status: Armed Forces":{"Demographic":null,"2020":0,"% OF TOTAL":null,"2024":0,"2029":null},"Employment Status: Civilian labor force employed":{"Demographic":null,"2020":431,"% OF TOTAL":null,"2024":402,"2029":null},"Employment Status: Civilian labor force unemployed":{"Demographic":null,"2020":0,"% OF TOTAL":null,"2024":0,"2029":null},"Employment Status: Not in labor force":{"Demographic":null,"2020":364,"% OF TOTAL":null,"2024":339,"2029":null},"Employed in Agriculture and Mining Industries":{"Demographic":null,"2020":0,"% OF TOTAL":null,"2024":0,"2029":null},"Employed in Construction Industries":{"Demographic":null,"2020":0,"% OF TOTAL":null,"2024":0,"2029":null},"Employed in Manufacturing Industries":{"Demographic":null,"2020":23,"% OF TOTAL":null,"2024":21,"2029":null},"Employed in Wholesale Industries":{"Demographic":null,"2020":0,"% OF TOTAL":null,"2024":0,"2029":null},"Employed in Retail Industries":{"Demographic":null,"2020":0,"% OF TOTAL":null,"2024":0,"2029":null},"Employed in Transportation and Utilities Industries":{"Demographic":null,"2020":0,"% OF TOTAL":null,"2024":0,"2029":null},"Employed in Information Industries":{"Demographic":null,"2020":0,"% OF TOTAL":null,"2024":0,"2029":null},"Employed in Real-Estate Industries":{"Demographic":null,"2020":42,"% OF TOTAL":null,"2024":39,"2029":null},"Employed in Professional Industries":{"Demographic":null,"2020":225,"% OF TOTAL":null,"2024":210,"2029":null},"Employed in Health and Education Industries":{"Demographic":null,"2020":0,"% OF TOTAL":null,"2024":0,"2029":null},"Employed in Art Industries":{"Demographic":null,"2020":0,"% OF TOTAL":null,"2024":0,"2029":null},"Employed in Other Industries":{"Demographic":null,"2020":141,"% OF TOTAL":null,"2024":132,"2029":null},"Employed in Public Administration Industries":{"Demographic":null,"2020":0,"% OF TOTAL":null,"2024":0,"2029":null},"Occupation: Management":{"Demographic":null,"2020":0,"% OF TOTAL":null,"2024":0,"2029":null},"Occupation: Business and financial operations":{"Demographic":null,"2020":222,"% OF TOTAL":null,"2024":207,"2029":null},"Occupation: Computer and mathematical":{"Demographic":null,"2020":0,"% OF TOTAL":null,"2024":0,"2029":null},"Occupation: Architecture and engineering":{"Demographic":null,"2020":0,"% OF TOTAL":null,"2024":0,"2029":null},"Occupation: Life, physical, and social science":{"Demographic":null,"2020":0,"% OF TOTAL":null,"2024":0,"2029":null},"Occupation: Community and social service":{"Demographic":null,"2020":0,"% OF TOTAL":null,"2024":0,"2029":null},"Occupation: Legal":{"Demographic":null,"2020":0,"% OF TOTAL":null,"2024":0,"2029":null},"Occupation: Education, training, and library":{"Demographic":null,"2020":0,"% OF TOTAL":null,"2024":0,"2029":null},"Occupation: Arts, design, entertainment, sports, and media":{"Demographic":null,"2020":0,"% OF TOTAL":null,"2024":0,"2029":null},"Occupation: Health diagnosing and treating practitioners":{"Demographic":null,"2020":0,"% OF TOTAL":null,"2024":0,"2029":null},"Occupation: Health technologists and technicians":{"Demographic":null,"2020":0,"% OF TOTAL":null,"2024":0,"2029":null},"Occupation: Healthcare support":{"Demographic":null,"2020":0,"% OF TOTAL":null,"2024":0,"2029":null},"Occupation: Fire fighting and prevention":{"Demographic":null,"2020":0,"% OF TOTAL":null,"2024":0,"2029":null},"Occupation: Law enforcement workers":{"Demographic":null,"2020":0,"% OF TOTAL":null,"2024":0,"2029":null},"Occupation: Food preparation and serving related":{"Demographic":null,"2020":0,"% OF TOTAL":null,"2024":0,"2029":null},"Occupation: Building and grounds cleaning and maintenance":{"Demographic":null,"2020":27,"% OF TOTAL":null,"2024":25,"2029":null},"Occupation: Personal care and service":{"Demographic":null,"2020":0,"% OF TOTAL":null,"2024":0,"2029":null},"Occupation: Sales and related":{"Demographic":null,"2020":18,"% OF TOTAL":null,"2024":17,"2029":null},"Occupation: Office and administrative support":{"Demographic":null,"2020":41,"% OF TOTAL":null,"2024":38,"2029":null},"Occupation: Farming, fishing, and forestry":{"Demographic":null,"2020":0,"% OF TOTAL":null,"2024":0,"2029":null},"Occupation: Construction and extraction":{"Demographic":null,"2020":0,"% OF TOTAL":null,"2024":0,"2029":null},"Occupation: Installation, maintenance, and repair":{"Demographic":null,"2020":0,"% OF TOTAL":null,"2024":0,"2029":null},"Occupation: Production":{"Demographic":null,"2020":123,"% OF TOTAL":null,"2024":115,"2029":null},"Occupation: Transportation":{"Demographic":null,"2020":0,"% OF TOTAL":null,"2024":0,"2029":null},"Occupation: Material moving":{"Demographic":null,"2020":0,"% OF TOTAL":null,"2024":0,"2029":null},"White collar":{"Demographic":null,"2020":281,"% OF TOTAL":null,"2024":262,"2029":null},"Blue collar":{"Demographic":null,"2020":150,"% OF TOTAL":null,"2024":140,"2029":null},"Means of transportation: Car, truck or van":{"Demographic":null,"2020":431,"% OF TOTAL":null,"2024":402,"2029":null},"Means of transportation: Public transportation":{"Demographic":null,"2020":0,"% OF TOTAL":null,"2024":0,"2029":null},"Means of transportation: Other":{"Demographic":null,"2020":0,"% OF TOTAL":null,"2024":0,"2029":null},"Travel time: Average (in minutes)":{"Demographic":null,"2020":20,"% OF TOTAL":null,"2024":20,"2029":null},"Travel time to work: Less than 30 minutes":{"Demographic":null,"2020":372,"% OF TOTAL":null,"2024":347,"2029":null},"Travel time to work: 30 to 60 minutes":{"Demographic":null,"2020":41,"% OF TOTAL":null,"2024":38,"2029":null},"Travel time to work: 60 or more minutes":{"Demographic":null,"2020":18,"% OF TOTAL":null,"2024":17,"2029":null}},"demographic_snapshot":{"Total Population":{"Demographic":null,"2020":1001,"% OF TOTAL":null,"2024":938,"2029":898},"Households":{"Demographic":null,"2020":381,"% OF TOTAL":null,"2024":362,"2029":352},"Population in Group Quarters":{"Demographic":null,"2020":0,"% OF TOTAL":null,"2024":0,"2029":0},"Households Growth":{"Demographic":null,"2020":null,"% OF TOTAL":null,"2024":-5.0,"2029":-2.8},"Household Income: Median":{"Demographic":null,"2020":0,"% OF TOTAL":null,"2024":58230,"2029":60405},"Home Value: Median":{"Demographic":null,"2020":258616,"% OF TOTAL":null,"2024":258631,"2029":null},"Population Growth":{"Demographic":null,"2020":null,"% OF TOTAL":null,"2024":-6.3,"2029":-4.3},"Total Population: Under 19 years":{"Demographic":null,"2020":256,"% OF TOTAL":24.1,"2024":240,"2029":216},"Total Population: 20 - 64 years":{"Demographic":null,"2020":603,"% OF TOTAL":58.4,"2024":558,"2029":524},"Total Population: 65 years and over":{"Demographic":null,"2020":142,"% OF TOTAL":17.6,"2024":140,"2029":158},"Total population: Median age":{"Demographic":null,"2020":38,"% OF TOTAL":null,"2024":38,"2029":40},"Total population: Under 5 years":{"Demographic":null,"2020":48,"% OF TOTAL":4.7,"2024":44,"2029":42},"Total population: 5 - 9 years":{"Demographic":null,"2020":85,"% OF TOTAL":7.1,"2024":81,"2029":64},"Total population: 10 - 14 years":{"Demographic":null,"2020":59,"% OF TOTAL":6.2,"2024":52,"2029":56},"Total population: 15 - 19 years":{"Demographic":null,"2020":64,"% OF TOTAL":6.0,"2024":63,"2029":54},"Total population: 20 - 24 years":{"Demographic":null,"2020":56,"% OF TOTAL":5.9,"2024":51,"2029":53},"Total population: 25 - 29 years":{"Demographic":null,"2020":55,"% OF TOTAL":5.1,"2024":47,"2029":46},"Total population: 30 - 34 years":{"Demographic":null,"2020":74,"% OF TOTAL":6.8,"2024":73,"2029":61},"Total population: 35 - 39 years":{"Demographic":null,"2020":80,"% OF TOTAL":8.0,"2024":77,"2029":72},"Total population: 40 - 44 years":{"Demographic":null,"2020":58,"% OF TOTAL":6.7,"2024":60,"2029":60},"Total population: 45 - 49 years":{"Demographic":null,"2020":57,"% OF TOTAL":6.2,"2024":53,"2029":56},"Total population: 50 - 54 years":{"Demographic":null,"2020":58,"% OF TOTAL":5.6,"2024":55,"2029":50},"Total population: 55 - 59 years":{"Demographic":null,"2020":92,"% OF TOTAL":7.0,"2024":75,"2029":63},"Total population: 60 - 64 years":{"Demographic":null,"2020":73,"% OF TOTAL":7.0,"2024":67,"2029":63},"Total population: 65 - 69 years":{"Demographic":null,"2020":55,"% OF TOTAL":6.3,"2024":54,"2029":57},"Total population: 70 - 74 years":{"Demographic":null,"2020":35,"% OF TOTAL":4.3,"2024":33,"2029":39},"Total population: 75 - 79 years":{"Demographic":null,"2020":26,"% OF TOTAL":3.1,"2024":27,"2029":28},"Total population: 80 - 84 years":{"Demographic":null,"2020":20,"% OF TOTAL":2.6,"2024":20,"2029":23},"Total population: 85 years and over":{"Demographic":null,"2020":6,"% OF TOTAL":1.2,"2024":6,"2029":11},"Householders Age 15-24":{"Demographic":null,"2020":9,"% OF TOTAL":2.6,"2024":9,"2029":9},"Householders Age 25-34":{"Demographic":null,"2020":46,"% OF TOTAL":11.4,"2024":44,"2029":40},"Householders Age 35-44":{"Demographic":null,"2020":73,"% OF TOTAL":18.5,"2024":69,"2029":65},"Householders Age 45-54":{"Demographic":null,"2020":82,"% OF TOTAL":21.3,"2024":77,"2029":75},"Householders Age 55-64":{"Demographic":null,"2020":75,"% OF TOTAL":18.5,"2024":72,"2029":65},"Householders Age 65-74":{"Demographic":null,"2020":59,"% OF TOTAL":17.3,"2024":56,"2029":61},"Householders Age 75+":{"Demographic":null,"2020":37,"% OF TOTAL":10.5,"2024":35,"2029":37},"Household income: Average":{"Demographic":null,"2020":71030,"% OF TOTAL":null,"2024":74972,"2029":97656},"Household income: Less than 25k":{"Demographic":null,"2020":71,"% OF TOTAL":12.8,"2024":63,"2029":45},"Household income: 25k - 50k":{"Demographic":null,"2020":24,"% OF TOTAL":6.8,"2024":25,"2029":24},"Household income: 50k - 75k":{"Demographic":null,"2020":199,"% OF TOTAL":50.9,"2024":195,"2029":179},"Household income: 75k - 100k":{"Demographic":null,"2020":66,"% OF TOTAL":15.6,"2024":54,"2029":55},"Household income: 100k - 125k":{"Demographic":null,"2020":0,"% OF TOTAL":0.0,"2024":0,"2029":0},"Household income: 125k - 150k":{"Demographic":null,"2020":0,"% OF TOTAL":0.0,"2024":0,"2029":0},"Household income: 150k - 200k":{"Demographic":null,"2020":0,"% OF TOTAL":0.0,"2024":0,"2029":0},"Household income: Above 200k":{"Demographic":null,"2020":21,"% OF TOTAL":13.9,"2024":25,"2029":49},"White Alone":{"Demographic":null,"2020":709,"% OF TOTAL":70.6,"2024":663,"2029":634},"Black or African American Alone":{"Demographic":null,"2020":207,"% OF TOTAL":20.2,"2024":189,"2029":181},"American Indian and Alaska Native Alone":{"Demographic":null,"2020":7,"% OF TOTAL":0.8,"2024":7,"2029":7},"Asian Alone":{"Demographic":null,"2020":2,"% OF TOTAL":0.2,"2024":2,"2029":2},"Native Hawaiian and OPI Alone":{"Demographic":null,"2020":0,"% OF TOTAL":0.0,"2024":0,"2029":0},"Some Other Race Alone":{"Demographic":null,"2020":3,"% OF TOTAL":0.3,"2024":3,"2029":3},"Two or More Races Alone":{"Demographic":null,"2020":73,"% OF TOTAL":7.9,"2024":74,"2029":71},"Not Hispanic or Latino":{"Demographic":null,"2020":968,"% OF TOTAL":96.4,"2024":905,"2029":866},"Hispanic or Latino":{"Demographic":null,"2020":33,"% OF TOTAL":3.6,"2024":33,"2029":32},"Total Housing Units":{"Demographic":null,"2020":412,"% OF TOTAL":null,"2024":null,"2029":null},"Owner Occupied Housing Units":{"Demographic":null,"2020":293,"% OF TOTAL":null,"2024":278,"2029":null},"Renter Occupied Housing Units":{"Demographic":null,"2020":88,"% OF TOTAL":null,"2024":84,"2029":null},"Housing Units Value Less Than 100k":{"Demographic":null,"2020":44,"% OF TOTAL":null,"2024":42,"2029":null},"Housing Units Value 100k - 200k":{"Demographic":null,"2020":35,"% OF TOTAL":null,"2024":33,"2029":null},"Housing Units Value 200k - 250k":{"Demographic":null,"2020":37,"% OF TOTAL":null,"2024":35,"2029":null},"Housing Units Value 250k - 300k":{"Demographic":null,"2020":177,"% OF TOTAL":null,"2024":168,"2029":null},"Housing Units Value 300k - 400k":{"Demographic":null,"2020":0,"% OF TOTAL":null,"2024":0,"2029":null},"Housing Units Value 400k - 500k":{"Demographic":null,"2020":0,"% OF TOTAL":null,"2024":0,"2029":null},"Housing Units Value 500k - 750k":{"Demographic":null,"2020":0,"% OF TOTAL":null,"2024":0,"2029":null},"Housing Units Value 750k - 1m":{"Demographic":null,"2020":0,"% OF TOTAL":null,"2024":0,"2029":null},"Housing Units Value 1m - 1.5m":{"Demographic":null,"2020":0,"% OF TOTAL":null,"2024":0,"2029":null},"Housing Units Value 1.5m - 2m":{"Demographic":null,"2020":0,"% OF TOTAL":null,"2024":0,"2029":null},"Housing Units Value >2m":{"Demographic":null,"2020":0,"% OF TOTAL":null,"2024":0,"2029":null},"Take Car or Truck to Work":{"Demographic":null,"2020":431,"% OF TOTAL":null,"2024":402,"2029":null},"Take Public Transportation to Work":{"Demographic":null,"2020":0,"% OF TOTAL":null,"2024":0,"2029":null},"Take Other Means of Transportation to Work":{"Demographic":null,"2020":0,"% OF TOTAL":null,"2024":0,"2029":null},"Average Travel Time (min)":{"Demographic":null,"2020":21,"% OF TOTAL":null,"2024":21,"2029":null},"Travel Below 30 Min to Work":{"Demographic":null,"2020":372,"% OF TOTAL":null,"2024":347,"2029":null},"Travel 30-60 Min to Work":{"Demographic":null,"2020":41,"% OF TOTAL":null,"2024":38,"2029":null},"Travel Above 60 Min to Work":{"Demographic":null,"2020":38,"% OF TOTAL":null,"2024":17,"2029":null},"Educational Attainment: No High School Diploma":{"Demographic":null,"2020":444,"% OF TOTAL":null,"2024":417,"2029":null},"Educational Attainment: High School Diploma":{"Demographic":null,"2020":444,"% OF TOTAL":null,"2024":417,"2029":null},"Educational Attainment: Some College":{"Demographic":null,"2020":239,"% OF TOTAL":null,"2024":224,"2029":null},"Educational Attainment: Associate's Degree":{"Demographic":null,"2020":0,"% OF TOTAL":null,"2024":0,"2029":null},"Educational Attainment: Bachelors Degree":{"Demographic":null,"2020":16,"% OF TOTAL":null,"2024":15,"2029":null},"Educational Attainment: Advanced Degree":{"Demographic":null,"2020":6,"% OF TOTAL":null,"2024":6,"2029":null},"Households: Number of vehicles available - Average":{"Demographic":null,"2020":1,"% OF TOTAL":null,"2024":1,"2029":null},"Households: No Vehicle available":{"Demographic":null,"2020":43,"% OF TOTAL":null,"2024":41,"2029":null},"Households: 1 Vehicle available":{"Demographic":null,"2020":45,"% OF TOTAL":null,"2024":43,"2029":null},"Households: 2 Vehicles available":{"Demographic":null,"2020":224,"% OF TOTAL":null,"2024":212,"2029":null},"Households: 3 Vehicles available":{"Demographic":null,"2020":45,"% OF TOTAL":null,"2024":43,"2029":null},"Households: 4 or more Vehicles available":{"Demographic":null,"2020":24,"% OF TOTAL":null,"2024":23,"2029":null}},"household_trends":{"Households":{"Demographic":null,"2020":381,"% OF TOTAL":null,"2024":362,"2029":352},"Households Growth":{"Demographic":null,"2020":null,"% OF TOTAL":null,"2024":-5.0,"2029":-2.8},"Householder Age 15-24":{"Demographic":null,"2020":9,"% OF TOTAL":2.6,"2024":9,"2029":9},"Householder Age 25-34":{"Demographic":null,"2020":46,"% OF TOTAL":11.4,"2024":44,"2029":40},"Householder Age 35-44":{"Demographic":null,"2020":73,"% OF TOTAL":18.5,"2024":69,"2029":65},"Householder Age 45-54":{"Demographic":null,"2020":82,"% OF TOTAL":21.3,"2024":77,"2029":75},"Householder Age 55-64":{"Demographic":null,"2020":75,"% OF TOTAL":18.5,"2024":72,"2029":65},"Householder Age 65-74":{"Demographic":null,"2020":59,"% OF TOTAL":17.3,"2024":56,"2029":61},"Householder Age 75+":{"Demographic":null,"2020":37,"% OF TOTAL":10.5,"2024":35,"2029":37},"Average Household Size":{"Demographic":null,"2020":2.6,"% OF TOTAL":null,"2024":2.6,"2029":2.6},"1 Person Households":{"Demographic":null,"2020":69,"% OF TOTAL":21.0,"2024":75,"2029":74},"2 Person Households":{"Demographic":null,"2020":139,"% OF TOTAL":40.6,"2024":146,"2029":143},"3 Person Households":{"Demographic":null,"2020":56,"% OF TOTAL":16.2,"2024":58,"2029":57},"4 Person Households":{"Demographic":null,"2020":67,"% OF TOTAL":12.5,"2024":47,"2029":44},"5 Person Households":{"Demographic":null,"2020":30,"% OF TOTAL":5.7,"2024":22,"2029":20},"6 Person Households":{"Demographic":null,"2020":10,"% OF TOTAL":2.0,"2024":7,"2029":7},"7+ Person Households":{"Demographic":null,"2020":10,"% OF TOTAL":2.0,"2024":7,"2029":7},"Household Type: Family":{"Demographic":null,"2020":288,"% OF TOTAL":null,"2024":274,"2029":null},"Household Type: Married Family":{"Demographic":null,"2020":204,"% OF TOTAL":null,"2024":194,"2029":null},"Household Type: Married Family With Children":{"Demographic":null,"2020":74,"% OF TOTAL":null,"2024":70,"2029":null},"Household Type: Married Family Without Children":{"Demographic":null,"2020":130,"% OF TOTAL":null,"2024":124,"2029":null},"Household Type: Other Family":{"Demographic":null,"2020":84,"% OF TOTAL":null,"2024":80,"2029":null},"Household Type: Male Households, No Wife":{"Demographic":null,"2020":24,"% OF TOTAL":null,"2024":23,"2029":null},"Household Type: Male Households, No Wife With Children":{"Demographic":null,"2020":11,"% OF TOTAL":null,"2024":11,"2029":null},"Household Type: Male Households, No Wife Without Children":{"Demographic":null,"2020":13,"% OF TOTAL":null,"2024":12,"2029":null},"Household Type: Female Households, No Husband":{"Demographic":null,"2020":60,"% OF TOTAL":null,"2024":57,"2029":null},"Household Type: Female Households, No Husband With Children":{"Demographic":null,"2020":27,"% OF TOTAL":null,"2024":26,"2029":null},"Household Type: Female Households, No Husband Without Children":{"Demographic":null,"2020":33,"% OF TOTAL":null,"2024":31,"2029":null},"Household Income: Average":{"Demographic":null,"2020":71030,"% OF TOTAL":null,"2024":74972,"2029":97656},"Household Income: Median":{"Demographic":null,"2020":0,"% OF TOTAL":null,"2024":58230,"2029":60405},"Household Income: Less than $25k":{"Demographic":null,"2020":71,"% OF TOTAL":12.8,"2024":63,"2029":45},"Household Income: $25k - $50k":{"Demographic":null,"2020":24,"% OF TOTAL":6.8,"2024":25,"2029":24},"Household Income: $50k - $75k":{"Demographic":null,"2020":199,"% OF TOTAL":50.9,"2024":195,"2029":179},"Household Income: $75k - $100k":{"Demographic":null,"2020":66,"% OF TOTAL":15.6,"2024":54,"2029":55},"Household Income: $100k - $125k":{"Demographic":null,"2020":0,"% OF TOTAL":0.0,"2024":0,"2029":0},"Household Income: $125k - $150k":{"Demographic":null,"2020":0,"% OF TOTAL":0.0,"2024":0,"2029":0},"Household Income: $150k - $200k":{"Demographic":null,"2020":0,"% OF TOTAL":0.0,"2024":0,"2029":0},"Household Income: Above $200k":{"Demographic":null,"2020":21,"% OF TOTAL":13.9,"2024":25,"2029":49},"Total Housing Units":{"Demographic":null,"2020":412,"% OF TOTAL":null,"2024":null,"2029":null},"Owner Occupied Housing Units":{"Demographic":null,"2020":293,"% OF TOTAL":null,"2024":278,"2029":null},"Renter Occupied Housing Units":{"Demographic":null,"2020":88,"% OF TOTAL":null,"2024":84,"2029":null},"Vacant Housing Units":{"Demographic":null,"2020":31,"% OF TOTAL":null,"2024":null,"2029":null},"Vacant Housing Units: Seasonal":{"Demographic":null,"2020":1,"% OF TOTAL":null,"2024":null,"2029":null},"Vacant Housing Units: Other Usage":{"Demographic":null,"2020":30,"% OF TOTAL":null,"2024":null,"2029":null},"Average Housing Unit Value":{"Demographic":null,"2020":224138,"% OF TOTAL":null,"2024":224056,"2029":null},"Median Housing Unit Value":{"Demographic":null,"2020":258616,"% OF TOTAL":null,"2024":258631,"2029":null},"Housing Unit Value Less Than $100k":{"Demographic":null,"2020":44,"% OF TOTAL":null,"2024":42,"2029":null},"Housing Unit Value $100k-$200k":{"Demographic":null,"2020":35,"% OF TOTAL":null,"2024":33,"2029":null},"Housing Unit Value $200k-$250k":{"Demographic":null,"2020":37,"% OF TOTAL":null,"2024":35,"2029":null},"Housing Unit Value $250k-$300k":{"Demographic":null,"2020":177,"% OF TOTAL":null,"2024":168,"2029":null},"Housing Unit Value $300k-$400k":{"Demographic":null,"2020":0,"% OF TOTAL":null,"2024":0,"2029":null},"Housing Unit Value $400k-$500k":{"Demographic":null,"2020":0,"% OF TOTAL":null,"2024":0,"2029":null},"Housing Unit Value $500k-$750k":{"Demographic":null,"2020":0,"% OF TOTAL":null,"2024":0,"2029":null},"Housing Unit Value $750k-$1m":{"Demographic":null,"2020":0,"% OF TOTAL":null,"2024":0,"2029":null},"Housing Unit Value $1m-$1.5m":{"Demographic":null,"2020":0,"% OF TOTAL":null,"2024":0,"2029":null},"Housing Unit Value $1.5m-$2m":{"Demographic":null,"2020":0,"% OF TOTAL":null,"2024":0,"2029":null},"Housing Unit Value Above $2m":{"Demographic":null,"2020":0,"% OF TOTAL":null,"2024":0,"2029":null},"Median Housing Unit Year Built":{"Demographic":null,"2020":1996,"% OF TOTAL":null,"2024":1996,"2029":null},"Housing Units Built 2014 Or After":{"Demographic":null,"2020":0,"% OF TOTAL":null,"2024":0,"2029":null},"Housing Units Built 2010-2013":{"Demographic":null,"2020":67,"% OF TOTAL":null,"2024":64,"2029":null},"Housing Units Built 2000-2009":{"Demographic":null,"2020":76,"% OF TOTAL":null,"2024":72,"2029":null},"Housing Units Built 1990-1999":{"Demographic":null,"2020":105,"% OF TOTAL":null,"2024":100,"2029":null},"Housing Units Built 1980-1989":{"Demographic":null,"2020":0,"% OF TOTAL":null,"2024":0,"2029":null},"Housing Units Built 1970-1979":{"Demographic":null,"2020":114,"% OF TOTAL":null,"2024":108,"2029":null},"Housing Units Built 1960-1969":{"Demographic":null,"2020":0,"% OF TOTAL":null,"2024":0,"2029":null},"Housing Units Built 1950-1959":{"Demographic":null,"2020":0,"% OF TOTAL":null,"2024":0,"2029":null},"Housing Units Built 1940-1949":{"Demographic":null,"2020":19,"% OF TOTAL":null,"2024":18,"2029":null},"Housing Units Built Before 1940":{"Demographic":null,"2020":0,"% OF TOTAL":null,"2024":0,"2029":null}}},"geometry":{"type":"Polygon","coordinates":[[[-87.2558830240785,30.616211287074506],[-87.24028827001564,30.592778896667113],[-87.23835803038162,30.590556623818483],[-87.23835803038162,30.589289582368412],[-87.27194858438408,30.589289582368412],[-87.27194858438408,30.61820301554947],[-87.25635870613341,30.61820301554947],[-87.2558830240785,30.616211287074506]]]}},{"type":"Feature","properties":{"block":"027","block_num":27,"submarket":"Cantonment","CentroidLon":-87.23799118469532,"CentroidLat":30.589711929518433,"data_status":"no data","is_anomalous":false,"anomaly_reason":null,"files_present":""},"geometry":{"type":"Polygon","coordinates":[[[-87.23725749332273,30.589289582368412],[-87.23835803038162,30.589289582368412],[-87.23835803038162,30.590556623818483],[-87.23725749332273,30.589289582368412]]]}},{"type":"Feature","properties":{"block":"028","block_num":28,"submarket":"Cantonment","CentroidLon":-87.38951552339269,"CentroidLat":30.574832865777882,"data_status":"no data","is_anomalous":false,"anomaly_reason":null,"files_present":""},"geometry":{"type":"Polygon","coordinates":[[[-87.40631080039391,30.560376149187356],[-87.40631080039391,30.589289582368412],[-87.37272024639145,30.589289582368412],[-87.37272024639145,30.560376149187356],[-87.40631080039391,30.560376149187356]]]}},{"type":"Feature","properties":{"block":"029","block_num":29,"submarket":"Cantonment","CentroidLon":-87.35592496939024,"CentroidLat":30.574832865777882,"data_status":"no data","is_anomalous":false,"anomaly_reason":null,"files_present":""},"geometry":{"type":"Polygon","coordinates":[[[-87.37272024639145,30.560376149187356],[-87.37272024639145,30.589289582368412],[-87.339129692389,30.589289582368412],[-87.339129692389,30.560376149187356],[-87.37272024639145,30.560376149187356]]]}},{"type":"Feature","properties":{"block":"030","block_num":30,"submarket":"Cantonment","CentroidLon":-87.32233441538777,"CentroidLat":30.574832865777882,"data_status":"usable","is_anomalous":false,"anomaly_reason":null,"files_present":"ConsumerSegmentation-26.08.10.csv;DemographicSnapshot-26.08.10.csv;HouseholdIncomeByAge-26.08.10.csv;HouseholdTrends-26.08.10.csv;PopulationTrends-26.08.10.csv","population_2024":3419,"population_2029":3397,"households_2024":1240,"households_2029":1249,"median_household_income_2024":99573,"median_household_income_2029":109799,"mean_household_income_2024":null,"mean_household_income_2029":null,"median_age_2024":42,"median_age_2029":43,"median_home_value_2024":206607,"average_household_size_2024":2.8,"average_household_size_2029":2.7,"population_growth_2024_2029":-2.4,"households_growth_2024_2029":-1.2,"consumer_segments":{"Elite":{"households":278,"pct":25.3},"Active Adult Feature and Location":{"households":190,"pct":17.3},"Family Life Young Children":{"households":169,"pct":15.4},"Family Life School Age Children":{"households":165,"pct":15.0},"Active Adult Elite":{"households":75,"pct":6.8},"Entry Level Suburban":{"households":63,"pct":5.7},"Entry Level Urban":{"households":39,"pct":3.6},"Renters":{"households":34,"pct":3.1},"Renters Near Term Buyers":{"households":23,"pct":2.1},"Simple Life Affluent No Children":{"households":17,"pct":1.5},"Simple Life Moderate Income No Children":{"households":17,"pct":1.5},"Active Adult Entry Level":{"households":14,"pct":1.3},"Simple Life Moderate Income With Children":{"households":10,"pct":0.9},"Feature and Location":{"households":3,"pct":0.3}},"income_age":{"2020":{},"2024":{},"2029":{}},"population_trends":{"Total Population":{"Demographic":null,"2020":3504,"% OF TOTAL":null,"2024":3419,"2029":3397},"Population Growth":{"Demographic":null,"2020":null,"% OF TOTAL":null,"2024":-2.4,"2029":-0.6},"Female Population":{"Demographic":null,"2020":1798,"% OF TOTAL":51.5,"2024":1759,"2029":1749},"Male Population":{"Demographic":null,"2020":1706,"% OF TOTAL":48.5,"2024":1660,"2029":1648},"Total population: Median Age":{"Demographic":null,"2020":42,"% OF TOTAL":null,"2024":42,"2029":43},"Total population: Under 5 years":{"Demographic":null,"2020":175,"% OF TOTAL":4.7,"2024":164,"2029":158},"Total population: 5 - 9 years":{"Demographic":null,"2020":223,"% OF TOTAL":5.6,"2024":219,"2029":190},"Total population: 10 - 14 years":{"Demographic":null,"2020":232,"% OF TOTAL":6.0,"2024":216,"2029":204},"Total population: 15 - 19 years":{"Demographic":null,"2020":230,"% OF TOTAL":6.4,"2024":230,"2029":218},"Total population: 20 - 24 years":{"Demographic":null,"2020":198,"% OF TOTAL":6.0,"2024":190,"2029":205},"Total population: 25 - 29 years":{"Demographic":null,"2020":152,"% OF TOTAL":4.6,"2024":142,"2029":156},"Total population: 30 - 34 years":{"Demographic":null,"2020":189,"% OF TOTAL":5.1,"2024":192,"2029":172},"Total population: 35 - 39 years":{"Demographic":null,"2020":211,"% OF TOTAL":6.1,"2024":219,"2029":208},"Total population: 40 - 44 years":{"Demographic":null,"2020":243,"% OF TOTAL":7.2,"2024":260,"2029":243},"Total population: 45 - 49 years":{"Demographic":null,"2020":228,"% OF TOTAL":6.7,"2024":212,"2029":229},"Total population: 50 - 54 years":{"Demographic":null,"2020":298,"% OF TOTAL":7.8,"2024":294,"2029":265},"Total population: 55 - 59 years":{"Demographic":null,"2020":279,"% OF TOTAL":7.2,"2024":238,"2029":245},"Total population: 60 - 64 years":{"Demographic":null,"2020":265,"% OF TOTAL":7.0,"2024":259,"2029":239},"Total population: 65 - 69 years":{"Demographic":null,"2020":213,"% OF TOTAL":6.6,"2024":215,"2029":225},"Total population: 70 - 74 years":{"Demographic":null,"2020":168,"% OF TOTAL":5.3,"2024":161,"2029":180},"Total population: 75 - 79 years":{"Demographic":null,"2020":87,"% OF TOTAL":3.6,"2024":96,"2029":122},"Total population: 80 - 84 years":{"Demographic":null,"2020":68,"% OF TOTAL":2.5,"2024":69,"2029":84},"Total population: 85 years and over":{"Demographic":null,"2020":45,"% OF TOTAL":1.6,"2024":43,"2029":54},"Female population: Median Age":{"Demographic":null,"2020":42,"% OF TOTAL":null,"2024":42,"2029":43},"Female population: Under 5 years":{"Demographic":null,"2020":96,"% OF TOTAL":4.9,"2024":90,"2029":85},"Female population: 5 - 9 years":{"Demographic":null,"2020":101,"% OF TOTAL":5.1,"2024":98,"2029":89},"Female population: 10 - 14 years":{"Demographic":null,"2020":112,"% OF TOTAL":5.5,"2024":103,"2029":96},"Female population: 15 - 19 years":{"Demographic":null,"2020":104,"% OF TOTAL":5.7,"2024":104,"2029":99},"Female population: 20 - 24 years":{"Demographic":null,"2020":106,"% OF TOTAL":5.9,"2024":103,"2029":104},"Female population: 25 - 29 years":{"Demographic":null,"2020":73,"% OF TOTAL":4.6,"2024":68,"2029":80},"Female population: 30 - 34 years":{"Demographic":null,"2020":103,"% OF TOTAL":5.2,"2024":104,"2029":91},"Female population: 35 - 39 years":{"Demographic":null,"2020":98,"% OF TOTAL":5.8,"2024":103,"2029":102},"Female population: 40 - 44 years":{"Demographic":null,"2020":136,"% OF TOTAL":7.5,"2024":145,"2029":131},"Female population: 45 - 49 years":{"Demographic":null,"2020":111,"% OF TOTAL":6.9,"2024":107,"2029":121},"Female population: 50 - 54 years":{"Demographic":null,"2020":152,"% OF TOTAL":7.8,"2024":151,"2029":137},"Female population: 55 - 59 years":{"Demographic":null,"2020":149,"% OF TOTAL":7.4,"2024":129,"2029":130},"Female population: 60 - 64 years":{"Demographic":null,"2020":148,"% OF TOTAL":7.5,"2024":145,"2029":132},"Female population: 65 - 69 years":{"Demographic":null,"2020":103,"% OF TOTAL":6.4,"2024":101,"2029":112},"Female population: 70 - 74 years":{"Demographic":null,"2020":95,"% OF TOTAL":5.5,"2024":92,"2029":96},"Female population: 75 - 79 years":{"Demographic":null,"2020":46,"% OF TOTAL":3.8,"2024":51,"2029":67},"Female population: 80 - 84 years":{"Demographic":null,"2020":37,"% OF TOTAL":2.6,"2024":38,"2029":45},"Female population: 85 years and over":{"Demographic":null,"2020":28,"% OF TOTAL":1.8,"2024":27,"2029":32},"Male population: Median Age":{"Demographic":null,"2020":40,"% OF TOTAL":null,"2024":40,"2029":42},"Male population: Under 5 years":{"Demographic":null,"2020":79,"% OF TOTAL":4.4,"2024":74,"2029":73},"Male population: 5 - 9 years":{"Demographic":null,"2020":122,"% OF TOTAL":6.1,"2024":121,"2029":101},"Male population: 10 - 14 years":{"Demographic":null,"2020":120,"% OF TOTAL":6.6,"2024":113,"2029":108},"Male population: 15 - 19 years":{"Demographic":null,"2020":126,"% OF TOTAL":7.2,"2024":126,"2029":119},"Male population: 20 - 24 years":{"Demographic":null,"2020":92,"% OF TOTAL":6.1,"2024":87,"2029":101},"Male population: 25 - 29 years":{"Demographic":null,"2020":79,"% OF TOTAL":4.6,"2024":74,"2029":76},"Male population: 30 - 34 years":{"Demographic":null,"2020":86,"% OF TOTAL":4.9,"2024":88,"2029":81},"Male population: 35 - 39 years":{"Demographic":null,"2020":113,"% OF TOTAL":6.4,"2024":116,"2029":106},"Male population: 40 - 44 years":{"Demographic":null,"2020":107,"% OF TOTAL":6.8,"2024":115,"2029":112},"Male population: 45 - 49 years":{"Demographic":null,"2020":117,"% OF TOTAL":6.6,"2024":105,"2029":108},"Male population: 50 - 54 years":{"Demographic":null,"2020":146,"% OF TOTAL":7.8,"2024":143,"2029":128},"Male population: 55 - 59 years":{"Demographic":null,"2020":130,"% OF TOTAL":7.0,"2024":109,"2029":115},"Male population: 60 - 64 years":{"Demographic":null,"2020":117,"% OF TOTAL":6.5,"2024":114,"2029":107},"Male population: 65 - 69 years":{"Demographic":null,"2020":110,"% OF TOTAL":6.9,"2024":114,"2029":113},"Male population: 70 - 74 years":{"Demographic":null,"2020":73,"% OF TOTAL":5.1,"2024":69,"2029":84},"Male population: 75 - 79 years":{"Demographic":null,"2020":41,"% OF TOTAL":3.3,"2024":45,"2029":55},"Male population: 80 - 84 years":{"Demographic":null,"2020":31,"% OF TOTAL":2.4,"2024":31,"2029":39},"Male population: 85 years and over":{"Demographic":null,"2020":17,"% OF TOTAL":1.3,"2024":16,"2029":22},"White alone":{"Demographic":null,"2020":2760,"% OF TOTAL":78.2,"2024":2676,"2029":2655},"Black alone":{"Demographic":null,"2020":378,"% OF TOTAL":10.7,"2024":364,"2029":365},"American Indian and Alaska Native alone":{"Demographic":null,"2020":30,"% OF TOTAL":0.8,"2024":29,"2029":28},"Asian alone":{"Demographic":null,"2020":86,"% OF TOTAL":2.6,"2024":88,"2029":88},"Native Hawaiian and OPI alone":{"Demographic":null,"2020":1,"% OF TOTAL":0.0,"2024":1,"2029":1},"Some other race alone":{"Demographic":null,"2020":28,"% OF TOTAL":0.8,"2024":27,"2029":27},"Two or more races alone":{"Demographic":null,"2020":221,"% OF TOTAL":6.9,"2024":234,"2029":233},"Not Hispanic: White alone":{"Demographic":null,"2020":2740,"% OF TOTAL":77.6,"2024":2655,"2029":2635},"Not Hispanic: Black or African American alone":{"Demographic":null,"2020":373,"% OF TOTAL":10.6,"2024":359,"2029":360},"Not Hispanic: American Indian and Alaska Native alone":{"Demographic":null,"2020":30,"% OF TOTAL":0.8,"2024":29,"2029":28},"Not Hispanic: Asian alone":{"Demographic":null,"2020":82,"% OF TOTAL":2.4,"2024":83,"2029":83},"Not Hispanic: Native Hawaiian and OPI alone":{"Demographic":null,"2020":1,"% OF TOTAL":0.0,"2024":1,"2029":1},"Not Hispanic: Some Other Race alone":{"Demographic":null,"2020":14,"% OF TOTAL":0.4,"2024":13,"2029":13},"Not Hispanic: Two or More Races":{"Demographic":null,"2020":169,"% OF TOTAL":5.2,"2024":177,"2029":176},"Hispanic: White alone":{"Demographic":null,"2020":20,"% OF TOTAL":0.6,"2024":21,"2029":20},"Hispanic: Black or African American alone":{"Demographic":null,"2020":5,"% OF TOTAL":0.1,"2024":5,"2029":5},"Hispanic: American Indian and Alaska Native alone":{"Demographic":null,"2020":0,"% OF TOTAL":0.0,"2024":0,"2029":0},"Hispanic: Asian alone":{"Demographic":null,"2020":4,"% OF TOTAL":0.1,"2024":5,"2029":5},"Hispanic: Native Hawaiian and OPI alone":{"Demographic":null,"2020":0,"% OF TOTAL":0.0,"2024":0,"2029":0},"Hispanic: Some Other Race alone":{"Demographic":null,"2020":14,"% OF TOTAL":0.4,"2024":14,"2029":14},"Hispanic: Two or More Races":{"Demographic":null,"2020":52,"% OF TOTAL":1.7,"2024":57,"2029":57},"Educational Attainment: No High School Diploma":{"Demographic":null,"2020":211,"% OF TOTAL":null,"2024":207,"2029":null},"Educational Attainment: High School Diploma":{"Demographic":null,"2020":525,"% OF TOTAL":null,"2024":514,"2029":null},"Educational Attainment: Some College":{"Demographic":null,"2020":620,"% OF TOTAL":null,"2024":606,"2029":null},"Educational Attainment: Associates Degree":{"Demographic":null,"2020":263,"% OF TOTAL":null,"2024":261,"2029":null},"Educational Attainment: Bachelors Degree":{"Demographic":null,"2020":594,"% OF TOTAL":null,"2024":586,"2029":null},"Educational Attainment: Advanced Degree":{"Demographic":null,"2020":233,"% OF TOTAL":null,"2024":226,"2029":null},"Employment Status: Armed Forces":{"Demographic":null,"2020":44,"% OF TOTAL":null,"2024":41,"2029":null},"Employment Status: Civilian labor force employed":{"Demographic":null,"2020":1665,"% OF TOTAL":null,"2024":1619,"2029":null},"Employment Status: Civilian labor force unemployed":{"Demographic":null,"2020":55,"% OF TOTAL":null,"2024":55,"2029":null},"Employment Status: Not in labor force":{"Demographic":null,"2020":1057,"% OF TOTAL":null,"2024":1024,"2029":null},"Employed in Agriculture and Mining Industries":{"Demographic":null,"2020":36,"% OF TOTAL":null,"2024":35,"2029":null},"Employed in Construction Industries":{"Demographic":null,"2020":55,"% OF TOTAL":null,"2024":53,"2029":null},"Employed in Manufacturing Industries":{"Demographic":null,"2020":196,"% OF TOTAL":null,"2024":190,"2029":null},"Employed in Wholesale Industries":{"Demographic":null,"2020":61,"% OF TOTAL":null,"2024":57,"2029":null},"Employed in Retail Industries":{"Demographic":null,"2020":192,"% OF TOTAL":null,"2024":190,"2029":null},"Employed in Transportation and Utilities Industries":{"Demographic":null,"2020":147,"% OF TOTAL":null,"2024":142,"2029":null},"Employed in Information Industries":{"Demographic":null,"2020":20,"% OF TOTAL":null,"2024":20,"2029":null},"Employed in Real-Estate Industries":{"Demographic":null,"2020":250,"% OF TOTAL":null,"2024":239,"2029":null},"Employed in Professional Industries":{"Demographic":null,"2020":59,"% OF TOTAL":null,"2024":58,"2029":null},"Employed in Health and Education Industries":{"Demographic":null,"2020":419,"% OF TOTAL":null,"2024":409,"2029":null},"Employed in Art Industries":{"Demographic":null,"2020":127,"% OF TOTAL":null,"2024":124,"2029":null},"Employed in Other Industries":{"Demographic":null,"2020":46,"% OF TOTAL":null,"2024":45,"2029":null},"Employed in Public Administration Industries":{"Demographic":null,"2020":57,"% OF TOTAL":null,"2024":57,"2029":null},"Occupation: Management":{"Demographic":null,"2020":197,"% OF TOTAL":null,"2024":189,"2029":null},"Occupation: Business and financial operations":{"Demographic":null,"2020":138,"% OF TOTAL":null,"2024":131,"2029":null},"Occupation: Computer and mathematical":{"Demographic":null,"2020":9,"% OF TOTAL":null,"2024":9,"2029":null},"Occupation: Architecture and engineering":{"Demographic":null,"2020":37,"% OF TOTAL":null,"2024":35,"2029":null},"Occupation: Life, physical, and social science":{"Demographic":null,"2020":78,"% OF TOTAL":null,"2024":76,"2029":null},"Occupation: Community and social service":{"Demographic":null,"2020":60,"% OF TOTAL":null,"2024":59,"2029":null},"Occupation: Legal":{"Demographic":null,"2020":13,"% OF TOTAL":null,"2024":13,"2029":null},"Occupation: Education, training, and library":{"Demographic":null,"2020":96,"% OF TOTAL":null,"2024":94,"2029":null},"Occupation: Arts, design, entertainment, sports, and media":{"Demographic":null,"2020":61,"% OF TOTAL":null,"2024":61,"2029":null},"Occupation: Health diagnosing and treating practitioners":{"Demographic":null,"2020":62,"% OF TOTAL":null,"2024":62,"2029":null},"Occupation: Health technologists and technicians":{"Demographic":null,"2020":93,"% OF TOTAL":null,"2024":90,"2029":null},"Occupation: Healthcare support":{"Demographic":null,"2020":68,"% OF TOTAL":null,"2024":66,"2029":null},"Occupation: Fire fighting and prevention":{"Demographic":null,"2020":13,"% OF TOTAL":null,"2024":13,"2029":null},"Occupation: Law enforcement workers":{"Demographic":null,"2020":0,"% OF TOTAL":null,"2024":0,"2029":null},"Occupation: Food preparation and serving related":{"Demographic":null,"2020":64,"% OF TOTAL":null,"2024":63,"2029":null},"Occupation: Building and grounds cleaning and maintenance":{"Demographic":null,"2020":25,"% OF TOTAL":null,"2024":24,"2029":null},"Occupation: Personal care and service":{"Demographic":null,"2020":9,"% OF TOTAL":null,"2024":9,"2029":null},"Occupation: Sales and related":{"Demographic":null,"2020":128,"% OF TOTAL":null,"2024":124,"2029":null},"Occupation: Office and administrative support":{"Demographic":null,"2020":245,"% OF TOTAL":null,"2024":237,"2029":null},"Occupation: Farming, fishing, and forestry":{"Demographic":null,"2020":23,"% OF TOTAL":null,"2024":23,"2029":null},"Occupation: Construction and extraction":{"Demographic":null,"2020":28,"% OF TOTAL":null,"2024":28,"2029":null},"Occupation: Installation, maintenance, and repair":{"Demographic":null,"2020":69,"% OF TOTAL":null,"2024":68,"2029":null},"Occupation: Production":{"Demographic":null,"2020":26,"% OF TOTAL":null,"2024":26,"2029":null},"Occupation: Transportation":{"Demographic":null,"2020":80,"% OF TOTAL":null,"2024":76,"2029":null},"Occupation: Material moving":{"Demographic":null,"2020":43,"% OF TOTAL":null,"2024":43,"2029":null},"White collar":{"Demographic":null,"2020":1217,"% OF TOTAL":null,"2024":1180,"2029":null},"Blue collar":{"Demographic":null,"2020":448,"% OF TOTAL":null,"2024":439,"2029":null},"Means of transportation: Car, truck or van":{"Demographic":null,"2020":1557,"% OF TOTAL":null,"2024":1515,"2029":null},"Means of transportation: Public transportation":{"Demographic":null,"2020":0,"% OF TOTAL":null,"2024":0,"2029":null},"Means of transportation: Other":{"Demographic":null,"2020":70,"% OF TOTAL":null,"2024":67,"2029":null},"Travel time: Average (in minutes)":{"Demographic":null,"2020":25,"% OF TOTAL":null,"2024":25,"2029":null},"Travel time to work: Less than 30 minutes":{"Demographic":null,"2020":1188,"% OF TOTAL":null,"2024":1150,"2029":null},"Travel time to work: 30 to 60 minutes":{"Demographic":null,"2020":384,"% OF TOTAL":null,"2024":380,"2029":null},"Travel time to work: 60 or more minutes":{"Demographic":null,"2020":55,"% OF TOTAL":null,"2024":52,"2029":null}},"demographic_snapshot":{"Total Population":{"Demographic":null,"2020":3504,"% OF TOTAL":null,"2024":3419,"2029":3397},"Households":{"Demographic":null,"2020":1255,"% OF TOTAL":null,"2024":1240,"2029":1249},"Population in Group Quarters":{"Demographic":null,"2020":1,"% OF TOTAL":null,"2024":1,"2029":1},"Households Growth":{"Demographic":null,"2020":null,"% OF TOTAL":null,"2024":-1.2,"2029":0.7},"Household Income: Median":{"Demographic":null,"2020":0,"% OF TOTAL":null,"2024":99573,"2029":109799},"Home Value: Median":{"Demographic":null,"2020":206522,"% OF TOTAL":null,"2024":206607,"2029":null},"Population Growth":{"Demographic":null,"2020":null,"% OF TOTAL":null,"2024":-2.4,"2029":-0.6},"Total Population: Under 19 years":{"Demographic":null,"2020":860,"% OF TOTAL":22.7,"2024":829,"2029":770},"Total Population: 20 - 64 years":{"Demographic":null,"2020":2063,"% OF TOTAL":57.8,"2024":2006,"2029":1962},"Total Population: 65 years and over":{"Demographic":null,"2020":581,"% OF TOTAL":19.6,"2024":584,"2029":665},"Total population: Median age":{"Demographic":null,"2020":42,"% OF TOTAL":null,"2024":42,"2029":43},"Total population: Under 5 years":{"Demographic":null,"2020":175,"% OF TOTAL":4.7,"2024":164,"2029":158},"Total population: 5 - 9 years":{"Demographic":null,"2020":223,"% OF TOTAL":5.6,"2024":219,"2029":190},"Total population: 10 - 14 years":{"Demographic":null,"2020":232,"% OF TOTAL":6.0,"2024":216,"2029":204},"Total population: 15 - 19 years":{"Demographic":null,"2020":230,"% OF TOTAL":6.4,"2024":230,"2029":218},"Total population: 20 - 24 years":{"Demographic":null,"2020":198,"% OF TOTAL":6.0,"2024":190,"2029":205},"Total population: 25 - 29 years":{"Demographic":null,"2020":152,"% OF TOTAL":4.6,"2024":142,"2029":156},"Total population: 30 - 34 years":{"Demographic":null,"2020":189,"% OF TOTAL":5.1,"2024":192,"2029":172},"Total population: 35 - 39 years":{"Demographic":null,"2020":211,"% OF TOTAL":6.1,"2024":219,"2029":208},"Total population: 40 - 44 years":{"Demographic":null,"2020":243,"% OF TOTAL":7.2,"2024":260,"2029":243},"Total population: 45 - 49 years":{"Demographic":null,"2020":228,"% OF TOTAL":6.7,"2024":212,"2029":229},"Total population: 50 - 54 years":{"Demographic":null,"2020":298,"% OF TOTAL":7.8,"2024":294,"2029":265},"Total population: 55 - 59 years":{"Demographic":null,"2020":279,"% OF TOTAL":7.2,"2024":238,"2029":245},"Total population: 60 - 64 years":{"Demographic":null,"2020":265,"% OF TOTAL":7.0,"2024":259,"2029":239},"Total population: 65 - 69 years":{"Demographic":null,"2020":213,"% OF TOTAL":6.6,"2024":215,"2029":225},"Total population: 70 - 74 years":{"Demographic":null,"2020":168,"% OF TOTAL":5.3,"2024":161,"2029":180},"Total population: 75 - 79 years":{"Demographic":null,"2020":87,"% OF TOTAL":3.6,"2024":96,"2029":122},"Total population: 80 - 84 years":{"Demographic":null,"2020":68,"% OF TOTAL":2.5,"2024":69,"2029":84},"Total population: 85 years and over":{"Demographic":null,"2020":45,"% OF TOTAL":1.6,"2024":43,"2029":54},"Householders Age 15-24":{"Demographic":null,"2020":19,"% OF TOTAL":1.5,"2024":19,"2029":19},"Householders Age 25-34":{"Demographic":null,"2020":153,"% OF TOTAL":11.8,"2024":150,"2029":148},"Householders Age 35-44":{"Demographic":null,"2020":192,"% OF TOTAL":14.3,"2024":191,"2029":178},"Householders Age 45-54":{"Demographic":null,"2020":258,"% OF TOTAL":19.7,"2024":254,"2029":246},"Householders Age 55-64":{"Demographic":null,"2020":281,"% OF TOTAL":21.5,"2024":278,"2029":269},"Householders Age 65-74":{"Demographic":null,"2020":231,"% OF TOTAL":19.5,"2024":228,"2029":243},"Householders Age 75+":{"Demographic":null,"2020":121,"% OF TOTAL":11.7,"2024":120,"2029":146},"Household income: Average":{"Demographic":null,"2020":130032,"% OF TOTAL":null,"2024":145822,"2029":169967},"Household income: Less than 25k":{"Demographic":null,"2020":88,"% OF TOTAL":7.8,"2024":94,"2029":97},"Household income: 25k - 50k":{"Demographic":null,"2020":86,"% OF TOTAL":3.1,"2024":78,"2029":39},"Household income: 50k - 75k":{"Demographic":null,"2020":168,"% OF TOTAL":7.3,"2024":113,"2029":91},"Household income: 75k - 100k":{"Demographic":null,"2020":243,"% OF TOTAL":11.3,"2024":214,"2029":141},"Household income: 100k - 125k":{"Demographic":null,"2020":251,"% OF TOTAL":19.3,"2024":224,"2029":241},"Household income: 125k - 150k":{"Demographic":null,"2020":107,"% OF TOTAL":6.8,"2024":72,"2029":85},"Household income: 150k - 200k":{"Demographic":null,"2020":159,"% OF TOTAL":22.1,"2024":257,"2029":276},"Household income: Above 200k":{"Demographic":null,"2020":153,"% OF TOTAL":22.3,"2024":188,"2029":279},"White Alone":{"Demographic":null,"2020":2760,"% OF TOTAL":78.2,"2024":2676,"2029":2655},"Black or African American Alone":{"Demographic":null,"2020":378,"% OF TOTAL":10.7,"2024":364,"2029":365},"American Indian and Alaska Native Alone":{"Demographic":null,"2020":30,"% OF TOTAL":0.8,"2024":29,"2029":28},"Asian Alone":{"Demographic":null,"2020":86,"% OF TOTAL":2.6,"2024":88,"2029":88},"Native Hawaiian and OPI Alone":{"Demographic":null,"2020":1,"% OF TOTAL":0.0,"2024":1,"2029":1},"Some Other Race Alone":{"Demographic":null,"2020":28,"% OF TOTAL":0.8,"2024":27,"2029":27},"Two or More Races Alone":{"Demographic":null,"2020":221,"% OF TOTAL":6.9,"2024":234,"2029":233},"Not Hispanic or Latino":{"Demographic":null,"2020":3409,"% OF TOTAL":97.0,"2024":3317,"2029":3296},"Hispanic or Latino":{"Demographic":null,"2020":95,"% OF TOTAL":3.0,"2024":102,"2029":101},"Total Housing Units":{"Demographic":null,"2020":1319,"% OF TOTAL":null,"2024":null,"2029":null},"Owner Occupied Housing Units":{"Demographic":null,"2020":1160,"% OF TOTAL":null,"2024":1146,"2029":null},"Renter Occupied Housing Units":{"Demographic":null,"2020":95,"% OF TOTAL":null,"2024":94,"2029":null},"Housing Units Value Less Than 100k":{"Demographic":null,"2020":46,"% OF TOTAL":null,"2024":45,"2029":null},"Housing Units Value 100k - 200k":{"Demographic":null,"2020":304,"% OF TOTAL":null,"2024":306,"2029":null},"Housing Units Value 200k - 250k":{"Demographic":null,"2020":241,"% OF TOTAL":null,"2024":239,"2029":null},"Housing Units Value 250k - 300k":{"Demographic":null,"2020":119,"% OF TOTAL":null,"2024":121,"2029":null},"Housing Units Value 300k - 400k":{"Demographic":null,"2020":340,"% OF TOTAL":null,"2024":329,"2029":null},"Housing Units Value 400k - 500k":{"Demographic":null,"2020":74,"% OF TOTAL":null,"2024":72,"2029":null},"Housing Units Value 500k - 750k":{"Demographic":null,"2020":18,"% OF TOTAL":null,"2024":17,"2029":null},"Housing Units Value 750k - 1m":{"Demographic":null,"2020":0,"% OF TOTAL":null,"2024":0,"2029":null},"Housing Units Value 1m - 1.5m":{"Demographic":null,"2020":18,"% OF TOTAL":null,"2024":17,"2029":null},"Housing Units Value 1.5m - 2m":{"Demographic":null,"2020":0,"% OF TOTAL":null,"2024":0,"2029":null},"Housing Units Value >2m":{"Demographic":null,"2020":0,"% OF TOTAL":null,"2024":0,"2029":null},"Take Car or Truck to Work":{"Demographic":null,"2020":1557,"% OF TOTAL":null,"2024":1515,"2029":null},"Take Public Transportation to Work":{"Demographic":null,"2020":0,"% OF TOTAL":null,"2024":0,"2029":null},"Take Other Means of Transportation to Work":{"Demographic":null,"2020":70,"% OF TOTAL":null,"2024":67,"2029":null},"Average Travel Time (min)":{"Demographic":null,"2020":25,"% OF TOTAL":null,"2024":25,"2029":null},"Travel Below 30 Min to Work":{"Demographic":null,"2020":1188,"% OF TOTAL":null,"2024":1150,"2029":null},"Travel 30-60 Min to Work":{"Demographic":null,"2020":384,"% OF TOTAL":null,"2024":380,"2029":null},"Travel Above 60 Min to Work":{"Demographic":null,"2020":105,"% OF TOTAL":null,"2024":52,"2029":null},"Educational Attainment: No High School Diploma":{"Demographic":null,"2020":736,"% OF TOTAL":null,"2024":721,"2029":null},"Educational Attainment: High School Diploma":{"Demographic":null,"2020":525,"% OF TOTAL":null,"2024":514,"2029":null},"Educational Attainment: Some College":{"Demographic":null,"2020":1477,"% OF TOTAL":null,"2024":1453,"2029":null},"Educational Attainment: Associate's Degree":{"Demographic":null,"2020":263,"% OF TOTAL":null,"2024":261,"2029":null},"Educational Attainment: Bachelors Degree":{"Demographic":null,"2020":594,"% OF TOTAL":null,"2024":586,"2029":null},"Educational Attainment: Advanced Degree":{"Demographic":null,"2020":233,"% OF TOTAL":null,"2024":226,"2029":null},"Households: Number of vehicles available - Average":{"Demographic":null,"2020":2,"% OF TOTAL":null,"2024":2,"2029":null},"Households: No Vehicle available":{"Demographic":null,"2020":30,"% OF TOTAL":null,"2024":31,"2029":null},"Households: 1 Vehicle available":{"Demographic":null,"2020":222,"% OF TOTAL":null,"2024":223,"2029":null},"Households: 2 Vehicles available":{"Demographic":null,"2020":640,"% OF TOTAL":null,"2024":632,"2029":null},"Households: 3 Vehicles available":{"Demographic":null,"2020":243,"% OF TOTAL":null,"2024":237,"2029":null},"Households: 4 or more Vehicles available":{"Demographic":null,"2020":120,"% OF TOTAL":null,"2024":117,"2029":null}},"household_trends":{"Households":{"Demographic":null,"2020":1255,"% OF TOTAL":null,"2024":1240,"2029":1249},"Households Growth":{"Demographic":null,"2020":null,"% OF TOTAL":null,"2024":-1.2,"2029":0.7},"Householder Age 15-24":{"Demographic":null,"2020":19,"% OF TOTAL":1.5,"2024":19,"2029":19},"Householder Age 25-34":{"Demographic":null,"2020":153,"% OF TOTAL":11.8,"2024":150,"2029":148},"Householder Age 35-44":{"Demographic":null,"2020":192,"% OF TOTAL":14.3,"2024":191,"2029":178},"Householder Age 45-54":{"Demographic":null,"2020":258,"% OF TOTAL":19.7,"2024":254,"2029":246},"Householder Age 55-64":{"Demographic":null,"2020":281,"% OF TOTAL":21.5,"2024":278,"2029":269},"Householder Age 65-74":{"Demographic":null,"2020":231,"% OF TOTAL":19.5,"2024":228,"2029":243},"Householder Age 75+":{"Demographic":null,"2020":121,"% OF TOTAL":11.7,"2024":120,"2029":146},"Average Household Size":{"Demographic":null,"2020":2.8,"% OF TOTAL":null,"2024":2.8,"2029":2.7},"1 Person Households":{"Demographic":null,"2020":199,"% OF TOTAL":17.3,"2024":207,"2029":216},"2 Person Households":{"Demographic":null,"2020":450,"% OF TOTAL":37.7,"2024":459,"2029":471},"3 Person Households":{"Demographic":null,"2020":214,"% OF TOTAL":17.7,"2024":217,"2029":221},"4 Person Households":{"Demographic":null,"2020":234,"% OF TOTAL":16.3,"2024":213,"2029":204},"5 Person Households":{"Demographic":null,"2020":99,"% OF TOTAL":6.9,"2024":90,"2029":86},"6 Person Households":{"Demographic":null,"2020":37,"% OF TOTAL":2.6,"2024":34,"2029":33},"7+ Person Households":{"Demographic":null,"2020":22,"% OF TOTAL":1.4,"2024":20,"2029":18},"Household Type: Family":{"Demographic":null,"2020":1005,"% OF TOTAL":null,"2024":992,"2029":null},"Household Type: Married Family":{"Demographic":null,"2020":773,"% OF TOTAL":null,"2024":762,"2029":null},"Household Type: Married Family With Children":{"Demographic":null,"2020":280,"% OF TOTAL":null,"2024":278,"2029":null},"Household Type: Married Family Without Children":{"Demographic":null,"2020":493,"% OF TOTAL":null,"2024":484,"2029":null},"Household Type: Other Family":{"Demographic":null,"2020":232,"% OF TOTAL":null,"2024":230,"2029":null},"Household Type: Male Households, No Wife":{"Demographic":null,"2020":73,"% OF TOTAL":null,"2024":72,"2029":null},"Household Type: Male Households, No Wife With Children":{"Demographic":null,"2020":33,"% OF TOTAL":null,"2024":33,"2029":null},"Household Type: Male Households, No Wife Without Children":{"Demographic":null,"2020":40,"% OF TOTAL":null,"2024":39,"2029":null},"Household Type: Female Households, No Husband":{"Demographic":null,"2020":159,"% OF TOTAL":null,"2024":158,"2029":null},"Household Type: Female Households, No Husband With Children":{"Demographic":null,"2020":75,"% OF TOTAL":null,"2024":75,"2029":null},"Household Type: Female Households, No Husband Without Children":{"Demographic":null,"2020":84,"% OF TOTAL":null,"2024":83,"2029":null},"Household Income: Average":{"Demographic":null,"2020":130032,"% OF TOTAL":null,"2024":145822,"2029":169967},"Household Income: Median":{"Demographic":null,"2020":0,"% OF TOTAL":null,"2024":99573,"2029":109799},"Household Income: Less than $25k":{"Demographic":null,"2020":88,"% OF TOTAL":7.8,"2024":94,"2029":97},"Household Income: $25k - $50k":{"Demographic":null,"2020":86,"% OF TOTAL":3.1,"2024":78,"2029":39},"Household Income: $50k - $75k":{"Demographic":null,"2020":168,"% OF TOTAL":7.3,"2024":113,"2029":91},"Household Income: $75k - $100k":{"Demographic":null,"2020":243,"% OF TOTAL":11.3,"2024":214,"2029":141},"Household Income: $100k - $125k":{"Demographic":null,"2020":251,"% OF TOTAL":19.3,"2024":224,"2029":241},"Household Income: $125k - $150k":{"Demographic":null,"2020":107,"% OF TOTAL":6.8,"2024":72,"2029":85},"Household Income: $150k - $200k":{"Demographic":null,"2020":159,"% OF TOTAL":22.1,"2024":257,"2029":276},"Household Income: Above $200k":{"Demographic":null,"2020":153,"% OF TOTAL":22.3,"2024":188,"2029":279},"Total Housing Units":{"Demographic":null,"2020":1319,"% OF TOTAL":null,"2024":null,"2029":null},"Owner Occupied Housing Units":{"Demographic":null,"2020":1160,"% OF TOTAL":null,"2024":1146,"2029":null},"Renter Occupied Housing Units":{"Demographic":null,"2020":95,"% OF TOTAL":null,"2024":94,"2029":null},"Vacant Housing Units":{"Demographic":null,"2020":64,"% OF TOTAL":null,"2024":null,"2029":null},"Vacant Housing Units: Seasonal":{"Demographic":null,"2020":0,"% OF TOTAL":null,"2024":null,"2029":null},"Vacant Housing Units: Other Usage":{"Demographic":null,"2020":64,"% OF TOTAL":null,"2024":null,"2029":null},"Average Housing Unit Value":{"Demographic":null,"2020":287123,"% OF TOTAL":null,"2024":286961,"2029":null},"Median Housing Unit Value":{"Demographic":null,"2020":206522,"% OF TOTAL":null,"2024":206607,"2029":null},"Housing Unit Value Less Than $100k":{"Demographic":null,"2020":46,"% OF TOTAL":null,"2024":45,"2029":null},"Housing Unit Value $100k-$200k":{"Demographic":null,"2020":304,"% OF TOTAL":null,"2024":306,"2029":null},"Housing Unit Value $200k-$250k":{"Demographic":null,"2020":241,"% OF TOTAL":null,"2024":239,"2029":null},"Housing Unit Value $250k-$300k":{"Demographic":null,"2020":119,"% OF TOTAL":null,"2024":121,"2029":null},"Housing Unit Value $300k-$400k":{"Demographic":null,"2020":340,"% OF TOTAL":null,"2024":329,"2029":null},"Housing Unit Value $400k-$500k":{"Demographic":null,"2020":74,"% OF TOTAL":null,"2024":72,"2029":null},"Housing Unit Value $500k-$750k":{"Demographic":null,"2020":18,"% OF TOTAL":null,"2024":17,"2029":null},"Housing Unit Value $750k-$1m":{"Demographic":null,"2020":0,"% OF TOTAL":null,"2024":0,"2029":null},"Housing Unit Value $1m-$1.5m":{"Demographic":null,"2020":18,"% OF TOTAL":null,"2024":17,"2029":null},"Housing Unit Value $1.5m-$2m":{"Demographic":null,"2020":0,"% OF TOTAL":null,"2024":0,"2029":null},"Housing Unit Value Above $2m":{"Demographic":null,"2020":0,"% OF TOTAL":null,"2024":0,"2029":null},"Median Housing Unit Year Built":{"Demographic":null,"2020":1991,"% OF TOTAL":null,"2024":1991,"2029":null},"Housing Units Built 2014 Or After":{"Demographic":null,"2020":49,"% OF TOTAL":null,"2024":47,"2029":null},"Housing Units Built 2010-2013":{"Demographic":null,"2020":178,"% OF TOTAL":null,"2024":174,"2029":null},"Housing Units Built 2000-2009":{"Demographic":null,"2020":349,"% OF TOTAL":null,"2024":343,"2029":null},"Housing Units Built 1990-1999":{"Demographic":null,"2020":253,"% OF TOTAL":null,"2024":250,"2029":null},"Housing Units Built 1980-1989":{"Demographic":null,"2020":137,"% OF TOTAL":null,"2024":135,"2029":null},"Housing Units Built 1970-1979":{"Demographic":null,"2020":216,"% OF TOTAL":null,"2024":217,"2029":null},"Housing Units Built 1960-1969":{"Demographic":null,"2020":54,"% OF TOTAL":null,"2024":55,"2029":null},"Housing Units Built 1950-1959":{"Demographic":null,"2020":19,"% OF TOTAL":null,"2024":19,"2029":null},"Housing Units Built 1940-1949":{"Demographic":null,"2020":0,"% OF TOTAL":null,"2024":0,"2029":null},"Housing Units Built Before 1940":{"Demographic":null,"2020":0,"% OF TOTAL":null,"2024":0,"2029":null}}},"geometry":{"type":"Polygon","coordinates":[[[-87.339129692389,30.560376149187356],[-87.339129692389,30.589289582368412],[-87.30553913838654,30.589289582368412],[-87.30553913838654,30.560376149187356],[-87.339129692389,30.560376149187356]]]}},{"type":"Feature","properties":{"block":"031","block_num":31,"submarket":"Cantonment","CentroidLon":-87.28874386138531,"CentroidLat":30.574832865777882,"data_status":"usable","is_anomalous":false,"anomaly_reason":null,"files_present":"ConsumerSegmentation-26.08.10.csv;DemographicSnapshot-26.08.10.csv;HouseholdIncomeByAge-26.08.10.csv;HouseholdTrends-26.08.10.csv;PopulationTrends-26.08.10.csv","population_2024":4406,"population_2029":4273,"households_2024":1692,"households_2029":1667,"median_household_income_2024":91786,"median_household_income_2029":109174,"mean_household_income_2024":null,"mean_household_income_2029":null,"median_age_2024":43,"median_age_2029":44,"median_home_value_2024":207824,"average_household_size_2024":2.6,"average_household_size_2029":2.5,"population_growth_2024_2029":-3.7,"households_growth_2024_2029":-2.2,"consumer_segments":{"Active Adult Feature and Location":{"households":247,"pct":18.2},"Elite":{"households":231,"pct":17.0},"Family Life Young Children":{"households":152,"pct":11.2},"Entry Level Suburban":{"households":151,"pct":11.1},"Family Life School Age Children":{"households":147,"pct":10.8},"Active Adult Elite":{"households":87,"pct":6.4},"Entry Level Urban":{"households":84,"pct":6.2},"Renters":{"households":66,"pct":4.9},"Renters Near Term Buyers":{"households":66,"pct":4.9},"Simple Life Moderate Income No Children":{"households":41,"pct":3.0},"Simple Life Affluent No Children":{"households":23,"pct":1.7},"Active Adult Entry Level":{"households":23,"pct":1.7},"Feature and Location":{"households":19,"pct":1.4},"Simple Life Moderate Income With Children":{"households":18,"pct":1.3}},"income_age":{"2020":{},"2024":{},"2029":{}},"population_trends":{"Total Population":{"Demographic":null,"2020":4576,"% OF TOTAL":null,"2024":4406,"2029":4273},"Population Growth":{"Demographic":null,"2020":null,"% OF TOTAL":null,"2024":-3.7,"2029":-3.0},"Female Population":{"Demographic":null,"2020":2361,"% OF TOTAL":51.7,"2024":2277,"2029":2209},"Male Population":{"Demographic":null,"2020":2215,"% OF TOTAL":48.3,"2024":2129,"2029":2064},"Total population: Median Age":{"Demographic":null,"2020":43,"% OF TOTAL":null,"2024":43,"2029":44},"Total population: Under 5 years":{"Demographic":null,"2020":199,"% OF TOTAL":4.2,"2024":185,"2029":178},"Total population: 5 - 9 years":{"Demographic":null,"2020":253,"% OF TOTAL":4.8,"2024":242,"2029":206},"Total population: 10 - 14 years":{"Demographic":null,"2020":299,"% OF TOTAL":5.8,"2024":280,"2029":247},"Total population: 15 - 19 years":{"Demographic":null,"2020":324,"% OF TOTAL":6.9,"2024":322,"2029":293},"Total population: 20 - 24 years":{"Demographic":null,"2020":248,"% OF TOTAL":6.0,"2024":232,"2029":258},"Total population: 25 - 29 years":{"Demographic":null,"2020":242,"% OF TOTAL":5.1,"2024":225,"2029":220},"Total population: 30 - 34 years":{"Demographic":null,"2020":239,"% OF TOTAL":5.1,"2024":236,"2029":218},"Total population: 35 - 39 years":{"Demographic":null,"2020":266,"% OF TOTAL":5.9,"2024":268,"2029":252},"Total population: 40 - 44 years":{"Demographic":null,"2020":280,"% OF TOTAL":6.3,"2024":290,"2029":269},"Total population: 45 - 49 years":{"Demographic":null,"2020":240,"% OF TOTAL":5.6,"2024":219,"2029":241},"Total population: 50 - 54 years":{"Demographic":null,"2020":317,"% OF TOTAL":6.4,"2024":309,"2029":273},"Total population: 55 - 59 years":{"Demographic":null,"2020":352,"% OF TOTAL":6.6,"2024":296,"2029":282},"Total population: 60 - 64 years":{"Demographic":null,"2020":381,"% OF TOTAL":7.4,"2024":364,"2029":315},"Total population: 65 - 69 years":{"Demographic":null,"2020":325,"% OF TOTAL":7.5,"2024":329,"2029":320},"Total population: 70 - 74 years":{"Demographic":null,"2020":278,"% OF TOTAL":6.6,"2024":263,"2029":280},"Total population: 75 - 79 years":{"Demographic":null,"2020":157,"% OF TOTAL":4.7,"2024":174,"2029":202},"Total population: 80 - 84 years":{"Demographic":null,"2020":106,"% OF TOTAL":3.2,"2024":109,"2029":135},"Total population: 85 years and over":{"Demographic":null,"2020":70,"% OF TOTAL":2.0,"2024":63,"2029":84},"Female population: Median Age":{"Demographic":null,"2020":44,"% OF TOTAL":null,"2024":44,"2029":45},"Female population: Under 5 years":{"Demographic":null,"2020":105,"% OF TOTAL":4.3,"2024":98,"2029":94},"Female population: 5 - 9 years":{"Demographic":null,"2020":117,"% OF TOTAL":4.4,"2024":111,"2029":97},"Female population: 10 - 14 years":{"Demographic":null,"2020":154,"% OF TOTAL":5.6,"2024":145,"2029":124},"Female population: 15 - 19 years":{"Demographic":null,"2020":152,"% OF TOTAL":6.4,"2024":152,"2029":142},"Female population: 20 - 24 years":{"Demographic":null,"2020":114,"% OF TOTAL":5.3,"2024":106,"2029":118},"Female population: 25 - 29 years":{"Demographic":null,"2020":132,"% OF TOTAL":5.3,"2024":124,"2029":117},"Female population: 30 - 34 years":{"Demographic":null,"2020":121,"% OF TOTAL":5.1,"2024":119,"2029":112},"Female population: 35 - 39 years":{"Demographic":null,"2020":127,"% OF TOTAL":5.5,"2024":127,"2029":121},"Female population: 40 - 44 years":{"Demographic":null,"2020":149,"% OF TOTAL":6.2,"2024":151,"2029":137},"Female population: 45 - 49 years":{"Demographic":null,"2020":130,"% OF TOTAL":5.9,"2024":121,"2029":130},"Female population: 50 - 54 years":{"Demographic":null,"2020":184,"% OF TOTAL":7.1,"2024":180,"2029":157},"Female population: 55 - 59 years":{"Demographic":null,"2020":185,"% OF TOTAL":7.0,"2024":157,"2029":155},"Female population: 60 - 64 years":{"Demographic":null,"2020":197,"% OF TOTAL":7.3,"2024":188,"2029":162},"Female population: 65 - 69 years":{"Demographic":null,"2020":180,"% OF TOTAL":7.8,"2024":180,"2029":172},"Female population: 70 - 74 years":{"Demographic":null,"2020":144,"% OF TOTAL":6.7,"2024":138,"2029":148},"Female population: 75 - 79 years":{"Demographic":null,"2020":82,"% OF TOTAL":5.0,"2024":94,"2029":110},"Female population: 80 - 84 years":{"Demographic":null,"2020":55,"% OF TOTAL":3.2,"2024":57,"2029":71},"Female population: 85 years and over":{"Demographic":null,"2020":33,"% OF TOTAL":1.9,"2024":29,"2029":42},"Male population: Median Age":{"Demographic":null,"2020":42,"% OF TOTAL":null,"2024":41,"2029":42},"Male population: Under 5 years":{"Demographic":null,"2020":94,"% OF TOTAL":4.1,"2024":87,"2029":84},"Male population: 5 - 9 years":{"Demographic":null,"2020":136,"% OF TOTAL":5.3,"2024":131,"2029":109},"Male population: 10 - 14 years":{"Demographic":null,"2020":145,"% OF TOTAL":6.0,"2024":135,"2029":123},"Male population: 15 - 19 years":{"Demographic":null,"2020":172,"% OF TOTAL":7.3,"2024":170,"2029":151},"Male population: 20 - 24 years":{"Demographic":null,"2020":134,"% OF TOTAL":6.8,"2024":126,"2029":140},"Male population: 25 - 29 years":{"Demographic":null,"2020":110,"% OF TOTAL":5.0,"2024":101,"2029":103},"Male population: 30 - 34 years":{"Demographic":null,"2020":118,"% OF TOTAL":5.1,"2024":117,"2029":106},"Male population: 35 - 39 years":{"Demographic":null,"2020":139,"% OF TOTAL":6.3,"2024":141,"2029":131},"Male population: 40 - 44 years":{"Demographic":null,"2020":131,"% OF TOTAL":6.4,"2024":139,"2029":132},"Male population: 45 - 49 years":{"Demographic":null,"2020":110,"% OF TOTAL":5.4,"2024":98,"2029":111},"Male population: 50 - 54 years":{"Demographic":null,"2020":133,"% OF TOTAL":5.6,"2024":129,"2029":116},"Male population: 55 - 59 years":{"Demographic":null,"2020":167,"% OF TOTAL":6.2,"2024":139,"2029":127},"Male population: 60 - 64 years":{"Demographic":null,"2020":184,"% OF TOTAL":7.4,"2024":176,"2029":153},"Male population: 65 - 69 years":{"Demographic":null,"2020":145,"% OF TOTAL":7.2,"2024":149,"2029":148},"Male population: 70 - 74 years":{"Demographic":null,"2020":134,"% OF TOTAL":6.4,"2024":125,"2029":132},"Male population: 75 - 79 years":{"Demographic":null,"2020":75,"% OF TOTAL":4.5,"2024":80,"2029":92},"Male population: 80 - 84 years":{"Demographic":null,"2020":51,"% OF TOTAL":3.1,"2024":52,"2029":64},"Male population: 85 years and over":{"Demographic":null,"2020":37,"% OF TOTAL":2.0,"2024":34,"2029":42},"White alone":{"Demographic":null,"2020":3544,"% OF TOTAL":77.0,"2024":3391,"2029":3290},"Black alone":{"Demographic":null,"2020":424,"% OF TOTAL":8.9,"2024":393,"2029":379},"American Indian and Alaska Native alone":{"Demographic":null,"2020":47,"% OF TOTAL":1.1,"2024":47,"2029":46},"Asian alone":{"Demographic":null,"2020":107,"% OF TOTAL":2.4,"2024":106,"2029":103},"Native Hawaiian and OPI alone":{"Demographic":null,"2020":3,"% OF TOTAL":0.1,"2024":3,"2029":3},"Some other race alone":{"Demographic":null,"2020":48,"% OF TOTAL":1.0,"2024":46,"2029":44},"Two or more races alone":{"Demographic":null,"2020":403,"% OF TOTAL":9.5,"2024":420,"2029":408},"Not Hispanic: White alone":{"Demographic":null,"2020":3465,"% OF TOTAL":75.1,"2024":3308,"2029":3209},"Not Hispanic: Black or African American alone":{"Demographic":null,"2020":420,"% OF TOTAL":8.8,"2024":389,"2029":375},"Not Hispanic: American Indian and Alaska Native alone":{"Demographic":null,"2020":39,"% OF TOTAL":0.8,"2024":37,"2029":36},"Not Hispanic: Asian alone":{"Demographic":null,"2020":105,"% OF TOTAL":2.4,"2024":104,"2029":101},"Not Hispanic: Native Hawaiian and OPI alone":{"Demographic":null,"2020":3,"% OF TOTAL":0.1,"2024":3,"2029":3},"Not Hispanic: Some Other Race alone":{"Demographic":null,"2020":21,"% OF TOTAL":0.4,"2024":20,"2029":19},"Not Hispanic: Two or More Races":{"Demographic":null,"2020":319,"% OF TOTAL":7.5,"2024":329,"2029":319},"Hispanic: White alone":{"Demographic":null,"2020":79,"% OF TOTAL":1.9,"2024":83,"2029":81},"Hispanic: Black or African American alone":{"Demographic":null,"2020":4,"% OF TOTAL":0.1,"2024":4,"2029":4},"Hispanic: American Indian and Alaska Native alone":{"Demographic":null,"2020":8,"% OF TOTAL":0.2,"2024":10,"2029":10},"Hispanic: Asian alone":{"Demographic":null,"2020":2,"% OF TOTAL":0.0,"2024":2,"2029":2},"Hispanic: Native Hawaiian and OPI alone":{"Demographic":null,"2020":0,"% OF TOTAL":0.0,"2024":0,"2029":0},"Hispanic: Some Other Race alone":{"Demographic":null,"2020":27,"% OF TOTAL":0.6,"2024":26,"2029":25},"Hispanic: Two or More Races":{"Demographic":null,"2020":84,"% OF TOTAL":2.1,"2024":91,"2029":89},"Educational Attainment: No High School Diploma":{"Demographic":null,"2020":150,"% OF TOTAL":null,"2024":146,"2029":null},"Educational Attainment: High School Diploma":{"Demographic":null,"2020":722,"% OF TOTAL":null,"2024":690,"2029":null},"Educational Attainment: Some College":{"Demographic":null,"2020":1088,"% OF TOTAL":null,"2024":1063,"2029":null},"Educational Attainment: Associates Degree":{"Demographic":null,"2020":228,"% OF TOTAL":null,"2024":223,"2029":null},"Educational Attainment: Bachelors Degree":{"Demographic":null,"2020":573,"% OF TOTAL":null,"2024":554,"2029":null},"Educational Attainment: Advanced Degree":{"Demographic":null,"2020":492,"% OF TOTAL":null,"2024":469,"2029":null},"Employment Status: Armed Forces":{"Demographic":null,"2020":0,"% OF TOTAL":null,"2024":0,"2029":null},"Employment Status: Civilian labor force employed":{"Demographic":null,"2020":2358,"% OF TOTAL":null,"2024":2318,"2029":null},"Employment Status: Civilian labor force unemployed":{"Demographic":null,"2020":0,"% OF TOTAL":null,"2024":0,"2029":null},"Employment Status: Not in labor force":{"Demographic":null,"2020":1385,"% OF TOTAL":null,"2024":1352,"2029":null},"Employed in Agriculture and Mining Industries":{"Demographic":null,"2020":0,"% OF TOTAL":null,"2024":0,"2029":null},"Employed in Construction Industries":{"Demographic":null,"2020":216,"% OF TOTAL":null,"2024":212,"2029":null},"Employed in Manufacturing Industries":{"Demographic":null,"2020":159,"% OF TOTAL":null,"2024":156,"2029":null},"Employed in Wholesale Industries":{"Demographic":null,"2020":72,"% OF TOTAL":null,"2024":69,"2029":null},"Employed in Retail Industries":{"Demographic":null,"2020":108,"% OF TOTAL":null,"2024":103,"2029":null},"Employed in Transportation and Utilities Industries":{"Demographic":null,"2020":162,"% OF TOTAL":null,"2024":158,"2029":null},"Employed in Information Industries":{"Demographic":null,"2020":37,"% OF TOTAL":null,"2024":35,"2029":null},"Employed in Real-Estate Industries":{"Demographic":null,"2020":244,"% OF TOTAL":null,"2024":238,"2029":null},"Employed in Professional Industries":{"Demographic":null,"2020":243,"% OF TOTAL":null,"2024":238,"2029":null},"Employed in Health and Education Industries":{"Demographic":null,"2020":727,"% OF TOTAL":null,"2024":716,"2029":null},"Employed in Art Industries":{"Demographic":null,"2020":118,"% OF TOTAL":null,"2024":117,"2029":null},"Employed in Other Industries":{"Demographic":null,"2020":199,"% OF TOTAL":null,"2024":207,"2029":null},"Employed in Public Administration Industries":{"Demographic":null,"2020":73,"% OF TOTAL":null,"2024":69,"2029":null},"Occupation: Management":{"Demographic":null,"2020":199,"% OF TOTAL":null,"2024":190,"2029":null},"Occupation: Business and financial operations":{"Demographic":null,"2020":352,"% OF TOTAL":null,"2024":353,"2029":null},"Occupation: Computer and mathematical":{"Demographic":null,"2020":55,"% OF TOTAL":null,"2024":52,"2029":null},"Occupation: Architecture and engineering":{"Demographic":null,"2020":27,"% OF TOTAL":null,"2024":26,"2029":null},"Occupation: Life, physical, and social science":{"Demographic":null,"2020":0,"% OF TOTAL":null,"2024":0,"2029":null},"Occupation: Community and social service":{"Demographic":null,"2020":32,"% OF TOTAL":null,"2024":30,"2029":null},"Occupation: Legal":{"Demographic":null,"2020":16,"% OF TOTAL":null,"2024":17,"2029":null},"Occupation: Education, training, and library":{"Demographic":null,"2020":151,"% OF TOTAL":null,"2024":150,"2029":null},"Occupation: Arts, design, entertainment, sports, and media":{"Demographic":null,"2020":80,"% OF TOTAL":null,"2024":76,"2029":null},"Occupation: Health diagnosing and treating practitioners":{"Demographic":null,"2020":145,"% OF TOTAL":null,"2024":145,"2029":null},"Occupation: Health technologists and technicians":{"Demographic":null,"2020":0,"% OF TOTAL":null,"2024":0,"2029":null},"Occupation: Healthcare support":{"Demographic":null,"2020":72,"% OF TOTAL":null,"2024":68,"2029":null},"Occupation: Fire fighting and prevention":{"Demographic":null,"2020":0,"% OF TOTAL":null,"2024":0,"2029":null},"Occupation: Law enforcement workers":{"Demographic":null,"2020":18,"% OF TOTAL":null,"2024":17,"2029":null},"Occupation: Food preparation and serving related":{"Demographic":null,"2020":47,"% OF TOTAL":null,"2024":49,"2029":null},"Occupation: Building and grounds cleaning and maintenance":{"Demographic":null,"2020":10,"% OF TOTAL":null,"2024":10,"2029":null},"Occupation: Personal care and service":{"Demographic":null,"2020":65,"% OF TOTAL":null,"2024":68,"2029":null},"Occupation: Sales and related":{"Demographic":null,"2020":165,"% OF TOTAL":null,"2024":157,"2029":null},"Occupation: Office and administrative support":{"Demographic":null,"2020":271,"% OF TOTAL":null,"2024":260,"2029":null},"Occupation: Farming, fishing, and forestry":{"Demographic":null,"2020":0,"% OF TOTAL":null,"2024":0,"2029":null},"Occupation: Construction and extraction":{"Demographic":null,"2020":180,"% OF TOTAL":null,"2024":178,"2029":null},"Occupation: Installation, maintenance, and repair":{"Demographic":null,"2020":197,"% OF TOTAL":null,"2024":205,"2029":null},"Occupation: Production":{"Demographic":null,"2020":167,"% OF TOTAL":null,"2024":163,"2029":null},"Occupation: Transportation":{"Demographic":null,"2020":24,"% OF TOTAL":null,"2024":23,"2029":null},"Occupation: Material moving":{"Demographic":null,"2020":85,"% OF TOTAL":null,"2024":81,"2029":null},"White collar":{"Demographic":null,"2020":1493,"% OF TOTAL":null,"2024":1456,"2029":null},"Blue collar":{"Demographic":null,"2020":865,"% OF TOTAL":null,"2024":862,"2029":null},"Means of transportation: Car, truck or van":{"Demographic":null,"2020":1970,"% OF TOTAL":null,"2024":1931,"2029":null},"Means of transportation: Public transportation":{"Demographic":null,"2020":0,"% OF TOTAL":null,"2024":0,"2029":null},"Means of transportation: Other":{"Demographic":null,"2020":28,"% OF TOTAL":null,"2024":28,"2029":null},"Travel time: Average (in minutes)":{"Demographic":null,"2020":26,"% OF TOTAL":null,"2024":26,"2029":null},"Travel time to work: Less than 30 minutes":{"Demographic":null,"2020":1087,"% OF TOTAL":null,"2024":1071,"2029":null},"Travel time to work: 30 to 60 minutes":{"Demographic":null,"2020":891,"% OF TOTAL":null,"2024":867,"2029":null},"Travel time to work: 60 or more minutes":{"Demographic":null,"2020":20,"% OF TOTAL":null,"2024":21,"2029":null}},"demographic_snapshot":{"Total Population":{"Demographic":null,"2020":4576,"% OF TOTAL":null,"2024":4406,"2029":4273},"Households":{"Demographic":null,"2020":1730,"% OF TOTAL":null,"2024":1692,"2029":1667},"Population in Group Quarters":{"Demographic":null,"2020":3,"% OF TOTAL":null,"2024":3,"2029":3},"Households Growth":{"Demographic":null,"2020":null,"% OF TOTAL":null,"2024":-2.2,"2029":-1.5},"Household Income: Median":{"Demographic":null,"2020":0,"% OF TOTAL":null,"2024":91786,"2029":109174},"Home Value: Median":{"Demographic":null,"2020":207874,"% OF TOTAL":null,"2024":207824,"2029":null},"Population Growth":{"Demographic":null,"2020":null,"% OF TOTAL":null,"2024":-3.7,"2029":-3.0},"Total Population: Under 19 years":{"Demographic":null,"2020":1075,"% OF TOTAL":21.6,"2024":1029,"2029":924},"Total Population: 20 - 64 years":{"Demographic":null,"2020":2565,"% OF TOTAL":54.5,"2024":2439,"2029":2328},"Total Population: 65 years and over":{"Demographic":null,"2020":936,"% OF TOTAL":23.9,"2024":938,"2029":1021},"Total population: Median age":{"Demographic":null,"2020":43,"% OF TOTAL":null,"2024":43,"2029":44},"Total population: Under 5 years":{"Demographic":null,"2020":199,"% OF TOTAL":4.2,"2024":185,"2029":178},"Total population: 5 - 9 years":{"Demographic":null,"2020":253,"% OF TOTAL":4.8,"2024":242,"2029":206},"Total population: 10 - 14 years":{"Demographic":null,"2020":299,"% OF TOTAL":5.8,"2024":280,"2029":247},"Total population: 15 - 19 years":{"Demographic":null,"2020":324,"% OF TOTAL":6.9,"2024":322,"2029":293},"Total population: 20 - 24 years":{"Demographic":null,"2020":248,"% OF TOTAL":6.0,"2024":232,"2029":258},"Total population: 25 - 29 years":{"Demographic":null,"2020":242,"% OF TOTAL":5.1,"2024":225,"2029":220},"Total population: 30 - 34 years":{"Demographic":null,"2020":239,"% OF TOTAL":5.1,"2024":236,"2029":218},"Total population: 35 - 39 years":{"Demographic":null,"2020":266,"% OF TOTAL":5.9,"2024":268,"2029":252},"Total population: 40 - 44 years":{"Demographic":null,"2020":280,"% OF TOTAL":6.3,"2024":290,"2029":269},"Total population: 45 - 49 years":{"Demographic":null,"2020":240,"% OF TOTAL":5.6,"2024":219,"2029":241},"Total population: 50 - 54 years":{"Demographic":null,"2020":317,"% OF TOTAL":6.4,"2024":309,"2029":273},"Total population: 55 - 59 years":{"Demographic":null,"2020":352,"% OF TOTAL":6.6,"2024":296,"2029":282},"Total population: 60 - 64 years":{"Demographic":null,"2020":381,"% OF TOTAL":7.4,"2024":364,"2029":315},"Total population: 65 - 69 years":{"Demographic":null,"2020":325,"% OF TOTAL":7.5,"2024":329,"2029":320},"Total population: 70 - 74 years":{"Demographic":null,"2020":278,"% OF TOTAL":6.6,"2024":263,"2029":280},"Total population: 75 - 79 years":{"Demographic":null,"2020":157,"% OF TOTAL":4.7,"2024":174,"2029":202},"Total population: 80 - 84 years":{"Demographic":null,"2020":106,"% OF TOTAL":3.2,"2024":109,"2029":135},"Total population: 85 years and over":{"Demographic":null,"2020":70,"% OF TOTAL":2.0,"2024":63,"2029":84},"Householders Age 15-24":{"Demographic":null,"2020":32,"% OF TOTAL":1.8,"2024":30,"2029":30},"Householders Age 25-34":{"Demographic":null,"2020":184,"% OF TOTAL":10.4,"2024":180,"2029":174},"Householders Age 35-44":{"Demographic":null,"2020":266,"% OF TOTAL":14.6,"2024":261,"2029":243},"Householders Age 45-54":{"Demographic":null,"2020":287,"% OF TOTAL":16.3,"2024":280,"2029":272},"Householders Age 55-64":{"Demographic":null,"2020":431,"% OF TOTAL":22.7,"2024":419,"2029":378},"Householders Age 65-74":{"Demographic":null,"2020":315,"% OF TOTAL":18.7,"2024":308,"2029":312},"Householders Age 75+":{"Demographic":null,"2020":215,"% OF TOTAL":15.5,"2024":214,"2029":258},"Household income: Average":{"Demographic":null,"2020":109087,"% OF TOTAL":null,"2024":124861,"2029":141946},"Household income: Less than 25k":{"Demographic":null,"2020":231,"% OF TOTAL":6.6,"2024":181,"2029":110},"Household income: 25k - 50k":{"Demographic":null,"2020":296,"% OF TOTAL":9.9,"2024":224,"2029":165},"Household income: 50k - 75k":{"Demographic":null,"2020":176,"% OF TOTAL":6.2,"2024":134,"2029":103},"Household income: 75k - 100k":{"Demographic":null,"2020":146,"% OF TOTAL":5.6,"2024":117,"2029":93},"Household income: 100k - 125k":{"Demographic":null,"2020":271,"% OF TOTAL":16.8,"2024":279,"2029":280},"Household income: 125k - 150k":{"Demographic":null,"2020":248,"% OF TOTAL":18.0,"2024":257,"2029":300},"Household income: 150k - 200k":{"Demographic":null,"2020":205,"% OF TOTAL":23.0,"2024":313,"2029":383},"Household income: Above 200k":{"Demographic":null,"2020":157,"% OF TOTAL":14.0,"2024":187,"2029":233},"White Alone":{"Demographic":null,"2020":3544,"% OF TOTAL":77.0,"2024":3391,"2029":3290},"Black or African American Alone":{"Demographic":null,"2020":424,"% OF TOTAL":8.9,"2024":393,"2029":379},"American Indian and Alaska Native Alone":{"Demographic":null,"2020":47,"% OF TOTAL":1.1,"2024":47,"2029":46},"Asian Alone":{"Demographic":null,"2020":107,"% OF TOTAL":2.4,"2024":106,"2029":103},"Native Hawaiian and OPI Alone":{"Demographic":null,"2020":3,"% OF TOTAL":0.1,"2024":3,"2029":3},"Some Other Race Alone":{"Demographic":null,"2020":48,"% OF TOTAL":1.0,"2024":46,"2029":44},"Two or More Races Alone":{"Demographic":null,"2020":403,"% OF TOTAL":9.5,"2024":420,"2029":408},"Not Hispanic or Latino":{"Demographic":null,"2020":4372,"% OF TOTAL":95.1,"2024":4190,"2029":4062},"Hispanic or Latino":{"Demographic":null,"2020":204,"% OF TOTAL":4.9,"2024":216,"2029":211},"Total Housing Units":{"Demographic":null,"2020":1822,"% OF TOTAL":null,"2024":null,"2029":null},"Owner Occupied Housing Units":{"Demographic":null,"2020":1404,"% OF TOTAL":null,"2024":1370,"2029":null},"Renter Occupied Housing Units":{"Demographic":null,"2020":326,"% OF TOTAL":null,"2024":322,"2029":null},"Housing Units Value Less Than 100k":{"Demographic":null,"2020":91,"% OF TOTAL":null,"2024":87,"2029":null},"Housing Units Value 100k - 200k":{"Demographic":null,"2020":334,"% OF TOTAL":null,"2024":334,"2029":null},"Housing Units Value 200k - 250k":{"Demographic":null,"2020":362,"% OF TOTAL":null,"2024":354,"2029":null},"Housing Units Value 250k - 300k":{"Demographic":null,"2020":212,"% OF TOTAL":null,"2024":204,"2029":null},"Housing Units Value 300k - 400k":{"Demographic":null,"2020":331,"% OF TOTAL":null,"2024":321,"2029":null},"Housing Units Value 400k - 500k":{"Demographic":null,"2020":60,"% OF TOTAL":null,"2024":57,"2029":null},"Housing Units Value 500k - 750k":{"Demographic":null,"2020":14,"% OF TOTAL":null,"2024":13,"2029":null},"Housing Units Value 750k - 1m":{"Demographic":null,"2020":0,"% OF TOTAL":null,"2024":0,"2029":null},"Housing Units Value 1m - 1.5m":{"Demographic":null,"2020":0,"% OF TOTAL":null,"2024":0,"2029":null},"Housing Units Value 1.5m - 2m":{"Demographic":null,"2020":0,"% OF TOTAL":null,"2024":0,"2029":null},"Housing Units Value >2m":{"Demographic":null,"2020":0,"% OF TOTAL":null,"2024":0,"2029":null},"Take Car or Truck to Work":{"Demographic":null,"2020":1970,"% OF TOTAL":null,"2024":1931,"2029":null},"Take Public Transportation to Work":{"Demographic":null,"2020":0,"% OF TOTAL":null,"2024":0,"2029":null},"Take Other Means of Transportation to Work":{"Demographic":null,"2020":28,"% OF TOTAL":null,"2024":28,"2029":null},"Average Travel Time (min)":{"Demographic":null,"2020":26,"% OF TOTAL":null,"2024":26,"2029":null},"Travel Below 30 Min to Work":{"Demographic":null,"2020":1087,"% OF TOTAL":null,"2024":1071,"2029":null},"Travel 30-60 Min to Work":{"Demographic":null,"2020":891,"% OF TOTAL":null,"2024":867,"2029":null},"Travel Above 60 Min to Work":{"Demographic":null,"2020":72,"% OF TOTAL":null,"2024":21,"2029":null},"Educational Attainment: No High School Diploma":{"Demographic":null,"2020":872,"% OF TOTAL":null,"2024":836,"2029":null},"Educational Attainment: High School Diploma":{"Demographic":null,"2020":722,"% OF TOTAL":null,"2024":690,"2029":null},"Educational Attainment: Some College":{"Demographic":null,"2020":1889,"% OF TOTAL":null,"2024":1840,"2029":null},"Educational Attainment: Associate's Degree":{"Demographic":null,"2020":228,"% OF TOTAL":null,"2024":223,"2029":null},"Educational Attainment: Bachelors Degree":{"Demographic":null,"2020":573,"% OF TOTAL":null,"2024":554,"2029":null},"Educational Attainment: Advanced Degree":{"Demographic":null,"2020":492,"% OF TOTAL":null,"2024":469,"2029":null},"Households: Number of vehicles available - Average":{"Demographic":null,"2020":1,"% OF TOTAL":null,"2024":1,"2029":null},"Households: No Vehicle available":{"Demographic":null,"2020":49,"% OF TOTAL":null,"2024":49,"2029":null},"Households: 1 Vehicle available":{"Demographic":null,"2020":559,"% OF TOTAL":null,"2024":549,"2029":null},"Households: 2 Vehicles available":{"Demographic":null,"2020":783,"% OF TOTAL":null,"2024":770,"2029":null},"Households: 3 Vehicles available":{"Demographic":null,"2020":195,"% OF TOTAL":null,"2024":187,"2029":null},"Households: 4 or more Vehicles available":{"Demographic":null,"2020":144,"% OF TOTAL":null,"2024":137,"2029":null}},"household_trends":{"Households":{"Demographic":null,"2020":1730,"% OF TOTAL":null,"2024":1692,"2029":1667},"Households Growth":{"Demographic":null,"2020":null,"% OF TOTAL":null,"2024":-2.2,"2029":-1.5},"Householder Age 15-24":{"Demographic":null,"2020":32,"% OF TOTAL":1.8,"2024":30,"2029":30},"Householder Age 25-34":{"Demographic":null,"2020":184,"% OF TOTAL":10.4,"2024":180,"2029":174},"Householder Age 35-44":{"Demographic":null,"2020":266,"% OF TOTAL":14.6,"2024":261,"2029":243},"Householder Age 45-54":{"Demographic":null,"2020":287,"% OF TOTAL":16.3,"2024":280,"2029":272},"Householder Age 55-64":{"Demographic":null,"2020":431,"% OF TOTAL":22.7,"2024":419,"2029":378},"Householder Age 65-74":{"Demographic":null,"2020":315,"% OF TOTAL":18.7,"2024":308,"2029":312},"Householder Age 75+":{"Demographic":null,"2020":215,"% OF TOTAL":15.5,"2024":214,"2029":258},"Average Household Size":{"Demographic":null,"2020":2.6,"% OF TOTAL":null,"2024":2.6,"2029":2.5},"1 Person Households":{"Demographic":null,"2020":333,"% OF TOTAL":19.3,"2024":315,"2029":321},"2 Person Households":{"Demographic":null,"2020":681,"% OF TOTAL":39.1,"2024":649,"2029":652},"3 Person Households":{"Demographic":null,"2020":343,"% OF TOTAL":19.5,"2024":324,"2029":325},"4 Person Households":{"Demographic":null,"2020":246,"% OF TOTAL":14.6,"2024":263,"2029":243},"5 Person Households":{"Demographic":null,"2020":84,"% OF TOTAL":5.0,"2024":92,"2029":83},"6 Person Households":{"Demographic":null,"2020":26,"% OF TOTAL":1.5,"2024":29,"2029":25},"7+ Person Households":{"Demographic":null,"2020":17,"% OF TOTAL":1.1,"2024":20,"2029":18},"Household Type: Family":{"Demographic":null,"2020":1324,"% OF TOTAL":null,"2024":1292,"2029":null},"Household Type: Married Family":{"Demographic":null,"2020":980,"% OF TOTAL":null,"2024":957,"2029":null},"Household Type: Married Family With Children":{"Demographic":null,"2020":327,"% OF TOTAL":null,"2024":320,"2029":null},"Household Type: Married Family Without Children":{"Demographic":null,"2020":653,"% OF TOTAL":null,"2024":637,"2029":null},"Household Type: Other Family":{"Demographic":null,"2020":344,"% OF TOTAL":null,"2024":335,"2029":null},"Household Type: Male Households, No Wife":{"Demographic":null,"2020":98,"% OF TOTAL":null,"2024":96,"2029":null},"Household Type: Male Households, No Wife With Children":{"Demographic":null,"2020":41,"% OF TOTAL":null,"2024":40,"2029":null},"Household Type: Male Households, No Wife Without Children":{"Demographic":null,"2020":57,"% OF TOTAL":null,"2024":56,"2029":null},"Household Type: Female Households, No Husband":{"Demographic":null,"2020":246,"% OF TOTAL":null,"2024":239,"2029":null},"Household Type: Female Households, No Husband With Children":{"Demographic":null,"2020":117,"% OF TOTAL":null,"2024":113,"2029":null},"Household Type: Female Households, No Husband Without Children":{"Demographic":null,"2020":129,"% OF TOTAL":null,"2024":126,"2029":null},"Household Income: Average":{"Demographic":null,"2020":109087,"% OF TOTAL":null,"2024":124861,"2029":141946},"Household Income: Median":{"Demographic":null,"2020":0,"% OF TOTAL":null,"2024":91786,"2029":109174},"Household Income: Less than $25k":{"Demographic":null,"2020":231,"% OF TOTAL":6.6,"2024":181,"2029":110},"Household Income: $25k - $50k":{"Demographic":null,"2020":296,"% OF TOTAL":9.9,"2024":224,"2029":165},"Household Income: $50k - $75k":{"Demographic":null,"2020":176,"% OF TOTAL":6.2,"2024":134,"2029":103},"Household Income: $75k - $100k":{"Demographic":null,"2020":146,"% OF TOTAL":5.6,"2024":117,"2029":93},"Household Income: $100k - $125k":{"Demographic":null,"2020":271,"% OF TOTAL":16.8,"2024":279,"2029":280},"Household Income: $125k - $150k":{"Demographic":null,"2020":248,"% OF TOTAL":18.0,"2024":257,"2029":300},"Household Income: $150k - $200k":{"Demographic":null,"2020":205,"% OF TOTAL":23.0,"2024":313,"2029":383},"Household Income: Above $200k":{"Demographic":null,"2020":157,"% OF TOTAL":14.0,"2024":187,"2029":233},"Total Housing Units":{"Demographic":null,"2020":1822,"% OF TOTAL":null,"2024":null,"2029":null},"Owner Occupied Housing Units":{"Demographic":null,"2020":1404,"% OF TOTAL":null,"2024":1370,"2029":null},"Renter Occupied Housing Units":{"Demographic":null,"2020":326,"% OF TOTAL":null,"2024":322,"2029":null},"Vacant Housing Units":{"Demographic":null,"2020":92,"% OF TOTAL":null,"2024":null,"2029":null},"Vacant Housing Units: Seasonal":{"Demographic":null,"2020":16,"% OF TOTAL":null,"2024":null,"2029":null},"Vacant Housing Units: Other Usage":{"Demographic":null,"2020":76,"% OF TOTAL":null,"2024":null,"2029":null},"Average Housing Unit Value":{"Demographic":null,"2020":241079,"% OF TOTAL":null,"2024":241042,"2029":null},"Median Housing Unit Value":{"Demographic":null,"2020":207874,"% OF TOTAL":null,"2024":207824,"2029":null},"Housing Unit Value Less Than $100k":{"Demographic":null,"2020":91,"% OF TOTAL":null,"2024":87,"2029":null},"Housing Unit Value $100k-$200k":{"Demographic":null,"2020":334,"% OF TOTAL":null,"2024":334,"2029":null},"Housing Unit Value $200k-$250k":{"Demographic":null,"2020":362,"% OF TOTAL":null,"2024":354,"2029":null},"Housing Unit Value $250k-$300k":{"Demographic":null,"2020":212,"% OF TOTAL":null,"2024":204,"2029":null},"Housing Unit Value $300k-$400k":{"Demographic":null,"2020":331,"% OF TOTAL":null,"2024":321,"2029":null},"Housing Unit Value $400k-$500k":{"Demographic":null,"2020":60,"% OF TOTAL":null,"2024":57,"2029":null},"Housing Unit Value $500k-$750k":{"Demographic":null,"2020":14,"% OF TOTAL":null,"2024":13,"2029":null},"Housing Unit Value $750k-$1m":{"Demographic":null,"2020":0,"% OF TOTAL":null,"2024":0,"2029":null},"Housing Unit Value $1m-$1.5m":{"Demographic":null,"2020":0,"% OF TOTAL":null,"2024":0,"2029":null},"Housing Unit Value $1.5m-$2m":{"Demographic":null,"2020":0,"% OF TOTAL":null,"2024":0,"2029":null},"Housing Unit Value Above $2m":{"Demographic":null,"2020":0,"% OF TOTAL":null,"2024":0,"2029":null},"Median Housing Unit Year Built":{"Demographic":null,"2020":1981,"% OF TOTAL":null,"2024":1981,"2029":null},"Housing Units Built 2014 Or After":{"Demographic":null,"2020":0,"% OF TOTAL":null,"2024":0,"2029":null},"Housing Units Built 2010-2013":{"Demographic":null,"2020":27,"% OF TOTAL":null,"2024":28,"2029":null},"Housing Units Built 2000-2009":{"Demographic":null,"2020":343,"% OF TOTAL":null,"2024":332,"2029":null},"Housing Units Built 1990-1999":{"Demographic":null,"2020":345,"% OF TOTAL":null,"2024":331,"2029":null},"Housing Units Built 1980-1989":{"Demographic":null,"2020":459,"% OF TOTAL":null,"2024":451,"2029":null},"Housing Units Built 1970-1979":{"Demographic":null,"2020":351,"% OF TOTAL":null,"2024":351,"2029":null},"Housing Units Built 1960-1969":{"Demographic":null,"2020":54,"% OF TOTAL":null,"2024":54,"2029":null},"Housing Units Built 1950-1959":{"Demographic":null,"2020":128,"% OF TOTAL":null,"2024":122,"2029":null},"Housing Units Built 1940-1949":{"Demographic":null,"2020":0,"% OF TOTAL":null,"2024":0,"2029":null},"Housing Units Built Before 1940":{"Demographic":null,"2020":23,"% OF TOTAL":null,"2024":23,"2029":null}}},"geometry":{"type":"Polygon","coordinates":[[[-87.30553913838654,30.560376149187356],[-87.30553913838654,30.589289582368412],[-87.27194858438408,30.589289582368412],[-87.27194858438408,30.560376149187356],[-87.30553913838654,30.560376149187356]]]}},{"type":"Feature","properties":{"block":"032","block_num":32,"submarket":"Cantonment","CentroidLon":-87.25515330738284,"CentroidLat":30.574832865777882,"data_status":"usable","is_anomalous":false,"anomaly_reason":null,"files_present":"ConsumerSegmentation-26.08.10.csv;DemographicSnapshot-26.08.10.csv;HouseholdIncomeByAge-26.08.10.csv;HouseholdTrends-26.08.10.csv;PopulationTrends-26.08.10.csv","population_2024":1602,"population_2029":1676,"households_2024":559,"households_2029":593,"median_household_income_2024":92841,"median_household_income_2029":108460,"mean_household_income_2024":null,"mean_household_income_2029":null,"median_age_2024":41,"median_age_2029":42,"median_home_value_2024":236944,"average_household_size_2024":2.9,"average_household_size_2029":2.8,"population_growth_2024_2029":0.9,"households_growth_2024_2029":2.2,"consumer_segments":{"Elite":{"households":118,"pct":28.6},"Family Life Young Children":{"households":66,"pct":16.0},"Family Life School Age Children":{"households":56,"pct":13.6},"Active Adult Feature and Location":{"households":55,"pct":13.3},"Active Adult Elite":{"households":28,"pct":6.8},"Entry Level Suburban":{"households":28,"pct":6.8},"Entry Level Urban":{"households":25,"pct":6.1},"Renters":{"households":11,"pct":2.7},"Renters Near Term Buyers":{"households":10,"pct":2.4},"Active Adult Entry Level":{"households":10,"pct":2.4},"Simple Life Moderate Income With Children":{"households":3,"pct":0.7},"Simple Life Affluent No Children":{"households":2,"pct":0.5},"Feature and Location":{"households":0,"pct":0.0},"Simple Life Moderate Income No Children":{"households":0,"pct":0.0}},"income_age":{"2020":{},"2024":{},"2029":{}},"population_trends":{"Total Population":{"Demographic":null,"2020":1587,"% OF TOTAL":null,"2024":1602,"2029":1676},"Population Growth":{"Demographic":null,"2020":null,"% OF TOTAL":null,"2024":0.9,"2029":4.6},"Female Population":{"Demographic":null,"2020":807,"% OF TOTAL":51.0,"2024":816,"2029":854},"Male Population":{"Demographic":null,"2020":780,"% OF TOTAL":49.0,"2024":786,"2029":822},"Total population: Median Age":{"Demographic":null,"2020":41,"% OF TOTAL":null,"2024":41,"2029":42},"Total population: Under 5 years":{"Demographic":null,"2020":79,"% OF TOTAL":4.7,"2024":77,"2029":78},"Total population: 5 - 9 years":{"Demographic":null,"2020":97,"% OF TOTAL":5.4,"2024":97,"2029":91},"Total population: 10 - 14 years":{"Demographic":null,"2020":116,"% OF TOTAL":6.4,"2024":111,"2029":107},"Total population: 15 - 19 years":{"Demographic":null,"2020":135,"% OF TOTAL":8.0,"2024":141,"2029":134},"Total population: 20 - 24 years":{"Demographic":null,"2020":74,"% OF TOTAL":6.0,"2024":74,"2029":100},"Total population: 25 - 29 years":{"Demographic":null,"2020":68,"% OF TOTAL":4.3,"2024":66,"2029":72},"Total population: 30 - 34 years":{"Demographic":null,"2020":96,"% OF TOTAL":5.4,"2024":100,"2029":91},"Total population: 35 - 39 years":{"Demographic":null,"2020":97,"% OF TOTAL":6.3,"2024":102,"2029":106},"Total population: 40 - 44 years":{"Demographic":null,"2020":101,"% OF TOTAL":6.6,"2024":109,"2029":110},"Total population: 45 - 49 years":{"Demographic":null,"2020":119,"% OF TOTAL":7.3,"2024":114,"2029":122},"Total population: 50 - 54 years":{"Demographic":null,"2020":111,"% OF TOTAL":7.3,"2024":118,"2029":122},"Total population: 55 - 59 years":{"Demographic":null,"2020":156,"% OF TOTAL":7.9,"2024":139,"2029":133},"Total population: 60 - 64 years":{"Demographic":null,"2020":98,"% OF TOTAL":6.6,"2024":99,"2029":110},"Total population: 65 - 69 years":{"Demographic":null,"2020":77,"% OF TOTAL":5.3,"2024":81,"2029":89},"Total population: 70 - 74 years":{"Demographic":null,"2020":66,"% OF TOTAL":4.5,"2024":65,"2029":75},"Total population: 75 - 79 years":{"Demographic":null,"2020":48,"% OF TOTAL":3.9,"2024":57,"2029":65},"Total population: 80 - 84 years":{"Demographic":null,"2020":25,"% OF TOTAL":2.4,"2024":28,"2029":41},"Total population: 85 years and over":{"Demographic":null,"2020":24,"% OF TOTAL":1.8,"2024":24,"2029":30},"Female population: Median Age":{"Demographic":null,"2020":43,"% OF TOTAL":null,"2024":43,"2029":44},"Female population: Under 5 years":{"Demographic":null,"2020":43,"% OF TOTAL":4.9,"2024":42,"2029":42},"Female population: 5 - 9 years":{"Demographic":null,"2020":52,"% OF TOTAL":5.6,"2024":51,"2029":48},"Female population: 10 - 14 years":{"Demographic":null,"2020":55,"% OF TOTAL":6.0,"2024":52,"2029":51},"Female population: 15 - 19 years":{"Demographic":null,"2020":62,"% OF TOTAL":7.1,"2024":65,"2029":61},"Female population: 20 - 24 years":{"Demographic":null,"2020":32,"% OF TOTAL":5.2,"2024":32,"2029":44},"Female population: 25 - 29 years":{"Demographic":null,"2020":31,"% OF TOTAL":3.9,"2024":30,"2029":33},"Female population: 30 - 34 years":{"Demographic":null,"2020":50,"% OF TOTAL":5.3,"2024":51,"2029":45},"Female population: 35 - 39 years":{"Demographic":null,"2020":44,"% OF TOTAL":5.9,"2024":47,"2029":50},"Female population: 40 - 44 years":{"Demographic":null,"2020":54,"% OF TOTAL":6.7,"2024":58,"2029":57},"Female population: 45 - 49 years":{"Demographic":null,"2020":54,"% OF TOTAL":6.9,"2024":52,"2029":59},"Female population: 50 - 54 years":{"Demographic":null,"2020":68,"% OF TOTAL":8.1,"2024":72,"2029":69},"Female population: 55 - 59 years":{"Demographic":null,"2020":92,"% OF TOTAL":9.5,"2024":84,"2029":81},"Female population: 60 - 64 years":{"Demographic":null,"2020":46,"% OF TOTAL":6.7,"2024":47,"2029":57},"Female population: 65 - 69 years":{"Demographic":null,"2020":41,"% OF TOTAL":5.4,"2024":43,"2029":46},"Female population: 70 - 74 years":{"Demographic":null,"2020":31,"% OF TOTAL":4.3,"2024":31,"2029":37},"Female population: 75 - 79 years":{"Demographic":null,"2020":26,"% OF TOTAL":4.1,"2024":31,"2029":35},"Female population: 80 - 84 years":{"Demographic":null,"2020":14,"% OF TOTAL":2.7,"2024":16,"2029":23},"Female population: 85 years and over":{"Demographic":null,"2020":12,"% OF TOTAL":1.9,"2024":12,"2029":16},"Male population: Median Age":{"Demographic":null,"2020":39,"% OF TOTAL":null,"2024":39,"2029":40},"Male population: Under 5 years":{"Demographic":null,"2020":36,"% OF TOTAL":4.4,"2024":35,"2029":36},"Male population: 5 - 9 years":{"Demographic":null,"2020":45,"% OF TOTAL":5.2,"2024":46,"2029":43},"Male population: 10 - 14 years":{"Demographic":null,"2020":61,"% OF TOTAL":6.8,"2024":59,"2029":56},"Male population: 15 - 19 years":{"Demographic":null,"2020":73,"% OF TOTAL":8.9,"2024":76,"2029":73},"Male population: 20 - 24 years":{"Demographic":null,"2020":42,"% OF TOTAL":6.8,"2024":42,"2029":56},"Male population: 25 - 29 years":{"Demographic":null,"2020":37,"% OF TOTAL":4.7,"2024":36,"2029":39},"Male population: 30 - 34 years":{"Demographic":null,"2020":46,"% OF TOTAL":5.6,"2024":49,"2029":46},"Male population: 35 - 39 years":{"Demographic":null,"2020":53,"% OF TOTAL":6.8,"2024":55,"2029":56},"Male population: 40 - 44 years":{"Demographic":null,"2020":47,"% OF TOTAL":6.4,"2024":51,"2029":53},"Male population: 45 - 49 years":{"Demographic":null,"2020":65,"% OF TOTAL":7.7,"2024":62,"2029":63},"Male population: 50 - 54 years":{"Demographic":null,"2020":43,"% OF TOTAL":6.4,"2024":46,"2029":53},"Male population: 55 - 59 years":{"Demographic":null,"2020":64,"% OF TOTAL":6.3,"2024":55,"2029":52},"Male population: 60 - 64 years":{"Demographic":null,"2020":52,"% OF TOTAL":6.4,"2024":52,"2029":53},"Male population: 65 - 69 years":{"Demographic":null,"2020":36,"% OF TOTAL":5.2,"2024":38,"2029":43},"Male population: 70 - 74 years":{"Demographic":null,"2020":35,"% OF TOTAL":4.6,"2024":34,"2029":38},"Male population: 75 - 79 years":{"Demographic":null,"2020":22,"% OF TOTAL":3.6,"2024":26,"2029":30},"Male population: 80 - 84 years":{"Demographic":null,"2020":11,"% OF TOTAL":2.2,"2024":12,"2029":18},"Male population: 85 years and over":{"Demographic":null,"2020":12,"% OF TOTAL":1.7,"2024":12,"2029":14},"White alone":{"Demographic":null,"2020":1195,"% OF TOTAL":74.6,"2024":1196,"2029":1251},"Black alone":{"Demographic":null,"2020":168,"% OF TOTAL":10.2,"2024":164,"2029":171},"American Indian and Alaska Native alone":{"Demographic":null,"2020":4,"% OF TOTAL":0.2,"2024":4,"2029":4},"Asian alone":{"Demographic":null,"2020":55,"% OF TOTAL":3.6,"2024":58,"2029":61},"Native Hawaiian and OPI alone":{"Demographic":null,"2020":0,"% OF TOTAL":0.0,"2024":0,"2029":0},"Some other race alone":{"Demographic":null,"2020":17,"% OF TOTAL":1.1,"2024":17,"2029":18},"Two or more races alone":{"Demographic":null,"2020":148,"% OF TOTAL":10.2,"2024":163,"2029":171},"Not Hispanic: White alone":{"Demographic":null,"2020":1176,"% OF TOTAL":73.4,"2024":1176,"2029":1230},"Not Hispanic: Black or African American alone":{"Demographic":null,"2020":168,"% OF TOTAL":10.2,"2024":164,"2029":171},"Not Hispanic: American Indian and Alaska Native alone":{"Demographic":null,"2020":4,"% OF TOTAL":0.2,"2024":4,"2029":4},"Not Hispanic: Asian alone":{"Demographic":null,"2020":54,"% OF TOTAL":3.6,"2024":57,"2029":60},"Not Hispanic: Native Hawaiian and OPI alone":{"Demographic":null,"2020":0,"% OF TOTAL":0.0,"2024":0,"2029":0},"Not Hispanic: Some Other Race alone":{"Demographic":null,"2020":7,"% OF TOTAL":0.4,"2024":7,"2029":7},"Not Hispanic: Two or More Races":{"Demographic":null,"2020":104,"% OF TOTAL":7.1,"2024":113,"2029":119},"Hispanic: White alone":{"Demographic":null,"2020":19,"% OF TOTAL":1.3,"2024":20,"2029":21},"Hispanic: Black or African American alone":{"Demographic":null,"2020":0,"% OF TOTAL":0.0,"2024":0,"2029":0},"Hispanic: American Indian and Alaska Native alone":{"Demographic":null,"2020":0,"% OF TOTAL":0.0,"2024":0,"2029":0},"Hispanic: Asian alone":{"Demographic":null,"2020":1,"% OF TOTAL":0.1,"2024":1,"2029":1},"Hispanic: Native Hawaiian and OPI alone":{"Demographic":null,"2020":0,"% OF TOTAL":0.0,"2024":0,"2029":0},"Hispanic: Some Other Race alone":{"Demographic":null,"2020":10,"% OF TOTAL":0.7,"2024":10,"2029":11},"Hispanic: Two or More Races":{"Demographic":null,"2020":44,"% OF TOTAL":3.1,"2024":50,"2029":52},"Educational Attainment: No High School Diploma":{"Demographic":null,"2020":150,"% OF TOTAL":null,"2024":152,"2029":null},"Educational Attainment: High School Diploma":{"Demographic":null,"2020":219,"% OF TOTAL":null,"2024":222,"2029":null},"Educational Attainment: Some College":{"Demographic":null,"2020":295,"% OF TOTAL":null,"2024":299,"2029":null},"Educational Attainment: Associates Degree":{"Demographic":null,"2020":171,"% OF TOTAL":null,"2024":174,"2029":null},"Educational Attainment: Bachelors Degree":{"Demographic":null,"2020":178,"% OF TOTAL":null,"2024":181,"2029":null},"Educational Attainment: Advanced Degree":{"Demographic":null,"2020":73,"% OF TOTAL":null,"2024":74,"2029":null},"Employment Status: Armed Forces":{"Demographic":null,"2020":0,"% OF TOTAL":null,"2024":0,"2029":null},"Employment Status: Civilian labor force employed":{"Demographic":null,"2020":740,"% OF TOTAL":null,"2024":763,"2029":null},"Employment Status: Civilian labor force unemployed":{"Demographic":null,"2020":75,"% OF TOTAL":null,"2024":77,"2029":null},"Employment Status: Not in labor force":{"Demographic":null,"2020":451,"% OF TOTAL":null,"2024":466,"2029":null},"Employed in Agriculture and Mining Industries":{"Demographic":null,"2020":0,"% OF TOTAL":null,"2024":0,"2029":null},"Employed in Construction Industries":{"Demographic":null,"2020":60,"% OF TOTAL":null,"2024":62,"2029":null},"Employed in Manufacturing Industries":{"Demographic":null,"2020":34,"% OF TOTAL":null,"2024":35,"2029":null},"Employed in Wholesale Industries":{"Demographic":null,"2020":0,"% OF TOTAL":null,"2024":0,"2029":null},"Employed in Retail Industries":{"Demographic":null,"2020":110,"% OF TOTAL":null,"2024":113,"2029":null},"Employed in Transportation and Utilities Industries":{"Demographic":null,"2020":0,"% OF TOTAL":null,"2024":0,"2029":null},"Employed in Information Industries":{"Demographic":null,"2020":79,"% OF TOTAL":null,"2024":81,"2029":null},"Employed in Real-Estate Industries":{"Demographic":null,"2020":149,"% OF TOTAL":null,"2024":154,"2029":null},"Employed in Professional Industries":{"Demographic":null,"2020":115,"% OF TOTAL":null,"2024":119,"2029":null},"Employed in Health and Education Industries":{"Demographic":null,"2020":164,"% OF TOTAL":null,"2024":169,"2029":null},"Employed in Art Industries":{"Demographic":null,"2020":13,"% OF TOTAL":null,"2024":13,"2029":null},"Employed in Other Industries":{"Demographic":null,"2020":0,"% OF TOTAL":null,"2024":0,"2029":null},"Employed in Public Administration Industries":{"Demographic":null,"2020":16,"% OF TOTAL":null,"2024":17,"2029":null},"Occupation: Management":{"Demographic":null,"2020":185,"% OF TOTAL":null,"2024":191,"2029":null},"Occupation: Business and financial operations":{"Demographic":null,"2020":0,"% OF TOTAL":null,"2024":0,"2029":null},"Occupation: Computer and mathematical":{"Demographic":null,"2020":0,"% OF TOTAL":null,"2024":0,"2029":null},"Occupation: Architecture and engineering":{"Demographic":null,"2020":0,"% OF TOTAL":null,"2024":0,"2029":null},"Occupation: Life, physical, and social science":{"Demographic":null,"2020":32,"% OF TOTAL":null,"2024":33,"2029":null},"Occupation: Community and social service":{"Demographic":null,"2020":0,"% OF TOTAL":null,"2024":0,"2029":null},"Occupation: Legal":{"Demographic":null,"2020":0,"% OF TOTAL":null,"2024":0,"2029":null},"Occupation: Education, training, and library":{"Demographic":null,"2020":0,"% OF TOTAL":null,"2024":0,"2029":null},"Occupation: Arts, design, entertainment, sports, and media":{"Demographic":null,"2020":18,"% OF TOTAL":null,"2024":19,"2029":null},"Occupation: Health diagnosing and treating practitioners":{"Demographic":null,"2020":45,"% OF TOTAL":null,"2024":46,"2029":null},"Occupation: Health technologists and technicians":{"Demographic":null,"2020":32,"% OF TOTAL":null,"2024":33,"2029":null},"Occupation: Healthcare support":{"Demographic":null,"2020":33,"% OF TOTAL":null,"2024":34,"2029":null},"Occupation: Fire fighting and prevention":{"Demographic":null,"2020":0,"% OF TOTAL":null,"2024":0,"2029":null},"Occupation: Law enforcement workers":{"Demographic":null,"2020":16,"% OF TOTAL":null,"2024":16,"2029":null},"Occupation: Food preparation and serving related":{"Demographic":null,"2020":0,"% OF TOTAL":null,"2024":0,"2029":null},"Occupation: Building and grounds cleaning and maintenance":{"Demographic":null,"2020":13,"% OF TOTAL":null,"2024":13,"2029":null},"Occupation: Personal care and service":{"Demographic":null,"2020":0,"% OF TOTAL":null,"2024":0,"2029":null},"Occupation: Sales and related":{"Demographic":null,"2020":179,"% OF TOTAL":null,"2024":185,"2029":null},"Occupation: Office and administrative support":{"Demographic":null,"2020":128,"% OF TOTAL":null,"2024":132,"2029":null},"Occupation: Farming, fishing, and forestry":{"Demographic":null,"2020":0,"% OF TOTAL":null,"2024":0,"2029":null},"Occupation: Construction and extraction":{"Demographic":null,"2020":59,"% OF TOTAL":null,"2024":61,"2029":null},"Occupation: Installation, maintenance, and repair":{"Demographic":null,"2020":0,"% OF TOTAL":null,"2024":0,"2029":null},"Occupation: Production":{"Demographic":null,"2020":0,"% OF TOTAL":null,"2024":0,"2029":null},"Occupation: Transportation":{"Demographic":null,"2020":0,"% OF TOTAL":null,"2024":0,"2029":null},"Occupation: Material moving":{"Demographic":null,"2020":0,"% OF TOTAL":null,"2024":0,"2029":null},"White collar":{"Demographic":null,"2020":619,"% OF TOTAL":null,"2024":639,"2029":null},"Blue collar":{"Demographic":null,"2020":121,"% OF TOTAL":null,"2024":124,"2029":null},"Means of transportation: Car, truck or van":{"Demographic":null,"2020":696,"% OF TOTAL":null,"2024":718,"2029":null},"Means of transportation: Public transportation":{"Demographic":null,"2020":0,"% OF TOTAL":null,"2024":0,"2029":null},"Means of transportation: Other":{"Demographic":null,"2020":0,"% OF TOTAL":null,"2024":0,"2029":null},"Travel time: Average (in minutes)":{"Demographic":null,"2020":35,"% OF TOTAL":null,"2024":35,"2029":null},"Travel time to work: Less than 30 minutes":{"Demographic":null,"2020":395,"% OF TOTAL":null,"2024":406,"2029":null},"Travel time to work: 30 to 60 minutes":{"Demographic":null,"2020":215,"% OF TOTAL":null,"2024":223,"2029":null},"Travel time to work: 60 or more minutes":{"Demographic":null,"2020":86,"% OF TOTAL":null,"2024":89,"2029":null}},"demographic_snapshot":{"Total Population":{"Demographic":null,"2020":1587,"% OF TOTAL":null,"2024":1602,"2029":1676},"Households":{"Demographic":null,"2020":547,"% OF TOTAL":null,"2024":559,"2029":593},"Population in Group Quarters":{"Demographic":null,"2020":0,"% OF TOTAL":null,"2024":0,"2029":0},"Households Growth":{"Demographic":null,"2020":null,"% OF TOTAL":null,"2024":2.2,"2029":6.1},"Household Income: Median":{"Demographic":null,"2020":0,"% OF TOTAL":null,"2024":92841,"2029":108460},"Home Value: Median":{"Demographic":null,"2020":236790,"% OF TOTAL":null,"2024":236944,"2029":null},"Population Growth":{"Demographic":null,"2020":null,"% OF TOTAL":null,"2024":0.9,"2029":4.6},"Total Population: Under 19 years":{"Demographic":null,"2020":427,"% OF TOTAL":24.5,"2024":426,"2029":410},"Total Population: 20 - 64 years":{"Demographic":null,"2020":920,"% OF TOTAL":57.6,"2024":921,"2029":966},"Total Population: 65 years and over":{"Demographic":null,"2020":240,"% OF TOTAL":17.9,"2024":255,"2029":300},"Total population: Median age":{"Demographic":null,"2020":41,"% OF TOTAL":null,"2024":41,"2029":42},"Total population: Under 5 years":{"Demographic":null,"2020":79,"% OF TOTAL":4.7,"2024":77,"2029":78},"Total population: 5 - 9 years":{"Demographic":null,"2020":97,"% OF TOTAL":5.4,"2024":97,"2029":91},"Total population: 10 - 14 years":{"Demographic":null,"2020":116,"% OF TOTAL":6.4,"2024":111,"2029":107},"Total population: 15 - 19 years":{"Demographic":null,"2020":135,"% OF TOTAL":8.0,"2024":141,"2029":134},"Total population: 20 - 24 years":{"Demographic":null,"2020":74,"% OF TOTAL":6.0,"2024":74,"2029":100},"Total population: 25 - 29 years":{"Demographic":null,"2020":68,"% OF TOTAL":4.3,"2024":66,"2029":72},"Total population: 30 - 34 years":{"Demographic":null,"2020":96,"% OF TOTAL":5.4,"2024":100,"2029":91},"Total population: 35 - 39 years":{"Demographic":null,"2020":97,"% OF TOTAL":6.3,"2024":102,"2029":106},"Total population: 40 - 44 years":{"Demographic":null,"2020":101,"% OF TOTAL":6.6,"2024":109,"2029":110},"Total population: 45 - 49 years":{"Demographic":null,"2020":119,"% OF TOTAL":7.3,"2024":114,"2029":122},"Total population: 50 - 54 years":{"Demographic":null,"2020":111,"% OF TOTAL":7.3,"2024":118,"2029":122},"Total population: 55 - 59 years":{"Demographic":null,"2020":156,"% OF TOTAL":7.9,"2024":139,"2029":133},"Total population: 60 - 64 years":{"Demographic":null,"2020":98,"% OF TOTAL":6.6,"2024":99,"2029":110},"Total population: 65 - 69 years":{"Demographic":null,"2020":77,"% OF TOTAL":5.3,"2024":81,"2029":89},"Total population: 70 - 74 years":{"Demographic":null,"2020":66,"% OF TOTAL":4.5,"2024":65,"2029":75},"Total population: 75 - 79 years":{"Demographic":null,"2020":48,"% OF TOTAL":3.9,"2024":57,"2029":65},"Total population: 80 - 84 years":{"Demographic":null,"2020":25,"% OF TOTAL":2.4,"2024":28,"2029":41},"Total population: 85 years and over":{"Demographic":null,"2020":24,"% OF TOTAL":1.8,"2024":24,"2029":30},"Householders Age 15-24":{"Demographic":null,"2020":6,"% OF TOTAL":1.2,"2024":6,"2029":7},"Householders Age 25-34":{"Demographic":null,"2020":56,"% OF TOTAL":9.4,"2024":57,"2029":56},"Householders Age 35-44":{"Demographic":null,"2020":84,"% OF TOTAL":14.7,"2024":86,"2029":87},"Householders Age 45-54":{"Demographic":null,"2020":113,"% OF TOTAL":20.4,"2024":116,"2029":121},"Householders Age 55-64":{"Demographic":null,"2020":132,"% OF TOTAL":23.1,"2024":135,"2029":137},"Householders Age 65-74":{"Demographic":null,"2020":84,"% OF TOTAL":16.2,"2024":86,"2029":96},"Householders Age 75+":{"Demographic":null,"2020":72,"% OF TOTAL":15.0,"2024":73,"2029":89},"Household income: Average":{"Demographic":null,"2020":83455,"% OF TOTAL":null,"2024":101355,"2029":112989},"Household income: Less than 25k":{"Demographic":null,"2020":81,"% OF TOTAL":11.3,"2024":69,"2029":67},"Household income: 25k - 50k":{"Demographic":null,"2020":63,"% OF TOTAL":3.7,"2024":29,"2029":22},"Household income: 50k - 75k":{"Demographic":null,"2020":133,"% OF TOTAL":16.5,"2024":103,"2029":98},"Household income: 75k - 100k":{"Demographic":null,"2020":112,"% OF TOTAL":12.8,"2024":110,"2029":76},"Household income: 100k - 125k":{"Demographic":null,"2020":54,"% OF TOTAL":16.7,"2024":74,"2029":99},"Household income: 125k - 150k":{"Demographic":null,"2020":30,"% OF TOTAL":4.4,"2024":28,"2029":26},"Household income: 150k - 200k":{"Demographic":null,"2020":71,"% OF TOTAL":32.9,"2024":143,"2029":195},"Household income: Above 200k":{"Demographic":null,"2020":3,"% OF TOTAL":1.7,"2024":3,"2029":10},"White Alone":{"Demographic":null,"2020":1195,"% OF TOTAL":74.6,"2024":1196,"2029":1251},"Black or African American Alone":{"Demographic":null,"2020":168,"% OF TOTAL":10.2,"2024":164,"2029":171},"American Indian and Alaska Native Alone":{"Demographic":null,"2020":4,"% OF TOTAL":0.2,"2024":4,"2029":4},"Asian Alone":{"Demographic":null,"2020":55,"% OF TOTAL":3.6,"2024":58,"2029":61},"Native Hawaiian and OPI Alone":{"Demographic":null,"2020":0,"% OF TOTAL":0.0,"2024":0,"2029":0},"Some Other Race Alone":{"Demographic":null,"2020":17,"% OF TOTAL":1.1,"2024":17,"2029":18},"Two or More Races Alone":{"Demographic":null,"2020":148,"% OF TOTAL":10.2,"2024":163,"2029":171},"Not Hispanic or Latino":{"Demographic":null,"2020":1513,"% OF TOTAL":94.9,"2024":1521,"2029":1591},"Hispanic or Latino":{"Demographic":null,"2020":74,"% OF TOTAL":5.1,"2024":81,"2029":85},"Total Housing Units":{"Demographic":null,"2020":574,"% OF TOTAL":null,"2024":null,"2029":null},"Owner Occupied Housing Units":{"Demographic":null,"2020":509,"% OF TOTAL":null,"2024":520,"2029":null},"Renter Occupied Housing Units":{"Demographic":null,"2020":38,"% OF TOTAL":null,"2024":39,"2029":null},"Housing Units Value Less Than 100k":{"Demographic":null,"2020":18,"% OF TOTAL":null,"2024":18,"2029":null},"Housing Units Value 100k - 200k":{"Demographic":null,"2020":107,"% OF TOTAL":null,"2024":109,"2029":null},"Housing Units Value 200k - 250k":{"Demographic":null,"2020":176,"% OF TOTAL":null,"2024":180,"2029":null},"Housing Units Value 250k - 300k":{"Demographic":null,"2020":77,"% OF TOTAL":null,"2024":79,"2029":null},"Housing Units Value 300k - 400k":{"Demographic":null,"2020":117,"% OF TOTAL":null,"2024":120,"2029":null},"Housing Units Value 400k - 500k":{"Demographic":null,"2020":6,"% OF TOTAL":null,"2024":6,"2029":null},"Housing Units Value 500k - 750k":{"Demographic":null,"2020":8,"% OF TOTAL":null,"2024":8,"2029":null},"Housing Units Value 750k - 1m":{"Demographic":null,"2020":0,"% OF TOTAL":null,"2024":0,"2029":null},"Housing Units Value 1m - 1.5m":{"Demographic":null,"2020":0,"% OF TOTAL":null,"2024":0,"2029":null},"Housing Units Value 1.5m - 2m":{"Demographic":null,"2020":0,"% OF TOTAL":null,"2024":0,"2029":null},"Housing Units Value >2m":{"Demographic":null,"2020":0,"% OF TOTAL":null,"2024":0,"2029":null},"Take Car or Truck to Work":{"Demographic":null,"2020":696,"% OF TOTAL":null,"2024":718,"2029":null},"Take Public Transportation to Work":{"Demographic":null,"2020":0,"% OF TOTAL":null,"2024":0,"2029":null},"Take Other Means of Transportation to Work":{"Demographic":null,"2020":0,"% OF TOTAL":null,"2024":0,"2029":null},"Average Travel Time (min)":{"Demographic":null,"2020":36,"% OF TOTAL":null,"2024":36,"2029":null},"Travel Below 30 Min to Work":{"Demographic":null,"2020":395,"% OF TOTAL":null,"2024":406,"2029":null},"Travel 30-60 Min to Work":{"Demographic":null,"2020":215,"% OF TOTAL":null,"2024":223,"2029":null},"Travel Above 60 Min to Work":{"Demographic":null,"2020":121,"% OF TOTAL":null,"2024":89,"2029":null},"Educational Attainment: No High School Diploma":{"Demographic":null,"2020":369,"% OF TOTAL":null,"2024":374,"2029":null},"Educational Attainment: High School Diploma":{"Demographic":null,"2020":219,"% OF TOTAL":null,"2024":222,"2029":null},"Educational Attainment: Some College":{"Demographic":null,"2020":644,"% OF TOTAL":null,"2024":654,"2029":null},"Educational Attainment: Associate's Degree":{"Demographic":null,"2020":171,"% OF TOTAL":null,"2024":174,"2029":null},"Educational Attainment: Bachelors Degree":{"Demographic":null,"2020":178,"% OF TOTAL":null,"2024":181,"2029":null},"Educational Attainment: Advanced Degree":{"Demographic":null,"2020":73,"% OF TOTAL":null,"2024":74,"2029":null},"Households: Number of vehicles available - Average":{"Demographic":null,"2020":1,"% OF TOTAL":null,"2024":1,"2029":null},"Households: No Vehicle available":{"Demographic":null,"2020":63,"% OF TOTAL":null,"2024":64,"2029":null},"Households: 1 Vehicle available":{"Demographic":null,"2020":89,"% OF TOTAL":null,"2024":91,"2029":null},"Households: 2 Vehicles available":{"Demographic":null,"2020":249,"% OF TOTAL":null,"2024":255,"2029":null},"Households: 3 Vehicles available":{"Demographic":null,"2020":146,"% OF TOTAL":null,"2024":149,"2029":null},"Households: 4 or more Vehicles available":{"Demographic":null,"2020":0,"% OF TOTAL":null,"2024":0,"2029":null}},"household_trends":{"Households":{"Demographic":null,"2020":547,"% OF TOTAL":null,"2024":559,"2029":593},"Households Growth":{"Demographic":null,"2020":null,"% OF TOTAL":null,"2024":2.2,"2029":6.1},"Householder Age 15-24":{"Demographic":null,"2020":6,"% OF TOTAL":1.2,"2024":6,"2029":7},"Householder Age 25-34":{"Demographic":null,"2020":56,"% OF TOTAL":9.4,"2024":57,"2029":56},"Householder Age 35-44":{"Demographic":null,"2020":84,"% OF TOTAL":14.7,"2024":86,"2029":87},"Householder Age 45-54":{"Demographic":null,"2020":113,"% OF TOTAL":20.4,"2024":116,"2029":121},"Householder Age 55-64":{"Demographic":null,"2020":132,"% OF TOTAL":23.1,"2024":135,"2029":137},"Householder Age 65-74":{"Demographic":null,"2020":84,"% OF TOTAL":16.2,"2024":86,"2029":96},"Householder Age 75+":{"Demographic":null,"2020":72,"% OF TOTAL":15.0,"2024":73,"2029":89},"Average Household Size":{"Demographic":null,"2020":2.9,"% OF TOTAL":null,"2024":2.9,"2029":2.8},"1 Person Households":{"Demographic":null,"2020":93,"% OF TOTAL":15.3,"2024":84,"2029":91},"2 Person Households":{"Demographic":null,"2020":203,"% OF TOTAL":34.6,"2024":190,"2029":205},"3 Person Households":{"Demographic":null,"2020":100,"% OF TOTAL":17.2,"2024":95,"2029":102},"4 Person Households":{"Demographic":null,"2020":100,"% OF TOTAL":21.2,"2024":122,"2029":126},"5 Person Households":{"Demographic":null,"2020":43,"% OF TOTAL":9.3,"2024":54,"2029":55},"6 Person Households":{"Demographic":null,"2020":3,"% OF TOTAL":1.2,"2024":7,"2029":7},"7+ Person Households":{"Demographic":null,"2020":5,"% OF TOTAL":1.2,"2024":7,"2029":7},"Household Type: Family":{"Demographic":null,"2020":436,"% OF TOTAL":null,"2024":446,"2029":null},"Household Type: Married Family":{"Demographic":null,"2020":348,"% OF TOTAL":null,"2024":357,"2029":null},"Household Type: Married Family With Children":{"Demographic":null,"2020":109,"% OF TOTAL":null,"2024":113,"2029":null},"Household Type: Married Family Without Children":{"Demographic":null,"2020":239,"% OF TOTAL":null,"2024":244,"2029":null},"Household Type: Other Family":{"Demographic":null,"2020":88,"% OF TOTAL":null,"2024":89,"2029":null},"Household Type: Male Households, No Wife":{"Demographic":null,"2020":21,"% OF TOTAL":null,"2024":21,"2029":null},"Household Type: Male Households, No Wife With Children":{"Demographic":null,"2020":10,"% OF TOTAL":null,"2024":10,"2029":null},"Household Type: Male Households, No Wife Without Children":{"Demographic":null,"2020":11,"% OF TOTAL":null,"2024":11,"2029":null},"Household Type: Female Households, No Husband":{"Demographic":null,"2020":67,"% OF TOTAL":null,"2024":68,"2029":null},"Household Type: Female Households, No Husband With Children":{"Demographic":null,"2020":24,"% OF TOTAL":null,"2024":24,"2029":null},"Household Type: Female Households, No Husband Without Children":{"Demographic":null,"2020":43,"% OF TOTAL":null,"2024":44,"2029":null},"Household Income: Average":{"Demographic":null,"2020":83455,"% OF TOTAL":null,"2024":101355,"2029":112989},"Household Income: Median":{"Demographic":null,"2020":0,"% OF TOTAL":null,"2024":92841,"2029":108460},"Household Income: Less than $25k":{"Demographic":null,"2020":81,"% OF TOTAL":11.3,"2024":69,"2029":67},"Household Income: $25k - $50k":{"Demographic":null,"2020":63,"% OF TOTAL":3.7,"2024":29,"2029":22},"Household Income: $50k - $75k":{"Demographic":null,"2020":133,"% OF TOTAL":16.5,"2024":103,"2029":98},"Household Income: $75k - $100k":{"Demographic":null,"2020":112,"% OF TOTAL":12.8,"2024":110,"2029":76},"Household Income: $100k - $125k":{"Demographic":null,"2020":54,"% OF TOTAL":16.7,"2024":74,"2029":99},"Household Income: $125k - $150k":{"Demographic":null,"2020":30,"% OF TOTAL":4.4,"2024":28,"2029":26},"Household Income: $150k - $200k":{"Demographic":null,"2020":71,"% OF TOTAL":32.9,"2024":143,"2029":195},"Household Income: Above $200k":{"Demographic":null,"2020":3,"% OF TOTAL":1.7,"2024":3,"2029":10},"Total Housing Units":{"Demographic":null,"2020":574,"% OF TOTAL":null,"2024":null,"2029":null},"Owner Occupied Housing Units":{"Demographic":null,"2020":509,"% OF TOTAL":null,"2024":520,"2029":null},"Renter Occupied Housing Units":{"Demographic":null,"2020":38,"% OF TOTAL":null,"2024":39,"2029":null},"Vacant Housing Units":{"Demographic":null,"2020":27,"% OF TOTAL":null,"2024":null,"2029":null},"Vacant Housing Units: Seasonal":{"Demographic":null,"2020":1,"% OF TOTAL":null,"2024":null,"2029":null},"Vacant Housing Units: Other Usage":{"Demographic":null,"2020":26,"% OF TOTAL":null,"2024":null,"2029":null},"Average Housing Unit Value":{"Demographic":null,"2020":244032,"% OF TOTAL":null,"2024":244255,"2029":null},"Median Housing Unit Value":{"Demographic":null,"2020":236790,"% OF TOTAL":null,"2024":236944,"2029":null},"Housing Unit Value Less Than $100k":{"Demographic":null,"2020":18,"% OF TOTAL":null,"2024":18,"2029":null},"Housing Unit Value $100k-$200k":{"Demographic":null,"2020":107,"% OF TOTAL":null,"2024":109,"2029":null},"Housing Unit Value $200k-$250k":{"Demographic":null,"2020":176,"% OF TOTAL":null,"2024":180,"2029":null},"Housing Unit Value $250k-$300k":{"Demographic":null,"2020":77,"% OF TOTAL":null,"2024":79,"2029":null},"Housing Unit Value $300k-$400k":{"Demographic":null,"2020":117,"% OF TOTAL":null,"2024":120,"2029":null},"Housing Unit Value $400k-$500k":{"Demographic":null,"2020":6,"% OF TOTAL":null,"2024":6,"2029":null},"Housing Unit Value $500k-$750k":{"Demographic":null,"2020":8,"% OF TOTAL":null,"2024":8,"2029":null},"Housing Unit Value $750k-$1m":{"Demographic":null,"2020":0,"% OF TOTAL":null,"2024":0,"2029":null},"Housing Unit Value $1m-$1.5m":{"Demographic":null,"2020":0,"% OF TOTAL":null,"2024":0,"2029":null},"Housing Unit Value $1.5m-$2m":{"Demographic":null,"2020":0,"% OF TOTAL":null,"2024":0,"2029":null},"Housing Unit Value Above $2m":{"Demographic":null,"2020":0,"% OF TOTAL":null,"2024":0,"2029":null},"Median Housing Unit Year Built":{"Demographic":null,"2020":2000,"% OF TOTAL":null,"2024":2000,"2029":null},"Housing Units Built 2014 Or After":{"Demographic":null,"2020":0,"% OF TOTAL":null,"2024":0,"2029":null},"Housing Units Built 2010-2013":{"Demographic":null,"2020":104,"% OF TOTAL":null,"2024":106,"2029":null},"Housing Units Built 2000-2009":{"Demographic":null,"2020":165,"% OF TOTAL":null,"2024":169,"2029":null},"Housing Units Built 1990-1999":{"Demographic":null,"2020":228,"% OF TOTAL":null,"2024":233,"2029":null},"Housing Units Built 1980-1989":{"Demographic":null,"2020":5,"% OF TOTAL":null,"2024":5,"2029":null},"Housing Units Built 1970-1979":{"Demographic":null,"2020":45,"% OF TOTAL":null,"2024":46,"2029":null},"Housing Units Built 1960-1969":{"Demographic":null,"2020":0,"% OF TOTAL":null,"2024":0,"2029":null},"Housing Units Built 1950-1959":{"Demographic":null,"2020":0,"% OF TOTAL":null,"2024":0,"2029":null},"Housing Units Built 1940-1949":{"Demographic":null,"2020":0,"% OF TOTAL":null,"2024":0,"2029":null},"Housing Units Built Before 1940":{"Demographic":null,"2020":0,"% OF TOTAL":null,"2024":0,"2029":null}}},"geometry":{"type":"Polygon","coordinates":[[[-87.27194858438408,30.560376149187356],[-87.27194858438408,30.589289582368412],[-87.23835803038162,30.589289582368412],[-87.23835803038162,30.560376149187356],[-87.27194858438408,30.560376149187356]]]}},{"type":"Feature","properties":{"block":"033","block_num":33,"submarket":"Cantonment","CentroidLon":-87.41323552197538,"CentroidLat":30.574235456128587,"data_status":"no data","is_anomalous":false,"anomaly_reason":null,"files_present":""},"geometry":{"type":"Polygon","coordinates":[[[-87.41838146126253,30.589289582368412],[-87.40631080039391,30.589289582368412],[-87.40631080039391,30.560376149187356],[-87.42179784705549,30.560376149187356],[-87.41838146126253,30.589289582368412]]]}},{"type":"Feature","properties":{"block":"034","block_num":34,"submarket":"Cantonment","CentroidLon":-87.22960511674877,"CentroidLat":30.57040227409959,"data_status":"no data","is_anomalous":false,"anomaly_reason":null,"files_present":""},"geometry":{"type":"Polygon","coordinates":[[[-87.21214363085706,30.560376149187356],[-87.23835803038162,30.560376149187356],[-87.23835803038162,30.589289582368412],[-87.23725749332273,30.589289582368412],[-87.21214363085706,30.560376149187356]]]}},{"type":"Feature","properties":{"block":"035","block_num":35,"submarket":"Cantonment","CentroidLon":-87.25522006949811,"CentroidLat":30.54658342732866,"data_status":"usable","is_anomalous":false,"anomaly_reason":null,"files_present":"ConsumerSegmentation-26.08.10.csv;DemographicSnapshot-26.08.10.csv;HouseholdIncomeByAge-26.08.10.csv;HouseholdTrends-26.08.10.csv;PopulationTrends-26.08.10.csv","population_2024":7988,"population_2029":7831,"households_2024":3363,"households_2029":3350,"median_household_income_2024":86734,"median_household_income_2029":102644,"mean_household_income_2024":null,"mean_household_income_2029":null,"median_age_2024":43,"median_age_2029":45,"median_home_value_2024":218599,"average_household_size_2024":2.3,"average_household_size_2029":2.3,"population_growth_2024_2029":-3.1,"households_growth_2024_2029":-1.7,"consumer_segments":{"Entry Level Suburban":{"households":508,"pct":18.7},"Active Adult Feature and Location":{"households":497,"pct":18.3},"Entry Level Urban":{"households":313,"pct":11.5},"Renters":{"households":247,"pct":9.1},"Elite":{"households":235,"pct":8.7},"Renters Near Term Buyers":{"households":212,"pct":7.8},"Family Life Young Children":{"households":173,"pct":6.4},"Family Life School Age Children":{"households":114,"pct":4.2},"Simple Life Affluent No Children":{"households":110,"pct":4.1},"Active Adult Elite":{"households":109,"pct":4.0},"Active Adult Entry Level":{"households":84,"pct":3.1},"Simple Life Moderate Income With Children":{"households":48,"pct":1.8},"Feature and Location":{"households":35,"pct":1.3},"Simple Life Moderate Income No Children":{"households":25,"pct":0.9}},"income_age":{"2020":{},"2024":{},"2029":{}},"population_trends":{"Total Population":{"Demographic":null,"2020":8242,"% OF TOTAL":null,"2024":7988,"2029":7831},"Population Growth":{"Demographic":null,"2020":null,"% OF TOTAL":null,"2024":-3.1,"2029":-2.0},"Female Population":{"Demographic":null,"2020":4298,"% OF TOTAL":52.3,"2024":4174,"2029":4094},"Male Population":{"Demographic":null,"2020":3944,"% OF TOTAL":47.7,"2024":3814,"2029":3737},"Total population: Median Age":{"Demographic":null,"2020":43,"% OF TOTAL":null,"2024":43,"2029":45},"Total population: Under 5 years":{"Demographic":null,"2020":419,"% OF TOTAL":4.7,"2024":390,"2029":371},"Total population: 5 - 9 years":{"Demographic":null,"2020":449,"% OF TOTAL":4.9,"2024":434,"2029":387},"Total population: 10 - 14 years":{"Demographic":null,"2020":484,"% OF TOTAL":5.2,"2024":446,"2029":411},"Total population: 15 - 19 years":{"Demographic":null,"2020":460,"% OF TOTAL":5.6,"2024":461,"2029":438},"Total population: 20 - 24 years":{"Demographic":null,"2020":468,"% OF TOTAL":5.8,"2024":445,"2029":454},"Total population: 25 - 29 years":{"Demographic":null,"2020":502,"% OF TOTAL":5.7,"2024":466,"2029":447},"Total population: 30 - 34 years":{"Demographic":null,"2020":512,"% OF TOTAL":6.0,"2024":514,"2029":473},"Total population: 35 - 39 years":{"Demographic":null,"2020":480,"% OF TOTAL":6.2,"2024":486,"2029":488},"Total population: 40 - 44 years":{"Demographic":null,"2020":493,"% OF TOTAL":6.2,"2024":517,"2029":488},"Total population: 45 - 49 years":{"Demographic":null,"2020":417,"% OF TOTAL":5.5,"2024":387,"2029":433},"Total population: 50 - 54 years":{"Demographic":null,"2020":538,"% OF TOTAL":6.0,"2024":527,"2029":470},"Total population: 55 - 59 years":{"Demographic":null,"2020":612,"% OF TOTAL":6.3,"2024":513,"2029":491},"Total population: 60 - 64 years":{"Demographic":null,"2020":647,"% OF TOTAL":6.9,"2024":628,"2029":544},"Total population: 65 - 69 years":{"Demographic":null,"2020":607,"% OF TOTAL":7.5,"2024":611,"2029":591},"Total population: 70 - 74 years":{"Demographic":null,"2020":511,"% OF TOTAL":6.7,"2024":492,"2029":528},"Total population: 75 - 79 years":{"Demographic":null,"2020":287,"% OF TOTAL":4.9,"2024":319,"2029":380},"Total population: 80 - 84 years":{"Demographic":null,"2020":197,"% OF TOTAL":3.3,"2024":204,"2029":255},"Total population: 85 years and over":{"Demographic":null,"2020":159,"% OF TOTAL":2.3,"2024":148,"2029":182},"Female population: Median Age":{"Demographic":null,"2020":44,"% OF TOTAL":null,"2024":44,"2029":45},"Female population: Under 5 years":{"Demographic":null,"2020":216,"% OF TOTAL":4.7,"2024":203,"2029":192},"Female population: 5 - 9 years":{"Demographic":null,"2020":229,"% OF TOTAL":4.8,"2024":220,"2029":196},"Female population: 10 - 14 years":{"Demographic":null,"2020":236,"% OF TOTAL":4.9,"2024":219,"2029":202},"Female population: 15 - 19 years":{"Demographic":null,"2020":206,"% OF TOTAL":4.9,"2024":206,"2029":199},"Female population: 20 - 24 years":{"Demographic":null,"2020":237,"% OF TOTAL":5.3,"2024":224,"2029":219},"Female population: 25 - 29 years":{"Demographic":null,"2020":250,"% OF TOTAL":5.6,"2024":236,"2029":229},"Female population: 30 - 34 years":{"Demographic":null,"2020":279,"% OF TOTAL":6.2,"2024":279,"2029":253},"Female population: 35 - 39 years":{"Demographic":null,"2020":262,"% OF TOTAL":6.4,"2024":264,"2029":264},"Female population: 40 - 44 years":{"Demographic":null,"2020":245,"% OF TOTAL":6.1,"2024":253,"2029":249},"Female population: 45 - 49 years":{"Demographic":null,"2020":222,"% OF TOTAL":5.5,"2024":209,"2029":227},"Female population: 50 - 54 years":{"Demographic":null,"2020":269,"% OF TOTAL":5.8,"2024":262,"2029":239},"Female population: 55 - 59 years":{"Demographic":null,"2020":323,"% OF TOTAL":6.4,"2024":279,"2029":263},"Female population: 60 - 64 years":{"Demographic":null,"2020":362,"% OF TOTAL":7.4,"2024":353,"2029":301},"Female population: 65 - 69 years":{"Demographic":null,"2020":331,"% OF TOTAL":7.8,"2024":326,"2029":321},"Female population: 70 - 74 years":{"Demographic":null,"2020":281,"% OF TOTAL":7.0,"2024":273,"2029":287},"Female population: 75 - 79 years":{"Demographic":null,"2020":147,"% OF TOTAL":5.0,"2024":164,"2029":204},"Female population: 80 - 84 years":{"Demographic":null,"2020":122,"% OF TOTAL":3.6,"2024":128,"2029":148},"Female population: 85 years and over":{"Demographic":null,"2020":81,"% OF TOTAL":2.5,"2024":76,"2029":101},"Male population: Median Age":{"Demographic":null,"2020":41,"% OF TOTAL":null,"2024":41,"2029":43},"Male population: Under 5 years":{"Demographic":null,"2020":203,"% OF TOTAL":4.8,"2024":187,"2029":179},"Male population: 5 - 9 years":{"Demographic":null,"2020":220,"% OF TOTAL":5.1,"2024":214,"2029":191},"Male population: 10 - 14 years":{"Demographic":null,"2020":248,"% OF TOTAL":5.6,"2024":227,"2029":209},"Male population: 15 - 19 years":{"Demographic":null,"2020":254,"% OF TOTAL":6.4,"2024":255,"2029":239},"Male population: 20 - 24 years":{"Demographic":null,"2020":231,"% OF TOTAL":6.3,"2024":221,"2029":235},"Male population: 25 - 29 years":{"Demographic":null,"2020":252,"% OF TOTAL":5.8,"2024":230,"2029":218},"Male population: 30 - 34 years":{"Demographic":null,"2020":233,"% OF TOTAL":5.9,"2024":235,"2029":220},"Male population: 35 - 39 years":{"Demographic":null,"2020":218,"% OF TOTAL":6.0,"2024":222,"2029":224},"Male population: 40 - 44 years":{"Demographic":null,"2020":248,"% OF TOTAL":6.4,"2024":264,"2029":239},"Male population: 45 - 49 years":{"Demographic":null,"2020":195,"% OF TOTAL":5.5,"2024":178,"2029":206},"Male population: 50 - 54 years":{"Demographic":null,"2020":269,"% OF TOTAL":6.2,"2024":265,"2029":231},"Male population: 55 - 59 years":{"Demographic":null,"2020":289,"% OF TOTAL":6.1,"2024":234,"2029":228},"Male population: 60 - 64 years":{"Demographic":null,"2020":285,"% OF TOTAL":6.5,"2024":275,"2029":243},"Male population: 65 - 69 years":{"Demographic":null,"2020":276,"% OF TOTAL":7.2,"2024":285,"2029":270},"Male population: 70 - 74 years":{"Demographic":null,"2020":230,"% OF TOTAL":6.4,"2024":219,"2029":241},"Male population: 75 - 79 years":{"Demographic":null,"2020":140,"% OF TOTAL":4.7,"2024":155,"2029":176},"Male population: 80 - 84 years":{"Demographic":null,"2020":75,"% OF TOTAL":2.9,"2024":76,"2029":107},"Male population: 85 years and over":{"Demographic":null,"2020":78,"% OF TOTAL":2.2,"2024":72,"2029":81},"White alone":{"Demographic":null,"2020":6188,"% OF TOTAL":74.6,"2024":5955,"2029":5840},"Black alone":{"Demographic":null,"2020":946,"% OF TOTAL":11.0,"2024":886,"2029":864},"American Indian and Alaska Native alone":{"Demographic":null,"2020":53,"% OF TOTAL":0.6,"2024":50,"2029":48},"Asian alone":{"Demographic":null,"2020":165,"% OF TOTAL":2.1,"2024":168,"2029":166},"Native Hawaiian and OPI alone":{"Demographic":null,"2020":1,"% OF TOTAL":0.0,"2024":1,"2029":1},"Some other race alone":{"Demographic":null,"2020":162,"% OF TOTAL":2.0,"2024":156,"2029":154},"Two or more races alone":{"Demographic":null,"2020":727,"% OF TOTAL":9.7,"2024":772,"2029":758},"Not Hispanic: White alone":{"Demographic":null,"2020":6080,"% OF TOTAL":73.2,"2024":5841,"2029":5729},"Not Hispanic: Black or African American alone":{"Demographic":null,"2020":932,"% OF TOTAL":10.9,"2024":872,"2029":850},"Not Hispanic: American Indian and Alaska Native alone":{"Demographic":null,"2020":50,"% OF TOTAL":0.6,"2024":47,"2029":45},"Not Hispanic: Asian alone":{"Demographic":null,"2020":162,"% OF TOTAL":2.1,"2024":164,"2029":162},"Not Hispanic: Native Hawaiian and OPI alone":{"Demographic":null,"2020":1,"% OF TOTAL":0.0,"2024":1,"2029":1},"Not Hispanic: Some Other Race alone":{"Demographic":null,"2020":42,"% OF TOTAL":0.5,"2024":42,"2029":42},"Not Hispanic: Two or More Races":{"Demographic":null,"2020":520,"% OF TOTAL":6.8,"2024":539,"2029":529},"Hispanic: White alone":{"Demographic":null,"2020":108,"% OF TOTAL":1.4,"2024":114,"2029":111},"Hispanic: Black or African American alone":{"Demographic":null,"2020":14,"% OF TOTAL":0.2,"2024":14,"2029":14},"Hispanic: American Indian and Alaska Native alone":{"Demographic":null,"2020":3,"% OF TOTAL":0.0,"2024":3,"2029":3},"Hispanic: Asian alone":{"Demographic":null,"2020":3,"% OF TOTAL":0.1,"2024":4,"2029":4},"Hispanic: Native Hawaiian and OPI alone":{"Demographic":null,"2020":0,"% OF TOTAL":0.0,"2024":0,"2029":0},"Hispanic: Some Other Race alone":{"Demographic":null,"2020":120,"% OF TOTAL":1.4,"2024":114,"2029":112},"Hispanic: Two or More Races":{"Demographic":null,"2020":207,"% OF TOTAL":2.9,"2024":233,"2029":229},"Educational Attainment: No High School Diploma":{"Demographic":null,"2020":380,"% OF TOTAL":null,"2024":367,"2029":null},"Educational Attainment: High School Diploma":{"Demographic":null,"2020":1485,"% OF TOTAL":null,"2024":1449,"2029":null},"Educational Attainment: Some College":{"Demographic":null,"2020":1409,"% OF TOTAL":null,"2024":1369,"2029":null},"Educational Attainment: Associates Degree":{"Demographic":null,"2020":827,"% OF TOTAL":null,"2024":820,"2029":null},"Educational Attainment: Bachelors Degree":{"Demographic":null,"2020":1125,"% OF TOTAL":null,"2024":1096,"2029":null},"Educational Attainment: Advanced Degree":{"Demographic":null,"2020":736,"% OF TOTAL":null,"2024":711,"2029":null},"Employment Status: Armed Forces":{"Demographic":null,"2020":52,"% OF TOTAL":null,"2024":50,"2029":null},"Employment Status: Civilian labor force employed":{"Demographic":null,"2020":4153,"% OF TOTAL":null,"2024":4048,"2029":null},"Employment Status: Civilian labor force unemployed":{"Demographic":null,"2020":120,"% OF TOTAL":null,"2024":115,"2029":null},"Employment Status: Not in labor force":{"Demographic":null,"2020":2472,"% OF TOTAL":null,"2024":2419,"2029":null},"Employed in Agriculture and Mining Industries":{"Demographic":null,"2020":12,"% OF TOTAL":null,"2024":12,"2029":null},"Employed in Construction Industries":{"Demographic":null,"2020":238,"% OF TOTAL":null,"2024":231,"2029":null},"Employed in Manufacturing Industries":{"Demographic":null,"2020":257,"% OF TOTAL":null,"2024":248,"2029":null},"Employed in Wholesale Industries":{"Demographic":null,"2020":172,"% OF TOTAL":null,"2024":167,"2029":null},"Employed in Retail Industries":{"Demographic":null,"2020":622,"% OF TOTAL":null,"2024":605,"2029":null},"Employed in Transportation and Utilities Industries":{"Demographic":null,"2020":213,"% OF TOTAL":null,"2024":210,"2029":null},"Employed in Information Industries":{"Demographic":null,"2020":62,"% OF TOTAL":null,"2024":63,"2029":null},"Employed in Real-Estate Industries":{"Demographic":null,"2020":485,"% OF TOTAL":null,"2024":475,"2029":null},"Employed in Professional Industries":{"Demographic":null,"2020":411,"% OF TOTAL":null,"2024":400,"2029":null},"Employed in Health and Education Industries":{"Demographic":null,"2020":970,"% OF TOTAL":null,"2024":947,"2029":null},"Employed in Art Industries":{"Demographic":null,"2020":139,"% OF TOTAL":null,"2024":136,"2029":null},"Employed in Other Industries":{"Demographic":null,"2020":235,"% OF TOTAL":null,"2024":229,"2029":null},"Employed in Public Administration Industries":{"Demographic":null,"2020":337,"% OF TOTAL":null,"2024":325,"2029":null},"Occupation: Management":{"Demographic":null,"2020":294,"% OF TOTAL":null,"2024":284,"2029":null},"Occupation: Business and financial operations":{"Demographic":null,"2020":228,"% OF TOTAL":null,"2024":218,"2029":null},"Occupation: Computer and mathematical":{"Demographic":null,"2020":105,"% OF TOTAL":null,"2024":104,"2029":null},"Occupation: Architecture and engineering":{"Demographic":null,"2020":66,"% OF TOTAL":null,"2024":65,"2029":null},"Occupation: Life, physical, and social science":{"Demographic":null,"2020":53,"% OF TOTAL":null,"2024":52,"2029":null},"Occupation: Community and social service":{"Demographic":null,"2020":163,"% OF TOTAL":null,"2024":161,"2029":null},"Occupation: Legal":{"Demographic":null,"2020":18,"% OF TOTAL":null,"2024":17,"2029":null},"Occupation: Education, training, and library":{"Demographic":null,"2020":354,"% OF TOTAL":null,"2024":348,"2029":null},"Occupation: Arts, design, entertainment, sports, and media":{"Demographic":null,"2020":64,"% OF TOTAL":null,"2024":62,"2029":null},"Occupation: Health diagnosing and treating practitioners":{"Demographic":null,"2020":291,"% OF TOTAL":null,"2024":283,"2029":null},"Occupation: Health technologists and technicians":{"Demographic":null,"2020":50,"% OF TOTAL":null,"2024":48,"2029":null},"Occupation: Healthcare support":{"Demographic":null,"2020":111,"% OF TOTAL":null,"2024":110,"2029":null},"Occupation: Fire fighting and prevention":{"Demographic":null,"2020":53,"% OF TOTAL":null,"2024":50,"2029":null},"Occupation: Law enforcement workers":{"Demographic":null,"2020":58,"% OF TOTAL":null,"2024":57,"2029":null},"Occupation: Food preparation and serving related":{"Demographic":null,"2020":65,"% OF TOTAL":null,"2024":64,"2029":null},"Occupation: Building and grounds cleaning and maintenance":{"Demographic":null,"2020":213,"% OF TOTAL":null,"2024":207,"2029":null},"Occupation: Personal care and service":{"Demographic":null,"2020":10,"% OF TOTAL":null,"2024":9,"2029":null},"Occupation: Sales and related":{"Demographic":null,"2020":451,"% OF TOTAL":null,"2024":438,"2029":null},"Occupation: Office and administrative support":{"Demographic":null,"2020":843,"% OF TOTAL":null,"2024":824,"2029":null},"Occupation: Farming, fishing, and forestry":{"Demographic":null,"2020":0,"% OF TOTAL":null,"2024":0,"2029":null},"Occupation: Construction and extraction":{"Demographic":null,"2020":121,"% OF TOTAL":null,"2024":115,"2029":null},"Occupation: Installation, maintenance, and repair":{"Demographic":null,"2020":110,"% OF TOTAL":null,"2024":109,"2029":null},"Occupation: Production":{"Demographic":null,"2020":108,"% OF TOTAL":null,"2024":104,"2029":null},"Occupation: Transportation":{"Demographic":null,"2020":241,"% OF TOTAL":null,"2024":236,"2029":null},"Occupation: Material moving":{"Demographic":null,"2020":83,"% OF TOTAL":null,"2024":83,"2029":null},"White collar":{"Demographic":null,"2020":2980,"% OF TOTAL":null,"2024":2904,"2029":null},"Blue collar":{"Demographic":null,"2020":1173,"% OF TOTAL":null,"2024":1144,"2029":null},"Means of transportation: Car, truck or van":{"Demographic":null,"2020":3449,"% OF TOTAL":null,"2024":3365,"2029":null},"Means of transportation: Public transportation":{"Demographic":null,"2020":57,"% OF TOTAL":null,"2024":53,"2029":null},"Means of transportation: Other":{"Demographic":null,"2020":83,"% OF TOTAL":null,"2024":79,"2029":null},"Travel time: Average (in minutes)":{"Demographic":null,"2020":29,"% OF TOTAL":null,"2024":29,"2029":null},"Travel time to work: Less than 30 minutes":{"Demographic":null,"2020":2291,"% OF TOTAL":null,"2024":2229,"2029":null},"Travel time to work: 30 to 60 minutes":{"Demographic":null,"2020":1081,"% OF TOTAL":null,"2024":1060,"2029":null},"Travel time to work: 60 or more minutes":{"Demographic":null,"2020":217,"% OF TOTAL":null,"2024":208,"2029":null}},"demographic_snapshot":{"Total Population":{"Demographic":null,"2020":8242,"% OF TOTAL":null,"2024":7988,"2029":7831},"Households":{"Demographic":null,"2020":3422,"% OF TOTAL":null,"2024":3363,"2029":3350},"Population in Group Quarters":{"Demographic":null,"2020":27,"% OF TOTAL":null,"2024":27,"2029":26},"Households Growth":{"Demographic":null,"2020":null,"% OF TOTAL":null,"2024":-1.7,"2029":-0.4},"Household Income: Median":{"Demographic":null,"2020":0,"% OF TOTAL":null,"2024":86734,"2029":102644},"Home Value: Median":{"Demographic":null,"2020":218486,"% OF TOTAL":null,"2024":218599,"2029":null},"Population Growth":{"Demographic":null,"2020":null,"% OF TOTAL":null,"2024":-3.1,"2029":-2.0},"Total Population: Under 19 years":{"Demographic":null,"2020":1812,"% OF TOTAL":20.5,"2024":1731,"2029":1607},"Total Population: 20 - 64 years":{"Demographic":null,"2020":4669,"% OF TOTAL":54.8,"2024":4483,"2029":4288},"Total Population: 65 years and over":{"Demographic":null,"2020":1761,"% OF TOTAL":24.7,"2024":1774,"2029":1936},"Total population: Median age":{"Demographic":null,"2020":43,"% OF TOTAL":null,"2024":43,"2029":45},"Total population: Under 5 years":{"Demographic":null,"2020":419,"% OF TOTAL":4.7,"2024":390,"2029":371},"Total population: 5 - 9 years":{"Demographic":null,"2020":449,"% OF TOTAL":4.9,"2024":434,"2029":387},"Total population: 10 - 14 years":{"Demographic":null,"2020":484,"% OF TOTAL":5.2,"2024":446,"2029":411},"Total population: 15 - 19 years":{"Demographic":null,"2020":460,"% OF TOTAL":5.6,"2024":461,"2029":438},"Total population: 20 - 24 years":{"Demographic":null,"2020":468,"% OF TOTAL":5.8,"2024":445,"2029":454},"Total population: 25 - 29 years":{"Demographic":null,"2020":502,"% OF TOTAL":5.7,"2024":466,"2029":447},"Total population: 30 - 34 years":{"Demographic":null,"2020":512,"% OF TOTAL":6.0,"2024":514,"2029":473},"Total population: 35 - 39 years":{"Demographic":null,"2020":480,"% OF TOTAL":6.2,"2024":486,"2029":488},"Total population: 40 - 44 years":{"Demographic":null,"2020":493,"% OF TOTAL":6.2,"2024":517,"2029":488},"Total population: 45 - 49 years":{"Demographic":null,"2020":417,"% OF TOTAL":5.5,"2024":387,"2029":433},"Total population: 50 - 54 years":{"Demographic":null,"2020":538,"% OF TOTAL":6.0,"2024":527,"2029":470},"Total population: 55 - 59 years":{"Demographic":null,"2020":612,"% OF TOTAL":6.3,"2024":513,"2029":491},"Total population: 60 - 64 years":{"Demographic":null,"2020":647,"% OF TOTAL":6.9,"2024":628,"2029":544},"Total population: 65 - 69 years":{"Demographic":null,"2020":607,"% OF TOTAL":7.5,"2024":611,"2029":591},"Total population: 70 - 74 years":{"Demographic":null,"2020":511,"% OF TOTAL":6.7,"2024":492,"2029":528},"Total population: 75 - 79 years":{"Demographic":null,"2020":287,"% OF TOTAL":4.9,"2024":319,"2029":380},"Total population: 80 - 84 years":{"Demographic":null,"2020":197,"% OF TOTAL":3.3,"2024":204,"2029":255},"Total population: 85 years and over":{"Demographic":null,"2020":159,"% OF TOTAL":2.3,"2024":148,"2029":182},"Householders Age 15-24":{"Demographic":null,"2020":124,"% OF TOTAL":3.5,"2024":120,"2029":116},"Householders Age 25-34":{"Demographic":null,"2020":434,"% OF TOTAL":12.2,"2024":426,"2029":408},"Householders Age 35-44":{"Demographic":null,"2020":518,"% OF TOTAL":14.7,"2024":509,"2029":493},"Householders Age 45-54":{"Demographic":null,"2020":513,"% OF TOTAL":14.8,"2024":505,"2029":497},"Householders Age 55-64":{"Demographic":null,"2020":693,"% OF TOTAL":18.4,"2024":680,"2029":617},"Householders Age 65-74":{"Demographic":null,"2020":682,"% OF TOTAL":20.2,"2024":671,"2029":678},"Householders Age 75+":{"Demographic":null,"2020":458,"% OF TOTAL":16.1,"2024":452,"2029":541},"Household income: Average":{"Demographic":null,"2020":89701,"% OF TOTAL":null,"2024":102467,"2029":118275},"Household income: Less than 25k":{"Demographic":null,"2020":477,"% OF TOTAL":8.5,"2024":384,"2029":285},"Household income: 25k - 50k":{"Demographic":null,"2020":491,"% OF TOTAL":12.0,"2024":460,"2029":401},"Household income: 50k - 75k":{"Demographic":null,"2020":887,"% OF TOTAL":16.4,"2024":698,"2029":549},"Household income: 75k - 100k":{"Demographic":null,"2020":574,"% OF TOTAL":14.4,"2024":544,"2029":483},"Household income: 100k - 125k":{"Demographic":null,"2020":290,"% OF TOTAL":11.7,"2024":325,"2029":391},"Household income: 125k - 150k":{"Demographic":null,"2020":291,"% OF TOTAL":11.3,"2024":287,"2029":379},"Household income: 150k - 200k":{"Demographic":null,"2020":333,"% OF TOTAL":20.5,"2024":561,"2029":687},"Household income: Above 200k":{"Demographic":null,"2020":79,"% OF TOTAL":5.2,"2024":104,"2029":175},"White Alone":{"Demographic":null,"2020":6188,"% OF TOTAL":74.6,"2024":5955,"2029":5840},"Black or African American Alone":{"Demographic":null,"2020":946,"% OF TOTAL":11.0,"2024":886,"2029":864},"American Indian and Alaska Native Alone":{"Demographic":null,"2020":53,"% OF TOTAL":0.6,"2024":50,"2029":48},"Asian Alone":{"Demographic":null,"2020":165,"% OF TOTAL":2.1,"2024":168,"2029":166},"Native Hawaiian and OPI Alone":{"Demographic":null,"2020":1,"% OF TOTAL":0.0,"2024":1,"2029":1},"Some Other Race Alone":{"Demographic":null,"2020":162,"% OF TOTAL":2.0,"2024":156,"2029":154},"Two or More Races Alone":{"Demographic":null,"2020":727,"% OF TOTAL":9.7,"2024":772,"2029":758},"Not Hispanic or Latino":{"Demographic":null,"2020":7787,"% OF TOTAL":94.0,"2024":7506,"2029":7358},"Hispanic or Latino":{"Demographic":null,"2020":455,"% OF TOTAL":6.0,"2024":482,"2029":473},"Total Housing Units":{"Demographic":null,"2020":3601,"% OF TOTAL":null,"2024":null,"2029":null},"Owner Occupied Housing Units":{"Demographic":null,"2020":2555,"% OF TOTAL":null,"2024":2518,"2029":null},"Renter Occupied Housing Units":{"Demographic":null,"2020":867,"% OF TOTAL":null,"2024":845,"2029":null},"Housing Units Value Less Than 100k":{"Demographic":null,"2020":252,"% OF TOTAL":null,"2024":250,"2029":null},"Housing Units Value 100k - 200k":{"Demographic":null,"2020":737,"% OF TOTAL":null,"2024":729,"2029":null},"Housing Units Value 200k - 250k":{"Demographic":null,"2020":689,"% OF TOTAL":null,"2024":679,"2029":null},"Housing Units Value 250k - 300k":{"Demographic":null,"2020":541,"% OF TOTAL":null,"2024":532,"2029":null},"Housing Units Value 300k - 400k":{"Demographic":null,"2020":164,"% OF TOTAL":null,"2024":160,"2029":null},"Housing Units Value 400k - 500k":{"Demographic":null,"2020":60,"% OF TOTAL":null,"2024":61,"2029":null},"Housing Units Value 500k - 750k":{"Demographic":null,"2020":27,"% OF TOTAL":null,"2024":27,"2029":null},"Housing Units Value 750k - 1m":{"Demographic":null,"2020":71,"% OF TOTAL":null,"2024":67,"2029":null},"Housing Units Value 1m - 1.5m":{"Demographic":null,"2020":0,"% OF TOTAL":null,"2024":0,"2029":null},"Housing Units Value 1.5m - 2m":{"Demographic":null,"2020":14,"% OF TOTAL":null,"2024":13,"2029":null},"Housing Units Value >2m":{"Demographic":null,"2020":0,"% OF TOTAL":null,"2024":0,"2029":null},"Take Car or Truck to Work":{"Demographic":null,"2020":3449,"% OF TOTAL":null,"2024":3365,"2029":null},"Take Public Transportation to Work":{"Demographic":null,"2020":57,"% OF TOTAL":null,"2024":53,"2029":null},"Take Other Means of Transportation to Work":{"Demographic":null,"2020":83,"% OF TOTAL":null,"2024":79,"2029":null},"Average Travel Time (min)":{"Demographic":null,"2020":29,"% OF TOTAL":null,"2024":29,"2029":null},"Travel Below 30 Min to Work":{"Demographic":null,"2020":2291,"% OF TOTAL":null,"2024":2229,"2029":null},"Travel 30-60 Min to Work":{"Demographic":null,"2020":1081,"% OF TOTAL":null,"2024":1060,"2029":null},"Travel Above 60 Min to Work":{"Demographic":null,"2020":333,"% OF TOTAL":null,"2024":208,"2029":null},"Educational Attainment: No High School Diploma":{"Demographic":null,"2020":1865,"% OF TOTAL":null,"2024":1816,"2029":null},"Educational Attainment: High School Diploma":{"Demographic":null,"2020":1485,"% OF TOTAL":null,"2024":1449,"2029":null},"Educational Attainment: Some College":{"Demographic":null,"2020":3361,"% OF TOTAL":null,"2024":3285,"2029":null},"Educational Attainment: Associate's Degree":{"Demographic":null,"2020":827,"% OF TOTAL":null,"2024":820,"2029":null},"Educational Attainment: Bachelors Degree":{"Demographic":null,"2020":1125,"% OF TOTAL":null,"2024":1096,"2029":null},"Educational Attainment: Advanced Degree":{"Demographic":null,"2020":736,"% OF TOTAL":null,"2024":711,"2029":null},"Households: Number of vehicles available - Average":{"Demographic":null,"2020":1,"% OF TOTAL":null,"2024":1,"2029":null},"Households: No Vehicle available":{"Demographic":null,"2020":147,"% OF TOTAL":null,"2024":143,"2029":null},"Households: 1 Vehicle available":{"Demographic":null,"2020":974,"% OF TOTAL":null,"2024":957,"2029":null},"Households: 2 Vehicles available":{"Demographic":null,"2020":1853,"% OF TOTAL":null,"2024":1820,"2029":null},"Households: 3 Vehicles available":{"Demographic":null,"2020":341,"% OF TOTAL":null,"2024":336,"2029":null},"Households: 4 or more Vehicles available":{"Demographic":null,"2020":107,"% OF TOTAL":null,"2024":107,"2029":null}},"household_trends":{"Households":{"Demographic":null,"2020":3422,"% OF TOTAL":null,"2024":3363,"2029":3350},"Households Growth":{"Demographic":null,"2020":null,"% OF TOTAL":null,"2024":-1.7,"2029":-0.4},"Householder Age 15-24":{"Demographic":null,"2020":124,"% OF TOTAL":3.5,"2024":120,"2029":116},"Householder Age 25-34":{"Demographic":null,"2020":434,"% OF TOTAL":12.2,"2024":426,"2029":408},"Householder Age 35-44":{"Demographic":null,"2020":518,"% OF TOTAL":14.7,"2024":509,"2029":493},"Householder Age 45-54":{"Demographic":null,"2020":513,"% OF TOTAL":14.8,"2024":505,"2029":497},"Householder Age 55-64":{"Demographic":null,"2020":693,"% OF TOTAL":18.4,"2024":680,"2029":617},"Householder Age 65-74":{"Demographic":null,"2020":682,"% OF TOTAL":20.2,"2024":671,"2029":678},"Householder Age 75+":{"Demographic":null,"2020":458,"% OF TOTAL":16.1,"2024":452,"2029":541},"Average Household Size":{"Demographic":null,"2020":2.4,"% OF TOTAL":null,"2024":2.3,"2029":2.3},"1 Person Households":{"Demographic":null,"2020":864,"% OF TOTAL":26.3,"2024":875,"2029":881},"2 Person Households":{"Demographic":null,"2020":1338,"% OF TOTAL":40.5,"2024":1347,"2029":1357},"3 Person Households":{"Demographic":null,"2020":597,"% OF TOTAL":18.0,"2024":600,"2029":604},"4 Person Households":{"Demographic":null,"2020":348,"% OF TOTAL":8.5,"2024":305,"2029":286},"5 Person Households":{"Demographic":null,"2020":159,"% OF TOTAL":3.8,"2024":135,"2029":126},"6 Person Households":{"Demographic":null,"2020":73,"% OF TOTAL":1.8,"2024":63,"2029":61},"7+ Person Households":{"Demographic":null,"2020":43,"% OF TOTAL":1.0,"2024":38,"2029":35},"Household Type: Family":{"Demographic":null,"2020":2354,"% OF TOTAL":null,"2024":2316,"2029":null},"Household Type: Married Family":{"Demographic":null,"2020":1722,"% OF TOTAL":null,"2024":1696,"2029":null},"Household Type: Married Family With Children":{"Demographic":null,"2020":528,"% OF TOTAL":null,"2024":520,"2029":null},"Household Type: Married Family Without Children":{"Demographic":null,"2020":1194,"% OF TOTAL":null,"2024":1176,"2029":null},"Household Type: Other Family":{"Demographic":null,"2020":632,"% OF TOTAL":null,"2024":620,"2029":null},"Household Type: Male Households, No Wife":{"Demographic":null,"2020":179,"% OF TOTAL":null,"2024":175,"2029":null},"Household Type: Male Households, No Wife With Children":{"Demographic":null,"2020":78,"% OF TOTAL":null,"2024":77,"2029":null},"Household Type: Male Households, No Wife Without Children":{"Demographic":null,"2020":101,"% OF TOTAL":null,"2024":98,"2029":null},"Household Type: Female Households, No Husband":{"Demographic":null,"2020":453,"% OF TOTAL":null,"2024":445,"2029":null},"Household Type: Female Households, No Husband With Children":{"Demographic":null,"2020":216,"% OF TOTAL":null,"2024":211,"2029":null},"Household Type: Female Households, No Husband Without Children":{"Demographic":null,"2020":237,"% OF TOTAL":null,"2024":234,"2029":null},"Household Income: Average":{"Demographic":null,"2020":89701,"% OF TOTAL":null,"2024":102467,"2029":118275},"Household Income: Median":{"Demographic":null,"2020":0,"% OF TOTAL":null,"2024":86734,"2029":102644},"Household Income: Less than $25k":{"Demographic":null,"2020":477,"% OF TOTAL":8.5,"2024":384,"2029":285},"Household Income: $25k - $50k":{"Demographic":null,"2020":491,"% OF TOTAL":12.0,"2024":460,"2029":401},"Household Income: $50k - $75k":{"Demographic":null,"2020":887,"% OF TOTAL":16.4,"2024":698,"2029":549},"Household Income: $75k - $100k":{"Demographic":null,"2020":574,"% OF TOTAL":14.4,"2024":544,"2029":483},"Household Income: $100k - $125k":{"Demographic":null,"2020":290,"% OF TOTAL":11.7,"2024":325,"2029":391},"Household Income: $125k - $150k":{"Demographic":null,"2020":291,"% OF TOTAL":11.3,"2024":287,"2029":379},"Household Income: $150k - $200k":{"Demographic":null,"2020":333,"% OF TOTAL":20.5,"2024":561,"2029":687},"Household Income: Above $200k":{"Demographic":null,"2020":79,"% OF TOTAL":5.2,"2024":104,"2029":175},"Total Housing Units":{"Demographic":null,"2020":3601,"% OF TOTAL":null,"2024":null,"2029":null},"Owner Occupied Housing Units":{"Demographic":null,"2020":2555,"% OF TOTAL":null,"2024":2518,"2029":null},"Renter Occupied Housing Units":{"Demographic":null,"2020":867,"% OF TOTAL":null,"2024":845,"2029":null},"Vacant Housing Units":{"Demographic":null,"2020":179,"% OF TOTAL":null,"2024":null,"2029":null},"Vacant Housing Units: Seasonal":{"Demographic":null,"2020":19,"% OF TOTAL":null,"2024":null,"2029":null},"Vacant Housing Units: Other Usage":{"Demographic":null,"2020":160,"% OF TOTAL":null,"2024":null,"2029":null},"Average Housing Unit Value":{"Demographic":null,"2020":264988,"% OF TOTAL":null,"2024":264592,"2029":null},"Median Housing Unit Value":{"Demographic":null,"2020":218486,"% OF TOTAL":null,"2024":218599,"2029":null},"Housing Unit Value Less Than $100k":{"Demographic":null,"2020":252,"% OF TOTAL":null,"2024":250,"2029":null},"Housing Unit Value $100k-$200k":{"Demographic":null,"2020":737,"% OF TOTAL":null,"2024":729,"2029":null},"Housing Unit Value $200k-$250k":{"Demographic":null,"2020":689,"% OF TOTAL":null,"2024":679,"2029":null},"Housing Unit Value $250k-$300k":{"Demographic":null,"2020":541,"% OF TOTAL":null,"2024":532,"2029":null},"Housing Unit Value $300k-$400k":{"Demographic":null,"2020":164,"% OF TOTAL":null,"2024":160,"2029":null},"Housing Unit Value $400k-$500k":{"Demographic":null,"2020":60,"% OF TOTAL":null,"2024":61,"2029":null},"Housing Unit Value $500k-$750k":{"Demographic":null,"2020":27,"% OF TOTAL":null,"2024":27,"2029":null},"Housing Unit Value $750k-$1m":{"Demographic":null,"2020":71,"% OF TOTAL":null,"2024":67,"2029":null},"Housing Unit Value $1m-$1.5m":{"Demographic":null,"2020":0,"% OF TOTAL":null,"2024":0,"2029":null},"Housing Unit Value $1.5m-$2m":{"Demographic":null,"2020":14,"% OF TOTAL":null,"2024":13,"2029":null},"Housing Unit Value Above $2m":{"Demographic":null,"2020":0,"% OF TOTAL":null,"2024":0,"2029":null},"Median Housing Unit Year Built":{"Demographic":null,"2020":1985,"% OF TOTAL":null,"2024":1985,"2029":null},"Housing Units Built 2014 Or After":{"Demographic":null,"2020":0,"% OF TOTAL":null,"2024":0,"2029":null},"Housing Units Built 2010-2013":{"Demographic":null,"2020":199,"% OF TOTAL":null,"2024":194,"2029":null},"Housing Units Built 2000-2009":{"Demographic":null,"2020":247,"% OF TOTAL":null,"2024":239,"2029":null},"Housing Units Built 1990-1999":{"Demographic":null,"2020":817,"% OF TOTAL":null,"2024":815,"2029":null},"Housing Units Built 1980-1989":{"Demographic":null,"2020":1281,"% OF TOTAL":null,"2024":1258,"2029":null},"Housing Units Built 1970-1979":{"Demographic":null,"2020":525,"% OF TOTAL":null,"2024":515,"2029":null},"Housing Units Built 1960-1969":{"Demographic":null,"2020":164,"% OF TOTAL":null,"2024":159,"2029":null},"Housing Units Built 1950-1959":{"Demographic":null,"2020":149,"% OF TOTAL":null,"2024":144,"2029":null},"Housing Units Built 1940-1949":{"Demographic":null,"2020":8,"% OF TOTAL":null,"2024":8,"2029":null},"Housing Units Built Before 1940":{"Demographic":null,"2020":32,"% OF TOTAL":null,"2024":31,"2029":null}}},"geometry":{"type":"Polygon","coordinates":[[[-87.26818661666717,30.53321526261128],[-87.2673884324109,30.5314627160063],[-87.27194858438408,30.5314627160063],[-87.27194858438408,30.560376149187356],[-87.23835803038162,30.560376149187356],[-87.23835803038162,30.53277083223572],[-87.26818661666717,30.53321526261128]]]}},{"type":"Feature","properties":{"block":"036","block_num":36,"submarket":"Cantonment","CentroidLon":-87.22200721643063,"CentroidLat":30.546063672978025,"data_status":"usable","is_anomalous":false,"anomaly_reason":null,"files_present":"ConsumerSegmentation-26.08.10.csv;DemographicSnapshot-26.08.10.csv;HouseholdIncomeByAge-26.08.10.csv;HouseholdTrends-26.08.10.csv;PopulationTrends-26.08.10.csv","population_2024":4752,"population_2029":5178,"households_2024":1771,"households_2029":2026,"median_household_income_2024":34906,"median_household_income_2029":72436,"mean_household_income_2024":null,"mean_household_income_2029":null,"median_age_2024":44,"median_age_2029":45,"median_home_value_2024":196646,"average_household_size_2024":2.1,"average_household_size_2029":2,"population_growth_2024_2029":8.5,"households_growth_2024_2029":13.9,"consumer_segments":{"Active Adult Feature and Location":{"households":478,"pct":32.5},"Renters Near Term Buyers":{"households":204,"pct":13.8},"Renters":{"households":195,"pct":13.2},"Entry Level Suburban":{"households":143,"pct":9.7},"Elite":{"households":130,"pct":8.8},"Active Adult Elite":{"households":59,"pct":4.0},"Active Adult Entry Level":{"households":58,"pct":3.9},"Simple Life Affluent No Children":{"households":41,"pct":2.8},"Entry Level Urban":{"households":36,"pct":2.4},"Family Life Young Children":{"households":35,"pct":2.4},"Simple Life Moderate Income With Children":{"households":32,"pct":2.2},"Family Life School Age Children":{"households":31,"pct":2.1},"Simple Life Moderate Income No Children":{"households":16,"pct":1.1},"Feature and Location":{"households":15,"pct":1.0}},"income_age":{"2020":{},"2024":{},"2029":{}},"population_trends":{"Total Population":{"Demographic":null,"2020":4381,"% OF TOTAL":null,"2024":4752,"2029":5178},"Population Growth":{"Demographic":null,"2020":null,"% OF TOTAL":null,"2024":8.5,"2029":9.0},"Female Population":{"Demographic":null,"2020":2345,"% OF TOTAL":53.8,"2024":2552,"2029":2786},"Male Population":{"Demographic":null,"2020":2036,"% OF TOTAL":46.2,"2024":2200,"2029":2392},"Total population: Median Age":{"Demographic":null,"2020":44,"% OF TOTAL":null,"2024":44,"2029":45},"Total population: Under 5 years":{"Demographic":null,"2020":127,"% OF TOTAL":3.2,"2024":132,"2029":165},"Total population: 5 - 9 years":{"Demographic":null,"2020":113,"% OF TOTAL":2.4,"2024":120,"2029":122},"Total population: 10 - 14 years":{"Demographic":null,"2020":120,"% OF TOTAL":2.5,"2024":126,"2029":128},"Total population: 15 - 19 years":{"Demographic":null,"2020":218,"% OF TOTAL":4.3,"2024":245,"2029":223},"Total population: 20 - 24 years":{"Demographic":null,"2020":733,"% OF TOTAL":13.6,"2024":785,"2029":705},"Total population: 25 - 29 years":{"Demographic":null,"2020":330,"% OF TOTAL":9.8,"2024":334,"2029":505},"Total population: 30 - 34 years":{"Demographic":null,"2020":228,"% OF TOTAL":5.5,"2024":253,"2029":286},"Total population: 35 - 39 years":{"Demographic":null,"2020":144,"% OF TOTAL":3.9,"2024":160,"2029":204},"Total population: 40 - 44 years":{"Demographic":null,"2020":153,"% OF TOTAL":3.5,"2024":178,"2029":182},"Total population: 45 - 49 years":{"Demographic":null,"2020":170,"% OF TOTAL":3.7,"2024":172,"2029":194},"Total population: 50 - 54 years":{"Demographic":null,"2020":179,"% OF TOTAL":3.7,"2024":190,"2029":194},"Total population: 55 - 59 years":{"Demographic":null,"2020":192,"% OF TOTAL":3.6,"2024":181,"2029":188},"Total population: 60 - 64 years":{"Demographic":null,"2020":230,"% OF TOTAL":4.4,"2024":247,"2029":230},"Total population: 65 - 69 years":{"Demographic":null,"2020":235,"% OF TOTAL":5.3,"2024":264,"2029":276},"Total population: 70 - 74 years":{"Demographic":null,"2020":275,"% OF TOTAL":6.0,"2024":290,"2029":312},"Total population: 75 - 79 years":{"Demographic":null,"2020":312,"% OF TOTAL":7.9,"2024":386,"2029":411},"Total population: 80 - 84 years":{"Demographic":null,"2020":244,"% OF TOTAL":7.4,"2024":288,"2029":383},"Total population: 85 years and over":{"Demographic":null,"2020":378,"% OF TOTAL":9.1,"2024":401,"2029":470},"Female population: Median Age":{"Demographic":null,"2020":45,"% OF TOTAL":null,"2024":45,"2029":46},"Female population: Under 5 years":{"Demographic":null,"2020":72,"% OF TOTAL":3.2,"2024":75,"2029":89},"Female population: 5 - 9 years":{"Demographic":null,"2020":63,"% OF TOTAL":2.4,"2024":65,"2029":66},"Female population: 10 - 14 years":{"Demographic":null,"2020":52,"% OF TOTAL":2.2,"2024":55,"2029":61},"Female population: 15 - 19 years":{"Demographic":null,"2020":125,"% OF TOTAL":4.3,"2024":139,"2029":121},"Female population: 20 - 24 years":{"Demographic":null,"2020":366,"% OF TOTAL":12.7,"2024":390,"2029":354},"Female population: 25 - 29 years":{"Demographic":null,"2020":136,"% OF TOTAL":8.5,"2024":140,"2029":236},"Female population: 30 - 34 years":{"Demographic":null,"2020":110,"% OF TOTAL":4.8,"2024":122,"2029":133},"Female population: 35 - 39 years":{"Demographic":null,"2020":74,"% OF TOTAL":3.6,"2024":81,"2029":100},"Female population: 40 - 44 years":{"Demographic":null,"2020":85,"% OF TOTAL":3.4,"2024":96,"2029":96},"Female population: 45 - 49 years":{"Demographic":null,"2020":82,"% OF TOTAL":3.5,"2024":84,"2029":98},"Female population: 50 - 54 years":{"Demographic":null,"2020":90,"% OF TOTAL":3.5,"2024":95,"2029":98},"Female population: 55 - 59 years":{"Demographic":null,"2020":97,"% OF TOTAL":3.5,"2024":94,"2029":97},"Female population: 60 - 64 years":{"Demographic":null,"2020":116,"% OF TOTAL":4.1,"2024":124,"2029":115},"Female population: 65 - 69 years":{"Demographic":null,"2020":129,"% OF TOTAL":5.2,"2024":143,"2029":145},"Female population: 70 - 74 years":{"Demographic":null,"2020":162,"% OF TOTAL":6.5,"2024":174,"2029":181},"Female population: 75 - 79 years":{"Demographic":null,"2020":205,"% OF TOTAL":9.6,"2024":254,"2029":268},"Female population: 80 - 84 years":{"Demographic":null,"2020":147,"% OF TOTAL":8.6,"2024":174,"2029":239},"Female population: 85 years and over":{"Demographic":null,"2020":234,"% OF TOTAL":10.4,"2024":247,"2029":289},"Male population: Median Age":{"Demographic":null,"2020":39,"% OF TOTAL":null,"2024":40,"2029":39},"Male population: Under 5 years":{"Demographic":null,"2020":55,"% OF TOTAL":3.2,"2024":57,"2029":76},"Male population: 5 - 9 years":{"Demographic":null,"2020":50,"% OF TOTAL":2.3,"2024":55,"2029":56},"Male population: 10 - 14 years":{"Demographic":null,"2020":68,"% OF TOTAL":2.8,"2024":71,"2029":67},"Male population: 15 - 19 years":{"Demographic":null,"2020":93,"% OF TOTAL":4.3,"2024":106,"2029":102},"Male population: 20 - 24 years":{"Demographic":null,"2020":367,"% OF TOTAL":14.7,"2024":395,"2029":351},"Male population: 25 - 29 years":{"Demographic":null,"2020":194,"% OF TOTAL":11.2,"2024":194,"2029":269},"Male population: 30 - 34 years":{"Demographic":null,"2020":118,"% OF TOTAL":6.4,"2024":131,"2029":153},"Male population: 35 - 39 years":{"Demographic":null,"2020":70,"% OF TOTAL":4.3,"2024":79,"2029":104},"Male population: 40 - 44 years":{"Demographic":null,"2020":68,"% OF TOTAL":3.6,"2024":82,"2029":86},"Male population: 45 - 49 years":{"Demographic":null,"2020":88,"% OF TOTAL":4.0,"2024":88,"2029":96},"Male population: 50 - 54 years":{"Demographic":null,"2020":89,"% OF TOTAL":4.0,"2024":95,"2029":96},"Male population: 55 - 59 years":{"Demographic":null,"2020":95,"% OF TOTAL":3.8,"2024":87,"2029":91},"Male population: 60 - 64 years":{"Demographic":null,"2020":114,"% OF TOTAL":4.8,"2024":123,"2029":115},"Male population: 65 - 69 years":{"Demographic":null,"2020":106,"% OF TOTAL":5.5,"2024":121,"2029":131},"Male population: 70 - 74 years":{"Demographic":null,"2020":113,"% OF TOTAL":5.5,"2024":116,"2029":131},"Male population: 75 - 79 years":{"Demographic":null,"2020":107,"% OF TOTAL":6.0,"2024":132,"2029":143},"Male population: 80 - 84 years":{"Demographic":null,"2020":97,"% OF TOTAL":6.0,"2024":114,"2029":144},"Male population: 85 years and over":{"Demographic":null,"2020":144,"% OF TOTAL":7.6,"2024":154,"2029":181},"White alone":{"Demographic":null,"2020":3224,"% OF TOTAL":72.9,"2024":3470,"2029":3775},"Black alone":{"Demographic":null,"2020":565,"% OF TOTAL":12.6,"2024":596,"2029":652},"American Indian and Alaska Native alone":{"Demographic":null,"2020":13,"% OF TOTAL":0.3,"2024":15,"2029":18},"Asian alone":{"Demographic":null,"2020":143,"% OF TOTAL":3.4,"2024":162,"2029":176},"Native Hawaiian and OPI alone":{"Demographic":null,"2020":4,"% OF TOTAL":0.1,"2024":4,"2029":4},"Some other race alone":{"Demographic":null,"2020":144,"% OF TOTAL":3.4,"2024":158,"2029":176},"Two or more races alone":{"Demographic":null,"2020":288,"% OF TOTAL":7.3,"2024":347,"2029":377},"Not Hispanic: White alone":{"Demographic":null,"2020":3142,"% OF TOTAL":70.8,"2024":3371,"2029":3666},"Not Hispanic: Black or African American alone":{"Demographic":null,"2020":549,"% OF TOTAL":12.2,"2024":578,"2029":631},"Not Hispanic: American Indian and Alaska Native alone":{"Demographic":null,"2020":11,"% OF TOTAL":0.3,"2024":12,"2029":14},"Not Hispanic: Asian alone":{"Demographic":null,"2020":141,"% OF TOTAL":3.3,"2024":159,"2029":173},"Not Hispanic: Native Hawaiian and OPI alone":{"Demographic":null,"2020":4,"% OF TOTAL":0.1,"2024":4,"2029":4},"Not Hispanic: Some Other Race alone":{"Demographic":null,"2020":37,"% OF TOTAL":0.8,"2024":40,"2029":44},"Not Hispanic: Two or More Races":{"Demographic":null,"2020":176,"% OF TOTAL":4.2,"2024":203,"2029":219},"Hispanic: White alone":{"Demographic":null,"2020":82,"% OF TOTAL":2.1,"2024":99,"2029":109},"Hispanic: Black or African American alone":{"Demographic":null,"2020":16,"% OF TOTAL":0.4,"2024":18,"2029":21},"Hispanic: American Indian and Alaska Native alone":{"Demographic":null,"2020":2,"% OF TOTAL":0.1,"2024":3,"2029":4},"Hispanic: Asian alone":{"Demographic":null,"2020":2,"% OF TOTAL":0.1,"2024":3,"2029":3},"Hispanic: Native Hawaiian and OPI alone":{"Demographic":null,"2020":0,"% OF TOTAL":0.0,"2024":0,"2029":0},"Hispanic: Some Other Race alone":{"Demographic":null,"2020":107,"% OF TOTAL":2.5,"2024":118,"2029":132},"Hispanic: Two or More Races":{"Demographic":null,"2020":112,"% OF TOTAL":3.1,"2024":144,"2029":158},"Educational Attainment: No High School Diploma":{"Demographic":null,"2020":264,"% OF TOTAL":null,"2024":298,"2029":null},"Educational Attainment: High School Diploma":{"Demographic":null,"2020":745,"% OF TOTAL":null,"2024":820,"2029":null},"Educational Attainment: Some College":{"Demographic":null,"2020":648,"% OF TOTAL":null,"2024":700,"2029":null},"Educational Attainment: Associates Degree":{"Demographic":null,"2020":330,"% OF TOTAL":null,"2024":353,"2029":null},"Educational Attainment: Bachelors Degree":{"Demographic":null,"2020":557,"% OF TOTAL":null,"2024":606,"2029":null},"Educational Attainment: Advanced Degree":{"Demographic":null,"2020":526,"% OF TOTAL":null,"2024":567,"2029":null},"Employment Status: Armed Forces":{"Demographic":null,"2020":0,"% OF TOTAL":null,"2024":0,"2029":null},"Employment Status: Civilian labor force employed":{"Demographic":null,"2020":1983,"% OF TOTAL":null,"2024":2137,"2029":null},"Employment Status: Civilian labor force unemployed":{"Demographic":null,"2020":112,"% OF TOTAL":null,"2024":122,"2029":null},"Employment Status: Not in labor force":{"Demographic":null,"2020":1901,"% OF TOTAL":null,"2024":2102,"2029":null},"Employed in Agriculture and Mining Industries":{"Demographic":null,"2020":0,"% OF TOTAL":null,"2024":0,"2029":null},"Employed in Construction Industries":{"Demographic":null,"2020":138,"% OF TOTAL":null,"2024":143,"2029":null},"Employed in Manufacturing Industries":{"Demographic":null,"2020":88,"% OF TOTAL":null,"2024":94,"2029":null},"Employed in Wholesale Industries":{"Demographic":null,"2020":3,"% OF TOTAL":null,"2024":3,"2029":null},"Employed in Retail Industries":{"Demographic":null,"2020":107,"% OF TOTAL":null,"2024":121,"2029":null},"Employed in Transportation and Utilities Industries":{"Demographic":null,"2020":93,"% OF TOTAL":null,"2024":96,"2029":null},"Employed in Information Industries":{"Demographic":null,"2020":168,"% OF TOTAL":null,"2024":175,"2029":null},"Employed in Real-Estate Industries":{"Demographic":null,"2020":201,"% OF TOTAL":null,"2024":211,"2029":null},"Employed in Professional Industries":{"Demographic":null,"2020":85,"% OF TOTAL":null,"2024":91,"2029":null},"Employed in Health and Education Industries":{"Demographic":null,"2020":703,"% OF TOTAL":null,"2024":764,"2029":null},"Employed in Art Industries":{"Demographic":null,"2020":333,"% OF TOTAL":null,"2024":366,"2029":null},"Employed in Other Industries":{"Demographic":null,"2020":45,"% OF TOTAL":null,"2024":51,"2029":null},"Employed in Public Administration Industries":{"Demographic":null,"2020":19,"% OF TOTAL":null,"2024":22,"2029":null},"Occupation: Management":{"Demographic":null,"2020":246,"% OF TOTAL":null,"2024":255,"2029":null},"Occupation: Business and financial operations":{"Demographic":null,"2020":226,"% OF TOTAL":null,"2024":237,"2029":null},"Occupation: Computer and mathematical":{"Demographic":null,"2020":80,"% OF TOTAL":null,"2024":84,"2029":null},"Occupation: Architecture and engineering":{"Demographic":null,"2020":11,"% OF TOTAL":null,"2024":12,"2029":null},"Occupation: Life, physical, and social science":{"Demographic":null,"2020":19,"% OF TOTAL":null,"2024":20,"2029":null},"Occupation: Community and social service":{"Demographic":null,"2020":11,"% OF TOTAL":null,"2024":12,"2029":null},"Occupation: Legal":{"Demographic":null,"2020":0,"% OF TOTAL":null,"2024":0,"2029":null},"Occupation: Education, training, and library":{"Demographic":null,"2020":311,"% OF TOTAL":null,"2024":329,"2029":null},"Occupation: Arts, design, entertainment, sports, and media":{"Demographic":null,"2020":9,"% OF TOTAL":null,"2024":10,"2029":null},"Occupation: Health diagnosing and treating practitioners":{"Demographic":null,"2020":30,"% OF TOTAL":null,"2024":33,"2029":null},"Occupation: Health technologists and technicians":{"Demographic":null,"2020":5,"% OF TOTAL":null,"2024":6,"2029":null},"Occupation: Healthcare support":{"Demographic":null,"2020":72,"% OF TOTAL":null,"2024":76,"2029":null},"Occupation: Fire fighting and prevention":{"Demographic":null,"2020":39,"% OF TOTAL":null,"2024":42,"2029":null},"Occupation: Law enforcement workers":{"Demographic":null,"2020":0,"% OF TOTAL":null,"2024":0,"2029":null},"Occupation: Food preparation and serving related":{"Demographic":null,"2020":246,"% OF TOTAL":null,"2024":270,"2029":null},"Occupation: Building and grounds cleaning and maintenance":{"Demographic":null,"2020":87,"% OF TOTAL":null,"2024":96,"2029":null},"Occupation: Personal care and service":{"Demographic":null,"2020":46,"% OF TOTAL":null,"2024":52,"2029":null},"Occupation: Sales and related":{"Demographic":null,"2020":106,"% OF TOTAL":null,"2024":120,"2029":null},"Occupation: Office and administrative support":{"Demographic":null,"2020":159,"% OF TOTAL":null,"2024":176,"2029":null},"Occupation: Farming, fishing, and forestry":{"Demographic":null,"2020":0,"% OF TOTAL":null,"2024":0,"2029":null},"Occupation: Construction and extraction":{"Demographic":null,"2020":21,"% OF TOTAL":null,"2024":24,"2029":null},"Occupation: Installation, maintenance, and repair":{"Demographic":null,"2020":45,"% OF TOTAL":null,"2024":50,"2029":null},"Occupation: Production":{"Demographic":null,"2020":66,"% OF TOTAL":null,"2024":75,"2029":null},"Occupation: Transportation":{"Demographic":null,"2020":56,"% OF TOTAL":null,"2024":59,"2029":null},"Occupation: Material moving":{"Demographic":null,"2020":92,"% OF TOTAL":null,"2024":99,"2029":null},"White collar":{"Demographic":null,"2020":1213,"% OF TOTAL":null,"2024":1294,"2029":null},"Blue collar":{"Demographic":null,"2020":770,"% OF TOTAL":null,"2024":843,"2029":null},"Means of transportation: Car, truck or van":{"Demographic":null,"2020":1214,"% OF TOTAL":null,"2024":1300,"2029":null},"Means of transportation: Public transportation":{"Demographic":null,"2020":7,"% OF TOTAL":null,"2024":8,"2029":null},"Means of transportation: Other":{"Demographic":null,"2020":212,"% OF TOTAL":null,"2024":239,"2029":null},"Travel time: Average (in minutes)":{"Demographic":null,"2020":20,"% OF TOTAL":null,"2024":20,"2029":null},"Travel time to work: Less than 30 minutes":{"Demographic":null,"2020":1316,"% OF TOTAL":null,"2024":1420,"2029":null},"Travel time to work: 30 to 60 minutes":{"Demographic":null,"2020":77,"% OF TOTAL":null,"2024":86,"2029":null},"Travel time to work: 60 or more minutes":{"Demographic":null,"2020":40,"% OF TOTAL":null,"2024":41,"2029":null}},"demographic_snapshot":{"Total Population":{"Demographic":null,"2020":4381,"% OF TOTAL":null,"2024":4752,"2029":5178},"Households":{"Demographic":null,"2020":1555,"% OF TOTAL":null,"2024":1771,"2029":2026},"Population in Group Quarters":{"Demographic":null,"2020":1133,"% OF TOTAL":null,"2024":1119,"2029":1105},"Households Growth":{"Demographic":null,"2020":null,"% OF TOTAL":null,"2024":13.9,"2029":14.4},"Household Income: Median":{"Demographic":null,"2020":0,"% OF TOTAL":null,"2024":34906,"2029":72436},"Home Value: Median":{"Demographic":null,"2020":196539,"% OF TOTAL":null,"2024":196646,"2029":null},"Population Growth":{"Demographic":null,"2020":null,"% OF TOTAL":null,"2024":8.5,"2029":9.0},"Total Population: Under 19 years":{"Demographic":null,"2020":578,"% OF TOTAL":12.3,"2024":623,"2029":638},"Total Population: 20 - 64 years":{"Demographic":null,"2020":2359,"% OF TOTAL":51.9,"2024":2500,"2029":2688},"Total Population: 65 years and over":{"Demographic":null,"2020":1444,"% OF TOTAL":35.8,"2024":1629,"2029":1852},"Total population: Median age":{"Demographic":null,"2020":44,"% OF TOTAL":null,"2024":44,"2029":45},"Total population: Under 5 years":{"Demographic":null,"2020":127,"% OF TOTAL":3.2,"2024":132,"2029":165},"Total population: 5 - 9 years":{"Demographic":null,"2020":113,"% OF TOTAL":2.4,"2024":120,"2029":122},"Total population: 10 - 14 years":{"Demographic":null,"2020":120,"% OF TOTAL":2.5,"2024":126,"2029":128},"Total population: 15 - 19 years":{"Demographic":null,"2020":218,"% OF TOTAL":4.3,"2024":245,"2029":223},"Total population: 20 - 24 years":{"Demographic":null,"2020":733,"% OF TOTAL":13.6,"2024":785,"2029":705},"Total population: 25 - 29 years":{"Demographic":null,"2020":330,"% OF TOTAL":9.8,"2024":334,"2029":505},"Total population: 30 - 34 years":{"Demographic":null,"2020":228,"% OF TOTAL":5.5,"2024":253,"2029":286},"Total population: 35 - 39 years":{"Demographic":null,"2020":144,"% OF TOTAL":3.9,"2024":160,"2029":204},"Total population: 40 - 44 years":{"Demographic":null,"2020":153,"% OF TOTAL":3.5,"2024":178,"2029":182},"Total population: 45 - 49 years":{"Demographic":null,"2020":170,"% OF TOTAL":3.7,"2024":172,"2029":194},"Total population: 50 - 54 years":{"Demographic":null,"2020":179,"% OF TOTAL":3.7,"2024":190,"2029":194},"Total population: 55 - 59 years":{"Demographic":null,"2020":192,"% OF TOTAL":3.6,"2024":181,"2029":188},"Total population: 60 - 64 years":{"Demographic":null,"2020":230,"% OF TOTAL":4.4,"2024":247,"2029":230},"Total population: 65 - 69 years":{"Demographic":null,"2020":235,"% OF TOTAL":5.3,"2024":264,"2029":276},"Total population: 70 - 74 years":{"Demographic":null,"2020":275,"% OF TOTAL":6.0,"2024":290,"2029":312},"Total population: 75 - 79 years":{"Demographic":null,"2020":312,"% OF TOTAL":7.9,"2024":386,"2029":411},"Total population: 80 - 84 years":{"Demographic":null,"2020":244,"% OF TOTAL":7.4,"2024":288,"2029":383},"Total population: 85 years and over":{"Demographic":null,"2020":378,"% OF TOTAL":9.1,"2024":401,"2029":470},"Householders Age 15-24":{"Demographic":null,"2020":287,"% OF TOTAL":16.3,"2024":342,"2029":331},"Householders Age 25-34":{"Demographic":null,"2020":275,"% OF TOTAL":22.5,"2024":315,"2029":455},"Householders Age 35-44":{"Demographic":null,"2020":182,"% OF TOTAL":12.0,"2024":206,"2029":243},"Householders Age 45-54":{"Demographic":null,"2020":181,"% OF TOTAL":11.4,"2024":205,"2029":230},"Householders Age 55-64":{"Demographic":null,"2020":223,"% OF TOTAL":12.6,"2024":251,"2029":256},"Householders Age 65-74":{"Demographic":null,"2020":204,"% OF TOTAL":11.9,"2024":227,"2029":242},"Householders Age 75+":{"Demographic":null,"2020":203,"% OF TOTAL":13.3,"2024":225,"2029":269},"Household income: Average":{"Demographic":null,"2020":70999,"% OF TOTAL":null,"2024":76930,"2029":109301},"Household income: Less than 25k":{"Demographic":null,"2020":323,"% OF TOTAL":15.5,"2024":361,"2029":315},"Household income: 25k - 50k":{"Demographic":null,"2020":397,"% OF TOTAL":23.5,"2024":484,"2029":477},"Household income: 50k - 75k":{"Demographic":null,"2020":324,"% OF TOTAL":12.3,"2024":288,"2029":249},"Household income: 75k - 100k":{"Demographic":null,"2020":188,"% OF TOTAL":8.3,"2024":188,"2029":168},"Household income: 100k - 125k":{"Demographic":null,"2020":147,"% OF TOTAL":13.9,"2024":200,"2029":282},"Household income: 125k - 150k":{"Demographic":null,"2020":80,"% OF TOTAL":8.0,"2024":107,"2029":163},"Household income: 150k - 200k":{"Demographic":null,"2020":25,"% OF TOTAL":3.5,"2024":37,"2029":71},"Household income: Above 200k":{"Demographic":null,"2020":71,"% OF TOTAL":14.9,"2024":106,"2029":301},"White Alone":{"Demographic":null,"2020":3224,"% OF TOTAL":72.9,"2024":3470,"2029":3775},"Black or African American Alone":{"Demographic":null,"2020":565,"% OF TOTAL":12.6,"2024":596,"2029":652},"American Indian and Alaska Native Alone":{"Demographic":null,"2020":13,"% OF TOTAL":0.3,"2024":15,"2029":18},"Asian Alone":{"Demographic":null,"2020":143,"% OF TOTAL":3.4,"2024":162,"2029":176},"Native Hawaiian and OPI Alone":{"Demographic":null,"2020":4,"% OF TOTAL":0.1,"2024":4,"2029":4},"Some Other Race Alone":{"Demographic":null,"2020":144,"% OF TOTAL":3.4,"2024":158,"2029":176},"Two or More Races Alone":{"Demographic":null,"2020":288,"% OF TOTAL":7.3,"2024":347,"2029":377},"Not Hispanic or Latino":{"Demographic":null,"2020":4060,"% OF TOTAL":91.8,"2024":4367,"2029":4751},"Hispanic or Latino":{"Demographic":null,"2020":321,"% OF TOTAL":8.2,"2024":385,"2029":427},"Total Housing Units":{"Demographic":null,"2020":2009,"% OF TOTAL":null,"2024":null,"2029":null},"Owner Occupied Housing Units":{"Demographic":null,"2020":695,"% OF TOTAL":null,"2024":770,"2029":null},"Renter Occupied Housing Units":{"Demographic":null,"2020":860,"% OF TOTAL":null,"2024":1001,"2029":null},"Housing Units Value Less Than 100k":{"Demographic":null,"2020":28,"% OF TOTAL":null,"2024":31,"2029":null},"Housing Units Value 100k - 200k":{"Demographic":null,"2020":154,"% OF TOTAL":null,"2024":184,"2029":null},"Housing Units Value 200k - 250k":{"Demographic":null,"2020":111,"% OF TOTAL":null,"2024":123,"2029":null},"Housing Units Value 250k - 300k":{"Demographic":null,"2020":90,"% OF TOTAL":null,"2024":102,"2029":null},"Housing Units Value 300k - 400k":{"Demographic":null,"2020":240,"% OF TOTAL":null,"2024":252,"2029":null},"Housing Units Value 400k - 500k":{"Demographic":null,"2020":65,"% OF TOTAL":null,"2024":69,"2029":null},"Housing Units Value 500k - 750k":{"Demographic":null,"2020":0,"% OF TOTAL":null,"2024":0,"2029":null},"Housing Units Value 750k - 1m":{"Demographic":null,"2020":7,"% OF TOTAL":null,"2024":9,"2029":null},"Housing Units Value 1m - 1.5m":{"Demographic":null,"2020":0,"% OF TOTAL":null,"2024":0,"2029":null},"Housing Units Value 1.5m - 2m":{"Demographic":null,"2020":0,"% OF TOTAL":null,"2024":0,"2029":null},"Housing Units Value >2m":{"Demographic":null,"2020":0,"% OF TOTAL":null,"2024":0,"2029":null},"Take Car or Truck to Work":{"Demographic":null,"2020":1214,"% OF TOTAL":null,"2024":1300,"2029":null},"Take Public Transportation to Work":{"Demographic":null,"2020":7,"% OF TOTAL":null,"2024":8,"2029":null},"Take Other Means of Transportation to Work":{"Demographic":null,"2020":212,"% OF TOTAL":null,"2024":239,"2029":null},"Average Travel Time (min)":{"Demographic":null,"2020":21,"% OF TOTAL":null,"2024":21,"2029":null},"Travel Below 30 Min to Work":{"Demographic":null,"2020":1316,"% OF TOTAL":null,"2024":1420,"2029":null},"Travel 30-60 Min to Work":{"Demographic":null,"2020":77,"% OF TOTAL":null,"2024":86,"2029":null},"Travel Above 60 Min to Work":{"Demographic":null,"2020":81,"% OF TOTAL":null,"2024":41,"2029":null},"Educational Attainment: No High School Diploma":{"Demographic":null,"2020":1009,"% OF TOTAL":null,"2024":1118,"2029":null},"Educational Attainment: High School Diploma":{"Demographic":null,"2020":745,"% OF TOTAL":null,"2024":820,"2029":null},"Educational Attainment: Some College":{"Demographic":null,"2020":1535,"% OF TOTAL":null,"2024":1659,"2029":null},"Educational Attainment: Associate's Degree":{"Demographic":null,"2020":330,"% OF TOTAL":null,"2024":353,"2029":null},"Educational Attainment: Bachelors Degree":{"Demographic":null,"2020":557,"% OF TOTAL":null,"2024":606,"2029":null},"Educational Attainment: Advanced Degree":{"Demographic":null,"2020":526,"% OF TOTAL":null,"2024":567,"2029":null},"Households: Number of vehicles available - Average":{"Demographic":null,"2020":1,"% OF TOTAL":null,"2024":1,"2029":null},"Households: No Vehicle available":{"Demographic":null,"2020":156,"% OF TOTAL":null,"2024":181,"2029":null},"Households: 1 Vehicle available":{"Demographic":null,"2020":756,"% OF TOTAL":null,"2024":871,"2029":null},"Households: 2 Vehicles available":{"Demographic":null,"2020":496,"% OF TOTAL":null,"2024":549,"2029":null},"Households: 3 Vehicles available":{"Demographic":null,"2020":74,"% OF TOTAL":null,"2024":84,"2029":null},"Households: 4 or more Vehicles available":{"Demographic":null,"2020":73,"% OF TOTAL":null,"2024":86,"2029":null}},"household_trends":{"Households":{"Demographic":null,"2020":1555,"% OF TOTAL":null,"2024":1771,"2029":2026},"Households Growth":{"Demographic":null,"2020":null,"% OF TOTAL":null,"2024":13.9,"2029":14.4},"Householder Age 15-24":{"Demographic":null,"2020":287,"% OF TOTAL":16.3,"2024":342,"2029":331},"Householder Age 25-34":{"Demographic":null,"2020":275,"% OF TOTAL":22.5,"2024":315,"2029":455},"Householder Age 35-44":{"Demographic":null,"2020":182,"% OF TOTAL":12.0,"2024":206,"2029":243},"Householder Age 45-54":{"Demographic":null,"2020":181,"% OF TOTAL":11.4,"2024":205,"2029":230},"Householder Age 55-64":{"Demographic":null,"2020":223,"% OF TOTAL":12.6,"2024":251,"2029":256},"Householder Age 65-74":{"Demographic":null,"2020":204,"% OF TOTAL":11.9,"2024":227,"2029":242},"Householder Age 75+":{"Demographic":null,"2020":203,"% OF TOTAL":13.3,"2024":225,"2029":269},"Average Household Size":{"Demographic":null,"2020":2.1,"% OF TOTAL":null,"2024":2.1,"2029":2},"1 Person Households":{"Demographic":null,"2020":580,"% OF TOTAL":40.2,"2024":699,"2029":815},"2 Person Households":{"Demographic":null,"2020":545,"% OF TOTAL":35.6,"2024":639,"2029":721},"3 Person Households":{"Demographic":null,"2020":204,"% OF TOTAL":14.2,"2024":249,"2029":288},"4 Person Households":{"Demographic":null,"2020":146,"% OF TOTAL":6.7,"2024":123,"2029":136},"5 Person Households":{"Demographic":null,"2020":34,"% OF TOTAL":1.2,"2024":23,"2029":25},"6 Person Households":{"Demographic":null,"2020":20,"% OF TOTAL":0.7,"2024":14,"2029":15},"7+ Person Households":{"Demographic":null,"2020":26,"% OF TOTAL":1.3,"2024":24,"2029":26},"Household Type: Family":{"Demographic":null,"2020":766,"% OF TOTAL":null,"2024":855,"2029":null},"Household Type: Married Family":{"Demographic":null,"2020":542,"% OF TOTAL":null,"2024":596,"2029":null},"Household Type: Married Family With Children":{"Demographic":null,"2020":172,"% OF TOTAL":null,"2024":190,"2029":null},"Household Type: Married Family Without Children":{"Demographic":null,"2020":370,"% OF TOTAL":null,"2024":406,"2029":null},"Household Type: Other Family":{"Demographic":null,"2020":224,"% OF TOTAL":null,"2024":259,"2029":null},"Household Type: Male Households, No Wife":{"Demographic":null,"2020":58,"% OF TOTAL":null,"2024":67,"2029":null},"Household Type: Male Households, No Wife With Children":{"Demographic":null,"2020":24,"% OF TOTAL":null,"2024":27,"2029":null},"Household Type: Male Households, No Wife Without Children":{"Demographic":null,"2020":34,"% OF TOTAL":null,"2024":40,"2029":null},"Household Type: Female Households, No Husband":{"Demographic":null,"2020":166,"% OF TOTAL":null,"2024":192,"2029":null},"Household Type: Female Households, No Husband With Children":{"Demographic":null,"2020":57,"% OF TOTAL":null,"2024":65,"2029":null},"Household Type: Female Households, No Husband Without Children":{"Demographic":null,"2020":109,"% OF TOTAL":null,"2024":127,"2029":null},"Household Income: Average":{"Demographic":null,"2020":70999,"% OF TOTAL":null,"2024":76930,"2029":109301},"Household Income: Median":{"Demographic":null,"2020":0,"% OF TOTAL":null,"2024":34906,"2029":72436},"Household Income: Less than $25k":{"Demographic":null,"2020":323,"% OF TOTAL":15.5,"2024":361,"2029":315},"Household Income: $25k - $50k":{"Demographic":null,"2020":397,"% OF TOTAL":23.5,"2024":484,"2029":477},"Household Income: $50k - $75k":{"Demographic":null,"2020":324,"% OF TOTAL":12.3,"2024":288,"2029":249},"Household Income: $75k - $100k":{"Demographic":null,"2020":188,"% OF TOTAL":8.3,"2024":188,"2029":168},"Household Income: $100k - $125k":{"Demographic":null,"2020":147,"% OF TOTAL":13.9,"2024":200,"2029":282},"Household Income: $125k - $150k":{"Demographic":null,"2020":80,"% OF TOTAL":8.0,"2024":107,"2029":163},"Household Income: $150k - $200k":{"Demographic":null,"2020":25,"% OF TOTAL":3.5,"2024":37,"2029":71},"Household Income: Above $200k":{"Demographic":null,"2020":71,"% OF TOTAL":14.9,"2024":106,"2029":301},"Total Housing Units":{"Demographic":null,"2020":2009,"% OF TOTAL":null,"2024":null,"2029":null},"Owner Occupied Housing Units":{"Demographic":null,"2020":695,"% OF TOTAL":null,"2024":770,"2029":null},"Renter Occupied Housing Units":{"Demographic":null,"2020":860,"% OF TOTAL":null,"2024":1001,"2029":null},"Vacant Housing Units":{"Demographic":null,"2020":454,"% OF TOTAL":null,"2024":null,"2029":null},"Vacant Housing Units: Seasonal":{"Demographic":null,"2020":10,"% OF TOTAL":null,"2024":null,"2029":null},"Vacant Housing Units: Other Usage":{"Demographic":null,"2020":444,"% OF TOTAL":null,"2024":null,"2029":null},"Average Housing Unit Value":{"Demographic":null,"2020":271774,"% OF TOTAL":null,"2024":272028,"2029":null},"Median Housing Unit Value":{"Demographic":null,"2020":196539,"% OF TOTAL":null,"2024":196646,"2029":null},"Housing Unit Value Less Than $100k":{"Demographic":null,"2020":28,"% OF TOTAL":null,"2024":31,"2029":null},"Housing Unit Value $100k-$200k":{"Demographic":null,"2020":154,"% OF TOTAL":null,"2024":184,"2029":null},"Housing Unit Value $200k-$250k":{"Demographic":null,"2020":111,"% OF TOTAL":null,"2024":123,"2029":null},"Housing Unit Value $250k-$300k":{"Demographic":null,"2020":90,"% OF TOTAL":null,"2024":102,"2029":null},"Housing Unit Value $300k-$400k":{"Demographic":null,"2020":240,"% OF TOTAL":null,"2024":252,"2029":null},"Housing Unit Value $400k-$500k":{"Demographic":null,"2020":65,"% OF TOTAL":null,"2024":69,"2029":null},"Housing Unit Value $500k-$750k":{"Demographic":null,"2020":0,"% OF TOTAL":null,"2024":0,"2029":null},"Housing Unit Value $750k-$1m":{"Demographic":null,"2020":7,"% OF TOTAL":null,"2024":9,"2029":null},"Housing Unit Value $1m-$1.5m":{"Demographic":null,"2020":0,"% OF TOTAL":null,"2024":0,"2029":null},"Housing Unit Value $1.5m-$2m":{"Demographic":null,"2020":0,"% OF TOTAL":null,"2024":0,"2029":null},"Housing Unit Value Above $2m":{"Demographic":null,"2020":0,"% OF TOTAL":null,"2024":0,"2029":null},"Median Housing Unit Year Built":{"Demographic":null,"2020":1983,"% OF TOTAL":null,"2024":1983,"2029":null},"Housing Units Built 2014 Or After":{"Demographic":null,"2020":6,"% OF TOTAL":null,"2024":8,"2029":null},"Housing Units Built 2010-2013":{"Demographic":null,"2020":66,"% OF TOTAL":null,"2024":83,"2029":null},"Housing Units Built 2000-2009":{"Demographic":null,"2020":156,"% OF TOTAL":null,"2024":196,"2029":null},"Housing Units Built 1990-1999":{"Demographic":null,"2020":314,"% OF TOTAL":null,"2024":349,"2029":null},"Housing Units Built 1980-1989":{"Demographic":null,"2020":454,"% OF TOTAL":null,"2024":506,"2029":null},"Housing Units Built 1970-1979":{"Demographic":null,"2020":252,"% OF TOTAL":null,"2024":281,"2029":null},"Housing Units Built 1960-1969":{"Demographic":null,"2020":176,"% OF TOTAL":null,"2024":206,"2029":null},"Housing Units Built 1950-1959":{"Demographic":null,"2020":14,"% OF TOTAL":null,"2024":18,"2029":null},"Housing Units Built 1940-1949":{"Demographic":null,"2020":5,"% OF TOTAL":null,"2024":6,"2029":null},"Housing Units Built Before 1940":{"Demographic":null,"2020":112,"% OF TOTAL":null,"2024":118,"2029":null}}},"geometry":{"type":"Polygon","coordinates":[[[-87.20476747637916,30.551884028553918],[-87.20476747637916,30.53227035050361],[-87.23835803038162,30.53277083223572],[-87.23835803038162,30.560376149187356],[-87.21214363085706,30.560376149187356],[-87.20476747637916,30.551884028553918]]]}},{"type":"Feature","properties":{"block":"037","block_num":37,"submarket":"Cantonment","CentroidLon":-87.41449223867735,"CentroidLat":30.545944403500798,"data_status":"usable","is_anomalous":false,"anomaly_reason":null,"files_present":"ConsumerSegmentation-26.08.10.csv;DemographicSnapshot-26.08.10.csv;HouseholdIncomeByAge-26.08.10.csv;HouseholdTrends-26.08.10.csv;PopulationTrends-26.08.10.csv","population_2024":1530,"population_2029":1471,"households_2024":517,"households_2029":504,"median_household_income_2024":91635,"median_household_income_2029":95066,"mean_household_income_2024":null,"mean_household_income_2029":null,"median_age_2024":39,"median_age_2029":40,"median_home_value_2024":337037,"average_household_size_2024":2.9,"average_household_size_2029":2.9,"population_growth_2024_2029":-5.4,"households_growth_2024_2029":-4.3,"consumer_segments":{"Simple Life Moderate Income With Children":{"households":144,"pct":31.2},"Simple Life Moderate Income No Children":{"households":91,"pct":19.7},"Family Life Young Children":{"households":74,"pct":16.1},"Active Adult Elite":{"households":70,"pct":15.2},"Renters":{"households":30,"pct":6.5},"Simple Life Affluent No Children":{"households":21,"pct":4.6},"Active Adult Feature and Location":{"households":12,"pct":2.6},"Active Adult Entry Level":{"households":12,"pct":2.6},"Renters Near Term Buyers":{"households":7,"pct":1.5},"Elite":{"households":0,"pct":0.0},"Family Life School Age Children":{"households":0,"pct":0.0},"Feature and Location":{"households":0,"pct":0.0},"Entry Level Urban":{"households":0,"pct":0.0},"Entry Level Suburban":{"households":0,"pct":0.0}},"income_age":{"2020":{},"2024":{},"2029":{}},"population_trends":{"Total Population":{"Demographic":null,"2020":1617,"% OF TOTAL":null,"2024":1530,"2029":1471},"Population Growth":{"Demographic":null,"2020":null,"% OF TOTAL":null,"2024":-5.4,"2029":-3.9},"Female Population":{"Demographic":null,"2020":823,"% OF TOTAL":51.0,"2024":780,"2029":750},"Male Population":{"Demographic":null,"2020":794,"% OF TOTAL":49.0,"2024":750,"2029":721},"Total population: Median Age":{"Demographic":null,"2020":38,"% OF TOTAL":null,"2024":39,"2029":40},"Total population: Under 5 years":{"Demographic":null,"2020":111,"% OF TOTAL":6.3,"2024":101,"2029":93},"Total population: 5 - 9 years":{"Demographic":null,"2020":87,"% OF TOTAL":5.2,"2024":83,"2029":77},"Total population: 10 - 14 years":{"Demographic":null,"2020":142,"% OF TOTAL":7.1,"2024":130,"2029":104},"Total population: 15 - 19 years":{"Demographic":null,"2020":129,"% OF TOTAL":8.2,"2024":127,"2029":121},"Total population: 20 - 24 years":{"Demographic":null,"2020":65,"% OF TOTAL":5.6,"2024":61,"2029":82},"Total population: 25 - 29 years":{"Demographic":null,"2020":76,"% OF TOTAL":4.3,"2024":69,"2029":63},"Total population: 30 - 34 years":{"Demographic":null,"2020":103,"% OF TOTAL":5.6,"2024":99,"2029":83},"Total population: 35 - 39 years":{"Demographic":null,"2020":121,"% OF TOTAL":7.5,"2024":119,"2029":110},"Total population: 40 - 44 years":{"Demographic":null,"2020":115,"% OF TOTAL":7.7,"2024":118,"2029":113},"Total population: 45 - 49 years":{"Demographic":null,"2020":114,"% OF TOTAL":7.1,"2024":102,"2029":105},"Total population: 50 - 54 years":{"Demographic":null,"2020":112,"% OF TOTAL":6.9,"2024":109,"2029":102},"Total population: 55 - 59 years":{"Demographic":null,"2020":91,"% OF TOTAL":5.3,"2024":73,"2029":78},"Total population: 60 - 64 years":{"Demographic":null,"2020":126,"% OF TOTAL":6.4,"2024":119,"2029":94},"Total population: 65 - 69 years":{"Demographic":null,"2020":90,"% OF TOTAL":6.2,"2024":87,"2029":91},"Total population: 70 - 74 years":{"Demographic":null,"2020":57,"% OF TOTAL":4.2,"2024":53,"2029":62},"Total population: 75 - 79 years":{"Demographic":null,"2020":42,"% OF TOTAL":3.3,"2024":45,"2029":48},"Total population: 80 - 84 years":{"Demographic":null,"2020":21,"% OF TOTAL":1.9,"2024":21,"2029":28},"Total population: 85 years and over":{"Demographic":null,"2020":15,"% OF TOTAL":1.2,"2024":14,"2029":17},"Female population: Median Age":{"Demographic":null,"2020":38,"% OF TOTAL":null,"2024":38,"2029":39},"Female population: Under 5 years":{"Demographic":null,"2020":59,"% OF TOTAL":6.5,"2024":54,"2029":49},"Female population: 5 - 9 years":{"Demographic":null,"2020":45,"% OF TOTAL":5.3,"2024":43,"2029":40},"Female population: 10 - 14 years":{"Demographic":null,"2020":69,"% OF TOTAL":6.8,"2024":63,"2029":51},"Female population: 15 - 19 years":{"Demographic":null,"2020":73,"% OF TOTAL":8.5,"2024":70,"2029":64},"Female population: 20 - 24 years":{"Demographic":null,"2020":27,"% OF TOTAL":5.2,"2024":25,"2029":39},"Female population: 25 - 29 years":{"Demographic":null,"2020":42,"% OF TOTAL":4.7,"2024":41,"2029":35},"Female population: 30 - 34 years":{"Demographic":null,"2020":54,"% OF TOTAL":5.9,"2024":51,"2029":44},"Female population: 35 - 39 years":{"Demographic":null,"2020":65,"% OF TOTAL":7.7,"2024":64,"2029":58},"Female population: 40 - 44 years":{"Demographic":null,"2020":59,"% OF TOTAL":7.6,"2024":59,"2029":57},"Female population: 45 - 49 years":{"Demographic":null,"2020":51,"% OF TOTAL":6.5,"2024":46,"2029":49},"Female population: 50 - 54 years":{"Demographic":null,"2020":60,"% OF TOTAL":7.1,"2024":58,"2029":53},"Female population: 55 - 59 years":{"Demographic":null,"2020":40,"% OF TOTAL":5.1,"2024":32,"2029":38},"Female population: 60 - 64 years":{"Demographic":null,"2020":62,"% OF TOTAL":6.0,"2024":59,"2029":45},"Female population: 65 - 69 years":{"Demographic":null,"2020":50,"% OF TOTAL":6.7,"2024":49,"2029":50},"Female population: 70 - 74 years":{"Demographic":null,"2020":27,"% OF TOTAL":4.3,"2024":25,"2029":32},"Female population: 75 - 79 years":{"Demographic":null,"2020":20,"% OF TOTAL":3.1,"2024":22,"2029":23},"Female population: 80 - 84 years":{"Demographic":null,"2020":10,"% OF TOTAL":1.7,"2024":10,"2029":13},"Female population: 85 years and over":{"Demographic":null,"2020":10,"% OF TOTAL":1.3,"2024":9,"2029":10},"Male population: Median Age":{"Demographic":null,"2020":39,"% OF TOTAL":null,"2024":39,"2029":40},"Male population: Under 5 years":{"Demographic":null,"2020":52,"% OF TOTAL":6.1,"2024":47,"2029":44},"Male population: 5 - 9 years":{"Demographic":null,"2020":42,"% OF TOTAL":5.1,"2024":40,"2029":37},"Male population: 10 - 14 years":{"Demographic":null,"2020":73,"% OF TOTAL":7.4,"2024":67,"2029":53},"Male population: 15 - 19 years":{"Demographic":null,"2020":56,"% OF TOTAL":7.9,"2024":57,"2029":57},"Male population: 20 - 24 years":{"Demographic":null,"2020":38,"% OF TOTAL":6.0,"2024":36,"2029":43},"Male population: 25 - 29 years":{"Demographic":null,"2020":34,"% OF TOTAL":3.9,"2024":28,"2029":28},"Male population: 30 - 34 years":{"Demographic":null,"2020":49,"% OF TOTAL":5.4,"2024":48,"2029":39},"Male population: 35 - 39 years":{"Demographic":null,"2020":56,"% OF TOTAL":7.2,"2024":55,"2029":52},"Male population: 40 - 44 years":{"Demographic":null,"2020":56,"% OF TOTAL":7.8,"2024":59,"2029":56},"Male population: 45 - 49 years":{"Demographic":null,"2020":63,"% OF TOTAL":7.8,"2024":56,"2029":56},"Male population: 50 - 54 years":{"Demographic":null,"2020":52,"% OF TOTAL":6.8,"2024":51,"2029":49},"Male population: 55 - 59 years":{"Demographic":null,"2020":51,"% OF TOTAL":5.5,"2024":41,"2029":40},"Male population: 60 - 64 years":{"Demographic":null,"2020":64,"% OF TOTAL":6.8,"2024":60,"2029":49},"Male population: 65 - 69 years":{"Demographic":null,"2020":40,"% OF TOTAL":5.7,"2024":38,"2029":41},"Male population: 70 - 74 years":{"Demographic":null,"2020":30,"% OF TOTAL":4.2,"2024":28,"2029":30},"Male population: 75 - 79 years":{"Demographic":null,"2020":22,"% OF TOTAL":3.5,"2024":23,"2029":25},"Male population: 80 - 84 years":{"Demographic":null,"2020":11,"% OF TOTAL":2.1,"2024":11,"2029":15},"Male population: 85 years and over":{"Demographic":null,"2020":5,"% OF TOTAL":1.0,"2024":5,"2029":7},"White alone":{"Demographic":null,"2020":1214,"% OF TOTAL":74.1,"2024":1134,"2029":1090},"Black alone":{"Demographic":null,"2020":128,"% OF TOTAL":7.5,"2024":116,"2029":111},"American Indian and Alaska Native alone":{"Demographic":null,"2020":11,"% OF TOTAL":0.8,"2024":12,"2029":12},"Asian alone":{"Demographic":null,"2020":64,"% OF TOTAL":4.2,"2024":64,"2029":62},"Native Hawaiian and OPI alone":{"Demographic":null,"2020":0,"% OF TOTAL":0.0,"2024":0,"2029":0},"Some other race alone":{"Demographic":null,"2020":23,"% OF TOTAL":1.4,"2024":22,"2029":21},"Two or more races alone":{"Demographic":null,"2020":177,"% OF TOTAL":11.9,"2024":182,"2029":175},"Not Hispanic: White alone":{"Demographic":null,"2020":1179,"% OF TOTAL":71.8,"2024":1099,"2029":1056},"Not Hispanic: Black or African American alone":{"Demographic":null,"2020":120,"% OF TOTAL":7.1,"2024":109,"2029":104},"Not Hispanic: American Indian and Alaska Native alone":{"Demographic":null,"2020":8,"% OF TOTAL":0.5,"2024":8,"2029":8},"Not Hispanic: Asian alone":{"Demographic":null,"2020":60,"% OF TOTAL":3.9,"2024":59,"2029":57},"Not Hispanic: Native Hawaiian and OPI alone":{"Demographic":null,"2020":0,"% OF TOTAL":0.0,"2024":0,"2029":0},"Not Hispanic: Some Other Race alone":{"Demographic":null,"2020":6,"% OF TOTAL":0.4,"2024":6,"2029":6},"Not Hispanic: Two or More Races":{"Demographic":null,"2020":132,"% OF TOTAL":8.7,"2024":133,"2029":128},"Hispanic: White alone":{"Demographic":null,"2020":35,"% OF TOTAL":2.3,"2024":35,"2029":34},"Hispanic: Black or African American alone":{"Demographic":null,"2020":8,"% OF TOTAL":0.5,"2024":7,"2029":7},"Hispanic: American Indian and Alaska Native alone":{"Demographic":null,"2020":3,"% OF TOTAL":0.3,"2024":4,"2029":4},"Hispanic: Asian alone":{"Demographic":null,"2020":4,"% OF TOTAL":0.3,"2024":5,"2029":5},"Hispanic: Native Hawaiian and OPI alone":{"Demographic":null,"2020":0,"% OF TOTAL":0.0,"2024":0,"2029":0},"Hispanic: Some Other Race alone":{"Demographic":null,"2020":17,"% OF TOTAL":1.0,"2024":16,"2029":15},"Hispanic: Two or More Races":{"Demographic":null,"2020":45,"% OF TOTAL":3.2,"2024":49,"2029":47},"Educational Attainment: No High School Diploma":{"Demographic":null,"2020":152,"% OF TOTAL":null,"2024":144,"2029":null},"Educational Attainment: High School Diploma":{"Demographic":null,"2020":201,"% OF TOTAL":null,"2024":191,"2029":null},"Educational Attainment: Some College":{"Demographic":null,"2020":230,"% OF TOTAL":null,"2024":218,"2029":null},"Educational Attainment: Associates Degree":{"Demographic":null,"2020":143,"% OF TOTAL":null,"2024":136,"2029":null},"Educational Attainment: Bachelors Degree":{"Demographic":null,"2020":214,"% OF TOTAL":null,"2024":203,"2029":null},"Educational Attainment: Advanced Degree":{"Demographic":null,"2020":143,"% OF TOTAL":null,"2024":136,"2029":null},"Employment Status: Armed Forces":{"Demographic":null,"2020":15,"% OF TOTAL":null,"2024":15,"2029":null},"Employment Status: Civilian labor force employed":{"Demographic":null,"2020":517,"% OF TOTAL":null,"2024":502,"2029":null},"Employment Status: Civilian labor force unemployed":{"Demographic":null,"2020":0,"% OF TOTAL":null,"2024":0,"2029":null},"Employment Status: Not in labor force":{"Demographic":null,"2020":712,"% OF TOTAL":null,"2024":693,"2029":null},"Employed in Agriculture and Mining Industries":{"Demographic":null,"2020":78,"% OF TOTAL":null,"2024":76,"2029":null},"Employed in Construction Industries":{"Demographic":null,"2020":38,"% OF TOTAL":null,"2024":37,"2029":null},"Employed in Manufacturing Industries":{"Demographic":null,"2020":0,"% OF TOTAL":null,"2024":0,"2029":null},"Employed in Wholesale Industries":{"Demographic":null,"2020":44,"% OF TOTAL":null,"2024":43,"2029":null},"Employed in Retail Industries":{"Demographic":null,"2020":174,"% OF TOTAL":null,"2024":169,"2029":null},"Employed in Transportation and Utilities Industries":{"Demographic":null,"2020":0,"% OF TOTAL":null,"2024":0,"2029":null},"Employed in Information Industries":{"Demographic":null,"2020":0,"% OF TOTAL":null,"2024":0,"2029":null},"Employed in Real-Estate Industries":{"Demographic":null,"2020":0,"% OF TOTAL":null,"2024":0,"2029":null},"Employed in Professional Industries":{"Demographic":null,"2020":25,"% OF TOTAL":null,"2024":24,"2029":null},"Employed in Health and Education Industries":{"Demographic":null,"2020":102,"% OF TOTAL":null,"2024":99,"2029":null},"Employed in Art Industries":{"Demographic":null,"2020":0,"% OF TOTAL":null,"2024":0,"2029":null},"Employed in Other Industries":{"Demographic":null,"2020":10,"% OF TOTAL":null,"2024":10,"2029":null},"Employed in Public Administration Industries":{"Demographic":null,"2020":46,"% OF TOTAL":null,"2024":44,"2029":null},"Occupation: Management":{"Demographic":null,"2020":18,"% OF TOTAL":null,"2024":17,"2029":null},"Occupation: Business and financial operations":{"Demographic":null,"2020":18,"% OF TOTAL":null,"2024":17,"2029":null},"Occupation: Computer and mathematical":{"Demographic":null,"2020":0,"% OF TOTAL":null,"2024":0,"2029":null},"Occupation: Architecture and engineering":{"Demographic":null,"2020":12,"% OF TOTAL":null,"2024":12,"2029":null},"Occupation: Life, physical, and social science":{"Demographic":null,"2020":10,"% OF TOTAL":null,"2024":10,"2029":null},"Occupation: Community and social service":{"Demographic":null,"2020":28,"% OF TOTAL":null,"2024":27,"2029":null},"Occupation: Legal":{"Demographic":null,"2020":0,"% OF TOTAL":null,"2024":0,"2029":null},"Occupation: Education, training, and library":{"Demographic":null,"2020":47,"% OF TOTAL":null,"2024":46,"2029":null},"Occupation: Arts, design, entertainment, sports, and media":{"Demographic":null,"2020":14,"% OF TOTAL":null,"2024":13,"2029":null},"Occupation: Health diagnosing and treating practitioners":{"Demographic":null,"2020":13,"% OF TOTAL":null,"2024":13,"2029":null},"Occupation: Health technologists and technicians":{"Demographic":null,"2020":0,"% OF TOTAL":null,"2024":0,"2029":null},"Occupation: Healthcare support":{"Demographic":null,"2020":0,"% OF TOTAL":null,"2024":0,"2029":null},"Occupation: Fire fighting and prevention":{"Demographic":null,"2020":0,"% OF TOTAL":null,"2024":0,"2029":null},"Occupation: Law enforcement workers":{"Demographic":null,"2020":0,"% OF TOTAL":null,"2024":0,"2029":null},"Occupation: Food preparation and serving related":{"Demographic":null,"2020":11,"% OF TOTAL":null,"2024":11,"2029":null},"Occupation: Building and grounds cleaning and maintenance":{"Demographic":null,"2020":0,"% OF TOTAL":null,"2024":0,"2029":null},"Occupation: Personal care and service":{"Demographic":null,"2020":0,"% OF TOTAL":null,"2024":0,"2029":null},"Occupation: Sales and related":{"Demographic":null,"2020":158,"% OF TOTAL":null,"2024":153,"2029":null},"Occupation: Office and administrative support":{"Demographic":null,"2020":10,"% OF TOTAL":null,"2024":10,"2029":null},"Occupation: Farming, fishing, and forestry":{"Demographic":null,"2020":0,"% OF TOTAL":null,"2024":0,"2029":null},"Occupation: Construction and extraction":{"Demographic":null,"2020":82,"% OF TOTAL":null,"2024":80,"2029":null},"Occupation: Installation, maintenance, and repair":{"Demographic":null,"2020":18,"% OF TOTAL":null,"2024":17,"2029":null},"Occupation: Production":{"Demographic":null,"2020":0,"% OF TOTAL":null,"2024":0,"2029":null},"Occupation: Transportation":{"Demographic":null,"2020":78,"% OF TOTAL":null,"2024":76,"2029":null},"Occupation: Material moving":{"Demographic":null,"2020":0,"% OF TOTAL":null,"2024":0,"2029":null},"White collar":{"Demographic":null,"2020":328,"% OF TOTAL":null,"2024":318,"2029":null},"Blue collar":{"Demographic":null,"2020":189,"% OF TOTAL":null,"2024":184,"2029":null},"Means of transportation: Car, truck or van":{"Demographic":null,"2020":419,"% OF TOTAL":null,"2024":407,"2029":null},"Means of transportation: Public transportation":{"Demographic":null,"2020":0,"% OF TOTAL":null,"2024":0,"2029":null},"Means of transportation: Other":{"Demographic":null,"2020":11,"% OF TOTAL":null,"2024":11,"2029":null},"Travel time: Average (in minutes)":{"Demographic":null,"2020":27,"% OF TOTAL":null,"2024":27,"2029":null},"Travel time to work: Less than 30 minutes":{"Demographic":null,"2020":331,"% OF TOTAL":null,"2024":321,"2029":null},"Travel time to work: 30 to 60 minutes":{"Demographic":null,"2020":74,"% OF TOTAL":null,"2024":72,"2029":null},"Travel time to work: 60 or more minutes":{"Demographic":null,"2020":25,"% OF TOTAL":null,"2024":25,"2029":null}},"demographic_snapshot":{"Total Population":{"Demographic":null,"2020":1617,"% OF TOTAL":null,"2024":1530,"2029":1471},"Households":{"Demographic":null,"2020":540,"% OF TOTAL":null,"2024":517,"2029":504},"Population in Group Quarters":{"Demographic":null,"2020":25,"% OF TOTAL":null,"2024":25,"2029":24},"Households Growth":{"Demographic":null,"2020":null,"% OF TOTAL":null,"2024":-4.3,"2029":-2.5},"Household Income: Median":{"Demographic":null,"2020":0,"% OF TOTAL":null,"2024":91635,"2029":95066},"Home Value: Median":{"Demographic":null,"2020":336726,"% OF TOTAL":null,"2024":337037,"2029":null},"Population Growth":{"Demographic":null,"2020":null,"% OF TOTAL":null,"2024":-5.4,"2029":-3.9},"Total Population: Under 19 years":{"Demographic":null,"2020":469,"% OF TOTAL":26.9,"2024":441,"2029":395},"Total Population: 20 - 64 years":{"Demographic":null,"2020":923,"% OF TOTAL":56.4,"2024":869,"2029":830},"Total Population: 65 years and over":{"Demographic":null,"2020":225,"% OF TOTAL":16.7,"2024":220,"2029":246},"Total population: Median age":{"Demographic":null,"2020":38,"% OF TOTAL":null,"2024":39,"2029":40},"Total population: Under 5 years":{"Demographic":null,"2020":111,"% OF TOTAL":6.3,"2024":101,"2029":93},"Total population: 5 - 9 years":{"Demographic":null,"2020":87,"% OF TOTAL":5.2,"2024":83,"2029":77},"Total population: 10 - 14 years":{"Demographic":null,"2020":142,"% OF TOTAL":7.1,"2024":130,"2029":104},"Total population: 15 - 19 years":{"Demographic":null,"2020":129,"% OF TOTAL":8.2,"2024":127,"2029":121},"Total population: 20 - 24 years":{"Demographic":null,"2020":65,"% OF TOTAL":5.6,"2024":61,"2029":82},"Total population: 25 - 29 years":{"Demographic":null,"2020":76,"% OF TOTAL":4.3,"2024":69,"2029":63},"Total population: 30 - 34 years":{"Demographic":null,"2020":103,"% OF TOTAL":5.6,"2024":99,"2029":83},"Total population: 35 - 39 years":{"Demographic":null,"2020":121,"% OF TOTAL":7.5,"2024":119,"2029":110},"Total population: 40 - 44 years":{"Demographic":null,"2020":115,"% OF TOTAL":7.7,"2024":118,"2029":113},"Total population: 45 - 49 years":{"Demographic":null,"2020":114,"% OF TOTAL":7.1,"2024":102,"2029":105},"Total population: 50 - 54 years":{"Demographic":null,"2020":112,"% OF TOTAL":6.9,"2024":109,"2029":102},"Total population: 55 - 59 years":{"Demographic":null,"2020":91,"% OF TOTAL":5.3,"2024":73,"2029":78},"Total population: 60 - 64 years":{"Demographic":null,"2020":126,"% OF TOTAL":6.4,"2024":119,"2029":94},"Total population: 65 - 69 years":{"Demographic":null,"2020":90,"% OF TOTAL":6.2,"2024":87,"2029":91},"Total population: 70 - 74 years":{"Demographic":null,"2020":57,"% OF TOTAL":4.2,"2024":53,"2029":62},"Total population: 75 - 79 years":{"Demographic":null,"2020":42,"% OF TOTAL":3.3,"2024":45,"2029":48},"Total population: 80 - 84 years":{"Demographic":null,"2020":21,"% OF TOTAL":1.9,"2024":21,"2029":28},"Total population: 85 years and over":{"Demographic":null,"2020":15,"% OF TOTAL":1.2,"2024":14,"2029":17},"Householders Age 15-24":{"Demographic":null,"2020":7,"% OF TOTAL":1.8,"2024":7,"2029":9},"Householders Age 25-34":{"Demographic":null,"2020":82,"% OF TOTAL":13.9,"2024":79,"2029":70},"Householders Age 35-44":{"Demographic":null,"2020":79,"% OF TOTAL":14.1,"2024":76,"2029":71},"Householders Age 45-54":{"Demographic":null,"2020":123,"% OF TOTAL":22.8,"2024":117,"2029":115},"Householders Age 55-64":{"Demographic":null,"2020":114,"% OF TOTAL":20.2,"2024":109,"2029":102},"Householders Age 65-74":{"Demographic":null,"2020":79,"% OF TOTAL":16.3,"2024":76,"2029":82},"Householders Age 75+":{"Demographic":null,"2020":56,"% OF TOTAL":10.9,"2024":53,"2029":55},"Household income: Average":{"Demographic":null,"2020":82968,"% OF TOTAL":null,"2024":84512,"2029":91156},"Household income: Less than 25k":{"Demographic":null,"2020":29,"% OF TOTAL":5.8,"2024":40,"2029":29},"Household income: 25k - 50k":{"Demographic":null,"2020":104,"% OF TOTAL":10.5,"2024":97,"2029":53},"Household income: 50k - 75k":{"Demographic":null,"2020":58,"% OF TOTAL":9.5,"2024":35,"2029":48},"Household income: 75k - 100k":{"Demographic":null,"2020":146,"% OF TOTAL":30.2,"2024":130,"2029":152},"Household income: 100k - 125k":{"Demographic":null,"2020":140,"% OF TOTAL":27.0,"2024":141,"2029":136},"Household income: 125k - 150k":{"Demographic":null,"2020":55,"% OF TOTAL":14.7,"2024":67,"2029":74},"Household income: 150k - 200k":{"Demographic":null,"2020":8,"% OF TOTAL":2.4,"2024":7,"2029":12},"Household income: Above 200k":{"Demographic":null,"2020":0,"% OF TOTAL":0.0,"2024":0,"2029":0},"White Alone":{"Demographic":null,"2020":1214,"% OF TOTAL":74.1,"2024":1134,"2029":1090},"Black or African American Alone":{"Demographic":null,"2020":128,"% OF TOTAL":7.5,"2024":116,"2029":111},"American Indian and Alaska Native Alone":{"Demographic":null,"2020":11,"% OF TOTAL":0.8,"2024":12,"2029":12},"Asian Alone":{"Demographic":null,"2020":64,"% OF TOTAL":4.2,"2024":64,"2029":62},"Native Hawaiian and OPI Alone":{"Demographic":null,"2020":0,"% OF TOTAL":0.0,"2024":0,"2029":0},"Some Other Race Alone":{"Demographic":null,"2020":23,"% OF TOTAL":1.4,"2024":22,"2029":21},"Two or More Races Alone":{"Demographic":null,"2020":177,"% OF TOTAL":11.9,"2024":182,"2029":175},"Not Hispanic or Latino":{"Demographic":null,"2020":1505,"% OF TOTAL":92.4,"2024":1414,"2029":1359},"Hispanic or Latino":{"Demographic":null,"2020":112,"% OF TOTAL":7.6,"2024":116,"2029":112},"Total Housing Units":{"Demographic":null,"2020":602,"% OF TOTAL":null,"2024":null,"2029":null},"Owner Occupied Housing Units":{"Demographic":null,"2020":489,"% OF TOTAL":null,"2024":468,"2029":null},"Renter Occupied Housing Units":{"Demographic":null,"2020":51,"% OF TOTAL":null,"2024":49,"2029":null},"Housing Units Value Less Than 100k":{"Demographic":null,"2020":46,"% OF TOTAL":null,"2024":44,"2029":null},"Housing Units Value 100k - 200k":{"Demographic":null,"2020":112,"% OF TOTAL":null,"2024":107,"2029":null},"Housing Units Value 200k - 250k":{"Demographic":null,"2020":22,"% OF TOTAL":null,"2024":21,"2029":null},"Housing Units Value 250k - 300k":{"Demographic":null,"2020":23,"% OF TOTAL":null,"2024":22,"2029":null},"Housing Units Value 300k - 400k":{"Demographic":null,"2020":113,"% OF TOTAL":null,"2024":108,"2029":null},"Housing Units Value 400k - 500k":{"Demographic":null,"2020":16,"% OF TOTAL":null,"2024":15,"2029":null},"Housing Units Value 500k - 750k":{"Demographic":null,"2020":56,"% OF TOTAL":null,"2024":54,"2029":null},"Housing Units Value 750k - 1m":{"Demographic":null,"2020":0,"% OF TOTAL":null,"2024":0,"2029":null},"Housing Units Value 1m - 1.5m":{"Demographic":null,"2020":0,"% OF TOTAL":null,"2024":0,"2029":null},"Housing Units Value 1.5m - 2m":{"Demographic":null,"2020":0,"% OF TOTAL":null,"2024":0,"2029":null},"Housing Units Value >2m":{"Demographic":null,"2020":101,"% OF TOTAL":null,"2024":97,"2029":null},"Take Car or Truck to Work":{"Demographic":null,"2020":419,"% OF TOTAL":null,"2024":407,"2029":null},"Take Public Transportation to Work":{"Demographic":null,"2020":0,"% OF TOTAL":null,"2024":0,"2029":null},"Take Other Means of Transportation to Work":{"Demographic":null,"2020":11,"% OF TOTAL":null,"2024":11,"2029":null},"Average Travel Time (min)":{"Demographic":null,"2020":28,"% OF TOTAL":null,"2024":28,"2029":null},"Travel Below 30 Min to Work":{"Demographic":null,"2020":331,"% OF TOTAL":null,"2024":321,"2029":null},"Travel 30-60 Min to Work":{"Demographic":null,"2020":74,"% OF TOTAL":null,"2024":72,"2029":null},"Travel Above 60 Min to Work":{"Demographic":null,"2020":52,"% OF TOTAL":null,"2024":25,"2029":null},"Educational Attainment: No High School Diploma":{"Demographic":null,"2020":353,"% OF TOTAL":null,"2024":335,"2029":null},"Educational Attainment: High School Diploma":{"Demographic":null,"2020":201,"% OF TOTAL":null,"2024":191,"2029":null},"Educational Attainment: Some College":{"Demographic":null,"2020":587,"% OF TOTAL":null,"2024":557,"2029":null},"Educational Attainment: Associate's Degree":{"Demographic":null,"2020":143,"% OF TOTAL":null,"2024":136,"2029":null},"Educational Attainment: Bachelors Degree":{"Demographic":null,"2020":214,"% OF TOTAL":null,"2024":203,"2029":null},"Educational Attainment: Advanced Degree":{"Demographic":null,"2020":143,"% OF TOTAL":null,"2024":136,"2029":null},"Households: Number of vehicles available - Average":{"Demographic":null,"2020":2,"% OF TOTAL":null,"2024":2,"2029":null},"Households: No Vehicle available":{"Demographic":null,"2020":0,"% OF TOTAL":null,"2024":0,"2029":null},"Households: 1 Vehicle available":{"Demographic":null,"2020":113,"% OF TOTAL":null,"2024":108,"2029":null},"Households: 2 Vehicles available":{"Demographic":null,"2020":257,"% OF TOTAL":null,"2024":246,"2029":null},"Households: 3 Vehicles available":{"Demographic":null,"2020":147,"% OF TOTAL":null,"2024":141,"2029":null},"Households: 4 or more Vehicles available":{"Demographic":null,"2020":23,"% OF TOTAL":null,"2024":22,"2029":null}},"household_trends":{"Households":{"Demographic":null,"2020":540,"% OF TOTAL":null,"2024":517,"2029":504},"Households Growth":{"Demographic":null,"2020":null,"% OF TOTAL":null,"2024":-4.3,"2029":-2.5},"Householder Age 15-24":{"Demographic":null,"2020":7,"% OF TOTAL":1.8,"2024":7,"2029":9},"Householder Age 25-34":{"Demographic":null,"2020":82,"% OF TOTAL":13.9,"2024":79,"2029":70},"Householder Age 35-44":{"Demographic":null,"2020":79,"% OF TOTAL":14.1,"2024":76,"2029":71},"Householder Age 45-54":{"Demographic":null,"2020":123,"% OF TOTAL":22.8,"2024":117,"2029":115},"Householder Age 55-64":{"Demographic":null,"2020":114,"% OF TOTAL":20.2,"2024":109,"2029":102},"Householder Age 65-74":{"Demographic":null,"2020":79,"% OF TOTAL":16.3,"2024":76,"2029":82},"Householder Age 75+":{"Demographic":null,"2020":56,"% OF TOTAL":10.9,"2024":53,"2029":55},"Average Household Size":{"Demographic":null,"2020":3,"% OF TOTAL":null,"2024":2.9,"2029":2.9},"1 Person Households":{"Demographic":null,"2020":81,"% OF TOTAL":13.7,"2024":69,"2029":69},"2 Person Households":{"Demographic":null,"2020":189,"% OF TOTAL":32.9,"2024":168,"2029":166},"3 Person Households":{"Demographic":null,"2020":133,"% OF TOTAL":23.6,"2024":121,"2029":119},"4 Person Households":{"Demographic":null,"2020":81,"% OF TOTAL":17.3,"2024":92,"2029":87},"5 Person Households":{"Demographic":null,"2020":36,"% OF TOTAL":8.1,"2024":43,"2029":41},"6 Person Households":{"Demographic":null,"2020":16,"% OF TOTAL":3.2,"2024":18,"2029":16},"7+ Person Households":{"Demographic":null,"2020":4,"% OF TOTAL":1.2,"2024":6,"2029":6},"Household Type: Family":{"Demographic":null,"2020":433,"% OF TOTAL":null,"2024":415,"2029":null},"Household Type: Married Family":{"Demographic":null,"2020":358,"% OF TOTAL":null,"2024":343,"2029":null},"Household Type: Married Family With Children":{"Demographic":null,"2020":129,"% OF TOTAL":null,"2024":124,"2029":null},"Household Type: Married Family Without Children":{"Demographic":null,"2020":229,"% OF TOTAL":null,"2024":219,"2029":null},"Household Type: Other Family":{"Demographic":null,"2020":75,"% OF TOTAL":null,"2024":72,"2029":null},"Household Type: Male Households, No Wife":{"Demographic":null,"2020":24,"% OF TOTAL":null,"2024":23,"2029":null},"Household Type: Male Households, No Wife With Children":{"Demographic":null,"2020":11,"% OF TOTAL":null,"2024":11,"2029":null},"Household Type: Male Households, No Wife Without Children":{"Demographic":null,"2020":13,"% OF TOTAL":null,"2024":12,"2029":null},"Household Type: Female Households, No Husband":{"Demographic":null,"2020":51,"% OF TOTAL":null,"2024":49,"2029":null},"Household Type: Female Households, No Husband With Children":{"Demographic":null,"2020":19,"% OF TOTAL":null,"2024":18,"2029":null},"Household Type: Female Households, No Husband Without Children":{"Demographic":null,"2020":32,"% OF TOTAL":null,"2024":31,"2029":null},"Household Income: Average":{"Demographic":null,"2020":82968,"% OF TOTAL":null,"2024":84512,"2029":91156},"Household Income: Median":{"Demographic":null,"2020":0,"% OF TOTAL":null,"2024":91635,"2029":95066},"Household Income: Less than $25k":{"Demographic":null,"2020":29,"% OF TOTAL":5.8,"2024":40,"2029":29},"Household Income: $25k - $50k":{"Demographic":null,"2020":104,"% OF TOTAL":10.5,"2024":97,"2029":53},"Household Income: $50k - $75k":{"Demographic":null,"2020":58,"% OF TOTAL":9.5,"2024":35,"2029":48},"Household Income: $75k - $100k":{"Demographic":null,"2020":146,"% OF TOTAL":30.2,"2024":130,"2029":152},"Household Income: $100k - $125k":{"Demographic":null,"2020":140,"% OF TOTAL":27.0,"2024":141,"2029":136},"Household Income: $125k - $150k":{"Demographic":null,"2020":55,"% OF TOTAL":14.7,"2024":67,"2029":74},"Household Income: $150k - $200k":{"Demographic":null,"2020":8,"% OF TOTAL":2.4,"2024":7,"2029":12},"Household Income: Above $200k":{"Demographic":null,"2020":0,"% OF TOTAL":0.0,"2024":0,"2029":0},"Total Housing Units":{"Demographic":null,"2020":602,"% OF TOTAL":null,"2024":null,"2029":null},"Owner Occupied Housing Units":{"Demographic":null,"2020":489,"% OF TOTAL":null,"2024":468,"2029":null},"Renter Occupied Housing Units":{"Demographic":null,"2020":51,"% OF TOTAL":null,"2024":49,"2029":null},"Vacant Housing Units":{"Demographic":null,"2020":62,"% OF TOTAL":null,"2024":null,"2029":null},"Vacant Housing Units: Seasonal":{"Demographic":null,"2020":2,"% OF TOTAL":null,"2024":null,"2029":null},"Vacant Housing Units: Other Usage":{"Demographic":null,"2020":60,"% OF TOTAL":null,"2024":null,"2029":null},"Average Housing Unit Value":{"Demographic":null,"2020":860225,"% OF TOTAL":null,"2024":862334,"2029":null},"Median Housing Unit Value":{"Demographic":null,"2020":336726,"% OF TOTAL":null,"2024":337037,"2029":null},"Housing Unit Value Less Than $100k":{"Demographic":null,"2020":46,"% OF TOTAL":null,"2024":44,"2029":null},"Housing Unit Value $100k-$200k":{"Demographic":null,"2020":112,"% OF TOTAL":null,"2024":107,"2029":null},"Housing Unit Value $200k-$250k":{"Demographic":null,"2020":22,"% OF TOTAL":null,"2024":21,"2029":null},"Housing Unit Value $250k-$300k":{"Demographic":null,"2020":23,"% OF TOTAL":null,"2024":22,"2029":null},"Housing Unit Value $300k-$400k":{"Demographic":null,"2020":113,"% OF TOTAL":null,"2024":108,"2029":null},"Housing Unit Value $400k-$500k":{"Demographic":null,"2020":16,"% OF TOTAL":null,"2024":15,"2029":null},"Housing Unit Value $500k-$750k":{"Demographic":null,"2020":56,"% OF TOTAL":null,"2024":54,"2029":null},"Housing Unit Value $750k-$1m":{"Demographic":null,"2020":0,"% OF TOTAL":null,"2024":0,"2029":null},"Housing Unit Value $1m-$1.5m":{"Demographic":null,"2020":0,"% OF TOTAL":null,"2024":0,"2029":null},"Housing Unit Value $1.5m-$2m":{"Demographic":null,"2020":0,"% OF TOTAL":null,"2024":0,"2029":null},"Housing Unit Value Above $2m":{"Demographic":null,"2020":101,"% OF TOTAL":null,"2024":97,"2029":null},"Median Housing Unit Year Built":{"Demographic":null,"2020":2007,"% OF TOTAL":null,"2024":2007,"2029":null},"Housing Units Built 2014 Or After":{"Demographic":null,"2020":119,"% OF TOTAL":null,"2024":114,"2029":null},"Housing Units Built 2010-2013":{"Demographic":null,"2020":117,"% OF TOTAL":null,"2024":112,"2029":null},"Housing Units Built 2000-2009":{"Demographic":null,"2020":118,"% OF TOTAL":null,"2024":113,"2029":null},"Housing Units Built 1990-1999":{"Demographic":null,"2020":9,"% OF TOTAL":null,"2024":9,"2029":null},"Housing Units Built 1980-1989":{"Demographic":null,"2020":60,"% OF TOTAL":null,"2024":57,"2029":null},"Housing Units Built 1970-1979":{"Demographic":null,"2020":7,"% OF TOTAL":null,"2024":7,"2029":null},"Housing Units Built 1960-1969":{"Demographic":null,"2020":101,"% OF TOTAL":null,"2024":96,"2029":null},"Housing Units Built 1950-1959":{"Demographic":null,"2020":9,"% OF TOTAL":null,"2024":9,"2029":null},"Housing Units Built 1940-1949":{"Demographic":null,"2020":0,"% OF TOTAL":null,"2024":0,"2029":null},"Housing Units Built Before 1940":{"Demographic":null,"2020":0,"% OF TOTAL":null,"2024":0,"2029":null}}},"geometry":{"type":"Polygon","coordinates":[[[-87.42367413156455,30.54449684571611],[-87.42179784705549,30.560376149187356],[-87.40631080039391,30.560376149187356],[-87.40631080039391,30.5314627160063],[-87.42142363932909,30.5314627160063],[-87.42367413156455,30.54449684571611]]]}},{"type":"Feature","properties":{"block":"038","block_num":38,"submarket":"Cantonment","CentroidLon":-87.38951552339269,"CentroidLat":30.545919432596822,"data_status":"usable","is_anomalous":false,"anomaly_reason":null,"files_present":"ConsumerSegmentation-26.08.10.csv;DemographicSnapshot-26.08.10.csv;HouseholdIncomeByAge-26.08.10.csv;HouseholdTrends-26.08.10.csv;PopulationTrends-26.08.10.csv","population_2024":3883,"population_2029":4888,"households_2024":1421,"households_2029":1814,"median_household_income_2024":115013,"median_household_income_2029":134013,"mean_household_income_2024":null,"mean_household_income_2029":null,"median_age_2024":38,"median_age_2029":39,"median_home_value_2024":323289,"average_household_size_2024":2.7,"average_household_size_2029":2.7,"population_growth_2024_2029":25.1,"households_growth_2024_2029":26.8,"consumer_segments":{"Entry Level Suburban":{"households":205,"pct":14.0},"Active Adult Elite":{"households":185,"pct":12.6},"Elite":{"households":178,"pct":12.1},"Family Life Young Children":{"households":153,"pct":10.4},"Family Life School Age Children":{"households":137,"pct":9.3},"Feature and Location":{"households":136,"pct":9.3},"Active Adult Feature and Location":{"households":119,"pct":8.1},"Simple Life Affluent No Children":{"households":92,"pct":6.3},"Simple Life Moderate Income No Children":{"households":80,"pct":5.4},"Simple Life Moderate Income With Children":{"households":54,"pct":3.7},"Renters":{"households":51,"pct":3.5},"Active Adult Entry Level":{"households":51,"pct":3.5},"Renters Near Term Buyers":{"households":27,"pct":1.8},"Entry Level Urban":{"households":0,"pct":0.0}},"income_age":{"2020":{},"2024":{},"2029":{}},"population_trends":{"Total Population":{"Demographic":null,"2020":3104,"% OF TOTAL":null,"2024":3883,"2029":4888},"Population Growth":{"Demographic":null,"2020":null,"% OF TOTAL":null,"2024":25.1,"2029":25.9},"Female Population":{"Demographic":null,"2020":1587,"% OF TOTAL":51.2,"2024":1989,"2029":2505},"Male Population":{"Demographic":null,"2020":1517,"% OF TOTAL":48.8,"2024":1894,"2029":2383},"Total population: Median Age":{"Demographic":null,"2020":38,"% OF TOTAL":null,"2024":38,"2029":39},"Total population: Under 5 years":{"Demographic":null,"2020":213,"% OF TOTAL":6.2,"2024":256,"2029":301},"Total population: 5 - 9 years":{"Demographic":null,"2020":210,"% OF TOTAL":6.3,"2024":263,"2029":308},"Total population: 10 - 14 years":{"Demographic":null,"2020":232,"% OF TOTAL":6.7,"2024":280,"2029":328},"Total population: 15 - 19 years":{"Demographic":null,"2020":168,"% OF TOTAL":6.0,"2024":218,"2029":291},"Total population: 20 - 24 years":{"Demographic":null,"2020":132,"% OF TOTAL":4.7,"2024":159,"2029":228},"Total population: 25 - 29 years":{"Demographic":null,"2020":189,"% OF TOTAL":5.3,"2024":228,"2029":261},"Total population: 30 - 34 years":{"Demographic":null,"2020":260,"% OF TOTAL":7.5,"2024":338,"2029":368},"Total population: 35 - 39 years":{"Demographic":null,"2020":238,"% OF TOTAL":8.3,"2024":312,"2029":404},"Total population: 40 - 44 years":{"Demographic":null,"2020":205,"% OF TOTAL":7.3,"2024":277,"2029":355},"Total population: 45 - 49 years":{"Demographic":null,"2020":203,"% OF TOTAL":6.8,"2024":244,"2029":332},"Total population: 50 - 54 years":{"Demographic":null,"2020":204,"% OF TOTAL":6.4,"2024":256,"2029":314},"Total population: 55 - 59 years":{"Demographic":null,"2020":228,"% OF TOTAL":6.2,"2024":248,"2029":303},"Total population: 60 - 64 years":{"Demographic":null,"2020":172,"% OF TOTAL":5.4,"2024":212,"2029":262},"Total population: 65 - 69 years":{"Demographic":null,"2020":179,"% OF TOTAL":5.8,"2024":235,"2029":284},"Total population: 70 - 74 years":{"Demographic":null,"2020":114,"% OF TOTAL":4.5,"2024":143,"2029":220},"Total population: 75 - 79 years":{"Demographic":null,"2020":80,"% OF TOTAL":3.3,"2024":113,"2029":160},"Total population: 80 - 84 years":{"Demographic":null,"2020":45,"% OF TOTAL":2.1,"2024":63,"2029":105},"Total population: 85 years and over":{"Demographic":null,"2020":32,"% OF TOTAL":1.3,"2024":38,"2029":64},"Female population: Median Age":{"Demographic":null,"2020":39,"% OF TOTAL":null,"2024":39,"2029":40},"Female population: Under 5 years":{"Demographic":null,"2020":93,"% OF TOTAL":5.3,"2024":112,"2029":134},"Female population: 5 - 9 years":{"Demographic":null,"2020":98,"% OF TOTAL":5.5,"2024":121,"2029":139},"Female population: 10 - 14 years":{"Demographic":null,"2020":116,"% OF TOTAL":6.4,"2024":141,"2029":161},"Female population: 15 - 19 years":{"Demographic":null,"2020":79,"% OF TOTAL":5.5,"2024":103,"2029":139},"Female population: 20 - 24 years":{"Demographic":null,"2020":70,"% OF TOTAL":4.6,"2024":84,"2029":114},"Female population: 25 - 29 years":{"Demographic":null,"2020":100,"% OF TOTAL":5.7,"2024":125,"2029":144},"Female population: 30 - 34 years":{"Demographic":null,"2020":134,"% OF TOTAL":7.7,"2024":173,"2029":192},"Female population: 35 - 39 years":{"Demographic":null,"2020":129,"% OF TOTAL":8.5,"2024":167,"2029":212},"Female population: 40 - 44 years":{"Demographic":null,"2020":99,"% OF TOTAL":7.0,"2024":131,"2029":176},"Female population: 45 - 49 years":{"Demographic":null,"2020":98,"% OF TOTAL":6.4,"2024":120,"2029":161},"Female population: 50 - 54 years":{"Demographic":null,"2020":107,"% OF TOTAL":6.5,"2024":134,"2029":163},"Female population: 55 - 59 years":{"Demographic":null,"2020":124,"% OF TOTAL":6.7,"2024":138,"2029":167},"Female population: 60 - 64 years":{"Demographic":null,"2020":95,"% OF TOTAL":5.8,"2024":118,"2029":146},"Female population: 65 - 69 years":{"Demographic":null,"2020":102,"% OF TOTAL":6.4,"2024":132,"2029":161},"Female population: 70 - 74 years":{"Demographic":null,"2020":60,"% OF TOTAL":4.8,"2024":75,"2029":120},"Female population: 75 - 79 years":{"Demographic":null,"2020":47,"% OF TOTAL":3.7,"2024":67,"2029":92},"Female population: 80 - 84 years":{"Demographic":null,"2020":21,"% OF TOTAL":2.2,"2024":30,"2029":54},"Female population: 85 years and over":{"Demographic":null,"2020":15,"% OF TOTAL":1.2,"2024":18,"2029":30},"Male population: Median Age":{"Demographic":null,"2020":37,"% OF TOTAL":null,"2024":37,"2029":38},"Male population: Under 5 years":{"Demographic":null,"2020":120,"% OF TOTAL":7.0,"2024":144,"2029":167},"Male population: 5 - 9 years":{"Demographic":null,"2020":112,"% OF TOTAL":7.1,"2024":142,"2029":169},"Male population: 10 - 14 years":{"Demographic":null,"2020":116,"% OF TOTAL":7.0,"2024":139,"2029":167},"Male population: 15 - 19 years":{"Demographic":null,"2020":89,"% OF TOTAL":6.4,"2024":115,"2029":152},"Male population: 20 - 24 years":{"Demographic":null,"2020":62,"% OF TOTAL":4.8,"2024":75,"2029":114},"Male population: 25 - 29 years":{"Demographic":null,"2020":89,"% OF TOTAL":4.9,"2024":103,"2029":117},"Male population: 30 - 34 years":{"Demographic":null,"2020":126,"% OF TOTAL":7.4,"2024":165,"2029":176},"Male population: 35 - 39 years":{"Demographic":null,"2020":109,"% OF TOTAL":8.1,"2024":145,"2029":192},"Male population: 40 - 44 years":{"Demographic":null,"2020":106,"% OF TOTAL":7.5,"2024":146,"2029":179},"Male population: 45 - 49 years":{"Demographic":null,"2020":105,"% OF TOTAL":7.2,"2024":124,"2029":171},"Male population: 50 - 54 years":{"Demographic":null,"2020":97,"% OF TOTAL":6.3,"2024":122,"2029":151},"Male population: 55 - 59 years":{"Demographic":null,"2020":104,"% OF TOTAL":5.7,"2024":110,"2029":136},"Male population: 60 - 64 years":{"Demographic":null,"2020":77,"% OF TOTAL":4.9,"2024":94,"2029":116},"Male population: 65 - 69 years":{"Demographic":null,"2020":77,"% OF TOTAL":5.2,"2024":103,"2029":123},"Male population: 70 - 74 years":{"Demographic":null,"2020":54,"% OF TOTAL":4.2,"2024":68,"2029":100},"Male population: 75 - 79 years":{"Demographic":null,"2020":33,"% OF TOTAL":2.9,"2024":46,"2029":68},"Male population: 80 - 84 years":{"Demographic":null,"2020":24,"% OF TOTAL":2.1,"2024":33,"2029":51},"Male population: 85 years and over":{"Demographic":null,"2020":17,"% OF TOTAL":1.4,"2024":20,"2029":34},"White alone":{"Demographic":null,"2020":2291,"% OF TOTAL":73.1,"2024":2837,"2029":3571},"Black alone":{"Demographic":null,"2020":301,"% OF TOTAL":9.4,"2024":364,"2029":458},"American Indian and Alaska Native alone":{"Demographic":null,"2020":45,"% OF TOTAL":1.5,"2024":57,"2029":72},"Asian alone":{"Demographic":null,"2020":135,"% OF TOTAL":4.6,"2024":177,"2029":224},"Native Hawaiian and OPI alone":{"Demographic":null,"2020":8,"% OF TOTAL":0.2,"2024":10,"2029":12},"Some other race alone":{"Demographic":null,"2020":29,"% OF TOTAL":0.9,"2024":35,"2029":44},"Two or more races alone":{"Demographic":null,"2020":295,"% OF TOTAL":10.4,"2024":403,"2029":507},"Not Hispanic: White alone":{"Demographic":null,"2020":2243,"% OF TOTAL":71.4,"2024":2773,"2029":3490},"Not Hispanic: Black or African American alone":{"Demographic":null,"2020":296,"% OF TOTAL":9.2,"2024":358,"2029":450},"Not Hispanic: American Indian and Alaska Native alone":{"Demographic":null,"2020":43,"% OF TOTAL":1.4,"2024":54,"2029":68},"Not Hispanic: Asian alone":{"Demographic":null,"2020":130,"% OF TOTAL":4.4,"2024":169,"2029":214},"Not Hispanic: Native Hawaiian and OPI alone":{"Demographic":null,"2020":8,"% OF TOTAL":0.2,"2024":10,"2029":12},"Not Hispanic: Some Other Race alone":{"Demographic":null,"2020":9,"% OF TOTAL":0.3,"2024":11,"2029":14},"Not Hispanic: Two or More Races":{"Demographic":null,"2020":196,"% OF TOTAL":6.8,"2024":262,"2029":330},"Hispanic: White alone":{"Demographic":null,"2020":48,"% OF TOTAL":1.7,"2024":64,"2029":81},"Hispanic: Black or African American alone":{"Demographic":null,"2020":5,"% OF TOTAL":0.2,"2024":6,"2029":8},"Hispanic: American Indian and Alaska Native alone":{"Demographic":null,"2020":2,"% OF TOTAL":0.1,"2024":3,"2029":4},"Hispanic: Asian alone":{"Demographic":null,"2020":5,"% OF TOTAL":0.2,"2024":8,"2029":10},"Hispanic: Native Hawaiian and OPI alone":{"Demographic":null,"2020":0,"% OF TOTAL":0.0,"2024":0,"2029":0},"Hispanic: Some Other Race alone":{"Demographic":null,"2020":20,"% OF TOTAL":0.6,"2024":24,"2029":30},"Hispanic: Two or More Races":{"Demographic":null,"2020":99,"% OF TOTAL":3.6,"2024":141,"2029":177},"Educational Attainment: No High School Diploma":{"Demographic":null,"2020":60,"% OF TOTAL":null,"2024":75,"2029":null},"Educational Attainment: High School Diploma":{"Demographic":null,"2020":458,"% OF TOTAL":null,"2024":577,"2029":null},"Educational Attainment: Some College":{"Demographic":null,"2020":561,"% OF TOTAL":null,"2024":707,"2029":null},"Educational Attainment: Associates Degree":{"Demographic":null,"2020":138,"% OF TOTAL":null,"2024":174,"2029":null},"Educational Attainment: Bachelors Degree":{"Demographic":null,"2020":540,"% OF TOTAL":null,"2024":680,"2029":null},"Educational Attainment: Advanced Degree":{"Demographic":null,"2020":392,"% OF TOTAL":null,"2024":494,"2029":null},"Employment Status: Armed Forces":{"Demographic":null,"2020":185,"% OF TOTAL":null,"2024":233,"2029":null},"Employment Status: Civilian labor force employed":{"Demographic":null,"2020":1574,"% OF TOTAL":null,"2024":1983,"2029":null},"Employment Status: Civilian labor force unemployed":{"Demographic":null,"2020":13,"% OF TOTAL":null,"2024":16,"2029":null},"Employment Status: Not in labor force":{"Demographic":null,"2020":644,"% OF TOTAL":null,"2024":812,"2029":null},"Employed in Agriculture and Mining Industries":{"Demographic":null,"2020":0,"% OF TOTAL":null,"2024":0,"2029":null},"Employed in Construction Industries":{"Demographic":null,"2020":17,"% OF TOTAL":null,"2024":21,"2029":null},"Employed in Manufacturing Industries":{"Demographic":null,"2020":22,"% OF TOTAL":null,"2024":28,"2029":null},"Employed in Wholesale Industries":{"Demographic":null,"2020":36,"% OF TOTAL":null,"2024":45,"2029":null},"Employed in Retail Industries":{"Demographic":null,"2020":206,"% OF TOTAL":null,"2024":260,"2029":null},"Employed in Transportation and Utilities Industries":{"Demographic":null,"2020":88,"% OF TOTAL":null,"2024":111,"2029":null},"Employed in Information Industries":{"Demographic":null,"2020":88,"% OF TOTAL":null,"2024":111,"2029":null},"Employed in Real-Estate Industries":{"Demographic":null,"2020":149,"% OF TOTAL":null,"2024":188,"2029":null},"Employed in Professional Industries":{"Demographic":null,"2020":278,"% OF TOTAL":null,"2024":350,"2029":null},"Employed in Health and Education Industries":{"Demographic":null,"2020":523,"% OF TOTAL":null,"2024":659,"2029":null},"Employed in Art Industries":{"Demographic":null,"2020":25,"% OF TOTAL":null,"2024":31,"2029":null},"Employed in Other Industries":{"Demographic":null,"2020":59,"% OF TOTAL":null,"2024":74,"2029":null},"Employed in Public Administration Industries":{"Demographic":null,"2020":83,"% OF TOTAL":null,"2024":105,"2029":null},"Occupation: Management":{"Demographic":null,"2020":105,"% OF TOTAL":null,"2024":132,"2029":null},"Occupation: Business and financial operations":{"Demographic":null,"2020":76,"% OF TOTAL":null,"2024":96,"2029":null},"Occupation: Computer and mathematical":{"Demographic":null,"2020":102,"% OF TOTAL":null,"2024":129,"2029":null},"Occupation: Architecture and engineering":{"Demographic":null,"2020":22,"% OF TOTAL":null,"2024":28,"2029":null},"Occupation: Life, physical, and social science":{"Demographic":null,"2020":0,"% OF TOTAL":null,"2024":0,"2029":null},"Occupation: Community and social service":{"Demographic":null,"2020":0,"% OF TOTAL":null,"2024":0,"2029":null},"Occupation: Legal":{"Demographic":null,"2020":14,"% OF TOTAL":null,"2024":18,"2029":null},"Occupation: Education, training, and library":{"Demographic":null,"2020":106,"% OF TOTAL":null,"2024":134,"2029":null},"Occupation: Arts, design, entertainment, sports, and media":{"Demographic":null,"2020":16,"% OF TOTAL":null,"2024":20,"2029":null},"Occupation: Health diagnosing and treating practitioners":{"Demographic":null,"2020":111,"% OF TOTAL":null,"2024":140,"2029":null},"Occupation: Health technologists and technicians":{"Demographic":null,"2020":0,"% OF TOTAL":null,"2024":0,"2029":null},"Occupation: Healthcare support":{"Demographic":null,"2020":186,"% OF TOTAL":null,"2024":234,"2029":null},"Occupation: Fire fighting and prevention":{"Demographic":null,"2020":59,"% OF TOTAL":null,"2024":74,"2029":null},"Occupation: Law enforcement workers":{"Demographic":null,"2020":0,"% OF TOTAL":null,"2024":0,"2029":null},"Occupation: Food preparation and serving related":{"Demographic":null,"2020":55,"% OF TOTAL":null,"2024":69,"2029":null},"Occupation: Building and grounds cleaning and maintenance":{"Demographic":null,"2020":5,"% OF TOTAL":null,"2024":6,"2029":null},"Occupation: Personal care and service":{"Demographic":null,"2020":74,"% OF TOTAL":null,"2024":93,"2029":null},"Occupation: Sales and related":{"Demographic":null,"2020":193,"% OF TOTAL":null,"2024":243,"2029":null},"Occupation: Office and administrative support":{"Demographic":null,"2020":234,"% OF TOTAL":null,"2024":295,"2029":null},"Occupation: Farming, fishing, and forestry":{"Demographic":null,"2020":0,"% OF TOTAL":null,"2024":0,"2029":null},"Occupation: Construction and extraction":{"Demographic":null,"2020":0,"% OF TOTAL":null,"2024":0,"2029":null},"Occupation: Installation, maintenance, and repair":{"Demographic":null,"2020":143,"% OF TOTAL":null,"2024":180,"2029":null},"Occupation: Production":{"Demographic":null,"2020":27,"% OF TOTAL":null,"2024":34,"2029":null},"Occupation: Transportation":{"Demographic":null,"2020":46,"% OF TOTAL":null,"2024":58,"2029":null},"Occupation: Material moving":{"Demographic":null,"2020":0,"% OF TOTAL":null,"2024":0,"2029":null},"White collar":{"Demographic":null,"2020":979,"% OF TOTAL":null,"2024":1235,"2029":null},"Blue collar":{"Demographic":null,"2020":595,"% OF TOTAL":null,"2024":748,"2029":null},"Means of transportation: Car, truck or van":{"Demographic":null,"2020":1397,"% OF TOTAL":null,"2024":1761,"2029":null},"Means of transportation: Public transportation":{"Demographic":null,"2020":0,"% OF TOTAL":null,"2024":0,"2029":null},"Means of transportation: Other":{"Demographic":null,"2020":8,"% OF TOTAL":null,"2024":10,"2029":null},"Travel time: Average (in minutes)":{"Demographic":null,"2020":27,"% OF TOTAL":null,"2024":27,"2029":null},"Travel time to work: Less than 30 minutes":{"Demographic":null,"2020":844,"% OF TOTAL":null,"2024":1064,"2029":null},"Travel time to work: 30 to 60 minutes":{"Demographic":null,"2020":553,"% OF TOTAL":null,"2024":697,"2029":null},"Travel time to work: 60 or more minutes":{"Demographic":null,"2020":8,"% OF TOTAL":null,"2024":10,"2029":null}},"demographic_snapshot":{"Total Population":{"Demographic":null,"2020":3104,"% OF TOTAL":null,"2024":3883,"2029":4888},"Households":{"Demographic":null,"2020":1121,"% OF TOTAL":null,"2024":1421,"2029":1814},"Population in Group Quarters":{"Demographic":null,"2020":0,"% OF TOTAL":null,"2024":0,"2029":0},"Households Growth":{"Demographic":null,"2020":null,"% OF TOTAL":null,"2024":26.8,"2029":27.7},"Household Income: Median":{"Demographic":null,"2020":0,"% OF TOTAL":null,"2024":115013,"2029":134013},"Home Value: Median":{"Demographic":null,"2020":323109,"% OF TOTAL":null,"2024":323289,"2029":null},"Population Growth":{"Demographic":null,"2020":null,"% OF TOTAL":null,"2024":25.1,"2029":25.9},"Total Population: Under 19 years":{"Demographic":null,"2020":823,"% OF TOTAL":25.1,"2024":1017,"2029":1228},"Total Population: 20 - 64 years":{"Demographic":null,"2020":1831,"% OF TOTAL":57.8,"2024":2274,"2029":2827},"Total Population: 65 years and over":{"Demographic":null,"2020":450,"% OF TOTAL":17.0,"2024":592,"2029":833},"Total population: Median age":{"Demographic":null,"2020":38,"% OF TOTAL":null,"2024":38,"2029":39},"Total population: Under 5 years":{"Demographic":null,"2020":213,"% OF TOTAL":6.2,"2024":256,"2029":301},"Total population: 5 - 9 years":{"Demographic":null,"2020":210,"% OF TOTAL":6.3,"2024":263,"2029":308},"Total population: 10 - 14 years":{"Demographic":null,"2020":232,"% OF TOTAL":6.7,"2024":280,"2029":328},"Total population: 15 - 19 years":{"Demographic":null,"2020":168,"% OF TOTAL":6.0,"2024":218,"2029":291},"Total population: 20 - 24 years":{"Demographic":null,"2020":132,"% OF TOTAL":4.7,"2024":159,"2029":228},"Total population: 25 - 29 years":{"Demographic":null,"2020":189,"% OF TOTAL":5.3,"2024":228,"2029":261},"Total population: 30 - 34 years":{"Demographic":null,"2020":260,"% OF TOTAL":7.5,"2024":338,"2029":368},"Total population: 35 - 39 years":{"Demographic":null,"2020":238,"% OF TOTAL":8.3,"2024":312,"2029":404},"Total population: 40 - 44 years":{"Demographic":null,"2020":205,"% OF TOTAL":7.3,"2024":277,"2029":355},"Total population: 45 - 49 years":{"Demographic":null,"2020":203,"% OF TOTAL":6.8,"2024":244,"2029":332},"Total population: 50 - 54 years":{"Demographic":null,"2020":204,"% OF TOTAL":6.4,"2024":256,"2029":314},"Total population: 55 - 59 years":{"Demographic":null,"2020":228,"% OF TOTAL":6.2,"2024":248,"2029":303},"Total population: 60 - 64 years":{"Demographic":null,"2020":172,"% OF TOTAL":5.4,"2024":212,"2029":262},"Total population: 65 - 69 years":{"Demographic":null,"2020":179,"% OF TOTAL":5.8,"2024":235,"2029":284},"Total population: 70 - 74 years":{"Demographic":null,"2020":114,"% OF TOTAL":4.5,"2024":143,"2029":220},"Total population: 75 - 79 years":{"Demographic":null,"2020":80,"% OF TOTAL":3.3,"2024":113,"2029":160},"Total population: 80 - 84 years":{"Demographic":null,"2020":45,"% OF TOTAL":2.1,"2024":63,"2029":105},"Total population: 85 years and over":{"Demographic":null,"2020":32,"% OF TOTAL":1.3,"2024":38,"2029":64},"Householders Age 15-24":{"Demographic":null,"2020":18,"% OF TOTAL":1.8,"2024":23,"2029":32},"Householders Age 25-34":{"Demographic":null,"2020":169,"% OF TOTAL":13.3,"2024":214,"2029":242},"Householders Age 35-44":{"Demographic":null,"2020":220,"% OF TOTAL":19.7,"2024":278,"2029":357},"Householders Age 45-54":{"Demographic":null,"2020":226,"% OF TOTAL":20.5,"2024":287,"2029":371},"Householders Age 55-64":{"Demographic":null,"2020":248,"% OF TOTAL":21.2,"2024":315,"2029":385},"Householders Age 65-74":{"Demographic":null,"2020":145,"% OF TOTAL":13.5,"2024":184,"2029":245},"Householders Age 75+":{"Demographic":null,"2020":95,"% OF TOTAL":10.0,"2024":120,"2029":182},"Household income: Average":{"Demographic":null,"2020":110596,"% OF TOTAL":null,"2024":110470,"2029":134288},"Household income: Less than 25k":{"Demographic":null,"2020":192,"% OF TOTAL":9.3,"2024":238,"2029":168},"Household income: 25k - 50k":{"Demographic":null,"2020":65,"% OF TOTAL":4.0,"2024":77,"2029":72},"Household income: 50k - 75k":{"Demographic":null,"2020":115,"% OF TOTAL":8.4,"2024":160,"2029":153},"Household income: 75k - 100k":{"Demographic":null,"2020":106,"% OF TOTAL":8.2,"2024":116,"2029":149},"Household income: 100k - 125k":{"Demographic":null,"2020":156,"% OF TOTAL":13.8,"2024":199,"2029":250},"Household income: 125k - 150k":{"Demographic":null,"2020":178,"% OF TOTAL":17.6,"2024":258,"2029":319},"Household income: 150k - 200k":{"Demographic":null,"2020":271,"% OF TOTAL":32.0,"2024":327,"2029":581},"Household income: Above 200k":{"Demographic":null,"2020":38,"% OF TOTAL":6.7,"2024":46,"2029":122},"White Alone":{"Demographic":null,"2020":2291,"% OF TOTAL":73.1,"2024":2837,"2029":3571},"Black or African American Alone":{"Demographic":null,"2020":301,"% OF TOTAL":9.4,"2024":364,"2029":458},"American Indian and Alaska Native Alone":{"Demographic":null,"2020":45,"% OF TOTAL":1.5,"2024":57,"2029":72},"Asian Alone":{"Demographic":null,"2020":135,"% OF TOTAL":4.6,"2024":177,"2029":224},"Native Hawaiian and OPI Alone":{"Demographic":null,"2020":8,"% OF TOTAL":0.2,"2024":10,"2029":12},"Some Other Race Alone":{"Demographic":null,"2020":29,"% OF TOTAL":0.9,"2024":35,"2029":44},"Two or More Races Alone":{"Demographic":null,"2020":295,"% OF TOTAL":10.4,"2024":403,"2029":507},"Not Hispanic or Latino":{"Demographic":null,"2020":2925,"% OF TOTAL":93.7,"2024":3637,"2029":4578},"Hispanic or Latino":{"Demographic":null,"2020":179,"% OF TOTAL":6.3,"2024":246,"2029":310},"Total Housing Units":{"Demographic":null,"2020":1184,"% OF TOTAL":null,"2024":null,"2029":null},"Owner Occupied Housing Units":{"Demographic":null,"2020":985,"% OF TOTAL":null,"2024":1249,"2029":null},"Renter Occupied Housing Units":{"Demographic":null,"2020":136,"% OF TOTAL":null,"2024":172,"2029":null},"Housing Units Value Less Than 100k":{"Demographic":null,"2020":58,"% OF TOTAL":null,"2024":73,"2029":null},"Housing Units Value 100k - 200k":{"Demographic":null,"2020":111,"% OF TOTAL":null,"2024":140,"2029":null},"Housing Units Value 200k - 250k":{"Demographic":null,"2020":89,"% OF TOTAL":null,"2024":113,"2029":null},"Housing Units Value 250k - 300k":{"Demographic":null,"2020":152,"% OF TOTAL":null,"2024":193,"2029":null},"Housing Units Value 300k - 400k":{"Demographic":null,"2020":357,"% OF TOTAL":null,"2024":453,"2029":null},"Housing Units Value 400k - 500k":{"Demographic":null,"2020":185,"% OF TOTAL":null,"2024":235,"2029":null},"Housing Units Value 500k - 750k":{"Demographic":null,"2020":14,"% OF TOTAL":null,"2024":18,"2029":null},"Housing Units Value 750k - 1m":{"Demographic":null,"2020":0,"% OF TOTAL":null,"2024":0,"2029":null},"Housing Units Value 1m - 1.5m":{"Demographic":null,"2020":19,"% OF TOTAL":null,"2024":24,"2029":null},"Housing Units Value 1.5m - 2m":{"Demographic":null,"2020":0,"% OF TOTAL":null,"2024":0,"2029":null},"Housing Units Value >2m":{"Demographic":null,"2020":0,"% OF TOTAL":null,"2024":0,"2029":null},"Take Car or Truck to Work":{"Demographic":null,"2020":1397,"% OF TOTAL":null,"2024":1761,"2029":null},"Take Public Transportation to Work":{"Demographic":null,"2020":0,"% OF TOTAL":null,"2024":0,"2029":null},"Take Other Means of Transportation to Work":{"Demographic":null,"2020":8,"% OF TOTAL":null,"2024":10,"2029":null},"Average Travel Time (min)":{"Demographic":null,"2020":28,"% OF TOTAL":null,"2024":28,"2029":null},"Travel Below 30 Min to Work":{"Demographic":null,"2020":844,"% OF TOTAL":null,"2024":1064,"2029":null},"Travel 30-60 Min to Work":{"Demographic":null,"2020":553,"% OF TOTAL":null,"2024":697,"2029":null},"Travel Above 60 Min to Work":{"Demographic":null,"2020":35,"% OF TOTAL":null,"2024":10,"2029":null},"Educational Attainment: No High School Diploma":{"Demographic":null,"2020":518,"% OF TOTAL":null,"2024":652,"2029":null},"Educational Attainment: High School Diploma":{"Demographic":null,"2020":458,"% OF TOTAL":null,"2024":577,"2029":null},"Educational Attainment: Some College":{"Demographic":null,"2020":1239,"% OF TOTAL":null,"2024":1561,"2029":null},"Educational Attainment: Associate's Degree":{"Demographic":null,"2020":138,"% OF TOTAL":null,"2024":174,"2029":null},"Educational Attainment: Bachelors Degree":{"Demographic":null,"2020":540,"% OF TOTAL":null,"2024":680,"2029":null},"Educational Attainment: Advanced Degree":{"Demographic":null,"2020":392,"% OF TOTAL":null,"2024":494,"2029":null},"Households: Number of vehicles available - Average":{"Demographic":null,"2020":2,"% OF TOTAL":null,"2024":2,"2029":null},"Households: No Vehicle available":{"Demographic":null,"2020":32,"% OF TOTAL":null,"2024":40,"2029":null},"Households: 1 Vehicle available":{"Demographic":null,"2020":270,"% OF TOTAL":null,"2024":342,"2029":null},"Households: 2 Vehicles available":{"Demographic":null,"2020":563,"% OF TOTAL":null,"2024":714,"2029":null},"Households: 3 Vehicles available":{"Demographic":null,"2020":190,"% OF TOTAL":null,"2024":241,"2029":null},"Households: 4 or more Vehicles available":{"Demographic":null,"2020":66,"% OF TOTAL":null,"2024":84,"2029":null}},"household_trends":{"Households":{"Demographic":null,"2020":1121,"% OF TOTAL":null,"2024":1421,"2029":1814},"Households Growth":{"Demographic":null,"2020":null,"% OF TOTAL":null,"2024":26.8,"2029":27.7},"Householder Age 15-24":{"Demographic":null,"2020":18,"% OF TOTAL":1.8,"2024":23,"2029":32},"Householder Age 25-34":{"Demographic":null,"2020":169,"% OF TOTAL":13.3,"2024":214,"2029":242},"Householder Age 35-44":{"Demographic":null,"2020":220,"% OF TOTAL":19.7,"2024":278,"2029":357},"Householder Age 45-54":{"Demographic":null,"2020":226,"% OF TOTAL":20.5,"2024":287,"2029":371},"Householder Age 55-64":{"Demographic":null,"2020":248,"% OF TOTAL":21.2,"2024":315,"2029":385},"Householder Age 65-74":{"Demographic":null,"2020":145,"% OF TOTAL":13.5,"2024":184,"2029":245},"Householder Age 75+":{"Demographic":null,"2020":95,"% OF TOTAL":10.0,"2024":120,"2029":182},"Average Household Size":{"Demographic":null,"2020":2.8,"% OF TOTAL":null,"2024":2.7,"2029":2.7},"1 Person Households":{"Demographic":null,"2020":207,"% OF TOTAL":19.9,"2024":276,"2029":361},"2 Person Households":{"Demographic":null,"2020":370,"% OF TOTAL":35.0,"2024":489,"2029":635},"3 Person Households":{"Demographic":null,"2020":197,"% OF TOTAL":18.5,"2024":259,"2029":336},"4 Person Households":{"Demographic":null,"2020":191,"% OF TOTAL":14.7,"2024":219,"2029":266},"5 Person Households":{"Demographic":null,"2020":103,"% OF TOTAL":8.0,"2024":119,"2029":146},"6 Person Households":{"Demographic":null,"2020":31,"% OF TOTAL":2.2,"2024":34,"2029":40},"7+ Person Households":{"Demographic":null,"2020":22,"% OF TOTAL":1.7,"2024":25,"2029":30},"Household Type: Family":{"Demographic":null,"2020":866,"% OF TOTAL":null,"2024":1098,"2029":null},"Household Type: Married Family":{"Demographic":null,"2020":716,"% OF TOTAL":null,"2024":908,"2029":null},"Household Type: Married Family With Children":{"Demographic":null,"2020":258,"% OF TOTAL":null,"2024":327,"2029":null},"Household Type: Married Family Without Children":{"Demographic":null,"2020":458,"% OF TOTAL":null,"2024":581,"2029":null},"Household Type: Other Family":{"Demographic":null,"2020":150,"% OF TOTAL":null,"2024":190,"2029":null},"Household Type: Male Households, No Wife":{"Demographic":null,"2020":47,"% OF TOTAL":null,"2024":60,"2029":null},"Household Type: Male Households, No Wife With Children":{"Demographic":null,"2020":22,"% OF TOTAL":null,"2024":28,"2029":null},"Household Type: Male Households, No Wife Without Children":{"Demographic":null,"2020":25,"% OF TOTAL":null,"2024":32,"2029":null},"Household Type: Female Households, No Husband":{"Demographic":null,"2020":103,"% OF TOTAL":null,"2024":130,"2029":null},"Household Type: Female Households, No Husband With Children":{"Demographic":null,"2020":39,"% OF TOTAL":null,"2024":49,"2029":null},"Household Type: Female Households, No Husband Without Children":{"Demographic":null,"2020":64,"% OF TOTAL":null,"2024":81,"2029":null},"Household Income: Average":{"Demographic":null,"2020":110596,"% OF TOTAL":null,"2024":110470,"2029":134288},"Household Income: Median":{"Demographic":null,"2020":0,"% OF TOTAL":null,"2024":115013,"2029":134013},"Household Income: Less than $25k":{"Demographic":null,"2020":192,"% OF TOTAL":9.3,"2024":238,"2029":168},"Household Income: $25k - $50k":{"Demographic":null,"2020":65,"% OF TOTAL":4.0,"2024":77,"2029":72},"Household Income: $50k - $75k":{"Demographic":null,"2020":115,"% OF TOTAL":8.4,"2024":160,"2029":153},"Household Income: $75k - $100k":{"Demographic":null,"2020":106,"% OF TOTAL":8.2,"2024":116,"2029":149},"Household Income: $100k - $125k":{"Demographic":null,"2020":156,"% OF TOTAL":13.8,"2024":199,"2029":250},"Household Income: $125k - $150k":{"Demographic":null,"2020":178,"% OF TOTAL":17.6,"2024":258,"2029":319},"Household Income: $150k - $200k":{"Demographic":null,"2020":271,"% OF TOTAL":32.0,"2024":327,"2029":581},"Household Income: Above $200k":{"Demographic":null,"2020":38,"% OF TOTAL":6.7,"2024":46,"2029":122},"Total Housing Units":{"Demographic":null,"2020":1184,"% OF TOTAL":null,"2024":null,"2029":null},"Owner Occupied Housing Units":{"Demographic":null,"2020":985,"% OF TOTAL":null,"2024":1249,"2029":null},"Renter Occupied Housing Units":{"Demographic":null,"2020":136,"% OF TOTAL":null,"2024":172,"2029":null},"Vacant Housing Units":{"Demographic":null,"2020":63,"% OF TOTAL":null,"2024":null,"2029":null},"Vacant Housing Units: Seasonal":{"Demographic":null,"2020":3,"% OF TOTAL":null,"2024":null,"2029":null},"Vacant Housing Units: Other Usage":{"Demographic":null,"2020":60,"% OF TOTAL":null,"2024":null,"2029":null},"Average Housing Unit Value":{"Demographic":null,"2020":326713,"% OF TOTAL":null,"2024":326938,"2029":null},"Median Housing Unit Value":{"Demographic":null,"2020":323109,"% OF TOTAL":null,"2024":323289,"2029":null},"Housing Unit Value Less Than $100k":{"Demographic":null,"2020":58,"% OF TOTAL":null,"2024":73,"2029":null},"Housing Unit Value $100k-$200k":{"Demographic":null,"2020":111,"% OF TOTAL":null,"2024":140,"2029":null},"Housing Unit Value $200k-$250k":{"Demographic":null,"2020":89,"% OF TOTAL":null,"2024":113,"2029":null},"Housing Unit Value $250k-$300k":{"Demographic":null,"2020":152,"% OF TOTAL":null,"2024":193,"2029":null},"Housing Unit Value $300k-$400k":{"Demographic":null,"2020":357,"% OF TOTAL":null,"2024":453,"2029":null},"Housing Unit Value $400k-$500k":{"Demographic":null,"2020":185,"% OF TOTAL":null,"2024":235,"2029":null},"Housing Unit Value $500k-$750k":{"Demographic":null,"2020":14,"% OF TOTAL":null,"2024":18,"2029":null},"Housing Unit Value $750k-$1m":{"Demographic":null,"2020":0,"% OF TOTAL":null,"2024":0,"2029":null},"Housing Unit Value $1m-$1.5m":{"Demographic":null,"2020":19,"% OF TOTAL":null,"2024":24,"2029":null},"Housing Unit Value $1.5m-$2m":{"Demographic":null,"2020":0,"% OF TOTAL":null,"2024":0,"2029":null},"Housing Unit Value Above $2m":{"Demographic":null,"2020":0,"% OF TOTAL":null,"2024":0,"2029":null},"Median Housing Unit Year Built":{"Demographic":null,"2020":2010,"% OF TOTAL":null,"2024":2010,"2029":null},"Housing Units Built 2014 Or After":{"Demographic":null,"2020":169,"% OF TOTAL":null,"2024":214,"2029":null},"Housing Units Built 2010-2013":{"Demographic":null,"2020":392,"% OF TOTAL":null,"2024":497,"2029":null},"Housing Units Built 2000-2009":{"Demographic":null,"2020":198,"% OF TOTAL":null,"2024":251,"2029":null},"Housing Units Built 1990-1999":{"Demographic":null,"2020":117,"% OF TOTAL":null,"2024":148,"2029":null},"Housing Units Built 1980-1989":{"Demographic":null,"2020":99,"% OF TOTAL":null,"2024":126,"2029":null},"Housing Units Built 1970-1979":{"Demographic":null,"2020":91,"% OF TOTAL":null,"2024":115,"2029":null},"Housing Units Built 1960-1969":{"Demographic":null,"2020":20,"% OF TOTAL":null,"2024":25,"2029":null},"Housing Units Built 1950-1959":{"Demographic":null,"2020":35,"% OF TOTAL":null,"2024":45,"2029":null},"Housing Units Built 1940-1949":{"Demographic":null,"2020":0,"% OF TOTAL":null,"2024":0,"2029":null},"Housing Units Built Before 1940":{"Demographic":null,"2020":0,"% OF TOTAL":null,"2024":0,"2029":null}}},"geometry":{"type":"Polygon","coordinates":[[[-87.40631080039391,30.5314627160063],[-87.40631080039391,30.560376149187356],[-87.37272024639145,30.560376149187356],[-87.37272024639145,30.5314627160063],[-87.40631080039391,30.5314627160063]]]}},{"type":"Feature","properties":{"block":"039","block_num":39,"submarket":"Cantonment","CentroidLon":-87.35592496939024,"CentroidLat":30.545919432596822,"data_status":"usable","is_anomalous":false,"anomaly_reason":null,"files_present":"ConsumerSegmentation-26.08.10.csv;DemographicSnapshot-26.08.10.csv;HouseholdIncomeByAge-26.08.10.csv;HouseholdTrends-26.08.10.csv;PopulationTrends-26.08.10.csv","population_2024":1785,"population_2029":1899,"households_2024":664,"households_2029":717,"median_household_income_2024":97287,"median_household_income_2029":109734,"mean_household_income_2024":null,"mean_household_income_2029":null,"median_age_2024":44,"median_age_2029":46,"median_home_value_2024":290071,"average_household_size_2024":2.7,"average_household_size_2029":2.7,"population_growth_2024_2029":4.0,"households_growth_2024_2029":5.4,"consumer_segments":{"Active Adult Feature and Location":{"households":111,"pct":14.7},"Elite":{"households":110,"pct":14.5},"Active Adult Elite":{"households":107,"pct":14.1},"Family Life Young Children":{"households":91,"pct":12.0},"Feature and Location":{"households":81,"pct":10.7},"Family Life School Age Children":{"households":75,"pct":9.9},"Entry Level Suburban":{"households":45,"pct":5.9},"Simple Life Moderate Income No Children":{"households":45,"pct":5.9},"Simple Life Moderate Income With Children":{"households":37,"pct":4.9},"Simple Life Affluent No Children":{"households":23,"pct":3.0},"Renters":{"households":20,"pct":2.6},"Active Adult Entry Level":{"households":11,"pct":1.5},"Renters Near Term Buyers":{"households":1,"pct":0.1},"Entry Level Urban":{"households":0,"pct":0.0}},"income_age":{"2020":{},"2024":{},"2029":{}},"population_trends":{"Total Population":{"Demographic":null,"2020":1716,"% OF TOTAL":null,"2024":1785,"2029":1899},"Population Growth":{"Demographic":null,"2020":null,"% OF TOTAL":null,"2024":4.0,"2029":6.4},"Female Population":{"Demographic":null,"2020":867,"% OF TOTAL":50.7,"2024":904,"2029":962},"Male Population":{"Demographic":null,"2020":849,"% OF TOTAL":49.3,"2024":881,"2029":937},"Total population: Median Age":{"Demographic":null,"2020":44,"% OF TOTAL":null,"2024":44,"2029":46},"Total population: Under 5 years":{"Demographic":null,"2020":80,"% OF TOTAL":4.3,"2024":79,"2029":81},"Total population: 5 - 9 years":{"Demographic":null,"2020":107,"% OF TOTAL":5.4,"2024":112,"2029":102},"Total population: 10 - 14 years":{"Demographic":null,"2020":115,"% OF TOTAL":6.2,"2024":116,"2029":118},"Total population: 15 - 19 years":{"Demographic":null,"2020":94,"% OF TOTAL":5.6,"2024":99,"2029":107},"Total population: 20 - 24 years":{"Demographic":null,"2020":70,"% OF TOTAL":4.7,"2024":73,"2029":90},"Total population: 25 - 29 years":{"Demographic":null,"2020":58,"% OF TOTAL":3.2,"2024":55,"2029":60},"Total population: 30 - 34 years":{"Demographic":null,"2020":101,"% OF TOTAL":4.9,"2024":108,"2029":93},"Total population: 35 - 39 years":{"Demographic":null,"2020":117,"% OF TOTAL":6.8,"2024":126,"2029":129},"Total population: 40 - 44 years":{"Demographic":null,"2020":119,"% OF TOTAL":7.2,"2024":133,"2029":137},"Total population: 45 - 49 years":{"Demographic":null,"2020":105,"% OF TOTAL":6.5,"2024":102,"2029":123},"Total population: 50 - 54 years":{"Demographic":null,"2020":102,"% OF TOTAL":6.1,"2024":110,"2029":115},"Total population: 55 - 59 years":{"Demographic":null,"2020":148,"% OF TOTAL":7.0,"2024":137,"2029":132},"Total population: 60 - 64 years":{"Demographic":null,"2020":129,"% OF TOTAL":7.0,"2024":134,"2029":133},"Total population: 65 - 69 years":{"Demographic":null,"2020":113,"% OF TOTAL":7.0,"2024":121,"2029":132},"Total population: 70 - 74 years":{"Demographic":null,"2020":110,"% OF TOTAL":6.6,"2024":112,"2029":126},"Total population: 75 - 79 years":{"Demographic":null,"2020":69,"% OF TOTAL":5.4,"2024":83,"2029":102},"Total population: 80 - 84 years":{"Demographic":null,"2020":53,"% OF TOTAL":4.1,"2024":60,"2029":77},"Total population: 85 years and over":{"Demographic":null,"2020":26,"% OF TOTAL":2.2,"2024":25,"2029":42},"Female population: Median Age":{"Demographic":null,"2020":45,"% OF TOTAL":null,"2024":45,"2029":47},"Female population: Under 5 years":{"Demographic":null,"2020":40,"% OF TOTAL":4.3,"2024":40,"2029":41},"Female population: 5 - 9 years":{"Demographic":null,"2020":54,"% OF TOTAL":5.3,"2024":56,"2029":51},"Female population: 10 - 14 years":{"Demographic":null,"2020":50,"% OF TOTAL":5.5,"2024":50,"2029":53},"Female population: 15 - 19 years":{"Demographic":null,"2020":43,"% OF TOTAL":5.0,"2024":45,"2029":48},"Female population: 20 - 24 years":{"Demographic":null,"2020":36,"% OF TOTAL":4.7,"2024":38,"2029":45},"Female population: 25 - 29 years":{"Demographic":null,"2020":21,"% OF TOTAL":2.6,"2024":20,"2029":25},"Female population: 30 - 34 years":{"Demographic":null,"2020":55,"% OF TOTAL":4.9,"2024":58,"2029":47},"Female population: 35 - 39 years":{"Demographic":null,"2020":66,"% OF TOTAL":7.4,"2024":71,"2029":71},"Female population: 40 - 44 years":{"Demographic":null,"2020":64,"% OF TOTAL":7.6,"2024":70,"2029":73},"Female population: 45 - 49 years":{"Demographic":null,"2020":51,"% OF TOTAL":6.5,"2024":51,"2029":63},"Female population: 50 - 54 years":{"Demographic":null,"2020":48,"% OF TOTAL":5.8,"2024":52,"2029":56},"Female population: 55 - 59 years":{"Demographic":null,"2020":72,"% OF TOTAL":6.9,"2024":69,"2029":66},"Female population: 60 - 64 years":{"Demographic":null,"2020":69,"% OF TOTAL":7.3,"2024":72,"2029":70},"Female population: 65 - 69 years":{"Demographic":null,"2020":64,"% OF TOTAL":7.6,"2024":67,"2029":73},"Female population: 70 - 74 years":{"Demographic":null,"2020":52,"% OF TOTAL":6.5,"2024":53,"2029":63},"Female population: 75 - 79 years":{"Demographic":null,"2020":38,"% OF TOTAL":5.6,"2024":46,"2029":54},"Female population: 80 - 84 years":{"Demographic":null,"2020":26,"% OF TOTAL":4.1,"2024":29,"2029":39},"Female population: 85 years and over":{"Demographic":null,"2020":18,"% OF TOTAL":2.5,"2024":17,"2029":24},"Male population: Median Age":{"Demographic":null,"2020":44,"% OF TOTAL":null,"2024":44,"2029":45},"Male population: Under 5 years":{"Demographic":null,"2020":40,"% OF TOTAL":4.3,"2024":39,"2029":40},"Male population: 5 - 9 years":{"Demographic":null,"2020":53,"% OF TOTAL":5.4,"2024":56,"2029":51},"Male population: 10 - 14 years":{"Demographic":null,"2020":65,"% OF TOTAL":6.9,"2024":66,"2029":65},"Male population: 15 - 19 years":{"Demographic":null,"2020":51,"% OF TOTAL":6.3,"2024":54,"2029":59},"Male population: 20 - 24 years":{"Demographic":null,"2020":34,"% OF TOTAL":4.8,"2024":35,"2029":45},"Male population: 25 - 29 years":{"Demographic":null,"2020":37,"% OF TOTAL":3.7,"2024":35,"2029":35},"Male population: 30 - 34 years":{"Demographic":null,"2020":46,"% OF TOTAL":4.9,"2024":50,"2029":46},"Male population: 35 - 39 years":{"Demographic":null,"2020":51,"% OF TOTAL":6.2,"2024":55,"2029":58},"Male population: 40 - 44 years":{"Demographic":null,"2020":55,"% OF TOTAL":6.8,"2024":63,"2029":64},"Male population: 45 - 49 years":{"Demographic":null,"2020":54,"% OF TOTAL":6.4,"2024":51,"2029":60},"Male population: 50 - 54 years":{"Demographic":null,"2020":54,"% OF TOTAL":6.3,"2024":58,"2029":59},"Male population: 55 - 59 years":{"Demographic":null,"2020":76,"% OF TOTAL":7.0,"2024":68,"2029":66},"Male population: 60 - 64 years":{"Demographic":null,"2020":60,"% OF TOTAL":6.7,"2024":62,"2029":63},"Male population: 65 - 69 years":{"Demographic":null,"2020":49,"% OF TOTAL":6.3,"2024":54,"2029":59},"Male population: 70 - 74 years":{"Demographic":null,"2020":58,"% OF TOTAL":6.7,"2024":59,"2029":63},"Male population: 75 - 79 years":{"Demographic":null,"2020":31,"% OF TOTAL":5.1,"2024":37,"2029":48},"Male population: 80 - 84 years":{"Demographic":null,"2020":27,"% OF TOTAL":4.1,"2024":31,"2029":38},"Male population: 85 years and over":{"Demographic":null,"2020":8,"% OF TOTAL":1.9,"2024":8,"2029":18},"White alone":{"Demographic":null,"2020":1332,"% OF TOTAL":77.3,"2024":1378,"2029":1467},"Black alone":{"Demographic":null,"2020":199,"% OF TOTAL":11.2,"2024":201,"2029":213},"American Indian and Alaska Native alone":{"Demographic":null,"2020":9,"% OF TOTAL":0.5,"2024":10,"2029":10},"Asian alone":{"Demographic":null,"2020":43,"% OF TOTAL":2.7,"2024":48,"2029":51},"Native Hawaiian and OPI alone":{"Demographic":null,"2020":2,"% OF TOTAL":0.1,"2024":2,"2029":2},"Some other race alone":{"Demographic":null,"2020":25,"% OF TOTAL":1.4,"2024":25,"2029":27},"Two or more races alone":{"Demographic":null,"2020":106,"% OF TOTAL":6.8,"2024":121,"2029":129},"Not Hispanic: White alone":{"Demographic":null,"2020":1312,"% OF TOTAL":75.9,"2024":1355,"2029":1442},"Not Hispanic: Black or African American alone":{"Demographic":null,"2020":199,"% OF TOTAL":11.2,"2024":201,"2029":213},"Not Hispanic: American Indian and Alaska Native alone":{"Demographic":null,"2020":7,"% OF TOTAL":0.4,"2024":7,"2029":7},"Not Hispanic: Asian alone":{"Demographic":null,"2020":40,"% OF TOTAL":2.5,"2024":44,"2029":47},"Not Hispanic: Native Hawaiian and OPI alone":{"Demographic":null,"2020":2,"% OF TOTAL":0.1,"2024":2,"2029":2},"Not Hispanic: Some Other Race alone":{"Demographic":null,"2020":7,"% OF TOTAL":0.4,"2024":7,"2029":8},"Not Hispanic: Two or More Races":{"Demographic":null,"2020":88,"% OF TOTAL":5.6,"2024":99,"2029":106},"Hispanic: White alone":{"Demographic":null,"2020":20,"% OF TOTAL":1.3,"2024":23,"2029":25},"Hispanic: Black or African American alone":{"Demographic":null,"2020":0,"% OF TOTAL":0.0,"2024":0,"2029":0},"Hispanic: American Indian and Alaska Native alone":{"Demographic":null,"2020":2,"% OF TOTAL":0.2,"2024":3,"2029":3},"Hispanic: Asian alone":{"Demographic":null,"2020":3,"% OF TOTAL":0.2,"2024":4,"2029":4},"Hispanic: Native Hawaiian and OPI alone":{"Demographic":null,"2020":0,"% OF TOTAL":0.0,"2024":0,"2029":0},"Hispanic: Some Other Race alone":{"Demographic":null,"2020":18,"% OF TOTAL":1.0,"2024":18,"2029":19},"Hispanic: Two or More Races":{"Demographic":null,"2020":18,"% OF TOTAL":1.2,"2024":22,"2029":23},"Educational Attainment: No High School Diploma":{"Demographic":null,"2020":34,"% OF TOTAL":null,"2024":35,"2029":null},"Educational Attainment: High School Diploma":{"Demographic":null,"2020":314,"% OF TOTAL":null,"2024":328,"2029":null},"Educational Attainment: Some College":{"Demographic":null,"2020":309,"% OF TOTAL":null,"2024":323,"2029":null},"Educational Attainment: Associates Degree":{"Demographic":null,"2020":259,"% OF TOTAL":null,"2024":271,"2029":null},"Educational Attainment: Bachelors Degree":{"Demographic":null,"2020":269,"% OF TOTAL":null,"2024":281,"2029":null},"Educational Attainment: Advanced Degree":{"Demographic":null,"2020":65,"% OF TOTAL":null,"2024":68,"2029":null},"Employment Status: Armed Forces":{"Demographic":null,"2020":0,"% OF TOTAL":null,"2024":0,"2029":null},"Employment Status: Civilian labor force employed":{"Demographic":null,"2020":780,"% OF TOTAL":null,"2024":814,"2029":null},"Employment Status: Civilian labor force unemployed":{"Demographic":null,"2020":81,"% OF TOTAL":null,"2024":84,"2029":null},"Employment Status: Not in labor force":{"Demographic":null,"2020":529,"% OF TOTAL":null,"2024":552,"2029":null},"Employed in Agriculture and Mining Industries":{"Demographic":null,"2020":0,"% OF TOTAL":null,"2024":0,"2029":null},"Employed in Construction Industries":{"Demographic":null,"2020":53,"% OF TOTAL":null,"2024":55,"2029":null},"Employed in Manufacturing Industries":{"Demographic":null,"2020":0,"% OF TOTAL":null,"2024":0,"2029":null},"Employed in Wholesale Industries":{"Demographic":null,"2020":21,"% OF TOTAL":null,"2024":22,"2029":null},"Employed in Retail Industries":{"Demographic":null,"2020":39,"% OF TOTAL":null,"2024":41,"2029":null},"Employed in Transportation and Utilities Industries":{"Demographic":null,"2020":69,"% OF TOTAL":null,"2024":72,"2029":null},"Employed in Information Industries":{"Demographic":null,"2020":22,"% OF TOTAL":null,"2024":23,"2029":null},"Employed in Real-Estate Industries":{"Demographic":null,"2020":93,"% OF TOTAL":null,"2024":97,"2029":null},"Employed in Professional Industries":{"Demographic":null,"2020":72,"% OF TOTAL":null,"2024":75,"2029":null},"Employed in Health and Education Industries":{"Demographic":null,"2020":220,"% OF TOTAL":null,"2024":230,"2029":null},"Employed in Art Industries":{"Demographic":null,"2020":75,"% OF TOTAL":null,"2024":78,"2029":null},"Employed in Other Industries":{"Demographic":null,"2020":48,"% OF TOTAL":null,"2024":50,"2029":null},"Employed in Public Administration Industries":{"Demographic":null,"2020":68,"% OF TOTAL":null,"2024":71,"2029":null},"Occupation: Management":{"Demographic":null,"2020":54,"% OF TOTAL":null,"2024":56,"2029":null},"Occupation: Business and financial operations":{"Demographic":null,"2020":25,"% OF TOTAL":null,"2024":26,"2029":null},"Occupation: Computer and mathematical":{"Demographic":null,"2020":68,"% OF TOTAL":null,"2024":71,"2029":null},"Occupation: Architecture and engineering":{"Demographic":null,"2020":12,"% OF TOTAL":null,"2024":13,"2029":null},"Occupation: Life, physical, and social science":{"Demographic":null,"2020":0,"% OF TOTAL":null,"2024":0,"2029":null},"Occupation: Community and social service":{"Demographic":null,"2020":0,"% OF TOTAL":null,"2024":0,"2029":null},"Occupation: Legal":{"Demographic":null,"2020":0,"% OF TOTAL":null,"2024":0,"2029":null},"Occupation: Education, training, and library":{"Demographic":null,"2020":44,"% OF TOTAL":null,"2024":46,"2029":null},"Occupation: Arts, design, entertainment, sports, and media":{"Demographic":null,"2020":28,"% OF TOTAL":null,"2024":29,"2029":null},"Occupation: Health diagnosing and treating practitioners":{"Demographic":null,"2020":93,"% OF TOTAL":null,"2024":97,"2029":null},"Occupation: Health technologists and technicians":{"Demographic":null,"2020":0,"% OF TOTAL":null,"2024":0,"2029":null},"Occupation: Healthcare support":{"Demographic":null,"2020":0,"% OF TOTAL":null,"2024":0,"2029":null},"Occupation: Fire fighting and prevention":{"Demographic":null,"2020":0,"% OF TOTAL":null,"2024":0,"2029":null},"Occupation: Law enforcement workers":{"Demographic":null,"2020":0,"% OF TOTAL":null,"2024":0,"2029":null},"Occupation: Food preparation and serving related":{"Demographic":null,"2020":14,"% OF TOTAL":null,"2024":15,"2029":null},"Occupation: Building and grounds cleaning and maintenance":{"Demographic":null,"2020":28,"% OF TOTAL":null,"2024":29,"2029":null},"Occupation: Personal care and service":{"Demographic":null,"2020":21,"% OF TOTAL":null,"2024":22,"2029":null},"Occupation: Sales and related":{"Demographic":null,"2020":111,"% OF TOTAL":null,"2024":116,"2029":null},"Occupation: Office and administrative support":{"Demographic":null,"2020":166,"% OF TOTAL":null,"2024":173,"2029":null},"Occupation: Farming, fishing, and forestry":{"Demographic":null,"2020":0,"% OF TOTAL":null,"2024":0,"2029":null},"Occupation: Construction and extraction":{"Demographic":null,"2020":26,"% OF TOTAL":null,"2024":27,"2029":null},"Occupation: Installation, maintenance, and repair":{"Demographic":null,"2020":72,"% OF TOTAL":null,"2024":75,"2029":null},"Occupation: Production":{"Demographic":null,"2020":0,"% OF TOTAL":null,"2024":0,"2029":null},"Occupation: Transportation":{"Demographic":null,"2020":18,"% OF TOTAL":null,"2024":19,"2029":null},"Occupation: Material moving":{"Demographic":null,"2020":0,"% OF TOTAL":null,"2024":0,"2029":null},"White collar":{"Demographic":null,"2020":601,"% OF TOTAL":null,"2024":627,"2029":null},"Blue collar":{"Demographic":null,"2020":179,"% OF TOTAL":null,"2024":187,"2029":null},"Means of transportation: Car, truck or van":{"Demographic":null,"2020":716,"% OF TOTAL":null,"2024":747,"2029":null},"Means of transportation: Public transportation":{"Demographic":null,"2020":0,"% OF TOTAL":null,"2024":0,"2029":null},"Means of transportation: Other":{"Demographic":null,"2020":0,"% OF TOTAL":null,"2024":0,"2029":null},"Travel time: Average (in minutes)":{"Demographic":null,"2020":36,"% OF TOTAL":null,"2024":36,"2029":null},"Travel time to work: Less than 30 minutes":{"Demographic":null,"2020":445,"% OF TOTAL":null,"2024":464,"2029":null},"Travel time to work: 30 to 60 minutes":{"Demographic":null,"2020":180,"% OF TOTAL":null,"2024":188,"2029":null},"Travel time to work: 60 or more minutes":{"Demographic":null,"2020":91,"% OF TOTAL":null,"2024":95,"2029":null}},"demographic_snapshot":{"Total Population":{"Demographic":null,"2020":1716,"% OF TOTAL":null,"2024":1785,"2029":1899},"Households":{"Demographic":null,"2020":630,"% OF TOTAL":null,"2024":664,"2029":717},"Population in Group Quarters":{"Demographic":null,"2020":0,"% OF TOTAL":null,"2024":0,"2029":0},"Households Growth":{"Demographic":null,"2020":null,"% OF TOTAL":null,"2024":5.4,"2029":8.0},"Household Income: Median":{"Demographic":null,"2020":0,"% OF TOTAL":null,"2024":97287,"2029":109734},"Home Value: Median":{"Demographic":null,"2020":289925,"% OF TOTAL":null,"2024":290071,"2029":null},"Population Growth":{"Demographic":null,"2020":null,"% OF TOTAL":null,"2024":4.0,"2029":6.4},"Total Population: Under 19 years":{"Demographic":null,"2020":396,"% OF TOTAL":21.5,"2024":406,"2029":408},"Total Population: 20 - 64 years":{"Demographic":null,"2020":949,"% OF TOTAL":53.3,"2024":978,"2029":1012},"Total Population: 65 years and over":{"Demographic":null,"2020":371,"% OF TOTAL":25.2,"2024":401,"2029":479},"Total population: Median age":{"Demographic":null,"2020":44,"% OF TOTAL":null,"2024":44,"2029":46},"Total population: Under 5 years":{"Demographic":null,"2020":80,"% OF TOTAL":4.3,"2024":79,"2029":81},"Total population: 5 - 9 years":{"Demographic":null,"2020":107,"% OF TOTAL":5.4,"2024":112,"2029":102},"Total population: 10 - 14 years":{"Demographic":null,"2020":115,"% OF TOTAL":6.2,"2024":116,"2029":118},"Total population: 15 - 19 years":{"Demographic":null,"2020":94,"% OF TOTAL":5.6,"2024":99,"2029":107},"Total population: 20 - 24 years":{"Demographic":null,"2020":70,"% OF TOTAL":4.7,"2024":73,"2029":90},"Total population: 25 - 29 years":{"Demographic":null,"2020":58,"% OF TOTAL":3.2,"2024":55,"2029":60},"Total population: 30 - 34 years":{"Demographic":null,"2020":101,"% OF TOTAL":4.9,"2024":108,"2029":93},"Total population: 35 - 39 years":{"Demographic":null,"2020":117,"% OF TOTAL":6.8,"2024":126,"2029":129},"Total population: 40 - 44 years":{"Demographic":null,"2020":119,"% OF TOTAL":7.2,"2024":133,"2029":137},"Total population: 45 - 49 years":{"Demographic":null,"2020":105,"% OF TOTAL":6.5,"2024":102,"2029":123},"Total population: 50 - 54 years":{"Demographic":null,"2020":102,"% OF TOTAL":6.1,"2024":110,"2029":115},"Total population: 55 - 59 years":{"Demographic":null,"2020":148,"% OF TOTAL":7.0,"2024":137,"2029":132},"Total population: 60 - 64 years":{"Demographic":null,"2020":129,"% OF TOTAL":7.0,"2024":134,"2029":133},"Total population: 65 - 69 years":{"Demographic":null,"2020":113,"% OF TOTAL":7.0,"2024":121,"2029":132},"Total population: 70 - 74 years":{"Demographic":null,"2020":110,"% OF TOTAL":6.6,"2024":112,"2029":126},"Total population: 75 - 79 years":{"Demographic":null,"2020":69,"% OF TOTAL":5.4,"2024":83,"2029":102},"Total population: 80 - 84 years":{"Demographic":null,"2020":53,"% OF TOTAL":4.1,"2024":60,"2029":77},"Total population: 85 years and over":{"Demographic":null,"2020":26,"% OF TOTAL":2.2,"2024":25,"2029":42},"Householders Age 15-24":{"Demographic":null,"2020":15,"% OF TOTAL":2.6,"2024":16,"2029":19},"Householders Age 25-34":{"Demographic":null,"2020":78,"% OF TOTAL":11.0,"2024":83,"2029":79},"Householders Age 35-44":{"Demographic":null,"2020":106,"% OF TOTAL":15.8,"2024":111,"2029":113},"Householders Age 45-54":{"Demographic":null,"2020":80,"% OF TOTAL":13.2,"2024":85,"2029":95},"Householders Age 55-64":{"Demographic":null,"2020":126,"% OF TOTAL":17.9,"2024":132,"2029":128},"Householders Age 65-74":{"Demographic":null,"2020":137,"% OF TOTAL":22.2,"2024":144,"2029":159},"Householders Age 75+":{"Demographic":null,"2020":88,"% OF TOTAL":17.3,"2024":93,"2029":124},"Household income: Average":{"Demographic":null,"2020":98778,"% OF TOTAL":null,"2024":109804,"2029":124610},"Household income: Less than 25k":{"Demographic":null,"2020":25,"% OF TOTAL":1.4,"2024":21,"2029":10},"Household income: 25k - 50k":{"Demographic":null,"2020":164,"% OF TOTAL":24.8,"2024":168,"2029":178},"Household income: 50k - 75k":{"Demographic":null,"2020":31,"% OF TOTAL":2.5,"2024":28,"2029":18},"Household income: 75k - 100k":{"Demographic":null,"2020":142,"% OF TOTAL":14.6,"2024":129,"2029":105},"Household income: 100k - 125k":{"Demographic":null,"2020":127,"% OF TOTAL":17.0,"2024":111,"2029":122},"Household income: 125k - 150k":{"Demographic":null,"2020":51,"% OF TOTAL":6.8,"2024":36,"2029":49},"Household income: 150k - 200k":{"Demographic":null,"2020":64,"% OF TOTAL":24.1,"2024":136,"2029":173},"Household income: Above 200k":{"Demographic":null,"2020":26,"% OF TOTAL":8.6,"2024":35,"2029":62},"White Alone":{"Demographic":null,"2020":1332,"% OF TOTAL":77.3,"2024":1378,"2029":1467},"Black or African American Alone":{"Demographic":null,"2020":199,"% OF TOTAL":11.2,"2024":201,"2029":213},"American Indian and Alaska Native Alone":{"Demographic":null,"2020":9,"% OF TOTAL":0.5,"2024":10,"2029":10},"Asian Alone":{"Demographic":null,"2020":43,"% OF TOTAL":2.7,"2024":48,"2029":51},"Native Hawaiian and OPI Alone":{"Demographic":null,"2020":2,"% OF TOTAL":0.1,"2024":2,"2029":2},"Some Other Race Alone":{"Demographic":null,"2020":25,"% OF TOTAL":1.4,"2024":25,"2029":27},"Two or More Races Alone":{"Demographic":null,"2020":106,"% OF TOTAL":6.8,"2024":121,"2029":129},"Not Hispanic or Latino":{"Demographic":null,"2020":1655,"% OF TOTAL":96.1,"2024":1715,"2029":1825},"Hispanic or Latino":{"Demographic":null,"2020":61,"% OF TOTAL":3.9,"2024":70,"2029":74},"Total Housing Units":{"Demographic":null,"2020":679,"% OF TOTAL":null,"2024":null,"2029":null},"Owner Occupied Housing Units":{"Demographic":null,"2020":592,"% OF TOTAL":null,"2024":624,"2029":null},"Renter Occupied Housing Units":{"Demographic":null,"2020":38,"% OF TOTAL":null,"2024":40,"2029":null},"Housing Units Value Less Than 100k":{"Demographic":null,"2020":0,"% OF TOTAL":null,"2024":0,"2029":null},"Housing Units Value 100k - 200k":{"Demographic":null,"2020":108,"% OF TOTAL":null,"2024":114,"2029":null},"Housing Units Value 200k - 250k":{"Demographic":null,"2020":81,"% OF TOTAL":null,"2024":85,"2029":null},"Housing Units Value 250k - 300k":{"Demographic":null,"2020":134,"% OF TOTAL":null,"2024":141,"2029":null},"Housing Units Value 300k - 400k":{"Demographic":null,"2020":183,"% OF TOTAL":null,"2024":193,"2029":null},"Housing Units Value 400k - 500k":{"Demographic":null,"2020":63,"% OF TOTAL":null,"2024":67,"2029":null},"Housing Units Value 500k - 750k":{"Demographic":null,"2020":0,"% OF TOTAL":null,"2024":0,"2029":null},"Housing Units Value 750k - 1m":{"Demographic":null,"2020":0,"% OF TOTAL":null,"2024":0,"2029":null},"Housing Units Value 1m - 1.5m":{"Demographic":null,"2020":23,"% OF TOTAL":null,"2024":24,"2029":null},"Housing Units Value 1.5m - 2m":{"Demographic":null,"2020":0,"% OF TOTAL":null,"2024":0,"2029":null},"Housing Units Value >2m":{"Demographic":null,"2020":0,"% OF TOTAL":null,"2024":0,"2029":null},"Take Car or Truck to Work":{"Demographic":null,"2020":716,"% OF TOTAL":null,"2024":747,"2029":null},"Take Public Transportation to Work":{"Demographic":null,"2020":0,"% OF TOTAL":null,"2024":0,"2029":null},"Take Other Means of Transportation to Work":{"Demographic":null,"2020":0,"% OF TOTAL":null,"2024":0,"2029":null},"Average Travel Time (min)":{"Demographic":null,"2020":36,"% OF TOTAL":null,"2024":36,"2029":null},"Travel Below 30 Min to Work":{"Demographic":null,"2020":445,"% OF TOTAL":null,"2024":464,"2029":null},"Travel 30-60 Min to Work":{"Demographic":null,"2020":180,"% OF TOTAL":null,"2024":188,"2029":null},"Travel Above 60 Min to Work":{"Demographic":null,"2020":127,"% OF TOTAL":null,"2024":95,"2029":null},"Educational Attainment: No High School Diploma":{"Demographic":null,"2020":348,"% OF TOTAL":null,"2024":363,"2029":null},"Educational Attainment: High School Diploma":{"Demographic":null,"2020":314,"% OF TOTAL":null,"2024":328,"2029":null},"Educational Attainment: Some College":{"Demographic":null,"2020":837,"% OF TOTAL":null,"2024":875,"2029":null},"Educational Attainment: Associate's Degree":{"Demographic":null,"2020":259,"% OF TOTAL":null,"2024":271,"2029":null},"Educational Attainment: Bachelors Degree":{"Demographic":null,"2020":269,"% OF TOTAL":null,"2024":281,"2029":null},"Educational Attainment: Advanced Degree":{"Demographic":null,"2020":65,"% OF TOTAL":null,"2024":68,"2029":null},"Households: Number of vehicles available - Average":{"Demographic":null,"2020":1,"% OF TOTAL":null,"2024":1,"2029":null},"Households: No Vehicle available":{"Demographic":null,"2020":1,"% OF TOTAL":null,"2024":1,"2029":null},"Households: 1 Vehicle available":{"Demographic":null,"2020":236,"% OF TOTAL":null,"2024":249,"2029":null},"Households: 2 Vehicles available":{"Demographic":null,"2020":199,"% OF TOTAL":null,"2024":210,"2029":null},"Households: 3 Vehicles available":{"Demographic":null,"2020":194,"% OF TOTAL":null,"2024":204,"2029":null},"Households: 4 or more Vehicles available":{"Demographic":null,"2020":0,"% OF TOTAL":null,"2024":0,"2029":null}},"household_trends":{"Households":{"Demographic":null,"2020":630,"% OF TOTAL":null,"2024":664,"2029":717},"Households Growth":{"Demographic":null,"2020":null,"% OF TOTAL":null,"2024":5.4,"2029":8.0},"Householder Age 15-24":{"Demographic":null,"2020":15,"% OF TOTAL":2.6,"2024":16,"2029":19},"Householder Age 25-34":{"Demographic":null,"2020":78,"% OF TOTAL":11.0,"2024":83,"2029":79},"Householder Age 35-44":{"Demographic":null,"2020":106,"% OF TOTAL":15.8,"2024":111,"2029":113},"Householder Age 45-54":{"Demographic":null,"2020":80,"% OF TOTAL":13.2,"2024":85,"2029":95},"Householder Age 55-64":{"Demographic":null,"2020":126,"% OF TOTAL":17.9,"2024":132,"2029":128},"Householder Age 65-74":{"Demographic":null,"2020":137,"% OF TOTAL":22.2,"2024":144,"2029":159},"Householder Age 75+":{"Demographic":null,"2020":88,"% OF TOTAL":17.3,"2024":93,"2029":124},"Average Household Size":{"Demographic":null,"2020":2.7,"% OF TOTAL":null,"2024":2.7,"2029":2.7},"1 Person Households":{"Demographic":null,"2020":93,"% OF TOTAL":15.1,"2024":96,"2029":108},"2 Person Households":{"Demographic":null,"2020":264,"% OF TOTAL":42.3,"2024":276,"2029":303},"3 Person Households":{"Demographic":null,"2020":123,"% OF TOTAL":19.7,"2024":129,"2029":141},"4 Person Households":{"Demographic":null,"2020":93,"% OF TOTAL":14.5,"2024":102,"2029":104},"5 Person Households":{"Demographic":null,"2020":27,"% OF TOTAL":3.9,"2024":29,"2029":28},"6 Person Households":{"Demographic":null,"2020":25,"% OF TOTAL":3.9,"2024":27,"2029":28},"7+ Person Households":{"Demographic":null,"2020":5,"% OF TOTAL":0.7,"2024":5,"2029":5},"Household Type: Family":{"Demographic":null,"2020":516,"% OF TOTAL":null,"2024":544,"2029":null},"Household Type: Married Family":{"Demographic":null,"2020":418,"% OF TOTAL":null,"2024":442,"2029":null},"Household Type: Married Family With Children":{"Demographic":null,"2020":130,"% OF TOTAL":null,"2024":138,"2029":null},"Household Type: Married Family Without Children":{"Demographic":null,"2020":288,"% OF TOTAL":null,"2024":304,"2029":null},"Household Type: Other Family":{"Demographic":null,"2020":98,"% OF TOTAL":null,"2024":102,"2029":null},"Household Type: Male Households, No Wife":{"Demographic":null,"2020":30,"% OF TOTAL":null,"2024":31,"2029":null},"Household Type: Male Households, No Wife With Children":{"Demographic":null,"2020":11,"% OF TOTAL":null,"2024":11,"2029":null},"Household Type: Male Households, No Wife Without Children":{"Demographic":null,"2020":19,"% OF TOTAL":null,"2024":20,"2029":null},"Household Type: Female Households, No Husband":{"Demographic":null,"2020":68,"% OF TOTAL":null,"2024":71,"2029":null},"Household Type: Female Households, No Husband With Children":{"Demographic":null,"2020":30,"% OF TOTAL":null,"2024":31,"2029":null},"Household Type: Female Households, No Husband Without Children":{"Demographic":null,"2020":38,"% OF TOTAL":null,"2024":40,"2029":null},"Household Income: Average":{"Demographic":null,"2020":98778,"% OF TOTAL":null,"2024":109804,"2029":124610},"Household Income: Median":{"Demographic":null,"2020":0,"% OF TOTAL":null,"2024":97287,"2029":109734},"Household Income: Less than $25k":{"Demographic":null,"2020":25,"% OF TOTAL":1.4,"2024":21,"2029":10},"Household Income: $25k - $50k":{"Demographic":null,"2020":164,"% OF TOTAL":24.8,"2024":168,"2029":178},"Household Income: $50k - $75k":{"Demographic":null,"2020":31,"% OF TOTAL":2.5,"2024":28,"2029":18},"Household Income: $75k - $100k":{"Demographic":null,"2020":142,"% OF TOTAL":14.6,"2024":129,"2029":105},"Household Income: $100k - $125k":{"Demographic":null,"2020":127,"% OF TOTAL":17.0,"2024":111,"2029":122},"Household Income: $125k - $150k":{"Demographic":null,"2020":51,"% OF TOTAL":6.8,"2024":36,"2029":49},"Household Income: $150k - $200k":{"Demographic":null,"2020":64,"% OF TOTAL":24.1,"2024":136,"2029":173},"Household Income: Above $200k":{"Demographic":null,"2020":26,"% OF TOTAL":8.6,"2024":35,"2029":62},"Total Housing Units":{"Demographic":null,"2020":679,"% OF TOTAL":null,"2024":null,"2029":null},"Owner Occupied Housing Units":{"Demographic":null,"2020":592,"% OF TOTAL":null,"2024":624,"2029":null},"Renter Occupied Housing Units":{"Demographic":null,"2020":38,"% OF TOTAL":null,"2024":40,"2029":null},"Vacant Housing Units":{"Demographic":null,"2020":49,"% OF TOTAL":null,"2024":null,"2029":null},"Vacant Housing Units: Seasonal":{"Demographic":null,"2020":6,"% OF TOTAL":null,"2024":null,"2029":null},"Vacant Housing Units: Other Usage":{"Demographic":null,"2020":43,"% OF TOTAL":null,"2024":null,"2029":null},"Average Housing Unit Value":{"Demographic":null,"2020":327872,"% OF TOTAL":null,"2024":327684,"2029":null},"Median Housing Unit Value":{"Demographic":null,"2020":289925,"% OF TOTAL":null,"2024":290071,"2029":null},"Housing Unit Value Less Than $100k":{"Demographic":null,"2020":0,"% OF TOTAL":null,"2024":0,"2029":null},"Housing Unit Value $100k-$200k":{"Demographic":null,"2020":108,"% OF TOTAL":null,"2024":114,"2029":null},"Housing Unit Value $200k-$250k":{"Demographic":null,"2020":81,"% OF TOTAL":null,"2024":85,"2029":null},"Housing Unit Value $250k-$300k":{"Demographic":null,"2020":134,"% OF TOTAL":null,"2024":141,"2029":null},"Housing Unit Value $300k-$400k":{"Demographic":null,"2020":183,"% OF TOTAL":null,"2024":193,"2029":null},"Housing Unit Value $400k-$500k":{"Demographic":null,"2020":63,"% OF TOTAL":null,"2024":67,"2029":null},"Housing Unit Value $500k-$750k":{"Demographic":null,"2020":0,"% OF TOTAL":null,"2024":0,"2029":null},"Housing Unit Value $750k-$1m":{"Demographic":null,"2020":0,"% OF TOTAL":null,"2024":0,"2029":null},"Housing Unit Value $1m-$1.5m":{"Demographic":null,"2020":23,"% OF TOTAL":null,"2024":24,"2029":null},"Housing Unit Value $1.5m-$2m":{"Demographic":null,"2020":0,"% OF TOTAL":null,"2024":0,"2029":null},"Housing Unit Value Above $2m":{"Demographic":null,"2020":0,"% OF TOTAL":null,"2024":0,"2029":null},"Median Housing Unit Year Built":{"Demographic":null,"2020":1997,"% OF TOTAL":null,"2024":1997,"2029":null},"Housing Units Built 2014 Or After":{"Demographic":null,"2020":0,"% OF TOTAL":null,"2024":0,"2029":null},"Housing Units Built 2010-2013":{"Demographic":null,"2020":216,"% OF TOTAL":null,"2024":228,"2029":null},"Housing Units Built 2000-2009":{"Demographic":null,"2020":22,"% OF TOTAL":null,"2024":24,"2029":null},"Housing Units Built 1990-1999":{"Demographic":null,"2020":223,"% OF TOTAL":null,"2024":235,"2029":null},"Housing Units Built 1980-1989":{"Demographic":null,"2020":102,"% OF TOTAL":null,"2024":107,"2029":null},"Housing Units Built 1970-1979":{"Demographic":null,"2020":22,"% OF TOTAL":null,"2024":23,"2029":null},"Housing Units Built 1960-1969":{"Demographic":null,"2020":34,"% OF TOTAL":null,"2024":36,"2029":null},"Housing Units Built 1950-1959":{"Demographic":null,"2020":11,"% OF TOTAL":null,"2024":11,"2029":null},"Housing Units Built 1940-1949":{"Demographic":null,"2020":0,"% OF TOTAL":null,"2024":0,"2029":null},"Housing Units Built Before 1940":{"Demographic":null,"2020":0,"% OF TOTAL":null,"2024":0,"2029":null}}},"geometry":{"type":"Polygon","coordinates":[[[-87.37272024639145,30.5314627160063],[-87.37272024639145,30.560376149187356],[-87.339129692389,30.560376149187356],[-87.339129692389,30.5314627160063],[-87.37272024639145,30.5314627160063]]]}},{"type":"Feature","properties":{"block":"040","block_num":40,"submarket":"Cantonment","CentroidLon":-87.32233441538777,"CentroidLat":30.545919432596822,"data_status":"usable","is_anomalous":false,"anomaly_reason":null,"files_present":"ConsumerSegmentation-26.08.10.csv;DemographicSnapshot-26.08.10.csv;HouseholdIncomeByAge-26.08.10.csv;HouseholdTrends-26.08.10.csv;PopulationTrends-26.08.10.csv","population_2024":2825,"population_2029":2779,"households_2024":1249,"households_2029":1250,"median_household_income_2024":70025,"median_household_income_2029":87842,"mean_household_income_2024":null,"mean_household_income_2029":null,"median_age_2024":42,"median_age_2029":43,"median_home_value_2024":253729,"average_household_size_2024":2.3,"average_household_size_2029":2.2,"population_growth_2024_2029":0.2,"households_growth_2024_2029":1.8,"consumer_segments":{"Active Adult Feature and Location":{"households":193,"pct":25.7},"Elite":{"households":173,"pct":23.0},"Family Life Young Children":{"households":106,"pct":14.1},"Family Life School Age Children":{"households":53,"pct":7.1},"Entry Level Suburban":{"households":53,"pct":7.1},"Simple Life Moderate Income No Children":{"households":37,"pct":4.9},"Active Adult Elite":{"households":30,"pct":4.0},"Renters":{"households":26,"pct":3.5},"Renters Near Term Buyers":{"households":22,"pct":2.9},"Simple Life Affluent No Children":{"households":21,"pct":2.8},"Active Adult Entry Level":{"households":19,"pct":2.5},"Entry Level Urban":{"households":8,"pct":1.1},"Simple Life Moderate Income With Children":{"households":8,"pct":1.1},"Feature and Location":{"households":2,"pct":0.3}},"income_age":{"2020":{},"2024":{},"2029":{}},"population_trends":{"Total Population":{"Demographic":null,"2020":2820,"% OF TOTAL":null,"2024":2825,"2029":2779},"Population Growth":{"Demographic":null,"2020":null,"% OF TOTAL":null,"2024":0.2,"2029":-1.6},"Female Population":{"Demographic":null,"2020":1490,"% OF TOTAL":53.0,"2024":1496,"2029":1472},"Male Population":{"Demographic":null,"2020":1330,"% OF TOTAL":47.0,"2024":1329,"2029":1307},"Total population: Median Age":{"Demographic":null,"2020":42,"% OF TOTAL":null,"2024":42,"2029":43},"Total population: Under 5 years":{"Demographic":null,"2020":160,"% OF TOTAL":5.3,"2024":156,"2029":146},"Total population: 5 - 9 years":{"Demographic":null,"2020":141,"% OF TOTAL":4.9,"2024":144,"2029":136},"Total population: 10 - 14 years":{"Demographic":null,"2020":142,"% OF TOTAL":4.7,"2024":138,"2029":131},"Total population: 15 - 19 years":{"Demographic":null,"2020":134,"% OF TOTAL":4.9,"2024":140,"2029":135},"Total population: 20 - 24 years":{"Demographic":null,"2020":175,"% OF TOTAL":5.8,"2024":169,"2029":162},"Total population: 25 - 29 years":{"Demographic":null,"2020":224,"% OF TOTAL":7.1,"2024":213,"2029":198},"Total population: 30 - 34 years":{"Demographic":null,"2020":202,"% OF TOTAL":7.0,"2024":207,"2029":195},"Total population: 35 - 39 years":{"Demographic":null,"2020":175,"% OF TOTAL":6.6,"2024":178,"2029":184},"Total population: 40 - 44 years":{"Demographic":null,"2020":122,"% OF TOTAL":5.1,"2024":134,"2029":142},"Total population: 45 - 49 years":{"Demographic":null,"2020":176,"% OF TOTAL":5.8,"2024":169,"2029":162},"Total population: 50 - 54 years":{"Demographic":null,"2020":183,"% OF TOTAL":6.4,"2024":186,"2029":178},"Total population: 55 - 59 years":{"Demographic":null,"2020":200,"% OF TOTAL":6.0,"2024":173,"2029":168},"Total population: 60 - 64 years":{"Demographic":null,"2020":188,"% OF TOTAL":6.0,"2024":188,"2029":167},"Total population: 65 - 69 years":{"Demographic":null,"2020":162,"% OF TOTAL":6.0,"2024":167,"2029":166},"Total population: 70 - 74 years":{"Demographic":null,"2020":152,"% OF TOTAL":5.5,"2024":149,"2029":154},"Total population: 75 - 79 years":{"Demographic":null,"2020":136,"% OF TOTAL":5.6,"2024":155,"2029":157},"Total population: 80 - 84 years":{"Demographic":null,"2020":83,"% OF TOTAL":4.1,"2024":90,"2029":114},"Total population: 85 years and over":{"Demographic":null,"2020":65,"% OF TOTAL":3.0,"2024":69,"2029":84},"Female population: Median Age":{"Demographic":null,"2020":43,"% OF TOTAL":null,"2024":43,"2029":44},"Female population: Under 5 years":{"Demographic":null,"2020":82,"% OF TOTAL":5.1,"2024":81,"2029":75},"Female population: 5 - 9 years":{"Demographic":null,"2020":72,"% OF TOTAL":4.8,"2024":73,"2029":70},"Female population: 10 - 14 years":{"Demographic":null,"2020":67,"% OF TOTAL":4.3,"2024":65,"2029":64},"Female population: 15 - 19 years":{"Demographic":null,"2020":57,"% OF TOTAL":4.0,"2024":59,"2029":59},"Female population: 20 - 24 years":{"Demographic":null,"2020":87,"% OF TOTAL":5.2,"2024":84,"2029":77},"Female population: 25 - 29 years":{"Demographic":null,"2020":118,"% OF TOTAL":7.2,"2024":115,"2029":106},"Female population: 30 - 34 years":{"Demographic":null,"2020":117,"% OF TOTAL":7.4,"2024":118,"2029":109},"Female population: 35 - 39 years":{"Demographic":null,"2020":101,"% OF TOTAL":7.1,"2024":102,"2029":105},"Female population: 40 - 44 years":{"Demographic":null,"2020":63,"% OF TOTAL":5.2,"2024":68,"2029":76},"Female population: 45 - 49 years":{"Demographic":null,"2020":93,"% OF TOTAL":5.8,"2024":91,"2029":86},"Female population: 50 - 54 years":{"Demographic":null,"2020":96,"% OF TOTAL":6.3,"2024":95,"2029":92},"Female population: 55 - 59 years":{"Demographic":null,"2020":104,"% OF TOTAL":6.0,"2024":91,"2029":88},"Female population: 60 - 64 years":{"Demographic":null,"2020":95,"% OF TOTAL":5.8,"2024":95,"2029":85},"Female population: 65 - 69 years":{"Demographic":null,"2020":93,"% OF TOTAL":6.3,"2024":95,"2029":92},"Female population: 70 - 74 years":{"Demographic":null,"2020":87,"% OF TOTAL":5.9,"2024":86,"2029":87},"Female population: 75 - 79 years":{"Demographic":null,"2020":79,"% OF TOTAL":6.2,"2024":90,"2029":91},"Female population: 80 - 84 years":{"Demographic":null,"2020":43,"% OF TOTAL":4.2,"2024":47,"2029":62},"Female population: 85 years and over":{"Demographic":null,"2020":36,"% OF TOTAL":3.3,"2024":41,"2029":48},"Male population: Median Age":{"Demographic":null,"2020":41,"% OF TOTAL":null,"2024":41,"2029":42},"Male population: Under 5 years":{"Demographic":null,"2020":78,"% OF TOTAL":5.4,"2024":75,"2029":71},"Male population: 5 - 9 years":{"Demographic":null,"2020":69,"% OF TOTAL":5.0,"2024":71,"2029":66},"Male population: 10 - 14 years":{"Demographic":null,"2020":75,"% OF TOTAL":5.1,"2024":73,"2029":67},"Male population: 15 - 19 years":{"Demographic":null,"2020":77,"% OF TOTAL":5.8,"2024":81,"2029":76},"Male population: 20 - 24 years":{"Demographic":null,"2020":88,"% OF TOTAL":6.5,"2024":85,"2029":85},"Male population: 25 - 29 years":{"Demographic":null,"2020":106,"% OF TOTAL":7.0,"2024":98,"2029":92},"Male population: 30 - 34 years":{"Demographic":null,"2020":85,"% OF TOTAL":6.6,"2024":89,"2029":86},"Male population: 35 - 39 years":{"Demographic":null,"2020":74,"% OF TOTAL":6.0,"2024":76,"2029":79},"Male population: 40 - 44 years":{"Demographic":null,"2020":59,"% OF TOTAL":5.0,"2024":66,"2029":66},"Male population: 45 - 49 years":{"Demographic":null,"2020":83,"% OF TOTAL":5.8,"2024":78,"2029":76},"Male population: 50 - 54 years":{"Demographic":null,"2020":87,"% OF TOTAL":6.6,"2024":91,"2029":86},"Male population: 55 - 59 years":{"Demographic":null,"2020":96,"% OF TOTAL":6.1,"2024":82,"2029":80},"Male population: 60 - 64 years":{"Demographic":null,"2020":93,"% OF TOTAL":6.3,"2024":93,"2029":82},"Male population: 65 - 69 years":{"Demographic":null,"2020":69,"% OF TOTAL":5.7,"2024":72,"2029":74},"Male population: 70 - 74 years":{"Demographic":null,"2020":65,"% OF TOTAL":5.1,"2024":63,"2029":67},"Male population: 75 - 79 years":{"Demographic":null,"2020":57,"% OF TOTAL":5.0,"2024":65,"2029":66},"Male population: 80 - 84 years":{"Demographic":null,"2020":40,"% OF TOTAL":4.0,"2024":43,"2029":52},"Male population: 85 years and over":{"Demographic":null,"2020":29,"% OF TOTAL":2.8,"2024":28,"2029":36},"White alone":{"Demographic":null,"2020":2202,"% OF TOTAL":77.4,"2024":2188,"2029":2152},"Black alone":{"Demographic":null,"2020":248,"% OF TOTAL":8.5,"2024":241,"2029":236},"American Indian and Alaska Native alone":{"Demographic":null,"2020":17,"% OF TOTAL":0.6,"2024":18,"2029":18},"Asian alone":{"Demographic":null,"2020":45,"% OF TOTAL":1.7,"2024":47,"2029":46},"Native Hawaiian and OPI alone":{"Demographic":null,"2020":11,"% OF TOTAL":0.4,"2024":12,"2029":12},"Some other race alone":{"Demographic":null,"2020":89,"% OF TOTAL":3.1,"2024":88,"2029":87},"Two or more races alone":{"Demographic":null,"2020":208,"% OF TOTAL":8.2,"2024":231,"2029":228},"Not Hispanic: White alone":{"Demographic":null,"2020":2163,"% OF TOTAL":75.9,"2024":2145,"2029":2109},"Not Hispanic: Black or African American alone":{"Demographic":null,"2020":243,"% OF TOTAL":8.3,"2024":236,"2029":231},"Not Hispanic: American Indian and Alaska Native alone":{"Demographic":null,"2020":15,"% OF TOTAL":0.5,"2024":15,"2029":15},"Not Hispanic: Asian alone":{"Demographic":null,"2020":44,"% OF TOTAL":1.6,"2024":46,"2029":45},"Not Hispanic: Native Hawaiian and OPI alone":{"Demographic":null,"2020":8,"% OF TOTAL":0.3,"2024":8,"2029":8},"Not Hispanic: Some Other Race alone":{"Demographic":null,"2020":12,"% OF TOTAL":0.4,"2024":12,"2029":12},"Not Hispanic: Two or More Races":{"Demographic":null,"2020":129,"% OF TOTAL":4.9,"2024":138,"2029":136},"Hispanic: White alone":{"Demographic":null,"2020":39,"% OF TOTAL":1.5,"2024":43,"2029":43},"Hispanic: Black or African American alone":{"Demographic":null,"2020":5,"% OF TOTAL":0.2,"2024":5,"2029":5},"Hispanic: American Indian and Alaska Native alone":{"Demographic":null,"2020":2,"% OF TOTAL":0.1,"2024":3,"2029":3},"Hispanic: Asian alone":{"Demographic":null,"2020":1,"% OF TOTAL":0.0,"2024":1,"2029":1},"Hispanic: Native Hawaiian and OPI alone":{"Demographic":null,"2020":3,"% OF TOTAL":0.1,"2024":4,"2029":4},"Hispanic: Some Other Race alone":{"Demographic":null,"2020":77,"% OF TOTAL":2.7,"2024":76,"2029":75},"Hispanic: Two or More Races":{"Demographic":null,"2020":79,"% OF TOTAL":3.3,"2024":93,"2029":92},"Educational Attainment: No High School Diploma":{"Demographic":null,"2020":34,"% OF TOTAL":null,"2024":34,"2029":null},"Educational Attainment: High School Diploma":{"Demographic":null,"2020":396,"% OF TOTAL":null,"2024":398,"2029":null},"Educational Attainment: Some College":{"Demographic":null,"2020":350,"% OF TOTAL":null,"2024":351,"2029":null},"Educational Attainment: Associates Degree":{"Demographic":null,"2020":367,"% OF TOTAL":null,"2024":369,"2029":null},"Educational Attainment: Bachelors Degree":{"Demographic":null,"2020":763,"% OF TOTAL":null,"2024":767,"2029":null},"Educational Attainment: Advanced Degree":{"Demographic":null,"2020":158,"% OF TOTAL":null,"2024":159,"2029":null},"Employment Status: Armed Forces":{"Demographic":null,"2020":0,"% OF TOTAL":null,"2024":0,"2029":null},"Employment Status: Civilian labor force employed":{"Demographic":null,"2020":1195,"% OF TOTAL":null,"2024":1201,"2029":null},"Employment Status: Civilian labor force unemployed":{"Demographic":null,"2020":191,"% OF TOTAL":null,"2024":191,"2029":null},"Employment Status: Not in labor force":{"Demographic":null,"2020":971,"% OF TOTAL":null,"2024":976,"2029":null},"Employed in Agriculture and Mining Industries":{"Demographic":null,"2020":0,"% OF TOTAL":null,"2024":0,"2029":null},"Employed in Construction Industries":{"Demographic":null,"2020":53,"% OF TOTAL":null,"2024":53,"2029":null},"Employed in Manufacturing Industries":{"Demographic":null,"2020":42,"% OF TOTAL":null,"2024":42,"2029":null},"Employed in Wholesale Industries":{"Demographic":null,"2020":0,"% OF TOTAL":null,"2024":0,"2029":null},"Employed in Retail Industries":{"Demographic":null,"2020":163,"% OF TOTAL":null,"2024":164,"2029":null},"Employed in Transportation and Utilities Industries":{"Demographic":null,"2020":119,"% OF TOTAL":null,"2024":120,"2029":null},"Employed in Information Industries":{"Demographic":null,"2020":0,"% OF TOTAL":null,"2024":0,"2029":null},"Employed in Real-Estate Industries":{"Demographic":null,"2020":248,"% OF TOTAL":null,"2024":249,"2029":null},"Employed in Professional Industries":{"Demographic":null,"2020":56,"% OF TOTAL":null,"2024":56,"2029":null},"Employed in Health and Education Industries":{"Demographic":null,"2020":292,"% OF TOTAL":null,"2024":294,"2029":null},"Employed in Art Industries":{"Demographic":null,"2020":67,"% OF TOTAL":null,"2024":67,"2029":null},"Employed in Other Industries":{"Demographic":null,"2020":47,"% OF TOTAL":null,"2024":47,"2029":null},"Employed in Public Administration Industries":{"Demographic":null,"2020":108,"% OF TOTAL":null,"2024":109,"2029":null},"Occupation: Management":{"Demographic":null,"2020":95,"% OF TOTAL":null,"2024":96,"2029":null},"Occupation: Business and financial operations":{"Demographic":null,"2020":94,"% OF TOTAL":null,"2024":95,"2029":null},"Occupation: Computer and mathematical":{"Demographic":null,"2020":14,"% OF TOTAL":null,"2024":14,"2029":null},"Occupation: Architecture and engineering":{"Demographic":null,"2020":25,"% OF TOTAL":null,"2024":25,"2029":null},"Occupation: Life, physical, and social science":{"Demographic":null,"2020":11,"% OF TOTAL":null,"2024":11,"2029":null},"Occupation: Community and social service":{"Demographic":null,"2020":0,"% OF TOTAL":null,"2024":0,"2029":null},"Occupation: Legal":{"Demographic":null,"2020":0,"% OF TOTAL":null,"2024":0,"2029":null},"Occupation: Education, training, and library":{"Demographic":null,"2020":107,"% OF TOTAL":null,"2024":108,"2029":null},"Occupation: Arts, design, entertainment, sports, and media":{"Demographic":null,"2020":29,"% OF TOTAL":null,"2024":29,"2029":null},"Occupation: Health diagnosing and treating practitioners":{"Demographic":null,"2020":30,"% OF TOTAL":null,"2024":30,"2029":null},"Occupation: Health technologists and technicians":{"Demographic":null,"2020":30,"% OF TOTAL":null,"2024":30,"2029":null},"Occupation: Healthcare support":{"Demographic":null,"2020":11,"% OF TOTAL":null,"2024":11,"2029":null},"Occupation: Fire fighting and prevention":{"Demographic":null,"2020":41,"% OF TOTAL":null,"2024":41,"2029":null},"Occupation: Law enforcement workers":{"Demographic":null,"2020":49,"% OF TOTAL":null,"2024":49,"2029":null},"Occupation: Food preparation and serving related":{"Demographic":null,"2020":46,"% OF TOTAL":null,"2024":46,"2029":null},"Occupation: Building and grounds cleaning and maintenance":{"Demographic":null,"2020":0,"% OF TOTAL":null,"2024":0,"2029":null},"Occupation: Personal care and service":{"Demographic":null,"2020":59,"% OF TOTAL":null,"2024":59,"2029":null},"Occupation: Sales and related":{"Demographic":null,"2020":144,"% OF TOTAL":null,"2024":145,"2029":null},"Occupation: Office and administrative support":{"Demographic":null,"2020":215,"% OF TOTAL":null,"2024":216,"2029":null},"Occupation: Farming, fishing, and forestry":{"Demographic":null,"2020":41,"% OF TOTAL":null,"2024":41,"2029":null},"Occupation: Construction and extraction":{"Demographic":null,"2020":29,"% OF TOTAL":null,"2024":29,"2029":null},"Occupation: Installation, maintenance, and repair":{"Demographic":null,"2020":0,"% OF TOTAL":null,"2024":0,"2029":null},"Occupation: Production":{"Demographic":null,"2020":30,"% OF TOTAL":null,"2024":30,"2029":null},"Occupation: Transportation":{"Demographic":null,"2020":0,"% OF TOTAL":null,"2024":0,"2029":null},"Occupation: Material moving":{"Demographic":null,"2020":95,"% OF TOTAL":null,"2024":96,"2029":null},"White collar":{"Demographic":null,"2020":794,"% OF TOTAL":null,"2024":799,"2029":null},"Blue collar":{"Demographic":null,"2020":401,"% OF TOTAL":null,"2024":402,"2029":null},"Means of transportation: Car, truck or van":{"Demographic":null,"2020":892,"% OF TOTAL":null,"2024":897,"2029":null},"Means of transportation: Public transportation":{"Demographic":null,"2020":0,"% OF TOTAL":null,"2024":0,"2029":null},"Means of transportation: Other":{"Demographic":null,"2020":16,"% OF TOTAL":null,"2024":16,"2029":null},"Travel time: Average (in minutes)":{"Demographic":null,"2020":30,"% OF TOTAL":null,"2024":30,"2029":null},"Travel time to work: Less than 30 minutes":{"Demographic":null,"2020":590,"% OF TOTAL":null,"2024":594,"2029":null},"Travel time to work: 30 to 60 minutes":{"Demographic":null,"2020":247,"% OF TOTAL":null,"2024":248,"2029":null},"Travel time to work: 60 or more minutes":{"Demographic":null,"2020":71,"% OF TOTAL":null,"2024":71,"2029":null}},"demographic_snapshot":{"Total Population":{"Demographic":null,"2020":2820,"% OF TOTAL":null,"2024":2825,"2029":2779},"Households":{"Demographic":null,"2020":1227,"% OF TOTAL":null,"2024":1249,"2029":1250},"Population in Group Quarters":{"Demographic":null,"2020":0,"% OF TOTAL":null,"2024":0,"2029":0},"Households Growth":{"Demographic":null,"2020":null,"% OF TOTAL":null,"2024":1.8,"2029":0.1},"Household Income: Median":{"Demographic":null,"2020":0,"% OF TOTAL":null,"2024":70025,"2029":87842},"Home Value: Median":{"Demographic":null,"2020":253792,"% OF TOTAL":null,"2024":253729,"2029":null},"Population Growth":{"Demographic":null,"2020":null,"% OF TOTAL":null,"2024":0.2,"2029":-1.6},"Total Population: Under 19 years":{"Demographic":null,"2020":577,"% OF TOTAL":19.7,"2024":578,"2029":548},"Total Population: 20 - 64 years":{"Demographic":null,"2020":1645,"% OF TOTAL":56.0,"2024":1617,"2029":1556},"Total Population: 65 years and over":{"Demographic":null,"2020":598,"% OF TOTAL":24.3,"2024":630,"2029":675},"Total population: Median age":{"Demographic":null,"2020":42,"% OF TOTAL":null,"2024":42,"2029":43},"Total population: Under 5 years":{"Demographic":null,"2020":160,"% OF TOTAL":5.3,"2024":156,"2029":146},"Total population: 5 - 9 years":{"Demographic":null,"2020":141,"% OF TOTAL":4.9,"2024":144,"2029":136},"Total population: 10 - 14 years":{"Demographic":null,"2020":142,"% OF TOTAL":4.7,"2024":138,"2029":131},"Total population: 15 - 19 years":{"Demographic":null,"2020":134,"% OF TOTAL":4.9,"2024":140,"2029":135},"Total population: 20 - 24 years":{"Demographic":null,"2020":175,"% OF TOTAL":5.8,"2024":169,"2029":162},"Total population: 25 - 29 years":{"Demographic":null,"2020":224,"% OF TOTAL":7.1,"2024":213,"2029":198},"Total population: 30 - 34 years":{"Demographic":null,"2020":202,"% OF TOTAL":7.0,"2024":207,"2029":195},"Total population: 35 - 39 years":{"Demographic":null,"2020":175,"% OF TOTAL":6.6,"2024":178,"2029":184},"Total population: 40 - 44 years":{"Demographic":null,"2020":122,"% OF TOTAL":5.1,"2024":134,"2029":142},"Total population: 45 - 49 years":{"Demographic":null,"2020":176,"% OF TOTAL":5.8,"2024":169,"2029":162},"Total population: 50 - 54 years":{"Demographic":null,"2020":183,"% OF TOTAL":6.4,"2024":186,"2029":178},"Total population: 55 - 59 years":{"Demographic":null,"2020":200,"% OF TOTAL":6.0,"2024":173,"2029":168},"Total population: 60 - 64 years":{"Demographic":null,"2020":188,"% OF TOTAL":6.0,"2024":188,"2029":167},"Total population: 65 - 69 years":{"Demographic":null,"2020":162,"% OF TOTAL":6.0,"2024":167,"2029":166},"Total population: 70 - 74 years":{"Demographic":null,"2020":152,"% OF TOTAL":5.5,"2024":149,"2029":154},"Total population: 75 - 79 years":{"Demographic":null,"2020":136,"% OF TOTAL":5.6,"2024":155,"2029":157},"Total population: 80 - 84 years":{"Demographic":null,"2020":83,"% OF TOTAL":4.1,"2024":90,"2029":114},"Total population: 85 years and over":{"Demographic":null,"2020":65,"% OF TOTAL":3.0,"2024":69,"2029":84},"Householders Age 15-24":{"Demographic":null,"2020":57,"% OF TOTAL":4.6,"2024":58,"2029":57},"Householders Age 25-34":{"Demographic":null,"2020":212,"% OF TOTAL":16.6,"2024":216,"2029":207},"Householders Age 35-44":{"Demographic":null,"2020":152,"% OF TOTAL":13.0,"2024":155,"2029":163},"Householders Age 45-54":{"Demographic":null,"2020":196,"% OF TOTAL":15.4,"2024":199,"2029":192},"Householders Age 55-64":{"Demographic":null,"2020":229,"% OF TOTAL":17.4,"2024":233,"2029":217},"Householders Age 65-74":{"Demographic":null,"2020":216,"% OF TOTAL":18.0,"2024":220,"2029":225},"Householders Age 75+":{"Demographic":null,"2020":165,"% OF TOTAL":15.1,"2024":168,"2029":189},"Household income: Average":{"Demographic":null,"2020":80870,"% OF TOTAL":null,"2024":85458,"2029":117162},"Household income: Less than 25k":{"Demographic":null,"2020":236,"% OF TOTAL":15.3,"2024":201,"2029":191},"Household income: 25k - 50k":{"Demographic":null,"2020":231,"% OF TOTAL":17.6,"2024":315,"2029":220},"Household income: 50k - 75k":{"Demographic":null,"2020":172,"% OF TOTAL":9.6,"2024":142,"2029":120},"Household income: 75k - 100k":{"Demographic":null,"2020":261,"% OF TOTAL":14.6,"2024":240,"2029":183},"Household income: 100k - 125k":{"Demographic":null,"2020":176,"% OF TOTAL":13.0,"2024":146,"2029":162},"Household income: 125k - 150k":{"Demographic":null,"2020":42,"% OF TOTAL":4.5,"2024":40,"2029":56},"Household income: 150k - 200k":{"Demographic":null,"2020":52,"% OF TOTAL":11.4,"2024":94,"2029":142},"Household income: Above 200k":{"Demographic":null,"2020":57,"% OF TOTAL":14.1,"2024":71,"2029":176},"White Alone":{"Demographic":null,"2020":2202,"% OF TOTAL":77.4,"2024":2188,"2029":2152},"Black or African American Alone":{"Demographic":null,"2020":248,"% OF TOTAL":8.5,"2024":241,"2029":236},"American Indian and Alaska Native Alone":{"Demographic":null,"2020":17,"% OF TOTAL":0.6,"2024":18,"2029":18},"Asian Alone":{"Demographic":null,"2020":45,"% OF TOTAL":1.7,"2024":47,"2029":46},"Native Hawaiian and OPI Alone":{"Demographic":null,"2020":11,"% OF TOTAL":0.4,"2024":12,"2029":12},"Some Other Race Alone":{"Demographic":null,"2020":89,"% OF TOTAL":3.1,"2024":88,"2029":87},"Two or More Races Alone":{"Demographic":null,"2020":208,"% OF TOTAL":8.2,"2024":231,"2029":228},"Not Hispanic or Latino":{"Demographic":null,"2020":2614,"% OF TOTAL":92.0,"2024":2600,"2029":2556},"Hispanic or Latino":{"Demographic":null,"2020":206,"% OF TOTAL":8.0,"2024":225,"2029":223},"Total Housing Units":{"Demographic":null,"2020":1265,"% OF TOTAL":null,"2024":null,"2029":null},"Owner Occupied Housing Units":{"Demographic":null,"2020":808,"% OF TOTAL":null,"2024":822,"2029":null},"Renter Occupied Housing Units":{"Demographic":null,"2020":419,"% OF TOTAL":null,"2024":427,"2029":null},"Housing Units Value Less Than 100k":{"Demographic":null,"2020":12,"% OF TOTAL":null,"2024":12,"2029":null},"Housing Units Value 100k - 200k":{"Demographic":null,"2020":215,"% OF TOTAL":null,"2024":219,"2029":null},"Housing Units Value 200k - 250k":{"Demographic":null,"2020":150,"% OF TOTAL":null,"2024":153,"2029":null},"Housing Units Value 250k - 300k":{"Demographic":null,"2020":356,"% OF TOTAL":null,"2024":362,"2029":null},"Housing Units Value 300k - 400k":{"Demographic":null,"2020":23,"% OF TOTAL":null,"2024":24,"2029":null},"Housing Units Value 400k - 500k":{"Demographic":null,"2020":18,"% OF TOTAL":null,"2024":18,"2029":null},"Housing Units Value 500k - 750k":{"Demographic":null,"2020":16,"% OF TOTAL":null,"2024":16,"2029":null},"Housing Units Value 750k - 1m":{"Demographic":null,"2020":0,"% OF TOTAL":null,"2024":0,"2029":null},"Housing Units Value 1m - 1.5m":{"Demographic":null,"2020":0,"% OF TOTAL":null,"2024":0,"2029":null},"Housing Units Value 1.5m - 2m":{"Demographic":null,"2020":18,"% OF TOTAL":null,"2024":18,"2029":null},"Housing Units Value >2m":{"Demographic":null,"2020":0,"% OF TOTAL":null,"2024":0,"2029":null},"Take Car or Truck to Work":{"Demographic":null,"2020":892,"% OF TOTAL":null,"2024":897,"2029":null},"Take Public Transportation to Work":{"Demographic":null,"2020":0,"% OF TOTAL":null,"2024":0,"2029":null},"Take Other Means of Transportation to Work":{"Demographic":null,"2020":16,"% OF TOTAL":null,"2024":16,"2029":null},"Average Travel Time (min)":{"Demographic":null,"2020":31,"% OF TOTAL":null,"2024":31,"2029":null},"Travel Below 30 Min to Work":{"Demographic":null,"2020":590,"% OF TOTAL":null,"2024":594,"2029":null},"Travel 30-60 Min to Work":{"Demographic":null,"2020":247,"% OF TOTAL":null,"2024":248,"2029":null},"Travel Above 60 Min to Work":{"Demographic":null,"2020":101,"% OF TOTAL":null,"2024":71,"2029":null},"Educational Attainment: No High School Diploma":{"Demographic":null,"2020":430,"% OF TOTAL":null,"2024":432,"2029":null},"Educational Attainment: High School Diploma":{"Demographic":null,"2020":396,"% OF TOTAL":null,"2024":398,"2029":null},"Educational Attainment: Some College":{"Demographic":null,"2020":1480,"% OF TOTAL":null,"2024":1487,"2029":null},"Educational Attainment: Associate's Degree":{"Demographic":null,"2020":367,"% OF TOTAL":null,"2024":369,"2029":null},"Educational Attainment: Bachelors Degree":{"Demographic":null,"2020":763,"% OF TOTAL":null,"2024":767,"2029":null},"Educational Attainment: Advanced Degree":{"Demographic":null,"2020":158,"% OF TOTAL":null,"2024":159,"2029":null},"Households: Number of vehicles available - Average":{"Demographic":null,"2020":1,"% OF TOTAL":null,"2024":1,"2029":null},"Households: No Vehicle available":{"Demographic":null,"2020":49,"% OF TOTAL":null,"2024":50,"2029":null},"Households: 1 Vehicle available":{"Demographic":null,"2020":469,"% OF TOTAL":null,"2024":478,"2029":null},"Households: 2 Vehicles available":{"Demographic":null,"2020":603,"% OF TOTAL":null,"2024":614,"2029":null},"Households: 3 Vehicles available":{"Demographic":null,"2020":84,"% OF TOTAL":null,"2024":85,"2029":null},"Households: 4 or more Vehicles available":{"Demographic":null,"2020":22,"% OF TOTAL":null,"2024":22,"2029":null}},"household_trends":{"Households":{"Demographic":null,"2020":1227,"% OF TOTAL":null,"2024":1249,"2029":1250},"Households Growth":{"Demographic":null,"2020":null,"% OF TOTAL":null,"2024":1.8,"2029":0.1},"Householder Age 15-24":{"Demographic":null,"2020":57,"% OF TOTAL":4.6,"2024":58,"2029":57},"Householder Age 25-34":{"Demographic":null,"2020":212,"% OF TOTAL":16.6,"2024":216,"2029":207},"Householder Age 35-44":{"Demographic":null,"2020":152,"% OF TOTAL":13.0,"2024":155,"2029":163},"Householder Age 45-54":{"Demographic":null,"2020":196,"% OF TOTAL":15.4,"2024":199,"2029":192},"Householder Age 55-64":{"Demographic":null,"2020":229,"% OF TOTAL":17.4,"2024":233,"2029":217},"Householder Age 65-74":{"Demographic":null,"2020":216,"% OF TOTAL":18.0,"2024":220,"2029":225},"Householder Age 75+":{"Demographic":null,"2020":165,"% OF TOTAL":15.1,"2024":168,"2029":189},"Average Household Size":{"Demographic":null,"2020":2.3,"% OF TOTAL":null,"2024":2.3,"2029":2.2},"1 Person Households":{"Demographic":null,"2020":341,"% OF TOTAL":28.9,"2024":356,"2029":361},"2 Person Households":{"Demographic":null,"2020":514,"% OF TOTAL":43.4,"2024":535,"2029":543},"3 Person Households":{"Demographic":null,"2020":155,"% OF TOTAL":13.4,"2024":164,"2029":167},"4 Person Households":{"Demographic":null,"2020":125,"% OF TOTAL":8.4,"2024":113,"2029":105},"5 Person Households":{"Demographic":null,"2020":55,"% OF TOTAL":3.6,"2024":49,"2029":45},"6 Person Households":{"Demographic":null,"2020":31,"% OF TOTAL":2.1,"2024":28,"2029":26},"7+ Person Households":{"Demographic":null,"2020":6,"% OF TOTAL":0.2,"2024":4,"2029":3},"Household Type: Family":{"Demographic":null,"2020":785,"% OF TOTAL":null,"2024":799,"2029":null},"Household Type: Married Family":{"Demographic":null,"2020":636,"% OF TOTAL":null,"2024":648,"2029":null},"Household Type: Married Family With Children":{"Demographic":null,"2020":199,"% OF TOTAL":null,"2024":203,"2029":null},"Household Type: Married Family Without Children":{"Demographic":null,"2020":437,"% OF TOTAL":null,"2024":445,"2029":null},"Household Type: Other Family":{"Demographic":null,"2020":149,"% OF TOTAL":null,"2024":151,"2029":null},"Household Type: Male Households, No Wife":{"Demographic":null,"2020":47,"% OF TOTAL":null,"2024":47,"2029":null},"Household Type: Male Households, No Wife With Children":{"Demographic":null,"2020":18,"% OF TOTAL":null,"2024":18,"2029":null},"Household Type: Male Households, No Wife Without Children":{"Demographic":null,"2020":29,"% OF TOTAL":null,"2024":29,"2029":null},"Household Type: Female Households, No Husband":{"Demographic":null,"2020":102,"% OF TOTAL":null,"2024":104,"2029":null},"Household Type: Female Households, No Husband With Children":{"Demographic":null,"2020":44,"% OF TOTAL":null,"2024":45,"2029":null},"Household Type: Female Households, No Husband Without Children":{"Demographic":null,"2020":58,"% OF TOTAL":null,"2024":59,"2029":null},"Household Income: Average":{"Demographic":null,"2020":80870,"% OF TOTAL":null,"2024":85458,"2029":117162},"Household Income: Median":{"Demographic":null,"2020":0,"% OF TOTAL":null,"2024":70025,"2029":87842},"Household Income: Less than $25k":{"Demographic":null,"2020":236,"% OF TOTAL":15.3,"2024":201,"2029":191},"Household Income: $25k - $50k":{"Demographic":null,"2020":231,"% OF TOTAL":17.6,"2024":315,"2029":220},"Household Income: $50k - $75k":{"Demographic":null,"2020":172,"% OF TOTAL":9.6,"2024":142,"2029":120},"Household Income: $75k - $100k":{"Demographic":null,"2020":261,"% OF TOTAL":14.6,"2024":240,"2029":183},"Household Income: $100k - $125k":{"Demographic":null,"2020":176,"% OF TOTAL":13.0,"2024":146,"2029":162},"Household Income: $125k - $150k":{"Demographic":null,"2020":42,"% OF TOTAL":4.5,"2024":40,"2029":56},"Household Income: $150k - $200k":{"Demographic":null,"2020":52,"% OF TOTAL":11.4,"2024":94,"2029":142},"Household Income: Above $200k":{"Demographic":null,"2020":57,"% OF TOTAL":14.1,"2024":71,"2029":176},"Total Housing Units":{"Demographic":null,"2020":1265,"% OF TOTAL":null,"2024":null,"2029":null},"Owner Occupied Housing Units":{"Demographic":null,"2020":808,"% OF TOTAL":null,"2024":822,"2029":null},"Renter Occupied Housing Units":{"Demographic":null,"2020":419,"% OF TOTAL":null,"2024":427,"2029":null},"Vacant Housing Units":{"Demographic":null,"2020":38,"% OF TOTAL":null,"2024":null,"2029":null},"Vacant Housing Units: Seasonal":{"Demographic":null,"2020":0,"% OF TOTAL":null,"2024":null,"2029":null},"Vacant Housing Units: Other Usage":{"Demographic":null,"2020":38,"% OF TOTAL":null,"2024":null,"2029":null},"Average Housing Unit Value":{"Demographic":null,"2020":273790,"% OF TOTAL":null,"2024":273081,"2029":null},"Median Housing Unit Value":{"Demographic":null,"2020":253792,"% OF TOTAL":null,"2024":253729,"2029":null},"Housing Unit Value Less Than $100k":{"Demographic":null,"2020":12,"% OF TOTAL":null,"2024":12,"2029":null},"Housing Unit Value $100k-$200k":{"Demographic":null,"2020":215,"% OF TOTAL":null,"2024":219,"2029":null},"Housing Unit Value $200k-$250k":{"Demographic":null,"2020":150,"% OF TOTAL":null,"2024":153,"2029":null},"Housing Unit Value $250k-$300k":{"Demographic":null,"2020":356,"% OF TOTAL":null,"2024":362,"2029":null},"Housing Unit Value $300k-$400k":{"Demographic":null,"2020":23,"% OF TOTAL":null,"2024":24,"2029":null},"Housing Unit Value $400k-$500k":{"Demographic":null,"2020":18,"% OF TOTAL":null,"2024":18,"2029":null},"Housing Unit Value $500k-$750k":{"Demographic":null,"2020":16,"% OF TOTAL":null,"2024":16,"2029":null},"Housing Unit Value $750k-$1m":{"Demographic":null,"2020":0,"% OF TOTAL":null,"2024":0,"2029":null},"Housing Unit Value $1m-$1.5m":{"Demographic":null,"2020":0,"% OF TOTAL":null,"2024":0,"2029":null},"Housing Unit Value $1.5m-$2m":{"Demographic":null,"2020":18,"% OF TOTAL":null,"2024":18,"2029":null},"Housing Unit Value Above $2m":{"Demographic":null,"2020":0,"% OF TOTAL":null,"2024":0,"2029":null},"Median Housing Unit Year Built":{"Demographic":null,"2020":1992,"% OF TOTAL":null,"2024":1992,"2029":null},"Housing Units Built 2014 Or After":{"Demographic":null,"2020":0,"% OF TOTAL":null,"2024":0,"2029":null},"Housing Units Built 2010-2013":{"Demographic":null,"2020":331,"% OF TOTAL":null,"2024":337,"2029":null},"Housing Units Built 2000-2009":{"Demographic":null,"2020":103,"% OF TOTAL":null,"2024":105,"2029":null},"Housing Units Built 1990-1999":{"Demographic":null,"2020":231,"% OF TOTAL":null,"2024":235,"2029":null},"Housing Units Built 1980-1989":{"Demographic":null,"2020":346,"% OF TOTAL":null,"2024":352,"2029":null},"Housing Units Built 1970-1979":{"Demographic":null,"2020":200,"% OF TOTAL":null,"2024":204,"2029":null},"Housing Units Built 1960-1969":{"Demographic":null,"2020":16,"% OF TOTAL":null,"2024":16,"2029":null},"Housing Units Built 1950-1959":{"Demographic":null,"2020":0,"% OF TOTAL":null,"2024":0,"2029":null},"Housing Units Built 1940-1949":{"Demographic":null,"2020":0,"% OF TOTAL":null,"2024":0,"2029":null},"Housing Units Built Before 1940":{"Demographic":null,"2020":0,"% OF TOTAL":null,"2024":0,"2029":null}}},"geometry":{"type":"Polygon","coordinates":[[[-87.339129692389,30.5314627160063],[-87.339129692389,30.560376149187356],[-87.30553913838654,30.560376149187356],[-87.30553913838654,30.5314627160063],[-87.339129692389,30.5314627160063]]]}},{"type":"Feature","properties":{"block":"041","block_num":41,"submarket":"Cantonment","CentroidLon":-87.28874386138531,"CentroidLat":30.545919432596822,"data_status":"usable","is_anomalous":false,"anomaly_reason":null,"files_present":"ConsumerSegmentation-26.08.10.csv;DemographicSnapshot-26.08.10.csv;HouseholdIncomeByAge-26.08.10.csv;HouseholdTrends-26.08.10.csv;PopulationTrends-26.08.10.csv","population_2024":8294,"population_2029":8421,"households_2024":3386,"households_2029":3499,"median_household_income_2024":82779,"median_household_income_2029":88298,"mean_household_income_2024":null,"mean_household_income_2029":null,"median_age_2024":41,"median_age_2029":42,"median_home_value_2024":197049,"average_household_size_2024":2.4,"average_household_size_2029":2.4,"population_growth_2024_2029":1.5,"households_growth_2024_2029":3.0,"consumer_segments":{"Active Adult Feature and Location":{"households":534,"pct":21.1},"Elite":{"households":371,"pct":14.7},"Entry Level Suburban":{"households":351,"pct":13.9},"Family Life Young Children":{"households":287,"pct":11.3},"Family Life School Age Children":{"households":172,"pct":6.8},"Renters":{"households":137,"pct":5.4},"Renters Near Term Buyers":{"households":133,"pct":5.3},"Active Adult Elite":{"households":113,"pct":4.5},"Entry Level Urban":{"households":109,"pct":4.3},"Simple Life Affluent No Children":{"households":90,"pct":3.6},"Simple Life Moderate Income No Children":{"households":83,"pct":3.3},"Active Adult Entry Level":{"households":72,"pct":2.8},"Simple Life Moderate Income With Children":{"households":53,"pct":2.1},"Feature and Location":{"households":25,"pct":1.0}},"income_age":{"2020":{},"2024":{},"2029":{}},"population_trends":{"Total Population":{"Demographic":null,"2020":8169,"% OF TOTAL":null,"2024":8294,"2029":8421},"Population Growth":{"Demographic":null,"2020":null,"% OF TOTAL":null,"2024":1.5,"2029":1.5},"Female Population":{"Demographic":null,"2020":4266,"% OF TOTAL":52.4,"2024":4342,"2029":4409},"Male Population":{"Demographic":null,"2020":3903,"% OF TOTAL":47.6,"2024":3952,"2029":4012},"Total population: Median Age":{"Demographic":null,"2020":41,"% OF TOTAL":null,"2024":41,"2029":42},"Total population: Under 5 years":{"Demographic":null,"2020":377,"% OF TOTAL":4.4,"2024":373,"2029":371},"Total population: 5 - 9 years":{"Demographic":null,"2020":475,"% OF TOTAL":5.1,"2024":484,"2029":433},"Total population: 10 - 14 years":{"Demographic":null,"2020":501,"% OF TOTAL":5.6,"2024":489,"2029":471},"Total population: 15 - 19 years":{"Demographic":null,"2020":482,"% OF TOTAL":5.9,"2024":503,"2029":495},"Total population: 20 - 24 years":{"Demographic":null,"2020":430,"% OF TOTAL":5.6,"2024":428,"2029":472},"Total population: 25 - 29 years":{"Demographic":null,"2020":486,"% OF TOTAL":5.5,"2024":465,"2029":460},"Total population: 30 - 34 years":{"Demographic":null,"2020":509,"% OF TOTAL":6.0,"2024":536,"2029":507},"Total population: 35 - 39 years":{"Demographic":null,"2020":519,"% OF TOTAL":6.5,"2024":543,"2029":551},"Total population: 40 - 44 years":{"Demographic":null,"2020":434,"% OF TOTAL":5.8,"2024":476,"2029":491},"Total population: 45 - 49 years":{"Demographic":null,"2020":478,"% OF TOTAL":5.8,"2024":464,"2029":489},"Total population: 50 - 54 years":{"Demographic":null,"2020":529,"% OF TOTAL":6.3,"2024":546,"2029":527},"Total population: 55 - 59 years":{"Demographic":null,"2020":625,"% OF TOTAL":6.3,"2024":547,"2029":531},"Total population: 60 - 64 years":{"Demographic":null,"2020":539,"% OF TOTAL":6.2,"2024":548,"2029":523},"Total population: 65 - 69 years":{"Demographic":null,"2020":550,"% OF TOTAL":6.8,"2024":582,"2029":570},"Total population: 70 - 74 years":{"Demographic":null,"2020":476,"% OF TOTAL":6.3,"2024":479,"2029":531},"Total population: 75 - 79 years":{"Demographic":null,"2020":358,"% OF TOTAL":5.4,"2024":413,"2029":456},"Total population: 80 - 84 years":{"Demographic":null,"2020":211,"% OF TOTAL":3.7,"2024":232,"2029":313},"Total population: 85 years and over":{"Demographic":null,"2020":190,"% OF TOTAL":2.7,"2024":186,"2029":230},"Female population: Median Age":{"Demographic":null,"2020":44,"% OF TOTAL":null,"2024":44,"2029":45},"Female population: Under 5 years":{"Demographic":null,"2020":189,"% OF TOTAL":4.2,"2024":188,"2029":185},"Female population: 5 - 9 years":{"Demographic":null,"2020":225,"% OF TOTAL":4.7,"2024":230,"2029":209},"Female population: 10 - 14 years":{"Demographic":null,"2020":256,"% OF TOTAL":5.4,"2024":250,"2029":238},"Female population: 15 - 19 years":{"Demographic":null,"2020":246,"% OF TOTAL":5.7,"2024":257,"2029":253},"Female population: 20 - 24 years":{"Demographic":null,"2020":208,"% OF TOTAL":5.2,"2024":207,"2029":230},"Female population: 25 - 29 years":{"Demographic":null,"2020":257,"% OF TOTAL":5.6,"2024":252,"2029":248},"Female population: 30 - 34 years":{"Demographic":null,"2020":246,"% OF TOTAL":5.7,"2024":255,"2029":252},"Female population: 35 - 39 years":{"Demographic":null,"2020":257,"% OF TOTAL":6.0,"2024":267,"2029":263},"Female population: 40 - 44 years":{"Demographic":null,"2020":209,"% OF TOTAL":5.4,"2024":230,"2029":239},"Female population: 45 - 49 years":{"Demographic":null,"2020":275,"% OF TOTAL":6.2,"2024":272,"2029":273},"Female population: 50 - 54 years":{"Demographic":null,"2020":269,"% OF TOTAL":6.3,"2024":278,"2029":278},"Female population: 55 - 59 years":{"Demographic":null,"2020":307,"% OF TOTAL":6.1,"2024":274,"2029":267},"Female population: 60 - 64 years":{"Demographic":null,"2020":308,"% OF TOTAL":6.5,"2024":314,"2029":286},"Female population: 65 - 69 years":{"Demographic":null,"2020":307,"% OF TOTAL":7.2,"2024":320,"2029":318},"Female population: 70 - 74 years":{"Demographic":null,"2020":258,"% OF TOTAL":6.6,"2024":261,"2029":291},"Female population: 75 - 79 years":{"Demographic":null,"2020":208,"% OF TOTAL":6.0,"2024":242,"2029":264},"Female population: 80 - 84 years":{"Demographic":null,"2020":116,"% OF TOTAL":4.0,"2024":128,"2029":176},"Female population: 85 years and over":{"Demographic":null,"2020":125,"% OF TOTAL":3.2,"2024":117,"2029":139},"Male population: Median Age":{"Demographic":null,"2020":39,"% OF TOTAL":null,"2024":39,"2029":40},"Male population: Under 5 years":{"Demographic":null,"2020":188,"% OF TOTAL":4.6,"2024":185,"2029":186},"Male population: 5 - 9 years":{"Demographic":null,"2020":250,"% OF TOTAL":5.6,"2024":254,"2029":224},"Male population: 10 - 14 years":{"Demographic":null,"2020":245,"% OF TOTAL":5.8,"2024":239,"2029":233},"Male population: 15 - 19 years":{"Demographic":null,"2020":236,"% OF TOTAL":6.0,"2024":246,"2029":242},"Male population: 20 - 24 years":{"Demographic":null,"2020":222,"% OF TOTAL":6.0,"2024":221,"2029":242},"Male population: 25 - 29 years":{"Demographic":null,"2020":229,"% OF TOTAL":5.3,"2024":213,"2029":212},"Male population: 30 - 34 years":{"Demographic":null,"2020":263,"% OF TOTAL":6.4,"2024":281,"2029":255},"Male population: 35 - 39 years":{"Demographic":null,"2020":262,"% OF TOTAL":7.2,"2024":276,"2029":288},"Male population: 40 - 44 years":{"Demographic":null,"2020":225,"% OF TOTAL":6.3,"2024":246,"2029":252},"Male population: 45 - 49 years":{"Demographic":null,"2020":203,"% OF TOTAL":5.4,"2024":192,"2029":216},"Male population: 50 - 54 years":{"Demographic":null,"2020":260,"% OF TOTAL":6.2,"2024":268,"2029":249},"Male population: 55 - 59 years":{"Demographic":null,"2020":318,"% OF TOTAL":6.6,"2024":273,"2029":264},"Male population: 60 - 64 years":{"Demographic":null,"2020":231,"% OF TOTAL":5.9,"2024":234,"2029":237},"Male population: 65 - 69 years":{"Demographic":null,"2020":243,"% OF TOTAL":6.3,"2024":262,"2029":252},"Male population: 70 - 74 years":{"Demographic":null,"2020":218,"% OF TOTAL":6.0,"2024":218,"2029":240},"Male population: 75 - 79 years":{"Demographic":null,"2020":150,"% OF TOTAL":4.8,"2024":171,"2029":192},"Male population: 80 - 84 years":{"Demographic":null,"2020":95,"% OF TOTAL":3.4,"2024":104,"2029":137},"Male population: 85 years and over":{"Demographic":null,"2020":65,"% OF TOTAL":2.3,"2024":69,"2029":91},"White alone":{"Demographic":null,"2020":6351,"% OF TOTAL":77.2,"2024":6404,"2029":6503},"Black alone":{"Demographic":null,"2020":803,"% OF TOTAL":9.5,"2024":790,"2029":797},"American Indian and Alaska Native alone":{"Demographic":null,"2020":62,"% OF TOTAL":0.8,"2024":66,"2029":67},"Asian alone":{"Demographic":null,"2020":223,"% OF TOTAL":2.9,"2024":236,"2029":242},"Native Hawaiian and OPI alone":{"Demographic":null,"2020":11,"% OF TOTAL":0.1,"2024":12,"2029":12},"Some other race alone":{"Demographic":null,"2020":111,"% OF TOTAL":1.4,"2024":112,"2029":114},"Two or more races alone":{"Demographic":null,"2020":608,"% OF TOTAL":8.1,"2024":674,"2029":686},"Not Hispanic: White alone":{"Demographic":null,"2020":6228,"% OF TOTAL":75.6,"2024":6270,"2029":6366},"Not Hispanic: Black or African American alone":{"Demographic":null,"2020":795,"% OF TOTAL":9.4,"2024":782,"2029":789},"Not Hispanic: American Indian and Alaska Native alone":{"Demographic":null,"2020":53,"% OF TOTAL":0.7,"2024":54,"2029":55},"Not Hispanic: Asian alone":{"Demographic":null,"2020":220,"% OF TOTAL":2.8,"2024":232,"2029":238},"Not Hispanic: Native Hawaiian and OPI alone":{"Demographic":null,"2020":9,"% OF TOTAL":0.1,"2024":9,"2029":9},"Not Hispanic: Some Other Race alone":{"Demographic":null,"2020":27,"% OF TOTAL":0.3,"2024":28,"2029":28},"Not Hispanic: Two or More Races":{"Demographic":null,"2020":452,"% OF TOTAL":5.9,"2024":491,"2029":499},"Hispanic: White alone":{"Demographic":null,"2020":123,"% OF TOTAL":1.6,"2024":134,"2029":137},"Hispanic: Black or African American alone":{"Demographic":null,"2020":8,"% OF TOTAL":0.1,"2024":8,"2029":8},"Hispanic: American Indian and Alaska Native alone":{"Demographic":null,"2020":9,"% OF TOTAL":0.1,"2024":12,"2029":12},"Hispanic: Asian alone":{"Demographic":null,"2020":3,"% OF TOTAL":0.0,"2024":4,"2029":4},"Hispanic: Native Hawaiian and OPI alone":{"Demographic":null,"2020":2,"% OF TOTAL":0.0,"2024":3,"2029":3},"Hispanic: Some Other Race alone":{"Demographic":null,"2020":84,"% OF TOTAL":1.0,"2024":84,"2029":86},"Hispanic: Two or More Races":{"Demographic":null,"2020":156,"% OF TOTAL":2.2,"2024":183,"2029":187},"Educational Attainment: No High School Diploma":{"Demographic":null,"2020":478,"% OF TOTAL":null,"2024":491,"2029":null},"Educational Attainment: High School Diploma":{"Demographic":null,"2020":1764,"% OF TOTAL":null,"2024":1792,"2029":null},"Educational Attainment: Some College":{"Demographic":null,"2020":1345,"% OF TOTAL":null,"2024":1370,"2029":null},"Educational Attainment: Associates Degree":{"Demographic":null,"2020":709,"% OF TOTAL":null,"2024":726,"2029":null},"Educational Attainment: Bachelors Degree":{"Demographic":null,"2020":937,"% OF TOTAL":null,"2024":955,"2029":null},"Educational Attainment: Advanced Degree":{"Demographic":null,"2020":671,"% OF TOTAL":null,"2024":683,"2029":null},"Employment Status: Armed Forces":{"Demographic":null,"2020":87,"% OF TOTAL":null,"2024":84,"2029":null},"Employment Status: Civilian labor force employed":{"Demographic":null,"2020":4056,"% OF TOTAL":null,"2024":4130,"2029":null},"Employment Status: Civilian labor force unemployed":{"Demographic":null,"2020":113,"% OF TOTAL":null,"2024":116,"2029":null},"Employment Status: Not in labor force":{"Demographic":null,"2020":2454,"% OF TOTAL":null,"2024":2497,"2029":null},"Employed in Agriculture and Mining Industries":{"Demographic":null,"2020":11,"% OF TOTAL":null,"2024":12,"2029":null},"Employed in Construction Industries":{"Demographic":null,"2020":560,"% OF TOTAL":null,"2024":577,"2029":null},"Employed in Manufacturing Industries":{"Demographic":null,"2020":171,"% OF TOTAL":null,"2024":171,"2029":null},"Employed in Wholesale Industries":{"Demographic":null,"2020":134,"% OF TOTAL":null,"2024":137,"2029":null},"Employed in Retail Industries":{"Demographic":null,"2020":231,"% OF TOTAL":null,"2024":235,"2029":null},"Employed in Transportation and Utilities Industries":{"Demographic":null,"2020":204,"% OF TOTAL":null,"2024":207,"2029":null},"Employed in Information Industries":{"Demographic":null,"2020":23,"% OF TOTAL":null,"2024":24,"2029":null},"Employed in Real-Estate Industries":{"Demographic":null,"2020":359,"% OF TOTAL":null,"2024":363,"2029":null},"Employed in Professional Industries":{"Demographic":null,"2020":514,"% OF TOTAL":null,"2024":519,"2029":null},"Employed in Health and Education Industries":{"Demographic":null,"2020":1214,"% OF TOTAL":null,"2024":1237,"2029":null},"Employed in Art Industries":{"Demographic":null,"2020":239,"% OF TOTAL":null,"2024":243,"2029":null},"Employed in Other Industries":{"Demographic":null,"2020":251,"% OF TOTAL":null,"2024":255,"2029":null},"Employed in Public Administration Industries":{"Demographic":null,"2020":145,"% OF TOTAL":null,"2024":150,"2029":null},"Occupation: Management":{"Demographic":null,"2020":432,"% OF TOTAL":null,"2024":443,"2029":null},"Occupation: Business and financial operations":{"Demographic":null,"2020":394,"% OF TOTAL":null,"2024":396,"2029":null},"Occupation: Computer and mathematical":{"Demographic":null,"2020":92,"% OF TOTAL":null,"2024":92,"2029":null},"Occupation: Architecture and engineering":{"Demographic":null,"2020":146,"% OF TOTAL":null,"2024":144,"2029":null},"Occupation: Life, physical, and social science":{"Demographic":null,"2020":11,"% OF TOTAL":null,"2024":11,"2029":null},"Occupation: Community and social service":{"Demographic":null,"2020":140,"% OF TOTAL":null,"2024":143,"2029":null},"Occupation: Legal":{"Demographic":null,"2020":0,"% OF TOTAL":null,"2024":0,"2029":null},"Occupation: Education, training, and library":{"Demographic":null,"2020":125,"% OF TOTAL":null,"2024":127,"2029":null},"Occupation: Arts, design, entertainment, sports, and media":{"Demographic":null,"2020":52,"% OF TOTAL":null,"2024":54,"2029":null},"Occupation: Health diagnosing and treating practitioners":{"Demographic":null,"2020":255,"% OF TOTAL":null,"2024":268,"2029":null},"Occupation: Health technologists and technicians":{"Demographic":null,"2020":33,"% OF TOTAL":null,"2024":33,"2029":null},"Occupation: Healthcare support":{"Demographic":null,"2020":157,"% OF TOTAL":null,"2024":161,"2029":null},"Occupation: Fire fighting and prevention":{"Demographic":null,"2020":73,"% OF TOTAL":null,"2024":77,"2029":null},"Occupation: Law enforcement workers":{"Demographic":null,"2020":0,"% OF TOTAL":null,"2024":0,"2029":null},"Occupation: Food preparation and serving related":{"Demographic":null,"2020":126,"% OF TOTAL":null,"2024":125,"2029":null},"Occupation: Building and grounds cleaning and maintenance":{"Demographic":null,"2020":147,"% OF TOTAL":null,"2024":150,"2029":null},"Occupation: Personal care and service":{"Demographic":null,"2020":63,"% OF TOTAL":null,"2024":63,"2029":null},"Occupation: Sales and related":{"Demographic":null,"2020":209,"% OF TOTAL":null,"2024":213,"2029":null},"Occupation: Office and administrative support":{"Demographic":null,"2020":728,"% OF TOTAL":null,"2024":741,"2029":null},"Occupation: Farming, fishing, and forestry":{"Demographic":null,"2020":0,"% OF TOTAL":null,"2024":0,"2029":null},"Occupation: Construction and extraction":{"Demographic":null,"2020":387,"% OF TOTAL":null,"2024":398,"2029":null},"Occupation: Installation, maintenance, and repair":{"Demographic":null,"2020":112,"% OF TOTAL":null,"2024":114,"2029":null},"Occupation: Production":{"Demographic":null,"2020":95,"% OF TOTAL":null,"2024":98,"2029":null},"Occupation: Transportation":{"Demographic":null,"2020":140,"% OF TOTAL":null,"2024":139,"2029":null},"Occupation: Material moving":{"Demographic":null,"2020":139,"% OF TOTAL":null,"2024":140,"2029":null},"White collar":{"Demographic":null,"2020":2617,"% OF TOTAL":null,"2024":2665,"2029":null},"Blue collar":{"Demographic":null,"2020":1439,"% OF TOTAL":null,"2024":1465,"2029":null},"Means of transportation: Car, truck or van":{"Demographic":null,"2020":3558,"% OF TOTAL":null,"2024":3625,"2029":null},"Means of transportation: Public transportation":{"Demographic":null,"2020":0,"% OF TOTAL":null,"2024":0,"2029":null},"Means of transportation: Other":{"Demographic":null,"2020":64,"% OF TOTAL":null,"2024":63,"2029":null},"Travel time: Average (in minutes)":{"Demographic":null,"2020":26,"% OF TOTAL":null,"2024":26,"2029":null},"Travel time to work: Less than 30 minutes":{"Demographic":null,"2020":2229,"% OF TOTAL":null,"2024":2265,"2029":null},"Travel time to work: 30 to 60 minutes":{"Demographic":null,"2020":1289,"% OF TOTAL":null,"2024":1316,"2029":null},"Travel time to work: 60 or more minutes":{"Demographic":null,"2020":104,"% OF TOTAL":null,"2024":107,"2029":null}},"demographic_snapshot":{"Total Population":{"Demographic":null,"2020":8169,"% OF TOTAL":null,"2024":8294,"2029":8421},"Households":{"Demographic":null,"2020":3288,"% OF TOTAL":null,"2024":3386,"2029":3499},"Population in Group Quarters":{"Demographic":null,"2020":22,"% OF TOTAL":null,"2024":22,"2029":21},"Households Growth":{"Demographic":null,"2020":null,"% OF TOTAL":null,"2024":3.0,"2029":3.3},"Household Income: Median":{"Demographic":null,"2020":0,"% OF TOTAL":null,"2024":82779,"2029":88298},"Home Value: Median":{"Demographic":null,"2020":197089,"% OF TOTAL":null,"2024":197049,"2029":null},"Population Growth":{"Demographic":null,"2020":null,"% OF TOTAL":null,"2024":1.5,"2029":1.5},"Total Population: Under 19 years":{"Demographic":null,"2020":1835,"% OF TOTAL":21.0,"2024":1849,"2029":1770},"Total Population: 20 - 64 years":{"Demographic":null,"2020":4549,"% OF TOTAL":54.0,"2024":4553,"2029":4551},"Total Population: 65 years and over":{"Demographic":null,"2020":1785,"% OF TOTAL":24.9,"2024":1892,"2029":2100},"Total population: Median age":{"Demographic":null,"2020":41,"% OF TOTAL":null,"2024":41,"2029":42},"Total population: Under 5 years":{"Demographic":null,"2020":377,"% OF TOTAL":4.4,"2024":373,"2029":371},"Total population: 5 - 9 years":{"Demographic":null,"2020":475,"% OF TOTAL":5.1,"2024":484,"2029":433},"Total population: 10 - 14 years":{"Demographic":null,"2020":501,"% OF TOTAL":5.6,"2024":489,"2029":471},"Total population: 15 - 19 years":{"Demographic":null,"2020":482,"% OF TOTAL":5.9,"2024":503,"2029":495},"Total population: 20 - 24 years":{"Demographic":null,"2020":430,"% OF TOTAL":5.6,"2024":428,"2029":472},"Total population: 25 - 29 years":{"Demographic":null,"2020":486,"% OF TOTAL":5.5,"2024":465,"2029":460},"Total population: 30 - 34 years":{"Demographic":null,"2020":509,"% OF TOTAL":6.0,"2024":536,"2029":507},"Total population: 35 - 39 years":{"Demographic":null,"2020":519,"% OF TOTAL":6.5,"2024":543,"2029":551},"Total population: 40 - 44 years":{"Demographic":null,"2020":434,"% OF TOTAL":5.8,"2024":476,"2029":491},"Total population: 45 - 49 years":{"Demographic":null,"2020":478,"% OF TOTAL":5.8,"2024":464,"2029":489},"Total population: 50 - 54 years":{"Demographic":null,"2020":529,"% OF TOTAL":6.3,"2024":546,"2029":527},"Total population: 55 - 59 years":{"Demographic":null,"2020":625,"% OF TOTAL":6.3,"2024":547,"2029":531},"Total population: 60 - 64 years":{"Demographic":null,"2020":539,"% OF TOTAL":6.2,"2024":548,"2029":523},"Total population: 65 - 69 years":{"Demographic":null,"2020":550,"% OF TOTAL":6.8,"2024":582,"2029":570},"Total population: 70 - 74 years":{"Demographic":null,"2020":476,"% OF TOTAL":6.3,"2024":479,"2029":531},"Total population: 75 - 79 years":{"Demographic":null,"2020":358,"% OF TOTAL":5.4,"2024":413,"2029":456},"Total population: 80 - 84 years":{"Demographic":null,"2020":211,"% OF TOTAL":3.7,"2024":232,"2029":313},"Total population: 85 years and over":{"Demographic":null,"2020":190,"% OF TOTAL":2.7,"2024":186,"2029":230},"Householders Age 15-24":{"Demographic":null,"2020":94,"% OF TOTAL":2.9,"2024":95,"2029":101},"Householders Age 25-34":{"Demographic":null,"2020":400,"% OF TOTAL":11.6,"2024":411,"2029":407},"Householders Age 35-44":{"Demographic":null,"2020":464,"% OF TOTAL":13.9,"2024":478,"2029":487},"Householders Age 45-54":{"Demographic":null,"2020":550,"% OF TOTAL":16.4,"2024":566,"2029":573},"Householders Age 55-64":{"Demographic":null,"2020":666,"% OF TOTAL":18.9,"2024":688,"2029":663},"Householders Age 65-74":{"Demographic":null,"2020":654,"% OF TOTAL":20.0,"2024":674,"2029":701},"Householders Age 75+":{"Demographic":null,"2020":460,"% OF TOTAL":16.2,"2024":474,"2029":567},"Household income: Average":{"Demographic":null,"2020":97287,"% OF TOTAL":null,"2024":107413,"2029":130792},"Household income: Less than 25k":{"Demographic":null,"2020":451,"% OF TOTAL":9.8,"2024":391,"2029":344},"Household income: 25k - 50k":{"Demographic":null,"2020":445,"% OF TOTAL":9.4,"2024":448,"2029":328},"Household income: 50k - 75k":{"Demographic":null,"2020":736,"% OF TOTAL":16.4,"2024":659,"2029":573},"Household income: 75k - 100k":{"Demographic":null,"2020":637,"% OF TOTAL":17.4,"2024":643,"2029":608},"Household income: 100k - 125k":{"Demographic":null,"2020":314,"% OF TOTAL":10.4,"2024":328,"2029":365},"Household income: 125k - 150k":{"Demographic":null,"2020":254,"% OF TOTAL":9.5,"2024":279,"2029":333},"Household income: 150k - 200k":{"Demographic":null,"2020":182,"% OF TOTAL":10.3,"2024":293,"2029":361},"Household income: Above 200k":{"Demographic":null,"2020":269,"% OF TOTAL":16.8,"2024":345,"2029":587},"White Alone":{"Demographic":null,"2020":6351,"% OF TOTAL":77.2,"2024":6404,"2029":6503},"Black or African American Alone":{"Demographic":null,"2020":803,"% OF TOTAL":9.5,"2024":790,"2029":797},"American Indian and Alaska Native Alone":{"Demographic":null,"2020":62,"% OF TOTAL":0.8,"2024":66,"2029":67},"Asian Alone":{"Demographic":null,"2020":223,"% OF TOTAL":2.9,"2024":236,"2029":242},"Native Hawaiian and OPI Alone":{"Demographic":null,"2020":11,"% OF TOTAL":0.1,"2024":12,"2029":12},"Some Other Race Alone":{"Demographic":null,"2020":111,"% OF TOTAL":1.4,"2024":112,"2029":114},"Two or More Races Alone":{"Demographic":null,"2020":608,"% OF TOTAL":8.1,"2024":674,"2029":686},"Not Hispanic or Latino":{"Demographic":null,"2020":7784,"% OF TOTAL":94.8,"2024":7866,"2029":7984},"Hispanic or Latino":{"Demographic":null,"2020":385,"% OF TOTAL":5.2,"2024":428,"2029":437},"Total Housing Units":{"Demographic":null,"2020":3413,"% OF TOTAL":null,"2024":null,"2029":null},"Owner Occupied Housing Units":{"Demographic":null,"2020":2653,"% OF TOTAL":null,"2024":2738,"2029":null},"Renter Occupied Housing Units":{"Demographic":null,"2020":635,"% OF TOTAL":null,"2024":648,"2029":null},"Housing Units Value Less Than 100k":{"Demographic":null,"2020":181,"% OF TOTAL":null,"2024":186,"2029":null},"Housing Units Value 100k - 200k":{"Demographic":null,"2020":800,"% OF TOTAL":null,"2024":817,"2029":null},"Housing Units Value 200k - 250k":{"Demographic":null,"2020":852,"% OF TOTAL":null,"2024":882,"2029":null},"Housing Units Value 250k - 300k":{"Demographic":null,"2020":270,"% OF TOTAL":null,"2024":280,"2029":null},"Housing Units Value 300k - 400k":{"Demographic":null,"2020":318,"% OF TOTAL":null,"2024":332,"2029":null},"Housing Units Value 400k - 500k":{"Demographic":null,"2020":158,"% OF TOTAL":null,"2024":165,"2029":null},"Housing Units Value 500k - 750k":{"Demographic":null,"2020":74,"% OF TOTAL":null,"2024":76,"2029":null},"Housing Units Value 750k - 1m":{"Demographic":null,"2020":0,"% OF TOTAL":null,"2024":0,"2029":null},"Housing Units Value 1m - 1.5m":{"Demographic":null,"2020":0,"% OF TOTAL":null,"2024":0,"2029":null},"Housing Units Value 1.5m - 2m":{"Demographic":null,"2020":0,"% OF TOTAL":null,"2024":0,"2029":null},"Housing Units Value >2m":{"Demographic":null,"2020":0,"% OF TOTAL":null,"2024":0,"2029":null},"Take Car or Truck to Work":{"Demographic":null,"2020":3558,"% OF TOTAL":null,"2024":3625,"2029":null},"Take Public Transportation to Work":{"Demographic":null,"2020":0,"% OF TOTAL":null,"2024":0,"2029":null},"Take Other Means of Transportation to Work":{"Demographic":null,"2020":64,"% OF TOTAL":null,"2024":63,"2029":null},"Average Travel Time (min)":{"Demographic":null,"2020":26,"% OF TOTAL":null,"2024":26,"2029":null},"Travel Below 30 Min to Work":{"Demographic":null,"2020":2229,"% OF TOTAL":null,"2024":2265,"2029":null},"Travel 30-60 Min to Work":{"Demographic":null,"2020":1289,"% OF TOTAL":null,"2024":1316,"2029":null},"Travel Above 60 Min to Work":{"Demographic":null,"2020":209,"% OF TOTAL":null,"2024":107,"2029":null},"Educational Attainment: No High School Diploma":{"Demographic":null,"2020":2242,"% OF TOTAL":null,"2024":2283,"2029":null},"Educational Attainment: High School Diploma":{"Demographic":null,"2020":1764,"% OF TOTAL":null,"2024":1792,"2029":null},"Educational Attainment: Some College":{"Demographic":null,"2020":2991,"% OF TOTAL":null,"2024":3051,"2029":null},"Educational Attainment: Associate's Degree":{"Demographic":null,"2020":709,"% OF TOTAL":null,"2024":726,"2029":null},"Educational Attainment: Bachelors Degree":{"Demographic":null,"2020":937,"% OF TOTAL":null,"2024":955,"2029":null},"Educational Attainment: Advanced Degree":{"Demographic":null,"2020":671,"% OF TOTAL":null,"2024":683,"2029":null},"Households: Number of vehicles available - Average":{"Demographic":null,"2020":1,"% OF TOTAL":null,"2024":1,"2029":null},"Households: No Vehicle available":{"Demographic":null,"2020":119,"% OF TOTAL":null,"2024":122,"2029":null},"Households: 1 Vehicle available":{"Demographic":null,"2020":752,"% OF TOTAL":null,"2024":778,"2029":null},"Households: 2 Vehicles available":{"Demographic":null,"2020":1660,"% OF TOTAL":null,"2024":1707,"2029":null},"Households: 3 Vehicles available":{"Demographic":null,"2020":625,"% OF TOTAL":null,"2024":646,"2029":null},"Households: 4 or more Vehicles available":{"Demographic":null,"2020":132,"% OF TOTAL":null,"2024":133,"2029":null}},"household_trends":{"Households":{"Demographic":null,"2020":3288,"% OF TOTAL":null,"2024":3386,"2029":3499},"Households Growth":{"Demographic":null,"2020":null,"% OF TOTAL":null,"2024":3.0,"2029":3.3},"Householder Age 15-24":{"Demographic":null,"2020":94,"% OF TOTAL":2.9,"2024":95,"2029":101},"Householder Age 25-34":{"Demographic":null,"2020":400,"% OF TOTAL":11.6,"2024":411,"2029":407},"Householder Age 35-44":{"Demographic":null,"2020":464,"% OF TOTAL":13.9,"2024":478,"2029":487},"Householder Age 45-54":{"Demographic":null,"2020":550,"% OF TOTAL":16.4,"2024":566,"2029":573},"Householder Age 55-64":{"Demographic":null,"2020":666,"% OF TOTAL":18.9,"2024":688,"2029":663},"Householder Age 65-74":{"Demographic":null,"2020":654,"% OF TOTAL":20.0,"2024":674,"2029":701},"Householder Age 75+":{"Demographic":null,"2020":460,"% OF TOTAL":16.2,"2024":474,"2029":567},"Average Household Size":{"Demographic":null,"2020":2.5,"% OF TOTAL":null,"2024":2.4,"2029":2.4},"1 Person Households":{"Demographic":null,"2020":844,"% OF TOTAL":26.5,"2024":873,"2029":926},"2 Person Households":{"Demographic":null,"2020":1197,"% OF TOTAL":37.3,"2024":1243,"2029":1304},"3 Person Households":{"Demographic":null,"2020":593,"% OF TOTAL":18.5,"2024":616,"2029":647},"4 Person Households":{"Demographic":null,"2020":365,"% OF TOTAL":10.0,"2024":366,"2029":351},"5 Person Households":{"Demographic":null,"2020":190,"% OF TOTAL":5.2,"2024":191,"2029":183},"6 Person Households":{"Demographic":null,"2020":49,"% OF TOTAL":1.2,"2024":46,"2029":41},"7+ Person Households":{"Demographic":null,"2020":50,"% OF TOTAL":1.3,"2024":51,"2029":47},"Household Type: Family":{"Demographic":null,"2020":2253,"% OF TOTAL":null,"2024":2324,"2029":null},"Household Type: Married Family":{"Demographic":null,"2020":1700,"% OF TOTAL":null,"2024":1753,"2029":null},"Household Type: Married Family With Children":{"Demographic":null,"2020":506,"% OF TOTAL":null,"2024":521,"2029":null},"Household Type: Married Family Without Children":{"Demographic":null,"2020":1194,"% OF TOTAL":null,"2024":1232,"2029":null},"Household Type: Other Family":{"Demographic":null,"2020":553,"% OF TOTAL":null,"2024":571,"2029":null},"Household Type: Male Households, No Wife":{"Demographic":null,"2020":172,"% OF TOTAL":null,"2024":177,"2029":null},"Household Type: Male Households, No Wife With Children":{"Demographic":null,"2020":82,"% OF TOTAL":null,"2024":84,"2029":null},"Household Type: Male Households, No Wife Without Children":{"Demographic":null,"2020":90,"% OF TOTAL":null,"2024":93,"2029":null},"Household Type: Female Households, No Husband":{"Demographic":null,"2020":381,"% OF TOTAL":null,"2024":394,"2029":null},"Household Type: Female Households, No Husband With Children":{"Demographic":null,"2020":155,"% OF TOTAL":null,"2024":160,"2029":null},"Household Type: Female Households, No Husband Without Children":{"Demographic":null,"2020":226,"% OF TOTAL":null,"2024":234,"2029":null},"Household Income: Average":{"Demographic":null,"2020":97287,"% OF TOTAL":null,"2024":107413,"2029":130792},"Household Income: Median":{"Demographic":null,"2020":0,"% OF TOTAL":null,"2024":82779,"2029":88298},"Household Income: Less than $25k":{"Demographic":null,"2020":451,"% OF TOTAL":9.8,"2024":391,"2029":344},"Household Income: $25k - $50k":{"Demographic":null,"2020":445,"% OF TOTAL":9.4,"2024":448,"2029":328},"Household Income: $50k - $75k":{"Demographic":null,"2020":736,"% OF TOTAL":16.4,"2024":659,"2029":573},"Household Income: $75k - $100k":{"Demographic":null,"2020":637,"% OF TOTAL":17.4,"2024":643,"2029":608},"Household Income: $100k - $125k":{"Demographic":null,"2020":314,"% OF TOTAL":10.4,"2024":328,"2029":365},"Household Income: $125k - $150k":{"Demographic":null,"2020":254,"% OF TOTAL":9.5,"2024":279,"2029":333},"Household Income: $150k - $200k":{"Demographic":null,"2020":182,"% OF TOTAL":10.3,"2024":293,"2029":361},"Household Income: Above $200k":{"Demographic":null,"2020":269,"% OF TOTAL":16.8,"2024":345,"2029":587},"Total Housing Units":{"Demographic":null,"2020":3413,"% OF TOTAL":null,"2024":null,"2029":null},"Owner Occupied Housing Units":{"Demographic":null,"2020":2653,"% OF TOTAL":null,"2024":2738,"2029":null},"Renter Occupied Housing Units":{"Demographic":null,"2020":635,"% OF TOTAL":null,"2024":648,"2029":null},"Vacant Housing Units":{"Demographic":null,"2020":125,"% OF TOTAL":null,"2024":null,"2029":null},"Vacant Housing Units: Seasonal":{"Demographic":null,"2020":8,"% OF TOTAL":null,"2024":null,"2029":null},"Vacant Housing Units: Other Usage":{"Demographic":null,"2020":117,"% OF TOTAL":null,"2024":null,"2029":null},"Average Housing Unit Value":{"Demographic":null,"2020":236328,"% OF TOTAL":null,"2024":236268,"2029":null},"Median Housing Unit Value":{"Demographic":null,"2020":197089,"% OF TOTAL":null,"2024":197049,"2029":null},"Housing Unit Value Less Than $100k":{"Demographic":null,"2020":181,"% OF TOTAL":null,"2024":186,"2029":null},"Housing Unit Value $100k-$200k":{"Demographic":null,"2020":800,"% OF TOTAL":null,"2024":817,"2029":null},"Housing Unit Value $200k-$250k":{"Demographic":null,"2020":852,"% OF TOTAL":null,"2024":882,"2029":null},"Housing Unit Value $250k-$300k":{"Demographic":null,"2020":270,"% OF TOTAL":null,"2024":280,"2029":null},"Housing Unit Value $300k-$400k":{"Demographic":null,"2020":318,"% OF TOTAL":null,"2024":332,"2029":null},"Housing Unit Value $400k-$500k":{"Demographic":null,"2020":158,"% OF TOTAL":null,"2024":165,"2029":null},"Housing Unit Value $500k-$750k":{"Demographic":null,"2020":74,"% OF TOTAL":null,"2024":76,"2029":null},"Housing Unit Value $750k-$1m":{"Demographic":null,"2020":0,"% OF TOTAL":null,"2024":0,"2029":null},"Housing Unit Value $1m-$1.5m":{"Demographic":null,"2020":0,"% OF TOTAL":null,"2024":0,"2029":null},"Housing Unit Value $1.5m-$2m":{"Demographic":null,"2020":0,"% OF TOTAL":null,"2024":0,"2029":null},"Housing Unit Value Above $2m":{"Demographic":null,"2020":0,"% OF TOTAL":null,"2024":0,"2029":null},"Median Housing Unit Year Built":{"Demographic":null,"2020":1987,"% OF TOTAL":null,"2024":1987,"2029":null},"Housing Units Built 2014 Or After":{"Demographic":null,"2020":0,"% OF TOTAL":null,"2024":0,"2029":null},"Housing Units Built 2010-2013":{"Demographic":null,"2020":357,"% OF TOTAL":null,"2024":373,"2029":null},"Housing Units Built 2000-2009":{"Demographic":null,"2020":539,"% OF TOTAL":null,"2024":553,"2029":null},"Housing Units Built 1990-1999":{"Demographic":null,"2020":819,"% OF TOTAL":null,"2024":848,"2029":null},"Housing Units Built 1980-1989":{"Demographic":null,"2020":650,"% OF TOTAL":null,"2024":666,"2029":null},"Housing Units Built 1970-1979":{"Demographic":null,"2020":509,"% OF TOTAL":null,"2024":520,"2029":null},"Housing Units Built 1960-1969":{"Demographic":null,"2020":152,"% OF TOTAL":null,"2024":157,"2029":null},"Housing Units Built 1950-1959":{"Demographic":null,"2020":171,"% OF TOTAL":null,"2024":175,"2029":null},"Housing Units Built 1940-1949":{"Demographic":null,"2020":0,"% OF TOTAL":null,"2024":0,"2029":null},"Housing Units Built Before 1940":{"Demographic":null,"2020":91,"% OF TOTAL":null,"2024":94,"2029":null}}},"geometry":{"type":"Polygon","coordinates":[[[-87.30553913838654,30.5314627160063],[-87.30553913838654,30.560376149187356],[-87.27194858438408,30.560376149187356],[-87.27194858438408,30.5314627160063],[-87.30553913838654,30.5314627160063]]]}},{"type":"Feature","properties":{"block":"042","block_num":42,"submarket":"Cantonment","CentroidLon":-87.1954555743147,"CentroidLat":30.5401482180877,"data_status":"usable","is_anomalous":false,"anomaly_reason":null,"files_present":"ConsumerSegmentation-26.08.10.csv;DemographicSnapshot-26.08.10.csv;HouseholdIncomeByAge-26.08.10.csv;HouseholdTrends-26.08.10.csv;PopulationTrends-26.08.10.csv","population_2024":1060,"population_2029":1014,"households_2024":456,"households_2029":444,"median_household_income_2024":117917,"median_household_income_2029":147872,"mean_household_income_2024":null,"mean_household_income_2029":null,"median_age_2024":48,"median_age_2029":49,"median_home_value_2024":455797,"average_household_size_2024":2.3,"average_household_size_2029":2.3,"population_growth_2024_2029":-6.4,"households_growth_2024_2029":-5.0,"consumer_segments":{"Active Adult Feature and Location":{"households":81,"pct":23.8},"Elite":{"households":72,"pct":21.2},"Renters":{"households":35,"pct":10.3},"Entry Level Suburban":{"households":28,"pct":8.2},"Family Life Young Children":{"households":26,"pct":7.6},"Entry Level Urban":{"households":25,"pct":7.4},"Simple Life Affluent No Children":{"households":20,"pct":5.9},"Renters Near Term Buyers":{"households":20,"pct":5.9},"Active Adult Elite":{"households":13,"pct":3.8},"Family Life School Age Children":{"households":5,"pct":1.5},"Simple Life Moderate Income No Children":{"households":5,"pct":1.5},"Active Adult Entry Level":{"households":5,"pct":1.5},"Simple Life Moderate Income With Children":{"households":4,"pct":1.2},"Feature and Location":{"households":1,"pct":0.3}},"income_age":{"2020":{},"2024":{},"2029":{}},"population_trends":{"Total Population":{"Demographic":null,"2020":1133,"% OF TOTAL":null,"2024":1060,"2029":1014},"Population Growth":{"Demographic":null,"2020":null,"% OF TOTAL":null,"2024":-6.4,"2029":-4.3},"Female Population":{"Demographic":null,"2020":560,"% OF TOTAL":49.5,"2024":525,"2029":502},"Male Population":{"Demographic":null,"2020":573,"% OF TOTAL":50.5,"2024":535,"2029":512},"Total population: Median Age":{"Demographic":null,"2020":48,"% OF TOTAL":null,"2024":48,"2029":49},"Total population: Under 5 years":{"Demographic":null,"2020":37,"% OF TOTAL":3.3,"2024":34,"2029":33},"Total population: 5 - 9 years":{"Demographic":null,"2020":52,"% OF TOTAL":4.0,"2024":50,"2029":41},"Total population: 10 - 14 years":{"Demographic":null,"2020":54,"% OF TOTAL":4.3,"2024":47,"2029":44},"Total population: 15 - 19 years":{"Demographic":null,"2020":55,"% OF TOTAL":4.5,"2024":52,"2029":46},"Total population: 20 - 24 years":{"Demographic":null,"2020":81,"% OF TOTAL":6.4,"2024":74,"2029":65},"Total population: 25 - 29 years":{"Demographic":null,"2020":76,"% OF TOTAL":6.8,"2024":69,"2029":69},"Total population: 30 - 34 years":{"Demographic":null,"2020":49,"% OF TOTAL":4.7,"2024":47,"2029":48},"Total population: 35 - 39 years":{"Demographic":null,"2020":62,"% OF TOTAL":5.2,"2024":60,"2029":53},"Total population: 40 - 44 years":{"Demographic":null,"2020":60,"% OF TOTAL":5.6,"2024":60,"2029":57},"Total population: 45 - 49 years":{"Demographic":null,"2020":65,"% OF TOTAL":5.8,"2024":59,"2029":59},"Total population: 50 - 54 years":{"Demographic":null,"2020":67,"% OF TOTAL":6.1,"2024":67,"2029":62},"Total population: 55 - 59 years":{"Demographic":null,"2020":86,"% OF TOTAL":6.3,"2024":69,"2029":64},"Total population: 60 - 64 years":{"Demographic":null,"2020":111,"% OF TOTAL":8.3,"2024":104,"2029":84},"Total population: 65 - 69 years":{"Demographic":null,"2020":66,"% OF TOTAL":7.1,"2024":63,"2029":72},"Total population: 70 - 74 years":{"Demographic":null,"2020":89,"% OF TOTAL":7.4,"2024":82,"2029":75},"Total population: 75 - 79 years":{"Demographic":null,"2020":58,"% OF TOTAL":6.6,"2024":61,"2029":67},"Total population: 80 - 84 years":{"Demographic":null,"2020":34,"% OF TOTAL":4.3,"2024":34,"2029":44},"Total population: 85 years and over":{"Demographic":null,"2020":31,"% OF TOTAL":3.1,"2024":28,"2029":31},"Female population: Median Age":{"Demographic":null,"2020":49,"% OF TOTAL":null,"2024":49,"2029":50},"Female population: Under 5 years":{"Demographic":null,"2020":22,"% OF TOTAL":3.6,"2024":20,"2029":18},"Female population: 5 - 9 years":{"Demographic":null,"2020":26,"% OF TOTAL":4.2,"2024":25,"2029":21},"Female population: 10 - 14 years":{"Demographic":null,"2020":23,"% OF TOTAL":4.0,"2024":20,"2029":20},"Female population: 15 - 19 years":{"Demographic":null,"2020":22,"% OF TOTAL":3.6,"2024":20,"2029":18},"Female population: 20 - 24 years":{"Demographic":null,"2020":37,"% OF TOTAL":5.6,"2024":33,"2029":28},"Female population: 25 - 29 years":{"Demographic":null,"2020":35,"% OF TOTAL":6.6,"2024":33,"2029":33},"Female population: 30 - 34 years":{"Demographic":null,"2020":23,"% OF TOTAL":4.6,"2024":22,"2029":23},"Female population: 35 - 39 years":{"Demographic":null,"2020":33,"% OF TOTAL":5.4,"2024":31,"2029":27},"Female population: 40 - 44 years":{"Demographic":null,"2020":29,"% OF TOTAL":5.6,"2024":29,"2029":28},"Female population: 45 - 49 years":{"Demographic":null,"2020":36,"% OF TOTAL":6.6,"2024":33,"2029":33},"Female population: 50 - 54 years":{"Demographic":null,"2020":26,"% OF TOTAL":5.4,"2024":27,"2029":27},"Female population: 55 - 59 years":{"Demographic":null,"2020":43,"% OF TOTAL":6.2,"2024":35,"2029":31},"Female population: 60 - 64 years":{"Demographic":null,"2020":59,"% OF TOTAL":8.6,"2024":55,"2029":43},"Female population: 65 - 69 years":{"Demographic":null,"2020":33,"% OF TOTAL":7.2,"2024":31,"2029":36},"Female population: 70 - 74 years":{"Demographic":null,"2020":49,"% OF TOTAL":8.0,"2024":46,"2029":40},"Female population: 75 - 79 years":{"Demographic":null,"2020":27,"% OF TOTAL":6.8,"2024":29,"2029":34},"Female population: 80 - 84 years":{"Demographic":null,"2020":24,"% OF TOTAL":5.2,"2024":24,"2029":26},"Female population: 85 years and over":{"Demographic":null,"2020":13,"% OF TOTAL":3.2,"2024":12,"2029":16},"Male population: Median Age":{"Demographic":null,"2020":46,"% OF TOTAL":null,"2024":46,"2029":48},"Male population: Under 5 years":{"Demographic":null,"2020":15,"% OF TOTAL":2.9,"2024":14,"2029":15},"Male population: 5 - 9 years":{"Demographic":null,"2020":26,"% OF TOTAL":3.9,"2024":25,"2029":20},"Male population: 10 - 14 years":{"Demographic":null,"2020":31,"% OF TOTAL":4.7,"2024":27,"2029":24},"Male population: 15 - 19 years":{"Demographic":null,"2020":33,"% OF TOTAL":5.5,"2024":32,"2029":28},"Male population: 20 - 24 years":{"Demographic":null,"2020":44,"% OF TOTAL":7.2,"2024":41,"2029":37},"Male population: 25 - 29 years":{"Demographic":null,"2020":41,"% OF TOTAL":7.0,"2024":36,"2029":36},"Male population: 30 - 34 years":{"Demographic":null,"2020":26,"% OF TOTAL":4.9,"2024":25,"2029":25},"Male population: 35 - 39 years":{"Demographic":null,"2020":29,"% OF TOTAL":5.1,"2024":29,"2029":26},"Male population: 40 - 44 years":{"Demographic":null,"2020":31,"% OF TOTAL":5.7,"2024":31,"2029":29},"Male population: 45 - 49 years":{"Demographic":null,"2020":29,"% OF TOTAL":5.1,"2024":26,"2029":26},"Male population: 50 - 54 years":{"Demographic":null,"2020":41,"% OF TOTAL":6.8,"2024":40,"2029":35},"Male population: 55 - 59 years":{"Demographic":null,"2020":43,"% OF TOTAL":6.4,"2024":34,"2029":33},"Male population: 60 - 64 years":{"Demographic":null,"2020":52,"% OF TOTAL":8.0,"2024":49,"2029":41},"Male population: 65 - 69 years":{"Demographic":null,"2020":33,"% OF TOTAL":7.0,"2024":32,"2029":36},"Male population: 70 - 74 years":{"Demographic":null,"2020":40,"% OF TOTAL":6.8,"2024":36,"2029":35},"Male population: 75 - 79 years":{"Demographic":null,"2020":31,"% OF TOTAL":6.4,"2024":32,"2029":33},"Male population: 80 - 84 years":{"Demographic":null,"2020":10,"% OF TOTAL":3.5,"2024":10,"2029":18},"Male population: 85 years and over":{"Demographic":null,"2020":18,"% OF TOTAL":2.9,"2024":16,"2029":15},"White alone":{"Demographic":null,"2020":881,"% OF TOTAL":76.8,"2024":816,"2029":779},"Black alone":{"Demographic":null,"2020":87,"% OF TOTAL":7.4,"2024":79,"2029":75},"American Indian and Alaska Native alone":{"Demographic":null,"2020":3,"% OF TOTAL":0.3,"2024":3,"2029":3},"Asian alone":{"Demographic":null,"2020":57,"% OF TOTAL":5.2,"2024":55,"2029":53},"Native Hawaiian and OPI alone":{"Demographic":null,"2020":0,"% OF TOTAL":0.0,"2024":0,"2029":0},"Some other race alone":{"Demographic":null,"2020":16,"% OF TOTAL":1.5,"2024":15,"2029":15},"Two or more races alone":{"Demographic":null,"2020":89,"% OF TOTAL":8.8,"2024":92,"2029":89},"Not Hispanic: White alone":{"Demographic":null,"2020":869,"% OF TOTAL":75.7,"2024":804,"2029":768},"Not Hispanic: Black or African American alone":{"Demographic":null,"2020":83,"% OF TOTAL":7.0,"2024":75,"2029":71},"Not Hispanic: American Indian and Alaska Native alone":{"Demographic":null,"2020":3,"% OF TOTAL":0.3,"2024":3,"2029":3},"Not Hispanic: Asian alone":{"Demographic":null,"2020":57,"% OF TOTAL":5.2,"2024":55,"2029":53},"Not Hispanic: Native Hawaiian and OPI alone":{"Demographic":null,"2020":0,"% OF TOTAL":0.0,"2024":0,"2029":0},"Not Hispanic: Some Other Race alone":{"Demographic":null,"2020":4,"% OF TOTAL":0.4,"2024":4,"2029":4},"Not Hispanic: Two or More Races":{"Demographic":null,"2020":51,"% OF TOTAL":4.8,"2024":51,"2029":49},"Hispanic: White alone":{"Demographic":null,"2020":12,"% OF TOTAL":1.1,"2024":12,"2029":11},"Hispanic: Black or African American alone":{"Demographic":null,"2020":4,"% OF TOTAL":0.4,"2024":4,"2029":4},"Hispanic: American Indian and Alaska Native alone":{"Demographic":null,"2020":0,"% OF TOTAL":0.0,"2024":0,"2029":0},"Hispanic: Asian alone":{"Demographic":null,"2020":0,"% OF TOTAL":0.0,"2024":0,"2029":0},"Hispanic: Native Hawaiian and OPI alone":{"Demographic":null,"2020":0,"% OF TOTAL":0.0,"2024":0,"2029":0},"Hispanic: Some Other Race alone":{"Demographic":null,"2020":12,"% OF TOTAL":1.1,"2024":11,"2029":11},"Hispanic: Two or More Races":{"Demographic":null,"2020":38,"% OF TOTAL":3.9,"2024":41,"2029":40},"Educational Attainment: No High School Diploma":{"Demographic":null,"2020":49,"% OF TOTAL":null,"2024":46,"2029":null},"Educational Attainment: High School Diploma":{"Demographic":null,"2020":213,"% OF TOTAL":null,"2024":200,"2029":null},"Educational Attainment: Some College":{"Demographic":null,"2020":231,"% OF TOTAL":null,"2024":217,"2029":null},"Educational Attainment: Associates Degree":{"Demographic":null,"2020":40,"% OF TOTAL":null,"2024":38,"2029":null},"Educational Attainment: Bachelors Degree":{"Demographic":null,"2020":156,"% OF TOTAL":null,"2024":147,"2029":null},"Educational Attainment: Advanced Degree":{"Demographic":null,"2020":165,"% OF TOTAL":null,"2024":155,"2029":null},"Employment Status: Armed Forces":{"Demographic":null,"2020":13,"% OF TOTAL":null,"2024":12,"2029":null},"Employment Status: Civilian labor force employed":{"Demographic":null,"2020":595,"% OF TOTAL":null,"2024":562,"2029":null},"Employment Status: Civilian labor force unemployed":{"Demographic":null,"2020":51,"% OF TOTAL":null,"2024":48,"2029":null},"Employment Status: Not in labor force":{"Demographic":null,"2020":314,"% OF TOTAL":null,"2024":296,"2029":null},"Employed in Agriculture and Mining Industries":{"Demographic":null,"2020":0,"% OF TOTAL":null,"2024":0,"2029":null},"Employed in Construction Industries":{"Demographic":null,"2020":81,"% OF TOTAL":null,"2024":77,"2029":null},"Employed in Manufacturing Industries":{"Demographic":null,"2020":30,"% OF TOTAL":null,"2024":28,"2029":null},"Employed in Wholesale Industries":{"Demographic":null,"2020":0,"% OF TOTAL":null,"2024":0,"2029":null},"Employed in Retail Industries":{"Demographic":null,"2020":0,"% OF TOTAL":null,"2024":0,"2029":null},"Employed in Transportation and Utilities Industries":{"Demographic":null,"2020":22,"% OF TOTAL":null,"2024":21,"2029":null},"Employed in Information Industries":{"Demographic":null,"2020":12,"% OF TOTAL":null,"2024":11,"2029":null},"Employed in Real-Estate Industries":{"Demographic":null,"2020":87,"% OF TOTAL":null,"2024":82,"2029":null},"Employed in Professional Industries":{"Demographic":null,"2020":64,"% OF TOTAL":null,"2024":60,"2029":null},"Employed in Health and Education Industries":{"Demographic":null,"2020":241,"% OF TOTAL":null,"2024":228,"2029":null},"Employed in Art Industries":{"Demographic":null,"2020":23,"% OF TOTAL":null,"2024":22,"2029":null},"Employed in Other Industries":{"Demographic":null,"2020":35,"% OF TOTAL":null,"2024":33,"2029":null},"Employed in Public Administration Industries":{"Demographic":null,"2020":0,"% OF TOTAL":null,"2024":0,"2029":null},"Occupation: Management":{"Demographic":null,"2020":94,"% OF TOTAL":null,"2024":89,"2029":null},"Occupation: Business and financial operations":{"Demographic":null,"2020":0,"% OF TOTAL":null,"2024":0,"2029":null},"Occupation: Computer and mathematical":{"Demographic":null,"2020":36,"% OF TOTAL":null,"2024":34,"2029":null},"Occupation: Architecture and engineering":{"Demographic":null,"2020":0,"% OF TOTAL":null,"2024":0,"2029":null},"Occupation: Life, physical, and social science":{"Demographic":null,"2020":0,"% OF TOTAL":null,"2024":0,"2029":null},"Occupation: Community and social service":{"Demographic":null,"2020":67,"% OF TOTAL":null,"2024":63,"2029":null},"Occupation: Legal":{"Demographic":null,"2020":0,"% OF TOTAL":null,"2024":0,"2029":null},"Occupation: Education, training, and library":{"Demographic":null,"2020":52,"% OF TOTAL":null,"2024":49,"2029":null},"Occupation: Arts, design, entertainment, sports, and media":{"Demographic":null,"2020":15,"% OF TOTAL":null,"2024":14,"2029":null},"Occupation: Health diagnosing and treating practitioners":{"Demographic":null,"2020":50,"% OF TOTAL":null,"2024":47,"2029":null},"Occupation: Health technologists and technicians":{"Demographic":null,"2020":68,"% OF TOTAL":null,"2024":64,"2029":null},"Occupation: Healthcare support":{"Demographic":null,"2020":12,"% OF TOTAL":null,"2024":11,"2029":null},"Occupation: Fire fighting and prevention":{"Demographic":null,"2020":0,"% OF TOTAL":null,"2024":0,"2029":null},"Occupation: Law enforcement workers":{"Demographic":null,"2020":0,"% OF TOTAL":null,"2024":0,"2029":null},"Occupation: Food preparation and serving related":{"Demographic":null,"2020":8,"% OF TOTAL":null,"2024":8,"2029":null},"Occupation: Building and grounds cleaning and maintenance":{"Demographic":null,"2020":0,"% OF TOTAL":null,"2024":0,"2029":null},"Occupation: Personal care and service":{"Demographic":null,"2020":79,"% OF TOTAL":null,"2024":75,"2029":null},"Occupation: Sales and related":{"Demographic":null,"2020":14,"% OF TOTAL":null,"2024":13,"2029":null},"Occupation: Office and administrative support":{"Demographic":null,"2020":0,"% OF TOTAL":null,"2024":0,"2029":null},"Occupation: Farming, fishing, and forestry":{"Demographic":null,"2020":0,"% OF TOTAL":null,"2024":0,"2029":null},"Occupation: Construction and extraction":{"Demographic":null,"2020":81,"% OF TOTAL":null,"2024":77,"2029":null},"Occupation: Installation, maintenance, and repair":{"Demographic":null,"2020":0,"% OF TOTAL":null,"2024":0,"2029":null},"Occupation: Production":{"Demographic":null,"2020":19,"% OF TOTAL":null,"2024":18,"2029":null},"Occupation: Transportation":{"Demographic":null,"2020":0,"% OF TOTAL":null,"2024":0,"2029":null},"Occupation: Material moving":{"Demographic":null,"2020":0,"% OF TOTAL":null,"2024":0,"2029":null},"White collar":{"Demographic":null,"2020":396,"% OF TOTAL":null,"2024":373,"2029":null},"Blue collar":{"Demographic":null,"2020":199,"% OF TOTAL":null,"2024":189,"2029":null},"Means of transportation: Car, truck or van":{"Demographic":null,"2020":564,"% OF TOTAL":null,"2024":532,"2029":null},"Means of transportation: Public transportation":{"Demographic":null,"2020":0,"% OF TOTAL":null,"2024":0,"2029":null},"Means of transportation: Other":{"Demographic":null,"2020":17,"% OF TOTAL":null,"2024":16,"2029":null},"Travel time: Average (in minutes)":{"Demographic":null,"2020":36,"% OF TOTAL":null,"2024":36,"2029":null},"Travel time to work: Less than 30 minutes":{"Demographic":null,"2020":244,"% OF TOTAL":null,"2024":230,"2029":null},"Travel time to work: 30 to 60 minutes":{"Demographic":null,"2020":263,"% OF TOTAL":null,"2024":248,"2029":null},"Travel time to work: 60 or more minutes":{"Demographic":null,"2020":74,"% OF TOTAL":null,"2024":70,"2029":null}},"demographic_snapshot":{"Total Population":{"Demographic":null,"2020":1133,"% OF TOTAL":null,"2024":1060,"2029":1014},"Households":{"Demographic":null,"2020":480,"% OF TOTAL":null,"2024":456,"2029":444},"Population in Group Quarters":{"Demographic":null,"2020":0,"% OF TOTAL":null,"2024":0,"2029":0},"Households Growth":{"Demographic":null,"2020":null,"% OF TOTAL":null,"2024":-5.0,"2029":-2.6},"Household Income: Median":{"Demographic":null,"2020":0,"% OF TOTAL":null,"2024":117917,"2029":147872},"Home Value: Median":{"Demographic":null,"2020":455556,"% OF TOTAL":null,"2024":455797,"2029":null},"Population Growth":{"Demographic":null,"2020":null,"% OF TOTAL":null,"2024":-6.4,"2029":-4.3},"Total Population: Under 19 years":{"Demographic":null,"2020":198,"% OF TOTAL":16.2,"2024":183,"2029":164},"Total Population: 20 - 64 years":{"Demographic":null,"2020":657,"% OF TOTAL":55.3,"2024":609,"2029":561},"Total Population: 65 years and over":{"Demographic":null,"2020":278,"% OF TOTAL":28.5,"2024":268,"2029":289},"Total population: Median age":{"Demographic":null,"2020":48,"% OF TOTAL":null,"2024":48,"2029":49},"Total population: Under 5 years":{"Demographic":null,"2020":37,"% OF TOTAL":3.3,"2024":34,"2029":33},"Total population: 5 - 9 years":{"Demographic":null,"2020":52,"% OF TOTAL":4.0,"2024":50,"2029":41},"Total population: 10 - 14 years":{"Demographic":null,"2020":54,"% OF TOTAL":4.3,"2024":47,"2029":44},"Total population: 15 - 19 years":{"Demographic":null,"2020":55,"% OF TOTAL":4.5,"2024":52,"2029":46},"Total population: 20 - 24 years":{"Demographic":null,"2020":81,"% OF TOTAL":6.4,"2024":74,"2029":65},"Total population: 25 - 29 years":{"Demographic":null,"2020":76,"% OF TOTAL":6.8,"2024":69,"2029":69},"Total population: 30 - 34 years":{"Demographic":null,"2020":49,"% OF TOTAL":4.7,"2024":47,"2029":48},"Total population: 35 - 39 years":{"Demographic":null,"2020":62,"% OF TOTAL":5.2,"2024":60,"2029":53},"Total population: 40 - 44 years":{"Demographic":null,"2020":60,"% OF TOTAL":5.6,"2024":60,"2029":57},"Total population: 45 - 49 years":{"Demographic":null,"2020":65,"% OF TOTAL":5.8,"2024":59,"2029":59},"Total population: 50 - 54 years":{"Demographic":null,"2020":67,"% OF TOTAL":6.1,"2024":67,"2029":62},"Total population: 55 - 59 years":{"Demographic":null,"2020":86,"% OF TOTAL":6.3,"2024":69,"2029":64},"Total population: 60 - 64 years":{"Demographic":null,"2020":111,"% OF TOTAL":8.3,"2024":104,"2029":84},"Total population: 65 - 69 years":{"Demographic":null,"2020":66,"% OF TOTAL":7.1,"2024":63,"2029":72},"Total population: 70 - 74 years":{"Demographic":null,"2020":89,"% OF TOTAL":7.4,"2024":82,"2029":75},"Total population: 75 - 79 years":{"Demographic":null,"2020":58,"% OF TOTAL":6.6,"2024":61,"2029":67},"Total population: 80 - 84 years":{"Demographic":null,"2020":34,"% OF TOTAL":4.3,"2024":34,"2029":44},"Total population: 85 years and over":{"Demographic":null,"2020":31,"% OF TOTAL":3.1,"2024":28,"2029":31},"Householders Age 15-24":{"Demographic":null,"2020":23,"% OF TOTAL":4.5,"2024":22,"2029":20},"Householders Age 25-34":{"Demographic":null,"2020":51,"% OF TOTAL":11.0,"2024":48,"2029":49},"Householders Age 35-44":{"Demographic":null,"2020":69,"% OF TOTAL":13.5,"2024":66,"2029":60},"Householders Age 45-54":{"Demographic":null,"2020":71,"% OF TOTAL":14.6,"2024":67,"2029":65},"Householders Age 55-64":{"Demographic":null,"2020":104,"% OF TOTAL":18.9,"2024":99,"2029":84},"Householders Age 65-74":{"Demographic":null,"2020":81,"% OF TOTAL":17.6,"2024":77,"2029":78},"Householders Age 75+":{"Demographic":null,"2020":81,"% OF TOTAL":19.8,"2024":77,"2029":88},"Household income: Average":{"Demographic":null,"2020":144052,"% OF TOTAL":null,"2024":149742,"2029":196498},"Household income: Less than 25k":{"Demographic":null,"2020":52,"% OF TOTAL":8.8,"2024":54,"2029":39},"Household income: 25k - 50k":{"Demographic":null,"2020":116,"% OF TOTAL":13.3,"2024":101,"2029":59},"Household income: 50k - 75k":{"Demographic":null,"2020":28,"% OF TOTAL":1.6,"2024":15,"2029":7},"Household income: 75k - 100k":{"Demographic":null,"2020":24,"% OF TOTAL":3.4,"2024":15,"2029":15},"Household income: 100k - 125k":{"Demographic":null,"2020":63,"% OF TOTAL":13.3,"2024":60,"2029":59},"Household income: 125k - 150k":{"Demographic":null,"2020":45,"% OF TOTAL":10.6,"2024":36,"2029":47},"Household income: 150k - 200k":{"Demographic":null,"2020":40,"% OF TOTAL":9.2,"2024":69,"2029":41},"Household income: Above 200k":{"Demographic":null,"2020":112,"% OF TOTAL":39.9,"2024":106,"2029":177},"White Alone":{"Demographic":null,"2020":881,"% OF TOTAL":76.8,"2024":816,"2029":779},"Black or African American Alone":{"Demographic":null,"2020":87,"% OF TOTAL":7.4,"2024":79,"2029":75},"American Indian and Alaska Native Alone":{"Demographic":null,"2020":3,"% OF TOTAL":0.3,"2024":3,"2029":3},"Asian Alone":{"Demographic":null,"2020":57,"% OF TOTAL":5.2,"2024":55,"2029":53},"Native Hawaiian and OPI Alone":{"Demographic":null,"2020":0,"% OF TOTAL":0.0,"2024":0,"2029":0},"Some Other Race Alone":{"Demographic":null,"2020":16,"% OF TOTAL":1.5,"2024":15,"2029":15},"Two or More Races Alone":{"Demographic":null,"2020":89,"% OF TOTAL":8.8,"2024":92,"2029":89},"Not Hispanic or Latino":{"Demographic":null,"2020":1067,"% OF TOTAL":93.5,"2024":992,"2029":948},"Hispanic or Latino":{"Demographic":null,"2020":66,"% OF TOTAL":6.5,"2024":68,"2029":66},"Total Housing Units":{"Demographic":null,"2020":509,"% OF TOTAL":null,"2024":null,"2029":null},"Owner Occupied Housing Units":{"Demographic":null,"2020":348,"% OF TOTAL":null,"2024":331,"2029":null},"Renter Occupied Housing Units":{"Demographic":null,"2020":132,"% OF TOTAL":null,"2024":125,"2029":null},"Housing Units Value Less Than 100k":{"Demographic":null,"2020":0,"% OF TOTAL":null,"2024":0,"2029":null},"Housing Units Value 100k - 200k":{"Demographic":null,"2020":0,"% OF TOTAL":null,"2024":0,"2029":null},"Housing Units Value 200k - 250k":{"Demographic":null,"2020":0,"% OF TOTAL":null,"2024":0,"2029":null},"Housing Units Value 250k - 300k":{"Demographic":null,"2020":56,"% OF TOTAL":null,"2024":53,"2029":null},"Housing Units Value 300k - 400k":{"Demographic":null,"2020":78,"% OF TOTAL":null,"2024":74,"2029":null},"Housing Units Value 400k - 500k":{"Demographic":null,"2020":72,"% OF TOTAL":null,"2024":69,"2029":null},"Housing Units Value 500k - 750k":{"Demographic":null,"2020":119,"% OF TOTAL":null,"2024":113,"2029":null},"Housing Units Value 750k - 1m":{"Demographic":null,"2020":0,"% OF TOTAL":null,"2024":0,"2029":null},"Housing Units Value 1m - 1.5m":{"Demographic":null,"2020":23,"% OF TOTAL":null,"2024":22,"2029":null},"Housing Units Value 1.5m - 2m":{"Demographic":null,"2020":0,"% OF TOTAL":null,"2024":0,"2029":null},"Housing Units Value >2m":{"Demographic":null,"2020":0,"% OF TOTAL":null,"2024":0,"2029":null},"Take Car or Truck to Work":{"Demographic":null,"2020":564,"% OF TOTAL":null,"2024":532,"2029":null},"Take Public Transportation to Work":{"Demographic":null,"2020":0,"% OF TOTAL":null,"2024":0,"2029":null},"Take Other Means of Transportation to Work":{"Demographic":null,"2020":17,"% OF TOTAL":null,"2024":16,"2029":null},"Average Travel Time (min)":{"Demographic":null,"2020":37,"% OF TOTAL":null,"2024":37,"2029":null},"Travel Below 30 Min to Work":{"Demographic":null,"2020":244,"% OF TOTAL":null,"2024":230,"2029":null},"Travel 30-60 Min to Work":{"Demographic":null,"2020":263,"% OF TOTAL":null,"2024":248,"2029":null},"Travel Above 60 Min to Work":{"Demographic":null,"2020":110,"% OF TOTAL":null,"2024":70,"2029":null},"Educational Attainment: No High School Diploma":{"Demographic":null,"2020":262,"% OF TOTAL":null,"2024":246,"2029":null},"Educational Attainment: High School Diploma":{"Demographic":null,"2020":213,"% OF TOTAL":null,"2024":200,"2029":null},"Educational Attainment: Some College":{"Demographic":null,"2020":427,"% OF TOTAL":null,"2024":402,"2029":null},"Educational Attainment: Associate's Degree":{"Demographic":null,"2020":40,"% OF TOTAL":null,"2024":38,"2029":null},"Educational Attainment: Bachelors Degree":{"Demographic":null,"2020":156,"% OF TOTAL":null,"2024":147,"2029":null},"Educational Attainment: Advanced Degree":{"Demographic":null,"2020":165,"% OF TOTAL":null,"2024":155,"2029":null},"Households: Number of vehicles available - Average":{"Demographic":null,"2020":1,"% OF TOTAL":null,"2024":1,"2029":null},"Households: No Vehicle available":{"Demographic":null,"2020":0,"% OF TOTAL":null,"2024":0,"2029":null},"Households: 1 Vehicle available":{"Demographic":null,"2020":143,"% OF TOTAL":null,"2024":136,"2029":null},"Households: 2 Vehicles available":{"Demographic":null,"2020":224,"% OF TOTAL":null,"2024":213,"2029":null},"Households: 3 Vehicles available":{"Demographic":null,"2020":113,"% OF TOTAL":null,"2024":107,"2029":null},"Households: 4 or more Vehicles available":{"Demographic":null,"2020":0,"% OF TOTAL":null,"2024":0,"2029":null}},"household_trends":{"Households":{"Demographic":null,"2020":480,"% OF TOTAL":null,"2024":456,"2029":444},"Households Growth":{"Demographic":null,"2020":null,"% OF TOTAL":null,"2024":-5.0,"2029":-2.6},"Householder Age 15-24":{"Demographic":null,"2020":23,"% OF TOTAL":4.5,"2024":22,"2029":20},"Householder Age 25-34":{"Demographic":null,"2020":51,"% OF TOTAL":11.0,"2024":48,"2029":49},"Householder Age 35-44":{"Demographic":null,"2020":69,"% OF TOTAL":13.5,"2024":66,"2029":60},"Householder Age 45-54":{"Demographic":null,"2020":71,"% OF TOTAL":14.6,"2024":67,"2029":65},"Householder Age 55-64":{"Demographic":null,"2020":104,"% OF TOTAL":18.9,"2024":99,"2029":84},"Householder Age 65-74":{"Demographic":null,"2020":81,"% OF TOTAL":17.6,"2024":77,"2029":78},"Householder Age 75+":{"Demographic":null,"2020":81,"% OF TOTAL":19.8,"2024":77,"2029":88},"Average Household Size":{"Demographic":null,"2020":2.4,"% OF TOTAL":null,"2024":2.3,"2029":2.3},"1 Person Households":{"Demographic":null,"2020":121,"% OF TOTAL":26.1,"2024":116,"2029":116},"2 Person Households":{"Demographic":null,"2020":209,"% OF TOTAL":44.8,"2024":201,"2029":199},"3 Person Households":{"Demographic":null,"2020":62,"% OF TOTAL":13.5,"2024":60,"2029":60},"4 Person Households":{"Demographic":null,"2020":52,"% OF TOTAL":9.2,"2024":46,"2029":41},"5 Person Households":{"Demographic":null,"2020":25,"% OF TOTAL":4.5,"2024":23,"2029":20},"6 Person Households":{"Demographic":null,"2020":8,"% OF TOTAL":1.4,"2024":7,"2029":6},"7+ Person Households":{"Demographic":null,"2020":3,"% OF TOTAL":0.5,"2024":3,"2029":2},"Household Type: Family":{"Demographic":null,"2020":316,"% OF TOTAL":null,"2024":300,"2029":null},"Household Type: Married Family":{"Demographic":null,"2020":231,"% OF TOTAL":null,"2024":219,"2029":null},"Household Type: Married Family With Children":{"Demographic":null,"2020":49,"% OF TOTAL":null,"2024":46,"2029":null},"Household Type: Married Family Without Children":{"Demographic":null,"2020":182,"% OF TOTAL":null,"2024":173,"2029":null},"Household Type: Other Family":{"Demographic":null,"2020":85,"% OF TOTAL":null,"2024":81,"2029":null},"Household Type: Male Households, No Wife":{"Demographic":null,"2020":23,"% OF TOTAL":null,"2024":22,"2029":null},"Household Type: Male Households, No Wife With Children":{"Demographic":null,"2020":10,"% OF TOTAL":null,"2024":10,"2029":null},"Household Type: Male Households, No Wife Without Children":{"Demographic":null,"2020":13,"% OF TOTAL":null,"2024":12,"2029":null},"Household Type: Female Households, No Husband":{"Demographic":null,"2020":62,"% OF TOTAL":null,"2024":59,"2029":null},"Household Type: Female Households, No Husband With Children":{"Demographic":null,"2020":26,"% OF TOTAL":null,"2024":25,"2029":null},"Household Type: Female Households, No Husband Without Children":{"Demographic":null,"2020":36,"% OF TOTAL":null,"2024":34,"2029":null},"Household Income: Average":{"Demographic":null,"2020":144052,"% OF TOTAL":null,"2024":149742,"2029":196498},"Household Income: Median":{"Demographic":null,"2020":0,"% OF TOTAL":null,"2024":117917,"2029":147872},"Household Income: Less than $25k":{"Demographic":null,"2020":52,"% OF TOTAL":8.8,"2024":54,"2029":39},"Household Income: $25k - $50k":{"Demographic":null,"2020":116,"% OF TOTAL":13.3,"2024":101,"2029":59},"Household Income: $50k - $75k":{"Demographic":null,"2020":28,"% OF TOTAL":1.6,"2024":15,"2029":7},"Household Income: $75k - $100k":{"Demographic":null,"2020":24,"% OF TOTAL":3.4,"2024":15,"2029":15},"Household Income: $100k - $125k":{"Demographic":null,"2020":63,"% OF TOTAL":13.3,"2024":60,"2029":59},"Household Income: $125k - $150k":{"Demographic":null,"2020":45,"% OF TOTAL":10.6,"2024":36,"2029":47},"Household Income: $150k - $200k":{"Demographic":null,"2020":40,"% OF TOTAL":9.2,"2024":69,"2029":41},"Household Income: Above $200k":{"Demographic":null,"2020":112,"% OF TOTAL":39.9,"2024":106,"2029":177},"Total Housing Units":{"Demographic":null,"2020":509,"% OF TOTAL":null,"2024":null,"2029":null},"Owner Occupied Housing Units":{"Demographic":null,"2020":348,"% OF TOTAL":null,"2024":331,"2029":null},"Renter Occupied Housing Units":{"Demographic":null,"2020":132,"% OF TOTAL":null,"2024":125,"2029":null},"Vacant Housing Units":{"Demographic":null,"2020":29,"% OF TOTAL":null,"2024":null,"2029":null},"Vacant Housing Units: Seasonal":{"Demographic":null,"2020":4,"% OF TOTAL":null,"2024":null,"2029":null},"Vacant Housing Units: Other Usage":{"Demographic":null,"2020":25,"% OF TOTAL":null,"2024":null,"2029":null},"Average Housing Unit Value":{"Demographic":null,"2020":512141,"% OF TOTAL":null,"2024":512538,"2029":null},"Median Housing Unit Value":{"Demographic":null,"2020":455556,"% OF TOTAL":null,"2024":455797,"2029":null},"Housing Unit Value Less Than $100k":{"Demographic":null,"2020":0,"% OF TOTAL":null,"2024":0,"2029":null},"Housing Unit Value $100k-$200k":{"Demographic":null,"2020":0,"% OF TOTAL":null,"2024":0,"2029":null},"Housing Unit Value $200k-$250k":{"Demographic":null,"2020":0,"% OF TOTAL":null,"2024":0,"2029":null},"Housing Unit Value $250k-$300k":{"Demographic":null,"2020":56,"% OF TOTAL":null,"2024":53,"2029":null},"Housing Unit Value $300k-$400k":{"Demographic":null,"2020":78,"% OF TOTAL":null,"2024":74,"2029":null},"Housing Unit Value $400k-$500k":{"Demographic":null,"2020":72,"% OF TOTAL":null,"2024":69,"2029":null},"Housing Unit Value $500k-$750k":{"Demographic":null,"2020":119,"% OF TOTAL":null,"2024":113,"2029":null},"Housing Unit Value $750k-$1m":{"Demographic":null,"2020":0,"% OF TOTAL":null,"2024":0,"2029":null},"Housing Unit Value $1m-$1.5m":{"Demographic":null,"2020":23,"% OF TOTAL":null,"2024":22,"2029":null},"Housing Unit Value $1.5m-$2m":{"Demographic":null,"2020":0,"% OF TOTAL":null,"2024":0,"2029":null},"Housing Unit Value Above $2m":{"Demographic":null,"2020":0,"% OF TOTAL":null,"2024":0,"2029":null},"Median Housing Unit Year Built":{"Demographic":null,"2020":1988,"% OF TOTAL":null,"2024":1988,"2029":null},"Housing Units Built 2014 Or After":{"Demographic":null,"2020":0,"% OF TOTAL":null,"2024":0,"2029":null},"Housing Units Built 2010-2013":{"Demographic":null,"2020":13,"% OF TOTAL":null,"2024":12,"2029":null},"Housing Units Built 2000-2009":{"Demographic":null,"2020":160,"% OF TOTAL":null,"2024":152,"2029":null},"Housing Units Built 1990-1999":{"Demographic":null,"2020":44,"% OF TOTAL":null,"2024":42,"2029":null},"Housing Units Built 1980-1989":{"Demographic":null,"2020":109,"% OF TOTAL":null,"2024":104,"2029":null},"Housing Units Built 1970-1979":{"Demographic":null,"2020":96,"% OF TOTAL":null,"2024":91,"2029":null},"Housing Units Built 1960-1969":{"Demographic":null,"2020":58,"% OF TOTAL":null,"2024":55,"2029":null},"Housing Units Built 1950-1959":{"Demographic":null,"2020":0,"% OF TOTAL":null,"2024":0,"2029":null},"Housing Units Built 1940-1949":{"Demographic":null,"2020":0,"% OF TOTAL":null,"2024":0,"2029":null},"Housing Units Built Before 1940":{"Demographic":null,"2020":0,"% OF TOTAL":null,"2024":0,"2029":null}}},"geometry":{"type":"Polygon","coordinates":[[[-87.2001812812218,30.54660397068075],[-87.18115039490776,30.545875536628074],[-87.18892134015269,30.53449304477853],[-87.18892134015269,30.53203425133998],[-87.20476747637916,30.53227035050361],[-87.20476747637916,30.551884028553918],[-87.2001812812218,30.54660397068075]]]}},{"type":"Feature","properties":{"block":"043","block_num":43,"submarket":"Cantonment","CentroidLon":-87.2888080526443,"CentroidLat":30.51816457617257,"data_status":"usable","is_anomalous":false,"anomaly_reason":null,"files_present":"ConsumerSegmentation-26.08.10.csv;DemographicSnapshot-26.08.10.csv;HouseholdIncomeByAge-26.08.10.csv;HouseholdTrends-26.08.10.csv;PopulationTrends-26.08.10.csv","population_2024":7407,"population_2029":8041,"households_2024":2928,"households_2029":3239,"median_household_income_2024":47608,"median_household_income_2029":55000,"mean_household_income_2024":null,"mean_household_income_2029":null,"median_age_2024":45,"median_age_2029":46,"median_home_value_2024":113750,"average_household_size_2024":2.5,"average_household_size_2029":2.4,"population_growth_2024_2029":12.9,"households_growth_2024_2029":15.5,"consumer_segments":{"Entry Level Suburban":{"households":656,"pct":22.9},"Active Adult Feature and Location":{"households":540,"pct":18.9},"Active Adult Entry Level":{"households":325,"pct":11.4},"Renters Near Term Buyers":{"households":298,"pct":10.4},"Renters":{"households":293,"pct":10.2},"Elite":{"households":212,"pct":7.4},"Active Adult Elite":{"households":139,"pct":4.9},"Feature and Location":{"households":129,"pct":4.5},"Family Life Young Children":{"households":71,"pct":2.5},"Family Life School Age Children":{"households":54,"pct":1.9},"Simple Life Affluent No Children":{"households":46,"pct":1.6},"Simple Life Moderate Income With Children":{"households":43,"pct":1.5},"Simple Life Moderate Income No Children":{"households":42,"pct":1.5},"Entry Level Urban":{"households":11,"pct":0.4}},"income_age":{"2020":{},"2024":{},"2029":{}},"population_trends":{"Total Population":{"Demographic":null,"2020":6563,"% OF TOTAL":null,"2024":7407,"2029":8041},"Population Growth":{"Demographic":null,"2020":null,"% OF TOTAL":null,"2024":12.9,"2029":8.6},"Female Population":{"Demographic":null,"2020":3447,"% OF TOTAL":52.5,"2024":3892,"2029":4225},"Male Population":{"Demographic":null,"2020":3116,"% OF TOTAL":47.5,"2024":3515,"2029":3816},"Total population: Median Age":{"Demographic":null,"2020":45,"% OF TOTAL":null,"2024":45,"2029":46},"Total population: Under 5 years":{"Demographic":null,"2020":339,"% OF TOTAL":4.9,"2024":375,"2029":391},"Total population: 5 - 9 years":{"Demographic":null,"2020":382,"% OF TOTAL":5.4,"2024":434,"2029":431},"Total population: 10 - 14 years":{"Demographic":null,"2020":382,"% OF TOTAL":5.3,"2024":407,"2029":428},"Total population: 15 - 19 years":{"Demographic":null,"2020":383,"% OF TOTAL":5.7,"2024":452,"2029":461},"Total population: 20 - 24 years":{"Demographic":null,"2020":351,"% OF TOTAL":5.5,"2024":397,"2029":444},"Total population: 25 - 29 years":{"Demographic":null,"2020":436,"% OF TOTAL":5.9,"2024":458,"2029":471},"Total population: 30 - 34 years":{"Demographic":null,"2020":381,"% OF TOTAL":6.0,"2024":468,"2029":480},"Total population: 35 - 39 years":{"Demographic":null,"2020":343,"% OF TOTAL":5.9,"2024":407,"2029":478},"Total population: 40 - 44 years":{"Demographic":null,"2020":309,"% OF TOTAL":5.2,"2024":377,"2029":420},"Total population: 45 - 49 years":{"Demographic":null,"2020":331,"% OF TOTAL":5.2,"2024":365,"2029":416},"Total population: 50 - 54 years":{"Demographic":null,"2020":382,"% OF TOTAL":5.3,"2024":421,"2029":428},"Total population: 55 - 59 years":{"Demographic":null,"2020":525,"% OF TOTAL":6.4,"2024":519,"2029":517},"Total population: 60 - 64 years":{"Demographic":null,"2020":453,"% OF TOTAL":6.6,"2024":514,"2029":530},"Total population: 65 - 69 years":{"Demographic":null,"2020":432,"% OF TOTAL":6.7,"2024":503,"2029":542},"Total population: 70 - 74 years":{"Demographic":null,"2020":385,"% OF TOTAL":6.3,"2024":442,"2029":509},"Total population: 75 - 79 years":{"Demographic":null,"2020":281,"% OF TOTAL":5.4,"2024":353,"2029":436},"Total population: 80 - 84 years":{"Demographic":null,"2020":228,"% OF TOTAL":4.3,"2024":266,"2029":347},"Total population: 85 years and over":{"Demographic":null,"2020":240,"% OF TOTAL":3.9,"2024":249,"2029":312},"Female population: Median Age":{"Demographic":null,"2020":49,"% OF TOTAL":null,"2024":49,"2029":51},"Female population: Under 5 years":{"Demographic":null,"2020":158,"% OF TOTAL":4.4,"2024":177,"2029":186},"Female population: 5 - 9 years":{"Demographic":null,"2020":206,"% OF TOTAL":5.3,"2024":232,"2029":223},"Female population: 10 - 14 years":{"Demographic":null,"2020":185,"% OF TOTAL":4.9,"2024":194,"2029":209},"Female population: 15 - 19 years":{"Demographic":null,"2020":176,"% OF TOTAL":5.1,"2024":210,"2029":214},"Female population: 20 - 24 years":{"Demographic":null,"2020":175,"% OF TOTAL":5.1,"2024":194,"2029":215},"Female population: 25 - 29 years":{"Demographic":null,"2020":208,"% OF TOTAL":5.5,"2024":219,"2029":232},"Female population: 30 - 34 years":{"Demographic":null,"2020":185,"% OF TOTAL":5.5,"2024":227,"2029":232},"Female population: 35 - 39 years":{"Demographic":null,"2020":179,"% OF TOTAL":5.7,"2024":207,"2029":239},"Female population: 40 - 44 years":{"Demographic":null,"2020":169,"% OF TOTAL":5.3,"2024":207,"2029":225},"Female population: 45 - 49 years":{"Demographic":null,"2020":163,"% OF TOTAL":5.1,"2024":183,"2029":215},"Female population: 50 - 54 years":{"Demographic":null,"2020":208,"% OF TOTAL":5.4,"2024":230,"2029":230},"Female population: 55 - 59 years":{"Demographic":null,"2020":297,"% OF TOTAL":7.0,"2024":296,"2029":294},"Female population: 60 - 64 years":{"Demographic":null,"2020":226,"% OF TOTAL":6.5,"2024":257,"2029":273},"Female population: 65 - 69 years":{"Demographic":null,"2020":218,"% OF TOTAL":6.5,"2024":257,"2029":275},"Female population: 70 - 74 years":{"Demographic":null,"2020":201,"% OF TOTAL":6.2,"2024":230,"2029":261},"Female population: 75 - 79 years":{"Demographic":null,"2020":173,"% OF TOTAL":6.2,"2024":219,"2029":261},"Female population: 80 - 84 years":{"Demographic":null,"2020":153,"% OF TOTAL":5.4,"2024":181,"2029":228},"Female population: 85 years and over":{"Demographic":null,"2020":167,"% OF TOTAL":5.0,"2024":172,"2029":213},"Male population: Median Age":{"Demographic":null,"2020":39,"% OF TOTAL":null,"2024":39,"2029":41},"Male population: Under 5 years":{"Demographic":null,"2020":181,"% OF TOTAL":5.4,"2024":198,"2029":205},"Male population: 5 - 9 years":{"Demographic":null,"2020":176,"% OF TOTAL":5.5,"2024":202,"2029":208},"Male population: 10 - 14 years":{"Demographic":null,"2020":197,"% OF TOTAL":5.7,"2024":213,"2029":219},"Male population: 15 - 19 years":{"Demographic":null,"2020":207,"% OF TOTAL":6.5,"2024":242,"2029":247},"Male population: 20 - 24 years":{"Demographic":null,"2020":176,"% OF TOTAL":6.0,"2024":203,"2029":229},"Male population: 25 - 29 years":{"Demographic":null,"2020":228,"% OF TOTAL":6.3,"2024":239,"2029":239},"Male population: 30 - 34 years":{"Demographic":null,"2020":196,"% OF TOTAL":6.5,"2024":241,"2029":248},"Male population: 35 - 39 years":{"Demographic":null,"2020":164,"% OF TOTAL":6.3,"2024":200,"2029":239},"Male population: 40 - 44 years":{"Demographic":null,"2020":140,"% OF TOTAL":5.1,"2024":170,"2029":195},"Male population: 45 - 49 years":{"Demographic":null,"2020":168,"% OF TOTAL":5.3,"2024":182,"2029":201},"Male population: 50 - 54 years":{"Demographic":null,"2020":174,"% OF TOTAL":5.2,"2024":191,"2029":198},"Male population: 55 - 59 years":{"Demographic":null,"2020":228,"% OF TOTAL":5.8,"2024":223,"2029":223},"Male population: 60 - 64 years":{"Demographic":null,"2020":227,"% OF TOTAL":6.7,"2024":257,"2029":257},"Male population: 65 - 69 years":{"Demographic":null,"2020":214,"% OF TOTAL":7.0,"2024":246,"2029":267},"Male population: 70 - 74 years":{"Demographic":null,"2020":184,"% OF TOTAL":6.5,"2024":212,"2029":248},"Male population: 75 - 79 years":{"Demographic":null,"2020":108,"% OF TOTAL":4.6,"2024":134,"2029":175},"Male population: 80 - 84 years":{"Demographic":null,"2020":75,"% OF TOTAL":3.1,"2024":85,"2029":119},"Male population: 85 years and over":{"Demographic":null,"2020":73,"% OF TOTAL":2.6,"2024":77,"2029":99},"White alone":{"Demographic":null,"2020":2754,"% OF TOTAL":44.6,"2024":3209,"2029":3587},"Black alone":{"Demographic":null,"2020":2992,"% OF TOTAL":41.4,"2024":3189,"2029":3330},"American Indian and Alaska Native alone":{"Demographic":null,"2020":56,"% OF TOTAL":1.0,"2024":71,"2029":79},"Asian alone":{"Demographic":null,"2020":152,"% OF TOTAL":2.4,"2024":179,"2029":197},"Native Hawaiian and OPI alone":{"Demographic":null,"2020":10,"% OF TOTAL":0.1,"2024":11,"2029":12},"Some other race alone":{"Demographic":null,"2020":150,"% OF TOTAL":2.4,"2024":175,"2029":195},"Two or more races alone":{"Demographic":null,"2020":449,"% OF TOTAL":8.0,"2024":573,"2029":641},"Not Hispanic: White alone":{"Demographic":null,"2020":2676,"% OF TOTAL":43.3,"2024":3115,"2029":3482},"Not Hispanic: Black or African American alone":{"Demographic":null,"2020":2980,"% OF TOTAL":41.2,"2024":3175,"2029":3315},"Not Hispanic: American Indian and Alaska Native alone":{"Demographic":null,"2020":43,"% OF TOTAL":0.7,"2024":53,"2029":59},"Not Hispanic: Asian alone":{"Demographic":null,"2020":147,"% OF TOTAL":2.4,"2024":172,"2029":190},"Not Hispanic: Native Hawaiian and OPI alone":{"Demographic":null,"2020":10,"% OF TOTAL":0.1,"2024":11,"2029":12},"Not Hispanic: Some Other Race alone":{"Demographic":null,"2020":19,"% OF TOTAL":0.3,"2024":23,"2029":26},"Not Hispanic: Two or More Races":{"Demographic":null,"2020":303,"% OF TOTAL":5.2,"2024":375,"2029":417},"Hispanic: White alone":{"Demographic":null,"2020":78,"% OF TOTAL":1.3,"2024":94,"2029":105},"Hispanic: Black or African American alone":{"Demographic":null,"2020":12,"% OF TOTAL":0.2,"2024":14,"2029":15},"Hispanic: American Indian and Alaska Native alone":{"Demographic":null,"2020":13,"% OF TOTAL":0.2,"2024":18,"2029":20},"Hispanic: Asian alone":{"Demographic":null,"2020":5,"% OF TOTAL":0.1,"2024":7,"2029":7},"Hispanic: Native Hawaiian and OPI alone":{"Demographic":null,"2020":0,"% OF TOTAL":0.0,"2024":0,"2029":0},"Hispanic: Some Other Race alone":{"Demographic":null,"2020":131,"% OF TOTAL":2.1,"2024":152,"2029":169},"Hispanic: Two or More Races":{"Demographic":null,"2020":146,"% OF TOTAL":2.8,"2024":198,"2029":224},"Educational Attainment: No High School Diploma":{"Demographic":null,"2020":399,"% OF TOTAL":null,"2024":425,"2029":null},"Educational Attainment: High School Diploma":{"Demographic":null,"2020":1686,"% OF TOTAL":null,"2024":1908,"2029":null},"Educational Attainment: Some College":{"Demographic":null,"2020":1178,"% OF TOTAL":null,"2024":1360,"2029":null},"Educational Attainment: Associates Degree":{"Demographic":null,"2020":641,"% OF TOTAL":null,"2024":726,"2029":null},"Educational Attainment: Bachelors Degree":{"Demographic":null,"2020":585,"% OF TOTAL":null,"2024":659,"2029":null},"Educational Attainment: Advanced Degree":{"Demographic":null,"2020":237,"% OF TOTAL":null,"2024":264,"2029":null},"Employment Status: Armed Forces":{"Demographic":null,"2020":14,"% OF TOTAL":null,"2024":15,"2029":null},"Employment Status: Civilian labor force employed":{"Demographic":null,"2020":2644,"% OF TOTAL":null,"2024":3049,"2029":null},"Employment Status: Civilian labor force unemployed":{"Demographic":null,"2020":150,"% OF TOTAL":null,"2024":180,"2029":null},"Employment Status: Not in labor force":{"Demographic":null,"2020":2568,"% OF TOTAL":null,"2024":2870,"2029":null},"Employed in Agriculture and Mining Industries":{"Demographic":null,"2020":0,"% OF TOTAL":null,"2024":0,"2029":null},"Employed in Construction Industries":{"Demographic":null,"2020":299,"% OF TOTAL":null,"2024":345,"2029":null},"Employed in Manufacturing Industries":{"Demographic":null,"2020":159,"% OF TOTAL":null,"2024":182,"2029":null},"Employed in Wholesale Industries":{"Demographic":null,"2020":21,"% OF TOTAL":null,"2024":25,"2029":null},"Employed in Retail Industries":{"Demographic":null,"2020":385,"% OF TOTAL":null,"2024":457,"2029":null},"Employed in Transportation and Utilities Industries":{"Demographic":null,"2020":145,"% OF TOTAL":null,"2024":154,"2029":null},"Employed in Information Industries":{"Demographic":null,"2020":0,"% OF TOTAL":null,"2024":0,"2029":null},"Employed in Real-Estate Industries":{"Demographic":null,"2020":234,"% OF TOTAL":null,"2024":257,"2029":null},"Employed in Professional Industries":{"Demographic":null,"2020":180,"% OF TOTAL":null,"2024":213,"2029":null},"Employed in Health and Education Industries":{"Demographic":null,"2020":555,"% OF TOTAL":null,"2024":635,"2029":null},"Employed in Art Industries":{"Demographic":null,"2020":330,"% OF TOTAL":null,"2024":395,"2029":null},"Employed in Other Industries":{"Demographic":null,"2020":140,"% OF TOTAL":null,"2024":166,"2029":null},"Employed in Public Administration Industries":{"Demographic":null,"2020":196,"% OF TOTAL":null,"2024":220,"2029":null},"Occupation: Management":{"Demographic":null,"2020":190,"% OF TOTAL":null,"2024":210,"2029":null},"Occupation: Business and financial operations":{"Demographic":null,"2020":34,"% OF TOTAL":null,"2024":38,"2029":null},"Occupation: Computer and mathematical":{"Demographic":null,"2020":35,"% OF TOTAL":null,"2024":38,"2029":null},"Occupation: Architecture and engineering":{"Demographic":null,"2020":22,"% OF TOTAL":null,"2024":29,"2029":null},"Occupation: Life, physical, and social science":{"Demographic":null,"2020":60,"% OF TOTAL":null,"2024":57,"2029":null},"Occupation: Community and social service":{"Demographic":null,"2020":23,"% OF TOTAL":null,"2024":28,"2029":null},"Occupation: Legal":{"Demographic":null,"2020":0,"% OF TOTAL":null,"2024":0,"2029":null},"Occupation: Education, training, and library":{"Demographic":null,"2020":39,"% OF TOTAL":null,"2024":38,"2029":null},"Occupation: Arts, design, entertainment, sports, and media":{"Demographic":null,"2020":0,"% OF TOTAL":null,"2024":0,"2029":null},"Occupation: Health diagnosing and treating practitioners":{"Demographic":null,"2020":32,"% OF TOTAL":null,"2024":39,"2029":null},"Occupation: Health technologists and technicians":{"Demographic":null,"2020":71,"% OF TOTAL":null,"2024":76,"2029":null},"Occupation: Healthcare support":{"Demographic":null,"2020":165,"% OF TOTAL":null,"2024":188,"2029":null},"Occupation: Fire fighting and prevention":{"Demographic":null,"2020":9,"% OF TOTAL":null,"2024":12,"2029":null},"Occupation: Law enforcement workers":{"Demographic":null,"2020":38,"% OF TOTAL":null,"2024":39,"2029":null},"Occupation: Food preparation and serving related":{"Demographic":null,"2020":319,"% OF TOTAL":null,"2024":382,"2029":null},"Occupation: Building and grounds cleaning and maintenance":{"Demographic":null,"2020":116,"% OF TOTAL":null,"2024":148,"2029":null},"Occupation: Personal care and service":{"Demographic":null,"2020":88,"% OF TOTAL":null,"2024":104,"2029":null},"Occupation: Sales and related":{"Demographic":null,"2020":189,"% OF TOTAL":null,"2024":225,"2029":null},"Occupation: Office and administrative support":{"Demographic":null,"2020":412,"% OF TOTAL":null,"2024":458,"2029":null},"Occupation: Farming, fishing, and forestry":{"Demographic":null,"2020":0,"% OF TOTAL":null,"2024":0,"2029":null},"Occupation: Construction and extraction":{"Demographic":null,"2020":273,"% OF TOTAL":null,"2024":324,"2029":null},"Occupation: Installation, maintenance, and repair":{"Demographic":null,"2020":131,"% OF TOTAL":null,"2024":163,"2029":null},"Occupation: Production":{"Demographic":null,"2020":146,"% OF TOTAL":null,"2024":152,"2029":null},"Occupation: Transportation":{"Demographic":null,"2020":153,"% OF TOTAL":null,"2024":175,"2029":null},"Occupation: Material moving":{"Demographic":null,"2020":99,"% OF TOTAL":null,"2024":126,"2029":null},"White collar":{"Demographic":null,"2020":1107,"% OF TOTAL":null,"2024":1236,"2029":null},"Blue collar":{"Demographic":null,"2020":1537,"% OF TOTAL":null,"2024":1813,"2029":null},"Means of transportation: Car, truck or van":{"Demographic":null,"2020":2203,"% OF TOTAL":null,"2024":2516,"2029":null},"Means of transportation: Public transportation":{"Demographic":null,"2020":9,"% OF TOTAL":null,"2024":12,"2029":null},"Means of transportation: Other":{"Demographic":null,"2020":35,"% OF TOTAL":null,"2024":45,"2029":null},"Travel time: Average (in minutes)":{"Demographic":null,"2020":20,"% OF TOTAL":null,"2024":20,"2029":null},"Travel time to work: Less than 30 minutes":{"Demographic":null,"2020":1884,"% OF TOTAL":null,"2024":2179,"2029":null},"Travel time to work: 30 to 60 minutes":{"Demographic":null,"2020":321,"% OF TOTAL":null,"2024":344,"2029":null},"Travel time to work: 60 or more minutes":{"Demographic":null,"2020":42,"% OF TOTAL":null,"2024":50,"2029":null}},"demographic_snapshot":{"Total Population":{"Demographic":null,"2020":6563,"% OF TOTAL":null,"2024":7407,"2029":8041},"Households":{"Demographic":null,"2020":2536,"% OF TOTAL":null,"2024":2928,"2029":3239},"Population in Group Quarters":{"Demographic":null,"2020":225,"% OF TOTAL":null,"2024":222,"2029":220},"Households Growth":{"Demographic":null,"2020":null,"% OF TOTAL":null,"2024":15.5,"2029":10.6},"Household Income: Median":{"Demographic":null,"2020":0,"% OF TOTAL":null,"2024":47608,"2029":55000},"Home Value: Median":{"Demographic":null,"2020":115000,"% OF TOTAL":null,"2024":113750,"2029":null},"Population Growth":{"Demographic":null,"2020":null,"% OF TOTAL":null,"2024":12.9,"2029":8.6},"Total Population: Under 19 years":{"Demographic":null,"2020":1486,"% OF TOTAL":21.3,"2024":1668,"2029":1711},"Total Population: 20 - 64 years":{"Demographic":null,"2020":3511,"% OF TOTAL":52.0,"2024":3926,"2029":4184},"Total Population: 65 years and over":{"Demographic":null,"2020":1566,"% OF TOTAL":26.7,"2024":1813,"2029":2146},"Total population: Median age":{"Demographic":null,"2020":45,"% OF TOTAL":null,"2024":45,"2029":46},"Total population: Under 5 years":{"Demographic":null,"2020":339,"% OF TOTAL":4.9,"2024":375,"2029":391},"Total population: 5 - 9 years":{"Demographic":null,"2020":382,"% OF TOTAL":5.4,"2024":434,"2029":431},"Total population: 10 - 14 years":{"Demographic":null,"2020":382,"% OF TOTAL":5.3,"2024":407,"2029":428},"Total population: 15 - 19 years":{"Demographic":null,"2020":383,"% OF TOTAL":5.7,"2024":452,"2029":461},"Total population: 20 - 24 years":{"Demographic":null,"2020":351,"% OF TOTAL":5.5,"2024":397,"2029":444},"Total population: 25 - 29 years":{"Demographic":null,"2020":436,"% OF TOTAL":5.9,"2024":458,"2029":471},"Total population: 30 - 34 years":{"Demographic":null,"2020":381,"% OF TOTAL":6.0,"2024":468,"2029":480},"Total population: 35 - 39 years":{"Demographic":null,"2020":343,"% OF TOTAL":5.9,"2024":407,"2029":478},"Total population: 40 - 44 years":{"Demographic":null,"2020":309,"% OF TOTAL":5.2,"2024":377,"2029":420},"Total population: 45 - 49 years":{"Demographic":null,"2020":331,"% OF TOTAL":5.2,"2024":365,"2029":416},"Total population: 50 - 54 years":{"Demographic":null,"2020":382,"% OF TOTAL":5.3,"2024":421,"2029":428},"Total population: 55 - 59 years":{"Demographic":null,"2020":525,"% OF TOTAL":6.4,"2024":519,"2029":517},"Total population: 60 - 64 years":{"Demographic":null,"2020":453,"% OF TOTAL":6.6,"2024":514,"2029":530},"Total population: 65 - 69 years":{"Demographic":null,"2020":432,"% OF TOTAL":6.7,"2024":503,"2029":542},"Total population: 70 - 74 years":{"Demographic":null,"2020":385,"% OF TOTAL":6.3,"2024":442,"2029":509},"Total population: 75 - 79 years":{"Demographic":null,"2020":281,"% OF TOTAL":5.4,"2024":353,"2029":436},"Total population: 80 - 84 years":{"Demographic":null,"2020":228,"% OF TOTAL":4.3,"2024":266,"2029":347},"Total population: 85 years and over":{"Demographic":null,"2020":240,"% OF TOTAL":3.9,"2024":249,"2029":312},"Householders Age 15-24":{"Demographic":null,"2020":69,"% OF TOTAL":2.9,"2024":83,"2029":95},"Householders Age 25-34":{"Demographic":null,"2020":286,"% OF TOTAL":11.2,"2024":342,"2029":363},"Householders Age 35-44":{"Demographic":null,"2020":361,"% OF TOTAL":15.3,"2024":432,"2029":497},"Householders Age 45-54":{"Demographic":null,"2020":375,"% OF TOTAL":14.1,"2024":428,"2029":458},"Householders Age 55-64":{"Demographic":null,"2020":569,"% OF TOTAL":20.9,"2024":656,"2029":676},"Householders Age 65-74":{"Demographic":null,"2020":439,"% OF TOTAL":16.9,"2024":494,"2029":548},"Householders Age 75+":{"Demographic":null,"2020":437,"% OF TOTAL":18.6,"2024":493,"2029":602},"Household income: Average":{"Demographic":null,"2020":59349,"% OF TOTAL":null,"2024":66242,"2029":80180},"Household income: Less than 25k":{"Demographic":null,"2020":626,"% OF TOTAL":18.2,"2024":677,"2029":589},"Household income: 25k - 50k":{"Demographic":null,"2020":761,"% OF TOTAL":22.5,"2024":788,"2029":730},"Household income: 50k - 75k":{"Demographic":null,"2020":512,"% OF TOTAL":20.7,"2024":567,"2029":672},"Household income: 75k - 100k":{"Demographic":null,"2020":244,"% OF TOTAL":9.8,"2024":300,"2029":318},"Household income: 100k - 125k":{"Demographic":null,"2020":199,"% OF TOTAL":12.3,"2024":297,"2029":400},"Household income: 125k - 150k":{"Demographic":null,"2020":118,"% OF TOTAL":6.9,"2024":156,"2029":223},"Household income: 150k - 200k":{"Demographic":null,"2020":27,"% OF TOTAL":3.0,"2024":61,"2029":98},"Household income: Above 200k":{"Demographic":null,"2020":49,"% OF TOTAL":6.5,"2024":82,"2029":209},"White Alone":{"Demographic":null,"2020":2754,"% OF TOTAL":44.6,"2024":3209,"2029":3587},"Black or African American Alone":{"Demographic":null,"2020":2992,"% OF TOTAL":41.4,"2024":3189,"2029":3330},"American Indian and Alaska Native Alone":{"Demographic":null,"2020":56,"% OF TOTAL":1.0,"2024":71,"2029":79},"Asian Alone":{"Demographic":null,"2020":152,"% OF TOTAL":2.4,"2024":179,"2029":197},"Native Hawaiian and OPI Alone":{"Demographic":null,"2020":10,"% OF TOTAL":0.1,"2024":11,"2029":12},"Some Other Race Alone":{"Demographic":null,"2020":150,"% OF TOTAL":2.4,"2024":175,"2029":195},"Two or More Races Alone":{"Demographic":null,"2020":449,"% OF TOTAL":8.0,"2024":573,"2029":641},"Not Hispanic or Latino":{"Demographic":null,"2020":6178,"% OF TOTAL":93.3,"2024":6924,"2029":7501},"Hispanic or Latino":{"Demographic":null,"2020":385,"% OF TOTAL":6.7,"2024":483,"2029":540},"Total Housing Units":{"Demographic":null,"2020":2995,"% OF TOTAL":null,"2024":null,"2029":null},"Owner Occupied Housing Units":{"Demographic":null,"2020":1831,"% OF TOTAL":null,"2024":2088,"2029":null},"Renter Occupied Housing Units":{"Demographic":null,"2020":705,"% OF TOTAL":null,"2024":840,"2029":null},"Housing Units Value Less Than 100k":{"Demographic":null,"2020":850,"% OF TOTAL":null,"2024":958,"2029":null},"Housing Units Value 100k - 200k":{"Demographic":null,"2020":493,"% OF TOTAL":null,"2024":557,"2029":null},"Housing Units Value 200k - 250k":{"Demographic":null,"2020":242,"% OF TOTAL":null,"2024":280,"2029":null},"Housing Units Value 250k - 300k":{"Demographic":null,"2020":69,"% OF TOTAL":null,"2024":84,"2029":null},"Housing Units Value 300k - 400k":{"Demographic":null,"2020":79,"% OF TOTAL":null,"2024":94,"2029":null},"Housing Units Value 400k - 500k":{"Demographic":null,"2020":0,"% OF TOTAL":null,"2024":0,"2029":null},"Housing Units Value 500k - 750k":{"Demographic":null,"2020":17,"% OF TOTAL":null,"2024":19,"2029":null},"Housing Units Value 750k - 1m":{"Demographic":null,"2020":36,"% OF TOTAL":null,"2024":41,"2029":null},"Housing Units Value 1m - 1.5m":{"Demographic":null,"2020":19,"% OF TOTAL":null,"2024":21,"2029":null},"Housing Units Value 1.5m - 2m":{"Demographic":null,"2020":0,"% OF TOTAL":null,"2024":0,"2029":null},"Housing Units Value >2m":{"Demographic":null,"2020":26,"% OF TOTAL":null,"2024":34,"2029":null},"Take Car or Truck to Work":{"Demographic":null,"2020":2203,"% OF TOTAL":null,"2024":2516,"2029":null},"Take Public Transportation to Work":{"Demographic":null,"2020":9,"% OF TOTAL":null,"2024":12,"2029":null},"Take Other Means of Transportation to Work":{"Demographic":null,"2020":35,"% OF TOTAL":null,"2024":45,"2029":null},"Average Travel Time (min)":{"Demographic":null,"2020":21,"% OF TOTAL":null,"2024":21,"2029":null},"Travel Below 30 Min to Work":{"Demographic":null,"2020":1884,"% OF TOTAL":null,"2024":2179,"2029":null},"Travel 30-60 Min to Work":{"Demographic":null,"2020":321,"% OF TOTAL":null,"2024":344,"2029":null},"Travel Above 60 Min to Work":{"Demographic":null,"2020":146,"% OF TOTAL":null,"2024":50,"2029":null},"Educational Attainment: No High School Diploma":{"Demographic":null,"2020":2085,"% OF TOTAL":null,"2024":2333,"2029":null},"Educational Attainment: High School Diploma":{"Demographic":null,"2020":1686,"% OF TOTAL":null,"2024":1908,"2029":null},"Educational Attainment: Some College":{"Demographic":null,"2020":2404,"% OF TOTAL":null,"2024":2745,"2029":null},"Educational Attainment: Associate's Degree":{"Demographic":null,"2020":641,"% OF TOTAL":null,"2024":726,"2029":null},"Educational Attainment: Bachelors Degree":{"Demographic":null,"2020":585,"% OF TOTAL":null,"2024":659,"2029":null},"Educational Attainment: Advanced Degree":{"Demographic":null,"2020":237,"% OF TOTAL":null,"2024":264,"2029":null},"Households: Number of vehicles available - Average":{"Demographic":null,"2020":1,"% OF TOTAL":null,"2024":1,"2029":null},"Households: No Vehicle available":{"Demographic":null,"2020":129,"% OF TOTAL":null,"2024":157,"2029":null},"Households: 1 Vehicle available":{"Demographic":null,"2020":1245,"% OF TOTAL":null,"2024":1455,"2029":null},"Households: 2 Vehicles available":{"Demographic":null,"2020":885,"% OF TOTAL":null,"2024":1003,"2029":null},"Households: 3 Vehicles available":{"Demographic":null,"2020":217,"% OF TOTAL":null,"2024":247,"2029":null},"Households: 4 or more Vehicles available":{"Demographic":null,"2020":60,"% OF TOTAL":null,"2024":66,"2029":null}},"household_trends":{"Households":{"Demographic":null,"2020":2536,"% OF TOTAL":null,"2024":2928,"2029":3239},"Households Growth":{"Demographic":null,"2020":null,"% OF TOTAL":null,"2024":15.5,"2029":10.6},"Householder Age 15-24":{"Demographic":null,"2020":69,"% OF TOTAL":2.9,"2024":83,"2029":95},"Householder Age 25-34":{"Demographic":null,"2020":286,"% OF TOTAL":11.2,"2024":342,"2029":363},"Householder Age 35-44":{"Demographic":null,"2020":361,"% OF TOTAL":15.3,"2024":432,"2029":497},"Householder Age 45-54":{"Demographic":null,"2020":375,"% OF TOTAL":14.1,"2024":428,"2029":458},"Householder Age 55-64":{"Demographic":null,"2020":569,"% OF TOTAL":20.9,"2024":656,"2029":676},"Householder Age 65-74":{"Demographic":null,"2020":439,"% OF TOTAL":16.9,"2024":494,"2029":548},"Householder Age 75+":{"Demographic":null,"2020":437,"% OF TOTAL":18.6,"2024":493,"2029":602},"Average Household Size":{"Demographic":null,"2020":2.5,"% OF TOTAL":null,"2024":2.5,"2029":2.4},"1 Person Households":{"Demographic":null,"2020":798,"% OF TOTAL":31.0,"2024":891,"2029":1005},"2 Person Households":{"Demographic":null,"2020":820,"% OF TOTAL":31.5,"2024":902,"2029":1019},"3 Person Households":{"Demographic":null,"2020":425,"% OF TOTAL":16.5,"2024":470,"2029":533},"4 Person Households":{"Demographic":null,"2020":287,"% OF TOTAL":12.3,"2024":385,"2029":397},"5 Person Households":{"Demographic":null,"2020":127,"% OF TOTAL":5.6,"2024":174,"2029":180},"6 Person Households":{"Demographic":null,"2020":47,"% OF TOTAL":2.0,"2024":66,"2029":65},"7+ Person Households":{"Demographic":null,"2020":32,"% OF TOTAL":1.2,"2024":40,"2029":40},"Household Type: Family":{"Demographic":null,"2020":1590,"% OF TOTAL":null,"2024":1825,"2029":null},"Household Type: Married Family":{"Demographic":null,"2020":980,"% OF TOTAL":null,"2024":1121,"2029":null},"Household Type: Married Family With Children":{"Demographic":null,"2020":251,"% OF TOTAL":null,"2024":291,"2029":null},"Household Type: Married Family Without Children":{"Demographic":null,"2020":729,"% OF TOTAL":null,"2024":830,"2029":null},"Household Type: Other Family":{"Demographic":null,"2020":610,"% OF TOTAL":null,"2024":704,"2029":null},"Household Type: Male Households, No Wife":{"Demographic":null,"2020":141,"% OF TOTAL":null,"2024":165,"2029":null},"Household Type: Male Households, No Wife With Children":{"Demographic":null,"2020":56,"% OF TOTAL":null,"2024":66,"2029":null},"Household Type: Male Households, No Wife Without Children":{"Demographic":null,"2020":85,"% OF TOTAL":null,"2024":99,"2029":null},"Household Type: Female Households, No Husband":{"Demographic":null,"2020":469,"% OF TOTAL":null,"2024":539,"2029":null},"Household Type: Female Households, No Husband With Children":{"Demographic":null,"2020":176,"% OF TOTAL":null,"2024":209,"2029":null},"Household Type: Female Households, No Husband Without Children":{"Demographic":null,"2020":293,"% OF TOTAL":null,"2024":330,"2029":null},"Household Income: Average":{"Demographic":null,"2020":59349,"% OF TOTAL":null,"2024":66242,"2029":80180},"Household Income: Median":{"Demographic":null,"2020":0,"% OF TOTAL":null,"2024":47608,"2029":55000},"Household Income: Less than $25k":{"Demographic":null,"2020":626,"% OF TOTAL":18.2,"2024":677,"2029":589},"Household Income: $25k - $50k":{"Demographic":null,"2020":761,"% OF TOTAL":22.5,"2024":788,"2029":730},"Household Income: $50k - $75k":{"Demographic":null,"2020":512,"% OF TOTAL":20.7,"2024":567,"2029":672},"Household Income: $75k - $100k":{"Demographic":null,"2020":244,"% OF TOTAL":9.8,"2024":300,"2029":318},"Household Income: $100k - $125k":{"Demographic":null,"2020":199,"% OF TOTAL":12.3,"2024":297,"2029":400},"Household Income: $125k - $150k":{"Demographic":null,"2020":118,"% OF TOTAL":6.9,"2024":156,"2029":223},"Household Income: $150k - $200k":{"Demographic":null,"2020":27,"% OF TOTAL":3.0,"2024":61,"2029":98},"Household Income: Above $200k":{"Demographic":null,"2020":49,"% OF TOTAL":6.5,"2024":82,"2029":209},"Total Housing Units":{"Demographic":null,"2020":2995,"% OF TOTAL":null,"2024":null,"2029":null},"Owner Occupied Housing Units":{"Demographic":null,"2020":1831,"% OF TOTAL":null,"2024":2088,"2029":null},"Renter Occupied Housing Units":{"Demographic":null,"2020":705,"% OF TOTAL":null,"2024":840,"2029":null},"Vacant Housing Units":{"Demographic":null,"2020":459,"% OF TOTAL":null,"2024":null,"2029":null},"Vacant Housing Units: Seasonal":{"Demographic":null,"2020":23,"% OF TOTAL":null,"2024":null,"2029":null},"Vacant Housing Units: Other Usage":{"Demographic":null,"2020":436,"% OF TOTAL":null,"2024":null,"2029":null},"Average Housing Unit Value":{"Demographic":null,"2020":206586,"% OF TOTAL":null,"2024":206388,"2029":null},"Median Housing Unit Value":{"Demographic":null,"2020":115000,"% OF TOTAL":null,"2024":113750,"2029":null},"Housing Unit Value Less Than $100k":{"Demographic":null,"2020":850,"% OF TOTAL":null,"2024":958,"2029":null},"Housing Unit Value $100k-$200k":{"Demographic":null,"2020":493,"% OF TOTAL":null,"2024":557,"2029":null},"Housing Unit Value $200k-$250k":{"Demographic":null,"2020":242,"% OF TOTAL":null,"2024":280,"2029":null},"Housing Unit Value $250k-$300k":{"Demographic":null,"2020":69,"% OF TOTAL":null,"2024":84,"2029":null},"Housing Unit Value $300k-$400k":{"Demographic":null,"2020":79,"% OF TOTAL":null,"2024":94,"2029":null},"Housing Unit Value $400k-$500k":{"Demographic":null,"2020":0,"% OF TOTAL":null,"2024":0,"2029":null},"Housing Unit Value $500k-$750k":{"Demographic":null,"2020":17,"% OF TOTAL":null,"2024":19,"2029":null},"Housing Unit Value $750k-$1m":{"Demographic":null,"2020":36,"% OF TOTAL":null,"2024":41,"2029":null},"Housing Unit Value $1m-$1.5m":{"Demographic":null,"2020":19,"% OF TOTAL":null,"2024":21,"2029":null},"Housing Unit Value $1.5m-$2m":{"Demographic":null,"2020":0,"% OF TOTAL":null,"2024":0,"2029":null},"Housing Unit Value Above $2m":{"Demographic":null,"2020":26,"% OF TOTAL":null,"2024":34,"2029":null},"Median Housing Unit Year Built":{"Demographic":null,"2020":1982,"% OF TOTAL":null,"2024":1982,"2029":null},"Housing Units Built 2014 Or After":{"Demographic":null,"2020":0,"% OF TOTAL":null,"2024":0,"2029":null},"Housing Units Built 2010-2013":{"Demographic":null,"2020":337,"% OF TOTAL":null,"2024":420,"2029":null},"Housing Units Built 2000-2009":{"Demographic":null,"2020":424,"% OF TOTAL":null,"2024":463,"2029":null},"Housing Units Built 1990-1999":{"Demographic":null,"2020":314,"% OF TOTAL":null,"2024":381,"2029":null},"Housing Units Built 1980-1989":{"Demographic":null,"2020":466,"% OF TOTAL":null,"2024":556,"2029":null},"Housing Units Built 1970-1979":{"Demographic":null,"2020":492,"% OF TOTAL":null,"2024":532,"2029":null},"Housing Units Built 1960-1969":{"Demographic":null,"2020":219,"% OF TOTAL":null,"2024":242,"2029":null},"Housing Units Built 1950-1959":{"Demographic":null,"2020":152,"% OF TOTAL":null,"2024":175,"2029":null},"Housing Units Built 1940-1949":{"Demographic":null,"2020":90,"% OF TOTAL":null,"2024":110,"2029":null},"Housing Units Built Before 1940":{"Demographic":null,"2020":42,"% OF TOTAL":null,"2024":49,"2029":null}}},"geometry":{"type":"Polygon","coordinates":[[[-87.30553913838654,30.504562663604222],[-87.30553913838654,30.5314627160063],[-87.27194858438408,30.5314627160063],[-87.27194858438408,30.505172540010545],[-87.30553913838654,30.504562663604222]]]}},{"type":"Feature","properties":{"block":"044","block_num":44,"submarket":"Cantonment","CentroidLon":-87.41270917713166,"CentroidLat":30.51799860510292,"data_status":"no data","is_anomalous":false,"anomaly_reason":null,"files_present":""},"geometry":{"type":"Polygon","coordinates":[[[-87.41643140292183,30.502549282825242],[-87.42142363932909,30.5314627160063],[-87.40631080039391,30.5314627160063],[-87.40631080039391,30.50273303438525],[-87.41643140292183,30.502549282825242]]]}},{"type":"Feature","properties":{"block":"045","block_num":45,"submarket":"Cantonment","CentroidLon":-87.32239716761909,"CentroidLat":30.51785965103303,"data_status":"usable","is_anomalous":false,"anomaly_reason":null,"files_present":"ConsumerSegmentation-26.08.10.csv;DemographicSnapshot-26.08.10.csv;HouseholdIncomeByAge-26.08.10.csv;HouseholdTrends-26.08.10.csv;PopulationTrends-26.08.10.csv","population_2024":4798,"population_2029":4872,"households_2024":2147,"households_2029":2225,"median_household_income_2024":67433,"median_household_income_2029":80790,"mean_household_income_2024":null,"mean_household_income_2029":null,"median_age_2024":45,"median_age_2029":47,"median_home_value_2024":180500,"average_household_size_2024":2.4,"average_household_size_2029":2.3,"population_growth_2024_2029":-0.6,"households_growth_2024_2029":1.3,"consumer_segments":{"Active Adult Feature and Location":{"households":404,"pct":18.7},"Entry Level Suburban":{"households":392,"pct":18.1},"Renters Near Term Buyers":{"households":228,"pct":10.5},"Elite":{"households":212,"pct":9.8},"Renters":{"households":182,"pct":8.4},"Family Life Young Children":{"households":138,"pct":6.4},"Active Adult Elite":{"households":120,"pct":5.5},"Active Adult Entry Level":{"households":107,"pct":4.9},"Family Life School Age Children":{"households":90,"pct":4.2},"Simple Life Affluent No Children":{"households":87,"pct":4.0},"Simple Life Moderate Income With Children":{"households":67,"pct":3.1},"Simple Life Moderate Income No Children":{"households":54,"pct":2.5},"Entry Level Urban":{"households":50,"pct":2.3},"Feature and Location":{"households":33,"pct":1.5}},"income_age":{"2020":{},"2024":{},"2029":{}},"population_trends":{"Total Population":{"Demographic":null,"2020":4826,"% OF TOTAL":null,"2024":4798,"2029":4872},"Population Growth":{"Demographic":null,"2020":null,"% OF TOTAL":null,"2024":-0.6,"2029":1.5},"Female Population":{"Demographic":null,"2020":2479,"% OF TOTAL":51.5,"2024":2469,"2029":2508},"Male Population":{"Demographic":null,"2020":2347,"% OF TOTAL":48.5,"2024":2329,"2029":2364},"Total population: Median Age":{"Demographic":null,"2020":46,"% OF TOTAL":null,"2024":45,"2029":47},"Total population: Under 5 years":{"Demographic":null,"2020":237,"% OF TOTAL":4.7,"2024":229,"2029":228},"Total population: 5 - 9 years":{"Demographic":null,"2020":232,"% OF TOTAL":4.5,"2024":232,"2029":218},"Total population: 10 - 14 years":{"Demographic":null,"2020":228,"% OF TOTAL":4.3,"2024":217,"2029":211},"Total population: 15 - 19 years":{"Demographic":null,"2020":215,"% OF TOTAL":4.4,"2024":218,"2029":214},"Total population: 20 - 24 years":{"Demographic":null,"2020":329,"% OF TOTAL":6.2,"2024":322,"2029":302},"Total population: 25 - 29 years":{"Demographic":null,"2020":396,"% OF TOTAL":7.6,"2024":378,"2029":368},"Total population: 30 - 34 years":{"Demographic":null,"2020":324,"% OF TOTAL":7.0,"2024":334,"2029":340},"Total population: 35 - 39 years":{"Demographic":null,"2020":257,"% OF TOTAL":6.0,"2024":266,"2029":293},"Total population: 40 - 44 years":{"Demographic":null,"2020":259,"% OF TOTAL":5.6,"2024":278,"2029":271},"Total population: 45 - 49 years":{"Demographic":null,"2020":293,"% OF TOTAL":5.9,"2024":278,"2029":289},"Total population: 50 - 54 years":{"Demographic":null,"2020":337,"% OF TOTAL":6.6,"2024":337,"2029":320},"Total population: 55 - 59 years":{"Demographic":null,"2020":364,"% OF TOTAL":6.4,"2024":314,"2029":314},"Total population: 60 - 64 years":{"Demographic":null,"2020":345,"% OF TOTAL":6.6,"2024":347,"2029":322},"Total population: 65 - 69 years":{"Demographic":null,"2020":323,"% OF TOTAL":7.0,"2024":336,"2029":340},"Total population: 70 - 74 years":{"Demographic":null,"2020":276,"% OF TOTAL":6.2,"2024":270,"2029":300},"Total population: 75 - 79 years":{"Demographic":null,"2020":195,"% OF TOTAL":5.1,"2024":222,"2029":249},"Total population: 80 - 84 years":{"Demographic":null,"2020":138,"% OF TOTAL":3.8,"2024":144,"2029":183},"Total population: 85 years and over":{"Demographic":null,"2020":78,"% OF TOTAL":2.3,"2024":76,"2029":110},"Female population: Median Age":{"Demographic":null,"2020":47,"% OF TOTAL":null,"2024":47,"2029":48},"Female population: Under 5 years":{"Demographic":null,"2020":130,"% OF TOTAL":4.9,"2024":126,"2029":122},"Female population: 5 - 9 years":{"Demographic":null,"2020":116,"% OF TOTAL":4.5,"2024":117,"2029":112},"Female population: 10 - 14 years":{"Demographic":null,"2020":112,"% OF TOTAL":4.1,"2024":106,"2029":104},"Female population: 15 - 19 years":{"Demographic":null,"2020":114,"% OF TOTAL":4.4,"2024":116,"2029":110},"Female population: 20 - 24 years":{"Demographic":null,"2020":166,"% OF TOTAL":6.2,"2024":164,"2029":155},"Female population: 25 - 29 years":{"Demographic":null,"2020":206,"% OF TOTAL":7.9,"2024":202,"2029":198},"Female population: 30 - 34 years":{"Demographic":null,"2020":148,"% OF TOTAL":6.5,"2024":151,"2029":163},"Female population: 35 - 39 years":{"Demographic":null,"2020":123,"% OF TOTAL":5.5,"2024":127,"2029":137},"Female population: 40 - 44 years":{"Demographic":null,"2020":130,"% OF TOTAL":5.4,"2024":137,"2029":135},"Female population: 45 - 49 years":{"Demographic":null,"2020":145,"% OF TOTAL":5.9,"2024":141,"2029":147},"Female population: 50 - 54 years":{"Demographic":null,"2020":180,"% OF TOTAL":6.7,"2024":178,"2029":168},"Female population: 55 - 59 years":{"Demographic":null,"2020":199,"% OF TOTAL":6.9,"2024":176,"2029":173},"Female population: 60 - 64 years":{"Demographic":null,"2020":178,"% OF TOTAL":6.7,"2024":180,"2029":169},"Female population: 65 - 69 years":{"Demographic":null,"2020":173,"% OF TOTAL":7.1,"2024":176,"2029":178},"Female population: 70 - 74 years":{"Demographic":null,"2020":152,"% OF TOTAL":6.5,"2024":150,"2029":163},"Female population: 75 - 79 years":{"Demographic":null,"2020":104,"% OF TOTAL":5.3,"2024":118,"2029":133},"Female population: 80 - 84 years":{"Demographic":null,"2020":56,"% OF TOTAL":3.4,"2024":59,"2029":85},"Female population: 85 years and over":{"Demographic":null,"2020":47,"% OF TOTAL":2.2,"2024":45,"2029":56},"Male population: Median Age":{"Demographic":null,"2020":44,"% OF TOTAL":null,"2024":44,"2029":46},"Male population: Under 5 years":{"Demographic":null,"2020":107,"% OF TOTAL":4.5,"2024":103,"2029":106},"Male population: 5 - 9 years":{"Demographic":null,"2020":116,"% OF TOTAL":4.5,"2024":115,"2029":106},"Male population: 10 - 14 years":{"Demographic":null,"2020":116,"% OF TOTAL":4.5,"2024":111,"2029":107},"Male population: 15 - 19 years":{"Demographic":null,"2020":101,"% OF TOTAL":4.4,"2024":102,"2029":104},"Male population: 20 - 24 years":{"Demographic":null,"2020":163,"% OF TOTAL":6.2,"2024":158,"2029":147},"Male population: 25 - 29 years":{"Demographic":null,"2020":190,"% OF TOTAL":7.2,"2024":176,"2029":170},"Male population: 30 - 34 years":{"Demographic":null,"2020":176,"% OF TOTAL":7.5,"2024":183,"2029":177},"Male population: 35 - 39 years":{"Demographic":null,"2020":134,"% OF TOTAL":6.6,"2024":139,"2029":156},"Male population: 40 - 44 years":{"Demographic":null,"2020":129,"% OF TOTAL":5.8,"2024":141,"2029":136},"Male population: 45 - 49 years":{"Demographic":null,"2020":148,"% OF TOTAL":6.0,"2024":137,"2029":142},"Male population: 50 - 54 years":{"Demographic":null,"2020":157,"% OF TOTAL":6.4,"2024":159,"2029":152},"Male population: 55 - 59 years":{"Demographic":null,"2020":165,"% OF TOTAL":6.0,"2024":138,"2029":141},"Male population: 60 - 64 years":{"Demographic":null,"2020":167,"% OF TOTAL":6.5,"2024":167,"2029":153},"Male population: 65 - 69 years":{"Demographic":null,"2020":150,"% OF TOTAL":6.9,"2024":160,"2029":162},"Male population: 70 - 74 years":{"Demographic":null,"2020":124,"% OF TOTAL":5.8,"2024":120,"2029":137},"Male population: 75 - 79 years":{"Demographic":null,"2020":91,"% OF TOTAL":4.9,"2024":104,"2029":116},"Male population: 80 - 84 years":{"Demographic":null,"2020":82,"% OF TOTAL":4.1,"2024":85,"2029":98},"Male population: 85 years and over":{"Demographic":null,"2020":31,"% OF TOTAL":2.3,"2024":31,"2029":54},"White alone":{"Demographic":null,"2020":3592,"% OF TOTAL":73.8,"2024":3541,"2029":3595},"Black alone":{"Demographic":null,"2020":548,"% OF TOTAL":11.1,"2024":531,"2029":541},"American Indian and Alaska Native alone":{"Demographic":null,"2020":84,"% OF TOTAL":1.8,"2024":86,"2029":87},"Asian alone":{"Demographic":null,"2020":123,"% OF TOTAL":2.6,"2024":127,"2029":129},"Native Hawaiian and OPI alone":{"Demographic":null,"2020":5,"% OF TOTAL":0.1,"2024":5,"2029":5},"Some other race alone":{"Demographic":null,"2020":80,"% OF TOTAL":1.6,"2024":79,"2029":80},"Two or more races alone":{"Demographic":null,"2020":394,"% OF TOTAL":8.9,"2024":429,"2029":435},"Not Hispanic: White alone":{"Demographic":null,"2020":3523,"% OF TOTAL":72.2,"2024":3467,"2029":3518},"Not Hispanic: Black or African American alone":{"Demographic":null,"2020":538,"% OF TOTAL":10.9,"2024":521,"2029":531},"Not Hispanic: American Indian and Alaska Native alone":{"Demographic":null,"2020":78,"% OF TOTAL":1.6,"2024":78,"2029":79},"Not Hispanic: Asian alone":{"Demographic":null,"2020":123,"% OF TOTAL":2.6,"2024":127,"2029":129},"Not Hispanic: Native Hawaiian and OPI alone":{"Demographic":null,"2020":5,"% OF TOTAL":0.1,"2024":5,"2029":5},"Not Hispanic: Some Other Race alone":{"Demographic":null,"2020":31,"% OF TOTAL":0.7,"2024":31,"2029":32},"Not Hispanic: Two or More Races":{"Demographic":null,"2020":270,"% OF TOTAL":5.9,"2024":286,"2029":289},"Hispanic: White alone":{"Demographic":null,"2020":69,"% OF TOTAL":1.6,"2024":74,"2029":77},"Hispanic: Black or African American alone":{"Demographic":null,"2020":10,"% OF TOTAL":0.2,"2024":10,"2029":10},"Hispanic: American Indian and Alaska Native alone":{"Demographic":null,"2020":6,"% OF TOTAL":0.2,"2024":8,"2029":8},"Hispanic: Asian alone":{"Demographic":null,"2020":0,"% OF TOTAL":0.0,"2024":0,"2029":0},"Hispanic: Native Hawaiian and OPI alone":{"Demographic":null,"2020":0,"% OF TOTAL":0.0,"2024":0,"2029":0},"Hispanic: Some Other Race alone":{"Demographic":null,"2020":49,"% OF TOTAL":1.0,"2024":48,"2029":48},"Hispanic: Two or More Races":{"Demographic":null,"2020":124,"% OF TOTAL":3.0,"2024":143,"2029":146},"Educational Attainment: No High School Diploma":{"Demographic":null,"2020":196,"% OF TOTAL":null,"2024":190,"2029":null},"Educational Attainment: High School Diploma":{"Demographic":null,"2020":1089,"% OF TOTAL":null,"2024":1085,"2029":null},"Educational Attainment: Some College":{"Demographic":null,"2020":849,"% OF TOTAL":null,"2024":854,"2029":null},"Educational Attainment: Associates Degree":{"Demographic":null,"2020":386,"% OF TOTAL":null,"2024":385,"2029":null},"Educational Attainment: Bachelors Degree":{"Demographic":null,"2020":811,"% OF TOTAL":null,"2024":813,"2029":null},"Educational Attainment: Advanced Degree":{"Demographic":null,"2020":254,"% OF TOTAL":null,"2024":253,"2029":null},"Employment Status: Armed Forces":{"Demographic":null,"2020":133,"% OF TOTAL":null,"2024":133,"2029":null},"Employment Status: Civilian labor force employed":{"Demographic":null,"2020":2141,"% OF TOTAL":null,"2024":2119,"2029":null},"Employment Status: Civilian labor force unemployed":{"Demographic":null,"2020":268,"% OF TOTAL":null,"2024":270,"2029":null},"Employment Status: Not in labor force":{"Demographic":null,"2020":1545,"% OF TOTAL":null,"2024":1541,"2029":null},"Employed in Agriculture and Mining Industries":{"Demographic":null,"2020":12,"% OF TOTAL":null,"2024":12,"2029":null},"Employed in Construction Industries":{"Demographic":null,"2020":267,"% OF TOTAL":null,"2024":261,"2029":null},"Employed in Manufacturing Industries":{"Demographic":null,"2020":109,"% OF TOTAL":null,"2024":109,"2029":null},"Employed in Wholesale Industries":{"Demographic":null,"2020":139,"% OF TOTAL":null,"2024":139,"2029":null},"Employed in Retail Industries":{"Demographic":null,"2020":248,"% OF TOTAL":null,"2024":244,"2029":null},"Employed in Transportation and Utilities Industries":{"Demographic":null,"2020":76,"% OF TOTAL":null,"2024":75,"2029":null},"Employed in Information Industries":{"Demographic":null,"2020":24,"% OF TOTAL":null,"2024":24,"2029":null},"Employed in Real-Estate Industries":{"Demographic":null,"2020":317,"% OF TOTAL":null,"2024":316,"2029":null},"Employed in Professional Industries":{"Demographic":null,"2020":237,"% OF TOTAL":null,"2024":236,"2029":null},"Employed in Health and Education Industries":{"Demographic":null,"2020":491,"% OF TOTAL":null,"2024":491,"2029":null},"Employed in Art Industries":{"Demographic":null,"2020":93,"% OF TOTAL":null,"2024":87,"2029":null},"Employed in Other Industries":{"Demographic":null,"2020":82,"% OF TOTAL":null,"2024":78,"2029":null},"Employed in Public Administration Industries":{"Demographic":null,"2020":46,"% OF TOTAL":null,"2024":47,"2029":null},"Occupation: Management":{"Demographic":null,"2020":179,"% OF TOTAL":null,"2024":175,"2029":null},"Occupation: Business and financial operations":{"Demographic":null,"2020":128,"% OF TOTAL":null,"2024":127,"2029":null},"Occupation: Computer and mathematical":{"Demographic":null,"2020":54,"% OF TOTAL":null,"2024":55,"2029":null},"Occupation: Architecture and engineering":{"Demographic":null,"2020":39,"% OF TOTAL":null,"2024":38,"2029":null},"Occupation: Life, physical, and social science":{"Demographic":null,"2020":30,"% OF TOTAL":null,"2024":31,"2029":null},"Occupation: Community and social service":{"Demographic":null,"2020":0,"% OF TOTAL":null,"2024":0,"2029":null},"Occupation: Legal":{"Demographic":null,"2020":61,"% OF TOTAL":null,"2024":60,"2029":null},"Occupation: Education, training, and library":{"Demographic":null,"2020":233,"% OF TOTAL":null,"2024":233,"2029":null},"Occupation: Arts, design, entertainment, sports, and media":{"Demographic":null,"2020":30,"% OF TOTAL":null,"2024":30,"2029":null},"Occupation: Health diagnosing and treating practitioners":{"Demographic":null,"2020":42,"% OF TOTAL":null,"2024":43,"2029":null},"Occupation: Health technologists and technicians":{"Demographic":null,"2020":50,"% OF TOTAL":null,"2024":51,"2029":null},"Occupation: Healthcare support":{"Demographic":null,"2020":8,"% OF TOTAL":null,"2024":7,"2029":null},"Occupation: Fire fighting and prevention":{"Demographic":null,"2020":75,"% OF TOTAL":null,"2024":76,"2029":null},"Occupation: Law enforcement workers":{"Demographic":null,"2020":10,"% OF TOTAL":null,"2024":10,"2029":null},"Occupation: Food preparation and serving related":{"Demographic":null,"2020":62,"% OF TOTAL":null,"2024":59,"2029":null},"Occupation: Building and grounds cleaning and maintenance":{"Demographic":null,"2020":35,"% OF TOTAL":null,"2024":36,"2029":null},"Occupation: Personal care and service":{"Demographic":null,"2020":49,"% OF TOTAL":null,"2024":46,"2029":null},"Occupation: Sales and related":{"Demographic":null,"2020":237,"% OF TOTAL":null,"2024":234,"2029":null},"Occupation: Office and administrative support":{"Demographic":null,"2020":336,"% OF TOTAL":null,"2024":338,"2029":null},"Occupation: Farming, fishing, and forestry":{"Demographic":null,"2020":12,"% OF TOTAL":null,"2024":12,"2029":null},"Occupation: Construction and extraction":{"Demographic":null,"2020":184,"% OF TOTAL":null,"2024":178,"2029":null},"Occupation: Installation, maintenance, and repair":{"Demographic":null,"2020":96,"% OF TOTAL":null,"2024":92,"2029":null},"Occupation: Production":{"Demographic":null,"2020":50,"% OF TOTAL":null,"2024":49,"2029":null},"Occupation: Transportation":{"Demographic":null,"2020":46,"% OF TOTAL":null,"2024":45,"2029":null},"Occupation: Material moving":{"Demographic":null,"2020":95,"% OF TOTAL":null,"2024":94,"2029":null},"White collar":{"Demographic":null,"2020":1419,"% OF TOTAL":null,"2024":1415,"2029":null},"Blue collar":{"Demographic":null,"2020":722,"% OF TOTAL":null,"2024":704,"2029":null},"Means of transportation: Car, truck or van":{"Demographic":null,"2020":1956,"% OF TOTAL":null,"2024":1936,"2029":null},"Means of transportation: Public transportation":{"Demographic":null,"2020":0,"% OF TOTAL":null,"2024":0,"2029":null},"Means of transportation: Other":{"Demographic":null,"2020":23,"% OF TOTAL":null,"2024":22,"2029":null},"Travel time: Average (in minutes)":{"Demographic":null,"2020":26,"% OF TOTAL":null,"2024":26,"2029":null},"Travel time to work: Less than 30 minutes":{"Demographic":null,"2020":1431,"% OF TOTAL":null,"2024":1413,"2029":null},"Travel time to work: 30 to 60 minutes":{"Demographic":null,"2020":397,"% OF TOTAL":null,"2024":394,"2029":null},"Travel time to work: 60 or more minutes":{"Demographic":null,"2020":151,"% OF TOTAL":null,"2024":151,"2029":null}},"demographic_snapshot":{"Total Population":{"Demographic":null,"2020":4826,"% OF TOTAL":null,"2024":4798,"2029":4872},"Households":{"Demographic":null,"2020":2120,"% OF TOTAL":null,"2024":2147,"2029":2225},"Population in Group Quarters":{"Demographic":null,"2020":0,"% OF TOTAL":null,"2024":0,"2029":0},"Households Growth":{"Demographic":null,"2020":null,"% OF TOTAL":null,"2024":1.3,"2029":3.6},"Household Income: Median":{"Demographic":null,"2020":0,"% OF TOTAL":null,"2024":67433,"2029":80790},"Home Value: Median":{"Demographic":null,"2020":179327,"% OF TOTAL":null,"2024":180500,"2029":null},"Population Growth":{"Demographic":null,"2020":null,"% OF TOTAL":null,"2024":-0.6,"2029":1.5},"Total Population: Under 19 years":{"Demographic":null,"2020":912,"% OF TOTAL":17.9,"2024":896,"2029":871},"Total Population: 20 - 64 years":{"Demographic":null,"2020":2904,"% OF TOTAL":57.9,"2024":2854,"2029":2819},"Total Population: 65 years and over":{"Demographic":null,"2020":1010,"% OF TOTAL":24.3,"2024":1048,"2029":1182},"Total population: Median age":{"Demographic":null,"2020":46,"% OF TOTAL":null,"2024":45,"2029":47},"Total population: Under 5 years":{"Demographic":null,"2020":237,"% OF TOTAL":4.7,"2024":229,"2029":228},"Total population: 5 - 9 years":{"Demographic":null,"2020":232,"% OF TOTAL":4.5,"2024":232,"2029":218},"Total population: 10 - 14 years":{"Demographic":null,"2020":228,"% OF TOTAL":4.3,"2024":217,"2029":211},"Total population: 15 - 19 years":{"Demographic":null,"2020":215,"% OF TOTAL":4.4,"2024":218,"2029":214},"Total population: 20 - 24 years":{"Demographic":null,"2020":329,"% OF TOTAL":6.2,"2024":322,"2029":302},"Total population: 25 - 29 years":{"Demographic":null,"2020":396,"% OF TOTAL":7.6,"2024":378,"2029":368},"Total population: 30 - 34 years":{"Demographic":null,"2020":324,"% OF TOTAL":7.0,"2024":334,"2029":340},"Total population: 35 - 39 years":{"Demographic":null,"2020":257,"% OF TOTAL":6.0,"2024":266,"2029":293},"Total population: 40 - 44 years":{"Demographic":null,"2020":259,"% OF TOTAL":5.6,"2024":278,"2029":271},"Total population: 45 - 49 years":{"Demographic":null,"2020":293,"% OF TOTAL":5.9,"2024":278,"2029":289},"Total population: 50 - 54 years":{"Demographic":null,"2020":337,"% OF TOTAL":6.6,"2024":337,"2029":320},"Total population: 55 - 59 years":{"Demographic":null,"2020":364,"% OF TOTAL":6.4,"2024":314,"2029":314},"Total population: 60 - 64 years":{"Demographic":null,"2020":345,"% OF TOTAL":6.6,"2024":347,"2029":322},"Total population: 65 - 69 years":{"Demographic":null,"2020":323,"% OF TOTAL":7.0,"2024":336,"2029":340},"Total population: 70 - 74 years":{"Demographic":null,"2020":276,"% OF TOTAL":6.2,"2024":270,"2029":300},"Total population: 75 - 79 years":{"Demographic":null,"2020":195,"% OF TOTAL":5.1,"2024":222,"2029":249},"Total population: 80 - 84 years":{"Demographic":null,"2020":138,"% OF TOTAL":3.8,"2024":144,"2029":183},"Total population: 85 years and over":{"Demographic":null,"2020":78,"% OF TOTAL":2.3,"2024":76,"2029":110},"Householders Age 15-24":{"Demographic":null,"2020":97,"% OF TOTAL":4.1,"2024":99,"2029":92},"Householders Age 25-34":{"Demographic":null,"2020":351,"% OF TOTAL":16.4,"2024":358,"2029":364},"Householders Age 35-44":{"Demographic":null,"2020":282,"% OF TOTAL":13.4,"2024":286,"2029":298},"Householders Age 45-54":{"Demographic":null,"2020":357,"% OF TOTAL":16.1,"2024":361,"2029":358},"Householders Age 55-64":{"Demographic":null,"2020":375,"% OF TOTAL":16.3,"2024":379,"2029":363},"Householders Age 65-74":{"Demographic":null,"2020":385,"% OF TOTAL":18.6,"2024":389,"2029":414},"Householders Age 75+":{"Demographic":null,"2020":273,"% OF TOTAL":15.1,"2024":275,"2029":336},"Household income: Average":{"Demographic":null,"2020":105051,"% OF TOTAL":null,"2024":104863,"2029":133190},"Household income: Less than 25k":{"Demographic":null,"2020":256,"% OF TOTAL":7.3,"2024":285,"2029":162},"Household income: 25k - 50k":{"Demographic":null,"2020":467,"% OF TOTAL":20.0,"2024":471,"2029":446},"Household income: 50k - 75k":{"Demographic":null,"2020":381,"% OF TOTAL":14.8,"2024":341,"2029":329},"Household income: 75k - 100k":{"Demographic":null,"2020":309,"% OF TOTAL":10.1,"2024":301,"2029":225},"Household income: 100k - 125k":{"Demographic":null,"2020":286,"% OF TOTAL":16.5,"2024":335,"2029":368},"Household income: 125k - 150k":{"Demographic":null,"2020":128,"% OF TOTAL":6.7,"2024":119,"2029":148},"Household income: 150k - 200k":{"Demographic":null,"2020":95,"% OF TOTAL":6.0,"2024":86,"2029":134},"Household income: Above 200k":{"Demographic":null,"2020":198,"% OF TOTAL":18.6,"2024":209,"2029":413},"White Alone":{"Demographic":null,"2020":3592,"% OF TOTAL":73.8,"2024":3541,"2029":3595},"Black or African American Alone":{"Demographic":null,"2020":548,"% OF TOTAL":11.1,"2024":531,"2029":541},"American Indian and Alaska Native Alone":{"Demographic":null,"2020":84,"% OF TOTAL":1.8,"2024":86,"2029":87},"Asian Alone":{"Demographic":null,"2020":123,"% OF TOTAL":2.6,"2024":127,"2029":129},"Native Hawaiian and OPI Alone":{"Demographic":null,"2020":5,"% OF TOTAL":0.1,"2024":5,"2029":5},"Some Other Race Alone":{"Demographic":null,"2020":80,"% OF TOTAL":1.6,"2024":79,"2029":80},"Two or More Races Alone":{"Demographic":null,"2020":394,"% OF TOTAL":8.9,"2024":429,"2029":435},"Not Hispanic or Latino":{"Demographic":null,"2020":4568,"% OF TOTAL":94.1,"2024":4515,"2029":4583},"Hispanic or Latino":{"Demographic":null,"2020":258,"% OF TOTAL":5.9,"2024":283,"2029":289},"Total Housing Units":{"Demographic":null,"2020":2256,"% OF TOTAL":null,"2024":null,"2029":null},"Owner Occupied Housing Units":{"Demographic":null,"2020":1362,"% OF TOTAL":null,"2024":1374,"2029":null},"Renter Occupied Housing Units":{"Demographic":null,"2020":758,"% OF TOTAL":null,"2024":773,"2029":null},"Housing Units Value Less Than 100k":{"Demographic":null,"2020":279,"% OF TOTAL":null,"2024":280,"2029":null},"Housing Units Value 100k - 200k":{"Demographic":null,"2020":559,"% OF TOTAL":null,"2024":567,"2029":null},"Housing Units Value 200k - 250k":{"Demographic":null,"2020":203,"% OF TOTAL":null,"2024":204,"2029":null},"Housing Units Value 250k - 300k":{"Demographic":null,"2020":133,"% OF TOTAL":null,"2024":133,"2029":null},"Housing Units Value 300k - 400k":{"Demographic":null,"2020":59,"% OF TOTAL":null,"2024":59,"2029":null},"Housing Units Value 400k - 500k":{"Demographic":null,"2020":50,"% OF TOTAL":null,"2024":50,"2029":null},"Housing Units Value 500k - 750k":{"Demographic":null,"2020":49,"% OF TOTAL":null,"2024":50,"2029":null},"Housing Units Value 750k - 1m":{"Demographic":null,"2020":8,"% OF TOTAL":null,"2024":8,"2029":null},"Housing Units Value 1m - 1.5m":{"Demographic":null,"2020":0,"% OF TOTAL":null,"2024":0,"2029":null},"Housing Units Value 1.5m - 2m":{"Demographic":null,"2020":0,"% OF TOTAL":null,"2024":0,"2029":null},"Housing Units Value >2m":{"Demographic":null,"2020":22,"% OF TOTAL":null,"2024":23,"2029":null},"Take Car or Truck to Work":{"Demographic":null,"2020":1956,"% OF TOTAL":null,"2024":1936,"2029":null},"Take Public Transportation to Work":{"Demographic":null,"2020":0,"% OF TOTAL":null,"2024":0,"2029":null},"Take Other Means of Transportation to Work":{"Demographic":null,"2020":23,"% OF TOTAL":null,"2024":22,"2029":null},"Average Travel Time (min)":{"Demographic":null,"2020":26,"% OF TOTAL":null,"2024":26,"2029":null},"Travel Below 30 Min to Work":{"Demographic":null,"2020":1431,"% OF TOTAL":null,"2024":1413,"2029":null},"Travel 30-60 Min to Work":{"Demographic":null,"2020":397,"% OF TOTAL":null,"2024":394,"2029":null},"Travel Above 60 Min to Work":{"Demographic":null,"2020":230,"% OF TOTAL":null,"2024":151,"2029":null},"Educational Attainment: No High School Diploma":{"Demographic":null,"2020":1285,"% OF TOTAL":null,"2024":1275,"2029":null},"Educational Attainment: High School Diploma":{"Demographic":null,"2020":1089,"% OF TOTAL":null,"2024":1085,"2029":null},"Educational Attainment: Some College":{"Demographic":null,"2020":2046,"% OF TOTAL":null,"2024":2052,"2029":null},"Educational Attainment: Associate's Degree":{"Demographic":null,"2020":386,"% OF TOTAL":null,"2024":385,"2029":null},"Educational Attainment: Bachelors Degree":{"Demographic":null,"2020":811,"% OF TOTAL":null,"2024":813,"2029":null},"Educational Attainment: Advanced Degree":{"Demographic":null,"2020":254,"% OF TOTAL":null,"2024":253,"2029":null},"Households: Number of vehicles available - Average":{"Demographic":null,"2020":1,"% OF TOTAL":null,"2024":1,"2029":null},"Households: No Vehicle available":{"Demographic":null,"2020":31,"% OF TOTAL":null,"2024":30,"2029":null},"Households: 1 Vehicle available":{"Demographic":null,"2020":768,"% OF TOTAL":null,"2024":782,"2029":null},"Households: 2 Vehicles available":{"Demographic":null,"2020":916,"% OF TOTAL":null,"2024":930,"2029":null},"Households: 3 Vehicles available":{"Demographic":null,"2020":311,"% OF TOTAL":null,"2024":314,"2029":null},"Households: 4 or more Vehicles available":{"Demographic":null,"2020":94,"% OF TOTAL":null,"2024":91,"2029":null}},"household_trends":{"Households":{"Demographic":null,"2020":2120,"% OF TOTAL":null,"2024":2147,"2029":2225},"Households Growth":{"Demographic":null,"2020":null,"% OF TOTAL":null,"2024":1.3,"2029":3.6},"Householder Age 15-24":{"Demographic":null,"2020":97,"% OF TOTAL":4.1,"2024":99,"2029":92},"Householder Age 25-34":{"Demographic":null,"2020":351,"% OF TOTAL":16.4,"2024":358,"2029":364},"Householder Age 35-44":{"Demographic":null,"2020":282,"% OF TOTAL":13.4,"2024":286,"2029":298},"Householder Age 45-54":{"Demographic":null,"2020":357,"% OF TOTAL":16.1,"2024":361,"2029":358},"Householder Age 55-64":{"Demographic":null,"2020":375,"% OF TOTAL":16.3,"2024":379,"2029":363},"Householder Age 65-74":{"Demographic":null,"2020":385,"% OF TOTAL":18.6,"2024":389,"2029":414},"Householder Age 75+":{"Demographic":null,"2020":273,"% OF TOTAL":15.1,"2024":275,"2029":336},"Average Household Size":{"Demographic":null,"2020":2.4,"% OF TOTAL":null,"2024":2.4,"2029":2.3},"1 Person Households":{"Demographic":null,"2020":590,"% OF TOTAL":29.3,"2024":622,"2029":652},"2 Person Households":{"Demographic":null,"2020":906,"% OF TOTAL":44.0,"2024":939,"2029":978},"3 Person Households":{"Demographic":null,"2020":271,"% OF TOTAL":13.3,"2024":285,"2029":297},"4 Person Households":{"Demographic":null,"2020":218,"% OF TOTAL":8.6,"2024":191,"2029":191},"5 Person Households":{"Demographic":null,"2020":75,"% OF TOTAL":2.7,"2024":61,"2029":60},"6 Person Households":{"Demographic":null,"2020":35,"% OF TOTAL":1.2,"2024":28,"2029":27},"7+ Person Households":{"Demographic":null,"2020":25,"% OF TOTAL":0.9,"2024":21,"2029":20},"Household Type: Family":{"Demographic":null,"2020":1363,"% OF TOTAL":null,"2024":1377,"2029":null},"Household Type: Married Family":{"Demographic":null,"2020":922,"% OF TOTAL":null,"2024":930,"2029":null},"Household Type: Married Family With Children":{"Demographic":null,"2020":277,"% OF TOTAL":null,"2024":280,"2029":null},"Household Type: Married Family Without Children":{"Demographic":null,"2020":645,"% OF TOTAL":null,"2024":650,"2029":null},"Household Type: Other Family":{"Demographic":null,"2020":441,"% OF TOTAL":null,"2024":447,"2029":null},"Household Type: Male Households, No Wife":{"Demographic":null,"2020":123,"% OF TOTAL":null,"2024":123,"2029":null},"Household Type: Male Households, No Wife With Children":{"Demographic":null,"2020":57,"% OF TOTAL":null,"2024":57,"2029":null},"Household Type: Male Households, No Wife Without Children":{"Demographic":null,"2020":66,"% OF TOTAL":null,"2024":66,"2029":null},"Household Type: Female Households, No Husband":{"Demographic":null,"2020":318,"% OF TOTAL":null,"2024":324,"2029":null},"Household Type: Female Households, No Husband With Children":{"Demographic":null,"2020":158,"% OF TOTAL":null,"2024":161,"2029":null},"Household Type: Female Households, No Husband Without Children":{"Demographic":null,"2020":160,"% OF TOTAL":null,"2024":163,"2029":null},"Household Income: Average":{"Demographic":null,"2020":105051,"% OF TOTAL":null,"2024":104863,"2029":133190},"Household Income: Median":{"Demographic":null,"2020":0,"% OF TOTAL":null,"2024":67433,"2029":80790},"Household Income: Less than $25k":{"Demographic":null,"2020":256,"% OF TOTAL":7.3,"2024":285,"2029":162},"Household Income: $25k - $50k":{"Demographic":null,"2020":467,"% OF TOTAL":20.0,"2024":471,"2029":446},"Household Income: $50k - $75k":{"Demographic":null,"2020":381,"% OF TOTAL":14.8,"2024":341,"2029":329},"Household Income: $75k - $100k":{"Demographic":null,"2020":309,"% OF TOTAL":10.1,"2024":301,"2029":225},"Household Income: $100k - $125k":{"Demographic":null,"2020":286,"% OF TOTAL":16.5,"2024":335,"2029":368},"Household Income: $125k - $150k":{"Demographic":null,"2020":128,"% OF TOTAL":6.7,"2024":119,"2029":148},"Household Income: $150k - $200k":{"Demographic":null,"2020":95,"% OF TOTAL":6.0,"2024":86,"2029":134},"Household Income: Above $200k":{"Demographic":null,"2020":198,"% OF TOTAL":18.6,"2024":209,"2029":413},"Total Housing Units":{"Demographic":null,"2020":2256,"% OF TOTAL":null,"2024":null,"2029":null},"Owner Occupied Housing Units":{"Demographic":null,"2020":1362,"% OF TOTAL":null,"2024":1374,"2029":null},"Renter Occupied Housing Units":{"Demographic":null,"2020":758,"% OF TOTAL":null,"2024":773,"2029":null},"Vacant Housing Units":{"Demographic":null,"2020":136,"% OF TOTAL":null,"2024":null,"2029":null},"Vacant Housing Units: Seasonal":{"Demographic":null,"2020":2,"% OF TOTAL":null,"2024":null,"2029":null},"Vacant Housing Units: Other Usage":{"Demographic":null,"2020":134,"% OF TOTAL":null,"2024":null,"2029":null},"Average Housing Unit Value":{"Demographic":null,"2020":240064,"% OF TOTAL":null,"2024":240615,"2029":null},"Median Housing Unit Value":{"Demographic":null,"2020":179327,"% OF TOTAL":null,"2024":180500,"2029":null},"Housing Unit Value Less Than $100k":{"Demographic":null,"2020":279,"% OF TOTAL":null,"2024":280,"2029":null},"Housing Unit Value $100k-$200k":{"Demographic":null,"2020":559,"% OF TOTAL":null,"2024":567,"2029":null},"Housing Unit Value $200k-$250k":{"Demographic":null,"2020":203,"% OF TOTAL":null,"2024":204,"2029":null},"Housing Unit Value $250k-$300k":{"Demographic":null,"2020":133,"% OF TOTAL":null,"2024":133,"2029":null},"Housing Unit Value $300k-$400k":{"Demographic":null,"2020":59,"% OF TOTAL":null,"2024":59,"2029":null},"Housing Unit Value $400k-$500k":{"Demographic":null,"2020":50,"% OF TOTAL":null,"2024":50,"2029":null},"Housing Unit Value $500k-$750k":{"Demographic":null,"2020":49,"% OF TOTAL":null,"2024":50,"2029":null},"Housing Unit Value $750k-$1m":{"Demographic":null,"2020":8,"% OF TOTAL":null,"2024":8,"2029":null},"Housing Unit Value $1m-$1.5m":{"Demographic":null,"2020":0,"% OF TOTAL":null,"2024":0,"2029":null},"Housing Unit Value $1.5m-$2m":{"Demographic":null,"2020":0,"% OF TOTAL":null,"2024":0,"2029":null},"Housing Unit Value Above $2m":{"Demographic":null,"2020":22,"% OF TOTAL":null,"2024":23,"2029":null},"Median Housing Unit Year Built":{"Demographic":null,"2020":1993,"% OF TOTAL":null,"2024":1993,"2029":null},"Housing Units Built 2014 Or After":{"Demographic":null,"2020":9,"% OF TOTAL":null,"2024":9,"2029":null},"Housing Units Built 2010-2013":{"Demographic":null,"2020":356,"% OF TOTAL":null,"2024":366,"2029":null},"Housing Units Built 2000-2009":{"Demographic":null,"2020":528,"% OF TOTAL":null,"2024":538,"2029":null},"Housing Units Built 1990-1999":{"Demographic":null,"2020":328,"% OF TOTAL":null,"2024":332,"2029":null},"Housing Units Built 1980-1989":{"Demographic":null,"2020":485,"% OF TOTAL":null,"2024":491,"2029":null},"Housing Units Built 1970-1979":{"Demographic":null,"2020":242,"% OF TOTAL":null,"2024":238,"2029":null},"Housing Units Built 1960-1969":{"Demographic":null,"2020":136,"% OF TOTAL":null,"2024":139,"2029":null},"Housing Units Built 1950-1959":{"Demographic":null,"2020":18,"% OF TOTAL":null,"2024":17,"2029":null},"Housing Units Built 1940-1949":{"Demographic":null,"2020":0,"% OF TOTAL":null,"2024":0,"2029":null},"Housing Units Built Before 1940":{"Demographic":null,"2020":18,"% OF TOTAL":null,"2024":17,"2029":null}}},"geometry":{"type":"Polygon","coordinates":[[[-87.339129692389,30.503952787197896],[-87.339129692389,30.5314627160063],[-87.30553913838654,30.5314627160063],[-87.30553913838654,30.504562663604222],[-87.339129692389,30.503952787197896]]]}},{"type":"Feature","properties":{"block":"046","block_num":46,"submarket":"Cantonment","CentroidLon":-87.35598634569891,"CentroidLat":30.517554725320625,"data_status":"usable","is_anomalous":false,"anomaly_reason":null,"files_present":"ConsumerSegmentation-26.08.10.csv;DemographicSnapshot-26.08.10.csv;HouseholdIncomeByAge-26.08.10.csv;HouseholdTrends-26.08.10.csv;PopulationTrends-26.08.10.csv","population_2024":4948,"population_2029":5283,"households_2024":1898,"households_2029":2057,"median_household_income_2024":126255,"median_household_income_2029":149893,"mean_household_income_2024":null,"mean_household_income_2029":null,"median_age_2024":44,"median_age_2029":46,"median_home_value_2024":406219,"average_household_size_2024":2.6,"average_household_size_2029":2.6,"population_growth_2024_2029":41.9,"households_growth_2024_2029":43.9,"consumer_segments":{"Elite":{"households":387,"pct":29.7},"Family Life Young Children":{"households":219,"pct":16.8},"Active Adult Feature and Location":{"households":149,"pct":11.4},"Family Life School Age Children":{"households":119,"pct":9.1},"Entry Level Suburban":{"households":113,"pct":8.7},"Active Adult Elite":{"households":77,"pct":5.9},"Renters Near Term Buyers":{"households":59,"pct":4.5},"Simple Life Affluent No Children":{"households":54,"pct":4.1},"Simple Life Moderate Income With Children":{"households":46,"pct":3.5},"Renters":{"households":30,"pct":2.3},"Active Adult Entry Level":{"households":18,"pct":1.4},"Simple Life Moderate Income No Children":{"households":17,"pct":1.3},"Entry Level Urban":{"households":11,"pct":0.8},"Feature and Location":{"households":4,"pct":0.3}},"income_age":{"2020":{},"2024":{},"2029":{}},"population_trends":{"Total Population":{"Demographic":null,"2020":3487,"% OF TOTAL":null,"2024":4948,"2029":5283},"Population Growth":{"Demographic":null,"2020":null,"% OF TOTAL":null,"2024":41.9,"2029":6.8},"Female Population":{"Demographic":null,"2020":1768,"% OF TOTAL":50.8,"2024":2514,"2029":2685},"Male Population":{"Demographic":null,"2020":1719,"% OF TOTAL":49.2,"2024":2434,"2029":2598},"Total population: Median Age":{"Demographic":null,"2020":45,"% OF TOTAL":null,"2024":44,"2029":46},"Total population: Under 5 years":{"Demographic":null,"2020":188,"% OF TOTAL":5.0,"2024":260,"2029":262},"Total population: 5 - 9 years":{"Demographic":null,"2020":235,"% OF TOTAL":5.9,"2024":336,"2029":311},"Total population: 10 - 14 years":{"Demographic":null,"2020":220,"% OF TOTAL":5.9,"2024":299,"2029":314},"Total population: 15 - 19 years":{"Demographic":null,"2020":161,"% OF TOTAL":5.0,"2024":236,"2029":265},"Total population: 20 - 24 years":{"Demographic":null,"2020":122,"% OF TOTAL":3.9,"2024":170,"2029":208},"Total population: 25 - 29 years":{"Demographic":null,"2020":154,"% OF TOTAL":4.0,"2024":210,"2029":211},"Total population: 30 - 34 years":{"Demographic":null,"2020":179,"% OF TOTAL":4.8,"2024":266,"2029":256},"Total population: 35 - 39 years":{"Demographic":null,"2020":233,"% OF TOTAL":6.5,"2024":345,"2029":342},"Total population: 40 - 44 years":{"Demographic":null,"2020":246,"% OF TOTAL":7.3,"2024":377,"2029":384},"Total population: 45 - 49 years":{"Demographic":null,"2020":246,"% OF TOTAL":7.3,"2024":333,"2029":384},"Total population: 50 - 54 years":{"Demographic":null,"2020":247,"% OF TOTAL":7.1,"2024":358,"2029":375},"Total population: 55 - 59 years":{"Demographic":null,"2020":306,"% OF TOTAL":7.3,"2024":379,"2029":386},"Total population: 60 - 64 years":{"Demographic":null,"2020":274,"% OF TOTAL":7.3,"2024":389,"2029":387},"Total population: 65 - 69 years":{"Demographic":null,"2020":231,"% OF TOTAL":7.0,"2024":339,"2029":371},"Total population: 70 - 74 years":{"Demographic":null,"2020":222,"% OF TOTAL":6.6,"2024":311,"2029":350},"Total population: 75 - 79 years":{"Demographic":null,"2020":117,"% OF TOTAL":4.7,"2024":187,"2029":250},"Total population: 80 - 84 years":{"Demographic":null,"2020":67,"% OF TOTAL":2.8,"2024":101,"2029":147},"Total population: 85 years and over":{"Demographic":null,"2020":39,"% OF TOTAL":1.5,"2024":52,"2029":80},"Female population: Median Age":{"Demographic":null,"2020":45,"% OF TOTAL":null,"2024":45,"2029":46},"Female population: Under 5 years":{"Demographic":null,"2020":93,"% OF TOTAL":4.9,"2024":130,"2029":131},"Female population: 5 - 9 years":{"Demographic":null,"2020":112,"% OF TOTAL":5.5,"2024":159,"2029":148},"Female population: 10 - 14 years":{"Demographic":null,"2020":103,"% OF TOTAL":5.5,"2024":140,"2029":148},"Female population: 15 - 19 years":{"Demographic":null,"2020":86,"% OF TOTAL":5.0,"2024":126,"2029":134},"Female population: 20 - 24 years":{"Demographic":null,"2020":59,"% OF TOTAL":3.9,"2024":82,"2029":104},"Female population: 25 - 29 years":{"Demographic":null,"2020":70,"% OF TOTAL":3.8,"2024":97,"2029":101},"Female population: 30 - 34 years":{"Demographic":null,"2020":94,"% OF TOTAL":4.8,"2024":138,"2029":130},"Female population: 35 - 39 years":{"Demographic":null,"2020":127,"% OF TOTAL":6.8,"2024":186,"2029":183},"Female population: 40 - 44 years":{"Demographic":null,"2020":128,"% OF TOTAL":7.5,"2024":194,"2029":202},"Female population: 45 - 49 years":{"Demographic":null,"2020":110,"% OF TOTAL":6.9,"2024":154,"2029":186},"Female population: 50 - 54 years":{"Demographic":null,"2020":131,"% OF TOTAL":7.2,"2024":189,"2029":193},"Female population: 55 - 59 years":{"Demographic":null,"2020":163,"% OF TOTAL":7.7,"2024":205,"2029":207},"Female population: 60 - 64 years":{"Demographic":null,"2020":132,"% OF TOTAL":7.2,"2024":189,"2029":192},"Female population: 65 - 69 years":{"Demographic":null,"2020":134,"% OF TOTAL":7.5,"2024":194,"2029":201},"Female population: 70 - 74 years":{"Demographic":null,"2020":117,"% OF TOTAL":7.1,"2024":166,"2029":190},"Female population: 75 - 79 years":{"Demographic":null,"2020":52,"% OF TOTAL":4.5,"2024":83,"2029":122},"Female population: 80 - 84 years":{"Demographic":null,"2020":32,"% OF TOTAL":2.5,"2024":49,"2029":68},"Female population: 85 years and over":{"Demographic":null,"2020":25,"% OF TOTAL":1.7,"2024":33,"2029":45},"Male population: Median Age":{"Demographic":null,"2020":44,"% OF TOTAL":null,"2024":44,"2029":45},"Male population: Under 5 years":{"Demographic":null,"2020":95,"% OF TOTAL":5.0,"2024":130,"2029":131},"Male population: 5 - 9 years":{"Demographic":null,"2020":123,"% OF TOTAL":6.3,"2024":177,"2029":163},"Male population: 10 - 14 years":{"Demographic":null,"2020":117,"% OF TOTAL":6.4,"2024":159,"2029":166},"Male population: 15 - 19 years":{"Demographic":null,"2020":75,"% OF TOTAL":5.0,"2024":110,"2029":131},"Male population: 20 - 24 years":{"Demographic":null,"2020":63,"% OF TOTAL":4.0,"2024":88,"2029":104},"Male population: 25 - 29 years":{"Demographic":null,"2020":84,"% OF TOTAL":4.2,"2024":113,"2029":110},"Male population: 30 - 34 years":{"Demographic":null,"2020":85,"% OF TOTAL":4.8,"2024":128,"2029":126},"Male population: 35 - 39 years":{"Demographic":null,"2020":106,"% OF TOTAL":6.1,"2024":159,"2029":159},"Male population: 40 - 44 years":{"Demographic":null,"2020":118,"% OF TOTAL":7.0,"2024":183,"2029":182},"Male population: 45 - 49 years":{"Demographic":null,"2020":136,"% OF TOTAL":7.6,"2024":179,"2029":198},"Male population: 50 - 54 years":{"Demographic":null,"2020":116,"% OF TOTAL":7.0,"2024":169,"2029":182},"Male population: 55 - 59 years":{"Demographic":null,"2020":143,"% OF TOTAL":6.9,"2024":174,"2029":179},"Male population: 60 - 64 years":{"Demographic":null,"2020":142,"% OF TOTAL":7.5,"2024":200,"2029":195},"Male population: 65 - 69 years":{"Demographic":null,"2020":97,"% OF TOTAL":6.5,"2024":145,"2029":170},"Male population: 70 - 74 years":{"Demographic":null,"2020":105,"% OF TOTAL":6.2,"2024":145,"2029":160},"Male population: 75 - 79 years":{"Demographic":null,"2020":65,"% OF TOTAL":4.9,"2024":104,"2029":128},"Male population: 80 - 84 years":{"Demographic":null,"2020":35,"% OF TOTAL":3.0,"2024":52,"2029":79},"Male population: 85 years and over":{"Demographic":null,"2020":14,"% OF TOTAL":1.3,"2024":19,"2029":35},"White alone":{"Demographic":null,"2020":2702,"% OF TOTAL":76.7,"2024":3796,"2029":4052},"Black alone":{"Demographic":null,"2020":265,"% OF TOTAL":7.3,"2024":363,"2029":387},"American Indian and Alaska Native alone":{"Demographic":null,"2020":23,"% OF TOTAL":0.7,"2024":36,"2029":39},"Asian alone":{"Demographic":null,"2020":149,"% OF TOTAL":4.5,"2024":221,"2029":237},"Native Hawaiian and OPI alone":{"Demographic":null,"2020":0,"% OF TOTAL":0.0,"2024":0,"2029":0},"Some other race alone":{"Demographic":null,"2020":36,"% OF TOTAL":1.0,"2024":50,"2029":53},"Two or more races alone":{"Demographic":null,"2020":312,"% OF TOTAL":9.7,"2024":482,"2029":515},"Not Hispanic: White alone":{"Demographic":null,"2020":2644,"% OF TOTAL":74.9,"2024":3709,"2029":3959},"Not Hispanic: Black or African American alone":{"Demographic":null,"2020":260,"% OF TOTAL":7.2,"2024":356,"2029":379},"Not Hispanic: American Indian and Alaska Native alone":{"Demographic":null,"2020":16,"% OF TOTAL":0.5,"2024":23,"2029":25},"Not Hispanic: Asian alone":{"Demographic":null,"2020":147,"% OF TOTAL":4.4,"2024":217,"2029":233},"Not Hispanic: Native Hawaiian and OPI alone":{"Demographic":null,"2020":0,"% OF TOTAL":0.0,"2024":0,"2029":0},"Not Hispanic: Some Other Race alone":{"Demographic":null,"2020":12,"% OF TOTAL":0.3,"2024":17,"2029":18},"Not Hispanic: Two or More Races":{"Demographic":null,"2020":225,"% OF TOTAL":6.9,"2024":342,"2029":365},"Hispanic: White alone":{"Demographic":null,"2020":58,"% OF TOTAL":1.8,"2024":87,"2029":93},"Hispanic: Black or African American alone":{"Demographic":null,"2020":5,"% OF TOTAL":0.2,"2024":7,"2029":8},"Hispanic: American Indian and Alaska Native alone":{"Demographic":null,"2020":7,"% OF TOTAL":0.3,"2024":13,"2029":14},"Hispanic: Asian alone":{"Demographic":null,"2020":2,"% OF TOTAL":0.1,"2024":4,"2029":4},"Hispanic: Native Hawaiian and OPI alone":{"Demographic":null,"2020":0,"% OF TOTAL":0.0,"2024":0,"2029":0},"Hispanic: Some Other Race alone":{"Demographic":null,"2020":24,"% OF TOTAL":0.7,"2024":33,"2029":35},"Hispanic: Two or More Races":{"Demographic":null,"2020":87,"% OF TOTAL":2.8,"2024":140,"2029":150},"Educational Attainment: No High School Diploma":{"Demographic":null,"2020":239,"% OF TOTAL":null,"2024":340,"2029":null},"Educational Attainment: High School Diploma":{"Demographic":null,"2020":681,"% OF TOTAL":null,"2024":970,"2029":null},"Educational Attainment: Some College":{"Demographic":null,"2020":465,"% OF TOTAL":null,"2024":663,"2029":null},"Educational Attainment: Associates Degree":{"Demographic":null,"2020":411,"% OF TOTAL":null,"2024":585,"2029":null},"Educational Attainment: Bachelors Degree":{"Demographic":null,"2020":479,"% OF TOTAL":null,"2024":682,"2029":null},"Educational Attainment: Advanced Degree":{"Demographic":null,"2020":286,"% OF TOTAL":null,"2024":407,"2029":null},"Employment Status: Armed Forces":{"Demographic":null,"2020":120,"% OF TOTAL":null,"2024":171,"2029":null},"Employment Status: Civilian labor force employed":{"Demographic":null,"2020":1604,"% OF TOTAL":null,"2024":2284,"2029":null},"Employment Status: Civilian labor force unemployed":{"Demographic":null,"2020":0,"% OF TOTAL":null,"2024":0,"2029":null},"Employment Status: Not in labor force":{"Demographic":null,"2020":1093,"% OF TOTAL":null,"2024":1556,"2029":null},"Employed in Agriculture and Mining Industries":{"Demographic":null,"2020":8,"% OF TOTAL":null,"2024":11,"2029":null},"Employed in Construction Industries":{"Demographic":null,"2020":80,"% OF TOTAL":null,"2024":114,"2029":null},"Employed in Manufacturing Industries":{"Demographic":null,"2020":19,"% OF TOTAL":null,"2024":27,"2029":null},"Employed in Wholesale Industries":{"Demographic":null,"2020":63,"% OF TOTAL":null,"2024":90,"2029":null},"Employed in Retail Industries":{"Demographic":null,"2020":140,"% OF TOTAL":null,"2024":199,"2029":null},"Employed in Transportation and Utilities Industries":{"Demographic":null,"2020":244,"% OF TOTAL":null,"2024":347,"2029":null},"Employed in Information Industries":{"Demographic":null,"2020":0,"% OF TOTAL":null,"2024":0,"2029":null},"Employed in Real-Estate Industries":{"Demographic":null,"2020":108,"% OF TOTAL":null,"2024":154,"2029":null},"Employed in Professional Industries":{"Demographic":null,"2020":186,"% OF TOTAL":null,"2024":265,"2029":null},"Employed in Health and Education Industries":{"Demographic":null,"2020":392,"% OF TOTAL":null,"2024":558,"2029":null},"Employed in Art Industries":{"Demographic":null,"2020":186,"% OF TOTAL":null,"2024":265,"2029":null},"Employed in Other Industries":{"Demographic":null,"2020":145,"% OF TOTAL":null,"2024":207,"2029":null},"Employed in Public Administration Industries":{"Demographic":null,"2020":33,"% OF TOTAL":null,"2024":47,"2029":null},"Occupation: Management":{"Demographic":null,"2020":193,"% OF TOTAL":null,"2024":275,"2029":null},"Occupation: Business and financial operations":{"Demographic":null,"2020":42,"% OF TOTAL":null,"2024":60,"2029":null},"Occupation: Computer and mathematical":{"Demographic":null,"2020":33,"% OF TOTAL":null,"2024":47,"2029":null},"Occupation: Architecture and engineering":{"Demographic":null,"2020":40,"% OF TOTAL":null,"2024":57,"2029":null},"Occupation: Life, physical, and social science":{"Demographic":null,"2020":0,"% OF TOTAL":null,"2024":0,"2029":null},"Occupation: Community and social service":{"Demographic":null,"2020":57,"% OF TOTAL":null,"2024":81,"2029":null},"Occupation: Legal":{"Demographic":null,"2020":0,"% OF TOTAL":null,"2024":0,"2029":null},"Occupation: Education, training, and library":{"Demographic":null,"2020":101,"% OF TOTAL":null,"2024":144,"2029":null},"Occupation: Arts, design, entertainment, sports, and media":{"Demographic":null,"2020":16,"% OF TOTAL":null,"2024":23,"2029":null},"Occupation: Health diagnosing and treating practitioners":{"Demographic":null,"2020":69,"% OF TOTAL":null,"2024":98,"2029":null},"Occupation: Health technologists and technicians":{"Demographic":null,"2020":147,"% OF TOTAL":null,"2024":209,"2029":null},"Occupation: Healthcare support":{"Demographic":null,"2020":0,"% OF TOTAL":null,"2024":0,"2029":null},"Occupation: Fire fighting and prevention":{"Demographic":null,"2020":0,"% OF TOTAL":null,"2024":0,"2029":null},"Occupation: Law enforcement workers":{"Demographic":null,"2020":25,"% OF TOTAL":null,"2024":36,"2029":null},"Occupation: Food preparation and serving related":{"Demographic":null,"2020":97,"% OF TOTAL":null,"2024":138,"2029":null},"Occupation: Building and grounds cleaning and maintenance":{"Demographic":null,"2020":64,"% OF TOTAL":null,"2024":91,"2029":null},"Occupation: Personal care and service":{"Demographic":null,"2020":30,"% OF TOTAL":null,"2024":43,"2029":null},"Occupation: Sales and related":{"Demographic":null,"2020":207,"% OF TOTAL":null,"2024":295,"2029":null},"Occupation: Office and administrative support":{"Demographic":null,"2020":159,"% OF TOTAL":null,"2024":226,"2029":null},"Occupation: Farming, fishing, and forestry":{"Demographic":null,"2020":8,"% OF TOTAL":null,"2024":11,"2029":null},"Occupation: Construction and extraction":{"Demographic":null,"2020":40,"% OF TOTAL":null,"2024":57,"2029":null},"Occupation: Installation, maintenance, and repair":{"Demographic":null,"2020":44,"% OF TOTAL":null,"2024":63,"2029":null},"Occupation: Production":{"Demographic":null,"2020":32,"% OF TOTAL":null,"2024":45,"2029":null},"Occupation: Transportation":{"Demographic":null,"2020":170,"% OF TOTAL":null,"2024":242,"2029":null},"Occupation: Material moving":{"Demographic":null,"2020":30,"% OF TOTAL":null,"2024":43,"2029":null},"White collar":{"Demographic":null,"2020":1064,"% OF TOTAL":null,"2024":1515,"2029":null},"Blue collar":{"Demographic":null,"2020":540,"% OF TOTAL":null,"2024":769,"2029":null},"Means of transportation: Car, truck or van":{"Demographic":null,"2020":1237,"% OF TOTAL":null,"2024":1761,"2029":null},"Means of transportation: Public transportation":{"Demographic":null,"2020":0,"% OF TOTAL":null,"2024":0,"2029":null},"Means of transportation: Other":{"Demographic":null,"2020":0,"% OF TOTAL":null,"2024":0,"2029":null},"Travel time: Average (in minutes)":{"Demographic":null,"2020":30,"% OF TOTAL":null,"2024":30,"2029":null},"Travel time to work: Less than 30 minutes":{"Demographic":null,"2020":607,"% OF TOTAL":null,"2024":864,"2029":null},"Travel time to work: 30 to 60 minutes":{"Demographic":null,"2020":583,"% OF TOTAL":null,"2024":830,"2029":null},"Travel time to work: 60 or more minutes":{"Demographic":null,"2020":47,"% OF TOTAL":null,"2024":67,"2029":null}},"demographic_snapshot":{"Total Population":{"Demographic":null,"2020":3487,"% OF TOTAL":null,"2024":4948,"2029":5283},"Households":{"Demographic":null,"2020":1319,"% OF TOTAL":null,"2024":1898,"2029":2057},"Population in Group Quarters":{"Demographic":null,"2020":0,"% OF TOTAL":null,"2024":0,"2029":0},"Households Growth":{"Demographic":null,"2020":null,"% OF TOTAL":null,"2024":43.9,"2029":8.4},"Household Income: Median":{"Demographic":null,"2020":0,"% OF TOTAL":null,"2024":126255,"2029":149893},"Home Value: Median":{"Demographic":null,"2020":406093,"% OF TOTAL":null,"2024":406219,"2029":null},"Population Growth":{"Demographic":null,"2020":null,"% OF TOTAL":null,"2024":41.9,"2029":6.8},"Total Population: Under 19 years":{"Demographic":null,"2020":804,"% OF TOTAL":21.8,"2024":1131,"2029":1152},"Total Population: 20 - 64 years":{"Demographic":null,"2020":2007,"% OF TOTAL":55.5,"2024":2827,"2029":2933},"Total Population: 65 years and over":{"Demographic":null,"2020":676,"% OF TOTAL":22.7,"2024":990,"2029":1198},"Total population: Median age":{"Demographic":null,"2020":45,"% OF TOTAL":null,"2024":44,"2029":46},"Total population: Under 5 years":{"Demographic":null,"2020":188,"% OF TOTAL":5.0,"2024":260,"2029":262},"Total population: 5 - 9 years":{"Demographic":null,"2020":235,"% OF TOTAL":5.9,"2024":336,"2029":311},"Total population: 10 - 14 years":{"Demographic":null,"2020":220,"% OF TOTAL":5.9,"2024":299,"2029":314},"Total population: 15 - 19 years":{"Demographic":null,"2020":161,"% OF TOTAL":5.0,"2024":236,"2029":265},"Total population: 20 - 24 years":{"Demographic":null,"2020":122,"% OF TOTAL":3.9,"2024":170,"2029":208},"Total population: 25 - 29 years":{"Demographic":null,"2020":154,"% OF TOTAL":4.0,"2024":210,"2029":211},"Total population: 30 - 34 years":{"Demographic":null,"2020":179,"% OF TOTAL":4.8,"2024":266,"2029":256},"Total population: 35 - 39 years":{"Demographic":null,"2020":233,"% OF TOTAL":6.5,"2024":345,"2029":342},"Total population: 40 - 44 years":{"Demographic":null,"2020":246,"% OF TOTAL":7.3,"2024":377,"2029":384},"Total population: 45 - 49 years":{"Demographic":null,"2020":246,"% OF TOTAL":7.3,"2024":333,"2029":384},"Total population: 50 - 54 years":{"Demographic":null,"2020":247,"% OF TOTAL":7.1,"2024":358,"2029":375},"Total population: 55 - 59 years":{"Demographic":null,"2020":306,"% OF TOTAL":7.3,"2024":379,"2029":386},"Total population: 60 - 64 years":{"Demographic":null,"2020":274,"% OF TOTAL":7.3,"2024":389,"2029":387},"Total population: 65 - 69 years":{"Demographic":null,"2020":231,"% OF TOTAL":7.0,"2024":339,"2029":371},"Total population: 70 - 74 years":{"Demographic":null,"2020":222,"% OF TOTAL":6.6,"2024":311,"2029":350},"Total population: 75 - 79 years":{"Demographic":null,"2020":117,"% OF TOTAL":4.7,"2024":187,"2029":250},"Total population: 80 - 84 years":{"Demographic":null,"2020":67,"% OF TOTAL":2.8,"2024":101,"2029":147},"Total population: 85 years and over":{"Demographic":null,"2020":39,"% OF TOTAL":1.5,"2024":52,"2029":80},"Householders Age 15-24":{"Demographic":null,"2020":14,"% OF TOTAL":1.1,"2024":20,"2029":23},"Householders Age 25-34":{"Demographic":null,"2020":118,"% OF TOTAL":8.2,"2024":170,"2029":169},"Householders Age 35-44":{"Demographic":null,"2020":255,"% OF TOTAL":17.8,"2024":367,"2029":367},"Householders Age 45-54":{"Demographic":null,"2020":233,"% OF TOTAL":17.8,"2024":335,"2029":367},"Householders Age 55-64":{"Demographic":null,"2020":279,"% OF TOTAL":19.6,"2024":402,"2029":403},"Householders Age 65-74":{"Demographic":null,"2020":274,"% OF TOTAL":21.2,"2024":395,"2029":437},"Householders Age 75+":{"Demographic":null,"2020":146,"% OF TOTAL":14.1,"2024":209,"2029":291},"Household income: Average":{"Demographic":null,"2020":141698,"% OF TOTAL":null,"2024":154338,"2029":180514},"Household income: Less than 25k":{"Demographic":null,"2020":17,"% OF TOTAL":1.0,"2024":41,"2029":21},"Household income: 25k - 50k":{"Demographic":null,"2020":163,"% OF TOTAL":5.7,"2024":208,"2029":117},"Household income: 50k - 75k":{"Demographic":null,"2020":191,"% OF TOTAL":10.3,"2024":227,"2029":211},"Household income: 75k - 100k":{"Demographic":null,"2020":217,"% OF TOTAL":12.7,"2024":260,"2029":261},"Household income: 100k - 125k":{"Demographic":null,"2020":135,"% OF TOTAL":9.1,"2024":201,"2029":187},"Household income: 125k - 150k":{"Demographic":null,"2020":143,"% OF TOTAL":11.3,"2024":239,"2029":232},"Household income: 150k - 200k":{"Demographic":null,"2020":248,"% OF TOTAL":22.7,"2024":347,"2029":466},"Household income: Above 200k":{"Demographic":null,"2020":205,"% OF TOTAL":27.3,"2024":375,"2029":562},"White Alone":{"Demographic":null,"2020":2702,"% OF TOTAL":76.7,"2024":3796,"2029":4052},"Black or African American Alone":{"Demographic":null,"2020":265,"% OF TOTAL":7.3,"2024":363,"2029":387},"American Indian and Alaska Native Alone":{"Demographic":null,"2020":23,"% OF TOTAL":0.7,"2024":36,"2029":39},"Asian Alone":{"Demographic":null,"2020":149,"% OF TOTAL":4.5,"2024":221,"2029":237},"Native Hawaiian and OPI Alone":{"Demographic":null,"2020":0,"% OF TOTAL":0.0,"2024":0,"2029":0},"Some Other Race Alone":{"Demographic":null,"2020":36,"% OF TOTAL":1.0,"2024":50,"2029":53},"Two or More Races Alone":{"Demographic":null,"2020":312,"% OF TOTAL":9.7,"2024":482,"2029":515},"Not Hispanic or Latino":{"Demographic":null,"2020":3304,"% OF TOTAL":94.2,"2024":4664,"2029":4979},"Hispanic or Latino":{"Demographic":null,"2020":183,"% OF TOTAL":5.8,"2024":284,"2029":304},"Total Housing Units":{"Demographic":null,"2020":1372,"% OF TOTAL":null,"2024":null,"2029":null},"Owner Occupied Housing Units":{"Demographic":null,"2020":1244,"% OF TOTAL":null,"2024":1790,"2029":null},"Renter Occupied Housing Units":{"Demographic":null,"2020":75,"% OF TOTAL":null,"2024":108,"2029":null},"Housing Units Value Less Than 100k":{"Demographic":null,"2020":44,"% OF TOTAL":null,"2024":63,"2029":null},"Housing Units Value 100k - 200k":{"Demographic":null,"2020":39,"% OF TOTAL":null,"2024":56,"2029":null},"Housing Units Value 200k - 250k":{"Demographic":null,"2020":142,"% OF TOTAL":null,"2024":204,"2029":null},"Housing Units Value 250k - 300k":{"Demographic":null,"2020":63,"% OF TOTAL":null,"2024":91,"2029":null},"Housing Units Value 300k - 400k":{"Demographic":null,"2020":317,"% OF TOTAL":null,"2024":456,"2029":null},"Housing Units Value 400k - 500k":{"Demographic":null,"2020":279,"% OF TOTAL":null,"2024":402,"2029":null},"Housing Units Value 500k - 750k":{"Demographic":null,"2020":277,"% OF TOTAL":null,"2024":399,"2029":null},"Housing Units Value 750k - 1m":{"Demographic":null,"2020":23,"% OF TOTAL":null,"2024":33,"2029":null},"Housing Units Value 1m - 1.5m":{"Demographic":null,"2020":60,"% OF TOTAL":null,"2024":86,"2029":null},"Housing Units Value 1.5m - 2m":{"Demographic":null,"2020":0,"% OF TOTAL":null,"2024":0,"2029":null},"Housing Units Value >2m":{"Demographic":null,"2020":0,"% OF TOTAL":null,"2024":0,"2029":null},"Take Car or Truck to Work":{"Demographic":null,"2020":1237,"% OF TOTAL":null,"2024":1761,"2029":null},"Take Public Transportation to Work":{"Demographic":null,"2020":0,"% OF TOTAL":null,"2024":0,"2029":null},"Take Other Means of Transportation to Work":{"Demographic":null,"2020":0,"% OF TOTAL":null,"2024":0,"2029":null},"Average Travel Time (min)":{"Demographic":null,"2020":31,"% OF TOTAL":null,"2024":31,"2029":null},"Travel Below 30 Min to Work":{"Demographic":null,"2020":607,"% OF TOTAL":null,"2024":864,"2029":null},"Travel 30-60 Min to Work":{"Demographic":null,"2020":583,"% OF TOTAL":null,"2024":830,"2029":null},"Travel Above 60 Min to Work":{"Demographic":null,"2020":77,"% OF TOTAL":null,"2024":67,"2029":null},"Educational Attainment: No High School Diploma":{"Demographic":null,"2020":920,"% OF TOTAL":null,"2024":1310,"2029":null},"Educational Attainment: High School Diploma":{"Demographic":null,"2020":681,"% OF TOTAL":null,"2024":970,"2029":null},"Educational Attainment: Some College":{"Demographic":null,"2020":1355,"% OF TOTAL":null,"2024":1930,"2029":null},"Educational Attainment: Associate's Degree":{"Demographic":null,"2020":411,"% OF TOTAL":null,"2024":585,"2029":null},"Educational Attainment: Bachelors Degree":{"Demographic":null,"2020":479,"% OF TOTAL":null,"2024":682,"2029":null},"Educational Attainment: Advanced Degree":{"Demographic":null,"2020":286,"% OF TOTAL":null,"2024":407,"2029":null},"Households: Number of vehicles available - Average":{"Demographic":null,"2020":2,"% OF TOTAL":null,"2024":2,"2029":null},"Households: No Vehicle available":{"Demographic":null,"2020":0,"% OF TOTAL":null,"2024":0,"2029":null},"Households: 1 Vehicle available":{"Demographic":null,"2020":165,"% OF TOTAL":null,"2024":238,"2029":null},"Households: 2 Vehicles available":{"Demographic":null,"2020":788,"% OF TOTAL":null,"2024":1134,"2029":null},"Households: 3 Vehicles available":{"Demographic":null,"2020":254,"% OF TOTAL":null,"2024":365,"2029":null},"Households: 4 or more Vehicles available":{"Demographic":null,"2020":112,"% OF TOTAL":null,"2024":161,"2029":null}},"household_trends":{"Households":{"Demographic":null,"2020":1319,"% OF TOTAL":null,"2024":1898,"2029":2057},"Households Growth":{"Demographic":null,"2020":null,"% OF TOTAL":null,"2024":43.9,"2029":8.4},"Householder Age 15-24":{"Demographic":null,"2020":14,"% OF TOTAL":1.1,"2024":20,"2029":23},"Householder Age 25-34":{"Demographic":null,"2020":118,"% OF TOTAL":8.2,"2024":170,"2029":169},"Householder Age 35-44":{"Demographic":null,"2020":255,"% OF TOTAL":17.8,"2024":367,"2029":367},"Householder Age 45-54":{"Demographic":null,"2020":233,"% OF TOTAL":17.8,"2024":335,"2029":367},"Householder Age 55-64":{"Demographic":null,"2020":279,"% OF TOTAL":19.6,"2024":402,"2029":403},"Householder Age 65-74":{"Demographic":null,"2020":274,"% OF TOTAL":21.2,"2024":395,"2029":437},"Householder Age 75+":{"Demographic":null,"2020":146,"% OF TOTAL":14.1,"2024":209,"2029":291},"Average Household Size":{"Demographic":null,"2020":2.6,"% OF TOTAL":null,"2024":2.6,"2029":2.6},"1 Person Households":{"Demographic":null,"2020":185,"% OF TOTAL":14.1,"2024":256,"2029":290},"2 Person Households":{"Demographic":null,"2020":624,"% OF TOTAL":47.1,"2024":880,"2029":969},"3 Person Households":{"Demographic":null,"2020":241,"% OF TOTAL":18.2,"2024":340,"2029":375},"4 Person Households":{"Demographic":null,"2020":167,"% OF TOTAL":12.8,"2024":260,"2029":263},"5 Person Households":{"Demographic":null,"2020":74,"% OF TOTAL":5.7,"2024":116,"2029":117},"6 Person Households":{"Demographic":null,"2020":14,"% OF TOTAL":1.1,"2024":24,"2029":22},"7+ Person Households":{"Demographic":null,"2020":14,"% OF TOTAL":1.0,"2024":22,"2029":21},"Household Type: Family":{"Demographic":null,"2020":1081,"% OF TOTAL":null,"2024":1556,"2029":null},"Household Type: Married Family":{"Demographic":null,"2020":895,"% OF TOTAL":null,"2024":1288,"2029":null},"Household Type: Married Family With Children":{"Demographic":null,"2020":323,"% OF TOTAL":null,"2024":465,"2029":null},"Household Type: Married Family Without Children":{"Demographic":null,"2020":572,"% OF TOTAL":null,"2024":823,"2029":null},"Household Type: Other Family":{"Demographic":null,"2020":186,"% OF TOTAL":null,"2024":268,"2029":null},"Household Type: Male Households, No Wife":{"Demographic":null,"2020":59,"% OF TOTAL":null,"2024":85,"2029":null},"Household Type: Male Households, No Wife With Children":{"Demographic":null,"2020":28,"% OF TOTAL":null,"2024":40,"2029":null},"Household Type: Male Households, No Wife Without Children":{"Demographic":null,"2020":31,"% OF TOTAL":null,"2024":45,"2029":null},"Household Type: Female Households, No Husband":{"Demographic":null,"2020":127,"% OF TOTAL":null,"2024":183,"2029":null},"Household Type: Female Households, No Husband With Children":{"Demographic":null,"2020":48,"% OF TOTAL":null,"2024":69,"2029":null},"Household Type: Female Households, No Husband Without Children":{"Demographic":null,"2020":79,"% OF TOTAL":null,"2024":114,"2029":null},"Household Income: Average":{"Demographic":null,"2020":141698,"% OF TOTAL":null,"2024":154338,"2029":180514},"Household Income: Median":{"Demographic":null,"2020":0,"% OF TOTAL":null,"2024":126255,"2029":149893},"Household Income: Less than $25k":{"Demographic":null,"2020":17,"% OF TOTAL":1.0,"2024":41,"2029":21},"Household Income: $25k - $50k":{"Demographic":null,"2020":163,"% OF TOTAL":5.7,"2024":208,"2029":117},"Household Income: $50k - $75k":{"Demographic":null,"2020":191,"% OF TOTAL":10.3,"2024":227,"2029":211},"Household Income: $75k - $100k":{"Demographic":null,"2020":217,"% OF TOTAL":12.7,"2024":260,"2029":261},"Household Income: $100k - $125k":{"Demographic":null,"2020":135,"% OF TOTAL":9.1,"2024":201,"2029":187},"Household Income: $125k - $150k":{"Demographic":null,"2020":143,"% OF TOTAL":11.3,"2024":239,"2029":232},"Household Income: $150k - $200k":{"Demographic":null,"2020":248,"% OF TOTAL":22.7,"2024":347,"2029":466},"Household Income: Above $200k":{"Demographic":null,"2020":205,"% OF TOTAL":27.3,"2024":375,"2029":562},"Total Housing Units":{"Demographic":null,"2020":1372,"% OF TOTAL":null,"2024":null,"2029":null},"Owner Occupied Housing Units":{"Demographic":null,"2020":1244,"% OF TOTAL":null,"2024":1790,"2029":null},"Renter Occupied Housing Units":{"Demographic":null,"2020":75,"% OF TOTAL":null,"2024":108,"2029":null},"Vacant Housing Units":{"Demographic":null,"2020":53,"% OF TOTAL":null,"2024":null,"2029":null},"Vacant Housing Units: Seasonal":{"Demographic":null,"2020":9,"% OF TOTAL":null,"2024":null,"2029":null},"Vacant Housing Units: Other Usage":{"Demographic":null,"2020":44,"% OF TOTAL":null,"2024":null,"2029":null},"Average Housing Unit Value":{"Demographic":null,"2020":452040,"% OF TOTAL":null,"2024":452018,"2029":null},"Median Housing Unit Value":{"Demographic":null,"2020":406093,"% OF TOTAL":null,"2024":406219,"2029":null},"Housing Unit Value Less Than $100k":{"Demographic":null,"2020":44,"% OF TOTAL":null,"2024":63,"2029":null},"Housing Unit Value $100k-$200k":{"Demographic":null,"2020":39,"% OF TOTAL":null,"2024":56,"2029":null},"Housing Unit Value $200k-$250k":{"Demographic":null,"2020":142,"% OF TOTAL":null,"2024":204,"2029":null},"Housing Unit Value $250k-$300k":{"Demographic":null,"2020":63,"% OF TOTAL":null,"2024":91,"2029":null},"Housing Unit Value $300k-$400k":{"Demographic":null,"2020":317,"% OF TOTAL":null,"2024":456,"2029":null},"Housing Unit Value $400k-$500k":{"Demographic":null,"2020":279,"% OF TOTAL":null,"2024":402,"2029":null},"Housing Unit Value $500k-$750k":{"Demographic":null,"2020":277,"% OF TOTAL":null,"2024":399,"2029":null},"Housing Unit Value $750k-$1m":{"Demographic":null,"2020":23,"% OF TOTAL":null,"2024":33,"2029":null},"Housing Unit Value $1m-$1.5m":{"Demographic":null,"2020":60,"% OF TOTAL":null,"2024":86,"2029":null},"Housing Unit Value $1.5m-$2m":{"Demographic":null,"2020":0,"% OF TOTAL":null,"2024":0,"2029":null},"Housing Unit Value Above $2m":{"Demographic":null,"2020":0,"% OF TOTAL":null,"2024":0,"2029":null},"Median Housing Unit Year Built":{"Demographic":null,"2020":2013,"% OF TOTAL":null,"2024":2013,"2029":null},"Housing Units Built 2014 Or After":{"Demographic":null,"2020":98,"% OF TOTAL":null,"2024":141,"2029":null},"Housing Units Built 2010-2013":{"Demographic":null,"2020":787,"% OF TOTAL":null,"2024":1133,"2029":null},"Housing Units Built 2000-2009":{"Demographic":null,"2020":143,"% OF TOTAL":null,"2024":206,"2029":null},"Housing Units Built 1990-1999":{"Demographic":null,"2020":160,"% OF TOTAL":null,"2024":230,"2029":null},"Housing Units Built 1980-1989":{"Demographic":null,"2020":80,"% OF TOTAL":null,"2024":115,"2029":null},"Housing Units Built 1970-1979":{"Demographic":null,"2020":51,"% OF TOTAL":null,"2024":73,"2029":null},"Housing Units Built 1960-1969":{"Demographic":null,"2020":0,"% OF TOTAL":null,"2024":0,"2029":null},"Housing Units Built 1950-1959":{"Demographic":null,"2020":0,"% OF TOTAL":null,"2024":0,"2029":null},"Housing Units Built 1940-1949":{"Demographic":null,"2020":0,"% OF TOTAL":null,"2024":0,"2029":null},"Housing Units Built Before 1940":{"Demographic":null,"2020":0,"% OF TOTAL":null,"2024":0,"2029":null}}},"geometry":{"type":"Polygon","coordinates":[[[-87.37272024639145,30.503342910791574],[-87.37272024639145,30.5314627160063],[-87.339129692389,30.5314627160063],[-87.339129692389,30.503952787197896],[-87.37272024639145,30.503342910791574]]]}},{"type":"Feature","properties":{"block":"047","block_num":47,"submarket":"Cantonment","CentroidLon":-87.38957558282183,"CentroidLat":30.517249799072218,"data_status":"no data","is_anomalous":false,"anomaly_reason":null,"files_present":""},"geometry":{"type":"Polygon","coordinates":[[[-87.40631080039391,30.50273303438525],[-87.40631080039391,30.5314627160063],[-87.37272024639145,30.5314627160063],[-87.37272024639145,30.503342910791574],[-87.40631080039391,30.50273303438525]]]}},{"type":"Feature","properties":{"block":"048","block_num":48,"submarket":"Cantonment","CentroidLon":-87.2661547148039,"CentroidLat":30.51592498953972,"data_status":"usable","is_anomalous":false,"anomaly_reason":null,"files_present":"ConsumerSegmentation-26.08.10.csv;DemographicSnapshot-26.08.10.csv;HouseholdIncomeByAge-26.08.10.csv;HouseholdTrends-26.08.10.csv;PopulationTrends-26.08.10.csv","population_2024":1014,"population_2029":971,"households_2024":430,"households_2029":419,"median_household_income_2024":63649,"median_household_income_2029":88542,"mean_household_income_2024":null,"mean_household_income_2029":null,"median_age_2024":38,"median_age_2029":39,"median_home_value_2024":140710,"average_household_size_2024":2.4,"average_household_size_2029":2.3,"population_growth_2024_2029":-6.5,"households_growth_2024_2029":-5.1,"consumer_segments":{"Entry Level Suburban":{"households":109,"pct":24.8},"Active Adult Feature and Location":{"households":78,"pct":17.8},"Renters":{"households":74,"pct":16.9},"Renters Near Term Buyers":{"households":56,"pct":12.8},"Entry Level Urban":{"households":49,"pct":11.2},"Active Adult Entry Level":{"households":23,"pct":5.2},"Active Adult Elite":{"households":12,"pct":2.7},"Elite":{"households":10,"pct":2.3},"Family Life Young Children":{"households":8,"pct":1.8},"Feature and Location":{"households":8,"pct":1.8},"Simple Life Affluent No Children":{"households":5,"pct":1.1},"Family Life School Age Children":{"households":4,"pct":0.9},"Simple Life Moderate Income With Children":{"households":2,"pct":0.5},"Simple Life Moderate Income No Children":{"households":1,"pct":0.2}},"income_age":{"2020":{},"2024":{},"2029":{}},"population_trends":{"Total Population":{"Demographic":null,"2020":1085,"% OF TOTAL":null,"2024":1014,"2029":971},"Population Growth":{"Demographic":null,"2020":null,"% OF TOTAL":null,"2024":-6.5,"2029":-4.2},"Female Population":{"Demographic":null,"2020":544,"% OF TOTAL":50.3,"2024":509,"2029":488},"Male Population":{"Demographic":null,"2020":541,"% OF TOTAL":49.7,"2024":505,"2029":483},"Total population: Median Age":{"Demographic":null,"2020":38,"% OF TOTAL":null,"2024":38,"2029":39},"Total population: Under 5 years":{"Demographic":null,"2020":88,"% OF TOTAL":6.8,"2024":78,"2029":66},"Total population: 5 - 9 years":{"Demographic":null,"2020":91,"% OF TOTAL":7.8,"2024":84,"2029":76},"Total population: 10 - 14 years":{"Demographic":null,"2020":52,"% OF TOTAL":5.4,"2024":46,"2029":52},"Total population: 15 - 19 years":{"Demographic":null,"2020":70,"% OF TOTAL":6.1,"2024":68,"2029":59},"Total population: 20 - 24 years":{"Demographic":null,"2020":55,"% OF TOTAL":5.5,"2024":49,"2029":53},"Total population: 25 - 29 years":{"Demographic":null,"2020":80,"% OF TOTAL":6.3,"2024":71,"2029":61},"Total population: 30 - 34 years":{"Demographic":null,"2020":64,"% OF TOTAL":6.1,"2024":62,"2029":59},"Total population: 35 - 39 years":{"Demographic":null,"2020":68,"% OF TOTAL":6.6,"2024":68,"2029":64},"Total population: 40 - 44 years":{"Demographic":null,"2020":67,"% OF TOTAL":6.8,"2024":72,"2029":66},"Total population: 45 - 49 years":{"Demographic":null,"2020":56,"% OF TOTAL":5.7,"2024":50,"2029":55},"Total population: 50 - 54 years":{"Demographic":null,"2020":65,"% OF TOTAL":5.8,"2024":62,"2029":56},"Total population: 55 - 59 years":{"Demographic":null,"2020":81,"% OF TOTAL":6.1,"2024":65,"2029":59},"Total population: 60 - 64 years":{"Demographic":null,"2020":87,"% OF TOTAL":7.2,"2024":81,"2029":70},"Total population: 65 - 69 years":{"Demographic":null,"2020":61,"% OF TOTAL":6.2,"2024":59,"2029":60},"Total population: 70 - 74 years":{"Demographic":null,"2020":32,"% OF TOTAL":4.1,"2024":30,"2029":40},"Total population: 75 - 79 years":{"Demographic":null,"2020":36,"% OF TOTAL":3.8,"2024":40,"2029":37},"Total population: 80 - 84 years":{"Demographic":null,"2020":16,"% OF TOTAL":2.4,"2024":16,"2029":23},"Total population: 85 years and over":{"Demographic":null,"2020":16,"% OF TOTAL":1.5,"2024":13,"2029":15},"Female population: Median Age":{"Demographic":null,"2020":40,"% OF TOTAL":null,"2024":40,"2029":41},"Female population: Under 5 years":{"Demographic":null,"2020":44,"% OF TOTAL":6.8,"2024":39,"2029":33},"Female population: 5 - 9 years":{"Demographic":null,"2020":40,"% OF TOTAL":7.2,"2024":38,"2029":35},"Female population: 10 - 14 years":{"Demographic":null,"2020":24,"% OF TOTAL":4.9,"2024":22,"2029":24},"Female population: 15 - 19 years":{"Demographic":null,"2020":27,"% OF TOTAL":4.9,"2024":26,"2029":24},"Female population: 20 - 24 years":{"Demographic":null,"2020":32,"% OF TOTAL":5.3,"2024":29,"2029":26},"Female population: 25 - 29 years":{"Demographic":null,"2020":33,"% OF TOTAL":5.7,"2024":30,"2029":28},"Female population: 30 - 34 years":{"Demographic":null,"2020":33,"% OF TOTAL":5.9,"2024":32,"2029":29},"Female population: 35 - 39 years":{"Demographic":null,"2020":38,"% OF TOTAL":7.0,"2024":36,"2029":34},"Female population: 40 - 44 years":{"Demographic":null,"2020":37,"% OF TOTAL":7.4,"2024":40,"2029":36},"Female population: 45 - 49 years":{"Demographic":null,"2020":31,"% OF TOTAL":6.4,"2024":28,"2029":31},"Female population: 50 - 54 years":{"Demographic":null,"2020":31,"% OF TOTAL":5.7,"2024":29,"2029":28},"Female population: 55 - 59 years":{"Demographic":null,"2020":38,"% OF TOTAL":5.9,"2024":31,"2029":29},"Female population: 60 - 64 years":{"Demographic":null,"2020":44,"% OF TOTAL":7.0,"2024":40,"2029":34},"Female population: 65 - 69 years":{"Demographic":null,"2020":34,"% OF TOTAL":6.1,"2024":31,"2029":30},"Female population: 70 - 74 years":{"Demographic":null,"2020":17,"% OF TOTAL":4.3,"2024":16,"2029":21},"Female population: 75 - 79 years":{"Demographic":null,"2020":19,"% OF TOTAL":4.3,"2024":22,"2029":21},"Female population: 80 - 84 years":{"Demographic":null,"2020":12,"% OF TOTAL":3.1,"2024":12,"2029":15},"Female population: 85 years and over":{"Demographic":null,"2020":10,"% OF TOTAL":2.0,"2024":8,"2029":10},"Male population: Median Age":{"Demographic":null,"2020":35,"% OF TOTAL":null,"2024":36,"2029":37},"Male population: Under 5 years":{"Demographic":null,"2020":44,"% OF TOTAL":6.8,"2024":39,"2029":33},"Male population: 5 - 9 years":{"Demographic":null,"2020":51,"% OF TOTAL":8.5,"2024":46,"2029":41},"Male population: 10 - 14 years":{"Demographic":null,"2020":28,"% OF TOTAL":5.8,"2024":24,"2029":28},"Male population: 15 - 19 years":{"Demographic":null,"2020":43,"% OF TOTAL":7.2,"2024":42,"2029":35},"Male population: 20 - 24 years":{"Demographic":null,"2020":23,"% OF TOTAL":5.6,"2024":20,"2029":27},"Male population: 25 - 29 years":{"Demographic":null,"2020":47,"% OF TOTAL":6.8,"2024":41,"2029":33},"Male population: 30 - 34 years":{"Demographic":null,"2020":31,"% OF TOTAL":6.2,"2024":30,"2029":30},"Male population: 35 - 39 years":{"Demographic":null,"2020":30,"% OF TOTAL":6.2,"2024":32,"2029":30},"Male population: 40 - 44 years":{"Demographic":null,"2020":30,"% OF TOTAL":6.2,"2024":32,"2029":30},"Male population: 45 - 49 years":{"Demographic":null,"2020":25,"% OF TOTAL":5.0,"2024":22,"2029":24},"Male population: 50 - 54 years":{"Demographic":null,"2020":34,"% OF TOTAL":5.8,"2024":33,"2029":28},"Male population: 55 - 59 years":{"Demographic":null,"2020":43,"% OF TOTAL":6.2,"2024":34,"2029":30},"Male population: 60 - 64 years":{"Demographic":null,"2020":43,"% OF TOTAL":7.5,"2024":41,"2029":36},"Male population: 65 - 69 years":{"Demographic":null,"2020":27,"% OF TOTAL":6.2,"2024":28,"2029":30},"Male population: 70 - 74 years":{"Demographic":null,"2020":15,"% OF TOTAL":3.9,"2024":14,"2029":19},"Male population: 75 - 79 years":{"Demographic":null,"2020":17,"% OF TOTAL":3.3,"2024":18,"2029":16},"Male population: 80 - 84 years":{"Demographic":null,"2020":4,"% OF TOTAL":1.7,"2024":4,"2029":8},"Male population: 85 years and over":{"Demographic":null,"2020":6,"% OF TOTAL":1.0,"2024":5,"2029":5},"White alone":{"Demographic":null,"2020":638,"% OF TOTAL":58.4,"2024":592,"2029":567},"Black alone":{"Demographic":null,"2020":225,"% OF TOTAL":19.9,"2024":202,"2029":193},"American Indian and Alaska Native alone":{"Demographic":null,"2020":12,"% OF TOTAL":1.2,"2024":12,"2029":12},"Asian alone":{"Demographic":null,"2020":17,"% OF TOTAL":1.5,"2024":16,"2029":15},"Native Hawaiian and OPI alone":{"Demographic":null,"2020":1,"% OF TOTAL":0.1,"2024":1,"2029":1},"Some other race alone":{"Demographic":null,"2020":84,"% OF TOTAL":7.8,"2024":79,"2029":76},"Two or more races alone":{"Demographic":null,"2020":108,"% OF TOTAL":11.0,"2024":112,"2029":107},"Not Hispanic: White alone":{"Demographic":null,"2020":575,"% OF TOTAL":52.0,"2024":527,"2029":505},"Not Hispanic: Black or African American alone":{"Demographic":null,"2020":219,"% OF TOTAL":19.3,"2024":196,"2029":187},"Not Hispanic: American Indian and Alaska Native alone":{"Demographic":null,"2020":9,"% OF TOTAL":0.8,"2024":8,"2029":8},"Not Hispanic: Asian alone":{"Demographic":null,"2020":17,"% OF TOTAL":1.5,"2024":16,"2029":15},"Not Hispanic: Native Hawaiian and OPI alone":{"Demographic":null,"2020":0,"% OF TOTAL":0.0,"2024":0,"2029":0},"Not Hispanic: Some Other Race alone":{"Demographic":null,"2020":3,"% OF TOTAL":0.3,"2024":3,"2029":3},"Not Hispanic: Two or More Races":{"Demographic":null,"2020":66,"% OF TOTAL":6.5,"2024":66,"2029":63},"Hispanic: White alone":{"Demographic":null,"2020":63,"% OF TOTAL":6.4,"2024":65,"2029":62},"Hispanic: Black or African American alone":{"Demographic":null,"2020":6,"% OF TOTAL":0.6,"2024":6,"2029":6},"Hispanic: American Indian and Alaska Native alone":{"Demographic":null,"2020":3,"% OF TOTAL":0.4,"2024":4,"2029":4},"Hispanic: Asian alone":{"Demographic":null,"2020":0,"% OF TOTAL":0.0,"2024":0,"2029":0},"Hispanic: Native Hawaiian and OPI alone":{"Demographic":null,"2020":1,"% OF TOTAL":0.1,"2024":1,"2029":1},"Hispanic: Some Other Race alone":{"Demographic":null,"2020":81,"% OF TOTAL":7.5,"2024":76,"2029":73},"Hispanic: Two or More Races":{"Demographic":null,"2020":42,"% OF TOTAL":4.5,"2024":46,"2029":44},"Educational Attainment: No High School Diploma":{"Demographic":null,"2020":62,"% OF TOTAL":null,"2024":58,"2029":null},"Educational Attainment: High School Diploma":{"Demographic":null,"2020":279,"% OF TOTAL":null,"2024":264,"2029":null},"Educational Attainment: Some College":{"Demographic":null,"2020":163,"% OF TOTAL":null,"2024":154,"2029":null},"Educational Attainment: Associates Degree":{"Demographic":null,"2020":201,"% OF TOTAL":null,"2024":190,"2029":null},"Educational Attainment: Bachelors Degree":{"Demographic":null,"2020":24,"% OF TOTAL":null,"2024":23,"2029":null},"Educational Attainment: Advanced Degree":{"Demographic":null,"2020":0,"% OF TOTAL":null,"2024":0,"2029":null},"Employment Status: Armed Forces":{"Demographic":null,"2020":0,"% OF TOTAL":null,"2024":0,"2029":null},"Employment Status: Civilian labor force employed":{"Demographic":null,"2020":537,"% OF TOTAL":null,"2024":505,"2029":null},"Employment Status: Civilian labor force unemployed":{"Demographic":null,"2020":12,"% OF TOTAL":null,"2024":11,"2029":null},"Employment Status: Not in labor force":{"Demographic":null,"2020":291,"% OF TOTAL":null,"2024":274,"2029":null},"Employed in Agriculture and Mining Industries":{"Demographic":null,"2020":0,"% OF TOTAL":null,"2024":0,"2029":null},"Employed in Construction Industries":{"Demographic":null,"2020":91,"% OF TOTAL":null,"2024":86,"2029":null},"Employed in Manufacturing Industries":{"Demographic":null,"2020":35,"% OF TOTAL":null,"2024":33,"2029":null},"Employed in Wholesale Industries":{"Demographic":null,"2020":12,"% OF TOTAL":null,"2024":11,"2029":null},"Employed in Retail Industries":{"Demographic":null,"2020":115,"% OF TOTAL":null,"2024":108,"2029":null},"Employed in Transportation and Utilities Industries":{"Demographic":null,"2020":29,"% OF TOTAL":null,"2024":27,"2029":null},"Employed in Information Industries":{"Demographic":null,"2020":0,"% OF TOTAL":null,"2024":0,"2029":null},"Employed in Real-Estate Industries":{"Demographic":null,"2020":47,"% OF TOTAL":null,"2024":44,"2029":null},"Employed in Professional Industries":{"Demographic":null,"2020":63,"% OF TOTAL":null,"2024":59,"2029":null},"Employed in Health and Education Industries":{"Demographic":null,"2020":71,"% OF TOTAL":null,"2024":67,"2029":null},"Employed in Art Industries":{"Demographic":null,"2020":22,"% OF TOTAL":null,"2024":21,"2029":null},"Employed in Other Industries":{"Demographic":null,"2020":0,"% OF TOTAL":null,"2024":0,"2029":null},"Employed in Public Administration Industries":{"Demographic":null,"2020":52,"% OF TOTAL":null,"2024":49,"2029":null},"Occupation: Management":{"Demographic":null,"2020":0,"% OF TOTAL":null,"2024":0,"2029":null},"Occupation: Business and financial operations":{"Demographic":null,"2020":0,"% OF TOTAL":null,"2024":0,"2029":null},"Occupation: Computer and mathematical":{"Demographic":null,"2020":0,"% OF TOTAL":null,"2024":0,"2029":null},"Occupation: Architecture and engineering":{"Demographic":null,"2020":0,"% OF TOTAL":null,"2024":0,"2029":null},"Occupation: Life, physical, and social science":{"Demographic":null,"2020":0,"% OF TOTAL":null,"2024":0,"2029":null},"Occupation: Community and social service":{"Demographic":null,"2020":0,"% OF TOTAL":null,"2024":0,"2029":null},"Occupation: Legal":{"Demographic":null,"2020":0,"% OF TOTAL":null,"2024":0,"2029":null},"Occupation: Education, training, and library":{"Demographic":null,"2020":0,"% OF TOTAL":null,"2024":0,"2029":null},"Occupation: Arts, design, entertainment, sports, and media":{"Demographic":null,"2020":0,"% OF TOTAL":null,"2024":0,"2029":null},"Occupation: Health diagnosing and treating practitioners":{"Demographic":null,"2020":0,"% OF TOTAL":null,"2024":0,"2029":null},"Occupation: Health technologists and technicians":{"Demographic":null,"2020":0,"% OF TOTAL":null,"2024":0,"2029":null},"Occupation: Healthcare support":{"Demographic":null,"2020":0,"% OF TOTAL":null,"2024":0,"2029":null},"Occupation: Fire fighting and prevention":{"Demographic":null,"2020":0,"% OF TOTAL":null,"2024":0,"2029":null},"Occupation: Law enforcement workers":{"Demographic":null,"2020":0,"% OF TOTAL":null,"2024":0,"2029":null},"Occupation: Food preparation and serving related":{"Demographic":null,"2020":22,"% OF TOTAL":null,"2024":21,"2029":null},"Occupation: Building and grounds cleaning and maintenance":{"Demographic":null,"2020":49,"% OF TOTAL":null,"2024":46,"2029":null},"Occupation: Personal care and service":{"Demographic":null,"2020":0,"% OF TOTAL":null,"2024":0,"2029":null},"Occupation: Sales and related":{"Demographic":null,"2020":137,"% OF TOTAL":null,"2024":129,"2029":null},"Occupation: Office and administrative support":{"Demographic":null,"2020":224,"% OF TOTAL":null,"2024":211,"2029":null},"Occupation: Farming, fishing, and forestry":{"Demographic":null,"2020":0,"% OF TOTAL":null,"2024":0,"2029":null},"Occupation: Construction and extraction":{"Demographic":null,"2020":44,"% OF TOTAL":null,"2024":41,"2029":null},"Occupation: Installation, maintenance, and repair":{"Demographic":null,"2020":0,"% OF TOTAL":null,"2024":0,"2029":null},"Occupation: Production":{"Demographic":null,"2020":35,"% OF TOTAL":null,"2024":33,"2029":null},"Occupation: Transportation":{"Demographic":null,"2020":14,"% OF TOTAL":null,"2024":13,"2029":null},"Occupation: Material moving":{"Demographic":null,"2020":12,"% OF TOTAL":null,"2024":11,"2029":null},"White collar":{"Demographic":null,"2020":361,"% OF TOTAL":null,"2024":340,"2029":null},"Blue collar":{"Demographic":null,"2020":176,"% OF TOTAL":null,"2024":165,"2029":null},"Means of transportation: Car, truck or van":{"Demographic":null,"2020":402,"% OF TOTAL":null,"2024":378,"2029":null},"Means of transportation: Public transportation":{"Demographic":null,"2020":0,"% OF TOTAL":null,"2024":0,"2029":null},"Means of transportation: Other":{"Demographic":null,"2020":0,"% OF TOTAL":null,"2024":0,"2029":null},"Travel time: Average (in minutes)":{"Demographic":null,"2020":21,"% OF TOTAL":null,"2024":21,"2029":null},"Travel time to work: Less than 30 minutes":{"Demographic":null,"2020":338,"% OF TOTAL":null,"2024":318,"2029":null},"Travel time to work: 30 to 60 minutes":{"Demographic":null,"2020":64,"% OF TOTAL":null,"2024":60,"2029":null},"Travel time to work: 60 or more minutes":{"Demographic":null,"2020":0,"% OF TOTAL":null,"2024":0,"2029":null}},"demographic_snapshot":{"Total Population":{"Demographic":null,"2020":1085,"% OF TOTAL":null,"2024":1014,"2029":971},"Households":{"Demographic":null,"2020":453,"% OF TOTAL":null,"2024":430,"2029":419},"Population in Group Quarters":{"Demographic":null,"2020":0,"% OF TOTAL":null,"2024":0,"2029":0},"Households Growth":{"Demographic":null,"2020":null,"% OF TOTAL":null,"2024":-5.1,"2029":-2.6},"Household Income: Median":{"Demographic":null,"2020":0,"% OF TOTAL":null,"2024":63649,"2029":88542},"Home Value: Median":{"Demographic":null,"2020":140385,"% OF TOTAL":null,"2024":140710,"2029":null},"Population Growth":{"Demographic":null,"2020":null,"% OF TOTAL":null,"2024":-6.5,"2029":-4.2},"Total Population: Under 19 years":{"Demographic":null,"2020":301,"% OF TOTAL":26.1,"2024":276,"2029":253},"Total Population: 20 - 64 years":{"Demographic":null,"2020":623,"% OF TOTAL":55.9,"2024":580,"2029":543},"Total Population: 65 years and over":{"Demographic":null,"2020":161,"% OF TOTAL":18.0,"2024":158,"2029":175},"Total population: Median age":{"Demographic":null,"2020":38,"% OF TOTAL":null,"2024":38,"2029":39},"Total population: Under 5 years":{"Demographic":null,"2020":88,"% OF TOTAL":6.8,"2024":78,"2029":66},"Total population: 5 - 9 years":{"Demographic":null,"2020":91,"% OF TOTAL":7.8,"2024":84,"2029":76},"Total population: 10 - 14 years":{"Demographic":null,"2020":52,"% OF TOTAL":5.4,"2024":46,"2029":52},"Total population: 15 - 19 years":{"Demographic":null,"2020":70,"% OF TOTAL":6.1,"2024":68,"2029":59},"Total population: 20 - 24 years":{"Demographic":null,"2020":55,"% OF TOTAL":5.5,"2024":49,"2029":53},"Total population: 25 - 29 years":{"Demographic":null,"2020":80,"% OF TOTAL":6.3,"2024":71,"2029":61},"Total population: 30 - 34 years":{"Demographic":null,"2020":64,"% OF TOTAL":6.1,"2024":62,"2029":59},"Total population: 35 - 39 years":{"Demographic":null,"2020":68,"% OF TOTAL":6.6,"2024":68,"2029":64},"Total population: 40 - 44 years":{"Demographic":null,"2020":67,"% OF TOTAL":6.8,"2024":72,"2029":66},"Total population: 45 - 49 years":{"Demographic":null,"2020":56,"% OF TOTAL":5.7,"2024":50,"2029":55},"Total population: 50 - 54 years":{"Demographic":null,"2020":65,"% OF TOTAL":5.8,"2024":62,"2029":56},"Total population: 55 - 59 years":{"Demographic":null,"2020":81,"% OF TOTAL":6.1,"2024":65,"2029":59},"Total population: 60 - 64 years":{"Demographic":null,"2020":87,"% OF TOTAL":7.2,"2024":81,"2029":70},"Total population: 65 - 69 years":{"Demographic":null,"2020":61,"% OF TOTAL":6.2,"2024":59,"2029":60},"Total population: 70 - 74 years":{"Demographic":null,"2020":32,"% OF TOTAL":4.1,"2024":30,"2029":40},"Total population: 75 - 79 years":{"Demographic":null,"2020":36,"% OF TOTAL":3.8,"2024":40,"2029":37},"Total population: 80 - 84 years":{"Demographic":null,"2020":16,"% OF TOTAL":2.4,"2024":16,"2029":23},"Total population: 85 years and over":{"Demographic":null,"2020":16,"% OF TOTAL":1.5,"2024":13,"2029":15},"Householders Age 15-24":{"Demographic":null,"2020":22,"% OF TOTAL":5.0,"2024":21,"2029":21},"Householders Age 25-34":{"Demographic":null,"2020":75,"% OF TOTAL":15.8,"2024":71,"2029":66},"Householders Age 35-44":{"Demographic":null,"2020":55,"% OF TOTAL":11.7,"2024":52,"2029":49},"Householders Age 45-54":{"Demographic":null,"2020":64,"% OF TOTAL":14.6,"2024":61,"2029":61},"Householders Age 55-64":{"Demographic":null,"2020":111,"% OF TOTAL":22.4,"2024":105,"2029":94},"Householders Age 65-74":{"Demographic":null,"2020":74,"% OF TOTAL":18.9,"2024":70,"2029":79},"Householders Age 75+":{"Demographic":null,"2020":52,"% OF TOTAL":11.7,"2024":50,"2029":49},"Household income: Average":{"Demographic":null,"2020":63460,"% OF TOTAL":null,"2024":66558,"2029":76617},"Household income: Less than 25k":{"Demographic":null,"2020":104,"% OF TOTAL":16.0,"2024":101,"2029":67},"Household income: 25k - 50k":{"Demographic":null,"2020":106,"% OF TOTAL":20.8,"2024":94,"2029":87},"Household income: 50k - 75k":{"Demographic":null,"2020":63,"% OF TOTAL":11.7,"2024":48,"2029":49},"Household income: 75k - 100k":{"Demographic":null,"2020":31,"% OF TOTAL":2.9,"2024":24,"2029":12},"Household income: 100k - 125k":{"Demographic":null,"2020":122,"% OF TOTAL":37.2,"2024":129,"2029":156},"Household income: 125k - 150k":{"Demographic":null,"2020":25,"% OF TOTAL":9.5,"2024":32,"2029":40},"Household income: 150k - 200k":{"Demographic":null,"2020":2,"% OF TOTAL":1.9,"2024":2,"2029":8},"Household income: Above 200k":{"Demographic":null,"2020":0,"% OF TOTAL":0.0,"2024":0,"2029":0},"White Alone":{"Demographic":null,"2020":638,"% OF TOTAL":58.4,"2024":592,"2029":567},"Black or African American Alone":{"Demographic":null,"2020":225,"% OF TOTAL":19.9,"2024":202,"2029":193},"American Indian and Alaska Native Alone":{"Demographic":null,"2020":12,"% OF TOTAL":1.2,"2024":12,"2029":12},"Asian Alone":{"Demographic":null,"2020":17,"% OF TOTAL":1.5,"2024":16,"2029":15},"Native Hawaiian and OPI Alone":{"Demographic":null,"2020":1,"% OF TOTAL":0.1,"2024":1,"2029":1},"Some Other Race Alone":{"Demographic":null,"2020":84,"% OF TOTAL":7.8,"2024":79,"2029":76},"Two or More Races Alone":{"Demographic":null,"2020":108,"% OF TOTAL":11.0,"2024":112,"2029":107},"Not Hispanic or Latino":{"Demographic":null,"2020":889,"% OF TOTAL":80.4,"2024":816,"2029":781},"Hispanic or Latino":{"Demographic":null,"2020":196,"% OF TOTAL":19.6,"2024":198,"2029":190},"Total Housing Units":{"Demographic":null,"2020":495,"% OF TOTAL":null,"2024":null,"2029":null},"Owner Occupied Housing Units":{"Demographic":null,"2020":258,"% OF TOTAL":null,"2024":245,"2029":null},"Renter Occupied Housing Units":{"Demographic":null,"2020":195,"% OF TOTAL":null,"2024":185,"2029":null},"Housing Units Value Less Than 100k":{"Demographic":null,"2020":78,"% OF TOTAL":null,"2024":73,"2029":null},"Housing Units Value 100k - 200k":{"Demographic":null,"2020":109,"% OF TOTAL":null,"2024":104,"2029":null},"Housing Units Value 200k - 250k":{"Demographic":null,"2020":5,"% OF TOTAL":null,"2024":5,"2029":null},"Housing Units Value 250k - 300k":{"Demographic":null,"2020":46,"% OF TOTAL":null,"2024":44,"2029":null},"Housing Units Value 300k - 400k":{"Demographic":null,"2020":20,"% OF TOTAL":null,"2024":19,"2029":null},"Housing Units Value 400k - 500k":{"Demographic":null,"2020":0,"% OF TOTAL":null,"2024":0,"2029":null},"Housing Units Value 500k - 750k":{"Demographic":null,"2020":0,"% OF TOTAL":null,"2024":0,"2029":null},"Housing Units Value 750k - 1m":{"Demographic":null,"2020":0,"% OF TOTAL":null,"2024":0,"2029":null},"Housing Units Value 1m - 1.5m":{"Demographic":null,"2020":0,"% OF TOTAL":null,"2024":0,"2029":null},"Housing Units Value 1.5m - 2m":{"Demographic":null,"2020":0,"% OF TOTAL":null,"2024":0,"2029":null},"Housing Units Value >2m":{"Demographic":null,"2020":0,"% OF TOTAL":null,"2024":0,"2029":null},"Take Car or Truck to Work":{"Demographic":null,"2020":402,"% OF TOTAL":null,"2024":378,"2029":null},"Take Public Transportation to Work":{"Demographic":null,"2020":0,"% OF TOTAL":null,"2024":0,"2029":null},"Take Other Means of Transportation to Work":{"Demographic":null,"2020":0,"% OF TOTAL":null,"2024":0,"2029":null},"Average Travel Time (min)":{"Demographic":null,"2020":22,"% OF TOTAL":null,"2024":22,"2029":null},"Travel Below 30 Min to Work":{"Demographic":null,"2020":338,"% OF TOTAL":null,"2024":318,"2029":null},"Travel 30-60 Min to Work":{"Demographic":null,"2020":64,"% OF TOTAL":null,"2024":60,"2029":null},"Travel Above 60 Min to Work":{"Demographic":null,"2020":21,"% OF TOTAL":null,"2024":0,"2029":null},"Educational Attainment: No High School Diploma":{"Demographic":null,"2020":341,"% OF TOTAL":null,"2024":322,"2029":null},"Educational Attainment: High School Diploma":{"Demographic":null,"2020":279,"% OF TOTAL":null,"2024":264,"2029":null},"Educational Attainment: Some College":{"Demographic":null,"2020":388,"% OF TOTAL":null,"2024":367,"2029":null},"Educational Attainment: Associate's Degree":{"Demographic":null,"2020":201,"% OF TOTAL":null,"2024":190,"2029":null},"Educational Attainment: Bachelors Degree":{"Demographic":null,"2020":24,"% OF TOTAL":null,"2024":23,"2029":null},"Educational Attainment: Advanced Degree":{"Demographic":null,"2020":0,"% OF TOTAL":null,"2024":0,"2029":null},"Households: Number of vehicles available - Average":{"Demographic":null,"2020":1,"% OF TOTAL":null,"2024":1,"2029":null},"Households: No Vehicle available":{"Demographic":null,"2020":71,"% OF TOTAL":null,"2024":67,"2029":null},"Households: 1 Vehicle available":{"Demographic":null,"2020":92,"% OF TOTAL":null,"2024":87,"2029":null},"Households: 2 Vehicles available":{"Demographic":null,"2020":156,"% OF TOTAL":null,"2024":148,"2029":null},"Households: 3 Vehicles available":{"Demographic":null,"2020":134,"% OF TOTAL":null,"2024":128,"2029":null},"Households: 4 or more Vehicles available":{"Demographic":null,"2020":0,"% OF TOTAL":null,"2024":0,"2029":null}},"household_trends":{"Households":{"Demographic":null,"2020":453,"% OF TOTAL":null,"2024":430,"2029":419},"Households Growth":{"Demographic":null,"2020":null,"% OF TOTAL":null,"2024":-5.1,"2029":-2.6},"Householder Age 15-24":{"Demographic":null,"2020":22,"% OF TOTAL":5.0,"2024":21,"2029":21},"Householder Age 25-34":{"Demographic":null,"2020":75,"% OF TOTAL":15.8,"2024":71,"2029":66},"Householder Age 35-44":{"Demographic":null,"2020":55,"% OF TOTAL":11.7,"2024":52,"2029":49},"Householder Age 45-54":{"Demographic":null,"2020":64,"% OF TOTAL":14.6,"2024":61,"2029":61},"Householder Age 55-64":{"Demographic":null,"2020":111,"% OF TOTAL":22.4,"2024":105,"2029":94},"Householder Age 65-74":{"Demographic":null,"2020":74,"% OF TOTAL":18.9,"2024":70,"2029":79},"Householder Age 75+":{"Demographic":null,"2020":52,"% OF TOTAL":11.7,"2024":50,"2029":49},"Average Household Size":{"Demographic":null,"2020":2.4,"% OF TOTAL":null,"2024":2.4,"2029":2.3},"1 Person Households":{"Demographic":null,"2020":164,"% OF TOTAL":36.0,"2024":151,"2029":151},"2 Person Households":{"Demographic":null,"2020":132,"% OF TOTAL":28.9,"2024":119,"2029":121},"3 Person Households":{"Demographic":null,"2020":81,"% OF TOTAL":17.7,"2024":74,"2029":74},"4 Person Households":{"Demographic":null,"2020":42,"% OF TOTAL":9.5,"2024":47,"2029":40},"5 Person Households":{"Demographic":null,"2020":15,"% OF TOTAL":3.3,"2024":18,"2029":14},"6 Person Households":{"Demographic":null,"2020":14,"% OF TOTAL":3.3,"2024":15,"2029":14},"7+ Person Households":{"Demographic":null,"2020":5,"% OF TOTAL":1.2,"2024":6,"2029":5},"Household Type: Family":{"Demographic":null,"2020":250,"% OF TOTAL":null,"2024":237,"2029":null},"Household Type: Married Family":{"Demographic":null,"2020":146,"% OF TOTAL":null,"2024":138,"2029":null},"Household Type: Married Family With Children":{"Demographic":null,"2020":44,"% OF TOTAL":null,"2024":41,"2029":null},"Household Type: Married Family Without Children":{"Demographic":null,"2020":102,"% OF TOTAL":null,"2024":97,"2029":null},"Household Type: Other Family":{"Demographic":null,"2020":104,"% OF TOTAL":null,"2024":99,"2029":null},"Household Type: Male Households, No Wife":{"Demographic":null,"2020":29,"% OF TOTAL":null,"2024":28,"2029":null},"Household Type: Male Households, No Wife With Children":{"Demographic":null,"2020":13,"% OF TOTAL":null,"2024":13,"2029":null},"Household Type: Male Households, No Wife Without Children":{"Demographic":null,"2020":16,"% OF TOTAL":null,"2024":15,"2029":null},"Household Type: Female Households, No Husband":{"Demographic":null,"2020":75,"% OF TOTAL":null,"2024":71,"2029":null},"Household Type: Female Households, No Husband With Children":{"Demographic":null,"2020":40,"% OF TOTAL":null,"2024":38,"2029":null},"Household Type: Female Households, No Husband Without Children":{"Demographic":null,"2020":35,"% OF TOTAL":null,"2024":33,"2029":null},"Household Income: Average":{"Demographic":null,"2020":63460,"% OF TOTAL":null,"2024":66558,"2029":76617},"Household Income: Median":{"Demographic":null,"2020":0,"% OF TOTAL":null,"2024":63649,"2029":88542},"Household Income: Less than $25k":{"Demographic":null,"2020":104,"% OF TOTAL":16.0,"2024":101,"2029":67},"Household Income: $25k - $50k":{"Demographic":null,"2020":106,"% OF TOTAL":20.8,"2024":94,"2029":87},"Household Income: $50k - $75k":{"Demographic":null,"2020":63,"% OF TOTAL":11.7,"2024":48,"2029":49},"Household Income: $75k - $100k":{"Demographic":null,"2020":31,"% OF TOTAL":2.9,"2024":24,"2029":12},"Household Income: $100k - $125k":{"Demographic":null,"2020":122,"% OF TOTAL":37.2,"2024":129,"2029":156},"Household Income: $125k - $150k":{"Demographic":null,"2020":25,"% OF TOTAL":9.5,"2024":32,"2029":40},"Household Income: $150k - $200k":{"Demographic":null,"2020":2,"% OF TOTAL":1.9,"2024":2,"2029":8},"Household Income: Above $200k":{"Demographic":null,"2020":0,"% OF TOTAL":0.0,"2024":0,"2029":0},"Total Housing Units":{"Demographic":null,"2020":495,"% OF TOTAL":null,"2024":null,"2029":null},"Owner Occupied Housing Units":{"Demographic":null,"2020":258,"% OF TOTAL":null,"2024":245,"2029":null},"Renter Occupied Housing Units":{"Demographic":null,"2020":195,"% OF TOTAL":null,"2024":185,"2029":null},"Vacant Housing Units":{"Demographic":null,"2020":42,"% OF TOTAL":null,"2024":null,"2029":null},"Vacant Housing Units: Seasonal":{"Demographic":null,"2020":0,"% OF TOTAL":null,"2024":null,"2029":null},"Vacant Housing Units: Other Usage":{"Demographic":null,"2020":42,"% OF TOTAL":null,"2024":null,"2029":null},"Average Housing Unit Value":{"Demographic":null,"2020":149099,"% OF TOTAL":null,"2024":149837,"2029":null},"Median Housing Unit Value":{"Demographic":null,"2020":140385,"% OF TOTAL":null,"2024":140710,"2029":null},"Housing Unit Value Less Than $100k":{"Demographic":null,"2020":78,"% OF TOTAL":null,"2024":73,"2029":null},"Housing Unit Value $100k-$200k":{"Demographic":null,"2020":109,"% OF TOTAL":null,"2024":104,"2029":null},"Housing Unit Value $200k-$250k":{"Demographic":null,"2020":5,"% OF TOTAL":null,"2024":5,"2029":null},"Housing Unit Value $250k-$300k":{"Demographic":null,"2020":46,"% OF TOTAL":null,"2024":44,"2029":null},"Housing Unit Value $300k-$400k":{"Demographic":null,"2020":20,"% OF TOTAL":null,"2024":19,"2029":null},"Housing Unit Value $400k-$500k":{"Demographic":null,"2020":0,"% OF TOTAL":null,"2024":0,"2029":null},"Housing Unit Value $500k-$750k":{"Demographic":null,"2020":0,"% OF TOTAL":null,"2024":0,"2029":null},"Housing Unit Value $750k-$1m":{"Demographic":null,"2020":0,"% OF TOTAL":null,"2024":0,"2029":null},"Housing Unit Value $1m-$1.5m":{"Demographic":null,"2020":0,"% OF TOTAL":null,"2024":0,"2029":null},"Housing Unit Value $1.5m-$2m":{"Demographic":null,"2020":0,"% OF TOTAL":null,"2024":0,"2029":null},"Housing Unit Value Above $2m":{"Demographic":null,"2020":0,"% OF TOTAL":null,"2024":0,"2029":null},"Median Housing Unit Year Built":{"Demographic":null,"2020":1975,"% OF TOTAL":null,"2024":1975,"2029":null},"Housing Units Built 2014 Or After":{"Demographic":null,"2020":0,"% OF TOTAL":null,"2024":0,"2029":null},"Housing Units Built 2010-2013":{"Demographic":null,"2020":25,"% OF TOTAL":null,"2024":24,"2029":null},"Housing Units Built 2000-2009":{"Demographic":null,"2020":0,"% OF TOTAL":null,"2024":0,"2029":null},"Housing Units Built 1990-1999":{"Demographic":null,"2020":152,"% OF TOTAL":null,"2024":145,"2029":null},"Housing Units Built 1980-1989":{"Demographic":null,"2020":11,"% OF TOTAL":null,"2024":10,"2029":null},"Housing Units Built 1970-1979":{"Demographic":null,"2020":82,"% OF TOTAL":null,"2024":78,"2029":null},"Housing Units Built 1960-1969":{"Demographic":null,"2020":64,"% OF TOTAL":null,"2024":61,"2029":null},"Housing Units Built 1950-1959":{"Demographic":null,"2020":100,"% OF TOTAL":null,"2024":94,"2029":null},"Housing Units Built 1940-1949":{"Demographic":null,"2020":0,"% OF TOTAL":null,"2024":0,"2029":null},"Housing Units Built Before 1940":{"Demographic":null,"2020":19,"% OF TOTAL":null,"2024":18,"2029":null}}},"geometry":{"type":"Polygon","coordinates":[[[-87.25555036669579,30.505470269130257],[-87.27194858438408,30.505172540010545],[-87.27194858438408,30.5314627160063],[-87.2673884324109,30.5314627160063],[-87.25555036669579,30.505470269130257]]]}}]}