{"type":"FeatureCollection","metadata":{"submarket":"Defuniak Springs","grid_cell_miles":2.0,"grid_cell_width_degrees":0.03363152549190604,"grid_cell_height_degrees":0.02891343318105592,"total_blocks":43,"blocks_with_demographic_data":7,"source_zip":"Defuniak Springs Zip.zip"},"features":[{"type":"Feature","properties":{"block":"001","block_num":1,"submarket":"Defuniak Springs","CentroidLon":-86.12928958165497,"CentroidLat":30.785757081542158,"data_status":"no data","is_anomalous":false,"anomaly_reason":null,"files_present":""},"geometry":{"type":"Polygon","coordinates":[[[-86.14185145741739,30.79863683218788],[-86.11095194692534,30.78663502299139],[-86.11004532819038,30.784591793269144],[-86.11004532819038,30.777832368157696],[-86.1436768536823,30.777832368157696],[-86.1436768536823,30.797584177793414],[-86.14185145741739,30.79863683218788]]]}},{"type":"Feature","properties":{"block":"002","block_num":2,"submarket":"Defuniak Springs","CentroidLon":-86.15457267315425,"CentroidLat":30.78457189566984,"data_status":"no data","is_anomalous":false,"anomaly_reason":null,"files_present":""},"geometry":{"type":"Polygon","coordinates":[[[-86.17325183101934,30.780529124894116],[-86.1436768536823,30.797584177793414],[-86.1436768536823,30.777832368157696],[-86.17124527493257,30.777832368157696],[-86.17325183101934,30.780529124894116]]]}},{"type":"Feature","properties":{"block":"003","block_num":3,"submarket":"Defuniak Springs","CentroidLon":-86.10904556763533,"CentroidLat":30.780085509861514,"data_status":"no data","is_anomalous":false,"anomaly_reason":null,"files_present":""},"geometry":{"type":"Polygon","coordinates":[[[-86.10704604652524,30.777832368157696],[-86.11004532819038,30.777832368157696],[-86.11004532819038,30.784591793269144],[-86.10704604652524,30.777832368157696]]]}},{"type":"Feature","properties":{"block":"004","block_num":4,"submarket":"Defuniak Springs","CentroidLon":-86.12686109093633,"CentroidLat":30.763375651567166,"data_status":"usable","is_anomalous":false,"anomaly_reason":null,"files_present":"ConsumerSegmentation-26.08.10.csv;DemographicSnapshot-26.08.10.csv;HouseholdIncomeByAge-26.08.10.csv;HouseholdTrends-26.08.10.csv;PopulationTrends-26.08.10.csv","population_2024":2310,"population_2029":2648,"households_2024":876,"households_2029":999,"median_household_income_2024":35106,"median_household_income_2029":42851,"mean_household_income_2024":null,"mean_household_income_2029":null,"median_age_2024":41,"median_age_2029":42,"median_home_value_2024":149702,"average_household_size_2024":2.6,"average_household_size_2029":2.7,"population_growth_2024_2029":12.8,"households_growth_2024_2029":11.7,"consumer_segments":{"Simple Life Moderate Income No Children":{"households":147,"pct":29.0},"Simple Life Moderate Income With Children":{"households":107,"pct":21.1},"Renters":{"households":92,"pct":18.1},"Active Adult Elite":{"households":47,"pct":9.3},"Active Adult Entry Level":{"households":32,"pct":6.3},"Simple Life Affluent No Children":{"households":28,"pct":5.5},"Family Life Young Children":{"households":19,"pct":3.7},"Renters Near Term Buyers":{"households":17,"pct":3.4},"Active Adult Feature and Location":{"households":13,"pct":2.6},"Elite":{"households":5,"pct":1.0},"Family Life School Age Children":{"households":0,"pct":0.0},"Feature and Location":{"households":0,"pct":0.0},"Entry Level Urban":{"households":0,"pct":0.0},"Entry Level Suburban":{"households":0,"pct":0.0}},"income_age":{"2020":{},"2024":{},"2029":{}},"population_trends":{"Total Population":{"Demographic":null,"2020":2047,"% OF TOTAL":null,"2024":2310,"2029":2648},"Population Growth":{"Demographic":null,"2020":null,"% OF TOTAL":null,"2024":12.8,"2029":14.6},"Female Population":{"Demographic":null,"2020":1012,"% OF TOTAL":49.5,"2024":1143,"2029":1310},"Male Population":{"Demographic":null,"2020":1035,"% OF TOTAL":50.5,"2024":1167,"2029":1338},"Total population: Median Age":{"Demographic":null,"2020":41,"% OF TOTAL":null,"2024":41,"2029":42},"Total population: Under 5 years":{"Demographic":null,"2020":117,"% OF TOTAL":5.5,"2024":128,"2029":145},"Total population: 5 - 9 years":{"Demographic":null,"2020":137,"% OF TOTAL":6.2,"2024":157,"2029":164},"Total population: 10 - 14 years":{"Demographic":null,"2020":150,"% OF TOTAL":6.5,"2024":160,"2029":171},"Total population: 15 - 19 years":{"Demographic":null,"2020":142,"% OF TOTAL":6.6,"2024":167,"2029":175},"Total population: 20 - 24 years":{"Demographic":null,"2020":108,"% OF TOTAL":5.5,"2024":129,"2029":146},"Total population: 25 - 29 years":{"Demographic":null,"2020":119,"% OF TOTAL":5.9,"2024":130,"2029":157},"Total population: 30 - 34 years":{"Demographic":null,"2020":113,"% OF TOTAL":5.4,"2024":120,"2029":142},"Total population: 35 - 39 years":{"Demographic":null,"2020":111,"% OF TOTAL":5.6,"2024":123,"2029":149},"Total population: 40 - 44 years":{"Demographic":null,"2020":118,"% OF TOTAL":6.0,"2024":140,"2029":158},"Total population: 45 - 49 years":{"Demographic":null,"2020":121,"% OF TOTAL":5.9,"2024":131,"2029":157},"Total population: 50 - 54 years":{"Demographic":null,"2020":132,"% OF TOTAL":6.1,"2024":148,"2029":162},"Total population: 55 - 59 years":{"Demographic":null,"2020":149,"% OF TOTAL":6.4,"2024":151,"2029":169},"Total population: 60 - 64 years":{"Demographic":null,"2020":165,"% OF TOTAL":7.1,"2024":188,"2029":188},"Total population: 65 - 69 years":{"Demographic":null,"2020":132,"% OF TOTAL":6.9,"2024":156,"2029":184},"Total population: 70 - 74 years":{"Demographic":null,"2020":87,"% OF TOTAL":5.2,"2024":100,"2029":138},"Total population: 75 - 79 years":{"Demographic":null,"2020":79,"% OF TOTAL":4.4,"2024":100,"2029":117},"Total population: 80 - 84 years":{"Demographic":null,"2020":40,"% OF TOTAL":3.0,"2024":51,"2029":79},"Total population: 85 years and over":{"Demographic":null,"2020":27,"% OF TOTAL":1.8,"2024":31,"2029":47},"Female population: Median Age":{"Demographic":null,"2020":42,"% OF TOTAL":null,"2024":42,"2029":43},"Female population: Under 5 years":{"Demographic":null,"2020":59,"% OF TOTAL":5.6,"2024":65,"2029":74},"Female population: 5 - 9 years":{"Demographic":null,"2020":72,"% OF TOTAL":6.5,"2024":82,"2029":85},"Female population: 10 - 14 years":{"Demographic":null,"2020":60,"% OF TOTAL":5.6,"2024":64,"2029":74},"Female population: 15 - 19 years":{"Demographic":null,"2020":67,"% OF TOTAL":5.9,"2024":77,"2029":77},"Female population: 20 - 24 years":{"Demographic":null,"2020":53,"% OF TOTAL":5.6,"2024":66,"2029":74},"Female population: 25 - 29 years":{"Demographic":null,"2020":54,"% OF TOTAL":5.3,"2024":56,"2029":70},"Female population: 30 - 34 years":{"Demographic":null,"2020":64,"% OF TOTAL":5.6,"2024":66,"2029":74},"Female population: 35 - 39 years":{"Demographic":null,"2020":51,"% OF TOTAL":5.6,"2024":56,"2029":73},"Female population: 40 - 44 years":{"Demographic":null,"2020":59,"% OF TOTAL":6.2,"2024":73,"2029":81},"Female population: 45 - 49 years":{"Demographic":null,"2020":49,"% OF TOTAL":5.2,"2024":54,"2029":68},"Female population: 50 - 54 years":{"Demographic":null,"2020":67,"% OF TOTAL":5.9,"2024":74,"2029":77},"Female population: 55 - 59 years":{"Demographic":null,"2020":79,"% OF TOTAL":6.7,"2024":80,"2029":88},"Female population: 60 - 64 years":{"Demographic":null,"2020":85,"% OF TOTAL":7.3,"2024":97,"2029":96},"Female population: 65 - 69 years":{"Demographic":null,"2020":72,"% OF TOTAL":7.5,"2024":85,"2029":98},"Female population: 70 - 74 years":{"Demographic":null,"2020":43,"% OF TOTAL":5.6,"2024":52,"2029":74},"Female population: 75 - 79 years":{"Demographic":null,"2020":40,"% OF TOTAL":4.5,"2024":50,"2029":59},"Female population: 80 - 84 years":{"Demographic":null,"2020":23,"% OF TOTAL":3.2,"2024":28,"2029":42},"Female population: 85 years and over":{"Demographic":null,"2020":15,"% OF TOTAL":2.0,"2024":18,"2029":26},"Male population: Median Age":{"Demographic":null,"2020":40,"% OF TOTAL":null,"2024":40,"2029":41},"Male population: Under 5 years":{"Demographic":null,"2020":58,"% OF TOTAL":5.3,"2024":63,"2029":71},"Male population: 5 - 9 years":{"Demographic":null,"2020":65,"% OF TOTAL":5.9,"2024":75,"2029":79},"Male population: 10 - 14 years":{"Demographic":null,"2020":90,"% OF TOTAL":7.2,"2024":96,"2029":97},"Male population: 15 - 19 years":{"Demographic":null,"2020":75,"% OF TOTAL":7.3,"2024":90,"2029":98},"Male population: 20 - 24 years":{"Demographic":null,"2020":55,"% OF TOTAL":5.4,"2024":63,"2029":72},"Male population: 25 - 29 years":{"Demographic":null,"2020":65,"% OF TOTAL":6.5,"2024":74,"2029":87},"Male population: 30 - 34 years":{"Demographic":null,"2020":49,"% OF TOTAL":5.1,"2024":54,"2029":68},"Male population: 35 - 39 years":{"Demographic":null,"2020":60,"% OF TOTAL":5.7,"2024":67,"2029":76},"Male population: 40 - 44 years":{"Demographic":null,"2020":59,"% OF TOTAL":5.8,"2024":67,"2029":77},"Male population: 45 - 49 years":{"Demographic":null,"2020":72,"% OF TOTAL":6.7,"2024":77,"2029":89},"Male population: 50 - 54 years":{"Demographic":null,"2020":65,"% OF TOTAL":6.4,"2024":74,"2029":85},"Male population: 55 - 59 years":{"Demographic":null,"2020":70,"% OF TOTAL":6.1,"2024":71,"2029":81},"Male population: 60 - 64 years":{"Demographic":null,"2020":80,"% OF TOTAL":6.9,"2024":91,"2029":92},"Male population: 65 - 69 years":{"Demographic":null,"2020":60,"% OF TOTAL":6.4,"2024":71,"2029":86},"Male population: 70 - 74 years":{"Demographic":null,"2020":44,"% OF TOTAL":4.8,"2024":48,"2029":64},"Male population: 75 - 79 years":{"Demographic":null,"2020":39,"% OF TOTAL":4.3,"2024":50,"2029":58},"Male population: 80 - 84 years":{"Demographic":null,"2020":17,"% OF TOTAL":2.8,"2024":23,"2029":37},"Male population: 85 years and over":{"Demographic":null,"2020":12,"% OF TOTAL":1.6,"2024":13,"2029":21},"White alone":{"Demographic":null,"2020":1615,"% OF TOTAL":78.2,"2024":1814,"2029":2072},"Black alone":{"Demographic":null,"2020":89,"% OF TOTAL":4.7,"2024":103,"2029":124},"American Indian and Alaska Native alone":{"Demographic":null,"2020":16,"% OF TOTAL":0.9,"2024":22,"2029":25},"Asian alone":{"Demographic":null,"2020":20,"% OF TOTAL":1.0,"2024":23,"2029":27},"Native Hawaiian and OPI alone":{"Demographic":null,"2020":1,"% OF TOTAL":0.0,"2024":1,"2029":1},"Some other race alone":{"Demographic":null,"2020":151,"% OF TOTAL":7.3,"2024":168,"2029":194},"Two or more races alone":{"Demographic":null,"2020":155,"% OF TOTAL":7.7,"2024":179,"2029":205},"Not Hispanic: White alone":{"Demographic":null,"2020":1572,"% OF TOTAL":75.7,"2024":1755,"2029":2004},"Not Hispanic: Black or African American alone":{"Demographic":null,"2020":89,"% OF TOTAL":4.7,"2024":103,"2029":124},"Not Hispanic: American Indian and Alaska Native alone":{"Demographic":null,"2020":11,"% OF TOTAL":0.5,"2024":12,"2029":14},"Not Hispanic: Asian alone":{"Demographic":null,"2020":17,"% OF TOTAL":0.9,"2024":20,"2029":23},"Not Hispanic: Native Hawaiian and OPI alone":{"Demographic":null,"2020":1,"% OF TOTAL":0.0,"2024":1,"2029":1},"Not Hispanic: Some Other Race alone":{"Demographic":null,"2020":6,"% OF TOTAL":0.3,"2024":6,"2029":7},"Not Hispanic: Two or More Races":{"Demographic":null,"2020":109,"% OF TOTAL":5.4,"2024":124,"2029":143},"Hispanic: White alone":{"Demographic":null,"2020":43,"% OF TOTAL":2.6,"2024":59,"2029":68},"Hispanic: Black or African American alone":{"Demographic":null,"2020":0,"% OF TOTAL":0.0,"2024":0,"2029":0},"Hispanic: American Indian and Alaska Native alone":{"Demographic":null,"2020":5,"% OF TOTAL":0.4,"2024":10,"2029":11},"Hispanic: Asian alone":{"Demographic":null,"2020":3,"% OF TOTAL":0.2,"2024":3,"2029":4},"Hispanic: Native Hawaiian and OPI alone":{"Demographic":null,"2020":0,"% OF TOTAL":0.0,"2024":0,"2029":0},"Hispanic: Some Other Race alone":{"Demographic":null,"2020":145,"% OF TOTAL":7.1,"2024":162,"2029":187},"Hispanic: Two or More Races":{"Demographic":null,"2020":46,"% OF TOTAL":2.3,"2024":55,"2029":62},"Educational Attainment: No High School Diploma":{"Demographic":null,"2020":199,"% OF TOTAL":null,"2024":225,"2029":null},"Educational Attainment: High School Diploma":{"Demographic":null,"2020":508,"% OF TOTAL":null,"2024":572,"2029":null},"Educational Attainment: Some College":{"Demographic":null,"2020":311,"% OF TOTAL":null,"2024":350,"2029":null},"Educational Attainment: Associates Degree":{"Demographic":null,"2020":138,"% OF TOTAL":null,"2024":156,"2029":null},"Educational Attainment: Bachelors Degree":{"Demographic":null,"2020":138,"% OF TOTAL":null,"2024":155,"2029":null},"Educational Attainment: Advanced Degree":{"Demographic":null,"2020":99,"% OF TOTAL":null,"2024":111,"2029":null},"Employment Status: Armed Forces":{"Demographic":null,"2020":0,"% OF TOTAL":null,"2024":0,"2029":null},"Employment Status: Civilian labor force employed":{"Demographic":null,"2020":842,"% OF TOTAL":null,"2024":956,"2029":null},"Employment Status: Civilian labor force unemployed":{"Demographic":null,"2020":140,"% OF TOTAL":null,"2024":159,"2029":null},"Employment Status: Not in labor force":{"Demographic":null,"2020":633,"% OF TOTAL":null,"2024":718,"2029":null},"Employed in Agriculture and Mining Industries":{"Demographic":null,"2020":0,"% OF TOTAL":null,"2024":0,"2029":null},"Employed in Construction Industries":{"Demographic":null,"2020":30,"% OF TOTAL":null,"2024":34,"2029":null},"Employed in Manufacturing Industries":{"Demographic":null,"2020":92,"% OF TOTAL":null,"2024":104,"2029":null},"Employed in Wholesale Industries":{"Demographic":null,"2020":83,"% OF TOTAL":null,"2024":94,"2029":null},"Employed in Retail Industries":{"Demographic":null,"2020":167,"% OF TOTAL":null,"2024":190,"2029":null},"Employed in Transportation and Utilities Industries":{"Demographic":null,"2020":45,"% OF TOTAL":null,"2024":51,"2029":null},"Employed in Information Industries":{"Demographic":null,"2020":0,"% OF TOTAL":null,"2024":0,"2029":null},"Employed in Real-Estate Industries":{"Demographic":null,"2020":13,"% OF TOTAL":null,"2024":15,"2029":null},"Employed in Professional Industries":{"Demographic":null,"2020":88,"% OF TOTAL":null,"2024":100,"2029":null},"Employed in Health and Education Industries":{"Demographic":null,"2020":107,"% OF TOTAL":null,"2024":122,"2029":null},"Employed in Art Industries":{"Demographic":null,"2020":64,"% OF TOTAL":null,"2024":73,"2029":null},"Employed in Other Industries":{"Demographic":null,"2020":83,"% OF TOTAL":null,"2024":94,"2029":null},"Employed in Public Administration Industries":{"Demographic":null,"2020":70,"% OF TOTAL":null,"2024":79,"2029":null},"Occupation: Management":{"Demographic":null,"2020":27,"% OF TOTAL":null,"2024":31,"2029":null},"Occupation: Business and financial operations":{"Demographic":null,"2020":0,"% OF TOTAL":null,"2024":0,"2029":null},"Occupation: Computer and mathematical":{"Demographic":null,"2020":0,"% OF TOTAL":null,"2024":0,"2029":null},"Occupation: Architecture and engineering":{"Demographic":null,"2020":0,"% OF TOTAL":null,"2024":0,"2029":null},"Occupation: Life, physical, and social science":{"Demographic":null,"2020":0,"% OF TOTAL":null,"2024":0,"2029":null},"Occupation: Community and social service":{"Demographic":null,"2020":19,"% OF TOTAL":null,"2024":21,"2029":null},"Occupation: Legal":{"Demographic":null,"2020":0,"% OF TOTAL":null,"2024":0,"2029":null},"Occupation: Education, training, and library":{"Demographic":null,"2020":13,"% OF TOTAL":null,"2024":15,"2029":null},"Occupation: Arts, design, entertainment, sports, and media":{"Demographic":null,"2020":0,"% OF TOTAL":null,"2024":0,"2029":null},"Occupation: Health diagnosing and treating practitioners":{"Demographic":null,"2020":31,"% OF TOTAL":null,"2024":35,"2029":null},"Occupation: Health technologists and technicians":{"Demographic":null,"2020":0,"% OF TOTAL":null,"2024":0,"2029":null},"Occupation: Healthcare support":{"Demographic":null,"2020":26,"% OF TOTAL":null,"2024":29,"2029":null},"Occupation: Fire fighting and prevention":{"Demographic":null,"2020":0,"% OF TOTAL":null,"2024":0,"2029":null},"Occupation: Law enforcement workers":{"Demographic":null,"2020":44,"% OF TOTAL":null,"2024":50,"2029":null},"Occupation: Food preparation and serving related":{"Demographic":null,"2020":64,"% OF TOTAL":null,"2024":73,"2029":null},"Occupation: Building and grounds cleaning and maintenance":{"Demographic":null,"2020":79,"% OF TOTAL":null,"2024":90,"2029":null},"Occupation: Personal care and service":{"Demographic":null,"2020":12,"% OF TOTAL":null,"2024":14,"2029":null},"Occupation: Sales and related":{"Demographic":null,"2020":232,"% OF TOTAL":null,"2024":263,"2029":null},"Occupation: Office and administrative support":{"Demographic":null,"2020":93,"% OF TOTAL":null,"2024":106,"2029":null},"Occupation: Farming, fishing, and forestry":{"Demographic":null,"2020":0,"% OF TOTAL":null,"2024":0,"2029":null},"Occupation: Construction and extraction":{"Demographic":null,"2020":30,"% OF TOTAL":null,"2024":34,"2029":null},"Occupation: Installation, maintenance, and repair":{"Demographic":null,"2020":39,"% OF TOTAL":null,"2024":44,"2029":null},"Occupation: Production":{"Demographic":null,"2020":74,"% OF TOTAL":null,"2024":84,"2029":null},"Occupation: Transportation":{"Demographic":null,"2020":52,"% OF TOTAL":null,"2024":59,"2029":null},"Occupation: Material moving":{"Demographic":null,"2020":7,"% OF TOTAL":null,"2024":8,"2029":null},"White collar":{"Demographic":null,"2020":415,"% OF TOTAL":null,"2024":471,"2029":null},"Blue collar":{"Demographic":null,"2020":427,"% OF TOTAL":null,"2024":485,"2029":null},"Means of transportation: Car, truck or van":{"Demographic":null,"2020":678,"% OF TOTAL":null,"2024":769,"2029":null},"Means of transportation: Public transportation":{"Demographic":null,"2020":0,"% OF TOTAL":null,"2024":0,"2029":null},"Means of transportation: Other":{"Demographic":null,"2020":50,"% OF TOTAL":null,"2024":57,"2029":null},"Travel time: Average (in minutes)":{"Demographic":null,"2020":29,"% OF TOTAL":null,"2024":29,"2029":null},"Travel time to work: Less than 30 minutes":{"Demographic":null,"2020":411,"% OF TOTAL":null,"2024":466,"2029":null},"Travel time to work: 30 to 60 minutes":{"Demographic":null,"2020":197,"% OF TOTAL":null,"2024":224,"2029":null},"Travel time to work: 60 or more minutes":{"Demographic":null,"2020":120,"% OF TOTAL":null,"2024":136,"2029":null}},"demographic_snapshot":{"Total Population":{"Demographic":null,"2020":2047,"% OF TOTAL":null,"2024":2310,"2029":2648},"Households":{"Demographic":null,"2020":784,"% OF TOTAL":null,"2024":876,"2029":999},"Population in Group Quarters":{"Demographic":null,"2020":0,"% OF TOTAL":null,"2024":0,"2029":0},"Households Growth":{"Demographic":null,"2020":null,"% OF TOTAL":null,"2024":11.7,"2029":14.0},"Household Income: Median":{"Demographic":null,"2020":0,"% OF TOTAL":null,"2024":35106,"2029":42851},"Home Value: Median":{"Demographic":null,"2020":150202,"% OF TOTAL":null,"2024":149702,"2029":null},"Population Growth":{"Demographic":null,"2020":null,"% OF TOTAL":null,"2024":12.8,"2029":14.6},"Total Population: Under 19 years":{"Demographic":null,"2020":546,"% OF TOTAL":24.7,"2024":612,"2029":655},"Total Population: 20 - 64 years":{"Demographic":null,"2020":1136,"% OF TOTAL":53.9,"2024":1260,"2029":1428},"Total Population: 65 years and over":{"Demographic":null,"2020":365,"% OF TOTAL":21.3,"2024":438,"2029":565},"Total population: Median age":{"Demographic":null,"2020":41,"% OF TOTAL":null,"2024":41,"2029":42},"Total population: Under 5 years":{"Demographic":null,"2020":117,"% OF TOTAL":5.5,"2024":128,"2029":145},"Total population: 5 - 9 years":{"Demographic":null,"2020":137,"% OF TOTAL":6.2,"2024":157,"2029":164},"Total population: 10 - 14 years":{"Demographic":null,"2020":150,"% OF TOTAL":6.5,"2024":160,"2029":171},"Total population: 15 - 19 years":{"Demographic":null,"2020":142,"% OF TOTAL":6.6,"2024":167,"2029":175},"Total population: 20 - 24 years":{"Demographic":null,"2020":108,"% OF TOTAL":5.5,"2024":129,"2029":146},"Total population: 25 - 29 years":{"Demographic":null,"2020":119,"% OF TOTAL":5.9,"2024":130,"2029":157},"Total population: 30 - 34 years":{"Demographic":null,"2020":113,"% OF TOTAL":5.4,"2024":120,"2029":142},"Total population: 35 - 39 years":{"Demographic":null,"2020":111,"% OF TOTAL":5.6,"2024":123,"2029":149},"Total population: 40 - 44 years":{"Demographic":null,"2020":118,"% OF TOTAL":6.0,"2024":140,"2029":158},"Total population: 45 - 49 years":{"Demographic":null,"2020":121,"% OF TOTAL":5.9,"2024":131,"2029":157},"Total population: 50 - 54 years":{"Demographic":null,"2020":132,"% OF TOTAL":6.1,"2024":148,"2029":162},"Total population: 55 - 59 years":{"Demographic":null,"2020":149,"% OF TOTAL":6.4,"2024":151,"2029":169},"Total population: 60 - 64 years":{"Demographic":null,"2020":165,"% OF TOTAL":7.1,"2024":188,"2029":188},"Total population: 65 - 69 years":{"Demographic":null,"2020":132,"% OF TOTAL":6.9,"2024":156,"2029":184},"Total population: 70 - 74 years":{"Demographic":null,"2020":87,"% OF TOTAL":5.2,"2024":100,"2029":138},"Total population: 75 - 79 years":{"Demographic":null,"2020":79,"% OF TOTAL":4.4,"2024":100,"2029":117},"Total population: 80 - 84 years":{"Demographic":null,"2020":40,"% OF TOTAL":3.0,"2024":51,"2029":79},"Total population: 85 years and over":{"Demographic":null,"2020":27,"% OF TOTAL":1.8,"2024":31,"2029":47},"Householders Age 15-24":{"Demographic":null,"2020":18,"% OF TOTAL":2.1,"2024":20,"2029":21},"Householders Age 25-34":{"Demographic":null,"2020":80,"% OF TOTAL":10.2,"2024":89,"2029":102},"Householders Age 35-44":{"Demographic":null,"2020":115,"% OF TOTAL":14.5,"2024":128,"2029":145},"Householders Age 45-54":{"Demographic":null,"2020":140,"% OF TOTAL":17.4,"2024":156,"2029":174},"Householders Age 55-64":{"Demographic":null,"2020":176,"% OF TOTAL":20.1,"2024":197,"2029":201},"Householders Age 65-74":{"Demographic":null,"2020":152,"% OF TOTAL":20.7,"2024":170,"2029":207},"Householders Age 75+":{"Demographic":null,"2020":103,"% OF TOTAL":14.9,"2024":116,"2029":149},"Household income: Average":{"Demographic":null,"2020":73033,"% OF TOTAL":null,"2024":73782,"2029":96987},"Household income: Less than 25k":{"Demographic":null,"2020":330,"% OF TOTAL":40.0,"2024":411,"2029":400},"Household income: 25k - 50k":{"Demographic":null,"2020":166,"% OF TOTAL":13.7,"2024":149,"2029":137},"Household income: 50k - 75k":{"Demographic":null,"2020":52,"% OF TOTAL":6.2,"2024":55,"2029":62},"Household income: 75k - 100k":{"Demographic":null,"2020":43,"% OF TOTAL":5.5,"2024":45,"2029":55},"Household income: 100k - 125k":{"Demographic":null,"2020":97,"% OF TOTAL":12.7,"2024":89,"2029":127},"Household income: 125k - 150k":{"Demographic":null,"2020":20,"% OF TOTAL":4.0,"2024":33,"2029":40},"Household income: 150k - 200k":{"Demographic":null,"2020":7,"% OF TOTAL":2.9,"2024":10,"2029":29},"Household income: Above 200k":{"Demographic":null,"2020":69,"% OF TOTAL":14.9,"2024":84,"2029":149},"White Alone":{"Demographic":null,"2020":1615,"% OF TOTAL":78.2,"2024":1814,"2029":2072},"Black or African American Alone":{"Demographic":null,"2020":89,"% OF TOTAL":4.7,"2024":103,"2029":124},"American Indian and Alaska Native Alone":{"Demographic":null,"2020":16,"% OF TOTAL":0.9,"2024":22,"2029":25},"Asian Alone":{"Demographic":null,"2020":20,"% OF TOTAL":1.0,"2024":23,"2029":27},"Native Hawaiian and OPI Alone":{"Demographic":null,"2020":1,"% OF TOTAL":0.0,"2024":1,"2029":1},"Some Other Race Alone":{"Demographic":null,"2020":151,"% OF TOTAL":7.3,"2024":168,"2029":194},"Two or More Races Alone":{"Demographic":null,"2020":155,"% OF TOTAL":7.7,"2024":179,"2029":205},"Not Hispanic or Latino":{"Demographic":null,"2020":1805,"% OF TOTAL":87.5,"2024":2021,"2029":2316},"Hispanic or Latino":{"Demographic":null,"2020":242,"% OF TOTAL":12.5,"2024":289,"2029":332},"Total Housing Units":{"Demographic":null,"2020":914,"% OF TOTAL":null,"2024":null,"2029":null},"Owner Occupied Housing Units":{"Demographic":null,"2020":609,"% OF TOTAL":null,"2024":680,"2029":null},"Renter Occupied Housing Units":{"Demographic":null,"2020":175,"% OF TOTAL":null,"2024":196,"2029":null},"Housing Units Value Less Than 100k":{"Demographic":null,"2020":212,"% OF TOTAL":null,"2024":238,"2029":null},"Housing Units Value 100k - 200k":{"Demographic":null,"2020":247,"% OF TOTAL":null,"2024":275,"2029":null},"Housing Units Value 200k - 250k":{"Demographic":null,"2020":66,"% OF TOTAL":null,"2024":74,"2029":null},"Housing Units Value 250k - 300k":{"Demographic":null,"2020":7,"% OF TOTAL":null,"2024":8,"2029":null},"Housing Units Value 300k - 400k":{"Demographic":null,"2020":37,"% OF TOTAL":null,"2024":41,"2029":null},"Housing Units Value 400k - 500k":{"Demographic":null,"2020":19,"% OF TOTAL":null,"2024":21,"2029":null},"Housing Units Value 500k - 750k":{"Demographic":null,"2020":21,"% OF TOTAL":null,"2024":23,"2029":null},"Housing Units Value 750k - 1m":{"Demographic":null,"2020":0,"% OF TOTAL":null,"2024":0,"2029":null},"Housing Units Value 1m - 1.5m":{"Demographic":null,"2020":0,"% OF TOTAL":null,"2024":0,"2029":null},"Housing Units Value 1.5m - 2m":{"Demographic":null,"2020":0,"% OF TOTAL":null,"2024":0,"2029":null},"Housing Units Value >2m":{"Demographic":null,"2020":0,"% OF TOTAL":null,"2024":0,"2029":null},"Take Car or Truck to Work":{"Demographic":null,"2020":678,"% OF TOTAL":null,"2024":769,"2029":null},"Take Public Transportation to Work":{"Demographic":null,"2020":0,"% OF TOTAL":null,"2024":0,"2029":null},"Take Other Means of Transportation to Work":{"Demographic":null,"2020":50,"% OF TOTAL":null,"2024":57,"2029":null},"Average Travel Time (min)":{"Demographic":null,"2020":30,"% OF TOTAL":null,"2024":30,"2029":null},"Travel Below 30 Min to Work":{"Demographic":null,"2020":411,"% OF TOTAL":null,"2024":466,"2029":null},"Travel 30-60 Min to Work":{"Demographic":null,"2020":197,"% OF TOTAL":null,"2024":224,"2029":null},"Travel Above 60 Min to Work":{"Demographic":null,"2020":149,"% OF TOTAL":null,"2024":136,"2029":null},"Educational Attainment: No High School Diploma":{"Demographic":null,"2020":707,"% OF TOTAL":null,"2024":797,"2029":null},"Educational Attainment: High School Diploma":{"Demographic":null,"2020":508,"% OF TOTAL":null,"2024":572,"2029":null},"Educational Attainment: Some College":{"Demographic":null,"2020":587,"% OF TOTAL":null,"2024":661,"2029":null},"Educational Attainment: Associate's Degree":{"Demographic":null,"2020":138,"% OF TOTAL":null,"2024":156,"2029":null},"Educational Attainment: Bachelors Degree":{"Demographic":null,"2020":138,"% OF TOTAL":null,"2024":155,"2029":null},"Educational Attainment: Advanced Degree":{"Demographic":null,"2020":99,"% OF TOTAL":null,"2024":111,"2029":null},"Households: Number of vehicles available - Average":{"Demographic":null,"2020":1,"% OF TOTAL":null,"2024":1,"2029":null},"Households: No Vehicle available":{"Demographic":null,"2020":0,"% OF TOTAL":null,"2024":0,"2029":null},"Households: 1 Vehicle available":{"Demographic":null,"2020":267,"% OF TOTAL":null,"2024":298,"2029":null},"Households: 2 Vehicles available":{"Demographic":null,"2020":375,"% OF TOTAL":null,"2024":420,"2029":null},"Households: 3 Vehicles available":{"Demographic":null,"2020":135,"% OF TOTAL":null,"2024":150,"2029":null},"Households: 4 or more Vehicles available":{"Demographic":null,"2020":7,"% OF TOTAL":null,"2024":8,"2029":null}},"household_trends":{"Households":{"Demographic":null,"2020":784,"% OF TOTAL":null,"2024":876,"2029":999},"Households Growth":{"Demographic":null,"2020":null,"% OF TOTAL":null,"2024":11.7,"2029":14.0},"Householder Age 15-24":{"Demographic":null,"2020":18,"% OF TOTAL":2.1,"2024":20,"2029":21},"Householder Age 25-34":{"Demographic":null,"2020":80,"% OF TOTAL":10.2,"2024":89,"2029":102},"Householder Age 35-44":{"Demographic":null,"2020":115,"% OF TOTAL":14.5,"2024":128,"2029":145},"Householder Age 45-54":{"Demographic":null,"2020":140,"% OF TOTAL":17.4,"2024":156,"2029":174},"Householder Age 55-64":{"Demographic":null,"2020":176,"% OF TOTAL":20.1,"2024":197,"2029":201},"Householder Age 65-74":{"Demographic":null,"2020":152,"% OF TOTAL":20.7,"2024":170,"2029":207},"Householder Age 75+":{"Demographic":null,"2020":103,"% OF TOTAL":14.9,"2024":116,"2029":149},"Average Household Size":{"Demographic":null,"2020":2.6,"% OF TOTAL":null,"2024":2.6,"2029":2.7},"1 Person Households":{"Demographic":null,"2020":203,"% OF TOTAL":24.1,"2024":212,"2029":241},"2 Person Households":{"Demographic":null,"2020":292,"% OF TOTAL":34.9,"2024":307,"2029":349},"3 Person Households":{"Demographic":null,"2020":126,"% OF TOTAL":15.0,"2024":132,"2029":150},"4 Person Households":{"Demographic":null,"2020":73,"% OF TOTAL":12.2,"2024":105,"2029":122},"5 Person Households":{"Demographic":null,"2020":49,"% OF TOTAL":7.7,"2024":67,"2029":77},"6 Person Households":{"Demographic":null,"2020":25,"% OF TOTAL":3.6,"2024":32,"2029":36},"7+ Person Households":{"Demographic":null,"2020":16,"% OF TOTAL":2.4,"2024":21,"2029":24},"Household Type: Family":{"Demographic":null,"2020":520,"% OF TOTAL":null,"2024":581,"2029":null},"Household Type: Married Family":{"Demographic":null,"2020":344,"% OF TOTAL":null,"2024":384,"2029":null},"Household Type: Married Family With Children":{"Demographic":null,"2020":119,"% OF TOTAL":null,"2024":133,"2029":null},"Household Type: Married Family Without Children":{"Demographic":null,"2020":225,"% OF TOTAL":null,"2024":251,"2029":null},"Household Type: Other Family":{"Demographic":null,"2020":176,"% OF TOTAL":null,"2024":197,"2029":null},"Household Type: Male Households, No Wife":{"Demographic":null,"2020":58,"% OF TOTAL":null,"2024":65,"2029":null},"Household Type: Male Households, No Wife With Children":{"Demographic":null,"2020":29,"% OF TOTAL":null,"2024":33,"2029":null},"Household Type: Male Households, No Wife Without Children":{"Demographic":null,"2020":29,"% OF TOTAL":null,"2024":32,"2029":null},"Household Type: Female Households, No Husband":{"Demographic":null,"2020":118,"% OF TOTAL":null,"2024":132,"2029":null},"Household Type: Female Households, No Husband With Children":{"Demographic":null,"2020":68,"% OF TOTAL":null,"2024":76,"2029":null},"Household Type: Female Households, No Husband Without Children":{"Demographic":null,"2020":50,"% OF TOTAL":null,"2024":56,"2029":null},"Household Income: Average":{"Demographic":null,"2020":73033,"% OF TOTAL":null,"2024":73782,"2029":96987},"Household Income: Median":{"Demographic":null,"2020":0,"% OF TOTAL":null,"2024":35106,"2029":42851},"Household Income: Less than $25k":{"Demographic":null,"2020":330,"% OF TOTAL":40.0,"2024":411,"2029":400},"Household Income: $25k - $50k":{"Demographic":null,"2020":166,"% OF TOTAL":13.7,"2024":149,"2029":137},"Household Income: $50k - $75k":{"Demographic":null,"2020":52,"% OF TOTAL":6.2,"2024":55,"2029":62},"Household Income: $75k - $100k":{"Demographic":null,"2020":43,"% OF TOTAL":5.5,"2024":45,"2029":55},"Household Income: $100k - $125k":{"Demographic":null,"2020":97,"% OF TOTAL":12.7,"2024":89,"2029":127},"Household Income: $125k - $150k":{"Demographic":null,"2020":20,"% OF TOTAL":4.0,"2024":33,"2029":40},"Household Income: $150k - $200k":{"Demographic":null,"2020":7,"% OF TOTAL":2.9,"2024":10,"2029":29},"Household Income: Above $200k":{"Demographic":null,"2020":69,"% OF TOTAL":14.9,"2024":84,"2029":149},"Total Housing Units":{"Demographic":null,"2020":914,"% OF TOTAL":null,"2024":null,"2029":null},"Owner Occupied Housing Units":{"Demographic":null,"2020":609,"% OF TOTAL":null,"2024":680,"2029":null},"Renter Occupied Housing Units":{"Demographic":null,"2020":175,"% OF TOTAL":null,"2024":196,"2029":null},"Vacant Housing Units":{"Demographic":null,"2020":130,"% OF TOTAL":null,"2024":null,"2029":null},"Vacant Housing Units: Seasonal":{"Demographic":null,"2020":51,"% OF TOTAL":null,"2024":null,"2029":null},"Vacant Housing Units: Other Usage":{"Demographic":null,"2020":79,"% OF TOTAL":null,"2024":null,"2029":null},"Average Housing Unit Value":{"Demographic":null,"2020":168301,"% OF TOTAL":null,"2024":167710,"2029":null},"Median Housing Unit Value":{"Demographic":null,"2020":150202,"% OF TOTAL":null,"2024":149702,"2029":null},"Housing Unit Value Less Than $100k":{"Demographic":null,"2020":212,"% OF TOTAL":null,"2024":238,"2029":null},"Housing Unit Value $100k-$200k":{"Demographic":null,"2020":247,"% OF TOTAL":null,"2024":275,"2029":null},"Housing Unit Value $200k-$250k":{"Demographic":null,"2020":66,"% OF TOTAL":null,"2024":74,"2029":null},"Housing Unit Value $250k-$300k":{"Demographic":null,"2020":7,"% OF TOTAL":null,"2024":8,"2029":null},"Housing Unit Value $300k-$400k":{"Demographic":null,"2020":37,"% OF TOTAL":null,"2024":41,"2029":null},"Housing Unit Value $400k-$500k":{"Demographic":null,"2020":19,"% OF TOTAL":null,"2024":21,"2029":null},"Housing Unit Value $500k-$750k":{"Demographic":null,"2020":21,"% OF TOTAL":null,"2024":23,"2029":null},"Housing Unit Value $750k-$1m":{"Demographic":null,"2020":0,"% OF TOTAL":null,"2024":0,"2029":null},"Housing Unit Value $1m-$1.5m":{"Demographic":null,"2020":0,"% OF TOTAL":null,"2024":0,"2029":null},"Housing Unit Value $1.5m-$2m":{"Demographic":null,"2020":0,"% OF TOTAL":null,"2024":0,"2029":null},"Housing Unit Value Above $2m":{"Demographic":null,"2020":0,"% OF TOTAL":null,"2024":0,"2029":null},"Median Housing Unit Year Built":{"Demographic":null,"2020":1994,"% OF TOTAL":null,"2024":1994,"2029":null},"Housing Units Built 2014 Or After":{"Demographic":null,"2020":0,"% OF TOTAL":null,"2024":0,"2029":null},"Housing Units Built 2010-2013":{"Demographic":null,"2020":82,"% OF TOTAL":null,"2024":91,"2029":null},"Housing Units Built 2000-2009":{"Demographic":null,"2020":146,"% OF TOTAL":null,"2024":163,"2029":null},"Housing Units Built 1990-1999":{"Demographic":null,"2020":269,"% OF TOTAL":null,"2024":301,"2029":null},"Housing Units Built 1980-1989":{"Demographic":null,"2020":143,"% OF TOTAL":null,"2024":160,"2029":null},"Housing Units Built 1970-1979":{"Demographic":null,"2020":95,"% OF TOTAL":null,"2024":106,"2029":null},"Housing Units Built 1960-1969":{"Demographic":null,"2020":44,"% OF TOTAL":null,"2024":49,"2029":null},"Housing Units Built 1950-1959":{"Demographic":null,"2020":0,"% OF TOTAL":null,"2024":0,"2029":null},"Housing Units Built 1940-1949":{"Demographic":null,"2020":5,"% OF TOTAL":null,"2024":6,"2029":null},"Housing Units Built Before 1940":{"Demographic":null,"2020":0,"% OF TOTAL":null,"2024":0,"2029":null}}},"geometry":{"type":"Polygon","coordinates":[[[-86.1436768536823,30.74891893497664],[-86.1436768536823,30.777832368157696],[-86.11004532819038,30.777832368157696],[-86.11004532819038,30.74891893497664],[-86.1436768536823,30.74891893497664]]]}},{"type":"Feature","properties":{"block":"005","block_num":5,"submarket":"Defuniak Springs","CentroidLon":-86.15728184897209,"CentroidLat":30.762218641807074,"data_status":"no data","is_anomalous":false,"anomaly_reason":null,"files_present":""},"geometry":{"type":"Polygon","coordinates":[[[-86.15740061171279,30.7592255178196],[-86.17124527493257,30.777832368157696],[-86.1436768536823,30.777832368157696],[-86.1436768536823,30.74891893497664],[-86.1773083791742,30.74891893497664],[-86.1773083791742,30.759219901514612],[-86.15740061171279,30.7592255178196]]]}},{"type":"Feature","properties":{"block":"006","block_num":6,"submarket":"Defuniak Springs","CentroidLon":-86.10460983203525,"CentroidLat":30.76009204079077,"data_status":"no data","is_anomalous":false,"anomaly_reason":null,"files_present":""},"geometry":{"type":"Polygon","coordinates":[[[-86.09421662263398,30.74891893497664],[-86.11004532819038,30.74891893497664],[-86.11004532819038,30.777832368157696],[-86.10704604652524,30.777832368157696],[-86.09421662263398,30.74891893497664]]]}},{"type":"Feature","properties":{"block":"007","block_num":7,"submarket":"Defuniak Springs","CentroidLon":-86.39443528543873,"CentroidLat":30.75420906517383,"data_status":"no data","is_anomalous":false,"anomaly_reason":null,"files_present":""},"geometry":{"type":"Polygon","coordinates":[[[-86.37909753212568,30.759162973512595],[-86.37909753212568,30.74891893497664],[-86.40662216357781,30.74891893497664],[-86.4127290576176,30.759153485512257],[-86.37909753212568,30.759162973512595]]]}},{"type":"Feature","properties":{"block":"008","block_num":8,"submarket":"Defuniak Springs","CentroidLon":-86.19412155929075,"CentroidLat":30.754067046609848,"data_status":"usable","is_anomalous":false,"anomaly_reason":null,"files_present":"ConsumerSegmentation-26.08.10.csv;DemographicSnapshot-26.08.10.csv;HouseholdIncomeByAge-26.08.10.csv;HouseholdTrends-26.08.10.csv;PopulationTrends-26.08.10.csv","population_2024":1008,"population_2029":1003,"households_2024":336,"households_2029":333,"median_household_income_2024":28085,"median_household_income_2029":29009,"mean_household_income_2024":null,"mean_household_income_2029":null,"median_age_2024":32,"median_age_2029":33,"median_home_value_2024":227542,"average_household_size_2024":3,"average_household_size_2029":3,"population_growth_2024_2029":-2.0,"households_growth_2024_2029":-2.9,"consumer_segments":{"Renters":{"households":70,"pct":26.8},"Simple Life Moderate Income No Children":{"households":66,"pct":25.3},"Simple Life Moderate Income With Children":{"households":58,"pct":22.2},"Renters Near Term Buyers":{"households":19,"pct":7.3},"Active Adult Elite":{"households":13,"pct":5.0},"Simple Life Affluent No Children":{"households":12,"pct":4.6},"Active Adult Entry Level":{"households":10,"pct":3.8},"Family Life Young Children":{"households":8,"pct":3.1},"Active Adult Feature and Location":{"households":3,"pct":1.1},"Elite":{"households":2,"pct":0.8},"Family Life School Age Children":{"households":0,"pct":0.0},"Feature and Location":{"households":0,"pct":0.0},"Entry Level Urban":{"households":0,"pct":0.0},"Entry Level Suburban":{"households":0,"pct":0.0}},"income_age":{"2020":{},"2024":{},"2029":{}},"population_trends":{"Total Population":{"Demographic":null,"2020":1029,"% OF TOTAL":null,"2024":1008,"2029":1003},"Population Growth":{"Demographic":null,"2020":null,"% OF TOTAL":null,"2024":-2.0,"2029":-0.5},"Female Population":{"Demographic":null,"2020":519,"% OF TOTAL":50.4,"2024":509,"2029":506},"Male Population":{"Demographic":null,"2020":510,"% OF TOTAL":49.6,"2024":499,"2029":497},"Total population: Median Age":{"Demographic":null,"2020":32,"% OF TOTAL":null,"2024":32,"2029":33},"Total population: Under 5 years":{"Demographic":null,"2020":93,"% OF TOTAL":8.2,"2024":87,"2029":82},"Total population: 5 - 9 years":{"Demographic":null,"2020":76,"% OF TOTAL":7.8,"2024":79,"2029":78},"Total population: 10 - 14 years":{"Demographic":null,"2020":105,"% OF TOTAL":8.7,"2024":98,"2029":87},"Total population: 15 - 19 years":{"Demographic":null,"2020":82,"% OF TOTAL":8.1,"2024":87,"2029":81},"Total population: 20 - 24 years":{"Demographic":null,"2020":60,"% OF TOTAL":6.5,"2024":63,"2029":65},"Total population: 25 - 29 years":{"Demographic":null,"2020":55,"% OF TOTAL":5.8,"2024":52,"2029":58},"Total population: 30 - 34 years":{"Demographic":null,"2020":77,"% OF TOTAL":6.7,"2024":74,"2029":67},"Total population: 35 - 39 years":{"Demographic":null,"2020":70,"% OF TOTAL":7.4,"2024":68,"2029":74},"Total population: 40 - 44 years":{"Demographic":null,"2020":54,"% OF TOTAL":6.2,"2024":59,"2029":62},"Total population: 45 - 49 years":{"Demographic":null,"2020":90,"% OF TOTAL":7.9,"2024":87,"2029":79},"Total population: 50 - 54 years":{"Demographic":null,"2020":52,"% OF TOTAL":5.8,"2024":49,"2029":58},"Total population: 55 - 59 years":{"Demographic":null,"2020":77,"% OF TOTAL":6.2,"2024":68,"2029":62},"Total population: 60 - 64 years":{"Demographic":null,"2020":38,"% OF TOTAL":4.1,"2024":36,"2029":41},"Total population: 65 - 69 years":{"Demographic":null,"2020":36,"% OF TOTAL":3.6,"2024":37,"2029":36},"Total population: 70 - 74 years":{"Demographic":null,"2020":34,"% OF TOTAL":3.3,"2024":33,"2029":33},"Total population: 75 - 79 years":{"Demographic":null,"2020":9,"% OF TOTAL":1.6,"2024":9,"2029":16},"Total population: 80 - 84 years":{"Demographic":null,"2020":12,"% OF TOTAL":1.3,"2024":13,"2029":13},"Total population: 85 years and over":{"Demographic":null,"2020":9,"% OF TOTAL":1.1,"2024":9,"2029":11},"Female population: Median Age":{"Demographic":null,"2020":34,"% OF TOTAL":null,"2024":34,"2029":35},"Female population: Under 5 years":{"Demographic":null,"2020":48,"% OF TOTAL":8.3,"2024":45,"2029":42},"Female population: 5 - 9 years":{"Demographic":null,"2020":44,"% OF TOTAL":8.7,"2024":45,"2029":44},"Female population: 10 - 14 years":{"Demographic":null,"2020":39,"% OF TOTAL":6.9,"2024":37,"2029":35},"Female population: 15 - 19 years":{"Demographic":null,"2020":38,"% OF TOTAL":6.5,"2024":38,"2029":33},"Female population: 20 - 24 years":{"Demographic":null,"2020":28,"% OF TOTAL":6.1,"2024":30,"2029":31},"Female population: 25 - 29 years":{"Demographic":null,"2020":28,"% OF TOTAL":5.3,"2024":26,"2029":27},"Female population: 30 - 34 years":{"Demographic":null,"2020":43,"% OF TOTAL":7.5,"2024":42,"2029":38},"Female population: 35 - 39 years":{"Demographic":null,"2020":37,"% OF TOTAL":7.7,"2024":36,"2029":39},"Female population: 40 - 44 years":{"Demographic":null,"2020":27,"% OF TOTAL":6.7,"2024":31,"2029":34},"Female population: 45 - 49 years":{"Demographic":null,"2020":37,"% OF TOTAL":6.9,"2024":36,"2029":35},"Female population: 50 - 54 years":{"Demographic":null,"2020":29,"% OF TOTAL":5.5,"2024":27,"2029":28},"Female population: 55 - 59 years":{"Demographic":null,"2020":34,"% OF TOTAL":5.9,"2024":31,"2029":30},"Female population: 60 - 64 years":{"Demographic":null,"2020":23,"% OF TOTAL":4.2,"2024":21,"2029":21},"Female population: 65 - 69 years":{"Demographic":null,"2020":21,"% OF TOTAL":4.2,"2024":21,"2029":21},"Female population: 70 - 74 years":{"Demographic":null,"2020":21,"% OF TOTAL":3.8,"2024":20,"2029":19},"Female population: 75 - 79 years":{"Demographic":null,"2020":6,"% OF TOTAL":2.0,"2024":6,"2029":10},"Female population: 80 - 84 years":{"Demographic":null,"2020":11,"% OF TOTAL":2.2,"2024":12,"2029":11},"Female population: 85 years and over":{"Demographic":null,"2020":5,"% OF TOTAL":1.6,"2024":5,"2029":8},"Male population: Median Age":{"Demographic":null,"2020":31,"% OF TOTAL":null,"2024":30,"2029":31},"Male population: Under 5 years":{"Demographic":null,"2020":45,"% OF TOTAL":8.0,"2024":42,"2029":40},"Male population: 5 - 9 years":{"Demographic":null,"2020":32,"% OF TOTAL":6.8,"2024":34,"2029":34},"Male population: 10 - 14 years":{"Demographic":null,"2020":66,"% OF TOTAL":10.5,"2024":61,"2029":52},"Male population: 15 - 19 years":{"Demographic":null,"2020":44,"% OF TOTAL":9.7,"2024":49,"2029":48},"Male population: 20 - 24 years":{"Demographic":null,"2020":32,"% OF TOTAL":6.8,"2024":33,"2029":34},"Male population: 25 - 29 years":{"Demographic":null,"2020":27,"% OF TOTAL":6.2,"2024":26,"2029":31},"Male population: 30 - 34 years":{"Demographic":null,"2020":34,"% OF TOTAL":5.8,"2024":32,"2029":29},"Male population: 35 - 39 years":{"Demographic":null,"2020":33,"% OF TOTAL":7.0,"2024":32,"2029":35},"Male population: 40 - 44 years":{"Demographic":null,"2020":27,"% OF TOTAL":5.6,"2024":28,"2029":28},"Male population: 45 - 49 years":{"Demographic":null,"2020":53,"% OF TOTAL":8.9,"2024":51,"2029":44},"Male population: 50 - 54 years":{"Demographic":null,"2020":23,"% OF TOTAL":6.0,"2024":22,"2029":30},"Male population: 55 - 59 years":{"Demographic":null,"2020":43,"% OF TOTAL":6.4,"2024":37,"2029":32},"Male population: 60 - 64 years":{"Demographic":null,"2020":15,"% OF TOTAL":4.0,"2024":15,"2029":20},"Male population: 65 - 69 years":{"Demographic":null,"2020":15,"% OF TOTAL":3.0,"2024":16,"2029":15},"Male population: 70 - 74 years":{"Demographic":null,"2020":13,"% OF TOTAL":2.8,"2024":13,"2029":14},"Male population: 75 - 79 years":{"Demographic":null,"2020":3,"% OF TOTAL":1.2,"2024":3,"2029":6},"Male population: 80 - 84 years":{"Demographic":null,"2020":1,"% OF TOTAL":0.4,"2024":1,"2029":2},"Male population: 85 years and over":{"Demographic":null,"2020":4,"% OF TOTAL":0.6,"2024":4,"2029":3},"White alone":{"Demographic":null,"2020":716,"% OF TOTAL":69.1,"2024":699,"2029":693},"Black alone":{"Demographic":null,"2020":55,"% OF TOTAL":5.7,"2024":55,"2029":57},"American Indian and Alaska Native alone":{"Demographic":null,"2020":12,"% OF TOTAL":1.2,"2024":12,"2029":12},"Asian alone":{"Demographic":null,"2020":1,"% OF TOTAL":0.1,"2024":1,"2029":1},"Native Hawaiian and OPI alone":{"Demographic":null,"2020":2,"% OF TOTAL":0.2,"2024":2,"2029":2},"Some other race alone":{"Demographic":null,"2020":106,"% OF TOTAL":10.1,"2024":101,"2029":101},"Two or more races alone":{"Demographic":null,"2020":137,"% OF TOTAL":13.7,"2024":138,"2029":137},"Not Hispanic: White alone":{"Demographic":null,"2020":667,"% OF TOTAL":63.4,"2024":642,"2029":636},"Not Hispanic: Black or African American alone":{"Demographic":null,"2020":55,"% OF TOTAL":5.7,"2024":55,"2029":57},"Not Hispanic: American Indian and Alaska Native alone":{"Demographic":null,"2020":10,"% OF TOTAL":0.9,"2024":9,"2029":9},"Not Hispanic: Asian alone":{"Demographic":null,"2020":1,"% OF TOTAL":0.1,"2024":1,"2029":1},"Not Hispanic: Native Hawaiian and OPI alone":{"Demographic":null,"2020":2,"% OF TOTAL":0.2,"2024":2,"2029":2},"Not Hispanic: Some Other Race alone":{"Demographic":null,"2020":3,"% OF TOTAL":0.2,"2024":2,"2029":2},"Not Hispanic: Two or More Races":{"Demographic":null,"2020":74,"% OF TOTAL":7.3,"2024":73,"2029":73},"Hispanic: White alone":{"Demographic":null,"2020":49,"% OF TOTAL":5.7,"2024":57,"2029":57},"Hispanic: Black or African American alone":{"Demographic":null,"2020":0,"% OF TOTAL":0.0,"2024":0,"2029":0},"Hispanic: American Indian and Alaska Native alone":{"Demographic":null,"2020":2,"% OF TOTAL":0.3,"2024":3,"2029":3},"Hispanic: Asian alone":{"Demographic":null,"2020":0,"% OF TOTAL":0.0,"2024":0,"2029":0},"Hispanic: Native Hawaiian and OPI alone":{"Demographic":null,"2020":0,"% OF TOTAL":0.0,"2024":0,"2029":0},"Hispanic: Some Other Race alone":{"Demographic":null,"2020":103,"% OF TOTAL":9.9,"2024":99,"2029":99},"Hispanic: Two or More Races":{"Demographic":null,"2020":63,"% OF TOTAL":6.4,"2024":65,"2029":64},"Educational Attainment: No High School Diploma":{"Demographic":null,"2020":342,"% OF TOTAL":null,"2024":331,"2029":null},"Educational Attainment: High School Diploma":{"Demographic":null,"2020":92,"% OF TOTAL":null,"2024":89,"2029":null},"Educational Attainment: Some College":{"Demographic":null,"2020":0,"% OF TOTAL":null,"2024":0,"2029":null},"Educational Attainment: Associates Degree":{"Demographic":null,"2020":179,"% OF TOTAL":null,"2024":174,"2029":null},"Educational Attainment: Bachelors Degree":{"Demographic":null,"2020":0,"% OF TOTAL":null,"2024":0,"2029":null},"Educational Attainment: Advanced Degree":{"Demographic":null,"2020":0,"% OF TOTAL":null,"2024":0,"2029":null},"Employment Status: Armed Forces":{"Demographic":null,"2020":0,"% OF TOTAL":null,"2024":0,"2029":null},"Employment Status: Civilian labor force employed":{"Demographic":null,"2020":172,"% OF TOTAL":null,"2024":168,"2029":null},"Employment Status: Civilian labor force unemployed":{"Demographic":null,"2020":0,"% OF TOTAL":null,"2024":0,"2029":null},"Employment Status: Not in labor force":{"Demographic":null,"2020":567,"% OF TOTAL":null,"2024":556,"2029":null},"Employed in Agriculture and Mining Industries":{"Demographic":null,"2020":0,"% OF TOTAL":null,"2024":0,"2029":null},"Employed in Construction Industries":{"Demographic":null,"2020":0,"% OF TOTAL":null,"2024":0,"2029":null},"Employed in Manufacturing Industries":{"Demographic":null,"2020":112,"% OF TOTAL":null,"2024":110,"2029":null},"Employed in Wholesale Industries":{"Demographic":null,"2020":0,"% OF TOTAL":null,"2024":0,"2029":null},"Employed in Retail Industries":{"Demographic":null,"2020":0,"% OF TOTAL":null,"2024":0,"2029":null},"Employed in Transportation and Utilities Industries":{"Demographic":null,"2020":0,"% OF TOTAL":null,"2024":0,"2029":null},"Employed in Information Industries":{"Demographic":null,"2020":0,"% OF TOTAL":null,"2024":0,"2029":null},"Employed in Real-Estate Industries":{"Demographic":null,"2020":0,"% OF TOTAL":null,"2024":0,"2029":null},"Employed in Professional Industries":{"Demographic":null,"2020":28,"% OF TOTAL":null,"2024":27,"2029":null},"Employed in Health and Education Industries":{"Demographic":null,"2020":0,"% OF TOTAL":null,"2024":0,"2029":null},"Employed in Art Industries":{"Demographic":null,"2020":32,"% OF TOTAL":null,"2024":31,"2029":null},"Employed in Other Industries":{"Demographic":null,"2020":0,"% OF TOTAL":null,"2024":0,"2029":null},"Employed in Public Administration Industries":{"Demographic":null,"2020":0,"% OF TOTAL":null,"2024":0,"2029":null},"Occupation: Management":{"Demographic":null,"2020":0,"% OF TOTAL":null,"2024":0,"2029":null},"Occupation: Business and financial operations":{"Demographic":null,"2020":0,"% OF TOTAL":null,"2024":0,"2029":null},"Occupation: Computer and mathematical":{"Demographic":null,"2020":0,"% OF TOTAL":null,"2024":0,"2029":null},"Occupation: Architecture and engineering":{"Demographic":null,"2020":41,"% OF TOTAL":null,"2024":40,"2029":null},"Occupation: Life, physical, and social science":{"Demographic":null,"2020":0,"% OF TOTAL":null,"2024":0,"2029":null},"Occupation: Community and social service":{"Demographic":null,"2020":0,"% OF TOTAL":null,"2024":0,"2029":null},"Occupation: Legal":{"Demographic":null,"2020":0,"% OF TOTAL":null,"2024":0,"2029":null},"Occupation: Education, training, and library":{"Demographic":null,"2020":0,"% OF TOTAL":null,"2024":0,"2029":null},"Occupation: Arts, design, entertainment, sports, and media":{"Demographic":null,"2020":0,"% OF TOTAL":null,"2024":0,"2029":null},"Occupation: Health diagnosing and treating practitioners":{"Demographic":null,"2020":0,"% OF TOTAL":null,"2024":0,"2029":null},"Occupation: Health technologists and technicians":{"Demographic":null,"2020":0,"% OF TOTAL":null,"2024":0,"2029":null},"Occupation: Healthcare support":{"Demographic":null,"2020":0,"% OF TOTAL":null,"2024":0,"2029":null},"Occupation: Fire fighting and prevention":{"Demographic":null,"2020":0,"% OF TOTAL":null,"2024":0,"2029":null},"Occupation: Law enforcement workers":{"Demographic":null,"2020":0,"% OF TOTAL":null,"2024":0,"2029":null},"Occupation: Food preparation and serving related":{"Demographic":null,"2020":32,"% OF TOTAL":null,"2024":31,"2029":null},"Occupation: Building and grounds cleaning and maintenance":{"Demographic":null,"2020":28,"% OF TOTAL":null,"2024":28,"2029":null},"Occupation: Personal care and service":{"Demographic":null,"2020":0,"% OF TOTAL":null,"2024":0,"2029":null},"Occupation: Sales and related":{"Demographic":null,"2020":0,"% OF TOTAL":null,"2024":0,"2029":null},"Occupation: Office and administrative support":{"Demographic":null,"2020":0,"% OF TOTAL":null,"2024":0,"2029":null},"Occupation: Farming, fishing, and forestry":{"Demographic":null,"2020":0,"% OF TOTAL":null,"2024":0,"2029":null},"Occupation: Construction and extraction":{"Demographic":null,"2020":0,"% OF TOTAL":null,"2024":0,"2029":null},"Occupation: Installation, maintenance, and repair":{"Demographic":null,"2020":0,"% OF TOTAL":null,"2024":0,"2029":null},"Occupation: Production":{"Demographic":null,"2020":71,"% OF TOTAL":null,"2024":69,"2029":null},"Occupation: Transportation":{"Demographic":null,"2020":0,"% OF TOTAL":null,"2024":0,"2029":null},"Occupation: Material moving":{"Demographic":null,"2020":0,"% OF TOTAL":null,"2024":0,"2029":null},"White collar":{"Demographic":null,"2020":41,"% OF TOTAL":null,"2024":40,"2029":null},"Blue collar":{"Demographic":null,"2020":131,"% OF TOTAL":null,"2024":128,"2029":null},"Means of transportation: Car, truck or van":{"Demographic":null,"2020":172,"% OF TOTAL":null,"2024":168,"2029":null},"Means of transportation: Public transportation":{"Demographic":null,"2020":0,"% OF TOTAL":null,"2024":0,"2029":null},"Means of transportation: Other":{"Demographic":null,"2020":0,"% OF TOTAL":null,"2024":0,"2029":null},"Travel time: Average (in minutes)":{"Demographic":null,"2020":27,"% OF TOTAL":null,"2024":27,"2029":null},"Travel time to work: Less than 30 minutes":{"Demographic":null,"2020":140,"% OF TOTAL":null,"2024":137,"2029":null},"Travel time to work: 30 to 60 minutes":{"Demographic":null,"2020":32,"% OF TOTAL":null,"2024":31,"2029":null},"Travel time to work: 60 or more minutes":{"Demographic":null,"2020":0,"% OF TOTAL":null,"2024":0,"2029":null}},"demographic_snapshot":{"Total Population":{"Demographic":null,"2020":1029,"% OF TOTAL":null,"2024":1008,"2029":1003},"Households":{"Demographic":null,"2020":346,"% OF TOTAL":null,"2024":336,"2029":333},"Population in Group Quarters":{"Demographic":null,"2020":0,"% OF TOTAL":null,"2024":0,"2029":0},"Households Growth":{"Demographic":null,"2020":null,"% OF TOTAL":null,"2024":-2.9,"2029":-0.9},"Household Income: Median":{"Demographic":null,"2020":0,"% OF TOTAL":null,"2024":28085,"2029":29009},"Home Value: Median":{"Demographic":null,"2020":227473,"% OF TOTAL":null,"2024":227542,"2029":null},"Population Growth":{"Demographic":null,"2020":null,"% OF TOTAL":null,"2024":-2.0,"2029":-0.5},"Total Population: Under 19 years":{"Demographic":null,"2020":356,"% OF TOTAL":32.7,"2024":351,"2029":328},"Total Population: 20 - 64 years":{"Demographic":null,"2020":573,"% OF TOTAL":56.4,"2024":556,"2029":566},"Total Population: 65 years and over":{"Demographic":null,"2020":100,"% OF TOTAL":10.9,"2024":101,"2029":109},"Total population: Median age":{"Demographic":null,"2020":32,"% OF TOTAL":null,"2024":32,"2029":33},"Total population: Under 5 years":{"Demographic":null,"2020":93,"% OF TOTAL":8.2,"2024":87,"2029":82},"Total population: 5 - 9 years":{"Demographic":null,"2020":76,"% OF TOTAL":7.8,"2024":79,"2029":78},"Total population: 10 - 14 years":{"Demographic":null,"2020":105,"% OF TOTAL":8.7,"2024":98,"2029":87},"Total population: 15 - 19 years":{"Demographic":null,"2020":82,"% OF TOTAL":8.1,"2024":87,"2029":81},"Total population: 20 - 24 years":{"Demographic":null,"2020":60,"% OF TOTAL":6.5,"2024":63,"2029":65},"Total population: 25 - 29 years":{"Demographic":null,"2020":55,"% OF TOTAL":5.8,"2024":52,"2029":58},"Total population: 30 - 34 years":{"Demographic":null,"2020":77,"% OF TOTAL":6.7,"2024":74,"2029":67},"Total population: 35 - 39 years":{"Demographic":null,"2020":70,"% OF TOTAL":7.4,"2024":68,"2029":74},"Total population: 40 - 44 years":{"Demographic":null,"2020":54,"% OF TOTAL":6.2,"2024":59,"2029":62},"Total population: 45 - 49 years":{"Demographic":null,"2020":90,"% OF TOTAL":7.9,"2024":87,"2029":79},"Total population: 50 - 54 years":{"Demographic":null,"2020":52,"% OF TOTAL":5.8,"2024":49,"2029":58},"Total population: 55 - 59 years":{"Demographic":null,"2020":77,"% OF TOTAL":6.2,"2024":68,"2029":62},"Total population: 60 - 64 years":{"Demographic":null,"2020":38,"% OF TOTAL":4.1,"2024":36,"2029":41},"Total population: 65 - 69 years":{"Demographic":null,"2020":36,"% OF TOTAL":3.6,"2024":37,"2029":36},"Total population: 70 - 74 years":{"Demographic":null,"2020":34,"% OF TOTAL":3.3,"2024":33,"2029":33},"Total population: 75 - 79 years":{"Demographic":null,"2020":9,"% OF TOTAL":1.6,"2024":9,"2029":16},"Total population: 80 - 84 years":{"Demographic":null,"2020":12,"% OF TOTAL":1.3,"2024":13,"2029":13},"Total population: 85 years and over":{"Demographic":null,"2020":9,"% OF TOTAL":1.1,"2024":9,"2029":11},"Householders Age 15-24":{"Demographic":null,"2020":7,"% OF TOTAL":2.4,"2024":7,"2029":8},"Householders Age 25-34":{"Demographic":null,"2020":67,"% OF TOTAL":18.6,"2024":65,"2029":62},"Householders Age 35-44":{"Demographic":null,"2020":67,"% OF TOTAL":20.1,"2024":65,"2029":67},"Householders Age 45-54":{"Demographic":null,"2020":74,"% OF TOTAL":21.0,"2024":72,"2029":70},"Householders Age 55-64":{"Demographic":null,"2020":67,"% OF TOTAL":18.9,"2024":65,"2029":63},"Householders Age 65-74":{"Demographic":null,"2020":29,"% OF TOTAL":7.8,"2024":28,"2029":26},"Householders Age 75+":{"Demographic":null,"2020":35,"% OF TOTAL":11.1,"2024":34,"2029":37},"Household income: Average":{"Demographic":null,"2020":49249,"% OF TOTAL":null,"2024":58028,"2029":61044},"Household income: Less than 25k":{"Demographic":null,"2020":167,"% OF TOTAL":37.2,"2024":139,"2029":124},"Household income: 25k - 50k":{"Demographic":null,"2020":57,"% OF TOTAL":15.9,"2024":50,"2029":53},"Household income: 50k - 75k":{"Demographic":null,"2020":0,"% OF TOTAL":0.0,"2024":0,"2029":0},"Household income: 75k - 100k":{"Demographic":null,"2020":9,"% OF TOTAL":3.6,"2024":10,"2029":12},"Household income: 100k - 125k":{"Demographic":null,"2020":113,"% OF TOTAL":43.2,"2024":137,"2029":144},"Household income: 125k - 150k":{"Demographic":null,"2020":0,"% OF TOTAL":0.0,"2024":0,"2029":0},"Household income: 150k - 200k":{"Demographic":null,"2020":0,"% OF TOTAL":0.0,"2024":0,"2029":0},"Household income: Above 200k":{"Demographic":null,"2020":0,"% OF TOTAL":0.0,"2024":0,"2029":0},"White Alone":{"Demographic":null,"2020":716,"% OF TOTAL":69.1,"2024":699,"2029":693},"Black or African American Alone":{"Demographic":null,"2020":55,"% OF TOTAL":5.7,"2024":55,"2029":57},"American Indian and Alaska Native Alone":{"Demographic":null,"2020":12,"% OF TOTAL":1.2,"2024":12,"2029":12},"Asian Alone":{"Demographic":null,"2020":1,"% OF TOTAL":0.1,"2024":1,"2029":1},"Native Hawaiian and OPI Alone":{"Demographic":null,"2020":2,"% OF TOTAL":0.2,"2024":2,"2029":2},"Some Other Race Alone":{"Demographic":null,"2020":106,"% OF TOTAL":10.1,"2024":101,"2029":101},"Two or More Races Alone":{"Demographic":null,"2020":137,"% OF TOTAL":13.7,"2024":138,"2029":137},"Not Hispanic or Latino":{"Demographic":null,"2020":812,"% OF TOTAL":77.8,"2024":784,"2029":780},"Hispanic or Latino":{"Demographic":null,"2020":217,"% OF TOTAL":22.2,"2024":224,"2029":223},"Total Housing Units":{"Demographic":null,"2020":392,"% OF TOTAL":null,"2024":null,"2029":null},"Owner Occupied Housing Units":{"Demographic":null,"2020":236,"% OF TOTAL":null,"2024":229,"2029":null},"Renter Occupied Housing Units":{"Demographic":null,"2020":110,"% OF TOTAL":null,"2024":107,"2029":null},"Housing Units Value Less Than 100k":{"Demographic":null,"2020":0,"% OF TOTAL":null,"2024":0,"2029":null},"Housing Units Value 100k - 200k":{"Demographic":null,"2020":18,"% OF TOTAL":null,"2024":17,"2029":null},"Housing Units Value 200k - 250k":{"Demographic":null,"2020":182,"% OF TOTAL":null,"2024":177,"2029":null},"Housing Units Value 250k - 300k":{"Demographic":null,"2020":0,"% OF TOTAL":null,"2024":0,"2029":null},"Housing Units Value 300k - 400k":{"Demographic":null,"2020":0,"% OF TOTAL":null,"2024":0,"2029":null},"Housing Units Value 400k - 500k":{"Demographic":null,"2020":36,"% OF TOTAL":null,"2024":35,"2029":null},"Housing Units Value 500k - 750k":{"Demographic":null,"2020":0,"% OF TOTAL":null,"2024":0,"2029":null},"Housing Units Value 750k - 1m":{"Demographic":null,"2020":0,"% OF TOTAL":null,"2024":0,"2029":null},"Housing Units Value 1m - 1.5m":{"Demographic":null,"2020":0,"% OF TOTAL":null,"2024":0,"2029":null},"Housing Units Value 1.5m - 2m":{"Demographic":null,"2020":0,"% OF TOTAL":null,"2024":0,"2029":null},"Housing Units Value >2m":{"Demographic":null,"2020":0,"% OF TOTAL":null,"2024":0,"2029":null},"Take Car or Truck to Work":{"Demographic":null,"2020":172,"% OF TOTAL":null,"2024":168,"2029":null},"Take Public Transportation to Work":{"Demographic":null,"2020":0,"% OF TOTAL":null,"2024":0,"2029":null},"Take Other Means of Transportation to Work":{"Demographic":null,"2020":0,"% OF TOTAL":null,"2024":0,"2029":null},"Average Travel Time (min)":{"Demographic":null,"2020":27,"% OF TOTAL":null,"2024":27,"2029":null},"Travel Below 30 Min to Work":{"Demographic":null,"2020":140,"% OF TOTAL":null,"2024":137,"2029":null},"Travel 30-60 Min to Work":{"Demographic":null,"2020":32,"% OF TOTAL":null,"2024":31,"2029":null},"Travel Above 60 Min to Work":{"Demographic":null,"2020":27,"% OF TOTAL":null,"2024":0,"2029":null},"Educational Attainment: No High School Diploma":{"Demographic":null,"2020":434,"% OF TOTAL":null,"2024":420,"2029":null},"Educational Attainment: High School Diploma":{"Demographic":null,"2020":92,"% OF TOTAL":null,"2024":89,"2029":null},"Educational Attainment: Some College":{"Demographic":null,"2020":179,"% OF TOTAL":null,"2024":174,"2029":null},"Educational Attainment: Associate's Degree":{"Demographic":null,"2020":179,"% OF TOTAL":null,"2024":174,"2029":null},"Educational Attainment: Bachelors Degree":{"Demographic":null,"2020":0,"% OF TOTAL":null,"2024":0,"2029":null},"Educational Attainment: Advanced Degree":{"Demographic":null,"2020":0,"% OF TOTAL":null,"2024":0,"2029":null},"Households: Number of vehicles available - Average":{"Demographic":null,"2020":2,"% OF TOTAL":null,"2024":2,"2029":null},"Households: No Vehicle available":{"Demographic":null,"2020":0,"% OF TOTAL":null,"2024":0,"2029":null},"Households: 1 Vehicle available":{"Demographic":null,"2020":97,"% OF TOTAL":null,"2024":94,"2029":null},"Households: 2 Vehicles available":{"Demographic":null,"2020":95,"% OF TOTAL":null,"2024":92,"2029":null},"Households: 3 Vehicles available":{"Demographic":null,"2020":154,"% OF TOTAL":null,"2024":150,"2029":null},"Households: 4 or more Vehicles available":{"Demographic":null,"2020":0,"% OF TOTAL":null,"2024":0,"2029":null}},"household_trends":{"Households":{"Demographic":null,"2020":346,"% OF TOTAL":null,"2024":336,"2029":333},"Households Growth":{"Demographic":null,"2020":null,"% OF TOTAL":null,"2024":-2.9,"2029":-0.9},"Householder Age 15-24":{"Demographic":null,"2020":7,"% OF TOTAL":2.4,"2024":7,"2029":8},"Householder Age 25-34":{"Demographic":null,"2020":67,"% OF TOTAL":18.6,"2024":65,"2029":62},"Householder Age 35-44":{"Demographic":null,"2020":67,"% OF TOTAL":20.1,"2024":65,"2029":67},"Householder Age 45-54":{"Demographic":null,"2020":74,"% OF TOTAL":21.0,"2024":72,"2029":70},"Householder Age 55-64":{"Demographic":null,"2020":67,"% OF TOTAL":18.9,"2024":65,"2029":63},"Householder Age 65-74":{"Demographic":null,"2020":29,"% OF TOTAL":7.8,"2024":28,"2029":26},"Householder Age 75+":{"Demographic":null,"2020":35,"% OF TOTAL":11.1,"2024":34,"2029":37},"Average Household Size":{"Demographic":null,"2020":3,"% OF TOTAL":null,"2024":3,"2029":3},"1 Person Households":{"Demographic":null,"2020":74,"% OF TOTAL":20.1,"2024":69,"2029":67},"2 Person Households":{"Demographic":null,"2020":89,"% OF TOTAL":24.6,"2024":84,"2029":82},"3 Person Households":{"Demographic":null,"2020":76,"% OF TOTAL":21.3,"2024":72,"2029":71},"4 Person Households":{"Demographic":null,"2020":48,"% OF TOTAL":15.6,"2024":51,"2029":52},"5 Person Households":{"Demographic":null,"2020":28,"% OF TOTAL":9.0,"2024":29,"2029":30},"6 Person Households":{"Demographic":null,"2020":17,"% OF TOTAL":5.1,"2024":17,"2029":17},"7+ Person Households":{"Demographic":null,"2020":14,"% OF TOTAL":4.2,"2024":14,"2029":14},"Household Type: Family":{"Demographic":null,"2020":258,"% OF TOTAL":null,"2024":251,"2029":null},"Household Type: Married Family":{"Demographic":null,"2020":182,"% OF TOTAL":null,"2024":177,"2029":null},"Household Type: Married Family With Children":{"Demographic":null,"2020":62,"% OF TOTAL":null,"2024":60,"2029":null},"Household Type: Married Family Without Children":{"Demographic":null,"2020":120,"% OF TOTAL":null,"2024":117,"2029":null},"Household Type: Other Family":{"Demographic":null,"2020":76,"% OF TOTAL":null,"2024":74,"2029":null},"Household Type: Male Households, No Wife":{"Demographic":null,"2020":26,"% OF TOTAL":null,"2024":25,"2029":null},"Household Type: Male Households, No Wife With Children":{"Demographic":null,"2020":12,"% OF TOTAL":null,"2024":12,"2029":null},"Household Type: Male Households, No Wife Without Children":{"Demographic":null,"2020":14,"% OF TOTAL":null,"2024":13,"2029":null},"Household Type: Female Households, No Husband":{"Demographic":null,"2020":50,"% OF TOTAL":null,"2024":49,"2029":null},"Household Type: Female Households, No Husband With Children":{"Demographic":null,"2020":24,"% OF TOTAL":null,"2024":24,"2029":null},"Household Type: Female Households, No Husband Without Children":{"Demographic":null,"2020":26,"% OF TOTAL":null,"2024":25,"2029":null},"Household Income: Average":{"Demographic":null,"2020":49249,"% OF TOTAL":null,"2024":58028,"2029":61044},"Household Income: Median":{"Demographic":null,"2020":0,"% OF TOTAL":null,"2024":28085,"2029":29009},"Household Income: Less than $25k":{"Demographic":null,"2020":167,"% OF TOTAL":37.2,"2024":139,"2029":124},"Household Income: $25k - $50k":{"Demographic":null,"2020":57,"% OF TOTAL":15.9,"2024":50,"2029":53},"Household Income: $50k - $75k":{"Demographic":null,"2020":0,"% OF TOTAL":0.0,"2024":0,"2029":0},"Household Income: $75k - $100k":{"Demographic":null,"2020":9,"% OF TOTAL":3.6,"2024":10,"2029":12},"Household Income: $100k - $125k":{"Demographic":null,"2020":113,"% OF TOTAL":43.2,"2024":137,"2029":144},"Household Income: $125k - $150k":{"Demographic":null,"2020":0,"% OF TOTAL":0.0,"2024":0,"2029":0},"Household Income: $150k - $200k":{"Demographic":null,"2020":0,"% OF TOTAL":0.0,"2024":0,"2029":0},"Household Income: Above $200k":{"Demographic":null,"2020":0,"% OF TOTAL":0.0,"2024":0,"2029":0},"Total Housing Units":{"Demographic":null,"2020":392,"% OF TOTAL":null,"2024":null,"2029":null},"Owner Occupied Housing Units":{"Demographic":null,"2020":236,"% OF TOTAL":null,"2024":229,"2029":null},"Renter Occupied Housing Units":{"Demographic":null,"2020":110,"% OF TOTAL":null,"2024":107,"2029":null},"Vacant Housing Units":{"Demographic":null,"2020":46,"% OF TOTAL":null,"2024":null,"2029":null},"Vacant Housing Units: Seasonal":{"Demographic":null,"2020":3,"% OF TOTAL":null,"2024":null,"2029":null},"Vacant Housing Units: Other Usage":{"Demographic":null,"2020":43,"% OF TOTAL":null,"2024":null,"2029":null},"Average Housing Unit Value":{"Demographic":null,"2020":252648,"% OF TOTAL":null,"2024":252893,"2029":null},"Median Housing Unit Value":{"Demographic":null,"2020":227473,"% OF TOTAL":null,"2024":227542,"2029":null},"Housing Unit Value Less Than $100k":{"Demographic":null,"2020":0,"% OF TOTAL":null,"2024":0,"2029":null},"Housing Unit Value $100k-$200k":{"Demographic":null,"2020":18,"% OF TOTAL":null,"2024":17,"2029":null},"Housing Unit Value $200k-$250k":{"Demographic":null,"2020":182,"% OF TOTAL":null,"2024":177,"2029":null},"Housing Unit Value $250k-$300k":{"Demographic":null,"2020":0,"% OF TOTAL":null,"2024":0,"2029":null},"Housing Unit Value $300k-$400k":{"Demographic":null,"2020":0,"% OF TOTAL":null,"2024":0,"2029":null},"Housing Unit Value $400k-$500k":{"Demographic":null,"2020":36,"% OF TOTAL":null,"2024":35,"2029":null},"Housing Unit Value $500k-$750k":{"Demographic":null,"2020":0,"% OF TOTAL":null,"2024":0,"2029":null},"Housing Unit Value $750k-$1m":{"Demographic":null,"2020":0,"% OF TOTAL":null,"2024":0,"2029":null},"Housing Unit Value $1m-$1.5m":{"Demographic":null,"2020":0,"% OF TOTAL":null,"2024":0,"2029":null},"Housing Unit Value $1.5m-$2m":{"Demographic":null,"2020":0,"% OF TOTAL":null,"2024":0,"2029":null},"Housing Unit Value Above $2m":{"Demographic":null,"2020":0,"% OF TOTAL":null,"2024":0,"2029":null},"Median Housing Unit Year Built":{"Demographic":null,"2020":1996,"% OF TOTAL":null,"2024":1996,"2029":null},"Housing Units Built 2014 Or After":{"Demographic":null,"2020":18,"% OF TOTAL":null,"2024":18,"2029":null},"Housing Units Built 2010-2013":{"Demographic":null,"2020":0,"% OF TOTAL":null,"2024":0,"2029":null},"Housing Units Built 2000-2009":{"Demographic":null,"2020":95,"% OF TOTAL":null,"2024":92,"2029":null},"Housing Units Built 1990-1999":{"Demographic":null,"2020":154,"% OF TOTAL":null,"2024":149,"2029":null},"Housing Units Built 1980-1989":{"Demographic":null,"2020":0,"% OF TOTAL":null,"2024":0,"2029":null},"Housing Units Built 1970-1979":{"Demographic":null,"2020":36,"% OF TOTAL":null,"2024":35,"2029":null},"Housing Units Built 1960-1969":{"Demographic":null,"2020":43,"% OF TOTAL":null,"2024":42,"2029":null},"Housing Units Built 1950-1959":{"Demographic":null,"2020":0,"% OF TOTAL":null,"2024":0,"2029":null},"Housing Units Built 1940-1949":{"Demographic":null,"2020":0,"% OF TOTAL":null,"2024":0,"2029":null},"Housing Units Built Before 1940":{"Demographic":null,"2020":0,"% OF TOTAL":null,"2024":0,"2029":null}}},"geometry":{"type":"Polygon","coordinates":[[[-86.1773083791742,30.759219901514612],[-86.1773083791742,30.74891893497664],[-86.21093990466612,30.74891893497664],[-86.21093990466612,30.75921041351428],[-86.1773083791742,30.759219901514612]]]}},{"type":"Feature","properties":{"block":"009","block_num":9,"submarket":"Defuniak Springs","CentroidLon":-86.22775308240055,"CentroidLat":30.75406230261001,"data_status":"no data","is_anomalous":false,"anomaly_reason":null,"files_present":""},"geometry":{"type":"Polygon","coordinates":[[[-86.21093990466612,30.75921041351428],[-86.21093990466612,30.74891893497664],[-86.24457143015803,30.74891893497664],[-86.24457143015803,30.75920092551394],[-86.21093990466612,30.75921041351428]]]}},{"type":"Feature","properties":{"block":"010","block_num":10,"submarket":"Defuniak Springs","CentroidLon":-86.26138460550598,"CentroidLat":30.754057558610185,"data_status":"no data","is_anomalous":false,"anomaly_reason":null,"files_present":""},"geometry":{"type":"Polygon","coordinates":[[[-86.24457143015803,30.75920092551394],[-86.24457143015803,30.74891893497664],[-86.27820295564995,30.74891893497664],[-86.27820295564995,30.759191437513604],[-86.24457143015803,30.75920092551394]]]}},{"type":"Feature","properties":{"block":"011","block_num":11,"submarket":"Defuniak Springs","CentroidLon":-86.29501612860702,"CentroidLat":30.754052814610354,"data_status":"no data","is_anomalous":false,"anomaly_reason":null,"files_present":""},"geometry":{"type":"Polygon","coordinates":[[[-86.27820295564995,30.759191437513604],[-86.27820295564995,30.74891893497664],[-86.31183448114186,30.74891893497664],[-86.31183448114186,30.759181949513266],[-86.27820295564995,30.759191437513604]]]}},{"type":"Feature","properties":{"block":"012","block_num":12,"submarket":"Defuniak Springs","CentroidLon":-86.32864765170359,"CentroidLat":30.754048070610512,"data_status":"no data","is_anomalous":false,"anomaly_reason":null,"files_present":""},"geometry":{"type":"Polygon","coordinates":[[[-86.31183448114186,30.759181949513266],[-86.31183448114186,30.74891893497664],[-86.34546600663377,30.74891893497664],[-86.34546600663377,30.759172461512932],[-86.31183448114186,30.759181949513266]]]}},{"type":"Feature","properties":{"block":"013","block_num":13,"submarket":"Defuniak Springs","CentroidLon":-86.36227917479573,"CentroidLat":30.754043326610688,"data_status":"no data","is_anomalous":false,"anomaly_reason":null,"files_present":""},"geometry":{"type":"Polygon","coordinates":[[[-86.34546600663377,30.759172461512932],[-86.34546600663377,30.74891893497664],[-86.37909753212568,30.74891893497664],[-86.37909753212568,30.759162973512595],[-86.34546600663377,30.759172461512932]]]}},{"type":"Feature","properties":{"block":"014","block_num":14,"submarket":"Defuniak Springs","CentroidLon":-86.29350369776235,"CentroidLat":30.737778796372137,"data_status":"no data","is_anomalous":false,"anomaly_reason":null,"files_present":""},"geometry":{"type":"Polygon","coordinates":[[[-86.31183448114186,30.733047200425798],[-86.31183448114186,30.74891893497664],[-86.27820295564995,30.74891893497664],[-86.27820295564995,30.721289434196596],[-86.31183448114186,30.733047200425798]]]}},{"type":"Feature","properties":{"block":"015","block_num":15,"submarket":"Defuniak Springs","CentroidLon":-86.38920297594217,"CentroidLat":30.73666182354915,"data_status":"no data","is_anomalous":false,"anomaly_reason":null,"files_present":""},"geometry":{"type":"Polygon","coordinates":[[[-86.40662216357781,30.74891893497664],[-86.37909753212568,30.74891893497664],[-86.37909753212568,30.720005501795583],[-86.38936969390178,30.720005501795583],[-86.40662216357781,30.74891893497664]]]}},{"type":"Feature","properties":{"block":"016","block_num":16,"submarket":"Defuniak Springs","CentroidLon":-86.33044703897733,"CentroidLat":30.73650327695723,"data_status":"no data","is_anomalous":false,"anomaly_reason":null,"files_present":""},"geometry":{"type":"Polygon","coordinates":[[[-86.3125744401549,30.733305894165298],[-86.33610837121587,30.720005501795583],[-86.34546600663377,30.720005501795583],[-86.34546600663377,30.74891893497664],[-86.31183448114186,30.74891893497664],[-86.31183448114186,30.733047200425798],[-86.3125744401549,30.733305894165298]]]}},{"type":"Feature","properties":{"block":"017","block_num":17,"submarket":"Defuniak Springs","CentroidLon":-86.26134929855135,"CentroidLat":30.734496314330265,"data_status":"no data","is_anomalous":false,"anomaly_reason":null,"files_present":""},"geometry":{"type":"Polygon","coordinates":[[[-86.27820295564995,30.721289434196596],[-86.27820295564995,30.74891893497664],[-86.24457143015803,30.74891893497664],[-86.24457143015803,30.720005501795583],[-86.27453043789166,30.720005501795583],[-86.27820295564995,30.721289434196596]]]}},{"type":"Feature","properties":{"block":"018","block_num":18,"submarket":"Defuniak Springs","CentroidLon":-86.36228176937972,"CentroidLat":30.734462218386113,"data_status":"no data","is_anomalous":false,"anomaly_reason":null,"files_present":""},"geometry":{"type":"Polygon","coordinates":[[[-86.37909753212568,30.720005501795583],[-86.37909753212568,30.74891893497664],[-86.34546600663377,30.74891893497664],[-86.34546600663377,30.720005501795583],[-86.37909753212568,30.720005501795583]]]}},{"type":"Feature","properties":{"block":"019","block_num":19,"submarket":"Defuniak Springs","CentroidLon":-86.22775566741208,"CentroidLat":30.734462218386113,"data_status":"no data","is_anomalous":false,"anomaly_reason":null,"files_present":""},"geometry":{"type":"Polygon","coordinates":[[[-86.24457143015803,30.720005501795583],[-86.24457143015803,30.74891893497664],[-86.21093990466612,30.74891893497664],[-86.21093990466612,30.720005501795583],[-86.24457143015803,30.720005501795583]]]}},{"type":"Feature","properties":{"block":"020","block_num":20,"submarket":"Defuniak Springs","CentroidLon":-86.19412414192016,"CentroidLat":30.734462218386113,"data_status":"no data","is_anomalous":false,"anomaly_reason":null,"files_present":""},"geometry":{"type":"Polygon","coordinates":[[[-86.21093990466612,30.720005501795583],[-86.21093990466612,30.74891893497664],[-86.1773083791742,30.74891893497664],[-86.1773083791742,30.720005501795583],[-86.21093990466612,30.720005501795583]]]}},{"type":"Feature","properties":{"block":"021","block_num":21,"submarket":"Defuniak Springs","CentroidLon":-86.16049261642824,"CentroidLat":30.734462218386113,"data_status":"no data","is_anomalous":false,"anomaly_reason":null,"files_present":""},"geometry":{"type":"Polygon","coordinates":[[[-86.1773083791742,30.720005501795583],[-86.1773083791742,30.74891893497664],[-86.1436768536823,30.74891893497664],[-86.1436768536823,30.720005501795583],[-86.1773083791742,30.720005501795583]]]}},{"type":"Feature","properties":{"block":"022","block_num":22,"submarket":"Defuniak Springs","CentroidLon":-86.12686109093633,"CentroidLat":30.734462218386113,"data_status":"usable","is_anomalous":false,"anomaly_reason":null,"files_present":"ConsumerSegmentation-26.08.10.csv;DemographicSnapshot-26.08.10.csv;HouseholdIncomeByAge-26.08.10.csv;HouseholdTrends-26.08.10.csv;PopulationTrends-26.08.10.csv","population_2024":2037,"population_2029":2143,"households_2024":800,"households_2029":837,"median_household_income_2024":44677,"median_household_income_2029":45833,"mean_household_income_2024":null,"mean_household_income_2029":null,"median_age_2024":34,"median_age_2029":35,"median_home_value_2024":152644,"average_household_size_2024":2.5,"average_household_size_2029":2.5,"population_growth_2024_2029":2.6,"households_growth_2024_2029":1.5,"consumer_segments":{"Entry Level Suburban":{"households":141,"pct":26.1},"Active Adult Entry Level":{"households":72,"pct":13.3},"Renters Near Term Buyers":{"households":58,"pct":10.7},"Renters":{"households":56,"pct":10.4},"Active Adult Elite":{"households":35,"pct":6.5},"Family Life School Age Children":{"households":33,"pct":6.1},"Simple Life Affluent No Children":{"households":32,"pct":5.9},"Active Adult Feature and Location":{"households":32,"pct":5.9},"Feature and Location":{"households":21,"pct":3.9},"Elite":{"households":19,"pct":3.5},"Family Life Young Children":{"households":18,"pct":3.3},"Simple Life Moderate Income No Children":{"households":16,"pct":3.0},"Simple Life Moderate Income With Children":{"households":8,"pct":1.5},"Entry Level Urban":{"households":0,"pct":0.0}},"income_age":{"2020":{},"2024":{},"2029":{}},"population_trends":{"Total Population":{"Demographic":null,"2020":1986,"% OF TOTAL":null,"2024":2037,"2029":2143},"Population Growth":{"Demographic":null,"2020":null,"% OF TOTAL":null,"2024":2.6,"2029":5.2},"Female Population":{"Demographic":null,"2020":1062,"% OF TOTAL":53.5,"2024":1090,"2029":1146},"Male Population":{"Demographic":null,"2020":924,"% OF TOTAL":46.5,"2024":947,"2029":997},"Total population: Median Age":{"Demographic":null,"2020":34,"% OF TOTAL":null,"2024":34,"2029":35},"Total population: Under 5 years":{"Demographic":null,"2020":138,"% OF TOTAL":6.3,"2024":135,"2029":136},"Total population: 5 - 9 years":{"Demographic":null,"2020":170,"% OF TOTAL":7.9,"2024":177,"2029":169},"Total population: 10 - 14 years":{"Demographic":null,"2020":143,"% OF TOTAL":7.0,"2024":143,"2029":151},"Total population: 15 - 19 years":{"Demographic":null,"2020":115,"% OF TOTAL":5.7,"2024":122,"2029":123},"Total population: 20 - 24 years":{"Demographic":null,"2020":115,"% OF TOTAL":5.7,"2024":128,"2029":123},"Total population: 25 - 29 years":{"Demographic":null,"2020":125,"% OF TOTAL":6.5,"2024":123,"2029":139},"Total population: 30 - 34 years":{"Demographic":null,"2020":147,"% OF TOTAL":6.7,"2024":143,"2029":144},"Total population: 35 - 39 years":{"Demographic":null,"2020":120,"% OF TOTAL":6.6,"2024":119,"2029":141},"Total population: 40 - 44 years":{"Demographic":null,"2020":104,"% OF TOTAL":5.8,"2024":113,"2029":125},"Total population: 45 - 49 years":{"Demographic":null,"2020":84,"% OF TOTAL":4.5,"2024":83,"2029":97},"Total population: 50 - 54 years":{"Demographic":null,"2020":102,"% OF TOTAL":4.4,"2024":100,"2029":95},"Total population: 55 - 59 years":{"Demographic":null,"2020":120,"% OF TOTAL":5.4,"2024":113,"2029":115},"Total population: 60 - 64 years":{"Demographic":null,"2020":108,"% OF TOTAL":5.0,"2024":112,"2029":108},"Total population: 65 - 69 years":{"Demographic":null,"2020":106,"% OF TOTAL":5.5,"2024":114,"2029":117},"Total population: 70 - 74 years":{"Demographic":null,"2020":104,"% OF TOTAL":5.4,"2024":106,"2029":116},"Total population: 75 - 79 years":{"Demographic":null,"2020":61,"% OF TOTAL":4.2,"2024":72,"2029":90},"Total population: 80 - 84 years":{"Demographic":null,"2020":77,"% OF TOTAL":4.0,"2024":83,"2029":85},"Total population: 85 years and over":{"Demographic":null,"2020":47,"% OF TOTAL":3.2,"2024":51,"2029":69},"Female population: Median Age":{"Demographic":null,"2020":34,"% OF TOTAL":null,"2024":35,"2029":37},"Female population: Under 5 years":{"Demographic":null,"2020":70,"% OF TOTAL":5.8,"2024":66,"2029":66},"Female population: 5 - 9 years":{"Demographic":null,"2020":99,"% OF TOTAL":8.3,"2024":103,"2029":95},"Female population: 10 - 14 years":{"Demographic":null,"2020":72,"% OF TOTAL":7.0,"2024":74,"2029":80},"Female population: 15 - 19 years":{"Demographic":null,"2020":60,"% OF TOTAL":5.4,"2024":60,"2029":62},"Female population: 20 - 24 years":{"Demographic":null,"2020":51,"% OF TOTAL":5.1,"2024":60,"2029":59},"Female population: 25 - 29 years":{"Demographic":null,"2020":62,"% OF TOTAL":5.6,"2024":59,"2029":64},"Female population: 30 - 34 years":{"Demographic":null,"2020":73,"% OF TOTAL":6.3,"2024":71,"2029":72},"Female population: 35 - 39 years":{"Demographic":null,"2020":69,"% OF TOTAL":6.9,"2024":70,"2029":79},"Female population: 40 - 44 years":{"Demographic":null,"2020":52,"% OF TOTAL":5.8,"2024":57,"2029":67},"Female population: 45 - 49 years":{"Demographic":null,"2020":42,"% OF TOTAL":4.3,"2024":43,"2029":49},"Female population: 50 - 54 years":{"Demographic":null,"2020":55,"% OF TOTAL":4.5,"2024":54,"2029":52},"Female population: 55 - 59 years":{"Demographic":null,"2020":65,"% OF TOTAL":5.5,"2024":61,"2029":63},"Female population: 60 - 64 years":{"Demographic":null,"2020":60,"% OF TOTAL":5.1,"2024":60,"2029":58},"Female population: 65 - 69 years":{"Demographic":null,"2020":60,"% OF TOTAL":5.7,"2024":65,"2029":65},"Female population: 70 - 74 years":{"Demographic":null,"2020":53,"% OF TOTAL":5.4,"2024":55,"2029":62},"Female population: 75 - 79 years":{"Demographic":null,"2020":38,"% OF TOTAL":4.5,"2024":45,"2029":52},"Female population: 80 - 84 years":{"Demographic":null,"2020":52,"% OF TOTAL":4.9,"2024":55,"2029":56},"Female population: 85 years and over":{"Demographic":null,"2020":29,"% OF TOTAL":3.9,"2024":32,"2029":45},"Male population: Median Age":{"Demographic":null,"2020":33,"% OF TOTAL":null,"2024":32,"2029":34},"Male population: Under 5 years":{"Demographic":null,"2020":68,"% OF TOTAL":7.0,"2024":69,"2029":70},"Male population: 5 - 9 years":{"Demographic":null,"2020":71,"% OF TOTAL":7.4,"2024":74,"2029":74},"Male population: 10 - 14 years":{"Demographic":null,"2020":71,"% OF TOTAL":7.1,"2024":69,"2029":71},"Male population: 15 - 19 years":{"Demographic":null,"2020":55,"% OF TOTAL":6.1,"2024":62,"2029":61},"Male population: 20 - 24 years":{"Demographic":null,"2020":64,"% OF TOTAL":6.4,"2024":68,"2029":64},"Male population: 25 - 29 years":{"Demographic":null,"2020":63,"% OF TOTAL":7.5,"2024":64,"2029":75},"Male population: 30 - 34 years":{"Demographic":null,"2020":74,"% OF TOTAL":7.2,"2024":72,"2029":72},"Male population: 35 - 39 years":{"Demographic":null,"2020":51,"% OF TOTAL":6.2,"2024":49,"2029":62},"Male population: 40 - 44 years":{"Demographic":null,"2020":52,"% OF TOTAL":5.8,"2024":56,"2029":58},"Male population: 45 - 49 years":{"Demographic":null,"2020":42,"% OF TOTAL":4.8,"2024":40,"2029":48},"Male population: 50 - 54 years":{"Demographic":null,"2020":47,"% OF TOTAL":4.3,"2024":46,"2029":43},"Male population: 55 - 59 years":{"Demographic":null,"2020":55,"% OF TOTAL":5.2,"2024":52,"2029":52},"Male population: 60 - 64 years":{"Demographic":null,"2020":48,"% OF TOTAL":5.0,"2024":52,"2029":50},"Male population: 65 - 69 years":{"Demographic":null,"2020":46,"% OF TOTAL":5.2,"2024":49,"2029":52},"Male population: 70 - 74 years":{"Demographic":null,"2020":51,"% OF TOTAL":5.4,"2024":51,"2029":54},"Male population: 75 - 79 years":{"Demographic":null,"2020":23,"% OF TOTAL":3.8,"2024":27,"2029":38},"Male population: 80 - 84 years":{"Demographic":null,"2020":25,"% OF TOTAL":2.9,"2024":28,"2029":29},"Male population: 85 years and over":{"Demographic":null,"2020":18,"% OF TOTAL":2.4,"2024":19,"2029":24},"White alone":{"Demographic":null,"2020":1429,"% OF TOTAL":71.2,"2024":1459,"2029":1526},"Black alone":{"Demographic":null,"2020":217,"% OF TOTAL":11.6,"2024":227,"2029":249},"American Indian and Alaska Native alone":{"Demographic":null,"2020":16,"% OF TOTAL":1.0,"2024":20,"2029":22},"Asian alone":{"Demographic":null,"2020":29,"% OF TOTAL":1.4,"2024":30,"2029":31},"Native Hawaiian and OPI alone":{"Demographic":null,"2020":2,"% OF TOTAL":0.1,"2024":2,"2029":2},"Some other race alone":{"Demographic":null,"2020":117,"% OF TOTAL":5.6,"2024":115,"2029":119},"Two or more races alone":{"Demographic":null,"2020":176,"% OF TOTAL":9.1,"2024":184,"2029":194},"Not Hispanic: White alone":{"Demographic":null,"2020":1386,"% OF TOTAL":68.5,"2024":1406,"2029":1469},"Not Hispanic: Black or African American alone":{"Demographic":null,"2020":216,"% OF TOTAL":11.6,"2024":226,"2029":248},"Not Hispanic: American Indian and Alaska Native alone":{"Demographic":null,"2020":10,"% OF TOTAL":0.5,"2024":10,"2029":11},"Not Hispanic: Asian alone":{"Demographic":null,"2020":27,"% OF TOTAL":1.4,"2024":28,"2029":29},"Not Hispanic: Native Hawaiian and OPI alone":{"Demographic":null,"2020":2,"% OF TOTAL":0.1,"2024":2,"2029":2},"Not Hispanic: Some Other Race alone":{"Demographic":null,"2020":11,"% OF TOTAL":0.4,"2024":9,"2029":9},"Not Hispanic: Two or More Races":{"Demographic":null,"2020":124,"% OF TOTAL":6.4,"2024":129,"2029":137},"Hispanic: White alone":{"Demographic":null,"2020":43,"% OF TOTAL":2.7,"2024":53,"2029":57},"Hispanic: Black or African American alone":{"Demographic":null,"2020":1,"% OF TOTAL":0.0,"2024":1,"2029":1},"Hispanic: American Indian and Alaska Native alone":{"Demographic":null,"2020":6,"% OF TOTAL":0.5,"2024":10,"2029":11},"Hispanic: Asian alone":{"Demographic":null,"2020":2,"% OF TOTAL":0.1,"2024":2,"2029":2},"Hispanic: Native Hawaiian and OPI alone":{"Demographic":null,"2020":0,"% OF TOTAL":0.0,"2024":0,"2029":0},"Hispanic: Some Other Race alone":{"Demographic":null,"2020":106,"% OF TOTAL":5.1,"2024":106,"2029":110},"Hispanic: Two or More Races":{"Demographic":null,"2020":52,"% OF TOTAL":2.7,"2024":55,"2029":57},"Educational Attainment: No High School Diploma":{"Demographic":null,"2020":176,"% OF TOTAL":null,"2024":176,"2029":null},"Educational Attainment: High School Diploma":{"Demographic":null,"2020":387,"% OF TOTAL":null,"2024":399,"2029":null},"Educational Attainment: Some College":{"Demographic":null,"2020":404,"% OF TOTAL":null,"2024":415,"2029":null},"Educational Attainment: Associates Degree":{"Demographic":null,"2020":101,"% OF TOTAL":null,"2024":103,"2029":null},"Educational Attainment: Bachelors Degree":{"Demographic":null,"2020":167,"% OF TOTAL":null,"2024":169,"2029":null},"Educational Attainment: Advanced Degree":{"Demographic":null,"2020":70,"% OF TOTAL":null,"2024":70,"2029":null},"Employment Status: Armed Forces":{"Demographic":null,"2020":0,"% OF TOTAL":null,"2024":0,"2029":null},"Employment Status: Civilian labor force employed":{"Demographic":null,"2020":794,"% OF TOTAL":null,"2024":828,"2029":null},"Employment Status: Civilian labor force unemployed":{"Demographic":null,"2020":69,"% OF TOTAL":null,"2024":70,"2029":null},"Employment Status: Not in labor force":{"Demographic":null,"2020":651,"% OF TOTAL":null,"2024":675,"2029":null},"Employed in Agriculture and Mining Industries":{"Demographic":null,"2020":0,"% OF TOTAL":null,"2024":0,"2029":null},"Employed in Construction Industries":{"Demographic":null,"2020":76,"% OF TOTAL":null,"2024":82,"2029":null},"Employed in Manufacturing Industries":{"Demographic":null,"2020":0,"% OF TOTAL":null,"2024":0,"2029":null},"Employed in Wholesale Industries":{"Demographic":null,"2020":0,"% OF TOTAL":null,"2024":0,"2029":null},"Employed in Retail Industries":{"Demographic":null,"2020":39,"% OF TOTAL":null,"2024":42,"2029":null},"Employed in Transportation and Utilities Industries":{"Demographic":null,"2020":0,"% OF TOTAL":null,"2024":0,"2029":null},"Employed in Information Industries":{"Demographic":null,"2020":52,"% OF TOTAL":null,"2024":51,"2029":null},"Employed in Real-Estate Industries":{"Demographic":null,"2020":66,"% OF TOTAL":null,"2024":71,"2029":null},"Employed in Professional Industries":{"Demographic":null,"2020":133,"% OF TOTAL":null,"2024":131,"2029":null},"Employed in Health and Education Industries":{"Demographic":null,"2020":118,"% OF TOTAL":null,"2024":119,"2029":null},"Employed in Art Industries":{"Demographic":null,"2020":106,"% OF TOTAL":null,"2024":114,"2029":null},"Employed in Other Industries":{"Demographic":null,"2020":54,"% OF TOTAL":null,"2024":58,"2029":null},"Employed in Public Administration Industries":{"Demographic":null,"2020":150,"% OF TOTAL":null,"2024":160,"2029":null},"Occupation: Management":{"Demographic":null,"2020":124,"% OF TOTAL":null,"2024":129,"2029":null},"Occupation: Business and financial operations":{"Demographic":null,"2020":23,"% OF TOTAL":null,"2024":25,"2029":null},"Occupation: Computer and mathematical":{"Demographic":null,"2020":13,"% OF TOTAL":null,"2024":13,"2029":null},"Occupation: Architecture and engineering":{"Demographic":null,"2020":0,"% OF TOTAL":null,"2024":0,"2029":null},"Occupation: Life, physical, and social science":{"Demographic":null,"2020":0,"% OF TOTAL":null,"2024":0,"2029":null},"Occupation: Community and social service":{"Demographic":null,"2020":0,"% OF TOTAL":null,"2024":0,"2029":null},"Occupation: Legal":{"Demographic":null,"2020":0,"% OF TOTAL":null,"2024":0,"2029":null},"Occupation: Education, training, and library":{"Demographic":null,"2020":114,"% OF TOTAL":null,"2024":112,"2029":null},"Occupation: Arts, design, entertainment, sports, and media":{"Demographic":null,"2020":0,"% OF TOTAL":null,"2024":0,"2029":null},"Occupation: Health diagnosing and treating practitioners":{"Demographic":null,"2020":22,"% OF TOTAL":null,"2024":24,"2029":null},"Occupation: Health technologists and technicians":{"Demographic":null,"2020":0,"% OF TOTAL":null,"2024":0,"2029":null},"Occupation: Healthcare support":{"Demographic":null,"2020":7,"% OF TOTAL":null,"2024":7,"2029":null},"Occupation: Fire fighting and prevention":{"Demographic":null,"2020":0,"% OF TOTAL":null,"2024":0,"2029":null},"Occupation: Law enforcement workers":{"Demographic":null,"2020":27,"% OF TOTAL":null,"2024":28,"2029":null},"Occupation: Food preparation and serving related":{"Demographic":null,"2020":45,"% OF TOTAL":null,"2024":48,"2029":null},"Occupation: Building and grounds cleaning and maintenance":{"Demographic":null,"2020":94,"% OF TOTAL":null,"2024":96,"2029":null},"Occupation: Personal care and service":{"Demographic":null,"2020":7,"% OF TOTAL":null,"2024":8,"2029":null},"Occupation: Sales and related":{"Demographic":null,"2020":77,"% OF TOTAL":null,"2024":83,"2029":null},"Occupation: Office and administrative support":{"Demographic":null,"2020":76,"% OF TOTAL":null,"2024":80,"2029":null},"Occupation: Farming, fishing, and forestry":{"Demographic":null,"2020":31,"% OF TOTAL":null,"2024":31,"2029":null},"Occupation: Construction and extraction":{"Demographic":null,"2020":76,"% OF TOTAL":null,"2024":82,"2029":null},"Occupation: Installation, maintenance, and repair":{"Demographic":null,"2020":17,"% OF TOTAL":null,"2024":18,"2029":null},"Occupation: Production":{"Demographic":null,"2020":0,"% OF TOTAL":null,"2024":0,"2029":null},"Occupation: Transportation":{"Demographic":null,"2020":27,"% OF TOTAL":null,"2024":29,"2029":null},"Occupation: Material moving":{"Demographic":null,"2020":14,"% OF TOTAL":null,"2024":15,"2029":null},"White collar":{"Demographic":null,"2020":449,"% OF TOTAL":null,"2024":466,"2029":null},"Blue collar":{"Demographic":null,"2020":345,"% OF TOTAL":null,"2024":362,"2029":null},"Means of transportation: Car, truck or van":{"Demographic":null,"2020":722,"% OF TOTAL":null,"2024":753,"2029":null},"Means of transportation: Public transportation":{"Demographic":null,"2020":0,"% OF TOTAL":null,"2024":0,"2029":null},"Means of transportation: Other":{"Demographic":null,"2020":0,"% OF TOTAL":null,"2024":0,"2029":null},"Travel time: Average (in minutes)":{"Demographic":null,"2020":26,"% OF TOTAL":null,"2024":26,"2029":null},"Travel time to work: Less than 30 minutes":{"Demographic":null,"2020":500,"% OF TOTAL":null,"2024":530,"2029":null},"Travel time to work: 30 to 60 minutes":{"Demographic":null,"2020":108,"% OF TOTAL":null,"2024":108,"2029":null},"Travel time to work: 60 or more minutes":{"Demographic":null,"2020":114,"% OF TOTAL":null,"2024":115,"2029":null}},"demographic_snapshot":{"Total Population":{"Demographic":null,"2020":1986,"% OF TOTAL":null,"2024":2037,"2029":2143},"Households":{"Demographic":null,"2020":788,"% OF TOTAL":null,"2024":800,"2029":837},"Population in Group Quarters":{"Demographic":null,"2020":37,"% OF TOTAL":null,"2024":34,"2029":33},"Households Growth":{"Demographic":null,"2020":null,"% OF TOTAL":null,"2024":1.5,"2029":4.6},"Household Income: Median":{"Demographic":null,"2020":0,"% OF TOTAL":null,"2024":44677,"2029":45833},"Home Value: Median":{"Demographic":null,"2020":153000,"% OF TOTAL":null,"2024":152644,"2029":null},"Population Growth":{"Demographic":null,"2020":null,"% OF TOTAL":null,"2024":2.6,"2029":5.2},"Total Population: Under 19 years":{"Demographic":null,"2020":566,"% OF TOTAL":27.0,"2024":577,"2029":579},"Total Population: 20 - 64 years":{"Demographic":null,"2020":1025,"% OF TOTAL":50.7,"2024":1034,"2029":1087},"Total Population: 65 years and over":{"Demographic":null,"2020":395,"% OF TOTAL":22.3,"2024":426,"2029":477},"Total population: Median age":{"Demographic":null,"2020":34,"% OF TOTAL":null,"2024":34,"2029":35},"Total population: Under 5 years":{"Demographic":null,"2020":138,"% OF TOTAL":6.3,"2024":135,"2029":136},"Total population: 5 - 9 years":{"Demographic":null,"2020":170,"% OF TOTAL":7.9,"2024":177,"2029":169},"Total population: 10 - 14 years":{"Demographic":null,"2020":143,"% OF TOTAL":7.0,"2024":143,"2029":151},"Total population: 15 - 19 years":{"Demographic":null,"2020":115,"% OF TOTAL":5.7,"2024":122,"2029":123},"Total population: 20 - 24 years":{"Demographic":null,"2020":115,"% OF TOTAL":5.7,"2024":128,"2029":123},"Total population: 25 - 29 years":{"Demographic":null,"2020":125,"% OF TOTAL":6.5,"2024":123,"2029":139},"Total population: 30 - 34 years":{"Demographic":null,"2020":147,"% OF TOTAL":6.7,"2024":143,"2029":144},"Total population: 35 - 39 years":{"Demographic":null,"2020":120,"% OF TOTAL":6.6,"2024":119,"2029":141},"Total population: 40 - 44 years":{"Demographic":null,"2020":104,"% OF TOTAL":5.8,"2024":113,"2029":125},"Total population: 45 - 49 years":{"Demographic":null,"2020":84,"% OF TOTAL":4.5,"2024":83,"2029":97},"Total population: 50 - 54 years":{"Demographic":null,"2020":102,"% OF TOTAL":4.4,"2024":100,"2029":95},"Total population: 55 - 59 years":{"Demographic":null,"2020":120,"% OF TOTAL":5.4,"2024":113,"2029":115},"Total population: 60 - 64 years":{"Demographic":null,"2020":108,"% OF TOTAL":5.0,"2024":112,"2029":108},"Total population: 65 - 69 years":{"Demographic":null,"2020":106,"% OF TOTAL":5.5,"2024":114,"2029":117},"Total population: 70 - 74 years":{"Demographic":null,"2020":104,"% OF TOTAL":5.4,"2024":106,"2029":116},"Total population: 75 - 79 years":{"Demographic":null,"2020":61,"% OF TOTAL":4.2,"2024":72,"2029":90},"Total population: 80 - 84 years":{"Demographic":null,"2020":77,"% OF TOTAL":4.0,"2024":83,"2029":85},"Total population: 85 years and over":{"Demographic":null,"2020":47,"% OF TOTAL":3.2,"2024":51,"2029":69},"Householders Age 15-24":{"Demographic":null,"2020":31,"% OF TOTAL":3.6,"2024":31,"2029":30},"Householders Age 25-34":{"Demographic":null,"2020":108,"% OF TOTAL":13.4,"2024":109,"2029":112},"Householders Age 35-44":{"Demographic":null,"2020":130,"% OF TOTAL":17.6,"2024":132,"2029":147},"Householders Age 45-54":{"Demographic":null,"2020":122,"% OF TOTAL":15.1,"2024":123,"2029":126},"Householders Age 55-64":{"Demographic":null,"2020":158,"% OF TOTAL":18.4,"2024":161,"2029":154},"Householders Age 65-74":{"Demographic":null,"2020":127,"% OF TOTAL":16.0,"2024":130,"2029":134},"Householders Age 75+":{"Demographic":null,"2020":112,"% OF TOTAL":16.0,"2024":114,"2029":134},"Household income: Average":{"Demographic":null,"2020":66858,"% OF TOTAL":null,"2024":65050,"2029":77814},"Household income: Less than 25k":{"Demographic":null,"2020":147,"% OF TOTAL":17.3,"2024":138,"2029":145},"Household income: 25k - 50k":{"Demographic":null,"2020":241,"% OF TOTAL":27.0,"2024":242,"2029":226},"Household income: 50k - 75k":{"Demographic":null,"2020":117,"% OF TOTAL":14.9,"2024":183,"2029":125},"Household income: 75k - 100k":{"Demographic":null,"2020":108,"% OF TOTAL":11.9,"2024":82,"2029":100},"Household income: 100k - 125k":{"Demographic":null,"2020":73,"% OF TOTAL":9.3,"2024":61,"2029":78},"Household income: 125k - 150k":{"Demographic":null,"2020":57,"% OF TOTAL":11.0,"2024":77,"2029":92},"Household income: 150k - 200k":{"Demographic":null,"2020":39,"% OF TOTAL":6.9,"2024":11,"2029":58},"Household income: Above 200k":{"Demographic":null,"2020":6,"% OF TOTAL":1.6,"2024":6,"2029":13},"White Alone":{"Demographic":null,"2020":1429,"% OF TOTAL":71.2,"2024":1459,"2029":1526},"Black or African American Alone":{"Demographic":null,"2020":217,"% OF TOTAL":11.6,"2024":227,"2029":249},"American Indian and Alaska Native Alone":{"Demographic":null,"2020":16,"% OF TOTAL":1.0,"2024":20,"2029":22},"Asian Alone":{"Demographic":null,"2020":29,"% OF TOTAL":1.4,"2024":30,"2029":31},"Native Hawaiian and OPI Alone":{"Demographic":null,"2020":2,"% OF TOTAL":0.1,"2024":2,"2029":2},"Some Other Race Alone":{"Demographic":null,"2020":117,"% OF TOTAL":5.6,"2024":115,"2029":119},"Two or More Races Alone":{"Demographic":null,"2020":176,"% OF TOTAL":9.1,"2024":184,"2029":194},"Not Hispanic or Latino":{"Demographic":null,"2020":1776,"% OF TOTAL":88.9,"2024":1810,"2029":1905},"Hispanic or Latino":{"Demographic":null,"2020":210,"% OF TOTAL":11.1,"2024":227,"2029":238},"Total Housing Units":{"Demographic":null,"2020":867,"% OF TOTAL":null,"2024":null,"2029":null},"Owner Occupied Housing Units":{"Demographic":null,"2020":456,"% OF TOTAL":null,"2024":464,"2029":null},"Renter Occupied Housing Units":{"Demographic":null,"2020":332,"% OF TOTAL":null,"2024":336,"2029":null},"Housing Units Value Less Than 100k":{"Demographic":null,"2020":103,"% OF TOTAL":null,"2024":106,"2029":null},"Housing Units Value 100k - 200k":{"Demographic":null,"2020":172,"% OF TOTAL":null,"2024":175,"2029":null},"Housing Units Value 200k - 250k":{"Demographic":null,"2020":122,"% OF TOTAL":null,"2024":125,"2029":null},"Housing Units Value 250k - 300k":{"Demographic":null,"2020":17,"% OF TOTAL":null,"2024":16,"2029":null},"Housing Units Value 300k - 400k":{"Demographic":null,"2020":24,"% OF TOTAL":null,"2024":24,"2029":null},"Housing Units Value 400k - 500k":{"Demographic":null,"2020":11,"% OF TOTAL":null,"2024":11,"2029":null},"Housing Units Value 500k - 750k":{"Demographic":null,"2020":0,"% OF TOTAL":null,"2024":0,"2029":null},"Housing Units Value 750k - 1m":{"Demographic":null,"2020":7,"% OF TOTAL":null,"2024":7,"2029":null},"Housing Units Value 1m - 1.5m":{"Demographic":null,"2020":0,"% OF TOTAL":null,"2024":0,"2029":null},"Housing Units Value 1.5m - 2m":{"Demographic":null,"2020":0,"% OF TOTAL":null,"2024":0,"2029":null},"Housing Units Value >2m":{"Demographic":null,"2020":0,"% OF TOTAL":null,"2024":0,"2029":null},"Take Car or Truck to Work":{"Demographic":null,"2020":722,"% OF TOTAL":null,"2024":753,"2029":null},"Take Public Transportation to Work":{"Demographic":null,"2020":0,"% OF TOTAL":null,"2024":0,"2029":null},"Take Other Means of Transportation to Work":{"Demographic":null,"2020":0,"% OF TOTAL":null,"2024":0,"2029":null},"Average Travel Time (min)":{"Demographic":null,"2020":27,"% OF TOTAL":null,"2024":27,"2029":null},"Travel Below 30 Min to Work":{"Demographic":null,"2020":500,"% OF TOTAL":null,"2024":530,"2029":null},"Travel 30-60 Min to Work":{"Demographic":null,"2020":108,"% OF TOTAL":null,"2024":108,"2029":null},"Travel Above 60 Min to Work":{"Demographic":null,"2020":167,"% OF TOTAL":null,"2024":115,"2029":null},"Educational Attainment: No High School Diploma":{"Demographic":null,"2020":563,"% OF TOTAL":null,"2024":575,"2029":null},"Educational Attainment: High School Diploma":{"Demographic":null,"2020":387,"% OF TOTAL":null,"2024":399,"2029":null},"Educational Attainment: Some College":{"Demographic":null,"2020":672,"% OF TOTAL":null,"2024":687,"2029":null},"Educational Attainment: Associate's Degree":{"Demographic":null,"2020":101,"% OF TOTAL":null,"2024":103,"2029":null},"Educational Attainment: Bachelors Degree":{"Demographic":null,"2020":167,"% OF TOTAL":null,"2024":169,"2029":null},"Educational Attainment: Advanced Degree":{"Demographic":null,"2020":70,"% OF TOTAL":null,"2024":70,"2029":null},"Households: Number of vehicles available - Average":{"Demographic":null,"2020":1,"% OF TOTAL":null,"2024":1,"2029":null},"Households: No Vehicle available":{"Demographic":null,"2020":0,"% OF TOTAL":null,"2024":0,"2029":null},"Households: 1 Vehicle available":{"Demographic":null,"2020":276,"% OF TOTAL":null,"2024":276,"2029":null},"Households: 2 Vehicles available":{"Demographic":null,"2020":453,"% OF TOTAL":null,"2024":463,"2029":null},"Households: 3 Vehicles available":{"Demographic":null,"2020":30,"% OF TOTAL":null,"2024":31,"2029":null},"Households: 4 or more Vehicles available":{"Demographic":null,"2020":29,"% OF TOTAL":null,"2024":30,"2029":null}},"household_trends":{"Households":{"Demographic":null,"2020":788,"% OF TOTAL":null,"2024":800,"2029":837},"Households Growth":{"Demographic":null,"2020":null,"% OF TOTAL":null,"2024":1.5,"2029":4.6},"Householder Age 15-24":{"Demographic":null,"2020":31,"% OF TOTAL":3.6,"2024":31,"2029":30},"Householder Age 25-34":{"Demographic":null,"2020":108,"% OF TOTAL":13.4,"2024":109,"2029":112},"Householder Age 35-44":{"Demographic":null,"2020":130,"% OF TOTAL":17.6,"2024":132,"2029":147},"Householder Age 45-54":{"Demographic":null,"2020":122,"% OF TOTAL":15.1,"2024":123,"2029":126},"Householder Age 55-64":{"Demographic":null,"2020":158,"% OF TOTAL":18.4,"2024":161,"2029":154},"Householder Age 65-74":{"Demographic":null,"2020":127,"% OF TOTAL":16.0,"2024":130,"2029":134},"Householder Age 75+":{"Demographic":null,"2020":112,"% OF TOTAL":16.0,"2024":114,"2029":134},"Average Household Size":{"Demographic":null,"2020":2.5,"% OF TOTAL":null,"2024":2.5,"2029":2.5},"1 Person Households":{"Demographic":null,"2020":230,"% OF TOTAL":29.9,"2024":242,"2029":250},"2 Person Households":{"Demographic":null,"2020":249,"% OF TOTAL":32.5,"2024":264,"2029":272},"3 Person Households":{"Demographic":null,"2020":109,"% OF TOTAL":14.2,"2024":115,"2029":119},"4 Person Households":{"Demographic":null,"2020":97,"% OF TOTAL":11.1,"2024":85,"2029":93},"5 Person Households":{"Demographic":null,"2020":58,"% OF TOTAL":6.9,"2024":53,"2029":58},"6 Person Households":{"Demographic":null,"2020":19,"% OF TOTAL":2.2,"2024":16,"2029":18},"7+ Person Households":{"Demographic":null,"2020":26,"% OF TOTAL":3.2,"2024":25,"2029":27},"Household Type: Family":{"Demographic":null,"2020":510,"% OF TOTAL":null,"2024":517,"2029":null},"Household Type: Married Family":{"Demographic":null,"2020":337,"% OF TOTAL":null,"2024":342,"2029":null},"Household Type: Married Family With Children":{"Demographic":null,"2020":116,"% OF TOTAL":null,"2024":118,"2029":null},"Household Type: Married Family Without Children":{"Demographic":null,"2020":221,"% OF TOTAL":null,"2024":224,"2029":null},"Household Type: Other Family":{"Demographic":null,"2020":173,"% OF TOTAL":null,"2024":175,"2029":null},"Household Type: Male Households, No Wife":{"Demographic":null,"2020":57,"% OF TOTAL":null,"2024":59,"2029":null},"Household Type: Male Households, No Wife With Children":{"Demographic":null,"2020":29,"% OF TOTAL":null,"2024":30,"2029":null},"Household Type: Male Households, No Wife Without Children":{"Demographic":null,"2020":28,"% OF TOTAL":null,"2024":29,"2029":null},"Household Type: Female Households, No Husband":{"Demographic":null,"2020":116,"% OF TOTAL":null,"2024":116,"2029":null},"Household Type: Female Households, No Husband With Children":{"Demographic":null,"2020":66,"% OF TOTAL":null,"2024":66,"2029":null},"Household Type: Female Households, No Husband Without Children":{"Demographic":null,"2020":50,"% OF TOTAL":null,"2024":50,"2029":null},"Household Income: Average":{"Demographic":null,"2020":66858,"% OF TOTAL":null,"2024":65050,"2029":77814},"Household Income: Median":{"Demographic":null,"2020":0,"% OF TOTAL":null,"2024":44677,"2029":45833},"Household Income: Less than $25k":{"Demographic":null,"2020":147,"% OF TOTAL":17.3,"2024":138,"2029":145},"Household Income: $25k - $50k":{"Demographic":null,"2020":241,"% OF TOTAL":27.0,"2024":242,"2029":226},"Household Income: $50k - $75k":{"Demographic":null,"2020":117,"% OF TOTAL":14.9,"2024":183,"2029":125},"Household Income: $75k - $100k":{"Demographic":null,"2020":108,"% OF TOTAL":11.9,"2024":82,"2029":100},"Household Income: $100k - $125k":{"Demographic":null,"2020":73,"% OF TOTAL":9.3,"2024":61,"2029":78},"Household Income: $125k - $150k":{"Demographic":null,"2020":57,"% OF TOTAL":11.0,"2024":77,"2029":92},"Household Income: $150k - $200k":{"Demographic":null,"2020":39,"% OF TOTAL":6.9,"2024":11,"2029":58},"Household Income: Above $200k":{"Demographic":null,"2020":6,"% OF TOTAL":1.6,"2024":6,"2029":13},"Total Housing Units":{"Demographic":null,"2020":867,"% OF TOTAL":null,"2024":null,"2029":null},"Owner Occupied Housing Units":{"Demographic":null,"2020":456,"% OF TOTAL":null,"2024":464,"2029":null},"Renter Occupied Housing Units":{"Demographic":null,"2020":332,"% OF TOTAL":null,"2024":336,"2029":null},"Vacant Housing Units":{"Demographic":null,"2020":79,"% OF TOTAL":null,"2024":null,"2029":null},"Vacant Housing Units: Seasonal":{"Demographic":null,"2020":8,"% OF TOTAL":null,"2024":null,"2029":null},"Vacant Housing Units: Other Usage":{"Demographic":null,"2020":71,"% OF TOTAL":null,"2024":null,"2029":null},"Average Housing Unit Value":{"Demographic":null,"2020":195445,"% OF TOTAL":null,"2024":195898,"2029":null},"Median Housing Unit Value":{"Demographic":null,"2020":153000,"% OF TOTAL":null,"2024":152644,"2029":null},"Housing Unit Value Less Than $100k":{"Demographic":null,"2020":103,"% OF TOTAL":null,"2024":106,"2029":null},"Housing Unit Value $100k-$200k":{"Demographic":null,"2020":172,"% OF TOTAL":null,"2024":175,"2029":null},"Housing Unit Value $200k-$250k":{"Demographic":null,"2020":122,"% OF TOTAL":null,"2024":125,"2029":null},"Housing Unit Value $250k-$300k":{"Demographic":null,"2020":17,"% OF TOTAL":null,"2024":16,"2029":null},"Housing Unit Value $300k-$400k":{"Demographic":null,"2020":24,"% OF TOTAL":null,"2024":24,"2029":null},"Housing Unit Value $400k-$500k":{"Demographic":null,"2020":11,"% OF TOTAL":null,"2024":11,"2029":null},"Housing Unit Value $500k-$750k":{"Demographic":null,"2020":0,"% OF TOTAL":null,"2024":0,"2029":null},"Housing Unit Value $750k-$1m":{"Demographic":null,"2020":7,"% OF TOTAL":null,"2024":7,"2029":null},"Housing Unit Value $1m-$1.5m":{"Demographic":null,"2020":0,"% OF TOTAL":null,"2024":0,"2029":null},"Housing Unit Value $1.5m-$2m":{"Demographic":null,"2020":0,"% OF TOTAL":null,"2024":0,"2029":null},"Housing Unit Value Above $2m":{"Demographic":null,"2020":0,"% OF TOTAL":null,"2024":0,"2029":null},"Median Housing Unit Year Built":{"Demographic":null,"2020":1989,"% OF TOTAL":null,"2024":1989,"2029":null},"Housing Units Built 2014 Or After":{"Demographic":null,"2020":0,"% OF TOTAL":null,"2024":0,"2029":null},"Housing Units Built 2010-2013":{"Demographic":null,"2020":69,"% OF TOTAL":null,"2024":70,"2029":null},"Housing Units Built 2000-2009":{"Demographic":null,"2020":128,"% OF TOTAL":null,"2024":132,"2029":null},"Housing Units Built 1990-1999":{"Demographic":null,"2020":190,"% OF TOTAL":null,"2024":191,"2029":null},"Housing Units Built 1980-1989":{"Demographic":null,"2020":160,"% OF TOTAL":null,"2024":162,"2029":null},"Housing Units Built 1970-1979":{"Demographic":null,"2020":113,"% OF TOTAL":null,"2024":116,"2029":null},"Housing Units Built 1960-1969":{"Demographic":null,"2020":50,"% OF TOTAL":null,"2024":52,"2029":null},"Housing Units Built 1950-1959":{"Demographic":null,"2020":57,"% OF TOTAL":null,"2024":57,"2029":null},"Housing Units Built 1940-1949":{"Demographic":null,"2020":21,"% OF TOTAL":null,"2024":20,"2029":null},"Housing Units Built Before 1940":{"Demographic":null,"2020":0,"% OF TOTAL":null,"2024":0,"2029":null}}},"geometry":{"type":"Polygon","coordinates":[[[-86.1436768536823,30.720005501795583],[-86.1436768536823,30.74891893497664],[-86.11004532819038,30.74891893497664],[-86.11004532819038,30.720005501795583],[-86.1436768536823,30.720005501795583]]]}},{"type":"Feature","properties":{"block":"023","block_num":23,"submarket":"Defuniak Springs","CentroidLon":-86.09885350020325,"CentroidLat":30.733237099433012,"data_status":"usable","is_anomalous":false,"anomaly_reason":null,"files_present":"ConsumerSegmentation-26.08.10.csv;DemographicSnapshot-26.08.10.csv;HouseholdIncomeByAge-26.08.10.csv;HouseholdTrends-26.08.10.csv;PopulationTrends-26.08.10.csv","population_2024":653,"population_2029":699,"households_2024":263,"households_2029":280,"median_household_income_2024":20842,"median_household_income_2029":20706,"mean_household_income_2024":null,"mean_household_income_2029":null,"median_age_2024":34,"median_age_2029":35,"median_home_value_2024":65000,"average_household_size_2024":2.5,"average_household_size_2029":2.5,"population_growth_2024_2029":5.0,"households_growth_2024_2029":4.0,"consumer_segments":{"Renters":{"households":56,"pct":43.4},"Simple Life Moderate Income No Children":{"households":36,"pct":27.9},"Simple Life Moderate Income With Children":{"households":11,"pct":8.5},"Active Adult Entry Level":{"households":9,"pct":7.0},"Renters Near Term Buyers":{"households":6,"pct":4.7},"Simple Life Affluent No Children":{"households":4,"pct":3.1},"Active Adult Elite":{"households":4,"pct":3.1},"Family Life Young Children":{"households":2,"pct":1.6},"Active Adult Feature and Location":{"households":1,"pct":0.8},"Elite":{"households":0,"pct":0.0},"Family Life School Age Children":{"households":0,"pct":0.0},"Feature and Location":{"households":0,"pct":0.0},"Entry Level Urban":{"households":0,"pct":0.0},"Entry Level Suburban":{"households":0,"pct":0.0}},"income_age":{"2020":{},"2024":{},"2029":{}},"population_trends":{"Total Population":{"Demographic":null,"2020":622,"% OF TOTAL":null,"2024":653,"2029":699},"Population Growth":{"Demographic":null,"2020":null,"% OF TOTAL":null,"2024":5.0,"2029":7.0},"Female Population":{"Demographic":null,"2020":322,"% OF TOTAL":51.8,"2024":338,"2029":362},"Male Population":{"Demographic":null,"2020":300,"% OF TOTAL":48.2,"2024":315,"2029":337},"Total population: Median Age":{"Demographic":null,"2020":33,"% OF TOTAL":null,"2024":34,"2029":35},"Total population: Under 5 years":{"Demographic":null,"2020":64,"% OF TOTAL":9.3,"2024":65,"2029":65},"Total population: 5 - 9 years":{"Demographic":null,"2020":36,"% OF TOTAL":7.0,"2024":41,"2029":49},"Total population: 10 - 14 years":{"Demographic":null,"2020":69,"% OF TOTAL":8.7,"2024":69,"2029":61},"Total population: 15 - 19 years":{"Demographic":null,"2020":47,"% OF TOTAL":7.4,"2024":45,"2029":52},"Total population: 20 - 24 years":{"Demographic":null,"2020":45,"% OF TOTAL":7.4,"2024":56,"2029":52},"Total population: 25 - 29 years":{"Demographic":null,"2020":23,"% OF TOTAL":4.9,"2024":22,"2029":34},"Total population: 30 - 34 years":{"Demographic":null,"2020":35,"% OF TOTAL":4.4,"2024":35,"2029":31},"Total population: 35 - 39 years":{"Demographic":null,"2020":44,"% OF TOTAL":6.9,"2024":45,"2029":48},"Total population: 40 - 44 years":{"Demographic":null,"2020":30,"% OF TOTAL":5.6,"2024":33,"2029":39},"Total population: 45 - 49 years":{"Demographic":null,"2020":40,"% OF TOTAL":6.2,"2024":43,"2029":43},"Total population: 50 - 54 years":{"Demographic":null,"2020":34,"% OF TOTAL":5.6,"2024":35,"2029":39},"Total population: 55 - 59 years":{"Demographic":null,"2020":32,"% OF TOTAL":5.0,"2024":32,"2029":35},"Total population: 60 - 64 years":{"Demographic":null,"2020":46,"% OF TOTAL":6.4,"2024":52,"2029":45},"Total population: 65 - 69 years":{"Demographic":null,"2020":20,"% OF TOTAL":5.0,"2024":21,"2029":35},"Total population: 70 - 74 years":{"Demographic":null,"2020":25,"% OF TOTAL":3.4,"2024":25,"2029":24},"Total population: 75 - 79 years":{"Demographic":null,"2020":14,"% OF TOTAL":3.6,"2024":17,"2029":25},"Total population: 80 - 84 years":{"Demographic":null,"2020":11,"% OF TOTAL":1.9,"2024":10,"2029":13},"Total population: 85 years and over":{"Demographic":null,"2020":7,"% OF TOTAL":1.3,"2024":7,"2029":9},"Female population: Median Age":{"Demographic":null,"2020":36,"% OF TOTAL":null,"2024":36,"2029":38},"Female population: Under 5 years":{"Demographic":null,"2020":34,"% OF TOTAL":8.8,"2024":32,"2029":32},"Female population: 5 - 9 years":{"Demographic":null,"2020":12,"% OF TOTAL":5.2,"2024":13,"2029":19},"Female population: 10 - 14 years":{"Demographic":null,"2020":24,"% OF TOTAL":6.1,"2024":26,"2029":22},"Female population: 15 - 19 years":{"Demographic":null,"2020":26,"% OF TOTAL":6.6,"2024":24,"2029":24},"Female population: 20 - 24 years":{"Demographic":null,"2020":30,"% OF TOTAL":9.4,"2024":40,"2029":34},"Female population: 25 - 29 years":{"Demographic":null,"2020":11,"% OF TOTAL":5.5,"2024":10,"2029":20},"Female population: 30 - 34 years":{"Demographic":null,"2020":17,"% OF TOTAL":4.1,"2024":17,"2029":15},"Female population: 35 - 39 years":{"Demographic":null,"2020":23,"% OF TOTAL":6.6,"2024":22,"2029":24},"Female population: 40 - 44 years":{"Demographic":null,"2020":21,"% OF TOTAL":6.9,"2024":23,"2029":25},"Female population: 45 - 49 years":{"Demographic":null,"2020":25,"% OF TOTAL":7.7,"2024":28,"2029":28},"Female population: 50 - 54 years":{"Demographic":null,"2020":16,"% OF TOTAL":5.8,"2024":16,"2029":21},"Female population: 55 - 59 years":{"Demographic":null,"2020":14,"% OF TOTAL":4.1,"2024":13,"2029":15},"Female population: 60 - 64 years":{"Demographic":null,"2020":26,"% OF TOTAL":6.6,"2024":30,"2029":24},"Female population: 65 - 69 years":{"Demographic":null,"2020":14,"% OF TOTAL":6.4,"2024":15,"2029":23},"Female population: 70 - 74 years":{"Demographic":null,"2020":10,"% OF TOTAL":3.0,"2024":10,"2029":11},"Female population: 75 - 79 years":{"Demographic":null,"2020":7,"% OF TOTAL":3.3,"2024":9,"2029":12},"Female population: 80 - 84 years":{"Demographic":null,"2020":8,"% OF TOTAL":1.9,"2024":6,"2029":7},"Female population: 85 years and over":{"Demographic":null,"2020":4,"% OF TOTAL":1.7,"2024":4,"2029":6},"Male population: Median Age":{"Demographic":null,"2020":30,"% OF TOTAL":null,"2024":31,"2029":32},"Male population: Under 5 years":{"Demographic":null,"2020":30,"% OF TOTAL":9.8,"2024":33,"2029":33},"Male population: 5 - 9 years":{"Demographic":null,"2020":24,"% OF TOTAL":8.9,"2024":28,"2029":30},"Male population: 10 - 14 years":{"Demographic":null,"2020":45,"% OF TOTAL":11.6,"2024":43,"2029":39},"Male population: 15 - 19 years":{"Demographic":null,"2020":21,"% OF TOTAL":8.3,"2024":21,"2029":28},"Male population: 20 - 24 years":{"Demographic":null,"2020":15,"% OF TOTAL":5.3,"2024":16,"2029":18},"Male population: 25 - 29 years":{"Demographic":null,"2020":12,"% OF TOTAL":4.2,"2024":12,"2029":14},"Male population: 30 - 34 years":{"Demographic":null,"2020":18,"% OF TOTAL":4.7,"2024":18,"2029":16},"Male population: 35 - 39 years":{"Demographic":null,"2020":21,"% OF TOTAL":7.1,"2024":23,"2029":24},"Male population: 40 - 44 years":{"Demographic":null,"2020":9,"% OF TOTAL":4.2,"2024":10,"2029":14},"Male population: 45 - 49 years":{"Demographic":null,"2020":15,"% OF TOTAL":4.5,"2024":15,"2029":15},"Male population: 50 - 54 years":{"Demographic":null,"2020":18,"% OF TOTAL":5.3,"2024":19,"2029":18},"Male population: 55 - 59 years":{"Demographic":null,"2020":18,"% OF TOTAL":5.9,"2024":19,"2029":20},"Male population: 60 - 64 years":{"Demographic":null,"2020":20,"% OF TOTAL":6.2,"2024":22,"2029":21},"Male population: 65 - 69 years":{"Demographic":null,"2020":6,"% OF TOTAL":3.6,"2024":6,"2029":12},"Male population: 70 - 74 years":{"Demographic":null,"2020":15,"% OF TOTAL":3.9,"2024":15,"2029":13},"Male population: 75 - 79 years":{"Demographic":null,"2020":7,"% OF TOTAL":3.9,"2024":8,"2029":13},"Male population: 80 - 84 years":{"Demographic":null,"2020":3,"% OF TOTAL":1.8,"2024":4,"2029":6},"Male population: 85 years and over":{"Demographic":null,"2020":3,"% OF TOTAL":0.9,"2024":3,"2029":3},"White alone":{"Demographic":null,"2020":284,"% OF TOTAL":44.2,"2024":294,"2029":309},"Black alone":{"Demographic":null,"2020":234,"% OF TOTAL":39.3,"2024":250,"2029":275},"American Indian and Alaska Native alone":{"Demographic":null,"2020":5,"% OF TOTAL":1.0,"2024":7,"2029":7},"Asian alone":{"Demographic":null,"2020":3,"% OF TOTAL":0.4,"2024":3,"2029":3},"Native Hawaiian and OPI alone":{"Demographic":null,"2020":0,"% OF TOTAL":0.0,"2024":0,"2029":0},"Some other race alone":{"Demographic":null,"2020":22,"% OF TOTAL":3.1,"2024":21,"2029":22},"Two or more races alone":{"Demographic":null,"2020":74,"% OF TOTAL":11.9,"2024":78,"2029":83},"Not Hispanic: White alone":{"Demographic":null,"2020":274,"% OF TOTAL":42.3,"2024":282,"2029":296},"Not Hispanic: Black or African American alone":{"Demographic":null,"2020":231,"% OF TOTAL":38.8,"2024":246,"2029":271},"Not Hispanic: American Indian and Alaska Native alone":{"Demographic":null,"2020":2,"% OF TOTAL":0.3,"2024":2,"2029":2},"Not Hispanic: Asian alone":{"Demographic":null,"2020":3,"% OF TOTAL":0.4,"2024":3,"2029":3},"Not Hispanic: Native Hawaiian and OPI alone":{"Demographic":null,"2020":0,"% OF TOTAL":0.0,"2024":0,"2029":0},"Not Hispanic: Some Other Race alone":{"Demographic":null,"2020":9,"% OF TOTAL":1.1,"2024":8,"2029":8},"Not Hispanic: Two or More Races":{"Demographic":null,"2020":48,"% OF TOTAL":7.7,"2024":51,"2029":54},"Hispanic: White alone":{"Demographic":null,"2020":10,"% OF TOTAL":1.9,"2024":12,"2029":13},"Hispanic: Black or African American alone":{"Demographic":null,"2020":3,"% OF TOTAL":0.6,"2024":4,"2029":4},"Hispanic: American Indian and Alaska Native alone":{"Demographic":null,"2020":3,"% OF TOTAL":0.7,"2024":5,"2029":5},"Hispanic: Asian alone":{"Demographic":null,"2020":0,"% OF TOTAL":0.0,"2024":0,"2029":0},"Hispanic: Native Hawaiian and OPI alone":{"Demographic":null,"2020":0,"% OF TOTAL":0.0,"2024":0,"2029":0},"Hispanic: Some Other Race alone":{"Demographic":null,"2020":13,"% OF TOTAL":2.0,"2024":13,"2029":14},"Hispanic: Two or More Races":{"Demographic":null,"2020":26,"% OF TOTAL":4.1,"2024":27,"2029":29},"Educational Attainment: No High School Diploma":{"Demographic":null,"2020":52,"% OF TOTAL":null,"2024":54,"2029":null},"Educational Attainment: High School Diploma":{"Demographic":null,"2020":253,"% OF TOTAL":null,"2024":264,"2029":null},"Educational Attainment: Some College":{"Demographic":null,"2020":13,"% OF TOTAL":null,"2024":13,"2029":null},"Educational Attainment: Associates Degree":{"Demographic":null,"2020":0,"% OF TOTAL":null,"2024":0,"2029":null},"Educational Attainment: Bachelors Degree":{"Demographic":null,"2020":11,"% OF TOTAL":null,"2024":12,"2029":null},"Educational Attainment: Advanced Degree":{"Demographic":null,"2020":32,"% OF TOTAL":null,"2024":34,"2029":null},"Employment Status: Armed Forces":{"Demographic":null,"2020":8,"% OF TOTAL":null,"2024":9,"2029":null},"Employment Status: Civilian labor force employed":{"Demographic":null,"2020":223,"% OF TOTAL":null,"2024":238,"2029":null},"Employment Status: Civilian labor force unemployed":{"Demographic":null,"2020":5,"% OF TOTAL":null,"2024":5,"2029":null},"Employment Status: Not in labor force":{"Demographic":null,"2020":209,"% OF TOTAL":null,"2024":223,"2029":null},"Employed in Agriculture and Mining Industries":{"Demographic":null,"2020":0,"% OF TOTAL":null,"2024":0,"2029":null},"Employed in Construction Industries":{"Demographic":null,"2020":0,"% OF TOTAL":null,"2024":0,"2029":null},"Employed in Manufacturing Industries":{"Demographic":null,"2020":0,"% OF TOTAL":null,"2024":0,"2029":null},"Employed in Wholesale Industries":{"Demographic":null,"2020":0,"% OF TOTAL":null,"2024":0,"2029":null},"Employed in Retail Industries":{"Demographic":null,"2020":104,"% OF TOTAL":null,"2024":111,"2029":null},"Employed in Transportation and Utilities Industries":{"Demographic":null,"2020":0,"% OF TOTAL":null,"2024":0,"2029":null},"Employed in Information Industries":{"Demographic":null,"2020":0,"% OF TOTAL":null,"2024":0,"2029":null},"Employed in Real-Estate Industries":{"Demographic":null,"2020":0,"% OF TOTAL":null,"2024":0,"2029":null},"Employed in Professional Industries":{"Demographic":null,"2020":0,"% OF TOTAL":null,"2024":0,"2029":null},"Employed in Health and Education Industries":{"Demographic":null,"2020":12,"% OF TOTAL":null,"2024":13,"2029":null},"Employed in Art Industries":{"Demographic":null,"2020":102,"% OF TOTAL":null,"2024":109,"2029":null},"Employed in Other Industries":{"Demographic":null,"2020":5,"% OF TOTAL":null,"2024":5,"2029":null},"Employed in Public Administration Industries":{"Demographic":null,"2020":0,"% OF TOTAL":null,"2024":0,"2029":null},"Occupation: Management":{"Demographic":null,"2020":0,"% OF TOTAL":null,"2024":0,"2029":null},"Occupation: Business and financial operations":{"Demographic":null,"2020":0,"% OF TOTAL":null,"2024":0,"2029":null},"Occupation: Computer and mathematical":{"Demographic":null,"2020":0,"% OF TOTAL":null,"2024":0,"2029":null},"Occupation: Architecture and engineering":{"Demographic":null,"2020":0,"% OF TOTAL":null,"2024":0,"2029":null},"Occupation: Life, physical, and social science":{"Demographic":null,"2020":0,"% OF TOTAL":null,"2024":0,"2029":null},"Occupation: Community and social service":{"Demographic":null,"2020":0,"% OF TOTAL":null,"2024":0,"2029":null},"Occupation: Legal":{"Demographic":null,"2020":0,"% OF TOTAL":null,"2024":0,"2029":null},"Occupation: Education, training, and library":{"Demographic":null,"2020":12,"% OF TOTAL":null,"2024":13,"2029":null},"Occupation: Arts, design, entertainment, sports, and media":{"Demographic":null,"2020":0,"% OF TOTAL":null,"2024":0,"2029":null},"Occupation: Health diagnosing and treating practitioners":{"Demographic":null,"2020":0,"% OF TOTAL":null,"2024":0,"2029":null},"Occupation: Health technologists and technicians":{"Demographic":null,"2020":0,"% OF TOTAL":null,"2024":0,"2029":null},"Occupation: Healthcare support":{"Demographic":null,"2020":0,"% OF TOTAL":null,"2024":0,"2029":null},"Occupation: Fire fighting and prevention":{"Demographic":null,"2020":0,"% OF TOTAL":null,"2024":0,"2029":null},"Occupation: Law enforcement workers":{"Demographic":null,"2020":0,"% OF TOTAL":null,"2024":0,"2029":null},"Occupation: Food preparation and serving related":{"Demographic":null,"2020":30,"% OF TOTAL":null,"2024":32,"2029":null},"Occupation: Building and grounds cleaning and maintenance":{"Demographic":null,"2020":21,"% OF TOTAL":null,"2024":22,"2029":null},"Occupation: Personal care and service":{"Demographic":null,"2020":0,"% OF TOTAL":null,"2024":0,"2029":null},"Occupation: Sales and related":{"Demographic":null,"2020":68,"% OF TOTAL":null,"2024":73,"2029":null},"Occupation: Office and administrative support":{"Demographic":null,"2020":21,"% OF TOTAL":null,"2024":22,"2029":null},"Occupation: Farming, fishing, and forestry":{"Demographic":null,"2020":0,"% OF TOTAL":null,"2024":0,"2029":null},"Occupation: Construction and extraction":{"Demographic":null,"2020":0,"% OF TOTAL":null,"2024":0,"2029":null},"Occupation: Installation, maintenance, and repair":{"Demographic":null,"2020":0,"% OF TOTAL":null,"2024":0,"2029":null},"Occupation: Production":{"Demographic":null,"2020":71,"% OF TOTAL":null,"2024":76,"2029":null},"Occupation: Transportation":{"Demographic":null,"2020":0,"% OF TOTAL":null,"2024":0,"2029":null},"Occupation: Material moving":{"Demographic":null,"2020":0,"% OF TOTAL":null,"2024":0,"2029":null},"White collar":{"Demographic":null,"2020":101,"% OF TOTAL":null,"2024":108,"2029":null},"Blue collar":{"Demographic":null,"2020":122,"% OF TOTAL":null,"2024":130,"2029":null},"Means of transportation: Car, truck or van":{"Demographic":null,"2020":211,"% OF TOTAL":null,"2024":225,"2029":null},"Means of transportation: Public transportation":{"Demographic":null,"2020":0,"% OF TOTAL":null,"2024":0,"2029":null},"Means of transportation: Other":{"Demographic":null,"2020":0,"% OF TOTAL":null,"2024":0,"2029":null},"Travel time: Average (in minutes)":{"Demographic":null,"2020":29,"% OF TOTAL":null,"2024":29,"2029":null},"Travel time to work: Less than 30 minutes":{"Demographic":null,"2020":29,"% OF TOTAL":null,"2024":31,"2029":null},"Travel time to work: 30 to 60 minutes":{"Demographic":null,"2020":182,"% OF TOTAL":null,"2024":194,"2029":null},"Travel time to work: 60 or more minutes":{"Demographic":null,"2020":0,"% OF TOTAL":null,"2024":0,"2029":null}},"demographic_snapshot":{"Total Population":{"Demographic":null,"2020":622,"% OF TOTAL":null,"2024":653,"2029":699},"Households":{"Demographic":null,"2020":253,"% OF TOTAL":null,"2024":263,"2029":280},"Population in Group Quarters":{"Demographic":null,"2020":0,"% OF TOTAL":null,"2024":0,"2029":0},"Households Growth":{"Demographic":null,"2020":null,"% OF TOTAL":null,"2024":4.0,"2029":6.5},"Household Income: Median":{"Demographic":null,"2020":0,"% OF TOTAL":null,"2024":20842,"2029":20706},"Home Value: Median":{"Demographic":null,"2020":65000,"% OF TOTAL":null,"2024":65000,"2029":null},"Population Growth":{"Demographic":null,"2020":null,"% OF TOTAL":null,"2024":5.0,"2029":7.0},"Total Population: Under 19 years":{"Demographic":null,"2020":216,"% OF TOTAL":32.5,"2024":220,"2029":227},"Total Population: 20 - 64 years":{"Demographic":null,"2020":329,"% OF TOTAL":52.4,"2024":353,"2029":366},"Total Population: 65 years and over":{"Demographic":null,"2020":77,"% OF TOTAL":15.2,"2024":80,"2029":106},"Total population: Median age":{"Demographic":null,"2020":33,"% OF TOTAL":null,"2024":34,"2029":35},"Total population: Under 5 years":{"Demographic":null,"2020":64,"% OF TOTAL":9.3,"2024":65,"2029":65},"Total population: 5 - 9 years":{"Demographic":null,"2020":36,"% OF TOTAL":7.0,"2024":41,"2029":49},"Total population: 10 - 14 years":{"Demographic":null,"2020":69,"% OF TOTAL":8.7,"2024":69,"2029":61},"Total population: 15 - 19 years":{"Demographic":null,"2020":47,"% OF TOTAL":7.4,"2024":45,"2029":52},"Total population: 20 - 24 years":{"Demographic":null,"2020":45,"% OF TOTAL":7.4,"2024":56,"2029":52},"Total population: 25 - 29 years":{"Demographic":null,"2020":23,"% OF TOTAL":4.9,"2024":22,"2029":34},"Total population: 30 - 34 years":{"Demographic":null,"2020":35,"% OF TOTAL":4.4,"2024":35,"2029":31},"Total population: 35 - 39 years":{"Demographic":null,"2020":44,"% OF TOTAL":6.9,"2024":45,"2029":48},"Total population: 40 - 44 years":{"Demographic":null,"2020":30,"% OF TOTAL":5.6,"2024":33,"2029":39},"Total population: 45 - 49 years":{"Demographic":null,"2020":40,"% OF TOTAL":6.2,"2024":43,"2029":43},"Total population: 50 - 54 years":{"Demographic":null,"2020":34,"% OF TOTAL":5.6,"2024":35,"2029":39},"Total population: 55 - 59 years":{"Demographic":null,"2020":32,"% OF TOTAL":5.0,"2024":32,"2029":35},"Total population: 60 - 64 years":{"Demographic":null,"2020":46,"% OF TOTAL":6.4,"2024":52,"2029":45},"Total population: 65 - 69 years":{"Demographic":null,"2020":20,"% OF TOTAL":5.0,"2024":21,"2029":35},"Total population: 70 - 74 years":{"Demographic":null,"2020":25,"% OF TOTAL":3.4,"2024":25,"2029":24},"Total population: 75 - 79 years":{"Demographic":null,"2020":14,"% OF TOTAL":3.6,"2024":17,"2029":25},"Total population: 80 - 84 years":{"Demographic":null,"2020":11,"% OF TOTAL":1.9,"2024":10,"2029":13},"Total population: 85 years and over":{"Demographic":null,"2020":7,"% OF TOTAL":1.3,"2024":7,"2029":9},"Householders Age 15-24":{"Demographic":null,"2020":13,"% OF TOTAL":5.0,"2024":14,"2029":14},"Householders Age 25-34":{"Demographic":null,"2020":39,"% OF TOTAL":15.4,"2024":40,"2029":43},"Householders Age 35-44":{"Demographic":null,"2020":49,"% OF TOTAL":19.3,"2024":51,"2029":54},"Householders Age 45-54":{"Demographic":null,"2020":41,"% OF TOTAL":15.0,"2024":42,"2029":42},"Householders Age 55-64":{"Demographic":null,"2020":51,"% OF TOTAL":17.9,"2024":54,"2029":50},"Householders Age 65-74":{"Demographic":null,"2020":41,"% OF TOTAL":18.9,"2024":43,"2029":53},"Householders Age 75+":{"Demographic":null,"2020":19,"% OF TOTAL":8.6,"2024":19,"2029":24},"Household income: Average":{"Demographic":null,"2020":25247,"% OF TOTAL":null,"2024":23489,"2029":23545},"Household income: Less than 25k":{"Demographic":null,"2020":189,"% OF TOTAL":76.1,"2024":208,"2029":213},"Household income: 25k - 50k":{"Demographic":null,"2020":47,"% OF TOTAL":18.2,"2024":39,"2029":51},"Household income: 50k - 75k":{"Demographic":null,"2020":11,"% OF TOTAL":3.9,"2024":12,"2029":11},"Household income: 75k - 100k":{"Demographic":null,"2020":0,"% OF TOTAL":0.0,"2024":0,"2029":0},"Household income: 100k - 125k":{"Demographic":null,"2020":6,"% OF TOTAL":1.8,"2024":4,"2029":5},"Household income: 125k - 150k":{"Demographic":null,"2020":0,"% OF TOTAL":0.0,"2024":0,"2029":0},"Household income: 150k - 200k":{"Demographic":null,"2020":0,"% OF TOTAL":0.0,"2024":0,"2029":0},"Household income: Above 200k":{"Demographic":null,"2020":0,"% OF TOTAL":0.0,"2024":0,"2029":0},"White Alone":{"Demographic":null,"2020":284,"% OF TOTAL":44.2,"2024":294,"2029":309},"Black or African American Alone":{"Demographic":null,"2020":234,"% OF TOTAL":39.3,"2024":250,"2029":275},"American Indian and Alaska Native Alone":{"Demographic":null,"2020":5,"% OF TOTAL":1.0,"2024":7,"2029":7},"Asian Alone":{"Demographic":null,"2020":3,"% OF TOTAL":0.4,"2024":3,"2029":3},"Native Hawaiian and OPI Alone":{"Demographic":null,"2020":0,"% OF TOTAL":0.0,"2024":0,"2029":0},"Some Other Race Alone":{"Demographic":null,"2020":22,"% OF TOTAL":3.1,"2024":21,"2029":22},"Two or More Races Alone":{"Demographic":null,"2020":74,"% OF TOTAL":11.9,"2024":78,"2029":83},"Not Hispanic or Latino":{"Demographic":null,"2020":567,"% OF TOTAL":90.7,"2024":592,"2029":634},"Hispanic or Latino":{"Demographic":null,"2020":55,"% OF TOTAL":9.3,"2024":61,"2029":65},"Total Housing Units":{"Demographic":null,"2020":285,"% OF TOTAL":null,"2024":null,"2029":null},"Owner Occupied Housing Units":{"Demographic":null,"2020":78,"% OF TOTAL":null,"2024":81,"2029":null},"Renter Occupied Housing Units":{"Demographic":null,"2020":175,"% OF TOTAL":null,"2024":182,"2029":null},"Housing Units Value Less Than 100k":{"Demographic":null,"2020":78,"% OF TOTAL":null,"2024":81,"2029":null},"Housing Units Value 100k - 200k":{"Demographic":null,"2020":0,"% OF TOTAL":null,"2024":0,"2029":null},"Housing Units Value 200k - 250k":{"Demographic":null,"2020":0,"% OF TOTAL":null,"2024":0,"2029":null},"Housing Units Value 250k - 300k":{"Demographic":null,"2020":0,"% OF TOTAL":null,"2024":0,"2029":null},"Housing Units Value 300k - 400k":{"Demographic":null,"2020":0,"% OF TOTAL":null,"2024":0,"2029":null},"Housing Units Value 400k - 500k":{"Demographic":null,"2020":0,"% OF TOTAL":null,"2024":0,"2029":null},"Housing Units Value 500k - 750k":{"Demographic":null,"2020":0,"% OF TOTAL":null,"2024":0,"2029":null},"Housing Units Value 750k - 1m":{"Demographic":null,"2020":0,"% OF TOTAL":null,"2024":0,"2029":null},"Housing Units Value 1m - 1.5m":{"Demographic":null,"2020":0,"% OF TOTAL":null,"2024":0,"2029":null},"Housing Units Value 1.5m - 2m":{"Demographic":null,"2020":0,"% OF TOTAL":null,"2024":0,"2029":null},"Housing Units Value >2m":{"Demographic":null,"2020":0,"% OF TOTAL":null,"2024":0,"2029":null},"Take Car or Truck to Work":{"Demographic":null,"2020":211,"% OF TOTAL":null,"2024":225,"2029":null},"Take Public Transportation to Work":{"Demographic":null,"2020":0,"% OF TOTAL":null,"2024":0,"2029":null},"Take Other Means of Transportation to Work":{"Demographic":null,"2020":0,"% OF TOTAL":null,"2024":0,"2029":null},"Average Travel Time (min)":{"Demographic":null,"2020":30,"% OF TOTAL":null,"2024":30,"2029":null},"Travel Below 30 Min to Work":{"Demographic":null,"2020":29,"% OF TOTAL":null,"2024":31,"2029":null},"Travel 30-60 Min to Work":{"Demographic":null,"2020":182,"% OF TOTAL":null,"2024":194,"2029":null},"Travel Above 60 Min to Work":{"Demographic":null,"2020":29,"% OF TOTAL":null,"2024":0,"2029":null},"Educational Attainment: No High School Diploma":{"Demographic":null,"2020":305,"% OF TOTAL":null,"2024":318,"2029":null},"Educational Attainment: High School Diploma":{"Demographic":null,"2020":253,"% OF TOTAL":null,"2024":264,"2029":null},"Educational Attainment: Some College":{"Demographic":null,"2020":24,"% OF TOTAL":null,"2024":25,"2029":null},"Educational Attainment: Associate's Degree":{"Demographic":null,"2020":0,"% OF TOTAL":null,"2024":0,"2029":null},"Educational Attainment: Bachelors Degree":{"Demographic":null,"2020":11,"% OF TOTAL":null,"2024":12,"2029":null},"Educational Attainment: Advanced Degree":{"Demographic":null,"2020":32,"% OF TOTAL":null,"2024":34,"2029":null},"Households: Number of vehicles available - Average":{"Demographic":null,"2020":1,"% OF TOTAL":null,"2024":1,"2029":null},"Households: No Vehicle available":{"Demographic":null,"2020":13,"% OF TOTAL":null,"2024":13,"2029":null},"Households: 1 Vehicle available":{"Demographic":null,"2020":122,"% OF TOTAL":null,"2024":127,"2029":null},"Households: 2 Vehicles available":{"Demographic":null,"2020":118,"% OF TOTAL":null,"2024":123,"2029":null},"Households: 3 Vehicles available":{"Demographic":null,"2020":0,"% OF TOTAL":null,"2024":0,"2029":null},"Households: 4 or more Vehicles available":{"Demographic":null,"2020":0,"% OF TOTAL":null,"2024":0,"2029":null}},"household_trends":{"Households":{"Demographic":null,"2020":253,"% OF TOTAL":null,"2024":263,"2029":280},"Households Growth":{"Demographic":null,"2020":null,"% OF TOTAL":null,"2024":4.0,"2029":6.5},"Householder Age 15-24":{"Demographic":null,"2020":13,"% OF TOTAL":5.0,"2024":14,"2029":14},"Householder Age 25-34":{"Demographic":null,"2020":39,"% OF TOTAL":15.4,"2024":40,"2029":43},"Householder Age 35-44":{"Demographic":null,"2020":49,"% OF TOTAL":19.3,"2024":51,"2029":54},"Householder Age 45-54":{"Demographic":null,"2020":41,"% OF TOTAL":15.0,"2024":42,"2029":42},"Householder Age 55-64":{"Demographic":null,"2020":51,"% OF TOTAL":17.9,"2024":54,"2029":50},"Householder Age 65-74":{"Demographic":null,"2020":41,"% OF TOTAL":18.9,"2024":43,"2029":53},"Householder Age 75+":{"Demographic":null,"2020":19,"% OF TOTAL":8.6,"2024":19,"2029":24},"Average Household Size":{"Demographic":null,"2020":2.5,"% OF TOTAL":null,"2024":2.5,"2029":2.5},"1 Person Households":{"Demographic":null,"2020":85,"% OF TOTAL":34.6,"2024":92,"2029":97},"2 Person Households":{"Demographic":null,"2020":60,"% OF TOTAL":24.6,"2024":66,"2029":69},"3 Person Households":{"Demographic":null,"2020":43,"% OF TOTAL":17.5,"2024":47,"2029":49},"4 Person Households":{"Demographic":null,"2020":26,"% OF TOTAL":9.3,"2024":22,"2029":26},"5 Person Households":{"Demographic":null,"2020":27,"% OF TOTAL":10.0,"2024":25,"2029":28},"6 Person Households":{"Demographic":null,"2020":7,"% OF TOTAL":2.1,"2024":6,"2029":6},"7+ Person Households":{"Demographic":null,"2020":5,"% OF TOTAL":1.8,"2024":5,"2029":5},"Household Type: Family":{"Demographic":null,"2020":153,"% OF TOTAL":null,"2024":159,"2029":null},"Household Type: Married Family":{"Demographic":null,"2020":85,"% OF TOTAL":null,"2024":89,"2029":null},"Household Type: Married Family With Children":{"Demographic":null,"2020":22,"% OF TOTAL":null,"2024":23,"2029":null},"Household Type: Married Family Without Children":{"Demographic":null,"2020":63,"% OF TOTAL":null,"2024":66,"2029":null},"Household Type: Other Family":{"Demographic":null,"2020":68,"% OF TOTAL":null,"2024":70,"2029":null},"Household Type: Male Households, No Wife":{"Demographic":null,"2020":21,"% OF TOTAL":null,"2024":21,"2029":null},"Household Type: Male Households, No Wife With Children":{"Demographic":null,"2020":12,"% OF TOTAL":null,"2024":12,"2029":null},"Household Type: Male Households, No Wife Without Children":{"Demographic":null,"2020":9,"% OF TOTAL":null,"2024":9,"2029":null},"Household Type: Female Households, No Husband":{"Demographic":null,"2020":47,"% OF TOTAL":null,"2024":49,"2029":null},"Household Type: Female Households, No Husband With Children":{"Demographic":null,"2020":28,"% OF TOTAL":null,"2024":29,"2029":null},"Household Type: Female Households, No Husband Without Children":{"Demographic":null,"2020":19,"% OF TOTAL":null,"2024":20,"2029":null},"Household Income: Average":{"Demographic":null,"2020":25247,"% OF TOTAL":null,"2024":23489,"2029":23545},"Household Income: Median":{"Demographic":null,"2020":0,"% OF TOTAL":null,"2024":20842,"2029":20706},"Household Income: Less than $25k":{"Demographic":null,"2020":189,"% OF TOTAL":76.1,"2024":208,"2029":213},"Household Income: $25k - $50k":{"Demographic":null,"2020":47,"% OF TOTAL":18.2,"2024":39,"2029":51},"Household Income: $50k - $75k":{"Demographic":null,"2020":11,"% OF TOTAL":3.9,"2024":12,"2029":11},"Household Income: $75k - $100k":{"Demographic":null,"2020":0,"% OF TOTAL":0.0,"2024":0,"2029":0},"Household Income: $100k - $125k":{"Demographic":null,"2020":6,"% OF TOTAL":1.8,"2024":4,"2029":5},"Household Income: $125k - $150k":{"Demographic":null,"2020":0,"% OF TOTAL":0.0,"2024":0,"2029":0},"Household Income: $150k - $200k":{"Demographic":null,"2020":0,"% OF TOTAL":0.0,"2024":0,"2029":0},"Household Income: Above $200k":{"Demographic":null,"2020":0,"% OF TOTAL":0.0,"2024":0,"2029":0},"Total Housing Units":{"Demographic":null,"2020":285,"% OF TOTAL":null,"2024":null,"2029":null},"Owner Occupied Housing Units":{"Demographic":null,"2020":78,"% OF TOTAL":null,"2024":81,"2029":null},"Renter Occupied Housing Units":{"Demographic":null,"2020":175,"% OF TOTAL":null,"2024":182,"2029":null},"Vacant Housing Units":{"Demographic":null,"2020":32,"% OF TOTAL":null,"2024":null,"2029":null},"Vacant Housing Units: Seasonal":{"Demographic":null,"2020":4,"% OF TOTAL":null,"2024":null,"2029":null},"Vacant Housing Units: Other Usage":{"Demographic":null,"2020":28,"% OF TOTAL":null,"2024":null,"2029":null},"Average Housing Unit Value":{"Demographic":null,"2020":65000,"% OF TOTAL":null,"2024":65000,"2029":null},"Median Housing Unit Value":{"Demographic":null,"2020":65000,"% OF TOTAL":null,"2024":65000,"2029":null},"Housing Unit Value Less Than $100k":{"Demographic":null,"2020":78,"% OF TOTAL":null,"2024":81,"2029":null},"Housing Unit Value $100k-$200k":{"Demographic":null,"2020":0,"% OF TOTAL":null,"2024":0,"2029":null},"Housing Unit Value $200k-$250k":{"Demographic":null,"2020":0,"% OF TOTAL":null,"2024":0,"2029":null},"Housing Unit Value $250k-$300k":{"Demographic":null,"2020":0,"% OF TOTAL":null,"2024":0,"2029":null},"Housing Unit Value $300k-$400k":{"Demographic":null,"2020":0,"% OF TOTAL":null,"2024":0,"2029":null},"Housing Unit Value $400k-$500k":{"Demographic":null,"2020":0,"% OF TOTAL":null,"2024":0,"2029":null},"Housing Unit Value $500k-$750k":{"Demographic":null,"2020":0,"% OF TOTAL":null,"2024":0,"2029":null},"Housing Unit Value $750k-$1m":{"Demographic":null,"2020":0,"% OF TOTAL":null,"2024":0,"2029":null},"Housing Unit Value $1m-$1.5m":{"Demographic":null,"2020":0,"% OF TOTAL":null,"2024":0,"2029":null},"Housing Unit Value $1.5m-$2m":{"Demographic":null,"2020":0,"% OF TOTAL":null,"2024":0,"2029":null},"Housing Unit Value Above $2m":{"Demographic":null,"2020":0,"% OF TOTAL":null,"2024":0,"2029":null},"Median Housing Unit Year Built":{"Demographic":null,"2020":1987,"% OF TOTAL":null,"2024":1987,"2029":null},"Housing Units Built 2014 Or After":{"Demographic":null,"2020":0,"% OF TOTAL":null,"2024":0,"2029":null},"Housing Units Built 2010-2013":{"Demographic":null,"2020":56,"% OF TOTAL":null,"2024":58,"2029":null},"Housing Units Built 2000-2009":{"Demographic":null,"2020":0,"% OF TOTAL":null,"2024":0,"2029":null},"Housing Units Built 1990-1999":{"Demographic":null,"2020":50,"% OF TOTAL":null,"2024":52,"2029":null},"Housing Units Built 1980-1989":{"Demographic":null,"2020":78,"% OF TOTAL":null,"2024":81,"2029":null},"Housing Units Built 1970-1979":{"Demographic":null,"2020":50,"% OF TOTAL":null,"2024":52,"2029":null},"Housing Units Built 1960-1969":{"Demographic":null,"2020":14,"% OF TOTAL":null,"2024":15,"2029":null},"Housing Units Built 1950-1959":{"Demographic":null,"2020":0,"% OF TOTAL":null,"2024":0,"2029":null},"Housing Units Built 1940-1949":{"Demographic":null,"2020":0,"% OF TOTAL":null,"2024":0,"2029":null},"Housing Units Built Before 1940":{"Demographic":null,"2020":5,"% OF TOTAL":null,"2024":5,"2029":null}}},"geometry":{"type":"Polygon","coordinates":[[[-86.08476849339098,30.727625862437392],[-86.08398570088514,30.720005501795583],[-86.11004532819038,30.720005501795583],[-86.11004532819038,30.74891893497664],[-86.09421662263398,30.74891893497664],[-86.08476849339098,30.727625862437392]]]}},{"type":"Feature","properties":{"block":"024","block_num":24,"submarket":"Defuniak Springs","CentroidLon":-86.3423467948278,"CentroidLat":30.71824265389754,"data_status":"no data","is_anomalous":false,"anomaly_reason":null,"files_present":""},"geometry":{"type":"Polygon","coordinates":[[[-86.34546600663377,30.714716958101445],[-86.34546600663377,30.720005501795583],[-86.33610837121587,30.720005501795583],[-86.34546600663377,30.714716958101445]]]}},{"type":"Feature","properties":{"block":"025","block_num":25,"submarket":"Defuniak Springs","CentroidLon":-86.25455776606925,"CentroidLat":30.716514223852847,"data_status":"no data","is_anomalous":false,"anomaly_reason":null,"files_present":""},"geometry":{"type":"Polygon","coordinates":[[[-86.27453043789166,30.720005501795583],[-86.24457143015803,30.720005501795583],[-86.24457143015803,30.70953166796739],[-86.27453043789166,30.720005501795583]]]}},{"type":"Feature","properties":{"block":"026","block_num":26,"submarket":"Defuniak Springs","CentroidLon":-86.38252158605106,"CentroidLat":30.714267126001364,"data_status":"no data","is_anomalous":false,"anomaly_reason":null,"files_present":""},"geometry":{"type":"Polygon","coordinates":[[[-86.38936969390178,30.720005501795583],[-86.37909753212568,30.720005501795583],[-86.37909753212568,30.702790374412913],[-86.38936969390178,30.720005501795583]]]}},{"type":"Feature","properties":{"block":"027","block_num":27,"submarket":"Defuniak Springs","CentroidLon":-86.3656032814019,"CentroidLat":30.711889139956185,"data_status":"no data","is_anomalous":false,"anomaly_reason":null,"files_present":""},"geometry":{"type":"Polygon","coordinates":[[[-86.37593806802367,30.69749542499889],[-86.37909753212568,30.702790374412913],[-86.37909753212568,30.720005501795583],[-86.34546600663377,30.720005501795583],[-86.34546600663377,30.714716958101445],[-86.37593806802367,30.69749542499889]]]}},{"type":"Feature","properties":{"block":"028","block_num":28,"submarket":"Defuniak Springs","CentroidLon":-86.22570733903963,"CentroidLat":30.71144420474584,"data_status":"no data","is_anomalous":false,"anomaly_reason":null,"files_present":""},"geometry":{"type":"Polygon","coordinates":[[[-86.21325284928405,30.698582519893947],[-86.24457143015803,30.70953166796739],[-86.24457143015803,30.720005501795583],[-86.21093990466612,30.720005501795583],[-86.21093990466612,30.696645476563504],[-86.21325284928405,30.698582519893947]]]}},{"type":"Feature","properties":{"block":"029","block_num":29,"submarket":"Defuniak Springs","CentroidLon":-86.1938422488057,"CentroidLat":30.70579208064408,"data_status":"no data","is_anomalous":false,"anomaly_reason":null,"files_present":""},"geometry":{"type":"Polygon","coordinates":[[[-86.21093990466612,30.696645476563504],[-86.21093990466612,30.720005501795583],[-86.1773083791742,30.720005501795583],[-86.1773083791742,30.691092068614527],[-86.20430880621578,30.691092068614527],[-86.21093990466612,30.696645476563504]]]}},{"type":"Feature","properties":{"block":"030","block_num":30,"submarket":"Defuniak Springs","CentroidLon":-86.16049261642824,"CentroidLat":30.705548785205053,"data_status":"no data","is_anomalous":false,"anomaly_reason":null,"files_present":""},"geometry":{"type":"Polygon","coordinates":[[[-86.1773083791742,30.691092068614527],[-86.1773083791742,30.720005501795583],[-86.1436768536823,30.720005501795583],[-86.1436768536823,30.691092068614527],[-86.1773083791742,30.691092068614527]]]}},{"type":"Feature","properties":{"block":"031","block_num":31,"submarket":"Defuniak Springs","CentroidLon":-86.12686109093633,"CentroidLat":30.705548785205053,"data_status":"usable","is_anomalous":false,"anomaly_reason":null,"files_present":"ConsumerSegmentation-26.08.10.csv;DemographicSnapshot-26.08.10.csv;HouseholdIncomeByAge-26.08.10.csv;HouseholdTrends-26.08.10.csv;PopulationTrends-26.08.10.csv","population_2024":773,"population_2029":800,"households_2024":392,"households_2029":403,"median_household_income_2024":71029,"median_household_income_2029":82470,"mean_household_income_2024":null,"mean_household_income_2029":null,"median_age_2024":51,"median_age_2029":52,"median_home_value_2024":163480,"average_household_size_2024":2,"average_household_size_2029":2,"population_growth_2024_2029":2.9,"households_growth_2024_2029":1.6,"consumer_segments":{"Renters":{"households":57,"pct":27.4},"Simple Life Moderate Income No Children":{"households":42,"pct":20.2},"Active Adult Elite":{"households":30,"pct":14.4},"Active Adult Entry Level":{"households":16,"pct":7.7},"Simple Life Moderate Income With Children":{"households":15,"pct":7.2},"Simple Life Affluent No Children":{"households":14,"pct":6.7},"Active Adult Feature and Location":{"households":13,"pct":6.3},"Renters Near Term Buyers":{"households":13,"pct":6.3},"Elite":{"households":5,"pct":2.4},"Family Life Young Children":{"households":3,"pct":1.4},"Family Life School Age Children":{"households":0,"pct":0.0},"Feature and Location":{"households":0,"pct":0.0},"Entry Level Urban":{"households":0,"pct":0.0},"Entry Level Suburban":{"households":0,"pct":0.0}},"income_age":{"2020":{},"2024":{},"2029":{}},"population_trends":{"Total Population":{"Demographic":null,"2020":751,"% OF TOTAL":null,"2024":773,"2029":800},"Population Growth":{"Demographic":null,"2020":null,"% OF TOTAL":null,"2024":2.9,"2029":3.5},"Female Population":{"Demographic":null,"2020":410,"% OF TOTAL":54.8,"2024":423,"2029":438},"Male Population":{"Demographic":null,"2020":341,"% OF TOTAL":45.3,"2024":350,"2029":362},"Total population: Median Age":{"Demographic":null,"2020":50,"% OF TOTAL":null,"2024":51,"2029":52},"Total population: Under 5 years":{"Demographic":null,"2020":41,"% OF TOTAL":4.9,"2024":40,"2029":39},"Total population: 5 - 9 years":{"Demographic":null,"2020":26,"% OF TOTAL":3.8,"2024":26,"2029":30},"Total population: 10 - 14 years":{"Demographic":null,"2020":34,"% OF TOTAL":3.8,"2024":34,"2029":30},"Total population: 15 - 19 years":{"Demographic":null,"2020":31,"% OF TOTAL":4.1,"2024":34,"2029":33},"Total population: 20 - 24 years":{"Demographic":null,"2020":31,"% OF TOTAL":4.0,"2024":33,"2029":32},"Total population: 25 - 29 years":{"Demographic":null,"2020":46,"% OF TOTAL":5.8,"2024":45,"2029":46},"Total population: 30 - 34 years":{"Demographic":null,"2020":38,"% OF TOTAL":5.0,"2024":39,"2029":40},"Total population: 35 - 39 years":{"Demographic":null,"2020":34,"% OF TOTAL":5.0,"2024":33,"2029":40},"Total population: 40 - 44 years":{"Demographic":null,"2020":43,"% OF TOTAL":5.5,"2024":45,"2029":44},"Total population: 45 - 49 years":{"Demographic":null,"2020":45,"% OF TOTAL":6.0,"2024":45,"2029":48},"Total population: 50 - 54 years":{"Demographic":null,"2020":36,"% OF TOTAL":5.0,"2024":36,"2029":40},"Total population: 55 - 59 years":{"Demographic":null,"2020":53,"% OF TOTAL":5.9,"2024":50,"2029":47},"Total population: 60 - 64 years":{"Demographic":null,"2020":63,"% OF TOTAL":7.1,"2024":63,"2029":57},"Total population: 65 - 69 years":{"Demographic":null,"2020":60,"% OF TOTAL":8.5,"2024":68,"2029":68},"Total population: 70 - 74 years":{"Demographic":null,"2020":53,"% OF TOTAL":7.5,"2024":54,"2029":60},"Total population: 75 - 79 years":{"Demographic":null,"2020":46,"% OF TOTAL":6.8,"2024":51,"2029":54},"Total population: 80 - 84 years":{"Demographic":null,"2020":35,"% OF TOTAL":5.6,"2024":38,"2029":45},"Total population: 85 years and over":{"Demographic":null,"2020":36,"% OF TOTAL":5.9,"2024":39,"2029":47},"Female population: Median Age":{"Demographic":null,"2020":57,"% OF TOTAL":null,"2024":58,"2029":58},"Female population: Under 5 years":{"Demographic":null,"2020":22,"% OF TOTAL":4.6,"2024":21,"2029":20},"Female population: 5 - 9 years":{"Demographic":null,"2020":14,"% OF TOTAL":3.9,"2024":15,"2029":17},"Female population: 10 - 14 years":{"Demographic":null,"2020":11,"% OF TOTAL":2.7,"2024":12,"2029":12},"Female population: 15 - 19 years":{"Demographic":null,"2020":14,"% OF TOTAL":3.2,"2024":15,"2029":14},"Female population: 20 - 24 years":{"Demographic":null,"2020":12,"% OF TOTAL":3.2,"2024":13,"2029":14},"Female population: 25 - 29 years":{"Demographic":null,"2020":18,"% OF TOTAL":3.9,"2024":17,"2029":17},"Female population: 30 - 34 years":{"Demographic":null,"2020":19,"% OF TOTAL":4.3,"2024":19,"2029":19},"Female population: 35 - 39 years":{"Demographic":null,"2020":19,"% OF TOTAL":4.8,"2024":18,"2029":21},"Female population: 40 - 44 years":{"Demographic":null,"2020":19,"% OF TOTAL":4.8,"2024":20,"2029":21},"Female population: 45 - 49 years":{"Demographic":null,"2020":26,"% OF TOTAL":5.7,"2024":25,"2029":25},"Female population: 50 - 54 years":{"Demographic":null,"2020":20,"% OF TOTAL":5.0,"2024":20,"2029":22},"Female population: 55 - 59 years":{"Demographic":null,"2020":28,"% OF TOTAL":5.7,"2024":26,"2029":25},"Female population: 60 - 64 years":{"Demographic":null,"2020":42,"% OF TOTAL":8.2,"2024":43,"2029":36},"Female population: 65 - 69 years":{"Demographic":null,"2020":29,"% OF TOTAL":8.7,"2024":35,"2029":38},"Female population: 70 - 74 years":{"Demographic":null,"2020":38,"% OF TOTAL":8.9,"2024":39,"2029":39},"Female population: 75 - 79 years":{"Demographic":null,"2020":30,"% OF TOTAL":8.4,"2024":33,"2029":37},"Female population: 80 - 84 years":{"Demographic":null,"2020":22,"% OF TOTAL":6.2,"2024":22,"2029":27},"Female population: 85 years and over":{"Demographic":null,"2020":27,"% OF TOTAL":7.8,"2024":30,"2029":34},"Male population: Median Age":{"Demographic":null,"2020":43,"% OF TOTAL":null,"2024":44,"2029":45},"Male population: Under 5 years":{"Demographic":null,"2020":19,"% OF TOTAL":5.2,"2024":19,"2029":19},"Male population: 5 - 9 years":{"Demographic":null,"2020":12,"% OF TOTAL":3.6,"2024":11,"2029":13},"Male population: 10 - 14 years":{"Demographic":null,"2020":23,"% OF TOTAL":5.0,"2024":22,"2029":18},"Male population: 15 - 19 years":{"Demographic":null,"2020":17,"% OF TOTAL":5.2,"2024":19,"2029":19},"Male population: 20 - 24 years":{"Demographic":null,"2020":19,"% OF TOTAL":5.0,"2024":20,"2029":18},"Male population: 25 - 29 years":{"Demographic":null,"2020":28,"% OF TOTAL":8.0,"2024":28,"2029":29},"Male population: 30 - 34 years":{"Demographic":null,"2020":19,"% OF TOTAL":5.8,"2024":20,"2029":21},"Male population: 35 - 39 years":{"Demographic":null,"2020":15,"% OF TOTAL":5.2,"2024":15,"2029":19},"Male population: 40 - 44 years":{"Demographic":null,"2020":24,"% OF TOTAL":6.4,"2024":25,"2029":23},"Male population: 45 - 49 years":{"Demographic":null,"2020":19,"% OF TOTAL":6.4,"2024":20,"2029":23},"Male population: 50 - 54 years":{"Demographic":null,"2020":16,"% OF TOTAL":5.0,"2024":16,"2029":18},"Male population: 55 - 59 years":{"Demographic":null,"2020":25,"% OF TOTAL":6.1,"2024":24,"2029":22},"Male population: 60 - 64 years":{"Demographic":null,"2020":21,"% OF TOTAL":5.8,"2024":20,"2029":21},"Male population: 65 - 69 years":{"Demographic":null,"2020":31,"% OF TOTAL":8.3,"2024":33,"2029":30},"Male population: 70 - 74 years":{"Demographic":null,"2020":15,"% OF TOTAL":5.8,"2024":15,"2029":21},"Male population: 75 - 79 years":{"Demographic":null,"2020":16,"% OF TOTAL":4.7,"2024":18,"2029":17},"Male population: 80 - 84 years":{"Demographic":null,"2020":13,"% OF TOTAL":5.0,"2024":16,"2029":18},"Male population: 85 years and over":{"Demographic":null,"2020":9,"% OF TOTAL":3.6,"2024":9,"2029":13},"White alone":{"Demographic":null,"2020":601,"% OF TOTAL":79.3,"2024":616,"2029":634},"Black alone":{"Demographic":null,"2020":63,"% OF TOTAL":9.1,"2024":67,"2029":73},"American Indian and Alaska Native alone":{"Demographic":null,"2020":8,"% OF TOTAL":1.1,"2024":9,"2029":9},"Asian alone":{"Demographic":null,"2020":5,"% OF TOTAL":0.6,"2024":5,"2029":5},"Native Hawaiian and OPI alone":{"Demographic":null,"2020":0,"% OF TOTAL":0.0,"2024":0,"2029":0},"Some other race alone":{"Demographic":null,"2020":7,"% OF TOTAL":0.9,"2024":7,"2029":7},"Two or more races alone":{"Demographic":null,"2020":67,"% OF TOTAL":9.0,"2024":69,"2029":72},"Not Hispanic: White alone":{"Demographic":null,"2020":591,"% OF TOTAL":77.6,"2024":604,"2029":621},"Not Hispanic: Black or African American alone":{"Demographic":null,"2020":63,"% OF TOTAL":9.1,"2024":67,"2029":73},"Not Hispanic: American Indian and Alaska Native alone":{"Demographic":null,"2020":7,"% OF TOTAL":0.9,"2024":7,"2029":7},"Not Hispanic: Asian alone":{"Demographic":null,"2020":5,"% OF TOTAL":0.6,"2024":5,"2029":5},"Not Hispanic: Native Hawaiian and OPI alone":{"Demographic":null,"2020":0,"% OF TOTAL":0.0,"2024":0,"2029":0},"Not Hispanic: Some Other Race alone":{"Demographic":null,"2020":1,"% OF TOTAL":0.1,"2024":1,"2029":1},"Not Hispanic: Two or More Races":{"Demographic":null,"2020":51,"% OF TOTAL":6.9,"2024":53,"2029":55},"Hispanic: White alone":{"Demographic":null,"2020":10,"% OF TOTAL":1.6,"2024":12,"2029":13},"Hispanic: Black or African American alone":{"Demographic":null,"2020":0,"% OF TOTAL":0.0,"2024":0,"2029":0},"Hispanic: American Indian and Alaska Native alone":{"Demographic":null,"2020":1,"% OF TOTAL":0.3,"2024":2,"2029":2},"Hispanic: Asian alone":{"Demographic":null,"2020":0,"% OF TOTAL":0.0,"2024":0,"2029":0},"Hispanic: Native Hawaiian and OPI alone":{"Demographic":null,"2020":0,"% OF TOTAL":0.0,"2024":0,"2029":0},"Hispanic: Some Other Race alone":{"Demographic":null,"2020":6,"% OF TOTAL":0.8,"2024":6,"2029":6},"Hispanic: Two or More Races":{"Demographic":null,"2020":16,"% OF TOTAL":2.1,"2024":16,"2029":17},"Educational Attainment: No High School Diploma":{"Demographic":null,"2020":67,"% OF TOTAL":null,"2024":69,"2029":null},"Educational Attainment: High School Diploma":{"Demographic":null,"2020":134,"% OF TOTAL":null,"2024":138,"2029":null},"Educational Attainment: Some College":{"Demographic":null,"2020":99,"% OF TOTAL":null,"2024":102,"2029":null},"Educational Attainment: Associates Degree":{"Demographic":null,"2020":74,"% OF TOTAL":null,"2024":76,"2029":null},"Educational Attainment: Bachelors Degree":{"Demographic":null,"2020":142,"% OF TOTAL":null,"2024":147,"2029":null},"Educational Attainment: Advanced Degree":{"Demographic":null,"2020":72,"% OF TOTAL":null,"2024":74,"2029":null},"Employment Status: Armed Forces":{"Demographic":null,"2020":0,"% OF TOTAL":null,"2024":0,"2029":null},"Employment Status: Civilian labor force employed":{"Demographic":null,"2020":382,"% OF TOTAL":null,"2024":395,"2029":null},"Employment Status: Civilian labor force unemployed":{"Demographic":null,"2020":32,"% OF TOTAL":null,"2024":34,"2029":null},"Employment Status: Not in labor force":{"Demographic":null,"2020":229,"% OF TOTAL":null,"2024":237,"2029":null},"Employed in Agriculture and Mining Industries":{"Demographic":null,"2020":0,"% OF TOTAL":null,"2024":0,"2029":null},"Employed in Construction Industries":{"Demographic":null,"2020":95,"% OF TOTAL":null,"2024":98,"2029":null},"Employed in Manufacturing Industries":{"Demographic":null,"2020":19,"% OF TOTAL":null,"2024":20,"2029":null},"Employed in Wholesale Industries":{"Demographic":null,"2020":0,"% OF TOTAL":null,"2024":0,"2029":null},"Employed in Retail Industries":{"Demographic":null,"2020":53,"% OF TOTAL":null,"2024":55,"2029":null},"Employed in Transportation and Utilities Industries":{"Demographic":null,"2020":0,"% OF TOTAL":null,"2024":0,"2029":null},"Employed in Information Industries":{"Demographic":null,"2020":15,"% OF TOTAL":null,"2024":16,"2029":null},"Employed in Real-Estate Industries":{"Demographic":null,"2020":19,"% OF TOTAL":null,"2024":20,"2029":null},"Employed in Professional Industries":{"Demographic":null,"2020":10,"% OF TOTAL":null,"2024":10,"2029":null},"Employed in Health and Education Industries":{"Demographic":null,"2020":94,"% OF TOTAL":null,"2024":97,"2029":null},"Employed in Art Industries":{"Demographic":null,"2020":30,"% OF TOTAL":null,"2024":31,"2029":null},"Employed in Other Industries":{"Demographic":null,"2020":40,"% OF TOTAL":null,"2024":41,"2029":null},"Employed in Public Administration Industries":{"Demographic":null,"2020":7,"% OF TOTAL":null,"2024":7,"2029":null},"Occupation: Management":{"Demographic":null,"2020":7,"% OF TOTAL":null,"2024":7,"2029":null},"Occupation: Business and financial operations":{"Demographic":null,"2020":6,"% OF TOTAL":null,"2024":6,"2029":null},"Occupation: Computer and mathematical":{"Demographic":null,"2020":0,"% OF TOTAL":null,"2024":0,"2029":null},"Occupation: Architecture and engineering":{"Demographic":null,"2020":13,"% OF TOTAL":null,"2024":14,"2029":null},"Occupation: Life, physical, and social science":{"Demographic":null,"2020":10,"% OF TOTAL":null,"2024":10,"2029":null},"Occupation: Community and social service":{"Demographic":null,"2020":0,"% OF TOTAL":null,"2024":0,"2029":null},"Occupation: Legal":{"Demographic":null,"2020":0,"% OF TOTAL":null,"2024":0,"2029":null},"Occupation: Education, training, and library":{"Demographic":null,"2020":24,"% OF TOTAL":null,"2024":25,"2029":null},"Occupation: Arts, design, entertainment, sports, and media":{"Demographic":null,"2020":21,"% OF TOTAL":null,"2024":22,"2029":null},"Occupation: Health diagnosing and treating practitioners":{"Demographic":null,"2020":33,"% OF TOTAL":null,"2024":34,"2029":null},"Occupation: Health technologists and technicians":{"Demographic":null,"2020":16,"% OF TOTAL":null,"2024":17,"2029":null},"Occupation: Healthcare support":{"Demographic":null,"2020":11,"% OF TOTAL":null,"2024":11,"2029":null},"Occupation: Fire fighting and prevention":{"Demographic":null,"2020":0,"% OF TOTAL":null,"2024":0,"2029":null},"Occupation: Law enforcement workers":{"Demographic":null,"2020":2,"% OF TOTAL":null,"2024":2,"2029":null},"Occupation: Food preparation and serving related":{"Demographic":null,"2020":25,"% OF TOTAL":null,"2024":26,"2029":null},"Occupation: Building and grounds cleaning and maintenance":{"Demographic":null,"2020":0,"% OF TOTAL":null,"2024":0,"2029":null},"Occupation: Personal care and service":{"Demographic":null,"2020":28,"% OF TOTAL":null,"2024":29,"2029":null},"Occupation: Sales and related":{"Demographic":null,"2020":67,"% OF TOTAL":null,"2024":69,"2029":null},"Occupation: Office and administrative support":{"Demographic":null,"2020":25,"% OF TOTAL":null,"2024":26,"2029":null},"Occupation: Farming, fishing, and forestry":{"Demographic":null,"2020":0,"% OF TOTAL":null,"2024":0,"2029":null},"Occupation: Construction and extraction":{"Demographic":null,"2020":81,"% OF TOTAL":null,"2024":84,"2029":null},"Occupation: Installation, maintenance, and repair":{"Demographic":null,"2020":13,"% OF TOTAL":null,"2024":13,"2029":null},"Occupation: Production":{"Demographic":null,"2020":0,"% OF TOTAL":null,"2024":0,"2029":null},"Occupation: Transportation":{"Demographic":null,"2020":0,"% OF TOTAL":null,"2024":0,"2029":null},"Occupation: Material moving":{"Demographic":null,"2020":0,"% OF TOTAL":null,"2024":0,"2029":null},"White collar":{"Demographic":null,"2020":222,"% OF TOTAL":null,"2024":230,"2029":null},"Blue collar":{"Demographic":null,"2020":160,"% OF TOTAL":null,"2024":165,"2029":null},"Means of transportation: Car, truck or van":{"Demographic":null,"2020":276,"% OF TOTAL":null,"2024":285,"2029":null},"Means of transportation: Public transportation":{"Demographic":null,"2020":0,"% OF TOTAL":null,"2024":0,"2029":null},"Means of transportation: Other":{"Demographic":null,"2020":16,"% OF TOTAL":null,"2024":17,"2029":null},"Travel time: Average (in minutes)":{"Demographic":null,"2020":29,"% OF TOTAL":null,"2024":29,"2029":null},"Travel time to work: Less than 30 minutes":{"Demographic":null,"2020":131,"% OF TOTAL":null,"2024":136,"2029":null},"Travel time to work: 30 to 60 minutes":{"Demographic":null,"2020":141,"% OF TOTAL":null,"2024":145,"2029":null},"Travel time to work: 60 or more minutes":{"Demographic":null,"2020":20,"% OF TOTAL":null,"2024":21,"2029":null}},"demographic_snapshot":{"Total Population":{"Demographic":null,"2020":751,"% OF TOTAL":null,"2024":773,"2029":800},"Households":{"Demographic":null,"2020":386,"% OF TOTAL":null,"2024":392,"2029":403},"Population in Group Quarters":{"Demographic":null,"2020":0,"% OF TOTAL":null,"2024":0,"2029":0},"Households Growth":{"Demographic":null,"2020":null,"% OF TOTAL":null,"2024":1.6,"2029":2.8},"Household Income: Median":{"Demographic":null,"2020":0,"% OF TOTAL":null,"2024":71029,"2029":82470},"Home Value: Median":{"Demographic":null,"2020":164000,"% OF TOTAL":null,"2024":163480,"2029":null},"Population Growth":{"Demographic":null,"2020":null,"% OF TOTAL":null,"2024":2.9,"2029":3.5},"Total Population: Under 19 years":{"Demographic":null,"2020":132,"% OF TOTAL":16.5,"2024":134,"2029":132},"Total Population: 20 - 64 years":{"Demographic":null,"2020":389,"% OF TOTAL":49.3,"2024":389,"2029":394},"Total Population: 65 years and over":{"Demographic":null,"2020":230,"% OF TOTAL":34.3,"2024":250,"2029":274},"Total population: Median age":{"Demographic":null,"2020":50,"% OF TOTAL":null,"2024":51,"2029":52},"Total population: Under 5 years":{"Demographic":null,"2020":41,"% OF TOTAL":4.9,"2024":40,"2029":39},"Total population: 5 - 9 years":{"Demographic":null,"2020":26,"% OF TOTAL":3.8,"2024":26,"2029":30},"Total population: 10 - 14 years":{"Demographic":null,"2020":34,"% OF TOTAL":3.8,"2024":34,"2029":30},"Total population: 15 - 19 years":{"Demographic":null,"2020":31,"% OF TOTAL":4.1,"2024":34,"2029":33},"Total population: 20 - 24 years":{"Demographic":null,"2020":31,"% OF TOTAL":4.0,"2024":33,"2029":32},"Total population: 25 - 29 years":{"Demographic":null,"2020":46,"% OF TOTAL":5.8,"2024":45,"2029":46},"Total population: 30 - 34 years":{"Demographic":null,"2020":38,"% OF TOTAL":5.0,"2024":39,"2029":40},"Total population: 35 - 39 years":{"Demographic":null,"2020":34,"% OF TOTAL":5.0,"2024":33,"2029":40},"Total population: 40 - 44 years":{"Demographic":null,"2020":43,"% OF TOTAL":5.5,"2024":45,"2029":44},"Total population: 45 - 49 years":{"Demographic":null,"2020":45,"% OF TOTAL":6.0,"2024":45,"2029":48},"Total population: 50 - 54 years":{"Demographic":null,"2020":36,"% OF TOTAL":5.0,"2024":36,"2029":40},"Total population: 55 - 59 years":{"Demographic":null,"2020":53,"% OF TOTAL":5.9,"2024":50,"2029":47},"Total population: 60 - 64 years":{"Demographic":null,"2020":63,"% OF TOTAL":7.1,"2024":63,"2029":57},"Total population: 65 - 69 years":{"Demographic":null,"2020":60,"% OF TOTAL":8.5,"2024":68,"2029":68},"Total population: 70 - 74 years":{"Demographic":null,"2020":53,"% OF TOTAL":7.5,"2024":54,"2029":60},"Total population: 75 - 79 years":{"Demographic":null,"2020":46,"% OF TOTAL":6.8,"2024":51,"2029":54},"Total population: 80 - 84 years":{"Demographic":null,"2020":35,"% OF TOTAL":5.6,"2024":38,"2029":45},"Total population: 85 years and over":{"Demographic":null,"2020":36,"% OF TOTAL":5.9,"2024":39,"2029":47},"Householders Age 15-24":{"Demographic":null,"2020":11,"% OF TOTAL":2.7,"2024":11,"2029":11},"Householders Age 25-34":{"Demographic":null,"2020":47,"% OF TOTAL":11.9,"2024":48,"2029":48},"Householders Age 35-44":{"Demographic":null,"2020":43,"% OF TOTAL":11.7,"2024":44,"2029":47},"Householders Age 45-54":{"Demographic":null,"2020":40,"% OF TOTAL":10.7,"2024":40,"2029":43},"Householders Age 55-64":{"Demographic":null,"2020":71,"% OF TOTAL":16.4,"2024":72,"2029":66},"Householders Age 65-74":{"Demographic":null,"2020":96,"% OF TOTAL":25.1,"2024":98,"2029":101},"Householders Age 75+":{"Demographic":null,"2020":78,"% OF TOTAL":21.6,"2024":79,"2029":87},"Household income: Average":{"Demographic":null,"2020":96367,"% OF TOTAL":null,"2024":98195,"2029":120118},"Household income: Less than 25k":{"Demographic":null,"2020":66,"% OF TOTAL":10.9,"2024":65,"2029":44},"Household income: 25k - 50k":{"Demographic":null,"2020":71,"% OF TOTAL":15.4,"2024":61,"2029":62},"Household income: 50k - 75k":{"Demographic":null,"2020":56,"% OF TOTAL":17.6,"2024":79,"2029":71},"Household income: 75k - 100k":{"Demographic":null,"2020":81,"% OF TOTAL":20.3,"2024":83,"2029":82},"Household income: 100k - 125k":{"Demographic":null,"2020":51,"% OF TOTAL":14.4,"2024":50,"2029":58},"Household income: 125k - 150k":{"Demographic":null,"2020":7,"% OF TOTAL":0.0,"2024":0,"2029":0},"Household income: 150k - 200k":{"Demographic":null,"2020":14,"% OF TOTAL":4.0,"2024":8,"2029":16},"Household income: Above 200k":{"Demographic":null,"2020":40,"% OF TOTAL":17.4,"2024":46,"2029":70},"White Alone":{"Demographic":null,"2020":601,"% OF TOTAL":79.3,"2024":616,"2029":634},"Black or African American Alone":{"Demographic":null,"2020":63,"% OF TOTAL":9.1,"2024":67,"2029":73},"American Indian and Alaska Native Alone":{"Demographic":null,"2020":8,"% OF TOTAL":1.1,"2024":9,"2029":9},"Asian Alone":{"Demographic":null,"2020":5,"% OF TOTAL":0.6,"2024":5,"2029":5},"Native Hawaiian and OPI Alone":{"Demographic":null,"2020":0,"% OF TOTAL":0.0,"2024":0,"2029":0},"Some Other Race Alone":{"Demographic":null,"2020":7,"% OF TOTAL":0.9,"2024":7,"2029":7},"Two or More Races Alone":{"Demographic":null,"2020":67,"% OF TOTAL":9.0,"2024":69,"2029":72},"Not Hispanic or Latino":{"Demographic":null,"2020":718,"% OF TOTAL":95.3,"2024":737,"2029":762},"Hispanic or Latino":{"Demographic":null,"2020":33,"% OF TOTAL":4.8,"2024":36,"2029":38},"Total Housing Units":{"Demographic":null,"2020":440,"% OF TOTAL":null,"2024":null,"2029":null},"Owner Occupied Housing Units":{"Demographic":null,"2020":218,"% OF TOTAL":null,"2024":221,"2029":null},"Renter Occupied Housing Units":{"Demographic":null,"2020":168,"% OF TOTAL":null,"2024":171,"2029":null},"Housing Units Value Less Than 100k":{"Demographic":null,"2020":3,"% OF TOTAL":null,"2024":3,"2029":null},"Housing Units Value 100k - 200k":{"Demographic":null,"2020":128,"% OF TOTAL":null,"2024":131,"2029":null},"Housing Units Value 200k - 250k":{"Demographic":null,"2020":19,"% OF TOTAL":null,"2024":19,"2029":null},"Housing Units Value 250k - 300k":{"Demographic":null,"2020":20,"% OF TOTAL":null,"2024":20,"2029":null},"Housing Units Value 300k - 400k":{"Demographic":null,"2020":30,"% OF TOTAL":null,"2024":30,"2029":null},"Housing Units Value 400k - 500k":{"Demographic":null,"2020":14,"% OF TOTAL":null,"2024":14,"2029":null},"Housing Units Value 500k - 750k":{"Demographic":null,"2020":0,"% OF TOTAL":null,"2024":0,"2029":null},"Housing Units Value 750k - 1m":{"Demographic":null,"2020":4,"% OF TOTAL":null,"2024":4,"2029":null},"Housing Units Value 1m - 1.5m":{"Demographic":null,"2020":0,"% OF TOTAL":null,"2024":0,"2029":null},"Housing Units Value 1.5m - 2m":{"Demographic":null,"2020":0,"% OF TOTAL":null,"2024":0,"2029":null},"Housing Units Value >2m":{"Demographic":null,"2020":0,"% OF TOTAL":null,"2024":0,"2029":null},"Take Car or Truck to Work":{"Demographic":null,"2020":276,"% OF TOTAL":null,"2024":285,"2029":null},"Take Public Transportation to Work":{"Demographic":null,"2020":0,"% OF TOTAL":null,"2024":0,"2029":null},"Take Other Means of Transportation to Work":{"Demographic":null,"2020":16,"% OF TOTAL":null,"2024":17,"2029":null},"Average Travel Time (min)":{"Demographic":null,"2020":30,"% OF TOTAL":null,"2024":30,"2029":null},"Travel Below 30 Min to Work":{"Demographic":null,"2020":131,"% OF TOTAL":null,"2024":136,"2029":null},"Travel 30-60 Min to Work":{"Demographic":null,"2020":141,"% OF TOTAL":null,"2024":145,"2029":null},"Travel Above 60 Min to Work":{"Demographic":null,"2020":49,"% OF TOTAL":null,"2024":21,"2029":null},"Educational Attainment: No High School Diploma":{"Demographic":null,"2020":201,"% OF TOTAL":null,"2024":207,"2029":null},"Educational Attainment: High School Diploma":{"Demographic":null,"2020":134,"% OF TOTAL":null,"2024":138,"2029":null},"Educational Attainment: Some College":{"Demographic":null,"2020":315,"% OF TOTAL":null,"2024":325,"2029":null},"Educational Attainment: Associate's Degree":{"Demographic":null,"2020":74,"% OF TOTAL":null,"2024":76,"2029":null},"Educational Attainment: Bachelors Degree":{"Demographic":null,"2020":142,"% OF TOTAL":null,"2024":147,"2029":null},"Educational Attainment: Advanced Degree":{"Demographic":null,"2020":72,"% OF TOTAL":null,"2024":74,"2029":null},"Households: Number of vehicles available - Average":{"Demographic":null,"2020":1,"% OF TOTAL":null,"2024":1,"2029":null},"Households: No Vehicle available":{"Demographic":null,"2020":23,"% OF TOTAL":null,"2024":23,"2029":null},"Households: 1 Vehicle available":{"Demographic":null,"2020":135,"% OF TOTAL":null,"2024":137,"2029":null},"Households: 2 Vehicles available":{"Demographic":null,"2020":140,"% OF TOTAL":null,"2024":143,"2029":null},"Households: 3 Vehicles available":{"Demographic":null,"2020":69,"% OF TOTAL":null,"2024":70,"2029":null},"Households: 4 or more Vehicles available":{"Demographic":null,"2020":19,"% OF TOTAL":null,"2024":19,"2029":null}},"household_trends":{"Households":{"Demographic":null,"2020":386,"% OF TOTAL":null,"2024":392,"2029":403},"Households Growth":{"Demographic":null,"2020":null,"% OF TOTAL":null,"2024":1.6,"2029":2.8},"Householder Age 15-24":{"Demographic":null,"2020":11,"% OF TOTAL":2.7,"2024":11,"2029":11},"Householder Age 25-34":{"Demographic":null,"2020":47,"% OF TOTAL":11.9,"2024":48,"2029":48},"Householder Age 35-44":{"Demographic":null,"2020":43,"% OF TOTAL":11.7,"2024":44,"2029":47},"Householder Age 45-54":{"Demographic":null,"2020":40,"% OF TOTAL":10.7,"2024":40,"2029":43},"Householder Age 55-64":{"Demographic":null,"2020":71,"% OF TOTAL":16.4,"2024":72,"2029":66},"Householder Age 65-74":{"Demographic":null,"2020":96,"% OF TOTAL":25.1,"2024":98,"2029":101},"Householder Age 75+":{"Demographic":null,"2020":78,"% OF TOTAL":21.6,"2024":79,"2029":87},"Average Household Size":{"Demographic":null,"2020":2,"% OF TOTAL":null,"2024":2,"2029":2},"1 Person Households":{"Demographic":null,"2020":150,"% OF TOTAL":40.7,"2024":163,"2029":164},"2 Person Households":{"Demographic":null,"2020":130,"% OF TOTAL":35.7,"2024":145,"2029":144},"3 Person Households":{"Demographic":null,"2020":51,"% OF TOTAL":14.4,"2024":59,"2029":58},"4 Person Households":{"Demographic":null,"2020":27,"% OF TOTAL":4.0,"2024":9,"2029":16},"5 Person Households":{"Demographic":null,"2020":14,"% OF TOTAL":2.7,"2024":8,"2029":11},"6 Person Households":{"Demographic":null,"2020":9,"% OF TOTAL":1.5,"2024":5,"2029":6},"7+ Person Households":{"Demographic":null,"2020":5,"% OF TOTAL":1.0,"2024":3,"2029":4},"Household Type: Family":{"Demographic":null,"2020":217,"% OF TOTAL":null,"2024":220,"2029":null},"Household Type: Married Family":{"Demographic":null,"2020":138,"% OF TOTAL":null,"2024":140,"2029":null},"Household Type: Married Family With Children":{"Demographic":null,"2020":36,"% OF TOTAL":null,"2024":36,"2029":null},"Household Type: Married Family Without Children":{"Demographic":null,"2020":102,"% OF TOTAL":null,"2024":104,"2029":null},"Household Type: Other Family":{"Demographic":null,"2020":79,"% OF TOTAL":null,"2024":80,"2029":null},"Household Type: Male Households, No Wife":{"Demographic":null,"2020":18,"% OF TOTAL":null,"2024":18,"2029":null},"Household Type: Male Households, No Wife With Children":{"Demographic":null,"2020":6,"% OF TOTAL":null,"2024":6,"2029":null},"Household Type: Male Households, No Wife Without Children":{"Demographic":null,"2020":12,"% OF TOTAL":null,"2024":12,"2029":null},"Household Type: Female Households, No Husband":{"Demographic":null,"2020":61,"% OF TOTAL":null,"2024":62,"2029":null},"Household Type: Female Households, No Husband With Children":{"Demographic":null,"2020":28,"% OF TOTAL":null,"2024":28,"2029":null},"Household Type: Female Households, No Husband Without Children":{"Demographic":null,"2020":33,"% OF TOTAL":null,"2024":34,"2029":null},"Household Income: Average":{"Demographic":null,"2020":96367,"% OF TOTAL":null,"2024":98195,"2029":120118},"Household Income: Median":{"Demographic":null,"2020":0,"% OF TOTAL":null,"2024":71029,"2029":82470},"Household Income: Less than $25k":{"Demographic":null,"2020":66,"% OF TOTAL":10.9,"2024":65,"2029":44},"Household Income: $25k - $50k":{"Demographic":null,"2020":71,"% OF TOTAL":15.4,"2024":61,"2029":62},"Household Income: $50k - $75k":{"Demographic":null,"2020":56,"% OF TOTAL":17.6,"2024":79,"2029":71},"Household Income: $75k - $100k":{"Demographic":null,"2020":81,"% OF TOTAL":20.3,"2024":83,"2029":82},"Household Income: $100k - $125k":{"Demographic":null,"2020":51,"% OF TOTAL":14.4,"2024":50,"2029":58},"Household Income: $125k - $150k":{"Demographic":null,"2020":7,"% OF TOTAL":0.0,"2024":0,"2029":0},"Household Income: $150k - $200k":{"Demographic":null,"2020":14,"% OF TOTAL":4.0,"2024":8,"2029":16},"Household Income: Above $200k":{"Demographic":null,"2020":40,"% OF TOTAL":17.4,"2024":46,"2029":70},"Total Housing Units":{"Demographic":null,"2020":440,"% OF TOTAL":null,"2024":null,"2029":null},"Owner Occupied Housing Units":{"Demographic":null,"2020":218,"% OF TOTAL":null,"2024":221,"2029":null},"Renter Occupied Housing Units":{"Demographic":null,"2020":168,"% OF TOTAL":null,"2024":171,"2029":null},"Vacant Housing Units":{"Demographic":null,"2020":54,"% OF TOTAL":null,"2024":null,"2029":null},"Vacant Housing Units: Seasonal":{"Demographic":null,"2020":13,"% OF TOTAL":null,"2024":null,"2029":null},"Vacant Housing Units: Other Usage":{"Demographic":null,"2020":41,"% OF TOTAL":null,"2024":null,"2029":null},"Average Housing Unit Value":{"Demographic":null,"2020":220516,"% OF TOTAL":null,"2024":219389,"2029":null},"Median Housing Unit Value":{"Demographic":null,"2020":164000,"% OF TOTAL":null,"2024":163480,"2029":null},"Housing Unit Value Less Than $100k":{"Demographic":null,"2020":3,"% OF TOTAL":null,"2024":3,"2029":null},"Housing Unit Value $100k-$200k":{"Demographic":null,"2020":128,"% OF TOTAL":null,"2024":131,"2029":null},"Housing Unit Value $200k-$250k":{"Demographic":null,"2020":19,"% OF TOTAL":null,"2024":19,"2029":null},"Housing Unit Value $250k-$300k":{"Demographic":null,"2020":20,"% OF TOTAL":null,"2024":20,"2029":null},"Housing Unit Value $300k-$400k":{"Demographic":null,"2020":30,"% OF TOTAL":null,"2024":30,"2029":null},"Housing Unit Value $400k-$500k":{"Demographic":null,"2020":14,"% OF TOTAL":null,"2024":14,"2029":null},"Housing Unit Value $500k-$750k":{"Demographic":null,"2020":0,"% OF TOTAL":null,"2024":0,"2029":null},"Housing Unit Value $750k-$1m":{"Demographic":null,"2020":4,"% OF TOTAL":null,"2024":4,"2029":null},"Housing Unit Value $1m-$1.5m":{"Demographic":null,"2020":0,"% OF TOTAL":null,"2024":0,"2029":null},"Housing Unit Value $1.5m-$2m":{"Demographic":null,"2020":0,"% OF TOTAL":null,"2024":0,"2029":null},"Housing Unit Value Above $2m":{"Demographic":null,"2020":0,"% OF TOTAL":null,"2024":0,"2029":null},"Median Housing Unit Year Built":{"Demographic":null,"2020":1940,"% OF TOTAL":null,"2024":1940,"2029":null},"Housing Units Built 2014 Or After":{"Demographic":null,"2020":0,"% OF TOTAL":null,"2024":0,"2029":null},"Housing Units Built 2010-2013":{"Demographic":null,"2020":0,"% OF TOTAL":null,"2024":0,"2029":null},"Housing Units Built 2000-2009":{"Demographic":null,"2020":7,"% OF TOTAL":null,"2024":7,"2029":null},"Housing Units Built 1990-1999":{"Demographic":null,"2020":6,"% OF TOTAL":null,"2024":6,"2029":null},"Housing Units Built 1980-1989":{"Demographic":null,"2020":44,"% OF TOTAL":null,"2024":45,"2029":null},"Housing Units Built 1970-1979":{"Demographic":null,"2020":49,"% OF TOTAL":null,"2024":49,"2029":null},"Housing Units Built 1960-1969":{"Demographic":null,"2020":15,"% OF TOTAL":null,"2024":15,"2029":null},"Housing Units Built 1950-1959":{"Demographic":null,"2020":6,"% OF TOTAL":null,"2024":6,"2029":null},"Housing Units Built 1940-1949":{"Demographic":null,"2020":57,"% OF TOTAL":null,"2024":58,"2029":null},"Housing Units Built Before 1940":{"Demographic":null,"2020":202,"% OF TOTAL":null,"2024":206,"2029":null}}},"geometry":{"type":"Polygon","coordinates":[[[-86.1436768536823,30.691092068614527],[-86.1436768536823,30.720005501795583],[-86.11004532819038,30.720005501795583],[-86.11004532819038,30.691092068614527],[-86.1436768536823,30.691092068614527]]]}},{"type":"Feature","properties":{"block":"032","block_num":32,"submarket":"Defuniak Springs","CentroidLon":-86.09625964580368,"CentroidLat":30.705288977791383,"data_status":"usable","is_anomalous":false,"anomaly_reason":null,"files_present":"ConsumerSegmentation-26.08.10.csv;DemographicSnapshot-26.08.10.csv;HouseholdIncomeByAge-26.08.10.csv;HouseholdTrends-26.08.10.csv;PopulationTrends-26.08.10.csv","population_2024":1409,"population_2029":1404,"households_2024":495,"households_2029":491,"median_household_income_2024":65500,"median_household_income_2029":78885,"mean_household_income_2024":null,"mean_household_income_2029":null,"median_age_2024":46,"median_age_2029":47,"median_home_value_2024":155645,"average_household_size_2024":2.6,"average_household_size_2029":2.6,"population_growth_2024_2029":-1.9,"households_growth_2024_2029":-2.2,"consumer_segments":{"Renters":{"households":61,"pct":22.7},"Simple Life Moderate Income No Children":{"households":47,"pct":17.5},"Simple Life Moderate Income With Children":{"households":44,"pct":16.4},"Active Adult Elite":{"households":40,"pct":14.9},"Active Adult Entry Level":{"households":22,"pct":8.2},"Renters Near Term Buyers":{"households":20,"pct":7.4},"Simple Life Affluent No Children":{"households":15,"pct":5.6},"Active Adult Feature and Location":{"households":9,"pct":3.3},"Elite":{"households":7,"pct":2.6},"Family Life Young Children":{"households":4,"pct":1.5},"Family Life School Age Children":{"households":0,"pct":0.0},"Feature and Location":{"households":0,"pct":0.0},"Entry Level Urban":{"households":0,"pct":0.0},"Entry Level Suburban":{"households":0,"pct":0.0}},"income_age":{"2020":{},"2024":{},"2029":{}},"population_trends":{"Total Population":{"Demographic":null,"2020":1436,"% OF TOTAL":null,"2024":1409,"2029":1404},"Population Growth":{"Demographic":null,"2020":null,"% OF TOTAL":null,"2024":-1.9,"2029":-0.4},"Female Population":{"Demographic":null,"2020":736,"% OF TOTAL":51.3,"2024":723,"2029":720},"Male Population":{"Demographic":null,"2020":700,"% OF TOTAL":48.7,"2024":686,"2029":684},"Total population: Median Age":{"Demographic":null,"2020":45,"% OF TOTAL":null,"2024":46,"2029":47},"Total population: Under 5 years":{"Demographic":null,"2020":78,"% OF TOTAL":5.0,"2024":72,"2029":70},"Total population: 5 - 9 years":{"Demographic":null,"2020":97,"% OF TOTAL":5.9,"2024":91,"2029":83},"Total population: 10 - 14 years":{"Demographic":null,"2020":82,"% OF TOTAL":5.6,"2024":78,"2029":78},"Total population: 15 - 19 years":{"Demographic":null,"2020":86,"% OF TOTAL":5.3,"2024":85,"2029":75},"Total population: 20 - 24 years":{"Demographic":null,"2020":75,"% OF TOTAL":5.3,"2024":77,"2029":75},"Total population: 25 - 29 years":{"Demographic":null,"2020":69,"% OF TOTAL":5.2,"2024":64,"2029":73},"Total population: 30 - 34 years":{"Demographic":null,"2020":79,"% OF TOTAL":4.8,"2024":72,"2029":68},"Total population: 35 - 39 years":{"Demographic":null,"2020":68,"% OF TOTAL":5.0,"2024":64,"2029":70},"Total population: 40 - 44 years":{"Demographic":null,"2020":80,"% OF TOTAL":5.9,"2024":84,"2029":83},"Total population: 45 - 49 years":{"Demographic":null,"2020":58,"% OF TOTAL":4.7,"2024":59,"2029":66},"Total population: 50 - 54 years":{"Demographic":null,"2020":78,"% OF TOTAL":4.7,"2024":72,"2029":66},"Total population: 55 - 59 years":{"Demographic":null,"2020":100,"% OF TOTAL":5.8,"2024":89,"2029":82},"Total population: 60 - 64 years":{"Demographic":null,"2020":112,"% OF TOTAL":7.1,"2024":115,"2029":99},"Total population: 65 - 69 years":{"Demographic":null,"2020":107,"% OF TOTAL":7.9,"2024":110,"2029":111},"Total population: 70 - 74 years":{"Demographic":null,"2020":100,"% OF TOTAL":7.1,"2024":97,"2029":100},"Total population: 75 - 79 years":{"Demographic":null,"2020":61,"% OF TOTAL":5.8,"2024":67,"2029":81},"Total population: 80 - 84 years":{"Demographic":null,"2020":49,"% OF TOTAL":4.3,"2024":52,"2029":60},"Total population: 85 years and over":{"Demographic":null,"2020":57,"% OF TOTAL":4.6,"2024":61,"2029":64},"Female population: Median Age":{"Demographic":null,"2020":47,"% OF TOTAL":null,"2024":48,"2029":48},"Female population: Under 5 years":{"Demographic":null,"2020":40,"% OF TOTAL":4.7,"2024":36,"2029":34},"Female population: 5 - 9 years":{"Demographic":null,"2020":44,"% OF TOTAL":5.3,"2024":39,"2029":38},"Female population: 10 - 14 years":{"Demographic":null,"2020":38,"% OF TOTAL":5.1,"2024":38,"2029":37},"Female population: 15 - 19 years":{"Demographic":null,"2020":46,"% OF TOTAL":5.4,"2024":45,"2029":39},"Female population: 20 - 24 years":{"Demographic":null,"2020":27,"% OF TOTAL":4.4,"2024":30,"2029":32},"Female population: 25 - 29 years":{"Demographic":null,"2020":43,"% OF TOTAL":5.3,"2024":39,"2029":38},"Female population: 30 - 34 years":{"Demographic":null,"2020":38,"% OF TOTAL":4.9,"2024":34,"2029":35},"Female population: 35 - 39 years":{"Demographic":null,"2020":32,"% OF TOTAL":4.6,"2024":30,"2029":33},"Female population: 40 - 44 years":{"Demographic":null,"2020":46,"% OF TOTAL":6.3,"2024":48,"2029":45},"Female population: 45 - 49 years":{"Demographic":null,"2020":31,"% OF TOTAL":5.1,"2024":33,"2029":37},"Female population: 50 - 54 years":{"Demographic":null,"2020":30,"% OF TOTAL":3.9,"2024":27,"2029":28},"Female population: 55 - 59 years":{"Demographic":null,"2020":64,"% OF TOTAL":6.7,"2024":57,"2029":48},"Female population: 60 - 64 years":{"Demographic":null,"2020":51,"% OF TOTAL":6.8,"2024":52,"2029":49},"Female population: 65 - 69 years":{"Demographic":null,"2020":53,"% OF TOTAL":7.8,"2024":56,"2029":56},"Female population: 70 - 74 years":{"Demographic":null,"2020":47,"% OF TOTAL":6.7,"2024":46,"2029":48},"Female population: 75 - 79 years":{"Demographic":null,"2020":39,"% OF TOTAL":6.4,"2024":43,"2029":46},"Female population: 80 - 84 years":{"Demographic":null,"2020":26,"% OF TOTAL":4.6,"2024":27,"2029":33},"Female population: 85 years and over":{"Demographic":null,"2020":41,"% OF TOTAL":6.1,"2024":43,"2029":44},"Male population: Median Age":{"Demographic":null,"2020":43,"% OF TOTAL":null,"2024":44,"2029":44},"Male population: Under 5 years":{"Demographic":null,"2020":38,"% OF TOTAL":5.3,"2024":36,"2029":36},"Male population: 5 - 9 years":{"Demographic":null,"2020":53,"% OF TOTAL":6.6,"2024":52,"2029":45},"Male population: 10 - 14 years":{"Demographic":null,"2020":44,"% OF TOTAL":6.0,"2024":40,"2029":41},"Male population: 15 - 19 years":{"Demographic":null,"2020":40,"% OF TOTAL":5.3,"2024":40,"2029":36},"Male population: 20 - 24 years":{"Demographic":null,"2020":48,"% OF TOTAL":6.3,"2024":47,"2029":43},"Male population: 25 - 29 years":{"Demographic":null,"2020":26,"% OF TOTAL":5.1,"2024":25,"2029":35},"Male population: 30 - 34 years":{"Demographic":null,"2020":41,"% OF TOTAL":4.8,"2024":38,"2029":33},"Male population: 35 - 39 years":{"Demographic":null,"2020":36,"% OF TOTAL":5.4,"2024":34,"2029":37},"Male population: 40 - 44 years":{"Demographic":null,"2020":34,"% OF TOTAL":5.6,"2024":36,"2029":38},"Male population: 45 - 49 years":{"Demographic":null,"2020":27,"% OF TOTAL":4.2,"2024":26,"2029":29},"Male population: 50 - 54 years":{"Demographic":null,"2020":48,"% OF TOTAL":5.6,"2024":45,"2029":38},"Male population: 55 - 59 years":{"Demographic":null,"2020":36,"% OF TOTAL":5.0,"2024":32,"2029":34},"Male population: 60 - 64 years":{"Demographic":null,"2020":61,"% OF TOTAL":7.3,"2024":63,"2029":50},"Male population: 65 - 69 years":{"Demographic":null,"2020":54,"% OF TOTAL":8.0,"2024":54,"2029":55},"Male population: 70 - 74 years":{"Demographic":null,"2020":53,"% OF TOTAL":7.6,"2024":51,"2029":52},"Male population: 75 - 79 years":{"Demographic":null,"2020":22,"% OF TOTAL":5.1,"2024":24,"2029":35},"Male population: 80 - 84 years":{"Demographic":null,"2020":23,"% OF TOTAL":3.9,"2024":25,"2029":27},"Male population: 85 years and over":{"Demographic":null,"2020":16,"% OF TOTAL":2.9,"2024":18,"2029":20},"White alone":{"Demographic":null,"2020":938,"% OF TOTAL":64.0,"2024":912,"2029":898},"Black alone":{"Demographic":null,"2020":287,"% OF TOTAL":21.2,"2024":288,"2029":298},"American Indian and Alaska Native alone":{"Demographic":null,"2020":7,"% OF TOTAL":0.6,"2024":8,"2029":8},"Asian alone":{"Demographic":null,"2020":23,"% OF TOTAL":1.6,"2024":23,"2029":23},"Native Hawaiian and OPI alone":{"Demographic":null,"2020":0,"% OF TOTAL":0.0,"2024":0,"2029":0},"Some other race alone":{"Demographic":null,"2020":61,"% OF TOTAL":4.1,"2024":58,"2029":57},"Two or more races alone":{"Demographic":null,"2020":120,"% OF TOTAL":8.5,"2024":120,"2029":120},"Not Hispanic: White alone":{"Demographic":null,"2020":919,"% OF TOTAL":62.4,"2024":890,"2029":876},"Not Hispanic: Black or African American alone":{"Demographic":null,"2020":283,"% OF TOTAL":20.9,"2024":283,"2029":293},"Not Hispanic: American Indian and Alaska Native alone":{"Demographic":null,"2020":5,"% OF TOTAL":0.4,"2024":5,"2029":5},"Not Hispanic: Asian alone":{"Demographic":null,"2020":23,"% OF TOTAL":1.6,"2024":23,"2029":23},"Not Hispanic: Native Hawaiian and OPI alone":{"Demographic":null,"2020":0,"% OF TOTAL":0.0,"2024":0,"2029":0},"Not Hispanic: Some Other Race alone":{"Demographic":null,"2020":10,"% OF TOTAL":0.6,"2024":9,"2029":8},"Not Hispanic: Two or More Races":{"Demographic":null,"2020":78,"% OF TOTAL":5.5,"2024":77,"2029":77},"Hispanic: White alone":{"Demographic":null,"2020":19,"% OF TOTAL":1.6,"2024":22,"2029":22},"Hispanic: Black or African American alone":{"Demographic":null,"2020":4,"% OF TOTAL":0.4,"2024":5,"2029":5},"Hispanic: American Indian and Alaska Native alone":{"Demographic":null,"2020":2,"% OF TOTAL":0.2,"2024":3,"2029":3},"Hispanic: Asian alone":{"Demographic":null,"2020":0,"% OF TOTAL":0.0,"2024":0,"2029":0},"Hispanic: Native Hawaiian and OPI alone":{"Demographic":null,"2020":0,"% OF TOTAL":0.0,"2024":0,"2029":0},"Hispanic: Some Other Race alone":{"Demographic":null,"2020":51,"% OF TOTAL":3.5,"2024":49,"2029":49},"Hispanic: Two or More Races":{"Demographic":null,"2020":42,"% OF TOTAL":3.1,"2024":43,"2029":43},"Educational Attainment: No High School Diploma":{"Demographic":null,"2020":108,"% OF TOTAL":null,"2024":108,"2029":null},"Educational Attainment: High School Diploma":{"Demographic":null,"2020":324,"% OF TOTAL":null,"2024":320,"2029":null},"Educational Attainment: Some College":{"Demographic":null,"2020":292,"% OF TOTAL":null,"2024":288,"2029":null},"Educational Attainment: Associates Degree":{"Demographic":null,"2020":47,"% OF TOTAL":null,"2024":46,"2029":null},"Educational Attainment: Bachelors Degree":{"Demographic":null,"2020":171,"% OF TOTAL":null,"2024":169,"2029":null},"Educational Attainment: Advanced Degree":{"Demographic":null,"2020":76,"% OF TOTAL":null,"2024":75,"2029":null},"Employment Status: Armed Forces":{"Demographic":null,"2020":18,"% OF TOTAL":null,"2024":17,"2029":null},"Employment Status: Civilian labor force employed":{"Demographic":null,"2020":611,"% OF TOTAL":null,"2024":600,"2029":null},"Employment Status: Civilian labor force unemployed":{"Demographic":null,"2020":23,"% OF TOTAL":null,"2024":23,"2029":null},"Employment Status: Not in labor force":{"Demographic":null,"2020":511,"% OF TOTAL":null,"2024":503,"2029":null},"Employed in Agriculture and Mining Industries":{"Demographic":null,"2020":7,"% OF TOTAL":null,"2024":7,"2029":null},"Employed in Construction Industries":{"Demographic":null,"2020":64,"% OF TOTAL":null,"2024":63,"2029":null},"Employed in Manufacturing Industries":{"Demographic":null,"2020":13,"% OF TOTAL":null,"2024":13,"2029":null},"Employed in Wholesale Industries":{"Demographic":null,"2020":12,"% OF TOTAL":null,"2024":12,"2029":null},"Employed in Retail Industries":{"Demographic":null,"2020":97,"% OF TOTAL":null,"2024":95,"2029":null},"Employed in Transportation and Utilities Industries":{"Demographic":null,"2020":46,"% OF TOTAL":null,"2024":45,"2029":null},"Employed in Information Industries":{"Demographic":null,"2020":0,"% OF TOTAL":null,"2024":0,"2029":null},"Employed in Real-Estate Industries":{"Demographic":null,"2020":59,"% OF TOTAL":null,"2024":58,"2029":null},"Employed in Professional Industries":{"Demographic":null,"2020":87,"% OF TOTAL":null,"2024":85,"2029":null},"Employed in Health and Education Industries":{"Demographic":null,"2020":138,"% OF TOTAL":null,"2024":136,"2029":null},"Employed in Art Industries":{"Demographic":null,"2020":0,"% OF TOTAL":null,"2024":0,"2029":null},"Employed in Other Industries":{"Demographic":null,"2020":31,"% OF TOTAL":null,"2024":30,"2029":null},"Employed in Public Administration Industries":{"Demographic":null,"2020":57,"% OF TOTAL":null,"2024":56,"2029":null},"Occupation: Management":{"Demographic":null,"2020":58,"% OF TOTAL":null,"2024":57,"2029":null},"Occupation: Business and financial operations":{"Demographic":null,"2020":23,"% OF TOTAL":null,"2024":23,"2029":null},"Occupation: Computer and mathematical":{"Demographic":null,"2020":13,"% OF TOTAL":null,"2024":13,"2029":null},"Occupation: Architecture and engineering":{"Demographic":null,"2020":0,"% OF TOTAL":null,"2024":0,"2029":null},"Occupation: Life, physical, and social science":{"Demographic":null,"2020":0,"% OF TOTAL":null,"2024":0,"2029":null},"Occupation: Community and social service":{"Demographic":null,"2020":31,"% OF TOTAL":null,"2024":30,"2029":null},"Occupation: Legal":{"Demographic":null,"2020":7,"% OF TOTAL":null,"2024":7,"2029":null},"Occupation: Education, training, and library":{"Demographic":null,"2020":51,"% OF TOTAL":null,"2024":50,"2029":null},"Occupation: Arts, design, entertainment, sports, and media":{"Demographic":null,"2020":0,"% OF TOTAL":null,"2024":0,"2029":null},"Occupation: Health diagnosing and treating practitioners":{"Demographic":null,"2020":0,"% OF TOTAL":null,"2024":0,"2029":null},"Occupation: Health technologists and technicians":{"Demographic":null,"2020":0,"% OF TOTAL":null,"2024":0,"2029":null},"Occupation: Healthcare support":{"Demographic":null,"2020":27,"% OF TOTAL":null,"2024":26,"2029":null},"Occupation: Fire fighting and prevention":{"Demographic":null,"2020":12,"% OF TOTAL":null,"2024":12,"2029":null},"Occupation: Law enforcement workers":{"Demographic":null,"2020":7,"% OF TOTAL":null,"2024":7,"2029":null},"Occupation: Food preparation and serving related":{"Demographic":null,"2020":0,"% OF TOTAL":null,"2024":0,"2029":null},"Occupation: Building and grounds cleaning and maintenance":{"Demographic":null,"2020":24,"% OF TOTAL":null,"2024":24,"2029":null},"Occupation: Personal care and service":{"Demographic":null,"2020":36,"% OF TOTAL":null,"2024":35,"2029":null},"Occupation: Sales and related":{"Demographic":null,"2020":73,"% OF TOTAL":null,"2024":72,"2029":null},"Occupation: Office and administrative support":{"Demographic":null,"2020":114,"% OF TOTAL":null,"2024":112,"2029":null},"Occupation: Farming, fishing, and forestry":{"Demographic":null,"2020":0,"% OF TOTAL":null,"2024":0,"2029":null},"Occupation: Construction and extraction":{"Demographic":null,"2020":37,"% OF TOTAL":null,"2024":36,"2029":null},"Occupation: Installation, maintenance, and repair":{"Demographic":null,"2020":52,"% OF TOTAL":null,"2024":51,"2029":null},"Occupation: Production":{"Demographic":null,"2020":37,"% OF TOTAL":null,"2024":36,"2029":null},"Occupation: Transportation":{"Demographic":null,"2020":9,"% OF TOTAL":null,"2024":9,"2029":null},"Occupation: Material moving":{"Demographic":null,"2020":0,"% OF TOTAL":null,"2024":0,"2029":null},"White collar":{"Demographic":null,"2020":370,"% OF TOTAL":null,"2024":364,"2029":null},"Blue collar":{"Demographic":null,"2020":241,"% OF TOTAL":null,"2024":236,"2029":null},"Means of transportation: Car, truck or van":{"Demographic":null,"2020":571,"% OF TOTAL":null,"2024":561,"2029":null},"Means of transportation: Public transportation":{"Demographic":null,"2020":0,"% OF TOTAL":null,"2024":0,"2029":null},"Means of transportation: Other":{"Demographic":null,"2020":14,"% OF TOTAL":null,"2024":14,"2029":null},"Travel time: Average (in minutes)":{"Demographic":null,"2020":26,"% OF TOTAL":null,"2024":26,"2029":null},"Travel time to work: Less than 30 minutes":{"Demographic":null,"2020":391,"% OF TOTAL":null,"2024":384,"2029":null},"Travel time to work: 30 to 60 minutes":{"Demographic":null,"2020":155,"% OF TOTAL":null,"2024":153,"2029":null},"Travel time to work: 60 or more minutes":{"Demographic":null,"2020":39,"% OF TOTAL":null,"2024":38,"2029":null}},"demographic_snapshot":{"Total Population":{"Demographic":null,"2020":1436,"% OF TOTAL":null,"2024":1409,"2029":1404},"Households":{"Demographic":null,"2020":506,"% OF TOTAL":null,"2024":495,"2029":491},"Population in Group Quarters":{"Demographic":null,"2020":119,"% OF TOTAL":null,"2024":108,"2029":107},"Households Growth":{"Demographic":null,"2020":null,"% OF TOTAL":null,"2024":-2.2,"2029":-0.8},"Household Income: Median":{"Demographic":null,"2020":0,"% OF TOTAL":null,"2024":65500,"2029":78885},"Home Value: Median":{"Demographic":null,"2020":155469,"% OF TOTAL":null,"2024":155645,"2029":null},"Population Growth":{"Demographic":null,"2020":null,"% OF TOTAL":null,"2024":-1.9,"2029":-0.4},"Total Population: Under 19 years":{"Demographic":null,"2020":343,"% OF TOTAL":21.8,"2024":326,"2029":306},"Total Population: 20 - 64 years":{"Demographic":null,"2020":719,"% OF TOTAL":48.6,"2024":696,"2029":682},"Total Population: 65 years and over":{"Demographic":null,"2020":374,"% OF TOTAL":29.6,"2024":387,"2029":416},"Total population: Median age":{"Demographic":null,"2020":45,"% OF TOTAL":null,"2024":46,"2029":47},"Total population: Under 5 years":{"Demographic":null,"2020":78,"% OF TOTAL":5.0,"2024":72,"2029":70},"Total population: 5 - 9 years":{"Demographic":null,"2020":97,"% OF TOTAL":5.9,"2024":91,"2029":83},"Total population: 10 - 14 years":{"Demographic":null,"2020":82,"% OF TOTAL":5.6,"2024":78,"2029":78},"Total population: 15 - 19 years":{"Demographic":null,"2020":86,"% OF TOTAL":5.3,"2024":85,"2029":75},"Total population: 20 - 24 years":{"Demographic":null,"2020":75,"% OF TOTAL":5.3,"2024":77,"2029":75},"Total population: 25 - 29 years":{"Demographic":null,"2020":69,"% OF TOTAL":5.2,"2024":64,"2029":73},"Total population: 30 - 34 years":{"Demographic":null,"2020":79,"% OF TOTAL":4.8,"2024":72,"2029":68},"Total population: 35 - 39 years":{"Demographic":null,"2020":68,"% OF TOTAL":5.0,"2024":64,"2029":70},"Total population: 40 - 44 years":{"Demographic":null,"2020":80,"% OF TOTAL":5.9,"2024":84,"2029":83},"Total population: 45 - 49 years":{"Demographic":null,"2020":58,"% OF TOTAL":4.7,"2024":59,"2029":66},"Total population: 50 - 54 years":{"Demographic":null,"2020":78,"% OF TOTAL":4.7,"2024":72,"2029":66},"Total population: 55 - 59 years":{"Demographic":null,"2020":100,"% OF TOTAL":5.8,"2024":89,"2029":82},"Total population: 60 - 64 years":{"Demographic":null,"2020":112,"% OF TOTAL":7.1,"2024":115,"2029":99},"Total population: 65 - 69 years":{"Demographic":null,"2020":107,"% OF TOTAL":7.9,"2024":110,"2029":111},"Total population: 70 - 74 years":{"Demographic":null,"2020":100,"% OF TOTAL":7.1,"2024":97,"2029":100},"Total population: 75 - 79 years":{"Demographic":null,"2020":61,"% OF TOTAL":5.8,"2024":67,"2029":81},"Total population: 80 - 84 years":{"Demographic":null,"2020":49,"% OF TOTAL":4.3,"2024":52,"2029":60},"Total population: 85 years and over":{"Demographic":null,"2020":57,"% OF TOTAL":4.6,"2024":61,"2029":64},"Householders Age 15-24":{"Demographic":null,"2020":11,"% OF TOTAL":2.0,"2024":11,"2029":10},"Householders Age 25-34":{"Demographic":null,"2020":56,"% OF TOTAL":11.2,"2024":54,"2029":55},"Householders Age 35-44":{"Demographic":null,"2020":62,"% OF TOTAL":12.8,"2024":61,"2029":63},"Householders Age 45-54":{"Demographic":null,"2020":101,"% OF TOTAL":20.4,"2024":99,"2029":100},"Householders Age 55-64":{"Demographic":null,"2020":116,"% OF TOTAL":20.2,"2024":113,"2029":99},"Householders Age 65-74":{"Demographic":null,"2020":91,"% OF TOTAL":18.3,"2024":89,"2029":90},"Householders Age 75+":{"Demographic":null,"2020":69,"% OF TOTAL":15.1,"2024":68,"2029":74},"Household income: Average":{"Demographic":null,"2020":78048,"% OF TOTAL":null,"2024":80611,"2029":94593},"Household income: Less than 25k":{"Demographic":null,"2020":92,"% OF TOTAL":13.0,"2024":77,"2029":64},"Household income: 25k - 50k":{"Demographic":null,"2020":99,"% OF TOTAL":13.4,"2024":85,"2029":66},"Household income: 50k - 75k":{"Demographic":null,"2020":87,"% OF TOTAL":21.2,"2024":114,"2029":104},"Household income: 75k - 100k":{"Demographic":null,"2020":78,"% OF TOTAL":15.1,"2024":71,"2029":74},"Household income: 100k - 125k":{"Demographic":null,"2020":87,"% OF TOTAL":17.5,"2024":71,"2029":86},"Household income: 125k - 150k":{"Demographic":null,"2020":39,"% OF TOTAL":9.6,"2024":51,"2029":47},"Household income: 150k - 200k":{"Demographic":null,"2020":7,"% OF TOTAL":4.3,"2024":9,"2029":21},"Household income: Above 200k":{"Demographic":null,"2020":17,"% OF TOTAL":5.9,"2024":17,"2029":29},"White Alone":{"Demographic":null,"2020":938,"% OF TOTAL":64.0,"2024":912,"2029":898},"Black or African American Alone":{"Demographic":null,"2020":287,"% OF TOTAL":21.2,"2024":288,"2029":298},"American Indian and Alaska Native Alone":{"Demographic":null,"2020":7,"% OF TOTAL":0.6,"2024":8,"2029":8},"Asian Alone":{"Demographic":null,"2020":23,"% OF TOTAL":1.6,"2024":23,"2029":23},"Native Hawaiian and OPI Alone":{"Demographic":null,"2020":0,"% OF TOTAL":0.0,"2024":0,"2029":0},"Some Other Race Alone":{"Demographic":null,"2020":61,"% OF TOTAL":4.1,"2024":58,"2029":57},"Two or More Races Alone":{"Demographic":null,"2020":120,"% OF TOTAL":8.5,"2024":120,"2029":120},"Not Hispanic or Latino":{"Demographic":null,"2020":1318,"% OF TOTAL":91.3,"2024":1287,"2029":1282},"Hispanic or Latino":{"Demographic":null,"2020":118,"% OF TOTAL":8.7,"2024":122,"2029":122},"Total Housing Units":{"Demographic":null,"2020":588,"% OF TOTAL":null,"2024":null,"2029":null},"Owner Occupied Housing Units":{"Demographic":null,"2020":346,"% OF TOTAL":null,"2024":338,"2029":null},"Renter Occupied Housing Units":{"Demographic":null,"2020":160,"% OF TOTAL":null,"2024":157,"2029":null},"Housing Units Value Less Than 100k":{"Demographic":null,"2020":108,"% OF TOTAL":null,"2024":105,"2029":null},"Housing Units Value 100k - 200k":{"Demographic":null,"2020":121,"% OF TOTAL":null,"2024":118,"2029":null},"Housing Units Value 200k - 250k":{"Demographic":null,"2020":21,"% OF TOTAL":null,"2024":21,"2029":null},"Housing Units Value 250k - 300k":{"Demographic":null,"2020":6,"% OF TOTAL":null,"2024":6,"2029":null},"Housing Units Value 300k - 400k":{"Demographic":null,"2020":33,"% OF TOTAL":null,"2024":32,"2029":null},"Housing Units Value 400k - 500k":{"Demographic":null,"2020":32,"% OF TOTAL":null,"2024":31,"2029":null},"Housing Units Value 500k - 750k":{"Demographic":null,"2020":5,"% OF TOTAL":null,"2024":5,"2029":null},"Housing Units Value 750k - 1m":{"Demographic":null,"2020":4,"% OF TOTAL":null,"2024":4,"2029":null},"Housing Units Value 1m - 1.5m":{"Demographic":null,"2020":0,"% OF TOTAL":null,"2024":0,"2029":null},"Housing Units Value 1.5m - 2m":{"Demographic":null,"2020":0,"% OF TOTAL":null,"2024":0,"2029":null},"Housing Units Value >2m":{"Demographic":null,"2020":16,"% OF TOTAL":null,"2024":16,"2029":null},"Take Car or Truck to Work":{"Demographic":null,"2020":571,"% OF TOTAL":null,"2024":561,"2029":null},"Take Public Transportation to Work":{"Demographic":null,"2020":0,"% OF TOTAL":null,"2024":0,"2029":null},"Take Other Means of Transportation to Work":{"Demographic":null,"2020":14,"% OF TOTAL":null,"2024":14,"2029":null},"Average Travel Time (min)":{"Demographic":null,"2020":27,"% OF TOTAL":null,"2024":27,"2029":null},"Travel Below 30 Min to Work":{"Demographic":null,"2020":391,"% OF TOTAL":null,"2024":384,"2029":null},"Travel 30-60 Min to Work":{"Demographic":null,"2020":155,"% OF TOTAL":null,"2024":153,"2029":null},"Travel Above 60 Min to Work":{"Demographic":null,"2020":65,"% OF TOTAL":null,"2024":38,"2029":null},"Educational Attainment: No High School Diploma":{"Demographic":null,"2020":432,"% OF TOTAL":null,"2024":428,"2029":null},"Educational Attainment: High School Diploma":{"Demographic":null,"2020":324,"% OF TOTAL":null,"2024":320,"2029":null},"Educational Attainment: Some College":{"Demographic":null,"2020":510,"% OF TOTAL":null,"2024":503,"2029":null},"Educational Attainment: Associate's Degree":{"Demographic":null,"2020":47,"% OF TOTAL":null,"2024":46,"2029":null},"Educational Attainment: Bachelors Degree":{"Demographic":null,"2020":171,"% OF TOTAL":null,"2024":169,"2029":null},"Educational Attainment: Advanced Degree":{"Demographic":null,"2020":76,"% OF TOTAL":null,"2024":75,"2029":null},"Households: Number of vehicles available - Average":{"Demographic":null,"2020":1,"% OF TOTAL":null,"2024":1,"2029":null},"Households: No Vehicle available":{"Demographic":null,"2020":72,"% OF TOTAL":null,"2024":71,"2029":null},"Households: 1 Vehicle available":{"Demographic":null,"2020":137,"% OF TOTAL":null,"2024":134,"2029":null},"Households: 2 Vehicles available":{"Demographic":null,"2020":142,"% OF TOTAL":null,"2024":139,"2029":null},"Households: 3 Vehicles available":{"Demographic":null,"2020":96,"% OF TOTAL":null,"2024":94,"2029":null},"Households: 4 or more Vehicles available":{"Demographic":null,"2020":59,"% OF TOTAL":null,"2024":57,"2029":null}},"household_trends":{"Households":{"Demographic":null,"2020":506,"% OF TOTAL":null,"2024":495,"2029":491},"Households Growth":{"Demographic":null,"2020":null,"% OF TOTAL":null,"2024":-2.2,"2029":-0.8},"Householder Age 15-24":{"Demographic":null,"2020":11,"% OF TOTAL":2.0,"2024":11,"2029":10},"Householder Age 25-34":{"Demographic":null,"2020":56,"% OF TOTAL":11.2,"2024":54,"2029":55},"Householder Age 35-44":{"Demographic":null,"2020":62,"% OF TOTAL":12.8,"2024":61,"2029":63},"Householder Age 45-54":{"Demographic":null,"2020":101,"% OF TOTAL":20.4,"2024":99,"2029":100},"Householder Age 55-64":{"Demographic":null,"2020":116,"% OF TOTAL":20.2,"2024":113,"2029":99},"Householder Age 65-74":{"Demographic":null,"2020":91,"% OF TOTAL":18.3,"2024":89,"2029":90},"Householder Age 75+":{"Demographic":null,"2020":69,"% OF TOTAL":15.1,"2024":68,"2029":74},"Average Household Size":{"Demographic":null,"2020":2.6,"% OF TOTAL":null,"2024":2.6,"2029":2.6},"1 Person Households":{"Demographic":null,"2020":163,"% OF TOTAL":30.1,"2024":149,"2029":148},"2 Person Households":{"Demographic":null,"2020":155,"% OF TOTAL":28.1,"2024":139,"2029":138},"3 Person Households":{"Demographic":null,"2020":78,"% OF TOTAL":14.1,"2024":70,"2029":69},"4 Person Households":{"Demographic":null,"2020":51,"% OF TOTAL":13.2,"2024":66,"2029":65},"5 Person Households":{"Demographic":null,"2020":28,"% OF TOTAL":6.9,"2024":34,"2029":34},"6 Person Households":{"Demographic":null,"2020":18,"% OF TOTAL":4.3,"2024":21,"2029":21},"7+ Person Households":{"Demographic":null,"2020":13,"% OF TOTAL":3.3,"2024":16,"2029":16},"Household Type: Family":{"Demographic":null,"2020":313,"% OF TOTAL":null,"2024":306,"2029":null},"Household Type: Married Family":{"Demographic":null,"2020":200,"% OF TOTAL":null,"2024":196,"2029":null},"Household Type: Married Family With Children":{"Demographic":null,"2020":53,"% OF TOTAL":null,"2024":52,"2029":null},"Household Type: Married Family Without Children":{"Demographic":null,"2020":147,"% OF TOTAL":null,"2024":144,"2029":null},"Household Type: Other Family":{"Demographic":null,"2020":113,"% OF TOTAL":null,"2024":110,"2029":null},"Household Type: Male Households, No Wife":{"Demographic":null,"2020":26,"% OF TOTAL":null,"2024":25,"2029":null},"Household Type: Male Households, No Wife With Children":{"Demographic":null,"2020":8,"% OF TOTAL":null,"2024":8,"2029":null},"Household Type: Male Households, No Wife Without Children":{"Demographic":null,"2020":18,"% OF TOTAL":null,"2024":17,"2029":null},"Household Type: Female Households, No Husband":{"Demographic":null,"2020":87,"% OF TOTAL":null,"2024":85,"2029":null},"Household Type: Female Households, No Husband With Children":{"Demographic":null,"2020":39,"% OF TOTAL":null,"2024":38,"2029":null},"Household Type: Female Households, No Husband Without Children":{"Demographic":null,"2020":48,"% OF TOTAL":null,"2024":47,"2029":null},"Household Income: Average":{"Demographic":null,"2020":78048,"% OF TOTAL":null,"2024":80611,"2029":94593},"Household Income: Median":{"Demographic":null,"2020":0,"% OF TOTAL":null,"2024":65500,"2029":78885},"Household Income: Less than $25k":{"Demographic":null,"2020":92,"% OF TOTAL":13.0,"2024":77,"2029":64},"Household Income: $25k - $50k":{"Demographic":null,"2020":99,"% OF TOTAL":13.4,"2024":85,"2029":66},"Household Income: $50k - $75k":{"Demographic":null,"2020":87,"% OF TOTAL":21.2,"2024":114,"2029":104},"Household Income: $75k - $100k":{"Demographic":null,"2020":78,"% OF TOTAL":15.1,"2024":71,"2029":74},"Household Income: $100k - $125k":{"Demographic":null,"2020":87,"% OF TOTAL":17.5,"2024":71,"2029":86},"Household Income: $125k - $150k":{"Demographic":null,"2020":39,"% OF TOTAL":9.6,"2024":51,"2029":47},"Household Income: $150k - $200k":{"Demographic":null,"2020":7,"% OF TOTAL":4.3,"2024":9,"2029":21},"Household Income: Above $200k":{"Demographic":null,"2020":17,"% OF TOTAL":5.9,"2024":17,"2029":29},"Total Housing Units":{"Demographic":null,"2020":588,"% OF TOTAL":null,"2024":null,"2029":null},"Owner Occupied Housing Units":{"Demographic":null,"2020":346,"% OF TOTAL":null,"2024":338,"2029":null},"Renter Occupied Housing Units":{"Demographic":null,"2020":160,"% OF TOTAL":null,"2024":157,"2029":null},"Vacant Housing Units":{"Demographic":null,"2020":82,"% OF TOTAL":null,"2024":null,"2029":null},"Vacant Housing Units: Seasonal":{"Demographic":null,"2020":17,"% OF TOTAL":null,"2024":null,"2029":null},"Vacant Housing Units: Other Usage":{"Demographic":null,"2020":65,"% OF TOTAL":null,"2024":null,"2029":null},"Average Housing Unit Value":{"Demographic":null,"2020":315824,"% OF TOTAL":null,"2024":319179,"2029":null},"Median Housing Unit Value":{"Demographic":null,"2020":155469,"% OF TOTAL":null,"2024":155645,"2029":null},"Housing Unit Value Less Than $100k":{"Demographic":null,"2020":108,"% OF TOTAL":null,"2024":105,"2029":null},"Housing Unit Value $100k-$200k":{"Demographic":null,"2020":121,"% OF TOTAL":null,"2024":118,"2029":null},"Housing Unit Value $200k-$250k":{"Demographic":null,"2020":21,"% OF TOTAL":null,"2024":21,"2029":null},"Housing Unit Value $250k-$300k":{"Demographic":null,"2020":6,"% OF TOTAL":null,"2024":6,"2029":null},"Housing Unit Value $300k-$400k":{"Demographic":null,"2020":33,"% OF TOTAL":null,"2024":32,"2029":null},"Housing Unit Value $400k-$500k":{"Demographic":null,"2020":32,"% OF TOTAL":null,"2024":31,"2029":null},"Housing Unit Value $500k-$750k":{"Demographic":null,"2020":5,"% OF TOTAL":null,"2024":5,"2029":null},"Housing Unit Value $750k-$1m":{"Demographic":null,"2020":4,"% OF TOTAL":null,"2024":4,"2029":null},"Housing Unit Value $1m-$1.5m":{"Demographic":null,"2020":0,"% OF TOTAL":null,"2024":0,"2029":null},"Housing Unit Value $1.5m-$2m":{"Demographic":null,"2020":0,"% OF TOTAL":null,"2024":0,"2029":null},"Housing Unit Value Above $2m":{"Demographic":null,"2020":16,"% OF TOTAL":null,"2024":16,"2029":null},"Median Housing Unit Year Built":{"Demographic":null,"2020":1979,"% OF TOTAL":null,"2024":1979,"2029":null},"Housing Units Built 2014 Or After":{"Demographic":null,"2020":0,"% OF TOTAL":null,"2024":0,"2029":null},"Housing Units Built 2010-2013":{"Demographic":null,"2020":28,"% OF TOTAL":null,"2024":27,"2029":null},"Housing Units Built 2000-2009":{"Demographic":null,"2020":39,"% OF TOTAL":null,"2024":39,"2029":null},"Housing Units Built 1990-1999":{"Demographic":null,"2020":78,"% OF TOTAL":null,"2024":77,"2029":null},"Housing Units Built 1980-1989":{"Demographic":null,"2020":94,"% OF TOTAL":null,"2024":91,"2029":null},"Housing Units Built 1970-1979":{"Demographic":null,"2020":98,"% OF TOTAL":null,"2024":95,"2029":null},"Housing Units Built 1960-1969":{"Demographic":null,"2020":87,"% OF TOTAL":null,"2024":85,"2029":null},"Housing Units Built 1950-1959":{"Demographic":null,"2020":53,"% OF TOTAL":null,"2024":52,"2029":null},"Housing Units Built 1940-1949":{"Demographic":null,"2020":6,"% OF TOTAL":null,"2024":6,"2029":null},"Housing Units Built Before 1940":{"Demographic":null,"2020":23,"% OF TOTAL":null,"2024":23,"2029":null}}},"geometry":{"type":"Polygon","coordinates":[[[-86.08101560276558,30.691092068614527],[-86.11004532819038,30.691092068614527],[-86.11004532819038,30.720005501795583],[-86.08398570088514,30.720005501795583],[-86.08101560276558,30.691092068614527]]]}},{"type":"Feature","properties":{"block":"033","block_num":33,"submarket":"Defuniak Springs","CentroidLon":-86.18630852152141,"CentroidLat":30.683554635348067,"data_status":"no data","is_anomalous":false,"anomaly_reason":null,"files_present":""},"geometry":{"type":"Polygon","coordinates":[[[-86.20430880621578,30.691092068614527],[-86.1773083791742,30.691092068614527],[-86.1773083791742,30.668479768815136],[-86.20430880621578,30.691092068614527]]]}},{"type":"Feature","properties":{"block":"034","block_num":34,"submarket":"Defuniak Springs","CentroidLon":-86.16013511512756,"CentroidLat":30.676944093492065,"data_status":"no data","is_anomalous":false,"anomaly_reason":null,"files_present":""},"geometry":{"type":"Polygon","coordinates":[[[-86.1773083791742,30.668479768815136],[-86.1773083791742,30.691092068614527],[-86.1436768536823,30.691092068614527],[-86.1436768536823,30.66217863543347],[-86.16978445221143,30.66217863543347],[-86.1773083791742,30.668479768815136]]]}},{"type":"Feature","properties":{"block":"035","block_num":35,"submarket":"Defuniak Springs","CentroidLon":-86.12686109093633,"CentroidLat":30.676635352024,"data_status":"no data","is_anomalous":false,"anomaly_reason":null,"files_present":""},"geometry":{"type":"Polygon","coordinates":[[[-86.1436768536823,30.66217863543347],[-86.1436768536823,30.691092068614527],[-86.11004532819038,30.691092068614527],[-86.11004532819038,30.66217863543347],[-86.1436768536823,30.66217863543347]]]}},{"type":"Feature","properties":{"block":"036","block_num":36,"submarket":"Defuniak Springs","CentroidLon":-86.09477589557692,"CentroidLat":30.67640083247576,"data_status":"no data","is_anomalous":false,"anomaly_reason":null,"files_present":""},"geometry":{"type":"Polygon","coordinates":[[[-86.07804550464603,30.66217863543347],[-86.11004532819038,30.66217863543347],[-86.11004532819038,30.691092068614527],[-86.08101560276558,30.691092068614527],[-86.07804550464603,30.66217863543347]]]}},{"type":"Feature","properties":{"block":"037","block_num":37,"submarket":"Defuniak Springs","CentroidLon":-86.15237938652534,"CentroidLat":30.65489044397791,"data_status":"usable","is_anomalous":false,"anomaly_reason":null,"files_present":"ConsumerSegmentation-26.08.10.csv;DemographicSnapshot-26.08.10.csv;HouseholdIncomeByAge-26.08.10.csv;HouseholdTrends-26.08.10.csv;PopulationTrends-26.08.10.csv","population_2024":870,"population_2029":867,"households_2024":347,"households_2029":344,"median_household_income_2024":70053,"median_household_income_2029":100992,"mean_household_income_2024":null,"mean_household_income_2029":null,"median_age_2024":42,"median_age_2029":42,"median_home_value_2024":97188,"average_household_size_2024":2.5,"average_household_size_2029":2.5,"population_growth_2024_2029":-1.8,"households_growth_2024_2029":-2.8,"consumer_segments":{"Simple Life Moderate Income No Children":{"households":37,"pct":18.6},"Renters":{"households":36,"pct":18.1},"Simple Life Moderate Income With Children":{"households":33,"pct":16.6},"Active Adult Elite":{"households":23,"pct":11.6},"Renters Near Term Buyers":{"households":19,"pct":9.5},"Active Adult Entry Level":{"households":17,"pct":8.5},"Simple Life Affluent No Children":{"households":14,"pct":7.0},"Family Life Young Children":{"households":7,"pct":3.5},"Active Adult Feature and Location":{"households":7,"pct":3.5},"Elite":{"households":6,"pct":3.0},"Family Life School Age Children":{"households":0,"pct":0.0},"Feature and Location":{"households":0,"pct":0.0},"Entry Level Urban":{"households":0,"pct":0.0},"Entry Level Suburban":{"households":0,"pct":0.0}},"income_age":{"2020":{},"2024":{},"2029":{}},"population_trends":{"Total Population":{"Demographic":null,"2020":886,"% OF TOTAL":null,"2024":870,"2029":867},"Population Growth":{"Demographic":null,"2020":null,"% OF TOTAL":null,"2024":-1.8,"2029":-0.3},"Female Population":{"Demographic":null,"2020":424,"% OF TOTAL":48.0,"2024":417,"2029":416},"Male Population":{"Demographic":null,"2020":462,"% OF TOTAL":52.0,"2024":453,"2029":451},"Total population: Median Age":{"Demographic":null,"2020":42,"% OF TOTAL":null,"2024":42,"2029":42},"Total population: Under 5 years":{"Demographic":null,"2020":45,"% OF TOTAL":5.0,"2024":43,"2029":43},"Total population: 5 - 9 years":{"Demographic":null,"2020":54,"% OF TOTAL":5.5,"2024":54,"2029":48},"Total population: 10 - 14 years":{"Demographic":null,"2020":51,"% OF TOTAL":5.5,"2024":48,"2029":48},"Total population: 15 - 19 years":{"Demographic":null,"2020":58,"% OF TOTAL":5.9,"2024":61,"2029":51},"Total population: 20 - 24 years":{"Demographic":null,"2020":53,"% OF TOTAL":6.2,"2024":55,"2029":54},"Total population: 25 - 29 years":{"Demographic":null,"2020":45,"% OF TOTAL":5.9,"2024":44,"2029":51},"Total population: 30 - 34 years":{"Demographic":null,"2020":52,"% OF TOTAL":5.7,"2024":49,"2029":49},"Total population: 35 - 39 years":{"Demographic":null,"2020":56,"% OF TOTAL":6.5,"2024":55,"2029":56},"Total population: 40 - 44 years":{"Demographic":null,"2020":62,"% OF TOTAL":7.3,"2024":65,"2029":63},"Total population: 45 - 49 years":{"Demographic":null,"2020":42,"% OF TOTAL":5.4,"2024":40,"2029":47},"Total population: 50 - 54 years":{"Demographic":null,"2020":45,"% OF TOTAL":4.7,"2024":44,"2029":41},"Total population: 55 - 59 years":{"Demographic":null,"2020":64,"% OF TOTAL":6.0,"2024":55,"2029":52},"Total population: 60 - 64 years":{"Demographic":null,"2020":70,"% OF TOTAL":6.9,"2024":68,"2029":60},"Total population: 65 - 69 years":{"Demographic":null,"2020":66,"% OF TOTAL":7.5,"2024":67,"2029":65},"Total population: 70 - 74 years":{"Demographic":null,"2020":61,"% OF TOTAL":7.0,"2024":58,"2029":61},"Total population: 75 - 79 years":{"Demographic":null,"2020":29,"% OF TOTAL":4.5,"2024":31,"2029":39},"Total population: 80 - 84 years":{"Demographic":null,"2020":17,"% OF TOTAL":2.5,"2024":18,"2029":22},"Total population: 85 years and over":{"Demographic":null,"2020":16,"% OF TOTAL":2.0,"2024":15,"2029":17},"Female population: Median Age":{"Demographic":null,"2020":45,"% OF TOTAL":null,"2024":45,"2029":45},"Female population: Under 5 years":{"Demographic":null,"2020":17,"% OF TOTAL":4.1,"2024":16,"2029":17},"Female population: 5 - 9 years":{"Demographic":null,"2020":31,"% OF TOTAL":6.0,"2024":31,"2029":25},"Female population: 10 - 14 years":{"Demographic":null,"2020":14,"% OF TOTAL":4.1,"2024":13,"2029":17},"Female population: 15 - 19 years":{"Demographic":null,"2020":21,"% OF TOTAL":4.1,"2024":21,"2029":17},"Female population: 20 - 24 years":{"Demographic":null,"2020":25,"% OF TOTAL":5.8,"2024":27,"2029":24},"Female population: 25 - 29 years":{"Demographic":null,"2020":16,"% OF TOTAL":4.6,"2024":15,"2029":19},"Female population: 30 - 34 years":{"Demographic":null,"2020":27,"% OF TOTAL":5.5,"2024":25,"2029":23},"Female population: 35 - 39 years":{"Demographic":null,"2020":33,"% OF TOTAL":7.9,"2024":33,"2029":33},"Female population: 40 - 44 years":{"Demographic":null,"2020":24,"% OF TOTAL":7.2,"2024":27,"2029":30},"Female population: 45 - 49 years":{"Demographic":null,"2020":24,"% OF TOTAL":6.0,"2024":24,"2029":25},"Female population: 50 - 54 years":{"Demographic":null,"2020":29,"% OF TOTAL":6.3,"2024":28,"2029":26},"Female population: 55 - 59 years":{"Demographic":null,"2020":30,"% OF TOTAL":6.5,"2024":25,"2029":27},"Female population: 60 - 64 years":{"Demographic":null,"2020":30,"% OF TOTAL":6.0,"2024":29,"2029":25},"Female population: 65 - 69 years":{"Demographic":null,"2020":40,"% OF TOTAL":8.4,"2024":40,"2029":35},"Female population: 70 - 74 years":{"Demographic":null,"2020":34,"% OF TOTAL":8.4,"2024":33,"2029":35},"Female population: 75 - 79 years":{"Demographic":null,"2020":15,"% OF TOTAL":5.0,"2024":16,"2029":21},"Female population: 80 - 84 years":{"Demographic":null,"2020":6,"% OF TOTAL":2.2,"2024":6,"2029":9},"Female population: 85 years and over":{"Demographic":null,"2020":8,"% OF TOTAL":1.9,"2024":8,"2029":8},"Male population: Median Age":{"Demographic":null,"2020":40,"% OF TOTAL":null,"2024":39,"2029":40},"Male population: Under 5 years":{"Demographic":null,"2020":28,"% OF TOTAL":5.8,"2024":27,"2029":26},"Male population: 5 - 9 years":{"Demographic":null,"2020":23,"% OF TOTAL":5.1,"2024":23,"2029":23},"Male population: 10 - 14 years":{"Demographic":null,"2020":37,"% OF TOTAL":6.9,"2024":35,"2029":31},"Male population: 15 - 19 years":{"Demographic":null,"2020":37,"% OF TOTAL":7.5,"2024":40,"2029":34},"Male population: 20 - 24 years":{"Demographic":null,"2020":28,"% OF TOTAL":6.7,"2024":28,"2029":30},"Male population: 25 - 29 years":{"Demographic":null,"2020":29,"% OF TOTAL":7.1,"2024":29,"2029":32},"Male population: 30 - 34 years":{"Demographic":null,"2020":25,"% OF TOTAL":5.8,"2024":24,"2029":26},"Male population: 35 - 39 years":{"Demographic":null,"2020":23,"% OF TOTAL":5.1,"2024":22,"2029":23},"Male population: 40 - 44 years":{"Demographic":null,"2020":38,"% OF TOTAL":7.3,"2024":38,"2029":33},"Male population: 45 - 49 years":{"Demographic":null,"2020":18,"% OF TOTAL":4.9,"2024":16,"2029":22},"Male population: 50 - 54 years":{"Demographic":null,"2020":16,"% OF TOTAL":3.3,"2024":16,"2029":15},"Male population: 55 - 59 years":{"Demographic":null,"2020":34,"% OF TOTAL":5.5,"2024":30,"2029":25},"Male population: 60 - 64 years":{"Demographic":null,"2020":40,"% OF TOTAL":7.8,"2024":39,"2029":35},"Male population: 65 - 69 years":{"Demographic":null,"2020":26,"% OF TOTAL":6.7,"2024":27,"2029":30},"Male population: 70 - 74 years":{"Demographic":null,"2020":27,"% OF TOTAL":5.8,"2024":25,"2029":26},"Male population: 75 - 79 years":{"Demographic":null,"2020":14,"% OF TOTAL":4.0,"2024":15,"2029":18},"Male population: 80 - 84 years":{"Demographic":null,"2020":11,"% OF TOTAL":2.9,"2024":12,"2029":13},"Male population: 85 years and over":{"Demographic":null,"2020":8,"% OF TOTAL":2.0,"2024":7,"2029":9},"White alone":{"Demographic":null,"2020":686,"% OF TOTAL":76.8,"2024":670,"2029":666},"Black alone":{"Demographic":null,"2020":22,"% OF TOTAL":2.7,"2024":22,"2029":23},"American Indian and Alaska Native alone":{"Demographic":null,"2020":8,"% OF TOTAL":0.8,"2024":7,"2029":7},"Asian alone":{"Demographic":null,"2020":4,"% OF TOTAL":0.5,"2024":4,"2029":4},"Native Hawaiian and OPI alone":{"Demographic":null,"2020":0,"% OF TOTAL":0.0,"2024":0,"2029":0},"Some other race alone":{"Demographic":null,"2020":95,"% OF TOTAL":11.0,"2024":95,"2029":95},"Two or more races alone":{"Demographic":null,"2020":71,"% OF TOTAL":8.3,"2024":72,"2029":72},"Not Hispanic: White alone":{"Demographic":null,"2020":673,"% OF TOTAL":75.0,"2024":654,"2029":650},"Not Hispanic: Black or African American alone":{"Demographic":null,"2020":22,"% OF TOTAL":2.7,"2024":22,"2029":23},"Not Hispanic: American Indian and Alaska Native alone":{"Demographic":null,"2020":8,"% OF TOTAL":0.8,"2024":7,"2029":7},"Not Hispanic: Asian alone":{"Demographic":null,"2020":4,"% OF TOTAL":0.5,"2024":4,"2029":4},"Not Hispanic: Native Hawaiian and OPI alone":{"Demographic":null,"2020":0,"% OF TOTAL":0.0,"2024":0,"2029":0},"Not Hispanic: Some Other Race alone":{"Demographic":null,"2020":1,"% OF TOTAL":0.1,"2024":1,"2029":1},"Not Hispanic: Two or More Races":{"Demographic":null,"2020":49,"% OF TOTAL":5.7,"2024":49,"2029":49},"Hispanic: White alone":{"Demographic":null,"2020":13,"% OF TOTAL":1.8,"2024":16,"2029":16},"Hispanic: Black or African American alone":{"Demographic":null,"2020":0,"% OF TOTAL":0.0,"2024":0,"2029":0},"Hispanic: American Indian and Alaska Native alone":{"Demographic":null,"2020":0,"% OF TOTAL":0.0,"2024":0,"2029":0},"Hispanic: Asian alone":{"Demographic":null,"2020":0,"% OF TOTAL":0.0,"2024":0,"2029":0},"Hispanic: Native Hawaiian and OPI alone":{"Demographic":null,"2020":0,"% OF TOTAL":0.0,"2024":0,"2029":0},"Hispanic: Some Other Race alone":{"Demographic":null,"2020":94,"% OF TOTAL":10.8,"2024":94,"2029":94},"Hispanic: Two or More Races":{"Demographic":null,"2020":22,"% OF TOTAL":2.7,"2024":23,"2029":23},"Educational Attainment: No High School Diploma":{"Demographic":null,"2020":64,"% OF TOTAL":null,"2024":63,"2029":null},"Educational Attainment: High School Diploma":{"Demographic":null,"2020":172,"% OF TOTAL":null,"2024":168,"2029":null},"Educational Attainment: Some College":{"Demographic":null,"2020":207,"% OF TOTAL":null,"2024":201,"2029":null},"Educational Attainment: Associates Degree":{"Demographic":null,"2020":35,"% OF TOTAL":null,"2024":34,"2029":null},"Educational Attainment: Bachelors Degree":{"Demographic":null,"2020":121,"% OF TOTAL":null,"2024":118,"2029":null},"Educational Attainment: Advanced Degree":{"Demographic":null,"2020":26,"% OF TOTAL":null,"2024":25,"2029":null},"Employment Status: Armed Forces":{"Demographic":null,"2020":0,"% OF TOTAL":null,"2024":0,"2029":null},"Employment Status: Civilian labor force employed":{"Demographic":null,"2020":356,"% OF TOTAL":null,"2024":349,"2029":null},"Employment Status: Civilian labor force unemployed":{"Demographic":null,"2020":69,"% OF TOTAL":null,"2024":67,"2029":null},"Employment Status: Not in labor force":{"Demographic":null,"2020":303,"% OF TOTAL":null,"2024":297,"2029":null},"Employed in Agriculture and Mining Industries":{"Demographic":null,"2020":0,"% OF TOTAL":null,"2024":0,"2029":null},"Employed in Construction Industries":{"Demographic":null,"2020":134,"% OF TOTAL":null,"2024":131,"2029":null},"Employed in Manufacturing Industries":{"Demographic":null,"2020":0,"% OF TOTAL":null,"2024":0,"2029":null},"Employed in Wholesale Industries":{"Demographic":null,"2020":0,"% OF TOTAL":null,"2024":0,"2029":null},"Employed in Retail Industries":{"Demographic":null,"2020":52,"% OF TOTAL":null,"2024":51,"2029":null},"Employed in Transportation and Utilities Industries":{"Demographic":null,"2020":0,"% OF TOTAL":null,"2024":0,"2029":null},"Employed in Information Industries":{"Demographic":null,"2020":0,"% OF TOTAL":null,"2024":0,"2029":null},"Employed in Real-Estate Industries":{"Demographic":null,"2020":0,"% OF TOTAL":null,"2024":0,"2029":null},"Employed in Professional Industries":{"Demographic":null,"2020":36,"% OF TOTAL":null,"2024":35,"2029":null},"Employed in Health and Education Industries":{"Demographic":null,"2020":53,"% OF TOTAL":null,"2024":52,"2029":null},"Employed in Art Industries":{"Demographic":null,"2020":0,"% OF TOTAL":null,"2024":0,"2029":null},"Employed in Other Industries":{"Demographic":null,"2020":0,"% OF TOTAL":null,"2024":0,"2029":null},"Employed in Public Administration Industries":{"Demographic":null,"2020":81,"% OF TOTAL":null,"2024":80,"2029":null},"Occupation: Management":{"Demographic":null,"2020":141,"% OF TOTAL":null,"2024":138,"2029":null},"Occupation: Business and financial operations":{"Demographic":null,"2020":0,"% OF TOTAL":null,"2024":0,"2029":null},"Occupation: Computer and mathematical":{"Demographic":null,"2020":0,"% OF TOTAL":null,"2024":0,"2029":null},"Occupation: Architecture and engineering":{"Demographic":null,"2020":0,"% OF TOTAL":null,"2024":0,"2029":null},"Occupation: Life, physical, and social science":{"Demographic":null,"2020":0,"% OF TOTAL":null,"2024":0,"2029":null},"Occupation: Community and social service":{"Demographic":null,"2020":0,"% OF TOTAL":null,"2024":0,"2029":null},"Occupation: Legal":{"Demographic":null,"2020":0,"% OF TOTAL":null,"2024":0,"2029":null},"Occupation: Education, training, and library":{"Demographic":null,"2020":53,"% OF TOTAL":null,"2024":52,"2029":null},"Occupation: Arts, design, entertainment, sports, and media":{"Demographic":null,"2020":0,"% OF TOTAL":null,"2024":0,"2029":null},"Occupation: Health diagnosing and treating practitioners":{"Demographic":null,"2020":0,"% OF TOTAL":null,"2024":0,"2029":null},"Occupation: Health technologists and technicians":{"Demographic":null,"2020":0,"% OF TOTAL":null,"2024":0,"2029":null},"Occupation: Healthcare support":{"Demographic":null,"2020":0,"% OF TOTAL":null,"2024":0,"2029":null},"Occupation: Fire fighting and prevention":{"Demographic":null,"2020":0,"% OF TOTAL":null,"2024":0,"2029":null},"Occupation: Law enforcement workers":{"Demographic":null,"2020":38,"% OF TOTAL":null,"2024":37,"2029":null},"Occupation: Food preparation and serving related":{"Demographic":null,"2020":0,"% OF TOTAL":null,"2024":0,"2029":null},"Occupation: Building and grounds cleaning and maintenance":{"Demographic":null,"2020":36,"% OF TOTAL":null,"2024":35,"2029":null},"Occupation: Personal care and service":{"Demographic":null,"2020":0,"% OF TOTAL":null,"2024":0,"2029":null},"Occupation: Sales and related":{"Demographic":null,"2020":52,"% OF TOTAL":null,"2024":51,"2029":null},"Occupation: Office and administrative support":{"Demographic":null,"2020":0,"% OF TOTAL":null,"2024":0,"2029":null},"Occupation: Farming, fishing, and forestry":{"Demographic":null,"2020":0,"% OF TOTAL":null,"2024":0,"2029":null},"Occupation: Construction and extraction":{"Demographic":null,"2020":36,"% OF TOTAL":null,"2024":36,"2029":null},"Occupation: Installation, maintenance, and repair":{"Demographic":null,"2020":0,"% OF TOTAL":null,"2024":0,"2029":null},"Occupation: Production":{"Demographic":null,"2020":0,"% OF TOTAL":null,"2024":0,"2029":null},"Occupation: Transportation":{"Demographic":null,"2020":0,"% OF TOTAL":null,"2024":0,"2029":null},"Occupation: Material moving":{"Demographic":null,"2020":0,"% OF TOTAL":null,"2024":0,"2029":null},"White collar":{"Demographic":null,"2020":246,"% OF TOTAL":null,"2024":241,"2029":null},"Blue collar":{"Demographic":null,"2020":110,"% OF TOTAL":null,"2024":108,"2029":null},"Means of transportation: Car, truck or van":{"Demographic":null,"2020":278,"% OF TOTAL":null,"2024":272,"2029":null},"Means of transportation: Public transportation":{"Demographic":null,"2020":0,"% OF TOTAL":null,"2024":0,"2029":null},"Means of transportation: Other":{"Demographic":null,"2020":0,"% OF TOTAL":null,"2024":0,"2029":null},"Travel time: Average (in minutes)":{"Demographic":null,"2020":20,"% OF TOTAL":null,"2024":20,"2029":null},"Travel time to work: Less than 30 minutes":{"Demographic":null,"2020":222,"% OF TOTAL":null,"2024":217,"2029":null},"Travel time to work: 30 to 60 minutes":{"Demographic":null,"2020":56,"% OF TOTAL":null,"2024":55,"2029":null},"Travel time to work: 60 or more minutes":{"Demographic":null,"2020":0,"% OF TOTAL":null,"2024":0,"2029":null}},"demographic_snapshot":{"Total Population":{"Demographic":null,"2020":886,"% OF TOTAL":null,"2024":870,"2029":867},"Households":{"Demographic":null,"2020":357,"% OF TOTAL":null,"2024":347,"2029":344},"Population in Group Quarters":{"Demographic":null,"2020":0,"% OF TOTAL":null,"2024":0,"2029":0},"Households Growth":{"Demographic":null,"2020":null,"% OF TOTAL":null,"2024":-2.8,"2029":-0.9},"Household Income: Median":{"Demographic":null,"2020":0,"% OF TOTAL":null,"2024":70053,"2029":100992},"Home Value: Median":{"Demographic":null,"2020":97143,"% OF TOTAL":null,"2024":97188,"2029":null},"Population Growth":{"Demographic":null,"2020":null,"% OF TOTAL":null,"2024":-1.8,"2029":-0.3},"Total Population: Under 19 years":{"Demographic":null,"2020":208,"% OF TOTAL":21.9,"2024":206,"2029":190},"Total Population: 20 - 64 years":{"Demographic":null,"2020":489,"% OF TOTAL":54.6,"2024":475,"2029":473},"Total Population: 65 years and over":{"Demographic":null,"2020":189,"% OF TOTAL":23.5,"2024":189,"2029":204},"Total population: Median age":{"Demographic":null,"2020":42,"% OF TOTAL":null,"2024":42,"2029":42},"Total population: Under 5 years":{"Demographic":null,"2020":45,"% OF TOTAL":5.0,"2024":43,"2029":43},"Total population: 5 - 9 years":{"Demographic":null,"2020":54,"% OF TOTAL":5.5,"2024":54,"2029":48},"Total population: 10 - 14 years":{"Demographic":null,"2020":51,"% OF TOTAL":5.5,"2024":48,"2029":48},"Total population: 15 - 19 years":{"Demographic":null,"2020":58,"% OF TOTAL":5.9,"2024":61,"2029":51},"Total population: 20 - 24 years":{"Demographic":null,"2020":53,"% OF TOTAL":6.2,"2024":55,"2029":54},"Total population: 25 - 29 years":{"Demographic":null,"2020":45,"% OF TOTAL":5.9,"2024":44,"2029":51},"Total population: 30 - 34 years":{"Demographic":null,"2020":52,"% OF TOTAL":5.7,"2024":49,"2029":49},"Total population: 35 - 39 years":{"Demographic":null,"2020":56,"% OF TOTAL":6.5,"2024":55,"2029":56},"Total population: 40 - 44 years":{"Demographic":null,"2020":62,"% OF TOTAL":7.3,"2024":65,"2029":63},"Total population: 45 - 49 years":{"Demographic":null,"2020":42,"% OF TOTAL":5.4,"2024":40,"2029":47},"Total population: 50 - 54 years":{"Demographic":null,"2020":45,"% OF TOTAL":4.7,"2024":44,"2029":41},"Total population: 55 - 59 years":{"Demographic":null,"2020":64,"% OF TOTAL":6.0,"2024":55,"2029":52},"Total population: 60 - 64 years":{"Demographic":null,"2020":70,"% OF TOTAL":6.9,"2024":68,"2029":60},"Total population: 65 - 69 years":{"Demographic":null,"2020":66,"% OF TOTAL":7.5,"2024":67,"2029":65},"Total population: 70 - 74 years":{"Demographic":null,"2020":61,"% OF TOTAL":7.0,"2024":58,"2029":61},"Total population: 75 - 79 years":{"Demographic":null,"2020":29,"% OF TOTAL":4.5,"2024":31,"2029":39},"Total population: 80 - 84 years":{"Demographic":null,"2020":17,"% OF TOTAL":2.5,"2024":18,"2029":22},"Total population: 85 years and over":{"Demographic":null,"2020":16,"% OF TOTAL":2.0,"2024":15,"2029":17},"Householders Age 15-24":{"Demographic":null,"2020":16,"% OF TOTAL":4.1,"2024":16,"2029":14},"Householders Age 25-34":{"Demographic":null,"2020":29,"% OF TOTAL":8.4,"2024":28,"2029":29},"Householders Age 35-44":{"Demographic":null,"2020":47,"% OF TOTAL":12.8,"2024":45,"2029":44},"Householders Age 45-54":{"Demographic":null,"2020":70,"% OF TOTAL":20.3,"2024":68,"2029":70},"Householders Age 55-64":{"Demographic":null,"2020":70,"% OF TOTAL":17.4,"2024":68,"2029":60},"Householders Age 65-74":{"Demographic":null,"2020":84,"% OF TOTAL":23.3,"2024":82,"2029":80},"Householders Age 75+":{"Demographic":null,"2020":41,"% OF TOTAL":13.7,"2024":40,"2029":47},"Household income: Average":{"Demographic":null,"2020":72927,"% OF TOTAL":null,"2024":76563,"2029":91439},"Household income: Less than 25k":{"Demographic":null,"2020":41,"% OF TOTAL":8.7,"2024":36,"2029":30},"Household income: 25k - 50k":{"Demographic":null,"2020":110,"% OF TOTAL":15.4,"2024":79,"2029":53},"Household income: 50k - 75k":{"Demographic":null,"2020":50,"% OF TOTAL":15.4,"2024":74,"2029":53},"Household income: 75k - 100k":{"Demographic":null,"2020":22,"% OF TOTAL":9.0,"2024":18,"2029":31},"Household income: 100k - 125k":{"Demographic":null,"2020":107,"% OF TOTAL":36.6,"2024":113,"2029":126},"Household income: 125k - 150k":{"Demographic":null,"2020":1,"% OF TOTAL":0.6,"2024":2,"2029":2},"Household income: 150k - 200k":{"Demographic":null,"2020":24,"% OF TOTAL":13.7,"2024":24,"2029":47},"Household income: Above 200k":{"Demographic":null,"2020":2,"% OF TOTAL":0.6,"2024":1,"2029":2},"White Alone":{"Demographic":null,"2020":686,"% OF TOTAL":76.8,"2024":670,"2029":666},"Black or African American Alone":{"Demographic":null,"2020":22,"% OF TOTAL":2.7,"2024":22,"2029":23},"American Indian and Alaska Native Alone":{"Demographic":null,"2020":8,"% OF TOTAL":0.8,"2024":7,"2029":7},"Asian Alone":{"Demographic":null,"2020":4,"% OF TOTAL":0.5,"2024":4,"2029":4},"Native Hawaiian and OPI Alone":{"Demographic":null,"2020":0,"% OF TOTAL":0.0,"2024":0,"2029":0},"Some Other Race Alone":{"Demographic":null,"2020":95,"% OF TOTAL":11.0,"2024":95,"2029":95},"Two or More Races Alone":{"Demographic":null,"2020":71,"% OF TOTAL":8.3,"2024":72,"2029":72},"Not Hispanic or Latino":{"Demographic":null,"2020":757,"% OF TOTAL":84.7,"2024":737,"2029":734},"Hispanic or Latino":{"Demographic":null,"2020":129,"% OF TOTAL":15.3,"2024":133,"2029":133},"Total Housing Units":{"Demographic":null,"2020":390,"% OF TOTAL":null,"2024":null,"2029":null},"Owner Occupied Housing Units":{"Demographic":null,"2020":244,"% OF TOTAL":null,"2024":237,"2029":null},"Renter Occupied Housing Units":{"Demographic":null,"2020":113,"% OF TOTAL":null,"2024":110,"2029":null},"Housing Units Value Less Than 100k":{"Demographic":null,"2020":136,"% OF TOTAL":null,"2024":132,"2029":null},"Housing Units Value 100k - 200k":{"Demographic":null,"2020":0,"% OF TOTAL":null,"2024":0,"2029":null},"Housing Units Value 200k - 250k":{"Demographic":null,"2020":0,"% OF TOTAL":null,"2024":0,"2029":null},"Housing Units Value 250k - 300k":{"Demographic":null,"2020":0,"% OF TOTAL":null,"2024":0,"2029":null},"Housing Units Value 300k - 400k":{"Demographic":null,"2020":74,"% OF TOTAL":null,"2024":72,"2029":null},"Housing Units Value 400k - 500k":{"Demographic":null,"2020":0,"% OF TOTAL":null,"2024":0,"2029":null},"Housing Units Value 500k - 750k":{"Demographic":null,"2020":0,"% OF TOTAL":null,"2024":0,"2029":null},"Housing Units Value 750k - 1m":{"Demographic":null,"2020":0,"% OF TOTAL":null,"2024":0,"2029":null},"Housing Units Value 1m - 1.5m":{"Demographic":null,"2020":34,"% OF TOTAL":null,"2024":33,"2029":null},"Housing Units Value 1.5m - 2m":{"Demographic":null,"2020":0,"% OF TOTAL":null,"2024":0,"2029":null},"Housing Units Value >2m":{"Demographic":null,"2020":0,"% OF TOTAL":null,"2024":0,"2029":null},"Take Car or Truck to Work":{"Demographic":null,"2020":278,"% OF TOTAL":null,"2024":272,"2029":null},"Take Public Transportation to Work":{"Demographic":null,"2020":0,"% OF TOTAL":null,"2024":0,"2029":null},"Take Other Means of Transportation to Work":{"Demographic":null,"2020":0,"% OF TOTAL":null,"2024":0,"2029":null},"Average Travel Time (min)":{"Demographic":null,"2020":21,"% OF TOTAL":null,"2024":21,"2029":null},"Travel Below 30 Min to Work":{"Demographic":null,"2020":222,"% OF TOTAL":null,"2024":217,"2029":null},"Travel 30-60 Min to Work":{"Demographic":null,"2020":56,"% OF TOTAL":null,"2024":55,"2029":null},"Travel Above 60 Min to Work":{"Demographic":null,"2020":20,"% OF TOTAL":null,"2024":0,"2029":null},"Educational Attainment: No High School Diploma":{"Demographic":null,"2020":236,"% OF TOTAL":null,"2024":231,"2029":null},"Educational Attainment: High School Diploma":{"Demographic":null,"2020":172,"% OF TOTAL":null,"2024":168,"2029":null},"Educational Attainment: Some College":{"Demographic":null,"2020":363,"% OF TOTAL":null,"2024":353,"2029":null},"Educational Attainment: Associate's Degree":{"Demographic":null,"2020":35,"% OF TOTAL":null,"2024":34,"2029":null},"Educational Attainment: Bachelors Degree":{"Demographic":null,"2020":121,"% OF TOTAL":null,"2024":118,"2029":null},"Educational Attainment: Advanced Degree":{"Demographic":null,"2020":26,"% OF TOTAL":null,"2024":25,"2029":null},"Households: Number of vehicles available - Average":{"Demographic":null,"2020":2,"% OF TOTAL":null,"2024":2,"2029":null},"Households: No Vehicle available":{"Demographic":null,"2020":18,"% OF TOTAL":null,"2024":18,"2029":null},"Households: 1 Vehicle available":{"Demographic":null,"2020":82,"% OF TOTAL":null,"2024":79,"2029":null},"Households: 2 Vehicles available":{"Demographic":null,"2020":151,"% OF TOTAL":null,"2024":147,"2029":null},"Households: 3 Vehicles available":{"Demographic":null,"2020":83,"% OF TOTAL":null,"2024":81,"2029":null},"Households: 4 or more Vehicles available":{"Demographic":null,"2020":23,"% OF TOTAL":null,"2024":22,"2029":null}},"household_trends":{"Households":{"Demographic":null,"2020":357,"% OF TOTAL":null,"2024":347,"2029":344},"Households Growth":{"Demographic":null,"2020":null,"% OF TOTAL":null,"2024":-2.8,"2029":-0.9},"Householder Age 15-24":{"Demographic":null,"2020":16,"% OF TOTAL":4.1,"2024":16,"2029":14},"Householder Age 25-34":{"Demographic":null,"2020":29,"% OF TOTAL":8.4,"2024":28,"2029":29},"Householder Age 35-44":{"Demographic":null,"2020":47,"% OF TOTAL":12.8,"2024":45,"2029":44},"Householder Age 45-54":{"Demographic":null,"2020":70,"% OF TOTAL":20.3,"2024":68,"2029":70},"Householder Age 55-64":{"Demographic":null,"2020":70,"% OF TOTAL":17.4,"2024":68,"2029":60},"Householder Age 65-74":{"Demographic":null,"2020":84,"% OF TOTAL":23.3,"2024":82,"2029":80},"Householder Age 75+":{"Demographic":null,"2020":41,"% OF TOTAL":13.7,"2024":40,"2029":47},"Average Household Size":{"Demographic":null,"2020":2.5,"% OF TOTAL":null,"2024":2.5,"2029":2.5},"1 Person Households":{"Demographic":null,"2020":78,"% OF TOTAL":21.5,"2024":76,"2029":74},"2 Person Households":{"Demographic":null,"2020":161,"% OF TOTAL":44.5,"2024":155,"2029":153},"3 Person Households":{"Demographic":null,"2020":42,"% OF TOTAL":11.6,"2024":40,"2029":40},"4 Person Households":{"Demographic":null,"2020":40,"% OF TOTAL":11.6,"2024":40,"2029":40},"5 Person Households":{"Demographic":null,"2020":19,"% OF TOTAL":5.8,"2024":19,"2029":20},"6 Person Households":{"Demographic":null,"2020":12,"% OF TOTAL":3.5,"2024":12,"2029":12},"7+ Person Households":{"Demographic":null,"2020":5,"% OF TOTAL":1.5,"2024":5,"2029":5},"Household Type: Family":{"Demographic":null,"2020":246,"% OF TOTAL":null,"2024":239,"2029":null},"Household Type: Married Family":{"Demographic":null,"2020":166,"% OF TOTAL":null,"2024":161,"2029":null},"Household Type: Married Family With Children":{"Demographic":null,"2020":54,"% OF TOTAL":null,"2024":52,"2029":null},"Household Type: Married Family Without Children":{"Demographic":null,"2020":112,"% OF TOTAL":null,"2024":109,"2029":null},"Household Type: Other Family":{"Demographic":null,"2020":80,"% OF TOTAL":null,"2024":78,"2029":null},"Household Type: Male Households, No Wife":{"Demographic":null,"2020":25,"% OF TOTAL":null,"2024":24,"2029":null},"Household Type: Male Households, No Wife With Children":{"Demographic":null,"2020":8,"% OF TOTAL":null,"2024":8,"2029":null},"Household Type: Male Households, No Wife Without Children":{"Demographic":null,"2020":17,"% OF TOTAL":null,"2024":16,"2029":null},"Household Type: Female Households, No Husband":{"Demographic":null,"2020":55,"% OF TOTAL":null,"2024":54,"2029":null},"Household Type: Female Households, No Husband With Children":{"Demographic":null,"2020":24,"% OF TOTAL":null,"2024":24,"2029":null},"Household Type: Female Households, No Husband Without Children":{"Demographic":null,"2020":31,"% OF TOTAL":null,"2024":30,"2029":null},"Household Income: Average":{"Demographic":null,"2020":72927,"% OF TOTAL":null,"2024":76563,"2029":91439},"Household Income: Median":{"Demographic":null,"2020":0,"% OF TOTAL":null,"2024":70053,"2029":100992},"Household Income: Less than $25k":{"Demographic":null,"2020":41,"% OF TOTAL":8.7,"2024":36,"2029":30},"Household Income: $25k - $50k":{"Demographic":null,"2020":110,"% OF TOTAL":15.4,"2024":79,"2029":53},"Household Income: $50k - $75k":{"Demographic":null,"2020":50,"% OF TOTAL":15.4,"2024":74,"2029":53},"Household Income: $75k - $100k":{"Demographic":null,"2020":22,"% OF TOTAL":9.0,"2024":18,"2029":31},"Household Income: $100k - $125k":{"Demographic":null,"2020":107,"% OF TOTAL":36.6,"2024":113,"2029":126},"Household Income: $125k - $150k":{"Demographic":null,"2020":1,"% OF TOTAL":0.6,"2024":2,"2029":2},"Household Income: $150k - $200k":{"Demographic":null,"2020":24,"% OF TOTAL":13.7,"2024":24,"2029":47},"Household Income: Above $200k":{"Demographic":null,"2020":2,"% OF TOTAL":0.6,"2024":1,"2029":2},"Total Housing Units":{"Demographic":null,"2020":390,"% OF TOTAL":null,"2024":null,"2029":null},"Owner Occupied Housing Units":{"Demographic":null,"2020":244,"% OF TOTAL":null,"2024":237,"2029":null},"Renter Occupied Housing Units":{"Demographic":null,"2020":113,"% OF TOTAL":null,"2024":110,"2029":null},"Vacant Housing Units":{"Demographic":null,"2020":33,"% OF TOTAL":null,"2024":null,"2029":null},"Vacant Housing Units: Seasonal":{"Demographic":null,"2020":10,"% OF TOTAL":null,"2024":null,"2029":null},"Vacant Housing Units: Other Usage":{"Demographic":null,"2020":23,"% OF TOTAL":null,"2024":null,"2029":null},"Average Housing Unit Value":{"Demographic":null,"2020":316393,"% OF TOTAL":null,"2024":316445,"2029":null},"Median Housing Unit Value":{"Demographic":null,"2020":97143,"% OF TOTAL":null,"2024":97188,"2029":null},"Housing Unit Value Less Than $100k":{"Demographic":null,"2020":136,"% OF TOTAL":null,"2024":132,"2029":null},"Housing Unit Value $100k-$200k":{"Demographic":null,"2020":0,"% OF TOTAL":null,"2024":0,"2029":null},"Housing Unit Value $200k-$250k":{"Demographic":null,"2020":0,"% OF TOTAL":null,"2024":0,"2029":null},"Housing Unit Value $250k-$300k":{"Demographic":null,"2020":0,"% OF TOTAL":null,"2024":0,"2029":null},"Housing Unit Value $300k-$400k":{"Demographic":null,"2020":74,"% OF TOTAL":null,"2024":72,"2029":null},"Housing Unit Value $400k-$500k":{"Demographic":null,"2020":0,"% OF TOTAL":null,"2024":0,"2029":null},"Housing Unit Value $500k-$750k":{"Demographic":null,"2020":0,"% OF TOTAL":null,"2024":0,"2029":null},"Housing Unit Value $750k-$1m":{"Demographic":null,"2020":0,"% OF TOTAL":null,"2024":0,"2029":null},"Housing Unit Value $1m-$1.5m":{"Demographic":null,"2020":34,"% OF TOTAL":null,"2024":33,"2029":null},"Housing Unit Value $1.5m-$2m":{"Demographic":null,"2020":0,"% OF TOTAL":null,"2024":0,"2029":null},"Housing Unit Value Above $2m":{"Demographic":null,"2020":0,"% OF TOTAL":null,"2024":0,"2029":null},"Median Housing Unit Year Built":{"Demographic":null,"2020":1994,"% OF TOTAL":null,"2024":1994,"2029":null},"Housing Units Built 2014 Or After":{"Demographic":null,"2020":0,"% OF TOTAL":null,"2024":0,"2029":null},"Housing Units Built 2010-2013":{"Demographic":null,"2020":11,"% OF TOTAL":null,"2024":11,"2029":null},"Housing Units Built 2000-2009":{"Demographic":null,"2020":97,"% OF TOTAL":null,"2024":94,"2029":null},"Housing Units Built 1990-1999":{"Demographic":null,"2020":126,"% OF TOTAL":null,"2024":122,"2029":null},"Housing Units Built 1980-1989":{"Demographic":null,"2020":26,"% OF TOTAL":null,"2024":26,"2029":null},"Housing Units Built 1970-1979":{"Demographic":null,"2020":34,"% OF TOTAL":null,"2024":33,"2029":null},"Housing Units Built 1960-1969":{"Demographic":null,"2020":19,"% OF TOTAL":null,"2024":18,"2029":null},"Housing Units Built 1950-1959":{"Demographic":null,"2020":34,"% OF TOTAL":null,"2024":33,"2029":null},"Housing Units Built 1940-1949":{"Demographic":null,"2020":0,"% OF TOTAL":null,"2024":0,"2029":null},"Housing Units Built Before 1940":{"Demographic":null,"2020":10,"% OF TOTAL":null,"2024":10,"2029":null}}},"geometry":{"type":"Polygon","coordinates":[[[-86.16978445221143,30.66217863543347],[-86.1436768536823,30.66217863543347],[-86.1436768536823,30.640314061066768],[-86.16978445221143,30.66217863543347]]]}},{"type":"Feature","properties":{"block":"038","block_num":38,"submarket":"Defuniak Springs","CentroidLon":-86.12642024598128,"CentroidLat":30.648102881367713,"data_status":"no data","is_anomalous":false,"anomaly_reason":null,"files_present":""},"geometry":{"type":"Polygon","coordinates":[[[-86.1436768536823,30.640314061066768],[-86.1436768536823,30.66217863543347],[-86.11004532819038,30.66217863543347],[-86.11004532819038,30.633265202252414],[-86.1352600982071,30.633265202252414],[-86.1436768536823,30.640314061066768]]]}},{"type":"Feature","properties":{"block":"039","block_num":39,"submarket":"Defuniak Springs","CentroidLon":-86.09344935059218,"CentroidLat":30.647598168028654,"data_status":"no data","is_anomalous":false,"anomaly_reason":null,"files_present":""},"geometry":{"type":"Polygon","coordinates":[[[-86.07641380269847,30.64629427628672],[-86.07641380269847,30.633265202252414],[-86.11004532819038,30.633265202252414],[-86.11004532819038,30.66217863543347],[-86.07804550464603,30.66217863543347],[-86.07641380269847,30.64629427628672]]]}},{"type":"Feature","properties":{"block":"040","block_num":40,"submarket":"Defuniak Springs","CentroidLon":-86.07596767064113,"CentroidLat":30.637608226930517,"data_status":"no data","is_anomalous":false,"anomaly_reason":null,"files_present":""},"geometry":{"type":"Polygon","coordinates":[[[-86.07507540652647,30.633265202252414],[-86.07641380269847,30.633265202252414],[-86.07641380269847,30.64629427628672],[-86.07507540652647,30.633265202252414]]]}},{"type":"Feature","properties":{"block":"041","block_num":41,"submarket":"Defuniak Springs","CentroidLon":-86.11889518442504,"CentroidLat":30.627049756467276,"data_status":"no data","is_anomalous":false,"anomaly_reason":null,"files_present":""},"geometry":{"type":"Polygon","coordinates":[[[-86.11889846683228,30.61956267401888],[-86.1352600982071,30.633265202252414],[-86.11004532819038,30.633265202252414],[-86.11004532819038,30.616684812064253],[-86.11889846683228,30.61956267401888]]]}},{"type":"Feature","properties":{"block":"042","block_num":42,"submarket":"Defuniak Springs","CentroidLon":-86.09183979771797,"CentroidLat":30.622015999871216,"data_status":"no data","is_anomalous":false,"anomaly_reason":null,"files_present":""},"geometry":{"type":"Polygon","coordinates":[[[-86.11004532819038,30.616684812064253],[-86.11004532819038,30.633265202252414],[-86.07641380269847,30.633265202252414],[-86.07641380269847,30.60575231776995],[-86.11004532819038,30.616684812064253]]]}},{"type":"Feature","properties":{"block":"043","block_num":43,"submarket":"Defuniak Springs","CentroidLon":-86.07486784010251,"CentroidLat":30.616713500611723,"data_status":"no data","is_anomalous":false,"anomaly_reason":null,"files_present":""},"geometry":{"type":"Polygon","coordinates":[[[-86.07210530840692,30.604351769071357],[-86.07641380269847,30.60575231776995],[-86.07641380269847,30.633265202252414],[-86.07507540652647,30.633265202252414],[-86.07210530840692,30.604351769071357]]]}}]}