{"type":"FeatureCollection","metadata":{"submarket":"Freeport","grid_cell_miles":2.0,"grid_cell_width_degrees":0.03355427661372735,"grid_cell_height_degrees":0.02891343318105592,"total_blocks":36,"blocks_with_demographic_data":3,"source_zip":"Freeport Zip.zip"},"features":[{"type":"Feature","properties":{"block":"001","block_num":1,"submarket":"Freeport","CentroidLon":-86.11564387044947,"CentroidLat":30.611523690416753,"data_status":"no data","is_anomalous":false,"anomaly_reason":null,"files_present":""},"geometry":{"type":"Polygon","coordinates":[[[-86.11415732568906,30.617315796162703],[-86.11415732568906,30.59854206516147],[-86.11861695997024,30.61871320992607],[-86.11415732568906,30.617315796162703]]]}},{"type":"Feature","properties":{"block":"002","block_num":2,"submarket":"Freeport","CentroidLon":-86.09880472185179,"CentroidLat":30.602627796995474,"data_status":"no data","is_anomalous":false,"anomaly_reason":null,"files_present":""},"geometry":{"type":"Polygon","coordinates":[[[-86.08060304907534,30.606801658678886],[-86.08060304907534,30.592627532277156],[-86.11284968282021,30.592627532277156],[-86.11415732568906,30.59854206516147],[-86.11415732568906,30.617315796162703],[-86.08060304907534,30.606801658678886]]]}},{"type":"Feature","properties":{"block":"003","block_num":3,"submarket":"Freeport","CentroidLon":-86.0754199159494,"CentroidLat":30.5985785858012,"data_status":"no data","is_anomalous":false,"anomaly_reason":null,"files_present":""},"geometry":{"type":"Polygon","coordinates":[[[-86.07218533001652,30.604163990267693],[-86.06773810241943,30.592627532277156],[-86.08060304907534,30.592627532277156],[-86.08060304907534,30.606801658678886],[-86.07218533001652,30.604163990267693]]]}},{"type":"Feature","properties":{"block":"004","block_num":4,"submarket":"Freeport","CentroidLon":-86.09572170685547,"CentroidLat":30.578244911122443,"data_status":"no data","is_anomalous":false,"anomaly_reason":null,"files_present":""},"geometry":{"type":"Polygon","coordinates":[[[-86.10805754632389,30.570952463671873],[-86.11284968282021,30.592627532277156],[-86.08060304907534,30.592627532277156],[-86.08060304907534,30.5637140990961],[-86.11415732568906,30.5637140990961],[-86.11415732568906,30.56498684543378],[-86.10805754632389,30.570952463671873]]]}},{"type":"Feature","properties":{"block":"005","block_num":5,"submarket":"Freeport","CentroidLon":-86.07110334814206,"CentroidLat":30.576714273221494,"data_status":"no data","is_anomalous":false,"anomaly_reason":null,"files_present":""},"geometry":{"type":"Polygon","coordinates":[[[-86.05659216680597,30.5637140990961],[-86.08060304907534,30.5637140990961],[-86.08060304907534,30.592627532277156],[-86.06773810241943,30.592627532277156],[-86.05659216680597,30.5637140990961]]]}},{"type":"Feature","properties":{"block":"006","block_num":6,"submarket":"Freeport","CentroidLon":-86.11459111542317,"CentroidLat":30.564138347875325,"data_status":"no data","is_anomalous":false,"anomaly_reason":null,"files_present":""},"geometry":{"type":"Polygon","coordinates":[[[-86.11415732568906,30.56498684543378],[-86.11415732568906,30.5637140990961],[-86.11545869489136,30.5637140990961],[-86.11415732568906,30.56498684543378]]]}},{"type":"Feature","properties":{"block":"007","block_num":7,"submarket":"Freeport","CentroidLon":-86.07119177852859,"CentroidLat":30.55243069716721,"data_status":"no data","is_anomalous":false,"anomaly_reason":null,"files_present":""},"geometry":{"type":"Polygon","coordinates":[[[-86.05522836148558,30.560176280884093],[-86.0754450620274,30.534800665915043],[-86.08060304907534,30.534800665915043],[-86.08060304907534,30.5637140990961],[-86.05659216680597,30.5637140990961],[-86.05522836148558,30.560176280884093]]]}},{"type":"Feature","properties":{"block":"008","block_num":8,"submarket":"Freeport","CentroidLon":-86.09738018738219,"CentroidLat":30.549257382505573,"data_status":"no data","is_anomalous":false,"anomaly_reason":null,"files_present":""},"geometry":{"type":"Polygon","coordinates":[[[-86.11415732568906,30.534800665915043],[-86.11415732568906,30.5637140990961],[-86.08060304907534,30.5637140990961],[-86.08060304907534,30.534800665915043],[-86.11415732568906,30.534800665915043]]]}},{"type":"Feature","properties":{"block":"009","block_num":9,"submarket":"Freeport","CentroidLon":-86.12446322176801,"CentroidLat":30.54482839774975,"data_status":"no data","is_anomalous":false,"anomaly_reason":null,"files_present":""},"geometry":{"type":"Polygon","coordinates":[[[-86.11545869489136,30.5637140990961],[-86.11415732568906,30.5637140990961],[-86.11415732568906,30.534800665915043],[-86.14502236391193,30.534800665915043],[-86.11545869489136,30.5637140990961]]]}},{"type":"Feature","properties":{"block":"010","block_num":10,"submarket":"Freeport","CentroidLon":-86.07888372005937,"CentroidLat":30.532642597093457,"data_status":"no data","is_anomalous":false,"anomaly_reason":null,"files_present":""},"geometry":{"type":"Polygon","coordinates":[[[-86.08060304907534,30.528326459450287],[-86.08060304907534,30.534800665915043],[-86.0754450620274,30.534800665915043],[-86.08060304907534,30.528326459450287]]]}},{"type":"Feature","properties":{"block":"011","block_num":11,"submarket":"Freeport","CentroidLon":-86.10019965439314,"CentroidLat":30.522162332657377,"data_status":"no data","is_anomalous":false,"anomaly_reason":null,"files_present":""},"geometry":{"type":"Polygon","coordinates":[[[-86.09848033510237,30.505887232733986],[-86.11415732568906,30.505887232733986],[-86.11415732568906,30.534800665915043],[-86.08060304907534,30.534800665915043],[-86.08060304907534,30.528326459450287],[-86.09848033510237,30.505887232733986]]]}},{"type":"Feature","properties":{"block":"012","block_num":12,"submarket":"Freeport","CentroidLon":-86.13087636364932,"CentroidLat":30.520294266212684,"data_status":"no data","is_anomalous":false,"anomaly_reason":null,"files_present":""},"geometry":{"type":"Polygon","coordinates":[[[-86.14502236391193,30.534800665915043],[-86.11415732568906,30.534800665915043],[-86.11415732568906,30.505887232733986],[-86.14771160230279,30.505887232733986],[-86.14771160230279,30.53217057577069],[-86.14502236391193,30.534800665915043]]]}},{"type":"Feature","properties":{"block":"013","block_num":13,"submarket":"Freeport","CentroidLon":-86.15914563347594,"CentroidLat":30.513926637774183,"data_status":"no data","is_anomalous":false,"anomaly_reason":null,"files_present":""},"geometry":{"type":"Polygon","coordinates":[[[-86.1656120184615,30.51466386893543],[-86.14771160230279,30.53217057577069],[-86.14771160230279,30.505887232733986],[-86.18126587891652,30.505887232733986],[-86.18126587891652,30.509245149723984],[-86.1656120184615,30.51466386893543]]]}},{"type":"Feature","properties":{"block":"014","block_num":14,"submarket":"Freeport","CentroidLon":-86.18449938373132,"CentroidLat":30.507006538397317,"data_status":"no data","is_anomalous":false,"anomaly_reason":null,"files_present":""},"geometry":{"type":"Polygon","coordinates":[[[-86.18126587891652,30.509245149723984],[-86.18126587891652,30.505887232733986],[-86.19096639336095,30.505887232733986],[-86.18126587891652,30.509245149723984]]]}},{"type":"Feature","properties":{"block":"015","block_num":15,"submarket":"Freeport","CentroidLon":-86.16448874060968,"CentroidLat":30.49143051614346,"data_status":"no data","is_anomalous":false,"anomaly_reason":null,"files_present":""},"geometry":{"type":"Polygon","coordinates":[[[-86.18126587891652,30.47697379955293],[-86.18126587891652,30.505887232733986],[-86.14771160230279,30.505887232733986],[-86.14771160230279,30.47697379955293],[-86.18126587891652,30.47697379955293]]]}},{"type":"Feature","properties":{"block":"016","block_num":16,"submarket":"Freeport","CentroidLon":-86.13093446399593,"CentroidLat":30.49143051614346,"data_status":"no data","is_anomalous":false,"anomaly_reason":null,"files_present":""},"geometry":{"type":"Polygon","coordinates":[[[-86.14771160230279,30.47697379955293],[-86.14771160230279,30.505887232733986],[-86.11415732568906,30.505887232733986],[-86.11415732568906,30.47697379955293],[-86.14771160230279,30.47697379955293]]]}},{"type":"Feature","properties":{"block":"017","block_num":17,"submarket":"Freeport","CentroidLon":-86.19593687959676,"CentroidLat":30.490777847204274,"data_status":"no data","is_anomalous":false,"anomaly_reason":null,"files_present":""},"geometry":{"type":"Polygon","coordinates":[[[-86.20723214057115,30.483131714453194],[-86.19771714521114,30.487866705942764],[-86.19919129942207,30.491908589578472],[-86.2120566452606,30.485903444744594],[-86.21058249104965,30.479551446006752],[-86.21482015553025,30.477772991203548],[-86.21482015553025,30.497630046610254],[-86.19096639336095,30.505887232733986],[-86.18126587891652,30.505887232733986],[-86.18126587891652,30.47697379955293],[-86.206565248646,30.47697379955293],[-86.20723214057115,30.483131714453194]]]}},{"type":"Feature","properties":{"block":"018","block_num":18,"submarket":"Freeport","CentroidLon":-86.10108737692093,"CentroidLat":30.48754874645876,"data_status":"no data","is_anomalous":false,"anomaly_reason":null,"files_present":""},"geometry":{"type":"Polygon","coordinates":[[[-86.11026197188411,30.491099148097703],[-86.08060304907534,30.486904363295476],[-86.08060304907534,30.47697379955293],[-86.11415732568906,30.47697379955293],[-86.11415732568906,30.505887232733986],[-86.09848033510237,30.505887232733986],[-86.11026197188411,30.491099148097703]]]}},{"type":"Feature","properties":{"block":"019","block_num":19,"submarket":"Freeport","CentroidLon":-86.2280234650935,"CentroidLat":30.485211439689447,"data_status":"no data","is_anomalous":false,"anomaly_reason":null,"files_present":""},"geometry":{"type":"Polygon","coordinates":[[[-86.21672445248788,30.47697379955293],[-86.23945942784087,30.47697379955293],[-86.24837443214398,30.486014943496528],[-86.21482015553025,30.497630046610254],[-86.21482015553025,30.477772991203548],[-86.21672445248788,30.47697379955293]]]}},{"type":"Feature","properties":{"block":"020","block_num":20,"submarket":"Freeport","CentroidLon":-86.06558172671396,"CentroidLat":30.480876817377105,"data_status":"no data","is_anomalous":false,"anomaly_reason":null,"files_present":""},"geometry":{"type":"Polygon","coordinates":[[[-86.04704877246161,30.482158642404116],[-86.04704877246161,30.47697379955293],[-86.08060304907534,30.47697379955293],[-86.08060304907534,30.486904363295476],[-86.04704877246161,30.482158642404116]]]}},{"type":"Feature","properties":{"block":"021","block_num":21,"submarket":"Freeport","CentroidLon":-86.03499070207425,"CentroidLat":30.47871350945675,"data_status":"no data","is_anomalous":false,"anomaly_reason":null,"files_present":""},"geometry":{"type":"Polygon","coordinates":[[[-86.01349449584788,30.47741292151275],[-86.01349449584788,30.47697379955293],[-86.04704877246161,30.47697379955293],[-86.04704877246161,30.482158642404116],[-86.01349449584788,30.47741292151275]]]}},{"type":"Feature","properties":{"block":"022","block_num":22,"submarket":"Freeport","CentroidLon":-86.01245956915326,"CentroidLat":30.477120173539536,"data_status":"no data","is_anomalous":false,"anomaly_reason":null,"files_present":""},"geometry":{"type":"Polygon","coordinates":[[[-86.01038971576403,30.47697379955293],[-86.01349449584788,30.47697379955293],[-86.01349449584788,30.47741292151275],[-86.01038971576403,30.47697379955293]]]}},{"type":"Feature","properties":{"block":"023","block_num":23,"submarket":"Freeport","CentroidLon":-86.22848687069182,"CentroidLat":30.47558894960917,"data_status":"no data","is_anomalous":false,"anomaly_reason":null,"files_present":""},"geometry":{"type":"Polygon","coordinates":[[[-86.22599410325202,30.473083530514174],[-86.23778733693767,30.475278050002103],[-86.23945942784087,30.47697379955293],[-86.21672445248788,30.47697379955293],[-86.22599410325202,30.473083530514174]]]}},{"type":"Feature","properties":{"block":"024","block_num":24,"submarket":"Freeport","CentroidLon":-86.19066763903818,"CentroidLat":30.467582700682822,"data_status":"usable","is_anomalous":false,"anomaly_reason":null,"files_present":"ConsumerSegmentation-26.08.10.csv;DemographicSnapshot-26.08.10.csv;HouseholdIncomeByAge-26.08.10.csv;HouseholdTrends-26.08.10.csv;PopulationTrends-26.08.10.csv","population_2024":7250,"population_2029":10008,"households_2024":2692,"households_2029":3698,"median_household_income_2024":94984,"median_household_income_2029":131250,"mean_household_income_2024":null,"mean_household_income_2029":null,"median_age_2024":42,"median_age_2029":43,"median_home_value_2024":373032,"average_household_size_2024":2.7,"average_household_size_2029":2.7,"population_growth_2024_2029":48.5,"households_growth_2024_2029":47.1,"consumer_segments":{"Family Life Young Children":{"households":163,"pct":20.1},"Simple Life Affluent No Children":{"households":163,"pct":20.1},"Simple Life Moderate Income With Children":{"households":126,"pct":15.6},"Active Adult Elite":{"households":117,"pct":14.4},"Simple Life Moderate Income No Children":{"households":111,"pct":13.7},"Renters":{"households":83,"pct":10.2},"Renters Near Term Buyers":{"households":24,"pct":3.0},"Active Adult Feature and Location":{"households":12,"pct":1.5},"Active Adult Entry Level":{"households":11,"pct":1.4},"Elite":{"households":0,"pct":0.0},"Family Life School Age Children":{"households":0,"pct":0.0},"Feature and Location":{"households":0,"pct":0.0},"Entry Level Urban":{"households":0,"pct":0.0},"Entry Level Suburban":{"households":0,"pct":0.0}},"income_age":{"2020":{},"2024":{},"2029":{}},"population_trends":{"Total Population":{"Demographic":null,"2020":4883,"% OF TOTAL":null,"2024":7250,"2029":10008},"Population Growth":{"Demographic":null,"2020":null,"% OF TOTAL":null,"2024":48.5,"2029":38.0},"Female Population":{"Demographic":null,"2020":2451,"% OF TOTAL":50.3,"2024":3644,"2029":5030},"Male Population":{"Demographic":null,"2020":2432,"% OF TOTAL":49.7,"2024":3606,"2029":4978},"Total population: Median Age":{"Demographic":null,"2020":42,"% OF TOTAL":null,"2024":42,"2029":43},"Total population: Under 5 years":{"Demographic":null,"2020":295,"% OF TOTAL":5.6,"2024":416,"2029":558},"Total population: 5 - 9 years":{"Demographic":null,"2020":324,"% OF TOTAL":6.3,"2024":494,"2029":627},"Total population: 10 - 14 years":{"Demographic":null,"2020":320,"% OF TOTAL":6.1,"2024":460,"2029":609},"Total population: 15 - 19 years":{"Demographic":null,"2020":274,"% OF TOTAL":5.5,"2024":430,"2029":550},"Total population: 20 - 24 years":{"Demographic":null,"2020":200,"% OF TOTAL":4.4,"2024":314,"2029":440},"Total population: 25 - 29 years":{"Demographic":null,"2020":233,"% OF TOTAL":4.7,"2024":331,"2029":468},"Total population: 30 - 34 years":{"Demographic":null,"2020":289,"% OF TOTAL":5.3,"2024":404,"2029":535},"Total population: 35 - 39 years":{"Demographic":null,"2020":374,"% OF TOTAL":7.3,"2024":552,"2029":735},"Total population: 40 - 44 years":{"Demographic":null,"2020":329,"% OF TOTAL":7.6,"2024":528,"2029":759},"Total population: 45 - 49 years":{"Demographic":null,"2020":274,"% OF TOTAL":6.1,"2024":392,"2029":615},"Total population: 50 - 54 years":{"Demographic":null,"2020":311,"% OF TOTAL":5.9,"2024":461,"2029":594},"Total population: 55 - 59 years":{"Demographic":null,"2020":406,"% OF TOTAL":7.0,"2024":536,"2029":697},"Total population: 60 - 64 years":{"Demographic":null,"2020":359,"% OF TOTAL":6.9,"2024":540,"2029":693},"Total population: 65 - 69 years":{"Demographic":null,"2020":358,"% OF TOTAL":7.4,"2024":559,"2029":740},"Total population: 70 - 74 years":{"Demographic":null,"2020":286,"% OF TOTAL":6.5,"2024":423,"2029":647},"Total population: 75 - 79 years":{"Demographic":null,"2020":138,"% OF TOTAL":3.9,"2024":224,"2029":392},"Total population: 80 - 84 years":{"Demographic":null,"2020":71,"% OF TOTAL":2.2,"2024":121,"2029":223},"Total population: 85 years and over":{"Demographic":null,"2020":42,"% OF TOTAL":1.3,"2024":65,"2029":126},"Female population: Median Age":{"Demographic":null,"2020":43,"% OF TOTAL":null,"2024":43,"2029":44},"Female population: Under 5 years":{"Demographic":null,"2020":150,"% OF TOTAL":5.6,"2024":212,"2029":284},"Female population: 5 - 9 years":{"Demographic":null,"2020":150,"% OF TOTAL":5.9,"2024":230,"2029":298},"Female population: 10 - 14 years":{"Demographic":null,"2020":169,"% OF TOTAL":6.2,"2024":246,"2029":311},"Female population: 15 - 19 years":{"Demographic":null,"2020":110,"% OF TOTAL":4.7,"2024":168,"2029":236},"Female population: 20 - 24 years":{"Demographic":null,"2020":87,"% OF TOTAL":3.8,"2024":141,"2029":190},"Female population: 25 - 29 years":{"Demographic":null,"2020":115,"% OF TOTAL":4.3,"2024":159,"2029":216},"Female population: 30 - 34 years":{"Demographic":null,"2020":153,"% OF TOTAL":5.5,"2024":211,"2029":277},"Female population: 35 - 39 years":{"Demographic":null,"2020":190,"% OF TOTAL":7.4,"2024":279,"2029":374},"Female population: 40 - 44 years":{"Demographic":null,"2020":161,"% OF TOTAL":7.6,"2024":265,"2029":384},"Female population: 45 - 49 years":{"Demographic":null,"2020":139,"% OF TOTAL":6.2,"2024":201,"2029":312},"Female population: 50 - 54 years":{"Demographic":null,"2020":153,"% OF TOTAL":5.8,"2024":223,"2029":293},"Female population: 55 - 59 years":{"Demographic":null,"2020":215,"% OF TOTAL":7.3,"2024":288,"2029":368},"Female population: 60 - 64 years":{"Demographic":null,"2020":180,"% OF TOTAL":7.0,"2024":272,"2029":353},"Female population: 65 - 69 years":{"Demographic":null,"2020":197,"% OF TOTAL":7.9,"2024":307,"2029":397},"Female population: 70 - 74 years":{"Demographic":null,"2020":143,"% OF TOTAL":6.7,"2024":216,"2029":338},"Female population: 75 - 79 years":{"Demographic":null,"2020":69,"% OF TOTAL":3.9,"2024":112,"2029":198},"Female population: 80 - 84 years":{"Demographic":null,"2020":39,"% OF TOTAL":2.3,"2024":65,"2029":117},"Female population: 85 years and over":{"Demographic":null,"2020":31,"% OF TOTAL":1.7,"2024":49,"2029":84},"Male population: Median Age":{"Demographic":null,"2020":40,"% OF TOTAL":null,"2024":40,"2029":42},"Male population: Under 5 years":{"Demographic":null,"2020":145,"% OF TOTAL":5.5,"2024":204,"2029":274},"Male population: 5 - 9 years":{"Demographic":null,"2020":174,"% OF TOTAL":6.6,"2024":264,"2029":329},"Male population: 10 - 14 years":{"Demographic":null,"2020":151,"% OF TOTAL":6.0,"2024":214,"2029":298},"Male population: 15 - 19 years":{"Demographic":null,"2020":164,"% OF TOTAL":6.3,"2024":262,"2029":314},"Male population: 20 - 24 years":{"Demographic":null,"2020":113,"% OF TOTAL":5.0,"2024":173,"2029":250},"Male population: 25 - 29 years":{"Demographic":null,"2020":118,"% OF TOTAL":5.1,"2024":172,"2029":252},"Male population: 30 - 34 years":{"Demographic":null,"2020":136,"% OF TOTAL":5.2,"2024":193,"2029":258},"Male population: 35 - 39 years":{"Demographic":null,"2020":184,"% OF TOTAL":7.3,"2024":273,"2029":361},"Male population: 40 - 44 years":{"Demographic":null,"2020":168,"% OF TOTAL":7.5,"2024":263,"2029":375},"Male population: 45 - 49 years":{"Demographic":null,"2020":135,"% OF TOTAL":6.1,"2024":191,"2029":303},"Male population: 50 - 54 years":{"Demographic":null,"2020":158,"% OF TOTAL":6.0,"2024":238,"2029":301},"Male population: 55 - 59 years":{"Demographic":null,"2020":191,"% OF TOTAL":6.6,"2024":248,"2029":329},"Male population: 60 - 64 years":{"Demographic":null,"2020":179,"% OF TOTAL":6.8,"2024":268,"2029":340},"Male population: 65 - 69 years":{"Demographic":null,"2020":161,"% OF TOTAL":6.9,"2024":252,"2029":343},"Male population: 70 - 74 years":{"Demographic":null,"2020":143,"% OF TOTAL":6.2,"2024":207,"2029":309},"Male population: 75 - 79 years":{"Demographic":null,"2020":69,"% OF TOTAL":3.9,"2024":112,"2029":194},"Male population: 80 - 84 years":{"Demographic":null,"2020":32,"% OF TOTAL":2.1,"2024":56,"2029":106},"Male population: 85 years and over":{"Demographic":null,"2020":11,"% OF TOTAL":0.8,"2024":16,"2029":42},"White alone":{"Demographic":null,"2020":4122,"% OF TOTAL":83.9,"2024":6097,"2029":8400},"Black alone":{"Demographic":null,"2020":122,"% OF TOTAL":2.7,"2024":187,"2029":270},"American Indian and Alaska Native alone":{"Demographic":null,"2020":31,"% OF TOTAL":0.7,"2024":48,"2029":66},"Asian alone":{"Demographic":null,"2020":58,"% OF TOTAL":1.2,"2024":89,"2029":124},"Native Hawaiian and OPI alone":{"Demographic":null,"2020":0,"% OF TOTAL":0.0,"2024":0,"2029":0},"Some other race alone":{"Demographic":null,"2020":143,"% OF TOTAL":2.8,"2024":205,"2029":284},"Two or more races alone":{"Demographic":null,"2020":407,"% OF TOTAL":8.6,"2024":624,"2029":864},"Not Hispanic: White alone":{"Demographic":null,"2020":4050,"% OF TOTAL":82.2,"2024":5969,"2029":8222},"Not Hispanic: Black or African American alone":{"Demographic":null,"2020":115,"% OF TOTAL":2.5,"2024":175,"2029":253},"Not Hispanic: American Indian and Alaska Native alone":{"Demographic":null,"2020":27,"% OF TOTAL":0.5,"2024":38,"2029":52},"Not Hispanic: Asian alone":{"Demographic":null,"2020":56,"% OF TOTAL":1.2,"2024":86,"2029":120},"Not Hispanic: Native Hawaiian and OPI alone":{"Demographic":null,"2020":0,"% OF TOTAL":0.0,"2024":0,"2029":0},"Not Hispanic: Some Other Race alone":{"Demographic":null,"2020":18,"% OF TOTAL":0.3,"2024":23,"2029":31},"Not Hispanic: Two or More Races":{"Demographic":null,"2020":211,"% OF TOTAL":4.4,"2024":318,"2029":444},"Hispanic: White alone":{"Demographic":null,"2020":72,"% OF TOTAL":1.8,"2024":128,"2029":178},"Hispanic: Black or African American alone":{"Demographic":null,"2020":7,"% OF TOTAL":0.2,"2024":12,"2029":17},"Hispanic: American Indian and Alaska Native alone":{"Demographic":null,"2020":4,"% OF TOTAL":0.1,"2024":10,"2029":14},"Hispanic: Asian alone":{"Demographic":null,"2020":2,"% OF TOTAL":0.0,"2024":3,"2029":4},"Hispanic: Native Hawaiian and OPI alone":{"Demographic":null,"2020":0,"% OF TOTAL":0.0,"2024":0,"2029":0},"Hispanic: Some Other Race alone":{"Demographic":null,"2020":125,"% OF TOTAL":2.5,"2024":182,"2029":253},"Hispanic: Two or More Races":{"Demographic":null,"2020":196,"% OF TOTAL":4.2,"2024":306,"2029":420},"Educational Attainment: No High School Diploma":{"Demographic":null,"2020":248,"% OF TOTAL":null,"2024":367,"2029":null},"Educational Attainment: High School Diploma":{"Demographic":null,"2020":696,"% OF TOTAL":null,"2024":1030,"2029":null},"Educational Attainment: Some College":{"Demographic":null,"2020":995,"% OF TOTAL":null,"2024":1473,"2029":null},"Educational Attainment: Associates Degree":{"Demographic":null,"2020":314,"% OF TOTAL":null,"2024":465,"2029":null},"Educational Attainment: Bachelors Degree":{"Demographic":null,"2020":891,"% OF TOTAL":null,"2024":1319,"2029":null},"Educational Attainment: Advanced Degree":{"Demographic":null,"2020":326,"% OF TOTAL":null,"2024":482,"2029":null},"Employment Status: Armed Forces":{"Demographic":null,"2020":34,"% OF TOTAL":null,"2024":51,"2029":null},"Employment Status: Civilian labor force employed":{"Demographic":null,"2020":2007,"% OF TOTAL":null,"2024":3009,"2029":null},"Employment Status: Civilian labor force unemployed":{"Demographic":null,"2020":202,"% OF TOTAL":null,"2024":303,"2029":null},"Employment Status: Not in labor force":{"Demographic":null,"2020":1635,"% OF TOTAL":null,"2024":2452,"2029":null},"Employed in Agriculture and Mining Industries":{"Demographic":null,"2020":0,"% OF TOTAL":null,"2024":0,"2029":null},"Employed in Construction Industries":{"Demographic":null,"2020":211,"% OF TOTAL":null,"2024":316,"2029":null},"Employed in Manufacturing Industries":{"Demographic":null,"2020":98,"% OF TOTAL":null,"2024":147,"2029":null},"Employed in Wholesale Industries":{"Demographic":null,"2020":42,"% OF TOTAL":null,"2024":63,"2029":null},"Employed in Retail Industries":{"Demographic":null,"2020":217,"% OF TOTAL":null,"2024":325,"2029":null},"Employed in Transportation and Utilities Industries":{"Demographic":null,"2020":108,"% OF TOTAL":null,"2024":162,"2029":null},"Employed in Information Industries":{"Demographic":null,"2020":30,"% OF TOTAL":null,"2024":45,"2029":null},"Employed in Real-Estate Industries":{"Demographic":null,"2020":341,"% OF TOTAL":null,"2024":511,"2029":null},"Employed in Professional Industries":{"Demographic":null,"2020":258,"% OF TOTAL":null,"2024":387,"2029":null},"Employed in Health and Education Industries":{"Demographic":null,"2020":308,"% OF TOTAL":null,"2024":462,"2029":null},"Employed in Art Industries":{"Demographic":null,"2020":235,"% OF TOTAL":null,"2024":352,"2029":null},"Employed in Other Industries":{"Demographic":null,"2020":41,"% OF TOTAL":null,"2024":62,"2029":null},"Employed in Public Administration Industries":{"Demographic":null,"2020":118,"% OF TOTAL":null,"2024":177,"2029":null},"Occupation: Management":{"Demographic":null,"2020":355,"% OF TOTAL":null,"2024":532,"2029":null},"Occupation: Business and financial operations":{"Demographic":null,"2020":144,"% OF TOTAL":null,"2024":216,"2029":null},"Occupation: Computer and mathematical":{"Demographic":null,"2020":69,"% OF TOTAL":null,"2024":103,"2029":null},"Occupation: Architecture and engineering":{"Demographic":null,"2020":49,"% OF TOTAL":null,"2024":73,"2029":null},"Occupation: Life, physical, and social science":{"Demographic":null,"2020":11,"% OF TOTAL":null,"2024":17,"2029":null},"Occupation: Community and social service":{"Demographic":null,"2020":14,"% OF TOTAL":null,"2024":21,"2029":null},"Occupation: Legal":{"Demographic":null,"2020":16,"% OF TOTAL":null,"2024":24,"2029":null},"Occupation: Education, training, and library":{"Demographic":null,"2020":157,"% OF TOTAL":null,"2024":235,"2029":null},"Occupation: Arts, design, entertainment, sports, and media":{"Demographic":null,"2020":10,"% OF TOTAL":null,"2024":15,"2029":null},"Occupation: Health diagnosing and treating practitioners":{"Demographic":null,"2020":18,"% OF TOTAL":null,"2024":27,"2029":null},"Occupation: Health technologists and technicians":{"Demographic":null,"2020":43,"% OF TOTAL":null,"2024":64,"2029":null},"Occupation: Healthcare support":{"Demographic":null,"2020":18,"% OF TOTAL":null,"2024":27,"2029":null},"Occupation: Fire fighting and prevention":{"Demographic":null,"2020":26,"% OF TOTAL":null,"2024":39,"2029":null},"Occupation: Law enforcement workers":{"Demographic":null,"2020":5,"% OF TOTAL":null,"2024":8,"2029":null},"Occupation: Food preparation and serving related":{"Demographic":null,"2020":140,"% OF TOTAL":null,"2024":210,"2029":null},"Occupation: Building and grounds cleaning and maintenance":{"Demographic":null,"2020":72,"% OF TOTAL":null,"2024":108,"2029":null},"Occupation: Personal care and service":{"Demographic":null,"2020":8,"% OF TOTAL":null,"2024":12,"2029":null},"Occupation: Sales and related":{"Demographic":null,"2020":366,"% OF TOTAL":null,"2024":549,"2029":null},"Occupation: Office and administrative support":{"Demographic":null,"2020":98,"% OF TOTAL":null,"2024":147,"2029":null},"Occupation: Farming, fishing, and forestry":{"Demographic":null,"2020":0,"% OF TOTAL":null,"2024":0,"2029":null},"Occupation: Construction and extraction":{"Demographic":null,"2020":127,"% OF TOTAL":null,"2024":190,"2029":null},"Occupation: Installation, maintenance, and repair":{"Demographic":null,"2020":111,"% OF TOTAL":null,"2024":166,"2029":null},"Occupation: Production":{"Demographic":null,"2020":94,"% OF TOTAL":null,"2024":141,"2029":null},"Occupation: Transportation":{"Demographic":null,"2020":37,"% OF TOTAL":null,"2024":56,"2029":null},"Occupation: Material moving":{"Demographic":null,"2020":19,"% OF TOTAL":null,"2024":29,"2029":null},"White collar":{"Demographic":null,"2020":1350,"% OF TOTAL":null,"2024":2023,"2029":null},"Blue collar":{"Demographic":null,"2020":657,"% OF TOTAL":null,"2024":986,"2029":null},"Means of transportation: Car, truck or van":{"Demographic":null,"2020":1459,"% OF TOTAL":null,"2024":2187,"2029":null},"Means of transportation: Public transportation":{"Demographic":null,"2020":0,"% OF TOTAL":null,"2024":0,"2029":null},"Means of transportation: Other":{"Demographic":null,"2020":71,"% OF TOTAL":null,"2024":107,"2029":null},"Travel time: Average (in minutes)":{"Demographic":null,"2020":40,"% OF TOTAL":null,"2024":40,"2029":null},"Travel time to work: Less than 30 minutes":{"Demographic":null,"2020":615,"% OF TOTAL":null,"2024":922,"2029":null},"Travel time to work: 30 to 60 minutes":{"Demographic":null,"2020":688,"% OF TOTAL":null,"2024":1032,"2029":null},"Travel time to work: 60 or more minutes":{"Demographic":null,"2020":227,"% OF TOTAL":null,"2024":340,"2029":null}},"demographic_snapshot":{"Total Population":{"Demographic":null,"2020":4883,"% OF TOTAL":null,"2024":7250,"2029":10008},"Households":{"Demographic":null,"2020":1830,"% OF TOTAL":null,"2024":2692,"2029":3698},"Population in Group Quarters":{"Demographic":null,"2020":0,"% OF TOTAL":null,"2024":0,"2029":0},"Households Growth":{"Demographic":null,"2020":null,"% OF TOTAL":null,"2024":47.1,"2029":37.4},"Household Income: Median":{"Demographic":null,"2020":0,"% OF TOTAL":null,"2024":94984,"2029":131250},"Home Value: Median":{"Demographic":null,"2020":372998,"% OF TOTAL":null,"2024":373032,"2029":null},"Population Growth":{"Demographic":null,"2020":null,"% OF TOTAL":null,"2024":48.5,"2029":38.0},"Total Population: Under 19 years":{"Demographic":null,"2020":1213,"% OF TOTAL":23.4,"2024":1800,"2029":2344},"Total Population: 20 - 64 years":{"Demographic":null,"2020":2775,"% OF TOTAL":55.3,"2024":4058,"2029":5536},"Total Population: 65 years and over":{"Demographic":null,"2020":895,"% OF TOTAL":21.3,"2024":1392,"2029":2128},"Total population: Median age":{"Demographic":null,"2020":42,"% OF TOTAL":null,"2024":42,"2029":43},"Total population: Under 5 years":{"Demographic":null,"2020":295,"% OF TOTAL":5.6,"2024":416,"2029":558},"Total population: 5 - 9 years":{"Demographic":null,"2020":324,"% OF TOTAL":6.3,"2024":494,"2029":627},"Total population: 10 - 14 years":{"Demographic":null,"2020":320,"% OF TOTAL":6.1,"2024":460,"2029":609},"Total population: 15 - 19 years":{"Demographic":null,"2020":274,"% OF TOTAL":5.5,"2024":430,"2029":550},"Total population: 20 - 24 years":{"Demographic":null,"2020":200,"% OF TOTAL":4.4,"2024":314,"2029":440},"Total population: 25 - 29 years":{"Demographic":null,"2020":233,"% OF TOTAL":4.7,"2024":331,"2029":468},"Total population: 30 - 34 years":{"Demographic":null,"2020":289,"% OF TOTAL":5.3,"2024":404,"2029":535},"Total population: 35 - 39 years":{"Demographic":null,"2020":374,"% OF TOTAL":7.3,"2024":552,"2029":735},"Total population: 40 - 44 years":{"Demographic":null,"2020":329,"% OF TOTAL":7.6,"2024":528,"2029":759},"Total population: 45 - 49 years":{"Demographic":null,"2020":274,"% OF TOTAL":6.1,"2024":392,"2029":615},"Total population: 50 - 54 years":{"Demographic":null,"2020":311,"% OF TOTAL":5.9,"2024":461,"2029":594},"Total population: 55 - 59 years":{"Demographic":null,"2020":406,"% OF TOTAL":7.0,"2024":536,"2029":697},"Total population: 60 - 64 years":{"Demographic":null,"2020":359,"% OF TOTAL":6.9,"2024":540,"2029":693},"Total population: 65 - 69 years":{"Demographic":null,"2020":358,"% OF TOTAL":7.4,"2024":559,"2029":740},"Total population: 70 - 74 years":{"Demographic":null,"2020":286,"% OF TOTAL":6.5,"2024":423,"2029":647},"Total population: 75 - 79 years":{"Demographic":null,"2020":138,"% OF TOTAL":3.9,"2024":224,"2029":392},"Total population: 80 - 84 years":{"Demographic":null,"2020":71,"% OF TOTAL":2.2,"2024":121,"2029":223},"Total population: 85 years and over":{"Demographic":null,"2020":42,"% OF TOTAL":1.3,"2024":65,"2029":126},"Householders Age 15-24":{"Demographic":null,"2020":49,"% OF TOTAL":2.6,"2024":72,"2029":95},"Householders Age 25-34":{"Demographic":null,"2020":202,"% OF TOTAL":10.7,"2024":297,"2029":394},"Householders Age 35-44":{"Demographic":null,"2020":319,"% OF TOTAL":17.2,"2024":469,"2029":637},"Householders Age 45-54":{"Demographic":null,"2020":282,"% OF TOTAL":15.7,"2024":415,"2029":580},"Householders Age 55-64":{"Demographic":null,"2020":463,"% OF TOTAL":23.3,"2024":681,"2029":861},"Householders Age 65-74":{"Demographic":null,"2020":368,"% OF TOTAL":20.3,"2024":542,"2029":752},"Householders Age 75+":{"Demographic":null,"2020":147,"% OF TOTAL":10.2,"2024":216,"2029":379},"Household income: Average":{"Demographic":null,"2020":134321,"% OF TOTAL":null,"2024":135492,"2029":175641},"Household income: Less than 25k":{"Demographic":null,"2020":85,"% OF TOTAL":3.3,"2024":118,"2029":122},"Household income: 25k - 50k":{"Demographic":null,"2020":386,"% OF TOTAL":10.7,"2024":508,"2029":394},"Household income: 50k - 75k":{"Demographic":null,"2020":283,"% OF TOTAL":11.3,"2024":469,"2029":418},"Household income: 75k - 100k":{"Demographic":null,"2020":235,"% OF TOTAL":13.5,"2024":314,"2029":499},"Household income: 100k - 125k":{"Demographic":null,"2020":165,"% OF TOTAL":8.6,"2024":237,"2029":317},"Household income: 125k - 150k":{"Demographic":null,"2020":213,"% OF TOTAL":10.7,"2024":378,"2029":396},"Household income: 150k - 200k":{"Demographic":null,"2020":111,"% OF TOTAL":10.8,"2024":147,"2029":401},"Household income: Above 200k":{"Demographic":null,"2020":352,"% OF TOTAL":31.1,"2024":521,"2029":1151},"White Alone":{"Demographic":null,"2020":4122,"% OF TOTAL":83.9,"2024":6097,"2029":8400},"Black or African American Alone":{"Demographic":null,"2020":122,"% OF TOTAL":2.7,"2024":187,"2029":270},"American Indian and Alaska Native Alone":{"Demographic":null,"2020":31,"% OF TOTAL":0.7,"2024":48,"2029":66},"Asian Alone":{"Demographic":null,"2020":58,"% OF TOTAL":1.2,"2024":89,"2029":124},"Native Hawaiian and OPI Alone":{"Demographic":null,"2020":0,"% OF TOTAL":0.0,"2024":0,"2029":0},"Some Other Race Alone":{"Demographic":null,"2020":143,"% OF TOTAL":2.8,"2024":205,"2029":284},"Two or More Races Alone":{"Demographic":null,"2020":407,"% OF TOTAL":8.6,"2024":624,"2029":864},"Not Hispanic or Latino":{"Demographic":null,"2020":4477,"% OF TOTAL":91.1,"2024":6609,"2029":9122},"Hispanic or Latino":{"Demographic":null,"2020":406,"% OF TOTAL":8.9,"2024":641,"2029":886},"Total Housing Units":{"Demographic":null,"2020":1989,"% OF TOTAL":null,"2024":null,"2029":null},"Owner Occupied Housing Units":{"Demographic":null,"2020":1543,"% OF TOTAL":null,"2024":2270,"2029":null},"Renter Occupied Housing Units":{"Demographic":null,"2020":287,"% OF TOTAL":null,"2024":422,"2029":null},"Housing Units Value Less Than 100k":{"Demographic":null,"2020":34,"% OF TOTAL":null,"2024":50,"2029":null},"Housing Units Value 100k - 200k":{"Demographic":null,"2020":33,"% OF TOTAL":null,"2024":48,"2029":null},"Housing Units Value 200k - 250k":{"Demographic":null,"2020":151,"% OF TOTAL":null,"2024":222,"2029":null},"Housing Units Value 250k - 300k":{"Demographic":null,"2020":125,"% OF TOTAL":null,"2024":184,"2029":null},"Housing Units Value 300k - 400k":{"Demographic":null,"2020":587,"% OF TOTAL":null,"2024":864,"2029":null},"Housing Units Value 400k - 500k":{"Demographic":null,"2020":271,"% OF TOTAL":null,"2024":399,"2029":null},"Housing Units Value 500k - 750k":{"Demographic":null,"2020":302,"% OF TOTAL":null,"2024":444,"2029":null},"Housing Units Value 750k - 1m":{"Demographic":null,"2020":0,"% OF TOTAL":null,"2024":0,"2029":null},"Housing Units Value 1m - 1.5m":{"Demographic":null,"2020":0,"% OF TOTAL":null,"2024":0,"2029":null},"Housing Units Value 1.5m - 2m":{"Demographic":null,"2020":0,"% OF TOTAL":null,"2024":0,"2029":null},"Housing Units Value >2m":{"Demographic":null,"2020":40,"% OF TOTAL":null,"2024":59,"2029":null},"Take Car or Truck to Work":{"Demographic":null,"2020":1459,"% OF TOTAL":null,"2024":2187,"2029":null},"Take Public Transportation to Work":{"Demographic":null,"2020":0,"% OF TOTAL":null,"2024":0,"2029":null},"Take Other Means of Transportation to Work":{"Demographic":null,"2020":71,"% OF TOTAL":null,"2024":107,"2029":null},"Average Travel Time (min)":{"Demographic":null,"2020":40,"% OF TOTAL":null,"2024":40,"2029":null},"Travel Below 30 Min to Work":{"Demographic":null,"2020":615,"% OF TOTAL":null,"2024":922,"2029":null},"Travel 30-60 Min to Work":{"Demographic":null,"2020":688,"% OF TOTAL":null,"2024":1032,"2029":null},"Travel Above 60 Min to Work":{"Demographic":null,"2020":267,"% OF TOTAL":null,"2024":340,"2029":null},"Educational Attainment: No High School Diploma":{"Demographic":null,"2020":944,"% OF TOTAL":null,"2024":1397,"2029":null},"Educational Attainment: High School Diploma":{"Demographic":null,"2020":696,"% OF TOTAL":null,"2024":1030,"2029":null},"Educational Attainment: Some College":{"Demographic":null,"2020":2200,"% OF TOTAL":null,"2024":3257,"2029":null},"Educational Attainment: Associate's Degree":{"Demographic":null,"2020":314,"% OF TOTAL":null,"2024":465,"2029":null},"Educational Attainment: Bachelors Degree":{"Demographic":null,"2020":891,"% OF TOTAL":null,"2024":1319,"2029":null},"Educational Attainment: Advanced Degree":{"Demographic":null,"2020":326,"% OF TOTAL":null,"2024":482,"2029":null},"Households: Number of vehicles available - Average":{"Demographic":null,"2020":2,"% OF TOTAL":null,"2024":2,"2029":null},"Households: No Vehicle available":{"Demographic":null,"2020":41,"% OF TOTAL":null,"2024":60,"2029":null},"Households: 1 Vehicle available":{"Demographic":null,"2020":345,"% OF TOTAL":null,"2024":508,"2029":null},"Households: 2 Vehicles available":{"Demographic":null,"2020":873,"% OF TOTAL":null,"2024":1284,"2029":null},"Households: 3 Vehicles available":{"Demographic":null,"2020":410,"% OF TOTAL":null,"2024":603,"2029":null},"Households: 4 or more Vehicles available":{"Demographic":null,"2020":161,"% OF TOTAL":null,"2024":237,"2029":null}},"household_trends":{"Households":{"Demographic":null,"2020":1830,"% OF TOTAL":null,"2024":2692,"2029":3698},"Households Growth":{"Demographic":null,"2020":null,"% OF TOTAL":null,"2024":47.1,"2029":37.4},"Householder Age 15-24":{"Demographic":null,"2020":49,"% OF TOTAL":2.6,"2024":72,"2029":95},"Householder Age 25-34":{"Demographic":null,"2020":202,"% OF TOTAL":10.7,"2024":297,"2029":394},"Householder Age 35-44":{"Demographic":null,"2020":319,"% OF TOTAL":17.2,"2024":469,"2029":637},"Householder Age 45-54":{"Demographic":null,"2020":282,"% OF TOTAL":15.7,"2024":415,"2029":580},"Householder Age 55-64":{"Demographic":null,"2020":463,"% OF TOTAL":23.3,"2024":681,"2029":861},"Householder Age 65-74":{"Demographic":null,"2020":368,"% OF TOTAL":20.3,"2024":542,"2029":752},"Householder Age 75+":{"Demographic":null,"2020":147,"% OF TOTAL":10.2,"2024":216,"2029":379},"Average Household Size":{"Demographic":null,"2020":2.7,"% OF TOTAL":null,"2024":2.7,"2029":2.7},"1 Person Households":{"Demographic":null,"2020":327,"% OF TOTAL":17.5,"2024":476,"2029":648},"2 Person Households":{"Demographic":null,"2020":751,"% OF TOTAL":40.6,"2024":1098,"2029":1501},"3 Person Households":{"Demographic":null,"2020":284,"% OF TOTAL":15.3,"2024":415,"2029":566},"4 Person Households":{"Demographic":null,"2020":250,"% OF TOTAL":14.2,"2024":376,"2029":526},"5 Person Households":{"Demographic":null,"2020":123,"% OF TOTAL":7.0,"2024":185,"2029":259},"6 Person Households":{"Demographic":null,"2020":59,"% OF TOTAL":3.4,"2024":89,"2029":124},"7+ Person Households":{"Demographic":null,"2020":36,"% OF TOTAL":2.0,"2024":53,"2029":74},"Household Type: Family":{"Demographic":null,"2020":1418,"% OF TOTAL":null,"2024":2086,"2029":null},"Household Type: Married Family":{"Demographic":null,"2020":1163,"% OF TOTAL":null,"2024":1710,"2029":null},"Household Type: Married Family With Children":{"Demographic":null,"2020":402,"% OF TOTAL":null,"2024":591,"2029":null},"Household Type: Married Family Without Children":{"Demographic":null,"2020":761,"% OF TOTAL":null,"2024":1119,"2029":null},"Household Type: Other Family":{"Demographic":null,"2020":255,"% OF TOTAL":null,"2024":376,"2029":null},"Household Type: Male Households, No Wife":{"Demographic":null,"2020":77,"% OF TOTAL":null,"2024":114,"2029":null},"Household Type: Male Households, No Wife With Children":{"Demographic":null,"2020":33,"% OF TOTAL":null,"2024":49,"2029":null},"Household Type: Male Households, No Wife Without Children":{"Demographic":null,"2020":44,"% OF TOTAL":null,"2024":65,"2029":null},"Household Type: Female Households, No Husband":{"Demographic":null,"2020":178,"% OF TOTAL":null,"2024":262,"2029":null},"Household Type: Female Households, No Husband With Children":{"Demographic":null,"2020":75,"% OF TOTAL":null,"2024":111,"2029":null},"Household Type: Female Households, No Husband Without Children":{"Demographic":null,"2020":103,"% OF TOTAL":null,"2024":151,"2029":null},"Household Income: Average":{"Demographic":null,"2020":134321,"% OF TOTAL":null,"2024":135492,"2029":175641},"Household Income: Median":{"Demographic":null,"2020":0,"% OF TOTAL":null,"2024":94984,"2029":131250},"Household Income: Less than $25k":{"Demographic":null,"2020":85,"% OF TOTAL":3.3,"2024":118,"2029":122},"Household Income: $25k - $50k":{"Demographic":null,"2020":386,"% OF TOTAL":10.7,"2024":508,"2029":394},"Household Income: $50k - $75k":{"Demographic":null,"2020":283,"% OF TOTAL":11.3,"2024":469,"2029":418},"Household Income: $75k - $100k":{"Demographic":null,"2020":235,"% OF TOTAL":13.5,"2024":314,"2029":499},"Household Income: $100k - $125k":{"Demographic":null,"2020":165,"% OF TOTAL":8.6,"2024":237,"2029":317},"Household Income: $125k - $150k":{"Demographic":null,"2020":213,"% OF TOTAL":10.7,"2024":378,"2029":396},"Household Income: $150k - $200k":{"Demographic":null,"2020":111,"% OF TOTAL":10.8,"2024":147,"2029":401},"Household Income: Above $200k":{"Demographic":null,"2020":352,"% OF TOTAL":31.1,"2024":521,"2029":1151},"Total Housing Units":{"Demographic":null,"2020":1989,"% OF TOTAL":null,"2024":null,"2029":null},"Owner Occupied Housing Units":{"Demographic":null,"2020":1543,"% OF TOTAL":null,"2024":2270,"2029":null},"Renter Occupied Housing Units":{"Demographic":null,"2020":287,"% OF TOTAL":null,"2024":422,"2029":null},"Vacant Housing Units":{"Demographic":null,"2020":159,"% OF TOTAL":null,"2024":null,"2029":null},"Vacant Housing Units: Seasonal":{"Demographic":null,"2020":49,"% OF TOTAL":null,"2024":null,"2029":null},"Vacant Housing Units: Other Usage":{"Demographic":null,"2020":110,"% OF TOTAL":null,"2024":null,"2029":null},"Average Housing Unit Value":{"Demographic":null,"2020":460779,"% OF TOTAL":null,"2024":460993,"2029":null},"Median Housing Unit Value":{"Demographic":null,"2020":372998,"% OF TOTAL":null,"2024":373032,"2029":null},"Housing Unit Value Less Than $100k":{"Demographic":null,"2020":34,"% OF TOTAL":null,"2024":50,"2029":null},"Housing Unit Value $100k-$200k":{"Demographic":null,"2020":33,"% OF TOTAL":null,"2024":48,"2029":null},"Housing Unit Value $200k-$250k":{"Demographic":null,"2020":151,"% OF TOTAL":null,"2024":222,"2029":null},"Housing Unit Value $250k-$300k":{"Demographic":null,"2020":125,"% OF TOTAL":null,"2024":184,"2029":null},"Housing Unit Value $300k-$400k":{"Demographic":null,"2020":587,"% OF TOTAL":null,"2024":864,"2029":null},"Housing Unit Value $400k-$500k":{"Demographic":null,"2020":271,"% OF TOTAL":null,"2024":399,"2029":null},"Housing Unit Value $500k-$750k":{"Demographic":null,"2020":302,"% OF TOTAL":null,"2024":444,"2029":null},"Housing Unit Value $750k-$1m":{"Demographic":null,"2020":0,"% OF TOTAL":null,"2024":0,"2029":null},"Housing Unit Value $1m-$1.5m":{"Demographic":null,"2020":0,"% OF TOTAL":null,"2024":0,"2029":null},"Housing Unit Value $1.5m-$2m":{"Demographic":null,"2020":0,"% OF TOTAL":null,"2024":0,"2029":null},"Housing Unit Value Above $2m":{"Demographic":null,"2020":40,"% OF TOTAL":null,"2024":59,"2029":null},"Median Housing Unit Year Built":{"Demographic":null,"2020":2011,"% OF TOTAL":null,"2024":2011,"2029":null},"Housing Units Built 2014 Or After":{"Demographic":null,"2020":47,"% OF TOTAL":null,"2024":69,"2029":null},"Housing Units Built 2010-2013":{"Demographic":null,"2020":1028,"% OF TOTAL":null,"2024":1512,"2029":null},"Housing Units Built 2000-2009":{"Demographic":null,"2020":460,"% OF TOTAL":null,"2024":677,"2029":null},"Housing Units Built 1990-1999":{"Demographic":null,"2020":96,"% OF TOTAL":null,"2024":142,"2029":null},"Housing Units Built 1980-1989":{"Demographic":null,"2020":71,"% OF TOTAL":null,"2024":104,"2029":null},"Housing Units Built 1970-1979":{"Demographic":null,"2020":85,"% OF TOTAL":null,"2024":125,"2029":null},"Housing Units Built 1960-1969":{"Demographic":null,"2020":5,"% OF TOTAL":null,"2024":7,"2029":null},"Housing Units Built 1950-1959":{"Demographic":null,"2020":9,"% OF TOTAL":null,"2024":13,"2029":null},"Housing Units Built 1940-1949":{"Demographic":null,"2020":0,"% OF TOTAL":null,"2024":0,"2029":null},"Housing Units Built Before 1940":{"Demographic":null,"2020":29,"% OF TOTAL":null,"2024":43,"2029":null}}},"geometry":{"type":"Polygon","coordinates":[[[-86.18747747029582,30.453159338360848],[-86.20629404243712,30.47446954857655],[-86.206565248646,30.47697379955293],[-86.18126587891652,30.47697379955293],[-86.18126587891652,30.45382114211274],[-86.18747747029582,30.453159338360848]]]}},{"type":"Feature","properties":{"block":"025","block_num":25,"submarket":"Freeport","CentroidLon":-86.16344481020661,"CentroidLat":30.464155975438963,"data_status":"no data","is_anomalous":false,"anomaly_reason":null,"files_present":""},"geometry":{"type":"Polygon","coordinates":[[[-86.16362297488678,30.45570087620473],[-86.18126587891652,30.45382114211274],[-86.18126587891652,30.47697379955293],[-86.14771160230279,30.47697379955293],[-86.14771160230279,30.448060366371873],[-86.16196400064203,30.448060366371873],[-86.16362297488678,30.45570087620473]]]}},{"type":"Feature","properties":{"block":"026","block_num":26,"submarket":"Freeport","CentroidLon":-86.13093446399593,"CentroidLat":30.462517082962407,"data_status":"no data","is_anomalous":false,"anomaly_reason":null,"files_present":""},"geometry":{"type":"Polygon","coordinates":[[[-86.14771160230279,30.448060366371873],[-86.14771160230279,30.47697379955293],[-86.11415732568906,30.47697379955293],[-86.11415732568906,30.448060366371873],[-86.14771160230279,30.448060366371873]]]}},{"type":"Feature","properties":{"block":"027","block_num":27,"submarket":"Freeport","CentroidLon":-86.09738018738219,"CentroidLat":30.462517082962407,"data_status":"no data","is_anomalous":false,"anomaly_reason":null,"files_present":""},"geometry":{"type":"Polygon","coordinates":[[[-86.11415732568906,30.448060366371873],[-86.11415732568906,30.47697379955293],[-86.08060304907534,30.47697379955293],[-86.08060304907534,30.448060366371873],[-86.11415732568906,30.448060366371873]]]}},{"type":"Feature","properties":{"block":"028","block_num":28,"submarket":"Freeport","CentroidLon":-86.06382591076847,"CentroidLat":30.462517082962407,"data_status":"no data","is_anomalous":false,"anomaly_reason":null,"files_present":""},"geometry":{"type":"Polygon","coordinates":[[[-86.08060304907534,30.448060366371873],[-86.08060304907534,30.47697379955293],[-86.04704877246161,30.47697379955293],[-86.04704877246161,30.448060366371873],[-86.08060304907534,30.448060366371873]]]}},{"type":"Feature","properties":{"block":"029","block_num":29,"submarket":"Freeport","CentroidLon":-86.03027163415474,"CentroidLat":30.462517082962407,"data_status":"no data","is_anomalous":false,"anomaly_reason":null,"files_present":""},"geometry":{"type":"Polygon","coordinates":[[[-86.04704877246161,30.448060366371873],[-86.04704877246161,30.47697379955293],[-86.01349449584788,30.47697379955293],[-86.01349449584788,30.448060366371873],[-86.04704877246161,30.448060366371873]]]}},{"type":"Feature","properties":{"block":"030","block_num":30,"submarket":"Freeport","CentroidLon":-86.0090609031187,"CentroidLat":30.46230963609554,"data_status":"no data","is_anomalous":false,"anomaly_reason":null,"files_present":""},"geometry":{"type":"Polygon","coordinates":[[[-86.00472639830953,30.476172813012],[-86.00443566214541,30.448060366371873],[-86.01349449584788,30.448060366371873],[-86.01349449584788,30.47697379955293],[-86.01038971576403,30.47697379955293],[-86.00472639830953,30.476172813012]]]}},{"type":"Feature","properties":{"block":"031","block_num":31,"submarket":"Freeport","CentroidLon":-86.15385605247445,"CentroidLat":30.4399698990531,"data_status":"usable","is_anomalous":false,"anomaly_reason":null,"files_present":"ConsumerSegmentation-26.08.10.csv;DemographicSnapshot-26.08.10.csv;HouseholdIncomeByAge-26.08.10.csv;HouseholdTrends-26.08.10.csv;PopulationTrends-26.08.10.csv","population_2024":2066,"population_2029":2358,"households_2024":773,"households_2029":878,"median_household_income_2024":70103,"median_household_income_2029":75214,"mean_household_income_2024":null,"mean_household_income_2029":null,"median_age_2024":37,"median_age_2029":38,"median_home_value_2024":349107,"average_household_size_2024":2.7,"average_household_size_2029":2.7,"population_growth_2024_2029":12.3,"households_growth_2024_2029":11.2,"consumer_segments":{"Entry Level Suburban":{"households":78,"pct":16.0},"Feature and Location":{"households":74,"pct":15.1},"Elite":{"households":53,"pct":10.8},"Active Adult Elite":{"households":48,"pct":9.8},"Simple Life Affluent No Children":{"households":45,"pct":9.2},"Active Adult Feature and Location":{"households":43,"pct":8.8},"Family Life School Age Children":{"households":42,"pct":8.6},"Simple Life Moderate Income No Children":{"households":25,"pct":5.1},"Family Life Young Children":{"households":22,"pct":4.5},"Renters":{"households":21,"pct":4.3},"Active Adult Entry Level":{"households":17,"pct":3.5},"Renters Near Term Buyers":{"households":13,"pct":2.7},"Simple Life Moderate Income With Children":{"households":8,"pct":1.6},"Entry Level Urban":{"households":0,"pct":0.0}},"income_age":{"2020":{},"2024":{},"2029":{}},"population_trends":{"Total Population":{"Demographic":null,"2020":1840,"% OF TOTAL":null,"2024":2066,"2029":2358},"Population Growth":{"Demographic":null,"2020":null,"% OF TOTAL":null,"2024":12.3,"2029":14.1},"Female Population":{"Demographic":null,"2020":900,"% OF TOTAL":49.0,"2024":1012,"2029":1155},"Male Population":{"Demographic":null,"2020":940,"% OF TOTAL":51.0,"2024":1054,"2029":1203},"Total population: Median Age":{"Demographic":null,"2020":37,"% OF TOTAL":null,"2024":37,"2029":38},"Total population: Under 5 years":{"Demographic":null,"2020":135,"% OF TOTAL":6.9,"2024":148,"2029":162},"Total population: 5 - 9 years":{"Demographic":null,"2020":103,"% OF TOTAL":6.0,"2024":119,"2029":142},"Total population: 10 - 14 years":{"Demographic":null,"2020":139,"% OF TOTAL":6.5,"2024":153,"2029":153},"Total population: 15 - 19 years":{"Demographic":null,"2020":129,"% OF TOTAL":6.9,"2024":156,"2029":163},"Total population: 20 - 24 years":{"Demographic":null,"2020":70,"% OF TOTAL":4.6,"2024":84,"2029":109},"Total population: 25 - 29 years":{"Demographic":null,"2020":133,"% OF TOTAL":6.3,"2024":143,"2029":149},"Total population: 30 - 34 years":{"Demographic":null,"2020":142,"% OF TOTAL":7.4,"2024":154,"2029":175},"Total population: 35 - 39 years":{"Demographic":null,"2020":123,"% OF TOTAL":7.1,"2024":134,"2029":167},"Total population: 40 - 44 years":{"Demographic":null,"2020":104,"% OF TOTAL":6.2,"2024":123,"2029":146},"Total population: 45 - 49 years":{"Demographic":null,"2020":80,"% OF TOTAL":4.9,"2024":89,"2029":116},"Total population: 50 - 54 years":{"Demographic":null,"2020":77,"% OF TOTAL":4.1,"2024":88,"2029":97},"Total population: 55 - 59 years":{"Demographic":null,"2020":125,"% OF TOTAL":5.3,"2024":123,"2029":126},"Total population: 60 - 64 years":{"Demographic":null,"2020":144,"% OF TOTAL":6.9,"2024":164,"2029":162},"Total population: 65 - 69 years":{"Demographic":null,"2020":95,"% OF TOTAL":5.9,"2024":109,"2029":138},"Total population: 70 - 74 years":{"Demographic":null,"2020":107,"% OF TOTAL":5.7,"2024":120,"2029":135},"Total population: 75 - 79 years":{"Demographic":null,"2020":59,"% OF TOTAL":4.1,"2024":71,"2029":97},"Total population: 80 - 84 years":{"Demographic":null,"2020":42,"% OF TOTAL":2.9,"2024":51,"2029":69},"Total population: 85 years and over":{"Demographic":null,"2020":33,"% OF TOTAL":2.2,"2024":37,"2029":52},"Female population: Median Age":{"Demographic":null,"2020":38,"% OF TOTAL":null,"2024":38,"2029":39},"Female population: Under 5 years":{"Demographic":null,"2020":65,"% OF TOTAL":6.8,"2024":71,"2029":78},"Female population: 5 - 9 years":{"Demographic":null,"2020":49,"% OF TOTAL":5.8,"2024":56,"2029":67},"Female population: 10 - 14 years":{"Demographic":null,"2020":53,"% OF TOTAL":5.3,"2024":59,"2029":61},"Female population: 15 - 19 years":{"Demographic":null,"2020":71,"% OF TOTAL":6.9,"2024":83,"2029":80},"Female population: 20 - 24 years":{"Demographic":null,"2020":31,"% OF TOTAL":4.7,"2024":38,"2029":54},"Female population: 25 - 29 years":{"Demographic":null,"2020":69,"% OF TOTAL":6.2,"2024":73,"2029":72},"Female population: 30 - 34 years":{"Demographic":null,"2020":62,"% OF TOTAL":7.2,"2024":68,"2029":83},"Female population: 35 - 39 years":{"Demographic":null,"2020":68,"% OF TOTAL":7.5,"2024":75,"2029":87},"Female population: 40 - 44 years":{"Demographic":null,"2020":50,"% OF TOTAL":6.6,"2024":61,"2029":76},"Female population: 45 - 49 years":{"Demographic":null,"2020":43,"% OF TOTAL":5.5,"2024":50,"2029":63},"Female population: 50 - 54 years":{"Demographic":null,"2020":39,"% OF TOTAL":4.2,"2024":42,"2029":49},"Female population: 55 - 59 years":{"Demographic":null,"2020":56,"% OF TOTAL":4.9,"2024":55,"2029":57},"Female population: 60 - 64 years":{"Demographic":null,"2020":72,"% OF TOTAL":6.7,"2024":82,"2029":77},"Female population: 65 - 69 years":{"Demographic":null,"2020":50,"% OF TOTAL":6.1,"2024":57,"2029":70},"Female population: 70 - 74 years":{"Demographic":null,"2020":48,"% OF TOTAL":5.5,"2024":54,"2029":63},"Female population: 75 - 79 years":{"Demographic":null,"2020":34,"% OF TOTAL":4.3,"2024":41,"2029":50},"Female population: 80 - 84 years":{"Demographic":null,"2020":28,"% OF TOTAL":3.7,"2024":33,"2029":43},"Female population: 85 years and over":{"Demographic":null,"2020":12,"% OF TOTAL":2.2,"2024":14,"2029":25},"Male population: Median Age":{"Demographic":null,"2020":36,"% OF TOTAL":null,"2024":36,"2029":37},"Male population: Under 5 years":{"Demographic":null,"2020":70,"% OF TOTAL":7.0,"2024":77,"2029":84},"Male population: 5 - 9 years":{"Demographic":null,"2020":54,"% OF TOTAL":6.2,"2024":63,"2029":75},"Male population: 10 - 14 years":{"Demographic":null,"2020":86,"% OF TOTAL":7.6,"2024":94,"2029":92},"Male population: 15 - 19 years":{"Demographic":null,"2020":58,"% OF TOTAL":6.9,"2024":73,"2029":83},"Male population: 20 - 24 years":{"Demographic":null,"2020":39,"% OF TOTAL":4.6,"2024":46,"2029":55},"Male population: 25 - 29 years":{"Demographic":null,"2020":64,"% OF TOTAL":6.4,"2024":70,"2029":77},"Male population: 30 - 34 years":{"Demographic":null,"2020":80,"% OF TOTAL":7.6,"2024":86,"2029":92},"Male population: 35 - 39 years":{"Demographic":null,"2020":55,"% OF TOTAL":6.7,"2024":59,"2029":80},"Male population: 40 - 44 years":{"Demographic":null,"2020":54,"% OF TOTAL":5.8,"2024":62,"2029":70},"Male population: 45 - 49 years":{"Demographic":null,"2020":37,"% OF TOTAL":4.4,"2024":39,"2029":53},"Male population: 50 - 54 years":{"Demographic":null,"2020":38,"% OF TOTAL":4.0,"2024":46,"2029":48},"Male population: 55 - 59 years":{"Demographic":null,"2020":69,"% OF TOTAL":5.7,"2024":68,"2029":69},"Male population: 60 - 64 years":{"Demographic":null,"2020":72,"% OF TOTAL":7.1,"2024":82,"2029":85},"Male population: 65 - 69 years":{"Demographic":null,"2020":45,"% OF TOTAL":5.7,"2024":52,"2029":68},"Male population: 70 - 74 years":{"Demographic":null,"2020":59,"% OF TOTAL":6.0,"2024":66,"2029":72},"Male population: 75 - 79 years":{"Demographic":null,"2020":25,"% OF TOTAL":3.9,"2024":30,"2029":47},"Male population: 80 - 84 years":{"Demographic":null,"2020":14,"% OF TOTAL":2.2,"2024":18,"2029":26},"Male population: 85 years and over":{"Demographic":null,"2020":21,"% OF TOTAL":2.2,"2024":23,"2029":27},"White alone":{"Demographic":null,"2020":1478,"% OF TOTAL":79.8,"2024":1652,"2029":1881},"Black alone":{"Demographic":null,"2020":42,"% OF TOTAL":2.4,"2024":48,"2029":57},"American Indian and Alaska Native alone":{"Demographic":null,"2020":6,"% OF TOTAL":0.3,"2024":6,"2029":7},"Asian alone":{"Demographic":null,"2020":24,"% OF TOTAL":1.4,"2024":28,"2029":32},"Native Hawaiian and OPI alone":{"Demographic":null,"2020":1,"% OF TOTAL":0.0,"2024":1,"2029":1},"Some other race alone":{"Demographic":null,"2020":121,"% OF TOTAL":6.6,"2024":135,"2029":155},"Two or more races alone":{"Demographic":null,"2020":168,"% OF TOTAL":9.5,"2024":196,"2029":225},"Not Hispanic: White alone":{"Demographic":null,"2020":1439,"% OF TOTAL":77.2,"2024":1599,"2029":1820},"Not Hispanic: Black or African American alone":{"Demographic":null,"2020":42,"% OF TOTAL":2.4,"2024":48,"2029":57},"Not Hispanic: American Indian and Alaska Native alone":{"Demographic":null,"2020":6,"% OF TOTAL":0.3,"2024":6,"2029":7},"Not Hispanic: Asian alone":{"Demographic":null,"2020":24,"% OF TOTAL":1.4,"2024":28,"2029":32},"Not Hispanic: Native Hawaiian and OPI alone":{"Demographic":null,"2020":1,"% OF TOTAL":0.0,"2024":1,"2029":1},"Not Hispanic: Some Other Race alone":{"Demographic":null,"2020":5,"% OF TOTAL":0.3,"2024":5,"2029":6},"Not Hispanic: Two or More Races":{"Demographic":null,"2020":95,"% OF TOTAL":5.3,"2024":108,"2029":125},"Hispanic: White alone":{"Demographic":null,"2020":39,"% OF TOTAL":2.6,"2024":53,"2029":61},"Hispanic: Black or African American alone":{"Demographic":null,"2020":0,"% OF TOTAL":0.0,"2024":0,"2029":0},"Hispanic: American Indian and Alaska Native alone":{"Demographic":null,"2020":0,"% OF TOTAL":0.0,"2024":0,"2029":0},"Hispanic: Asian alone":{"Demographic":null,"2020":0,"% OF TOTAL":0.0,"2024":0,"2029":0},"Hispanic: Native Hawaiian and OPI alone":{"Demographic":null,"2020":0,"% OF TOTAL":0.0,"2024":0,"2029":0},"Hispanic: Some Other Race alone":{"Demographic":null,"2020":116,"% OF TOTAL":6.3,"2024":130,"2029":149},"Hispanic: Two or More Races":{"Demographic":null,"2020":73,"% OF TOTAL":4.2,"2024":88,"2029":100},"Educational Attainment: No High School Diploma":{"Demographic":null,"2020":35,"% OF TOTAL":null,"2024":39,"2029":null},"Educational Attainment: High School Diploma":{"Demographic":null,"2020":205,"% OF TOTAL":null,"2024":228,"2029":null},"Educational Attainment: Some College":{"Demographic":null,"2020":317,"% OF TOTAL":null,"2024":353,"2029":null},"Educational Attainment: Associates Degree":{"Demographic":null,"2020":257,"% OF TOTAL":null,"2024":286,"2029":null},"Educational Attainment: Bachelors Degree":{"Demographic":null,"2020":350,"% OF TOTAL":null,"2024":389,"2029":null},"Educational Attainment: Advanced Degree":{"Demographic":null,"2020":100,"% OF TOTAL":null,"2024":111,"2029":null},"Employment Status: Armed Forces":{"Demographic":null,"2020":0,"% OF TOTAL":null,"2024":0,"2029":null},"Employment Status: Civilian labor force employed":{"Demographic":null,"2020":1136,"% OF TOTAL":null,"2024":1297,"2029":null},"Employment Status: Civilian labor force unemployed":{"Demographic":null,"2020":18,"% OF TOTAL":null,"2024":21,"2029":null},"Employment Status: Not in labor force":{"Demographic":null,"2020":279,"% OF TOTAL":null,"2024":319,"2029":null},"Employed in Agriculture and Mining Industries":{"Demographic":null,"2020":0,"% OF TOTAL":null,"2024":0,"2029":null},"Employed in Construction Industries":{"Demographic":null,"2020":322,"% OF TOTAL":null,"2024":368,"2029":null},"Employed in Manufacturing Industries":{"Demographic":null,"2020":21,"% OF TOTAL":null,"2024":24,"2029":null},"Employed in Wholesale Industries":{"Demographic":null,"2020":0,"% OF TOTAL":null,"2024":0,"2029":null},"Employed in Retail Industries":{"Demographic":null,"2020":97,"% OF TOTAL":null,"2024":111,"2029":null},"Employed in Transportation and Utilities Industries":{"Demographic":null,"2020":52,"% OF TOTAL":null,"2024":59,"2029":null},"Employed in Information Industries":{"Demographic":null,"2020":21,"% OF TOTAL":null,"2024":24,"2029":null},"Employed in Real-Estate Industries":{"Demographic":null,"2020":82,"% OF TOTAL":null,"2024":94,"2029":null},"Employed in Professional Industries":{"Demographic":null,"2020":111,"% OF TOTAL":null,"2024":127,"2029":null},"Employed in Health and Education Industries":{"Demographic":null,"2020":194,"% OF TOTAL":null,"2024":221,"2029":null},"Employed in Art Industries":{"Demographic":null,"2020":92,"% OF TOTAL":null,"2024":105,"2029":null},"Employed in Other Industries":{"Demographic":null,"2020":37,"% OF TOTAL":null,"2024":42,"2029":null},"Employed in Public Administration Industries":{"Demographic":null,"2020":107,"% OF TOTAL":null,"2024":122,"2029":null},"Occupation: Management":{"Demographic":null,"2020":185,"% OF TOTAL":null,"2024":211,"2029":null},"Occupation: Business and financial operations":{"Demographic":null,"2020":71,"% OF TOTAL":null,"2024":81,"2029":null},"Occupation: Computer and mathematical":{"Demographic":null,"2020":11,"% OF TOTAL":null,"2024":13,"2029":null},"Occupation: Architecture and engineering":{"Demographic":null,"2020":0,"% OF TOTAL":null,"2024":0,"2029":null},"Occupation: Life, physical, and social science":{"Demographic":null,"2020":0,"% OF TOTAL":null,"2024":0,"2029":null},"Occupation: Community and social service":{"Demographic":null,"2020":0,"% OF TOTAL":null,"2024":0,"2029":null},"Occupation: Legal":{"Demographic":null,"2020":0,"% OF TOTAL":null,"2024":0,"2029":null},"Occupation: Education, training, and library":{"Demographic":null,"2020":99,"% OF TOTAL":null,"2024":113,"2029":null},"Occupation: Arts, design, entertainment, sports, and media":{"Demographic":null,"2020":0,"% OF TOTAL":null,"2024":0,"2029":null},"Occupation: Health diagnosing and treating practitioners":{"Demographic":null,"2020":47,"% OF TOTAL":null,"2024":54,"2029":null},"Occupation: Health technologists and technicians":{"Demographic":null,"2020":0,"% OF TOTAL":null,"2024":0,"2029":null},"Occupation: Healthcare support":{"Demographic":null,"2020":15,"% OF TOTAL":null,"2024":17,"2029":null},"Occupation: Fire fighting and prevention":{"Demographic":null,"2020":0,"% OF TOTAL":null,"2024":0,"2029":null},"Occupation: Law enforcement workers":{"Demographic":null,"2020":68,"% OF TOTAL":null,"2024":78,"2029":null},"Occupation: Food preparation and serving related":{"Demographic":null,"2020":11,"% OF TOTAL":null,"2024":13,"2029":null},"Occupation: Building and grounds cleaning and maintenance":{"Demographic":null,"2020":123,"% OF TOTAL":null,"2024":140,"2029":null},"Occupation: Personal care and service":{"Demographic":null,"2020":54,"% OF TOTAL":null,"2024":62,"2029":null},"Occupation: Sales and related":{"Demographic":null,"2020":85,"% OF TOTAL":null,"2024":97,"2029":null},"Occupation: Office and administrative support":{"Demographic":null,"2020":116,"% OF TOTAL":null,"2024":132,"2029":null},"Occupation: Farming, fishing, and forestry":{"Demographic":null,"2020":6,"% OF TOTAL":null,"2024":7,"2029":null},"Occupation: Construction and extraction":{"Demographic":null,"2020":164,"% OF TOTAL":null,"2024":187,"2029":null},"Occupation: Installation, maintenance, and repair":{"Demographic":null,"2020":0,"% OF TOTAL":null,"2024":0,"2029":null},"Occupation: Production":{"Demographic":null,"2020":29,"% OF TOTAL":null,"2024":33,"2029":null},"Occupation: Transportation":{"Demographic":null,"2020":52,"% OF TOTAL":null,"2024":59,"2029":null},"Occupation: Material moving":{"Demographic":null,"2020":0,"% OF TOTAL":null,"2024":0,"2029":null},"White collar":{"Demographic":null,"2020":614,"% OF TOTAL":null,"2024":701,"2029":null},"Blue collar":{"Demographic":null,"2020":522,"% OF TOTAL":null,"2024":596,"2029":null},"Means of transportation: Car, truck or van":{"Demographic":null,"2020":839,"% OF TOTAL":null,"2024":959,"2029":null},"Means of transportation: Public transportation":{"Demographic":null,"2020":0,"% OF TOTAL":null,"2024":0,"2029":null},"Means of transportation: Other":{"Demographic":null,"2020":53,"% OF TOTAL":null,"2024":60,"2029":null},"Travel time: Average (in minutes)":{"Demographic":null,"2020":31,"% OF TOTAL":null,"2024":31,"2029":null},"Travel time to work: Less than 30 minutes":{"Demographic":null,"2020":462,"% OF TOTAL":null,"2024":528,"2029":null},"Travel time to work: 30 to 60 minutes":{"Demographic":null,"2020":378,"% OF TOTAL":null,"2024":432,"2029":null},"Travel time to work: 60 or more minutes":{"Demographic":null,"2020":52,"% OF TOTAL":null,"2024":59,"2029":null}},"demographic_snapshot":{"Total Population":{"Demographic":null,"2020":1840,"% OF TOTAL":null,"2024":2066,"2029":2358},"Households":{"Demographic":null,"2020":695,"% OF TOTAL":null,"2024":773,"2029":878},"Population in Group Quarters":{"Demographic":null,"2020":0,"% OF TOTAL":null,"2024":0,"2029":0},"Households Growth":{"Demographic":null,"2020":null,"% OF TOTAL":null,"2024":11.2,"2029":13.6},"Household Income: Median":{"Demographic":null,"2020":0,"% OF TOTAL":null,"2024":70103,"2029":75214},"Home Value: Median":{"Demographic":null,"2020":349007,"% OF TOTAL":null,"2024":349107,"2029":null},"Population Growth":{"Demographic":null,"2020":null,"% OF TOTAL":null,"2024":12.3,"2029":14.1},"Total Population: Under 19 years":{"Demographic":null,"2020":506,"% OF TOTAL":26.3,"2024":576,"2029":620},"Total Population: 20 - 64 years":{"Demographic":null,"2020":998,"% OF TOTAL":52.9,"2024":1102,"2029":1247},"Total Population: 65 years and over":{"Demographic":null,"2020":336,"% OF TOTAL":20.8,"2024":388,"2029":491},"Total population: Median age":{"Demographic":null,"2020":37,"% OF TOTAL":null,"2024":37,"2029":38},"Total population: Under 5 years":{"Demographic":null,"2020":135,"% OF TOTAL":6.9,"2024":148,"2029":162},"Total population: 5 - 9 years":{"Demographic":null,"2020":103,"% OF TOTAL":6.0,"2024":119,"2029":142},"Total population: 10 - 14 years":{"Demographic":null,"2020":139,"% OF TOTAL":6.5,"2024":153,"2029":153},"Total population: 15 - 19 years":{"Demographic":null,"2020":129,"% OF TOTAL":6.9,"2024":156,"2029":163},"Total population: 20 - 24 years":{"Demographic":null,"2020":70,"% OF TOTAL":4.6,"2024":84,"2029":109},"Total population: 25 - 29 years":{"Demographic":null,"2020":133,"% OF TOTAL":6.3,"2024":143,"2029":149},"Total population: 30 - 34 years":{"Demographic":null,"2020":142,"% OF TOTAL":7.4,"2024":154,"2029":175},"Total population: 35 - 39 years":{"Demographic":null,"2020":123,"% OF TOTAL":7.1,"2024":134,"2029":167},"Total population: 40 - 44 years":{"Demographic":null,"2020":104,"% OF TOTAL":6.2,"2024":123,"2029":146},"Total population: 45 - 49 years":{"Demographic":null,"2020":80,"% OF TOTAL":4.9,"2024":89,"2029":116},"Total population: 50 - 54 years":{"Demographic":null,"2020":77,"% OF TOTAL":4.1,"2024":88,"2029":97},"Total population: 55 - 59 years":{"Demographic":null,"2020":125,"% OF TOTAL":5.3,"2024":123,"2029":126},"Total population: 60 - 64 years":{"Demographic":null,"2020":144,"% OF TOTAL":6.9,"2024":164,"2029":162},"Total population: 65 - 69 years":{"Demographic":null,"2020":95,"% OF TOTAL":5.9,"2024":109,"2029":138},"Total population: 70 - 74 years":{"Demographic":null,"2020":107,"% OF TOTAL":5.7,"2024":120,"2029":135},"Total population: 75 - 79 years":{"Demographic":null,"2020":59,"% OF TOTAL":4.1,"2024":71,"2029":97},"Total population: 80 - 84 years":{"Demographic":null,"2020":42,"% OF TOTAL":2.9,"2024":51,"2029":69},"Total population: 85 years and over":{"Demographic":null,"2020":33,"% OF TOTAL":2.2,"2024":37,"2029":52},"Householders Age 15-24":{"Demographic":null,"2020":13,"% OF TOTAL":1.8,"2024":14,"2029":16},"Householders Age 25-34":{"Demographic":null,"2020":77,"% OF TOTAL":10.3,"2024":86,"2029":90},"Householders Age 35-44":{"Demographic":null,"2020":127,"% OF TOTAL":19.0,"2024":141,"2029":167},"Householders Age 45-54":{"Demographic":null,"2020":134,"% OF TOTAL":20.2,"2024":150,"2029":177},"Householders Age 55-64":{"Demographic":null,"2020":144,"% OF TOTAL":17.9,"2024":161,"2029":157},"Householders Age 65-74":{"Demographic":null,"2020":118,"% OF TOTAL":17.3,"2024":131,"2029":152},"Householders Age 75+":{"Demographic":null,"2020":82,"% OF TOTAL":13.6,"2024":90,"2029":119},"Household income: Average":{"Demographic":null,"2020":84227,"% OF TOTAL":null,"2024":81132,"2029":94881},"Household income: Less than 25k":{"Demographic":null,"2020":109,"% OF TOTAL":13.3,"2024":144,"2029":117},"Household income: 25k - 50k":{"Demographic":null,"2020":120,"% OF TOTAL":10.8,"2024":102,"2029":95},"Household income: 50k - 75k":{"Demographic":null,"2020":151,"% OF TOTAL":25.7,"2024":196,"2029":226},"Household income: 75k - 100k":{"Demographic":null,"2020":113,"% OF TOTAL":13.3,"2024":110,"2029":117},"Household income: 100k - 125k":{"Demographic":null,"2020":4,"% OF TOTAL":0.3,"2024":3,"2029":3},"Household income: 125k - 150k":{"Demographic":null,"2020":82,"% OF TOTAL":14.5,"2024":117,"2029":127},"Household income: 150k - 200k":{"Demographic":null,"2020":108,"% OF TOTAL":20.7,"2024":96,"2029":182},"Household income: Above 200k":{"Demographic":null,"2020":8,"% OF TOTAL":1.3,"2024":5,"2029":11},"White Alone":{"Demographic":null,"2020":1478,"% OF TOTAL":79.8,"2024":1652,"2029":1881},"Black or African American Alone":{"Demographic":null,"2020":42,"% OF TOTAL":2.4,"2024":48,"2029":57},"American Indian and Alaska Native Alone":{"Demographic":null,"2020":6,"% OF TOTAL":0.3,"2024":6,"2029":7},"Asian Alone":{"Demographic":null,"2020":24,"% OF TOTAL":1.4,"2024":28,"2029":32},"Native Hawaiian and OPI Alone":{"Demographic":null,"2020":1,"% OF TOTAL":0.0,"2024":1,"2029":1},"Some Other Race Alone":{"Demographic":null,"2020":121,"% OF TOTAL":6.6,"2024":135,"2029":155},"Two or More Races Alone":{"Demographic":null,"2020":168,"% OF TOTAL":9.5,"2024":196,"2029":225},"Not Hispanic or Latino":{"Demographic":null,"2020":1612,"% OF TOTAL":86.9,"2024":1795,"2029":2048},"Hispanic or Latino":{"Demographic":null,"2020":228,"% OF TOTAL":13.1,"2024":271,"2029":310},"Total Housing Units":{"Demographic":null,"2020":813,"% OF TOTAL":null,"2024":null,"2029":null},"Owner Occupied Housing Units":{"Demographic":null,"2020":540,"% OF TOTAL":null,"2024":601,"2029":null},"Renter Occupied Housing Units":{"Demographic":null,"2020":155,"% OF TOTAL":null,"2024":172,"2029":null},"Housing Units Value Less Than 100k":{"Demographic":null,"2020":6,"% OF TOTAL":null,"2024":7,"2029":null},"Housing Units Value 100k - 200k":{"Demographic":null,"2020":138,"% OF TOTAL":null,"2024":154,"2029":null},"Housing Units Value 200k - 250k":{"Demographic":null,"2020":39,"% OF TOTAL":null,"2024":43,"2029":null},"Housing Units Value 250k - 300k":{"Demographic":null,"2020":13,"% OF TOTAL":null,"2024":14,"2029":null},"Housing Units Value 300k - 400k":{"Demographic":null,"2020":151,"% OF TOTAL":null,"2024":168,"2029":null},"Housing Units Value 400k - 500k":{"Demographic":null,"2020":44,"% OF TOTAL":null,"2024":49,"2029":null},"Housing Units Value 500k - 750k":{"Demographic":null,"2020":120,"% OF TOTAL":null,"2024":134,"2029":null},"Housing Units Value 750k - 1m":{"Demographic":null,"2020":0,"% OF TOTAL":null,"2024":0,"2029":null},"Housing Units Value 1m - 1.5m":{"Demographic":null,"2020":29,"% OF TOTAL":null,"2024":32,"2029":null},"Housing Units Value 1.5m - 2m":{"Demographic":null,"2020":0,"% OF TOTAL":null,"2024":0,"2029":null},"Housing Units Value >2m":{"Demographic":null,"2020":0,"% OF TOTAL":null,"2024":0,"2029":null},"Take Car or Truck to Work":{"Demographic":null,"2020":839,"% OF TOTAL":null,"2024":959,"2029":null},"Take Public Transportation to Work":{"Demographic":null,"2020":0,"% OF TOTAL":null,"2024":0,"2029":null},"Take Other Means of Transportation to Work":{"Demographic":null,"2020":53,"% OF TOTAL":null,"2024":60,"2029":null},"Average Travel Time (min)":{"Demographic":null,"2020":32,"% OF TOTAL":null,"2024":32,"2029":null},"Travel Below 30 Min to Work":{"Demographic":null,"2020":462,"% OF TOTAL":null,"2024":528,"2029":null},"Travel 30-60 Min to Work":{"Demographic":null,"2020":378,"% OF TOTAL":null,"2024":432,"2029":null},"Travel Above 60 Min to Work":{"Demographic":null,"2020":83,"% OF TOTAL":null,"2024":59,"2029":null},"Educational Attainment: No High School Diploma":{"Demographic":null,"2020":240,"% OF TOTAL":null,"2024":267,"2029":null},"Educational Attainment: High School Diploma":{"Demographic":null,"2020":205,"% OF TOTAL":null,"2024":228,"2029":null},"Educational Attainment: Some College":{"Demographic":null,"2020":924,"% OF TOTAL":null,"2024":1028,"2029":null},"Educational Attainment: Associate's Degree":{"Demographic":null,"2020":257,"% OF TOTAL":null,"2024":286,"2029":null},"Educational Attainment: Bachelors Degree":{"Demographic":null,"2020":350,"% OF TOTAL":null,"2024":389,"2029":null},"Educational Attainment: Advanced Degree":{"Demographic":null,"2020":100,"% OF TOTAL":null,"2024":111,"2029":null},"Households: Number of vehicles available - Average":{"Demographic":null,"2020":1,"% OF TOTAL":null,"2024":1,"2029":null},"Households: No Vehicle available":{"Demographic":null,"2020":0,"% OF TOTAL":null,"2024":0,"2029":null},"Households: 1 Vehicle available":{"Demographic":null,"2020":217,"% OF TOTAL":null,"2024":241,"2029":null},"Households: 2 Vehicles available":{"Demographic":null,"2020":334,"% OF TOTAL":null,"2024":372,"2029":null},"Households: 3 Vehicles available":{"Demographic":null,"2020":137,"% OF TOTAL":null,"2024":152,"2029":null},"Households: 4 or more Vehicles available":{"Demographic":null,"2020":7,"% OF TOTAL":null,"2024":8,"2029":null}},"household_trends":{"Households":{"Demographic":null,"2020":695,"% OF TOTAL":null,"2024":773,"2029":878},"Households Growth":{"Demographic":null,"2020":null,"% OF TOTAL":null,"2024":11.2,"2029":13.6},"Householder Age 15-24":{"Demographic":null,"2020":13,"% OF TOTAL":1.8,"2024":14,"2029":16},"Householder Age 25-34":{"Demographic":null,"2020":77,"% OF TOTAL":10.3,"2024":86,"2029":90},"Householder Age 35-44":{"Demographic":null,"2020":127,"% OF TOTAL":19.0,"2024":141,"2029":167},"Householder Age 45-54":{"Demographic":null,"2020":134,"% OF TOTAL":20.2,"2024":150,"2029":177},"Householder Age 55-64":{"Demographic":null,"2020":144,"% OF TOTAL":17.9,"2024":161,"2029":157},"Householder Age 65-74":{"Demographic":null,"2020":118,"% OF TOTAL":17.3,"2024":131,"2029":152},"Householder Age 75+":{"Demographic":null,"2020":82,"% OF TOTAL":13.6,"2024":90,"2029":119},"Average Household Size":{"Demographic":null,"2020":2.7,"% OF TOTAL":null,"2024":2.7,"2029":2.7},"1 Person Households":{"Demographic":null,"2020":162,"% OF TOTAL":22.2,"2024":173,"2029":195},"2 Person Households":{"Demographic":null,"2020":254,"% OF TOTAL":35.2,"2024":274,"2029":309},"3 Person Households":{"Demographic":null,"2020":111,"% OF TOTAL":15.1,"2024":118,"2029":133},"4 Person Households":{"Demographic":null,"2020":91,"% OF TOTAL":14.9,"2024":113,"2029":131},"5 Person Households":{"Demographic":null,"2020":32,"% OF TOTAL":5.5,"2024":41,"2029":48},"6 Person Households":{"Demographic":null,"2020":36,"% OF TOTAL":5.7,"2024":43,"2029":50},"7+ Person Households":{"Demographic":null,"2020":9,"% OF TOTAL":1.4,"2024":11,"2029":12},"Household Type: Family":{"Demographic":null,"2020":494,"% OF TOTAL":null,"2024":549,"2029":null},"Household Type: Married Family":{"Demographic":null,"2020":406,"% OF TOTAL":null,"2024":451,"2029":null},"Household Type: Married Family With Children":{"Demographic":null,"2020":141,"% OF TOTAL":null,"2024":157,"2029":null},"Household Type: Married Family Without Children":{"Demographic":null,"2020":265,"% OF TOTAL":null,"2024":294,"2029":null},"Household Type: Other Family":{"Demographic":null,"2020":88,"% OF TOTAL":null,"2024":98,"2029":null},"Household Type: Male Households, No Wife":{"Demographic":null,"2020":26,"% OF TOTAL":null,"2024":29,"2029":null},"Household Type: Male Households, No Wife With Children":{"Demographic":null,"2020":11,"% OF TOTAL":null,"2024":12,"2029":null},"Household Type: Male Households, No Wife Without Children":{"Demographic":null,"2020":15,"% OF TOTAL":null,"2024":17,"2029":null},"Household Type: Female Households, No Husband":{"Demographic":null,"2020":62,"% OF TOTAL":null,"2024":69,"2029":null},"Household Type: Female Households, No Husband With Children":{"Demographic":null,"2020":26,"% OF TOTAL":null,"2024":29,"2029":null},"Household Type: Female Households, No Husband Without Children":{"Demographic":null,"2020":36,"% OF TOTAL":null,"2024":40,"2029":null},"Household Income: Average":{"Demographic":null,"2020":84227,"% OF TOTAL":null,"2024":81132,"2029":94881},"Household Income: Median":{"Demographic":null,"2020":0,"% OF TOTAL":null,"2024":70103,"2029":75214},"Household Income: Less than $25k":{"Demographic":null,"2020":109,"% OF TOTAL":13.3,"2024":144,"2029":117},"Household Income: $25k - $50k":{"Demographic":null,"2020":120,"% OF TOTAL":10.8,"2024":102,"2029":95},"Household Income: $50k - $75k":{"Demographic":null,"2020":151,"% OF TOTAL":25.7,"2024":196,"2029":226},"Household Income: $75k - $100k":{"Demographic":null,"2020":113,"% OF TOTAL":13.3,"2024":110,"2029":117},"Household Income: $100k - $125k":{"Demographic":null,"2020":4,"% OF TOTAL":0.3,"2024":3,"2029":3},"Household Income: $125k - $150k":{"Demographic":null,"2020":82,"% OF TOTAL":14.5,"2024":117,"2029":127},"Household Income: $150k - $200k":{"Demographic":null,"2020":108,"% OF TOTAL":20.7,"2024":96,"2029":182},"Household Income: Above $200k":{"Demographic":null,"2020":8,"% OF TOTAL":1.3,"2024":5,"2029":11},"Total Housing Units":{"Demographic":null,"2020":813,"% OF TOTAL":null,"2024":null,"2029":null},"Owner Occupied Housing Units":{"Demographic":null,"2020":540,"% OF TOTAL":null,"2024":601,"2029":null},"Renter Occupied Housing Units":{"Demographic":null,"2020":155,"% OF TOTAL":null,"2024":172,"2029":null},"Vacant Housing Units":{"Demographic":null,"2020":118,"% OF TOTAL":null,"2024":null,"2029":null},"Vacant Housing Units: Seasonal":{"Demographic":null,"2020":51,"% OF TOTAL":null,"2024":null,"2029":null},"Vacant Housing Units: Other Usage":{"Demographic":null,"2020":67,"% OF TOTAL":null,"2024":null,"2029":null},"Average Housing Unit Value":{"Demographic":null,"2020":408945,"% OF TOTAL":null,"2024":408544,"2029":null},"Median Housing Unit Value":{"Demographic":null,"2020":349007,"% OF TOTAL":null,"2024":349107,"2029":null},"Housing Unit Value Less Than $100k":{"Demographic":null,"2020":6,"% OF TOTAL":null,"2024":7,"2029":null},"Housing Unit Value $100k-$200k":{"Demographic":null,"2020":138,"% OF TOTAL":null,"2024":154,"2029":null},"Housing Unit Value $200k-$250k":{"Demographic":null,"2020":39,"% OF TOTAL":null,"2024":43,"2029":null},"Housing Unit Value $250k-$300k":{"Demographic":null,"2020":13,"% OF TOTAL":null,"2024":14,"2029":null},"Housing Unit Value $300k-$400k":{"Demographic":null,"2020":151,"% OF TOTAL":null,"2024":168,"2029":null},"Housing Unit Value $400k-$500k":{"Demographic":null,"2020":44,"% OF TOTAL":null,"2024":49,"2029":null},"Housing Unit Value $500k-$750k":{"Demographic":null,"2020":120,"% OF TOTAL":null,"2024":134,"2029":null},"Housing Unit Value $750k-$1m":{"Demographic":null,"2020":0,"% OF TOTAL":null,"2024":0,"2029":null},"Housing Unit Value $1m-$1.5m":{"Demographic":null,"2020":29,"% OF TOTAL":null,"2024":32,"2029":null},"Housing Unit Value $1.5m-$2m":{"Demographic":null,"2020":0,"% OF TOTAL":null,"2024":0,"2029":null},"Housing Unit Value Above $2m":{"Demographic":null,"2020":0,"% OF TOTAL":null,"2024":0,"2029":null},"Median Housing Unit Year Built":{"Demographic":null,"2020":2009,"% OF TOTAL":null,"2024":2009,"2029":null},"Housing Units Built 2014 Or After":{"Demographic":null,"2020":11,"% OF TOTAL":null,"2024":12,"2029":null},"Housing Units Built 2010-2013":{"Demographic":null,"2020":306,"% OF TOTAL":null,"2024":340,"2029":null},"Housing Units Built 2000-2009":{"Demographic":null,"2020":203,"% OF TOTAL":null,"2024":226,"2029":null},"Housing Units Built 1990-1999":{"Demographic":null,"2020":30,"% OF TOTAL":null,"2024":33,"2029":null},"Housing Units Built 1980-1989":{"Demographic":null,"2020":0,"% OF TOTAL":null,"2024":0,"2029":null},"Housing Units Built 1970-1979":{"Demographic":null,"2020":85,"% OF TOTAL":null,"2024":95,"2029":null},"Housing Units Built 1960-1969":{"Demographic":null,"2020":36,"% OF TOTAL":null,"2024":40,"2029":null},"Housing Units Built 1950-1959":{"Demographic":null,"2020":14,"% OF TOTAL":null,"2024":16,"2029":null},"Housing Units Built 1940-1949":{"Demographic":null,"2020":0,"% OF TOTAL":null,"2024":0,"2029":null},"Housing Units Built Before 1940":{"Demographic":null,"2020":10,"% OF TOTAL":null,"2024":11,"2029":null}}},"geometry":{"type":"Polygon","coordinates":[[[-86.15853044215913,30.432246897637683],[-86.16196400064203,30.448060366371873],[-86.14771160230279,30.448060366371873],[-86.14771160230279,30.429900096236373],[-86.15853044215913,30.432246897637683]]]}},{"type":"Feature","properties":{"block":"032","block_num":32,"submarket":"Freeport","CentroidLon":-86.1308285497627,"CentroidLat":30.43815768477809,"data_status":"no data","is_anomalous":false,"anomaly_reason":null,"files_present":""},"geometry":{"type":"Polygon","coordinates":[[[-86.13722221311392,30.427624758624006],[-86.14771160230279,30.429900096236373],[-86.14771160230279,30.448060366371873],[-86.11415732568906,30.448060366371873],[-86.11415732568906,30.42846575004516],[-86.13722221311392,30.427624758624006]]]}},{"type":"Feature","properties":{"block":"033","block_num":33,"submarket":"Freeport","CentroidLon":-86.09700302871758,"CentroidLat":30.43779322658019,"data_status":"usable","is_anomalous":false,"anomaly_reason":null,"files_present":"ConsumerSegmentation-26.08.10.csv;DemographicSnapshot-26.08.10.csv;HouseholdIncomeByAge-26.08.10.csv;HouseholdTrends-26.08.10.csv;PopulationTrends-26.08.10.csv","population_2024":2114,"population_2029":2465,"households_2024":851,"households_2029":987,"median_household_income_2024":56989,"median_household_income_2029":68533,"mean_household_income_2024":null,"mean_household_income_2029":null,"median_age_2024":41,"median_age_2029":41,"median_home_value_2024":187585,"average_household_size_2024":2.5,"average_household_size_2029":2.5,"population_growth_2024_2029":15.0,"households_growth_2024_2029":13.8,"consumer_segments":{"Simple Life Moderate Income No Children":{"households":106,"pct":24.3},"Renters":{"households":103,"pct":23.6},"Simple Life Moderate Income With Children":{"households":73,"pct":16.7},"Active Adult Elite":{"households":47,"pct":10.8},"Simple Life Affluent No Children":{"households":31,"pct":7.1},"Family Life Young Children":{"households":18,"pct":4.1},"Renters Near Term Buyers":{"households":18,"pct":4.1},"Active Adult Entry Level":{"households":16,"pct":3.7},"Elite":{"households":13,"pct":3.0},"Active Adult Feature and Location":{"households":11,"pct":2.5},"Family Life School Age Children":{"households":0,"pct":0.0},"Feature and Location":{"households":0,"pct":0.0},"Entry Level Urban":{"households":0,"pct":0.0},"Entry Level Suburban":{"households":0,"pct":0.0}},"income_age":{"2020":{},"2024":{},"2029":{}},"population_trends":{"Total Population":{"Demographic":null,"2020":1839,"% OF TOTAL":null,"2024":2114,"2029":2465},"Population Growth":{"Demographic":null,"2020":null,"% OF TOTAL":null,"2024":15.0,"2029":16.6},"Female Population":{"Demographic":null,"2020":889,"% OF TOTAL":48.4,"2024":1023,"2029":1193},"Male Population":{"Demographic":null,"2020":950,"% OF TOTAL":51.6,"2024":1091,"2029":1272},"Total population: Median Age":{"Demographic":null,"2020":40,"% OF TOTAL":null,"2024":41,"2029":41},"Total population: Under 5 years":{"Demographic":null,"2020":101,"% OF TOTAL":5.2,"2024":111,"2029":129},"Total population: 5 - 9 years":{"Demographic":null,"2020":113,"% OF TOTAL":5.8,"2024":135,"2029":144},"Total population: 10 - 14 years":{"Demographic":null,"2020":112,"% OF TOTAL":5.6,"2024":126,"2029":139},"Total population: 15 - 19 years":{"Demographic":null,"2020":88,"% OF TOTAL":4.8,"2024":108,"2029":118},"Total population: 20 - 24 years":{"Demographic":null,"2020":102,"% OF TOTAL":5.3,"2024":127,"2029":131},"Total population: 25 - 29 years":{"Demographic":null,"2020":113,"% OF TOTAL":6.5,"2024":126,"2029":159},"Total population: 30 - 34 years":{"Demographic":null,"2020":122,"% OF TOTAL":6.2,"2024":133,"2029":153},"Total population: 35 - 39 years":{"Demographic":null,"2020":145,"% OF TOTAL":7.6,"2024":161,"2029":187},"Total population: 40 - 44 years":{"Demographic":null,"2020":128,"% OF TOTAL":7.6,"2024":157,"2029":188},"Total population: 45 - 49 years":{"Demographic":null,"2020":108,"% OF TOTAL":6.2,"2024":117,"2029":153},"Total population: 50 - 54 years":{"Demographic":null,"2020":114,"% OF TOTAL":5.8,"2024":130,"2029":143},"Total population: 55 - 59 years":{"Demographic":null,"2020":162,"% OF TOTAL":7.3,"2024":168,"2029":181},"Total population: 60 - 64 years":{"Demographic":null,"2020":148,"% OF TOTAL":7.5,"2024":172,"2029":185},"Total population: 65 - 69 years":{"Demographic":null,"2020":79,"% OF TOTAL":5.4,"2024":95,"2029":133},"Total population: 70 - 74 years":{"Demographic":null,"2020":76,"% OF TOTAL":4.3,"2024":86,"2029":105},"Total population: 75 - 79 years":{"Demographic":null,"2020":73,"% OF TOTAL":4.4,"2024":94,"2029":108},"Total population: 80 - 84 years":{"Demographic":null,"2020":29,"% OF TOTAL":2.7,"2024":37,"2029":67},"Total population: 85 years and over":{"Demographic":null,"2020":26,"% OF TOTAL":1.7,"2024":31,"2029":42},"Female population: Median Age":{"Demographic":null,"2020":40,"% OF TOTAL":null,"2024":40,"2029":41},"Female population: Under 5 years":{"Demographic":null,"2020":59,"% OF TOTAL":6.0,"2024":63,"2029":71},"Female population: 5 - 9 years":{"Demographic":null,"2020":49,"% OF TOTAL":5.8,"2024":60,"2029":69},"Female population: 10 - 14 years":{"Demographic":null,"2020":61,"% OF TOTAL":6.0,"2024":70,"2029":72},"Female population: 15 - 19 years":{"Demographic":null,"2020":43,"% OF TOTAL":4.9,"2024":51,"2029":58},"Female population: 20 - 24 years":{"Demographic":null,"2020":46,"% OF TOTAL":5.2,"2024":58,"2029":62},"Female population: 25 - 29 years":{"Demographic":null,"2020":53,"% OF TOTAL":6.0,"2024":58,"2029":71},"Female population: 30 - 34 years":{"Demographic":null,"2020":53,"% OF TOTAL":5.8,"2024":58,"2029":69},"Female population: 35 - 39 years":{"Demographic":null,"2020":75,"% OF TOTAL":7.8,"2024":84,"2029":93},"Female population: 40 - 44 years":{"Demographic":null,"2020":52,"% OF TOTAL":7.2,"2024":66,"2029":86},"Female population: 45 - 49 years":{"Demographic":null,"2020":55,"% OF TOTAL":6.1,"2024":60,"2029":73},"Female population: 50 - 54 years":{"Demographic":null,"2020":55,"% OF TOTAL":5.8,"2024":61,"2029":69},"Female population: 55 - 59 years":{"Demographic":null,"2020":74,"% OF TOTAL":7.0,"2024":77,"2029":84},"Female population: 60 - 64 years":{"Demographic":null,"2020":81,"% OF TOTAL":8.0,"2024":94,"2029":95},"Female population: 65 - 69 years":{"Demographic":null,"2020":40,"% OF TOTAL":5.9,"2024":49,"2029":70},"Female population: 70 - 74 years":{"Demographic":null,"2020":30,"% OF TOTAL":3.9,"2024":35,"2029":46},"Female population: 75 - 79 years":{"Demographic":null,"2020":40,"% OF TOTAL":4.4,"2024":50,"2029":53},"Female population: 80 - 84 years":{"Demographic":null,"2020":17,"% OF TOTAL":3.0,"2024":21,"2029":36},"Female population: 85 years and over":{"Demographic":null,"2020":6,"% OF TOTAL":1.3,"2024":8,"2029":16},"Male population: Median Age":{"Demographic":null,"2020":41,"% OF TOTAL":null,"2024":41,"2029":42},"Male population: Under 5 years":{"Demographic":null,"2020":42,"% OF TOTAL":4.6,"2024":48,"2029":58},"Male population: 5 - 9 years":{"Demographic":null,"2020":64,"% OF TOTAL":5.9,"2024":75,"2029":75},"Male population: 10 - 14 years":{"Demographic":null,"2020":51,"% OF TOTAL":5.3,"2024":56,"2029":67},"Male population: 15 - 19 years":{"Demographic":null,"2020":45,"% OF TOTAL":4.7,"2024":57,"2029":60},"Male population: 20 - 24 years":{"Demographic":null,"2020":56,"% OF TOTAL":5.4,"2024":69,"2029":69},"Male population: 25 - 29 years":{"Demographic":null,"2020":60,"% OF TOTAL":6.9,"2024":68,"2029":88},"Male population: 30 - 34 years":{"Demographic":null,"2020":69,"% OF TOTAL":6.6,"2024":75,"2029":84},"Male population: 35 - 39 years":{"Demographic":null,"2020":70,"% OF TOTAL":7.4,"2024":77,"2029":94},"Male population: 40 - 44 years":{"Demographic":null,"2020":76,"% OF TOTAL":8.0,"2024":91,"2029":102},"Male population: 45 - 49 years":{"Demographic":null,"2020":53,"% OF TOTAL":6.3,"2024":57,"2029":80},"Male population: 50 - 54 years":{"Demographic":null,"2020":59,"% OF TOTAL":5.8,"2024":69,"2029":74},"Male population: 55 - 59 years":{"Demographic":null,"2020":88,"% OF TOTAL":7.6,"2024":91,"2029":97},"Male population: 60 - 64 years":{"Demographic":null,"2020":67,"% OF TOTAL":7.1,"2024":78,"2029":90},"Male population: 65 - 69 years":{"Demographic":null,"2020":39,"% OF TOTAL":5.0,"2024":46,"2029":63},"Male population: 70 - 74 years":{"Demographic":null,"2020":46,"% OF TOTAL":4.6,"2024":51,"2029":59},"Male population: 75 - 79 years":{"Demographic":null,"2020":33,"% OF TOTAL":4.3,"2024":44,"2029":55},"Male population: 80 - 84 years":{"Demographic":null,"2020":12,"% OF TOTAL":2.4,"2024":16,"2029":31},"Male population: 85 years and over":{"Demographic":null,"2020":20,"% OF TOTAL":2.0,"2024":23,"2029":26},"White alone":{"Demographic":null,"2020":1424,"% OF TOTAL":76.7,"2024":1625,"2029":1891},"Black alone":{"Demographic":null,"2020":41,"% OF TOTAL":2.4,"2024":49,"2029":60},"American Indian and Alaska Native alone":{"Demographic":null,"2020":25,"% OF TOTAL":1.8,"2024":38,"2029":44},"Asian alone":{"Demographic":null,"2020":15,"% OF TOTAL":0.8,"2024":17,"2029":20},"Native Hawaiian and OPI alone":{"Demographic":null,"2020":1,"% OF TOTAL":0.0,"2024":1,"2029":1},"Some other race alone":{"Demographic":null,"2020":175,"% OF TOTAL":9.3,"2024":196,"2029":230},"Two or more races alone":{"Demographic":null,"2020":158,"% OF TOTAL":8.9,"2024":188,"2029":219},"Not Hispanic: White alone":{"Demographic":null,"2020":1385,"% OF TOTAL":74.2,"2024":1572,"2029":1829},"Not Hispanic: Black or African American alone":{"Demographic":null,"2020":39,"% OF TOTAL":2.3,"2024":46,"2029":56},"Not Hispanic: American Indian and Alaska Native alone":{"Demographic":null,"2020":13,"% OF TOTAL":0.6,"2024":14,"2029":16},"Not Hispanic: Asian alone":{"Demographic":null,"2020":13,"% OF TOTAL":0.7,"2024":15,"2029":18},"Not Hispanic: Native Hawaiian and OPI alone":{"Demographic":null,"2020":0,"% OF TOTAL":0.0,"2024":0,"2029":0},"Not Hispanic: Some Other Race alone":{"Demographic":null,"2020":6,"% OF TOTAL":0.3,"2024":6,"2029":7},"Not Hispanic: Two or More Races":{"Demographic":null,"2020":57,"% OF TOTAL":3.2,"2024":66,"2029":78},"Hispanic: White alone":{"Demographic":null,"2020":39,"% OF TOTAL":2.5,"2024":53,"2029":62},"Hispanic: Black or African American alone":{"Demographic":null,"2020":2,"% OF TOTAL":0.2,"2024":3,"2029":4},"Hispanic: American Indian and Alaska Native alone":{"Demographic":null,"2020":12,"% OF TOTAL":1.1,"2024":24,"2029":28},"Hispanic: Asian alone":{"Demographic":null,"2020":2,"% OF TOTAL":0.1,"2024":2,"2029":2},"Hispanic: Native Hawaiian and OPI alone":{"Demographic":null,"2020":1,"% OF TOTAL":0.0,"2024":1,"2029":1},"Hispanic: Some Other Race alone":{"Demographic":null,"2020":169,"% OF TOTAL":9.0,"2024":190,"2029":223},"Hispanic: Two or More Races":{"Demographic":null,"2020":101,"% OF TOTAL":5.7,"2024":122,"2029":141},"Educational Attainment: No High School Diploma":{"Demographic":null,"2020":87,"% OF TOTAL":null,"2024":99,"2029":null},"Educational Attainment: High School Diploma":{"Demographic":null,"2020":502,"% OF TOTAL":null,"2024":572,"2029":null},"Educational Attainment: Some College":{"Demographic":null,"2020":363,"% OF TOTAL":null,"2024":413,"2029":null},"Educational Attainment: Associates Degree":{"Demographic":null,"2020":242,"% OF TOTAL":null,"2024":276,"2029":null},"Educational Attainment: Bachelors Degree":{"Demographic":null,"2020":101,"% OF TOTAL":null,"2024":115,"2029":null},"Educational Attainment: Advanced Degree":{"Demographic":null,"2020":28,"% OF TOTAL":null,"2024":32,"2029":null},"Employment Status: Armed Forces":{"Demographic":null,"2020":0,"% OF TOTAL":null,"2024":0,"2029":null},"Employment Status: Civilian labor force employed":{"Demographic":null,"2020":836,"% OF TOTAL":null,"2024":970,"2029":null},"Employment Status: Civilian labor force unemployed":{"Demographic":null,"2020":0,"% OF TOTAL":null,"2024":0,"2029":null},"Employment Status: Not in labor force":{"Demographic":null,"2020":653,"% OF TOTAL":null,"2024":757,"2029":null},"Employed in Agriculture and Mining Industries":{"Demographic":null,"2020":0,"% OF TOTAL":null,"2024":0,"2029":null},"Employed in Construction Industries":{"Demographic":null,"2020":169,"% OF TOTAL":null,"2024":196,"2029":null},"Employed in Manufacturing Industries":{"Demographic":null,"2020":12,"% OF TOTAL":null,"2024":14,"2029":null},"Employed in Wholesale Industries":{"Demographic":null,"2020":8,"% OF TOTAL":null,"2024":9,"2029":null},"Employed in Retail Industries":{"Demographic":null,"2020":79,"% OF TOTAL":null,"2024":92,"2029":null},"Employed in Transportation and Utilities Industries":{"Demographic":null,"2020":10,"% OF TOTAL":null,"2024":12,"2029":null},"Employed in Information Industries":{"Demographic":null,"2020":0,"% OF TOTAL":null,"2024":0,"2029":null},"Employed in Real-Estate Industries":{"Demographic":null,"2020":109,"% OF TOTAL":null,"2024":126,"2029":null},"Employed in Professional Industries":{"Demographic":null,"2020":125,"% OF TOTAL":null,"2024":145,"2029":null},"Employed in Health and Education Industries":{"Demographic":null,"2020":0,"% OF TOTAL":null,"2024":0,"2029":null},"Employed in Art Industries":{"Demographic":null,"2020":290,"% OF TOTAL":null,"2024":337,"2029":null},"Employed in Other Industries":{"Demographic":null,"2020":31,"% OF TOTAL":null,"2024":36,"2029":null},"Employed in Public Administration Industries":{"Demographic":null,"2020":3,"% OF TOTAL":null,"2024":3,"2029":null},"Occupation: Management":{"Demographic":null,"2020":163,"% OF TOTAL":null,"2024":189,"2029":null},"Occupation: Business and financial operations":{"Demographic":null,"2020":0,"% OF TOTAL":null,"2024":0,"2029":null},"Occupation: Computer and mathematical":{"Demographic":null,"2020":54,"% OF TOTAL":null,"2024":63,"2029":null},"Occupation: Architecture and engineering":{"Demographic":null,"2020":24,"% OF TOTAL":null,"2024":28,"2029":null},"Occupation: Life, physical, and social science":{"Demographic":null,"2020":0,"% OF TOTAL":null,"2024":0,"2029":null},"Occupation: Community and social service":{"Demographic":null,"2020":7,"% OF TOTAL":null,"2024":8,"2029":null},"Occupation: Legal":{"Demographic":null,"2020":0,"% OF TOTAL":null,"2024":0,"2029":null},"Occupation: Education, training, and library":{"Demographic":null,"2020":13,"% OF TOTAL":null,"2024":15,"2029":null},"Occupation: Arts, design, entertainment, sports, and media":{"Demographic":null,"2020":8,"% OF TOTAL":null,"2024":9,"2029":null},"Occupation: Health diagnosing and treating practitioners":{"Demographic":null,"2020":0,"% OF TOTAL":null,"2024":0,"2029":null},"Occupation: Health technologists and technicians":{"Demographic":null,"2020":0,"% OF TOTAL":null,"2024":0,"2029":null},"Occupation: Healthcare support":{"Demographic":null,"2020":0,"% OF TOTAL":null,"2024":0,"2029":null},"Occupation: Fire fighting and prevention":{"Demographic":null,"2020":3,"% OF TOTAL":null,"2024":3,"2029":null},"Occupation: Law enforcement workers":{"Demographic":null,"2020":0,"% OF TOTAL":null,"2024":0,"2029":null},"Occupation: Food preparation and serving related":{"Demographic":null,"2020":157,"% OF TOTAL":null,"2024":182,"2029":null},"Occupation: Building and grounds cleaning and maintenance":{"Demographic":null,"2020":154,"% OF TOTAL":null,"2024":179,"2029":null},"Occupation: Personal care and service":{"Demographic":null,"2020":0,"% OF TOTAL":null,"2024":0,"2029":null},"Occupation: Sales and related":{"Demographic":null,"2020":113,"% OF TOTAL":null,"2024":131,"2029":null},"Occupation: Office and administrative support":{"Demographic":null,"2020":0,"% OF TOTAL":null,"2024":0,"2029":null},"Occupation: Farming, fishing, and forestry":{"Demographic":null,"2020":0,"% OF TOTAL":null,"2024":0,"2029":null},"Occupation: Construction and extraction":{"Demographic":null,"2020":102,"% OF TOTAL":null,"2024":118,"2029":null},"Occupation: Installation, maintenance, and repair":{"Demographic":null,"2020":10,"% OF TOTAL":null,"2024":12,"2029":null},"Occupation: Production":{"Demographic":null,"2020":6,"% OF TOTAL":null,"2024":7,"2029":null},"Occupation: Transportation":{"Demographic":null,"2020":0,"% OF TOTAL":null,"2024":0,"2029":null},"Occupation: Material moving":{"Demographic":null,"2020":22,"% OF TOTAL":null,"2024":26,"2029":null},"White collar":{"Demographic":null,"2020":382,"% OF TOTAL":null,"2024":443,"2029":null},"Blue collar":{"Demographic":null,"2020":454,"% OF TOTAL":null,"2024":527,"2029":null},"Means of transportation: Car, truck or van":{"Demographic":null,"2020":792,"% OF TOTAL":null,"2024":919,"2029":null},"Means of transportation: Public transportation":{"Demographic":null,"2020":0,"% OF TOTAL":null,"2024":0,"2029":null},"Means of transportation: Other":{"Demographic":null,"2020":0,"% OF TOTAL":null,"2024":0,"2029":null},"Travel time: Average (in minutes)":{"Demographic":null,"2020":32,"% OF TOTAL":null,"2024":32,"2029":null},"Travel time to work: Less than 30 minutes":{"Demographic":null,"2020":397,"% OF TOTAL":null,"2024":461,"2029":null},"Travel time to work: 30 to 60 minutes":{"Demographic":null,"2020":310,"% OF TOTAL":null,"2024":359,"2029":null},"Travel time to work: 60 or more minutes":{"Demographic":null,"2020":85,"% OF TOTAL":null,"2024":99,"2029":null}},"demographic_snapshot":{"Total Population":{"Demographic":null,"2020":1839,"% OF TOTAL":null,"2024":2114,"2029":2465},"Households":{"Demographic":null,"2020":748,"% OF TOTAL":null,"2024":851,"2029":987},"Population in Group Quarters":{"Demographic":null,"2020":0,"% OF TOTAL":null,"2024":0,"2029":0},"Households Growth":{"Demographic":null,"2020":null,"% OF TOTAL":null,"2024":13.8,"2029":16.0},"Household Income: Median":{"Demographic":null,"2020":0,"% OF TOTAL":null,"2024":56989,"2029":68533},"Home Value: Median":{"Demographic":null,"2020":187597,"% OF TOTAL":null,"2024":187585,"2029":null},"Population Growth":{"Demographic":null,"2020":null,"% OF TOTAL":null,"2024":15.0,"2029":16.6},"Total Population: Under 19 years":{"Demographic":null,"2020":414,"% OF TOTAL":21.5,"2024":480,"2029":530},"Total Population: 20 - 64 years":{"Demographic":null,"2020":1142,"% OF TOTAL":60.0,"2024":1291,"2029":1480},"Total Population: 65 years and over":{"Demographic":null,"2020":283,"% OF TOTAL":18.5,"2024":343,"2029":455},"Total population: Median age":{"Demographic":null,"2020":40,"% OF TOTAL":null,"2024":41,"2029":41},"Total population: Under 5 years":{"Demographic":null,"2020":101,"% OF TOTAL":5.2,"2024":111,"2029":129},"Total population: 5 - 9 years":{"Demographic":null,"2020":113,"% OF TOTAL":5.8,"2024":135,"2029":144},"Total population: 10 - 14 years":{"Demographic":null,"2020":112,"% OF TOTAL":5.6,"2024":126,"2029":139},"Total population: 15 - 19 years":{"Demographic":null,"2020":88,"% OF TOTAL":4.8,"2024":108,"2029":118},"Total population: 20 - 24 years":{"Demographic":null,"2020":102,"% OF TOTAL":5.3,"2024":127,"2029":131},"Total population: 25 - 29 years":{"Demographic":null,"2020":113,"% OF TOTAL":6.5,"2024":126,"2029":159},"Total population: 30 - 34 years":{"Demographic":null,"2020":122,"% OF TOTAL":6.2,"2024":133,"2029":153},"Total population: 35 - 39 years":{"Demographic":null,"2020":145,"% OF TOTAL":7.6,"2024":161,"2029":187},"Total population: 40 - 44 years":{"Demographic":null,"2020":128,"% OF TOTAL":7.6,"2024":157,"2029":188},"Total population: 45 - 49 years":{"Demographic":null,"2020":108,"% OF TOTAL":6.2,"2024":117,"2029":153},"Total population: 50 - 54 years":{"Demographic":null,"2020":114,"% OF TOTAL":5.8,"2024":130,"2029":143},"Total population: 55 - 59 years":{"Demographic":null,"2020":162,"% OF TOTAL":7.3,"2024":168,"2029":181},"Total population: 60 - 64 years":{"Demographic":null,"2020":148,"% OF TOTAL":7.5,"2024":172,"2029":185},"Total population: 65 - 69 years":{"Demographic":null,"2020":79,"% OF TOTAL":5.4,"2024":95,"2029":133},"Total population: 70 - 74 years":{"Demographic":null,"2020":76,"% OF TOTAL":4.3,"2024":86,"2029":105},"Total population: 75 - 79 years":{"Demographic":null,"2020":73,"% OF TOTAL":4.4,"2024":94,"2029":108},"Total population: 80 - 84 years":{"Demographic":null,"2020":29,"% OF TOTAL":2.7,"2024":37,"2029":67},"Total population: 85 years and over":{"Demographic":null,"2020":26,"% OF TOTAL":1.7,"2024":31,"2029":42},"Householders Age 15-24":{"Demographic":null,"2020":20,"% OF TOTAL":2.4,"2024":23,"2029":24},"Householders Age 25-34":{"Demographic":null,"2020":120,"% OF TOTAL":16.1,"2024":137,"2029":159},"Householders Age 35-44":{"Demographic":null,"2020":114,"% OF TOTAL":15.0,"2024":129,"2029":148},"Householders Age 45-54":{"Demographic":null,"2020":130,"% OF TOTAL":17.5,"2024":148,"2029":173},"Householders Age 55-64":{"Demographic":null,"2020":169,"% OF TOTAL":20.3,"2024":192,"2029":200},"Householders Age 65-74":{"Demographic":null,"2020":123,"% OF TOTAL":18.1,"2024":140,"2029":179},"Householders Age 75+":{"Demographic":null,"2020":72,"% OF TOTAL":10.5,"2024":82,"2029":104},"Household income: Average":{"Demographic":null,"2020":67263,"% OF TOTAL":null,"2024":70629,"2029":83156},"Household income: Less than 25k":{"Demographic":null,"2020":81,"% OF TOTAL":7.5,"2024":80,"2029":74},"Household income: 25k - 50k":{"Demographic":null,"2020":275,"% OF TOTAL":26.8,"2024":284,"2029":265},"Household income: 50k - 75k":{"Demographic":null,"2020":153,"% OF TOTAL":21.7,"2024":195,"2029":214},"Household income: 75k - 100k":{"Demographic":null,"2020":91,"% OF TOTAL":15.2,"2024":110,"2029":150},"Household income: 100k - 125k":{"Demographic":null,"2020":59,"% OF TOTAL":6.4,"2024":64,"2029":63},"Household income: 125k - 150k":{"Demographic":null,"2020":28,"% OF TOTAL":5.2,"2024":47,"2029":51},"Household income: 150k - 200k":{"Demographic":null,"2020":61,"% OF TOTAL":17.2,"2024":71,"2029":170},"Household income: Above 200k":{"Demographic":null,"2020":0,"% OF TOTAL":0.0,"2024":0,"2029":0},"White Alone":{"Demographic":null,"2020":1424,"% OF TOTAL":76.7,"2024":1625,"2029":1891},"Black or African American Alone":{"Demographic":null,"2020":41,"% OF TOTAL":2.4,"2024":49,"2029":60},"American Indian and Alaska Native Alone":{"Demographic":null,"2020":25,"% OF TOTAL":1.8,"2024":38,"2029":44},"Asian Alone":{"Demographic":null,"2020":15,"% OF TOTAL":0.8,"2024":17,"2029":20},"Native Hawaiian and OPI Alone":{"Demographic":null,"2020":1,"% OF TOTAL":0.0,"2024":1,"2029":1},"Some Other Race Alone":{"Demographic":null,"2020":175,"% OF TOTAL":9.3,"2024":196,"2029":230},"Two or More Races Alone":{"Demographic":null,"2020":158,"% OF TOTAL":8.9,"2024":188,"2029":219},"Not Hispanic or Latino":{"Demographic":null,"2020":1513,"% OF TOTAL":81.3,"2024":1719,"2029":2004},"Hispanic or Latino":{"Demographic":null,"2020":326,"% OF TOTAL":18.7,"2024":395,"2029":461},"Total Housing Units":{"Demographic":null,"2020":990,"% OF TOTAL":null,"2024":null,"2029":null},"Owner Occupied Housing Units":{"Demographic":null,"2020":510,"% OF TOTAL":null,"2024":580,"2029":null},"Renter Occupied Housing Units":{"Demographic":null,"2020":238,"% OF TOTAL":null,"2024":271,"2029":null},"Housing Units Value Less Than 100k":{"Demographic":null,"2020":78,"% OF TOTAL":null,"2024":88,"2029":null},"Housing Units Value 100k - 200k":{"Demographic":null,"2020":241,"% OF TOTAL":null,"2024":275,"2029":null},"Housing Units Value 200k - 250k":{"Demographic":null,"2020":7,"% OF TOTAL":null,"2024":8,"2029":null},"Housing Units Value 250k - 300k":{"Demographic":null,"2020":61,"% OF TOTAL":null,"2024":69,"2029":null},"Housing Units Value 300k - 400k":{"Demographic":null,"2020":47,"% OF TOTAL":null,"2024":54,"2029":null},"Housing Units Value 400k - 500k":{"Demographic":null,"2020":53,"% OF TOTAL":null,"2024":60,"2029":null},"Housing Units Value 500k - 750k":{"Demographic":null,"2020":23,"% OF TOTAL":null,"2024":26,"2029":null},"Housing Units Value 750k - 1m":{"Demographic":null,"2020":0,"% OF TOTAL":null,"2024":0,"2029":null},"Housing Units Value 1m - 1.5m":{"Demographic":null,"2020":0,"% OF TOTAL":null,"2024":0,"2029":null},"Housing Units Value 1.5m - 2m":{"Demographic":null,"2020":0,"% OF TOTAL":null,"2024":0,"2029":null},"Housing Units Value >2m":{"Demographic":null,"2020":0,"% OF TOTAL":null,"2024":0,"2029":null},"Take Car or Truck to Work":{"Demographic":null,"2020":792,"% OF TOTAL":null,"2024":919,"2029":null},"Take Public Transportation to Work":{"Demographic":null,"2020":0,"% OF TOTAL":null,"2024":0,"2029":null},"Take Other Means of Transportation to Work":{"Demographic":null,"2020":0,"% OF TOTAL":null,"2024":0,"2029":null},"Average Travel Time (min)":{"Demographic":null,"2020":32,"% OF TOTAL":null,"2024":32,"2029":null},"Travel Below 30 Min to Work":{"Demographic":null,"2020":397,"% OF TOTAL":null,"2024":461,"2029":null},"Travel 30-60 Min to Work":{"Demographic":null,"2020":310,"% OF TOTAL":null,"2024":359,"2029":null},"Travel Above 60 Min to Work":{"Demographic":null,"2020":117,"% OF TOTAL":null,"2024":99,"2029":null},"Educational Attainment: No High School Diploma":{"Demographic":null,"2020":589,"% OF TOTAL":null,"2024":671,"2029":null},"Educational Attainment: High School Diploma":{"Demographic":null,"2020":502,"% OF TOTAL":null,"2024":572,"2029":null},"Educational Attainment: Some College":{"Demographic":null,"2020":706,"% OF TOTAL":null,"2024":804,"2029":null},"Educational Attainment: Associate's Degree":{"Demographic":null,"2020":242,"% OF TOTAL":null,"2024":276,"2029":null},"Educational Attainment: Bachelors Degree":{"Demographic":null,"2020":101,"% OF TOTAL":null,"2024":115,"2029":null},"Educational Attainment: Advanced Degree":{"Demographic":null,"2020":28,"% OF TOTAL":null,"2024":32,"2029":null},"Households: Number of vehicles available - Average":{"Demographic":null,"2020":2,"% OF TOTAL":null,"2024":2,"2029":null},"Households: No Vehicle available":{"Demographic":null,"2020":29,"% OF TOTAL":null,"2024":33,"2029":null},"Households: 1 Vehicle available":{"Demographic":null,"2020":286,"% OF TOTAL":null,"2024":326,"2029":null},"Households: 2 Vehicles available":{"Demographic":null,"2020":172,"% OF TOTAL":null,"2024":195,"2029":null},"Households: 3 Vehicles available":{"Demographic":null,"2020":199,"% OF TOTAL":null,"2024":226,"2029":null},"Households: 4 or more Vehicles available":{"Demographic":null,"2020":62,"% OF TOTAL":null,"2024":71,"2029":null}},"household_trends":{"Households":{"Demographic":null,"2020":748,"% OF TOTAL":null,"2024":851,"2029":987},"Households Growth":{"Demographic":null,"2020":null,"% OF TOTAL":null,"2024":13.8,"2029":16.0},"Householder Age 15-24":{"Demographic":null,"2020":20,"% OF TOTAL":2.4,"2024":23,"2029":24},"Householder Age 25-34":{"Demographic":null,"2020":120,"% OF TOTAL":16.1,"2024":137,"2029":159},"Householder Age 35-44":{"Demographic":null,"2020":114,"% OF TOTAL":15.0,"2024":129,"2029":148},"Householder Age 45-54":{"Demographic":null,"2020":130,"% OF TOTAL":17.5,"2024":148,"2029":173},"Householder Age 55-64":{"Demographic":null,"2020":169,"% OF TOTAL":20.3,"2024":192,"2029":200},"Householder Age 65-74":{"Demographic":null,"2020":123,"% OF TOTAL":18.1,"2024":140,"2029":179},"Householder Age 75+":{"Demographic":null,"2020":72,"% OF TOTAL":10.5,"2024":82,"2029":104},"Average Household Size":{"Demographic":null,"2020":2.5,"% OF TOTAL":null,"2024":2.5,"2029":2.5},"1 Person Households":{"Demographic":null,"2020":221,"% OF TOTAL":29.3,"2024":251,"2029":289},"2 Person Households":{"Demographic":null,"2020":253,"% OF TOTAL":33.5,"2024":288,"2029":331},"3 Person Households":{"Demographic":null,"2020":105,"% OF TOTAL":13.9,"2024":119,"2029":137},"4 Person Households":{"Demographic":null,"2020":86,"% OF TOTAL":11.8,"2024":97,"2029":116},"5 Person Households":{"Demographic":null,"2020":40,"% OF TOTAL":5.6,"2024":46,"2029":55},"6 Person Households":{"Demographic":null,"2020":35,"% OF TOTAL":4.8,"2024":40,"2029":47},"7+ Person Households":{"Demographic":null,"2020":8,"% OF TOTAL":1.2,"2024":10,"2029":12},"Household Type: Family":{"Demographic":null,"2020":459,"% OF TOTAL":null,"2024":522,"2029":null},"Household Type: Married Family":{"Demographic":null,"2020":349,"% OF TOTAL":null,"2024":397,"2029":null},"Household Type: Married Family With Children":{"Demographic":null,"2020":108,"% OF TOTAL":null,"2024":123,"2029":null},"Household Type: Married Family Without Children":{"Demographic":null,"2020":241,"% OF TOTAL":null,"2024":274,"2029":null},"Household Type: Other Family":{"Demographic":null,"2020":110,"% OF TOTAL":null,"2024":125,"2029":null},"Household Type: Male Households, No Wife":{"Demographic":null,"2020":37,"% OF TOTAL":null,"2024":42,"2029":null},"Household Type: Male Households, No Wife With Children":{"Demographic":null,"2020":14,"% OF TOTAL":null,"2024":16,"2029":null},"Household Type: Male Households, No Wife Without Children":{"Demographic":null,"2020":23,"% OF TOTAL":null,"2024":26,"2029":null},"Household Type: Female Households, No Husband":{"Demographic":null,"2020":73,"% OF TOTAL":null,"2024":83,"2029":null},"Household Type: Female Households, No Husband With Children":{"Demographic":null,"2020":36,"% OF TOTAL":null,"2024":41,"2029":null},"Household Type: Female Households, No Husband Without Children":{"Demographic":null,"2020":37,"% OF TOTAL":null,"2024":42,"2029":null},"Household Income: Average":{"Demographic":null,"2020":67263,"% OF TOTAL":null,"2024":70629,"2029":83156},"Household Income: Median":{"Demographic":null,"2020":0,"% OF TOTAL":null,"2024":56989,"2029":68533},"Household Income: Less than $25k":{"Demographic":null,"2020":81,"% OF TOTAL":7.5,"2024":80,"2029":74},"Household Income: $25k - $50k":{"Demographic":null,"2020":275,"% OF TOTAL":26.8,"2024":284,"2029":265},"Household Income: $50k - $75k":{"Demographic":null,"2020":153,"% OF TOTAL":21.7,"2024":195,"2029":214},"Household Income: $75k - $100k":{"Demographic":null,"2020":91,"% OF TOTAL":15.2,"2024":110,"2029":150},"Household Income: $100k - $125k":{"Demographic":null,"2020":59,"% OF TOTAL":6.4,"2024":64,"2029":63},"Household Income: $125k - $150k":{"Demographic":null,"2020":28,"% OF TOTAL":5.2,"2024":47,"2029":51},"Household Income: $150k - $200k":{"Demographic":null,"2020":61,"% OF TOTAL":17.2,"2024":71,"2029":170},"Household Income: Above $200k":{"Demographic":null,"2020":0,"% OF TOTAL":0.0,"2024":0,"2029":0},"Total Housing Units":{"Demographic":null,"2020":990,"% OF TOTAL":null,"2024":null,"2029":null},"Owner Occupied Housing Units":{"Demographic":null,"2020":510,"% OF TOTAL":null,"2024":580,"2029":null},"Renter Occupied Housing Units":{"Demographic":null,"2020":238,"% OF TOTAL":null,"2024":271,"2029":null},"Vacant Housing Units":{"Demographic":null,"2020":242,"% OF TOTAL":null,"2024":null,"2029":null},"Vacant Housing Units: Seasonal":{"Demographic":null,"2020":166,"% OF TOTAL":null,"2024":null,"2029":null},"Vacant Housing Units: Other Usage":{"Demographic":null,"2020":76,"% OF TOTAL":null,"2024":null,"2029":null},"Average Housing Unit Value":{"Demographic":null,"2020":227387,"% OF TOTAL":null,"2024":227384,"2029":null},"Median Housing Unit Value":{"Demographic":null,"2020":187597,"% OF TOTAL":null,"2024":187585,"2029":null},"Housing Unit Value Less Than $100k":{"Demographic":null,"2020":78,"% OF TOTAL":null,"2024":88,"2029":null},"Housing Unit Value $100k-$200k":{"Demographic":null,"2020":241,"% OF TOTAL":null,"2024":275,"2029":null},"Housing Unit Value $200k-$250k":{"Demographic":null,"2020":7,"% OF TOTAL":null,"2024":8,"2029":null},"Housing Unit Value $250k-$300k":{"Demographic":null,"2020":61,"% OF TOTAL":null,"2024":69,"2029":null},"Housing Unit Value $300k-$400k":{"Demographic":null,"2020":47,"% OF TOTAL":null,"2024":54,"2029":null},"Housing Unit Value $400k-$500k":{"Demographic":null,"2020":53,"% OF TOTAL":null,"2024":60,"2029":null},"Housing Unit Value $500k-$750k":{"Demographic":null,"2020":23,"% OF TOTAL":null,"2024":26,"2029":null},"Housing Unit Value $750k-$1m":{"Demographic":null,"2020":0,"% OF TOTAL":null,"2024":0,"2029":null},"Housing Unit Value $1m-$1.5m":{"Demographic":null,"2020":0,"% OF TOTAL":null,"2024":0,"2029":null},"Housing Unit Value $1.5m-$2m":{"Demographic":null,"2020":0,"% OF TOTAL":null,"2024":0,"2029":null},"Housing Unit Value Above $2m":{"Demographic":null,"2020":0,"% OF TOTAL":null,"2024":0,"2029":null},"Median Housing Unit Year Built":{"Demographic":null,"2020":2003,"% OF TOTAL":null,"2024":2003,"2029":null},"Housing Units Built 2014 Or After":{"Demographic":null,"2020":30,"% OF TOTAL":null,"2024":34,"2029":null},"Housing Units Built 2010-2013":{"Demographic":null,"2020":57,"% OF TOTAL":null,"2024":65,"2029":null},"Housing Units Built 2000-2009":{"Demographic":null,"2020":400,"% OF TOTAL":null,"2024":455,"2029":null},"Housing Units Built 1990-1999":{"Demographic":null,"2020":172,"% OF TOTAL":null,"2024":196,"2029":null},"Housing Units Built 1980-1989":{"Demographic":null,"2020":9,"% OF TOTAL":null,"2024":10,"2029":null},"Housing Units Built 1970-1979":{"Demographic":null,"2020":52,"% OF TOTAL":null,"2024":59,"2029":null},"Housing Units Built 1960-1969":{"Demographic":null,"2020":0,"% OF TOTAL":null,"2024":0,"2029":null},"Housing Units Built 1950-1959":{"Demographic":null,"2020":19,"% OF TOTAL":null,"2024":22,"2029":null},"Housing Units Built 1940-1949":{"Demographic":null,"2020":0,"% OF TOTAL":null,"2024":0,"2029":null},"Housing Units Built Before 1940":{"Demographic":null,"2020":9,"% OF TOTAL":null,"2024":10,"2029":null}}},"geometry":{"type":"Polygon","coordinates":[[[-86.10891516314209,30.42865688966137],[-86.11415732568906,30.42846575004516],[-86.11415732568906,30.448060366371873],[-86.08060304907534,30.448060366371873],[-86.08060304907534,30.426087212497674],[-86.10891516314209,30.42865688966137]]]}},{"type":"Feature","properties":{"block":"034","block_num":34,"submarket":"Freeport","CentroidLon":-86.06346347678475,"CentroidLat":30.43629597454948,"data_status":"no data","is_anomalous":false,"anomaly_reason":null,"files_present":""},"geometry":{"type":"Polygon","coordinates":[[[-86.08060304907534,30.426087212497674],[-86.08060304907534,30.448060366371873],[-86.04704877246161,30.448060366371873],[-86.04704877246161,30.423041743757494],[-86.08060304907534,30.426087212497674]]]}},{"type":"Feature","properties":{"block":"035","block_num":35,"submarket":"Freeport","CentroidLon":-86.0299507873954,"CentroidLat":30.434775127458817,"data_status":"no data","is_anomalous":false,"anomaly_reason":null,"files_present":""},"geometry":{"type":"Polygon","coordinates":[[[-86.04704877246161,30.423041743757494],[-86.04704877246161,30.448060366371873],[-86.01349449584788,30.448060366371873],[-86.01349449584788,30.419996275017315],[-86.04704877246161,30.423041743757494]]]}},{"type":"Feature","properties":{"block":"036","block_num":36,"submarket":"Freeport","CentroidLon":-86.00886741384193,"CentroidLat":30.43373898556927,"data_status":"no data","is_anomalous":false,"anomaly_reason":null,"files_present":""},"geometry":{"type":"Polygon","coordinates":[[[-86.0041366422571,30.419146933190817],[-86.01349449584788,30.419996275017315],[-86.01349449584788,30.448060366371873],[-86.00443566214541,30.448060366371873],[-86.0041366422571,30.419146933190817]]]}}]}