{"type": "FeatureCollection", "features": [{"type": "Feature", "properties": {"block": "001", "block_num": 1, "CentroidLon": -88.0981941089651, "CentroidLat": 30.952976121308552, "submarket": "North Mobile", "data_status": "no data", "is_anomalous": false, "anomaly_reason": null, "files_present": ""}, "geometry": {"type": "Polygon", "coordinates": [[[-88.105985, 30.955206], [-88.089909, 30.9548], [-88.089867, 30.951029], [-88.106281, 30.95089], [-88.105985, 30.955206]]]}}, {"type": "Feature", "properties": {"block": "002", "block_num": 2, "CentroidLon": -88.0740363259411, "CentroidLat": 30.9527785636518, "submarket": "North Mobile", "data_status": "no data", "is_anomalous": false, "anomaly_reason": null, "files_present": ""}, "geometry": {"type": "Polygon", "coordinates": [[[-88.056203, 30.953942], [-88.056174, 30.951309], [-88.089867, 30.951029], [-88.089909, 30.9548], [-88.056203, 30.953942]]]}}, {"type": "Feature", "properties": {"block": "003", "block_num": 3, "CentroidLon": -88.04088710132268, "CentroidLat": 30.95249019084803, "submarket": "North Mobile", "data_status": "no data", "is_anomalous": false, "anomaly_reason": null, "files_present": ""}, "geometry": {"type": "Polygon", "coordinates": [[[-88.022497, 30.953075], [-88.022481, 30.95158], [-88.056174, 30.951309], [-88.056203, 30.953942], [-88.022497, 30.953075]]]}}, {"type": "Feature", "properties": {"block": "004", "block_num": 4, "CentroidLon": -88.00909077765807, "CentroidLat": 30.952205472991444, "submarket": "North Mobile", "data_status": "no data", "is_anomalous": false, "anomaly_reason": null, "files_present": ""}, "geometry": {"type": "Polygon", "coordinates": [[[-87.988792, 30.952199], [-87.988788, 30.951842], [-88.022481, 30.95158], [-88.022497, 30.953075], [-87.988792, 30.952199]]]}}, {"type": "Feature", "properties": {"block": "005", "block_num": 5, "CentroidLon": -87.98526450232347, "CentroidLat": 30.95198794194995, "submarket": "North Mobile", "data_status": "no data", "is_anomalous": false, "anomaly_reason": null, "files_present": ""}, "geometry": {"type": "Polygon", "coordinates": [[[-87.978214, 30.951923], [-87.988788, 30.951842], [-87.988792, 30.952199], [-87.978214, 30.951923]]]}}, {"type": "Feature", "properties": {"block": "006", "block_num": 6, "CentroidLon": -87.97187770372582, "CentroidLat": 30.937316856929765, "submarket": "North Mobile", "data_status": "no data", "is_anomalous": false, "anomaly_reason": null, "files_present": ""}, "geometry": {"type": "Polygon", "coordinates": [[[-87.955086, 30.951315], [-87.954805, 30.923056], [-87.988489, 30.922803], [-87.988788, 30.951842], [-87.978214, 30.951923], [-87.955086, 30.951315]]]}}, {"type": "Feature", "properties": {"block": "007", "block_num": 7, "CentroidLon": -88.00548251480282, "CentroidLat": 30.93719221814552, "submarket": "North Mobile", "data_status": "no data", "is_anomalous": false, "anomaly_reason": null, "files_present": ""}, "geometry": {"type": "Polygon", "coordinates": [[[-88.022172, 30.922541], [-88.022481, 30.95158], [-87.988788, 30.951842], [-87.988489, 30.922803], [-88.022172, 30.922541]]]}}, {"type": "Feature", "properties": {"block": "008", "block_num": 8, "CentroidLon": -87.93821363673328, "CentroidLat": 30.937025283641788, "submarket": "North Mobile", "data_status": "no data", "is_anomalous": false, "anomaly_reason": null, "files_present": ""}, "geometry": {"type": "Polygon", "coordinates": [[[-87.921381, 30.950422], [-87.921121, 30.923301], [-87.954805, 30.923056], [-87.955086, 30.951315], [-87.921381, 30.950422]]]}}, {"type": "Feature", "properties": {"block": "009", "block_num": 9, "CentroidLon": -88.03917041574313, "CentroidLat": 30.936925968645774, "submarket": "North Mobile", "data_status": "usable", "is_anomalous": false, "anomaly_reason": null, "files_present": "DemographicSnapshot-26.08.06.csv;PopulationTrends-26.08.06.csv;HouseholdTrends-26.08.06.csv;HouseholdIncomeByAge-26.08.06.csv;ConsumerSegmentation-26.08.06.csv", "demographic_snapshot": {"Total Population": {"Demographic": null, "2020": 1508, "% OF TOTAL": null, "2024": 1402, "2029": 1317}, "Households": {"Demographic": null, "2020": 611, "% OF TOTAL": null, "2024": 575, "2029": 549}, "Population in Group Quarters": {"Demographic": null, "2020": 0, "% OF TOTAL": null, "2024": 0, "2029": 0}, "Households Growth": {"Demographic": null, "2020": null, "% OF TOTAL": null, "2024": -5.9, "2029": -4.5}, "Household Income: Median": {"Demographic": null, "2020": 0, "% OF TOTAL": null, "2024": 71046, "2029": 90231}, "Home Value: Median": {"Demographic": null, "2020": 153125, "% OF TOTAL": null, "2024": 155000, "2029": null}, "Population Growth": {"Demographic": null, "2020": null, "% OF TOTAL": null, "2024": -7.0, "2029": -6.1}, "Total Population: Under 19 years": {"Demographic": null, "2020": 388, "% OF TOTAL": 23.9, "2024": 359, "2029": 315}, "Total Population: 20 - 64 years": {"Demographic": null, "2020": 899, "% OF TOTAL": 57.3, "2024": 820, "2029": 755}, "Total Population: 65 years and over": {"Demographic": null, "2020": 221, "% OF TOTAL": 18.8, "2024": 223, "2029": 247}, "Total population: Median age": {"Demographic": null, "2020": 41, "% OF TOTAL": null, "2024": 41, "2029": 43}, "Total population: Under 5 years": {"Demographic": null, "2020": 81, "% OF TOTAL": 4.9, "2024": 73, "2029": 65}, "Total population: 5 - 9 years": {"Demographic": null, "2020": 99, "% OF TOTAL": 6.0, "2024": 94, "2029": 79}, "Total population: 10 - 14 years": {"Demographic": null, "2020": 106, "% OF TOTAL": 6.5, "2024": 95, "2029": 85}, "Total population: 15 - 19 years": {"Demographic": null, "2020": 102, "% OF TOTAL": 6.5, "2024": 97, "2029": 86}, "Total population: 20 - 24 years": {"Demographic": null, "2020": 71, "% OF TOTAL": 5.2, "2024": 64, "2029": 68}, "Total population: 25 - 29 years": {"Demographic": null, "2020": 104, "% OF TOTAL": 6.1, "2024": 94, "2029": 80}, "Total population: 30 - 34 years": {"Demographic": null, "2020": 77, "% OF TOTAL": 5.5, "2024": 73, "2029": 73}, "Total population: 35 - 39 years": {"Demographic": null, "2020": 88, "% OF TOTAL": 5.8, "2024": 82, "2029": 77}, "Total population: 40 - 44 years": {"Demographic": null, "2020": 81, "% OF TOTAL": 5.8, "2024": 82, "2029": 77}, "Total population: 45 - 49 years": {"Demographic": null, "2020": 102, "% OF TOTAL": 6.7, "2024": 90, "2029": 88}, "Total population: 50 - 54 years": {"Demographic": null, "2020": 118, "% OF TOTAL": 7.1, "2024": 108, "2029": 93}, "Total population: 55 - 59 years": {"Demographic": null, "2020": 127, "% OF TOTAL": 7.5, "2024": 108, "2029": 99}, "Total population: 60 - 64 years": {"Demographic": null, "2020": 131, "% OF TOTAL": 7.6, "2024": 119, "2029": 100}, "Total population: 65 - 69 years": {"Demographic": null, "2020": 85, "% OF TOTAL": 6.7, "2024": 84, "2029": 88}, "Total population: 70 - 74 years": {"Demographic": null, "2020": 60, "% OF TOTAL": 4.9, "2024": 59, "2029": 65}, "Total population: 75 - 79 years": {"Demographic": null, "2020": 36, "% OF TOTAL": 3.3, "2024": 38, "2029": 44}, "Total population: 80 - 84 years": {"Demographic": null, "2020": 24, "% OF TOTAL": 2.2, "2024": 26, "2029": 29}, "Total population: 85 years and over": {"Demographic": null, "2020": 16, "% OF TOTAL": 1.6, "2024": 16, "2029": 21}, "Householders Age 15-24": {"Demographic": null, "2020": 30, "% OF TOTAL": 5.1, "2024": 28, "2029": 28}, "Householders Age 25-34": {"Demographic": null, "2020": 72, "% OF TOTAL": 11.5, "2024": 68, "2029": 63}, "Householders Age 35-44": {"Demographic": null, "2020": 85, "% OF TOTAL": 13.5, "2024": 80, "2029": 74}, "Householders Age 45-54": {"Demographic": null, "2020": 115, "% OF TOTAL": 17.9, "2024": 108, "2029": 98}, "Householders Age 55-64": {"Demographic": null, "2020": 142, "% OF TOTAL": 20.9, "2024": 133, "2029": 115}, "Householders Age 65-74": {"Demographic": null, "2020": 100, "% OF TOTAL": 18.0, "2024": 94, "2029": 99}, "Householders Age 75+": {"Demographic": null, "2020": 67, "% OF TOTAL": 13.1, "2024": 64, "2029": 72}, "Household income: Average": {"Demographic": null, "2020": 84403, "% OF TOTAL": null, "2024": 100013, "2029": 147496}, "Household income: Less than 25k": {"Demographic": null, "2020": 81, "% OF TOTAL": 7.7, "2024": 62, "2029": 42}, "Household income: 25k - 50k": {"Demographic": null, "2020": 196, "% OF TOTAL": 21.1, "2024": 176, "2029": 116}, "Household income: 50k - 75k": {"Demographic": null, "2020": 76, "% OF TOTAL": 8.0, "2024": 64, "2029": 44}, "Household income: 75k - 100k": {"Demographic": null, "2020": 151, "% OF TOTAL": 21.7, "2024": 129, "2029": 119}, "Household income: 100k - 125k": {"Demographic": null, "2020": 20, "% OF TOTAL": 2.4, "2024": 17, "2029": 13}, "Household income: 125k - 150k": {"Demographic": null, "2020": 13, "% OF TOTAL": 2.6, "2024": 20, "2029": 14}, "Household income: 150k - 200k": {"Demographic": null, "2020": 24, "% OF TOTAL": 10.9, "2024": 39, "2029": 60}, "Household income: Above 200k": {"Demographic": null, "2020": 50, "% OF TOTAL": 25.7, "2024": 68, "2029": 141}, "White Alone": {"Demographic": null, "2020": 1159, "% OF TOTAL": 75.8, "2024": 1065, "2029": 998}, "Black or African American Alone": {"Demographic": null, "2020": 228, "% OF TOTAL": 15.4, "2024": 214, "2029": 203}, "American Indian and Alaska Native Alone": {"Demographic": null, "2020": 30, "% OF TOTAL": 2.1, "2024": 29, "2029": 27}, "Asian Alone": {"Demographic": null, "2020": 3, "% OF TOTAL": 0.2, "2024": 3, "2029": 3}, "Native Hawaiian and OPI Alone": {"Demographic": null, "2020": 0, "% OF TOTAL": 0.0, "2024": 0, "2029": 0}, "Some Other Race Alone": {"Demographic": null, "2020": 4, "% OF TOTAL": 0.3, "2024": 4, "2029": 4}, "Two or More Races Alone": {"Demographic": null, "2020": 84, "% OF TOTAL": 6.2, "2024": 87, "2029": 82}, "Not Hispanic or Latino": {"Demographic": null, "2020": 1495, "% OF TOTAL": 99.0, "2024": 1389, "2029": 1304}, "Hispanic or Latino": {"Demographic": null, "2020": 13, "% OF TOTAL": 1.0, "2024": 13, "2029": 13}, "Total Housing Units": {"Demographic": null, "2020": 662, "% OF TOTAL": null, "2024": null, "2029": null}, "Owner Occupied Housing Units": {"Demographic": null, "2020": 476, "% OF TOTAL": null, "2024": 448, "2029": null}, "Renter Occupied Housing Units": {"Demographic": null, "2020": 135, "% OF TOTAL": null, "2024": 127, "2029": null}, "Housing Units Value Less Than 100k": {"Demographic": null, "2020": 133, "% OF TOTAL": null, "2024": 124, "2029": null}, "Housing Units Value 100k - 200k": {"Demographic": null, "2020": 145, "% OF TOTAL": null, "2024": 136, "2029": null}, "Housing Units Value 200k - 250k": {"Demographic": null, "2020": 105, "% OF TOTAL": null, "2024": 99, "2029": null}, "Housing Units Value 250k - 300k": {"Demographic": null, "2020": 25, "% OF TOTAL": null, "2024": 24, "2029": null}, "Housing Units Value 300k - 400k": {"Demographic": null, "2020": 36, "% OF TOTAL": null, "2024": 34, "2029": null}, "Housing Units Value 400k - 500k": {"Demographic": null, "2020": 8, "% OF TOTAL": null, "2024": 8, "2029": null}, "Housing Units Value 500k - 750k": {"Demographic": null, "2020": 4, "% OF TOTAL": null, "2024": 4, "2029": null}, "Housing Units Value 750k - 1m": {"Demographic": null, "2020": 20, "% OF TOTAL": null, "2024": 19, "2029": null}, "Housing Units Value 1m - 1.5m": {"Demographic": null, "2020": 0, "% OF TOTAL": null, "2024": 0, "2029": null}, "Housing Units Value 1.5m - 2m": {"Demographic": null, "2020": 0, "% OF TOTAL": null, "2024": 0, "2029": null}, "Housing Units Value >2m": {"Demographic": null, "2020": 0, "% OF TOTAL": null, "2024": 0, "2029": null}, "Take Car or Truck to Work": {"Demographic": null, "2020": 644, "% OF TOTAL": null, "2024": 595, "2029": null}, "Take Public Transportation to Work": {"Demographic": null, "2020": 0, "% OF TOTAL": null, "2024": 0, "2029": null}, "Take Other Means of Transportation to Work": {"Demographic": null, "2020": 12, "% OF TOTAL": null, "2024": 11, "2029": null}, "Average Travel Time (min)": {"Demographic": null, "2020": 26, "% OF TOTAL": null, "2024": 26, "2029": null}, "Travel Below 30 Min to Work": {"Demographic": null, "2020": 386, "% OF TOTAL": null, "2024": 357, "2029": null}, "Travel 30-60 Min to Work": {"Demographic": null, "2020": 265, "% OF TOTAL": null, "2024": 245, "2029": null}, "Travel Above 60 Min to Work": {"Demographic": null, "2020": 31, "% OF TOTAL": null, "2024": 4, "2029": null}, "Educational Attainment: No High School Diploma": {"Demographic": null, "2020": 592, "% OF TOTAL": null, "2024": 553, "2029": null}, "Educational Attainment: High School Diploma": {"Demographic": null, "2020": 414, "% OF TOTAL": null, "2024": 386, "2029": null}, "Educational Attainment: Some College": {"Demographic": null, "2020": 388, "% OF TOTAL": null, "2024": 362, "2029": null}, "Educational Attainment: Associate's Degree": {"Demographic": null, "2020": 162, "% OF TOTAL": null, "2024": 151, "2029": null}, "Educational Attainment: Bachelors Degree": {"Demographic": null, "2020": 88, "% OF TOTAL": null, "2024": 82, "2029": null}, "Educational Attainment: Advanced Degree": {"Demographic": null, "2020": 69, "% OF TOTAL": null, "2024": 64, "2029": null}, "Households: Number of vehicles available - Average": {"Demographic": null, "2020": 2, "% OF TOTAL": null, "2024": 2, "2029": null}, "Households: No Vehicle available": {"Demographic": null, "2020": 0, "% OF TOTAL": null, "2024": 0, "2029": null}, "Households: 1 Vehicle available": {"Demographic": null, "2020": 172, "% OF TOTAL": null, "2024": 162, "2029": null}, "Households: 2 Vehicles available": {"Demographic": null, "2020": 172, "% OF TOTAL": null, "2024": 161, "2029": null}, "Households: 3 Vehicles available": {"Demographic": null, "2020": 143, "% OF TOTAL": null, "2024": 135, "2029": null}, "Households: 4 or more Vehicles available": {"Demographic": null, "2020": 124, "% OF TOTAL": null, "2024": 117, "2029": null}}, "population_trends": {"Total Population": {"Demographic": null, "2020": 1508, "% OF TOTAL": null, "2024": 1402, "2029": 1317}, "Population Growth": {"Demographic": null, "2020": null, "% OF TOTAL": null, "2024": -7.0, "2029": -6.1}, "Female Population": {"Demographic": null, "2020": 759, "% OF TOTAL": 50.4, "2024": 707, "2029": 664}, "Male Population": {"Demographic": null, "2020": 749, "% OF TOTAL": 49.6, "2024": 695, "2029": 653}, "Total population: Median Age": {"Demographic": null, "2020": 41, "% OF TOTAL": null, "2024": 41, "2029": 43}, "Total population: Under 5 years": {"Demographic": null, "2020": 81, "% OF TOTAL": 4.9, "2024": 73, "2029": 65}, "Total population: 5 - 9 years": {"Demographic": null, "2020": 99, "% OF TOTAL": 6.0, "2024": 94, "2029": 79}, "Total population: 10 - 14 years": {"Demographic": null, "2020": 106, "% OF TOTAL": 6.5, "2024": 95, "2029": 85}, "Total population: 15 - 19 years": {"Demographic": null, "2020": 102, "% OF TOTAL": 6.5, "2024": 97, "2029": 86}, "Total population: 20 - 24 years": {"Demographic": null, "2020": 71, "% OF TOTAL": 5.2, "2024": 64, "2029": 68}, "Total population: 25 - 29 years": {"Demographic": null, "2020": 104, "% OF TOTAL": 6.1, "2024": 94, "2029": 80}, "Total population: 30 - 34 years": {"Demographic": null, "2020": 77, "% OF TOTAL": 5.5, "2024": 73, "2029": 73}, "Total population: 35 - 39 years": {"Demographic": null, "2020": 88, "% OF TOTAL": 5.8, "2024": 82, "2029": 77}, "Total population: 40 - 44 years": {"Demographic": null, "2020": 81, "% OF TOTAL": 5.8, "2024": 82, "2029": 77}, "Total population: 45 - 49 years": {"Demographic": null, "2020": 102, "% OF TOTAL": 6.7, "2024": 90, "2029": 88}, "Total population: 50 - 54 years": {"Demographic": null, "2020": 118, "% OF TOTAL": 7.1, "2024": 108, "2029": 93}, "Total population: 55 - 59 years": {"Demographic": null, "2020": 127, "% OF TOTAL": 7.5, "2024": 108, "2029": 99}, "Total population: 60 - 64 years": {"Demographic": null, "2020": 131, "% OF TOTAL": 7.6, "2024": 119, "2029": 100}, "Total population: 65 - 69 years": {"Demographic": null, "2020": 85, "% OF TOTAL": 6.7, "2024": 84, "2029": 88}, "Total population: 70 - 74 years": {"Demographic": null, "2020": 60, "% OF TOTAL": 4.9, "2024": 59, "2029": 65}, "Total population: 75 - 79 years": {"Demographic": null, "2020": 36, "% OF TOTAL": 3.3, "2024": 38, "2029": 44}, "Total population: 80 - 84 years": {"Demographic": null, "2020": 24, "% OF TOTAL": 2.2, "2024": 26, "2029": 29}, "Total population: 85 years and over": {"Demographic": null, "2020": 16, "% OF TOTAL": 1.6, "2024": 16, "2029": 21}, "Female population: Median Age": {"Demographic": null, "2020": 42, "% OF TOTAL": null, "2024": 42, "2029": 43}, "Female population: Under 5 years": {"Demographic": null, "2020": 38, "% OF TOTAL": 4.7, "2024": 34, "2029": 31}, "Female population: 5 - 9 years": {"Demographic": null, "2020": 45, "% OF TOTAL": 5.4, "2024": 42, "2029": 36}, "Female population: 10 - 14 years": {"Demographic": null, "2020": 57, "% OF TOTAL": 6.5, "2024": 51, "2029": 43}, "Female population: 15 - 19 years": {"Demographic": null, "2020": 50, "% OF TOTAL": 6.6, "2024": 48, "2029": 44}, "Female population: 20 - 24 years": {"Demographic": null, "2020": 31, "% OF TOTAL": 4.8, "2024": 28, "2029": 32}, "Female population: 25 - 29 years": {"Demographic": null, "2020": 53, "% OF TOTAL": 5.7, "2024": 47, "2029": 38}, "Female population: 30 - 34 years": {"Demographic": null, "2020": 46, "% OF TOTAL": 6.3, "2024": 44, "2029": 42}, "Female population: 35 - 39 years": {"Demographic": null, "2020": 38, "% OF TOTAL": 5.6, "2024": 36, "2029": 37}, "Female population: 40 - 44 years": {"Demographic": null, "2020": 42, "% OF TOTAL": 5.9, "2024": 44, "2029": 39}, "Female population: 45 - 49 years": {"Demographic": null, "2020": 49, "% OF TOTAL": 6.8, "2024": 45, "2029": 45}, "Female population: 50 - 54 years": {"Demographic": null, "2020": 64, "% OF TOTAL": 7.4, "2024": 57, "2029": 49}, "Female population: 55 - 59 years": {"Demographic": null, "2020": 61, "% OF TOTAL": 7.4, "2024": 51, "2029": 49}, "Female population: 60 - 64 years": {"Demographic": null, "2020": 72, "% OF TOTAL": 8.1, "2024": 66, "2029": 54}, "Female population: 65 - 69 years": {"Demographic": null, "2020": 50, "% OF TOTAL": 7.5, "2024": 50, "2029": 50}, "Female population: 70 - 74 years": {"Demographic": null, "2020": 27, "% OF TOTAL": 4.8, "2024": 27, "2029": 32}, "Female population: 75 - 79 years": {"Demographic": null, "2020": 19, "% OF TOTAL": 3.3, "2024": 19, "2029": 22}, "Female population: 80 - 84 years": {"Demographic": null, "2020": 8, "% OF TOTAL": 1.7, "2024": 9, "2029": 11}, "Female population: 85 years and over": {"Demographic": null, "2020": 9, "% OF TOTAL": 1.5, "2024": 9, "2029": 10}, "Male population: Median Age": {"Demographic": null, "2020": 40, "% OF TOTAL": null, "2024": 40, "2029": 42}, "Male population: Under 5 years": {"Demographic": null, "2020": 43, "% OF TOTAL": 5.2, "2024": 39, "2029": 34}, "Male population: 5 - 9 years": {"Demographic": null, "2020": 54, "% OF TOTAL": 6.6, "2024": 52, "2029": 43}, "Male population: 10 - 14 years": {"Demographic": null, "2020": 49, "% OF TOTAL": 6.4, "2024": 44, "2029": 42}, "Male population: 15 - 19 years": {"Demographic": null, "2020": 52, "% OF TOTAL": 6.4, "2024": 49, "2029": 42}, "Male population: 20 - 24 years": {"Demographic": null, "2020": 40, "% OF TOTAL": 5.5, "2024": 36, "2029": 36}, "Male population: 25 - 29 years": {"Demographic": null, "2020": 51, "% OF TOTAL": 6.4, "2024": 47, "2029": 42}, "Male population: 30 - 34 years": {"Demographic": null, "2020": 31, "% OF TOTAL": 4.7, "2024": 29, "2029": 31}, "Male population: 35 - 39 years": {"Demographic": null, "2020": 50, "% OF TOTAL": 6.1, "2024": 46, "2029": 40}, "Male population: 40 - 44 years": {"Demographic": null, "2020": 39, "% OF TOTAL": 5.8, "2024": 38, "2029": 38}, "Male population: 45 - 49 years": {"Demographic": null, "2020": 53, "% OF TOTAL": 6.6, "2024": 45, "2029": 43}, "Male population: 50 - 54 years": {"Demographic": null, "2020": 54, "% OF TOTAL": 6.7, "2024": 51, "2029": 44}, "Male population: 55 - 59 years": {"Demographic": null, "2020": 66, "% OF TOTAL": 7.7, "2024": 57, "2029": 50}, "Male population: 60 - 64 years": {"Demographic": null, "2020": 59, "% OF TOTAL": 7.0, "2024": 53, "2029": 46}, "Male population: 65 - 69 years": {"Demographic": null, "2020": 35, "% OF TOTAL": 5.8, "2024": 34, "2029": 38}, "Male population: 70 - 74 years": {"Demographic": null, "2020": 33, "% OF TOTAL": 5.1, "2024": 32, "2029": 33}, "Male population: 75 - 79 years": {"Demographic": null, "2020": 17, "% OF TOTAL": 3.4, "2024": 19, "2029": 22}, "Male population: 80 - 84 years": {"Demographic": null, "2020": 16, "% OF TOTAL": 2.8, "2024": 17, "2029": 18}, "Male population: 85 years and over": {"Demographic": null, "2020": 7, "% OF TOTAL": 1.7, "2024": 7, "2029": 11}, "White alone": {"Demographic": null, "2020": 1159, "% OF TOTAL": 75.8, "2024": 1065, "2029": 998}, "Black alone": {"Demographic": null, "2020": 228, "% OF TOTAL": 15.4, "2024": 214, "2029": 203}, "American Indian and Alaska Native alone": {"Demographic": null, "2020": 30, "% OF TOTAL": 2.1, "2024": 29, "2029": 27}, "Asian alone": {"Demographic": null, "2020": 3, "% OF TOTAL": 0.2, "2024": 3, "2029": 3}, "Native Hawaiian and OPI alone": {"Demographic": null, "2020": 0, "% OF TOTAL": 0.0, "2024": 0, "2029": 0}, "Some other race alone": {"Demographic": null, "2020": 4, "% OF TOTAL": 0.3, "2024": 4, "2029": 4}, "Two or more races alone": {"Demographic": null, "2020": 84, "% OF TOTAL": 6.2, "2024": 87, "2029": 82}, "Not Hispanic: White alone": {"Demographic": null, "2020": 1156, "% OF TOTAL": 75.6, "2024": 1062, "2029": 995}, "Not Hispanic: Black or African American alone": {"Demographic": null, "2020": 227, "% OF TOTAL": 15.3, "2024": 213, "2029": 202}, "Not Hispanic: American Indian and Alaska Native alone": {"Demographic": null, "2020": 30, "% OF TOTAL": 2.1, "2024": 29, "2029": 27}, "Not Hispanic: Asian alone": {"Demographic": null, "2020": 3, "% OF TOTAL": 0.2, "2024": 3, "2029": 3}, "Not Hispanic: Native Hawaiian and OPI alone": {"Demographic": null, "2020": 0, "% OF TOTAL": 0.0, "2024": 0, "2029": 0}, "Not Hispanic: Some Other Race alone": {"Demographic": null, "2020": 0, "% OF TOTAL": 0.0, "2024": 0, "2029": 0}, "Not Hispanic: Two or More Races": {"Demographic": null, "2020": 79, "% OF TOTAL": 5.8, "2024": 82, "2029": 77}, "Hispanic: White alone": {"Demographic": null, "2020": 3, "% OF TOTAL": 0.2, "2024": 3, "2029": 3}, "Hispanic: Black or African American alone": {"Demographic": null, "2020": 1, "% OF TOTAL": 0.1, "2024": 1, "2029": 1}, "Hispanic: American Indian and Alaska Native alone": {"Demographic": null, "2020": 0, "% OF TOTAL": 0.0, "2024": 0, "2029": 0}, "Hispanic: Asian alone": {"Demographic": null, "2020": 0, "% OF TOTAL": 0.0, "2024": 0, "2029": 0}, "Hispanic: Native Hawaiian and OPI alone": {"Demographic": null, "2020": 0, "% OF TOTAL": 0.0, "2024": 0, "2029": 0}, "Hispanic: Some Other Race alone": {"Demographic": null, "2020": 4, "% OF TOTAL": 0.3, "2024": 4, "2029": 4}, "Hispanic: Two or More Races": {"Demographic": null, "2020": 5, "% OF TOTAL": 0.4, "2024": 5, "2029": 5}, "Educational Attainment: No High School Diploma": {"Demographic": null, "2020": 178, "% OF TOTAL": null, "2024": 167, "2029": null}, "Educational Attainment: High School Diploma": {"Demographic": null, "2020": 414, "% OF TOTAL": null, "2024": 386, "2029": null}, "Educational Attainment: Some College": {"Demographic": null, "2020": 138, "% OF TOTAL": null, "2024": 129, "2029": null}, "Educational Attainment: Associates Degree": {"Demographic": null, "2020": 162, "% OF TOTAL": null, "2024": 151, "2029": null}, "Educational Attainment: Bachelors Degree": {"Demographic": null, "2020": 88, "% OF TOTAL": null, "2024": 82, "2029": null}, "Educational Attainment: Advanced Degree": {"Demographic": null, "2020": 69, "% OF TOTAL": null, "2024": 64, "2029": null}, "Employment Status: Armed Forces": {"Demographic": null, "2020": 0, "% OF TOTAL": null, "2024": 0, "2029": null}, "Employment Status: Civilian labor force employed": {"Demographic": null, "2020": 684, "% OF TOTAL": null, "2024": 632, "2029": null}, "Employment Status: Civilian labor force unemployed": {"Demographic": null, "2020": 92, "% OF TOTAL": null, "2024": 85, "2029": null}, "Employment Status: Not in labor force": {"Demographic": null, "2020": 424, "% OF TOTAL": null, "2024": 392, "2029": null}, "Employed in Agriculture and Mining Industries": {"Demographic": null, "2020": 0, "% OF TOTAL": null, "2024": 0, "2029": null}, "Employed in Construction Industries": {"Demographic": null, "2020": 114, "% OF TOTAL": null, "2024": 105, "2029": null}, "Employed in Manufacturing Industries": {"Demographic": null, "2020": 56, "% OF TOTAL": null, "2024": 52, "2029": null}, "Employed in Wholesale Industries": {"Demographic": null, "2020": 33, "% OF TOTAL": null, "2024": 31, "2029": null}, "Employed in Retail Industries": {"Demographic": null, "2020": 75, "% OF TOTAL": null, "2024": 69, "2029": null}, "Employed in Transportation and Utilities Industries": {"Demographic": null, "2020": 56, "% OF TOTAL": null, "2024": 52, "2029": null}, "Employed in Information Industries": {"Demographic": null, "2020": 1, "% OF TOTAL": null, "2024": 1, "2029": null}, "Employed in Real-Estate Industries": {"Demographic": null, "2020": 0, "% OF TOTAL": null, "2024": 0, "2029": null}, "Employed in Professional Industries": {"Demographic": null, "2020": 62, "% OF TOTAL": null, "2024": 57, "2029": null}, "Employed in Health and Education Industries": {"Demographic": null, "2020": 136, "% OF TOTAL": null, "2024": 126, "2029": null}, "Employed in Art Industries": {"Demographic": null, "2020": 67, "% OF TOTAL": null, "2024": 62, "2029": null}, "Employed in Other Industries": {"Demographic": null, "2020": 60, "% OF TOTAL": null, "2024": 55, "2029": null}, "Employed in Public Administration Industries": {"Demographic": null, "2020": 24, "% OF TOTAL": null, "2024": 22, "2029": null}, "Occupation: Management": {"Demographic": null, "2020": 71, "% OF TOTAL": null, "2024": 66, "2029": null}, "Occupation: Business and financial operations": {"Demographic": null, "2020": 2, "% OF TOTAL": null, "2024": 2, "2029": null}, "Occupation: Computer and mathematical": {"Demographic": null, "2020": 2, "% OF TOTAL": null, "2024": 2, "2029": null}, "Occupation: Architecture and engineering": {"Demographic": null, "2020": 2, "% OF TOTAL": null, "2024": 2, "2029": null}, "Occupation: Life, physical, and social science": {"Demographic": null, "2020": 4, "% OF TOTAL": null, "2024": 4, "2029": null}, "Occupation: Community and social service": {"Demographic": null, "2020": 11, "% OF TOTAL": null, "2024": 10, "2029": null}, "Occupation: Legal": {"Demographic": null, "2020": 0, "% OF TOTAL": null, "2024": 0, "2029": null}, "Occupation: Education, training, and library": {"Demographic": null, "2020": 15, "% OF TOTAL": null, "2024": 14, "2029": null}, "Occupation: Arts, design, entertainment, sports, and media": {"Demographic": null, "2020": 0, "% OF TOTAL": null, "2024": 0, "2029": null}, "Occupation: Health diagnosing and treating practitioners": {"Demographic": null, "2020": 45, "% OF TOTAL": null, "2024": 42, "2029": null}, "Occupation: Health technologists and technicians": {"Demographic": null, "2020": 4, "% OF TOTAL": null, "2024": 4, "2029": null}, "Occupation: Healthcare support": {"Demographic": null, "2020": 55, "% OF TOTAL": null, "2024": 51, "2029": null}, "Occupation: Fire fighting and prevention": {"Demographic": null, "2020": 37, "% OF TOTAL": null, "2024": 34, "2029": null}, "Occupation: Law enforcement workers": {"Demographic": null, "2020": 10, "% OF TOTAL": null, "2024": 9, "2029": null}, "Occupation: Food preparation and serving related": {"Demographic": null, "2020": 22, "% OF TOTAL": null, "2024": 20, "2029": null}, "Occupation: Building and grounds cleaning and maintenance": {"Demographic": null, "2020": 12, "% OF TOTAL": null, "2024": 11, "2029": null}, "Occupation: Personal care and service": {"Demographic": null, "2020": 15, "% OF TOTAL": null, "2024": 14, "2029": null}, "Occupation: Sales and related": {"Demographic": null, "2020": 35, "% OF TOTAL": null, "2024": 32, "2029": null}, "Occupation: Office and administrative support": {"Demographic": null, "2020": 76, "% OF TOTAL": null, "2024": 70, "2029": null}, "Occupation: Farming, fishing, and forestry": {"Demographic": null, "2020": 0, "% OF TOTAL": null, "2024": 0, "2029": null}, "Occupation: Construction and extraction": {"Demographic": null, "2020": 114, "% OF TOTAL": null, "2024": 105, "2029": null}, "Occupation: Installation, maintenance, and repair": {"Demographic": null, "2020": 20, "% OF TOTAL": null, "2024": 18, "2029": null}, "Occupation: Production": {"Demographic": null, "2020": 40, "% OF TOTAL": null, "2024": 37, "2029": null}, "Occupation: Transportation": {"Demographic": null, "2020": 28, "% OF TOTAL": null, "2024": 26, "2029": null}, "Occupation: Material moving": {"Demographic": null, "2020": 64, "% OF TOTAL": null, "2024": 59, "2029": null}, "White collar": {"Demographic": null, "2020": 267, "% OF TOTAL": null, "2024": 248, "2029": null}, "Blue collar": {"Demographic": null, "2020": 417, "% OF TOTAL": null, "2024": 384, "2029": null}, "Means of transportation: Car, truck or van": {"Demographic": null, "2020": 644, "% OF TOTAL": null, "2024": 595, "2029": null}, "Means of transportation: Public transportation": {"Demographic": null, "2020": 0, "% OF TOTAL": null, "2024": 0, "2029": null}, "Means of transportation: Other": {"Demographic": null, "2020": 12, "% OF TOTAL": null, "2024": 11, "2029": null}, "Travel time: Average (in minutes)": {"Demographic": null, "2020": 26, "% OF TOTAL": null, "2024": 26, "2029": null}, "Travel time to work: Less than 30 minutes": {"Demographic": null, "2020": 386, "% OF TOTAL": null, "2024": 357, "2029": null}, "Travel time to work: 30 to 60 minutes": {"Demographic": null, "2020": 265, "% OF TOTAL": null, "2024": 245, "2029": null}, "Travel time to work: 60 or more minutes": {"Demographic": null, "2020": 5, "% OF TOTAL": null, "2024": 4, "2029": null}}, "household_trends": {"Households": {"Demographic": null, "2020": 611, "% OF TOTAL": null, "2024": 575, "2029": 549}, "Households Growth": {"Demographic": null, "2020": null, "% OF TOTAL": null, "2024": -5.9, "2029": -4.5}, "Householder Age 15-24": {"Demographic": null, "2020": 30, "% OF TOTAL": 5.1, "2024": 28, "2029": 28}, "Householder Age 25-34": {"Demographic": null, "2020": 72, "% OF TOTAL": 11.5, "2024": 68, "2029": 63}, "Householder Age 35-44": {"Demographic": null, "2020": 85, "% OF TOTAL": 13.5, "2024": 80, "2029": 74}, "Householder Age 45-54": {"Demographic": null, "2020": 115, "% OF TOTAL": 17.9, "2024": 108, "2029": 98}, "Householder Age 55-64": {"Demographic": null, "2020": 142, "% OF TOTAL": 20.9, "2024": 133, "2029": 115}, "Householder Age 65-74": {"Demographic": null, "2020": 100, "% OF TOTAL": 18.0, "2024": 94, "2029": 99}, "Householder Age 75+": {"Demographic": null, "2020": 67, "% OF TOTAL": 13.1, "2024": 64, "2029": 72}, "Average Household Size": {"Demographic": null, "2020": 2.5, "% OF TOTAL": null, "2024": 2.4, "2029": 2.4}, "1 Person Households": {"Demographic": null, "2020": 150, "% OF TOTAL": 27.5, "2024": 157, "2029": 151}, "2 Person Households": {"Demographic": null, "2020": 201, "% OF TOTAL": 37.0, "2024": 212, "2029": 203}, "3 Person Households": {"Demographic": null, "2020": 110, "% OF TOTAL": 19.9, "2024": 114, "2029": 109}, "4 Person Households": {"Demographic": null, "2020": 61, "% OF TOTAL": 5.1, "2024": 30, "2029": 28}, "5 Person Households": {"Demographic": null, "2020": 56, "% OF TOTAL": 6.6, "2024": 39, "2029": 36}, "6 Person Households": {"Demographic": null, "2020": 20, "% OF TOTAL": 2.4, "2024": 14, "2029": 13}, "7+ Person Households": {"Demographic": null, "2020": 13, "% OF TOTAL": 1.6, "2024": 9, "2029": 9}, "Household Type: Family": {"Demographic": null, "2020": 439, "% OF TOTAL": null, "2024": 413, "2029": null}, "Household Type: Married Family": {"Demographic": null, "2020": 326, "% OF TOTAL": null, "2024": 307, "2029": null}, "Household Type: Married Family With Children": {"Demographic": null, "2020": 100, "% OF TOTAL": null, "2024": 94, "2029": null}, "Household Type: Married Family Without Children": {"Demographic": null, "2020": 226, "% OF TOTAL": null, "2024": 213, "2029": null}, "Household Type: Other Family": {"Demographic": null, "2020": 113, "% OF TOTAL": null, "2024": 106, "2029": null}, "Household Type: Male Households, No Wife": {"Demographic": null, "2020": 38, "% OF TOTAL": null, "2024": 36, "2029": null}, "Household Type: Male Households, No Wife With Children": {"Demographic": null, "2020": 14, "% OF TOTAL": null, "2024": 13, "2029": null}, "Household Type: Male Households, No Wife Without Children": {"Demographic": null, "2020": 24, "% OF TOTAL": null, "2024": 23, "2029": null}, "Household Type: Female Households, No Husband": {"Demographic": null, "2020": 75, "% OF TOTAL": null, "2024": 70, "2029": null}, "Household Type: Female Households, No Husband With Children": {"Demographic": null, "2020": 30, "% OF TOTAL": null, "2024": 28, "2029": null}, "Household Type: Female Households, No Husband Without Children": {"Demographic": null, "2020": 45, "% OF TOTAL": null, "2024": 42, "2029": null}, "Household Income: Average": {"Demographic": null, "2020": 84403, "% OF TOTAL": null, "2024": 100013, "2029": 147496}, "Household Income: Median": {"Demographic": null, "2020": 0, "% OF TOTAL": null, "2024": 71046, "2029": 90231}, "Household Income: Less than $25k": {"Demographic": null, "2020": 81, "% OF TOTAL": 7.7, "2024": 62, "2029": 42}, "Household Income: $25k - $50k": {"Demographic": null, "2020": 196, "% OF TOTAL": 21.1, "2024": 176, "2029": 116}, "Household Income: $50k - $75k": {"Demographic": null, "2020": 76, "% OF TOTAL": 8.0, "2024": 64, "2029": 44}, "Household Income: $75k - $100k": {"Demographic": null, "2020": 151, "% OF TOTAL": 21.7, "2024": 129, "2029": 119}, "Household Income: $100k - $125k": {"Demographic": null, "2020": 20, "% OF TOTAL": 2.4, "2024": 17, "2029": 13}, "Household Income: $125k - $150k": {"Demographic": null, "2020": 13, "% OF TOTAL": 2.6, "2024": 20, "2029": 14}, "Household Income: $150k - $200k": {"Demographic": null, "2020": 24, "% OF TOTAL": 10.9, "2024": 39, "2029": 60}, "Household Income: Above $200k": {"Demographic": null, "2020": 50, "% OF TOTAL": 25.7, "2024": 68, "2029": 141}, "Total Housing Units": {"Demographic": null, "2020": 662, "% OF TOTAL": null, "2024": null, "2029": null}, "Owner Occupied Housing Units": {"Demographic": null, "2020": 476, "% OF TOTAL": null, "2024": 448, "2029": null}, "Renter Occupied Housing Units": {"Demographic": null, "2020": 135, "% OF TOTAL": null, "2024": 127, "2029": null}, "Vacant Housing Units": {"Demographic": null, "2020": 51, "% OF TOTAL": null, "2024": null, "2029": null}, "Vacant Housing Units: Seasonal": {"Demographic": null, "2020": 4, "% OF TOTAL": null, "2024": null, "2029": null}, "Vacant Housing Units: Other Usage": {"Demographic": null, "2020": 47, "% OF TOTAL": null, "2024": null, "2029": null}, "Average Housing Unit Value": {"Demographic": null, "2020": 199181, "% OF TOTAL": null, "2024": 200430, "2029": null}, "Median Housing Unit Value": {"Demographic": null, "2020": 153125, "% OF TOTAL": null, "2024": 155000, "2029": null}, "Housing Unit Value Less Than $100k": {"Demographic": null, "2020": 133, "% OF TOTAL": null, "2024": 124, "2029": null}, "Housing Unit Value $100k-$200k": {"Demographic": null, "2020": 145, "% OF TOTAL": null, "2024": 136, "2029": null}, "Housing Unit Value $200k-$250k": {"Demographic": null, "2020": 105, "% OF TOTAL": null, "2024": 99, "2029": null}, "Housing Unit Value $250k-$300k": {"Demographic": null, "2020": 25, "% OF TOTAL": null, "2024": 24, "2029": null}, "Housing Unit Value $300k-$400k": {"Demographic": null, "2020": 36, "% OF TOTAL": null, "2024": 34, "2029": null}, "Housing Unit Value $400k-$500k": {"Demographic": null, "2020": 8, "% OF TOTAL": null, "2024": 8, "2029": null}, "Housing Unit Value $500k-$750k": {"Demographic": null, "2020": 4, "% OF TOTAL": null, "2024": 4, "2029": null}, "Housing Unit Value $750k-$1m": {"Demographic": null, "2020": 20, "% OF TOTAL": null, "2024": 19, "2029": null}, "Housing Unit Value $1m-$1.5m": {"Demographic": null, "2020": 0, "% OF TOTAL": null, "2024": 0, "2029": null}, "Housing Unit Value $1.5m-$2m": {"Demographic": null, "2020": 0, "% OF TOTAL": null, "2024": 0, "2029": null}, "Housing Unit Value Above $2m": {"Demographic": null, "2020": 0, "% OF TOTAL": null, "2024": 0, "2029": null}, "Median Housing Unit Year Built": {"Demographic": null, "2020": 1983, "% OF TOTAL": null, "2024": 1983, "2029": null}, "Housing Units Built 2014 Or After": {"Demographic": null, "2020": 0, "% OF TOTAL": null, "2024": 0, "2029": null}, "Housing Units Built 2010-2013": {"Demographic": null, "2020": 11, "% OF TOTAL": null, "2024": 10, "2029": null}, "Housing Units Built 2000-2009": {"Demographic": null, "2020": 109, "% OF TOTAL": null, "2024": 103, "2029": null}, "Housing Units Built 1990-1999": {"Demographic": null, "2020": 132, "% OF TOTAL": null, "2024": 124, "2029": null}, "Housing Units Built 1980-1989": {"Demographic": null, "2020": 78, "% OF TOTAL": null, "2024": 73, "2029": null}, "Housing Units Built 1970-1979": {"Demographic": null, "2020": 159, "% OF TOTAL": null, "2024": 150, "2029": null}, "Housing Units Built 1960-1969": {"Demographic": null, "2020": 106, "% OF TOTAL": null, "2024": 99, "2029": null}, "Housing Units Built 1950-1959": {"Demographic": null, "2020": 8, "% OF TOTAL": null, "2024": 8, "2029": null}, "Housing Units Built 1940-1949": {"Demographic": null, "2020": 8, "% OF TOTAL": null, "2024": 8, "2029": null}, "Housing Units Built Before 1940": {"Demographic": null, "2020": 0, "% OF TOTAL": null, "2024": 0, "2029": null}}, "consumer_segments": {"Simple Life Moderate Income With Children": {"households": 106, "pct": 22.6}, "Simple Life Moderate Income No Children": {"households": 101, "pct": 21.6}, "Renters": {"households": 100, "pct": 21.4}, "Family Life Young Children": {"households": 39, "pct": 8.3}, "Active Adult Elite": {"households": 39, "pct": 8.3}, "Active Adult Entry Level": {"households": 23, "pct": 4.9}, "Simple Life Affluent No Children": {"households": 21, "pct": 4.5}, "Elite": {"households": 17, "pct": 3.6}, "Active Adult Feature and Location": {"households": 16, "pct": 3.4}, "Renters Near Term Buyers": {"households": 6, "pct": 1.3}, "Family Life School Age Children": {"households": 0, "pct": 0.0}, "Feature and Location": {"households": 0, "pct": 0.0}, "Entry Level Urban": {"households": 0, "pct": 0.0}, "Entry Level Suburban": {"households": 0, "pct": 0.0}}, "income_age": {"2020": {}, "2024": {}, "2029": {}}, "population_2024": 1402, "population_2029": 1317, "households_2024": 575, "households_2029": 549, "median_household_income_2024": 71046, "median_household_income_2029": 90231, "mean_household_income_2024": null, "mean_household_income_2029": null, "median_age_2024": 41, "median_age_2029": 43, "median_home_value_2024": 155000, "average_household_size_2024": 2.4, "average_household_size_2029": 2.4, "population_growth_2024_2029": -7.0, "households_growth_2024_2029": -5.9}, "geometry": {"type": "Polygon", "coordinates": [[[-88.055855, 30.922271], [-88.056174, 30.951309], [-88.022481, 30.95158], [-88.022172, 30.922541], [-88.055855, 30.922271]]]}}, {"type": "Feature", "properties": {"block": "010", "block_num": 10, "CentroidLon": -87.90452433761013, "CentroidLat": 30.936696302572486, "submarket": "North Mobile", "data_status": "no data", "is_anomalous": false, "anomaly_reason": null, "files_present": ""}, "geometry": {"type": "Polygon", "coordinates": [[[-87.887677, 30.949519], [-87.887437, 30.923536], [-87.921121, 30.923301], [-87.921381, 30.950422], [-87.887677, 30.949519]]]}}, {"type": "Feature", "properties": {"block": "011", "block_num": 11, "CentroidLon": -88.07285826927834, "CentroidLat": 30.936650790573246, "submarket": "North Mobile", "data_status": "no data", "is_anomalous": false, "anomaly_reason": null, "files_present": ""}, "geometry": {"type": "Polygon", "coordinates": [[[-88.089537, 30.921991], [-88.089867, 30.951029], [-88.056174, 30.951309], [-88.055855, 30.922271], [-88.089537, 30.921991]]]}}, {"type": "Feature", "properties": {"block": "012", "block_num": 12, "CentroidLon": -88.09849841007701, "CentroidLat": 30.93611581385584, "submarket": "North Mobile", "data_status": "usable", "is_anomalous": false, "anomaly_reason": null, "files_present": "DemographicSnapshot-26.08.06.csv;PopulationTrends-26.08.06.csv;HouseholdTrends-26.08.06.csv;HouseholdIncomeByAge-26.08.06.csv;ConsumerSegmentation-26.08.06.csv", "demographic_snapshot": {"Total Population": {"Demographic": null, "2020": 1229, "% OF TOTAL": null, "2024": 1276, "2029": 1325}, "Households": {"Demographic": null, "2020": 457, "% OF TOTAL": null, "2024": 480, "2029": 506}, "Population in Group Quarters": {"Demographic": null, "2020": 0, "% OF TOTAL": null, "2024": 0, "2029": 0}, "Households Growth": {"Demographic": null, "2020": null, "% OF TOTAL": null, "2024": 5.0, "2029": 5.4}, "Household Income: Median": {"Demographic": null, "2020": 0, "% OF TOTAL": null, "2024": 64535, "2029": 86694}, "Home Value: Median": {"Demographic": null, "2020": 185929, "% OF TOTAL": null, "2024": 186003, "2029": null}, "Population Growth": {"Demographic": null, "2020": null, "% OF TOTAL": null, "2024": 3.8, "2029": 3.8}, "Total Population: Under 19 years": {"Demographic": null, "2020": 309, "% OF TOTAL": 23.0, "2024": 318, "2029": 305}, "Total Population: 20 - 64 years": {"Demographic": null, "2020": 662, "% OF TOTAL": 52.2, "2024": 673, "2029": 692}, "Total Population: 65 years and over": {"Demographic": null, "2020": 258, "% OF TOTAL": 24.8, "2024": 285, "2029": 328}, "Total population: Median age": {"Demographic": null, "2020": 42, "% OF TOTAL": null, "2024": 42, "2029": 43}, "Total population: Under 5 years": {"Demographic": null, "2020": 64, "% OF TOTAL": 5.1, "2024": 68, "2029": 68}, "Total population: 5 - 9 years": {"Demographic": null, "2020": 82, "% OF TOTAL": 6.0, "2024": 86, "2029": 79}, "Total population: 10 - 14 years": {"Demographic": null, "2020": 71, "% OF TOTAL": 5.4, "2024": 68, "2029": 71}, "Total population: 15 - 19 years": {"Demographic": null, "2020": 92, "% OF TOTAL": 6.6, "2024": 96, "2029": 87}, "Total population: 20 - 24 years": {"Demographic": null, "2020": 64, "% OF TOTAL": 5.9, "2024": 66, "2029": 78}, "Total population: 25 - 29 years": {"Demographic": null, "2020": 74, "% OF TOTAL": 5.7, "2024": 76, "2029": 76}, "Total population: 30 - 34 years": {"Demographic": null, "2020": 58, "% OF TOTAL": 5.0, "2024": 61, "2029": 66}, "Total population: 35 - 39 years": {"Demographic": null, "2020": 81, "% OF TOTAL": 6.1, "2024": 83, "2029": 81}, "Total population: 40 - 44 years": {"Demographic": null, "2020": 71, "% OF TOTAL": 6.1, "2024": 77, "2029": 81}, "Total population: 45 - 49 years": {"Demographic": null, "2020": 78, "% OF TOTAL": 6.3, "2024": 75, "2029": 84}, "Total population: 50 - 54 years": {"Demographic": null, "2020": 61, "% OF TOTAL": 5.1, "2024": 63, "2029": 67}, "Total population: 55 - 59 years": {"Demographic": null, "2020": 83, "% OF TOTAL": 5.6, "2024": 77, "2029": 74}, "Total population: 60 - 64 years": {"Demographic": null, "2020": 92, "% OF TOTAL": 6.4, "2024": 95, "2029": 85}, "Total population: 65 - 69 years": {"Demographic": null, "2020": 73, "% OF TOTAL": 6.4, "2024": 78, "2029": 85}, "Total population: 70 - 74 years": {"Demographic": null, "2020": 66, "% OF TOTAL": 5.8, "2024": 69, "2029": 77}, "Total population: 75 - 79 years": {"Demographic": null, "2020": 59, "% OF TOTAL": 5.7, "2024": 70, "2029": 76}, "Total population: 80 - 84 years": {"Demographic": null, "2020": 34, "% OF TOTAL": 4.0, "2024": 40, "2029": 53}, "Total population: 85 years and over": {"Demographic": null, "2020": 26, "% OF TOTAL": 2.8, "2024": 28, "2029": 37}, "Householders Age 15-24": {"Demographic": null, "2020": 12, "% OF TOTAL": 2.6, "2024": 12, "2029": 13}, "Householders Age 25-34": {"Demographic": null, "2020": 47, "% OF TOTAL": 10.5, "2024": 50, "2029": 53}, "Householders Age 35-44": {"Demographic": null, "2020": 76, "% OF TOTAL": 16.4, "2024": 81, "2029": 83}, "Householders Age 45-54": {"Demographic": null, "2020": 69, "% OF TOTAL": 15.8, "2024": 72, "2029": 80}, "Householders Age 55-64": {"Demographic": null, "2020": 127, "% OF TOTAL": 24.7, "2024": 133, "2029": 125}, "Householders Age 65-74": {"Demographic": null, "2020": 64, "% OF TOTAL": 14.8, "2024": 67, "2029": 75}, "Householders Age 75+": {"Demographic": null, "2020": 62, "% OF TOTAL": 15.2, "2024": 65, "2029": 77}, "Household income: Average": {"Demographic": null, "2020": 99059, "% OF TOTAL": null, "2024": 93500, "2029": 101186}, "Household income: Less than 25k": {"Demographic": null, "2020": 0, "% OF TOTAL": 0.0, "2024": 0, "2029": 0}, "Household income: 25k - 50k": {"Demographic": null, "2020": 112, "% OF TOTAL": 24.1, "2024": 120, "2029": 122}, "Household income: 50k - 75k": {"Demographic": null, "2020": 104, "% OF TOTAL": 20.2, "2024": 150, "2029": 102}, "Household income: 75k - 100k": {"Demographic": null, "2020": 51, "% OF TOTAL": 12.3, "2024": 42, "2029": 62}, "Household income: 100k - 125k": {"Demographic": null, "2020": 25, "% OF TOTAL": 5.5, "2024": 18, "2029": 28}, "Household income: 125k - 150k": {"Demographic": null, "2020": 44, "% OF TOTAL": 9.9, "2024": 25, "2029": 50}, "Household income: 150k - 200k": {"Demographic": null, "2020": 121, "% OF TOTAL": 28.1, "2024": 125, "2029": 142}, "Household income: Above 200k": {"Demographic": null, "2020": 0, "% OF TOTAL": 0.0, "2024": 0, "2029": 0}, "White Alone": {"Demographic": null, "2020": 1031, "% OF TOTAL": 82.9, "2024": 1059, "2029": 1098}, "Black or African American Alone": {"Demographic": null, "2020": 83, "% OF TOTAL": 6.9, "2024": 88, "2029": 92}, "American Indian and Alaska Native Alone": {"Demographic": null, "2020": 51, "% OF TOTAL": 4.5, "2024": 57, "2029": 60}, "Asian Alone": {"Demographic": null, "2020": 4, "% OF TOTAL": 0.3, "2024": 4, "2029": 4}, "Native Hawaiian and OPI Alone": {"Demographic": null, "2020": 0, "% OF TOTAL": 0.0, "2024": 0, "2029": 0}, "Some Other Race Alone": {"Demographic": null, "2020": 6, "% OF TOTAL": 0.5, "2024": 6, "2029": 6}, "Two or More Races Alone": {"Demographic": null, "2020": 54, "% OF TOTAL": 4.9, "2024": 62, "2029": 65}, "Not Hispanic or Latino": {"Demographic": null, "2020": 1202, "% OF TOTAL": 97.7, "2024": 1246, "2029": 1294}, "Hispanic or Latino": {"Demographic": null, "2020": 27, "% OF TOTAL": 2.3, "2024": 30, "2029": 31}, "Total Housing Units": {"Demographic": null, "2020": 475, "% OF TOTAL": null, "2024": null, "2029": null}, "Owner Occupied Housing Units": {"Demographic": null, "2020": 418, "% OF TOTAL": null, "2024": 439, "2029": null}, "Renter Occupied Housing Units": {"Demographic": null, "2020": 39, "% OF TOTAL": null, "2024": 41, "2029": null}, "Housing Units Value Less Than 100k": {"Demographic": null, "2020": 47, "% OF TOTAL": null, "2024": 49, "2029": null}, "Housing Units Value 100k - 200k": {"Demographic": null, "2020": 265, "% OF TOTAL": null, "2024": 278, "2029": null}, "Housing Units Value 200k - 250k": {"Demographic": null, "2020": 49, "% OF TOTAL": null, "2024": 51, "2029": null}, "Housing Units Value 250k - 300k": {"Demographic": null, "2020": 7, "% OF TOTAL": null, "2024": 7, "2029": null}, "Housing Units Value 300k - 400k": {"Demographic": null, "2020": 30, "% OF TOTAL": null, "2024": 32, "2029": null}, "Housing Units Value 400k - 500k": {"Demographic": null, "2020": 10, "% OF TOTAL": null, "2024": 11, "2029": null}, "Housing Units Value 500k - 750k": {"Demographic": null, "2020": 10, "% OF TOTAL": null, "2024": 11, "2029": null}, "Housing Units Value 750k - 1m": {"Demographic": null, "2020": 0, "% OF TOTAL": null, "2024": 0, "2029": null}, "Housing Units Value 1m - 1.5m": {"Demographic": null, "2020": 0, "% OF TOTAL": null, "2024": 0, "2029": null}, "Housing Units Value 1.5m - 2m": {"Demographic": null, "2020": 0, "% OF TOTAL": null, "2024": 0, "2029": null}, "Housing Units Value >2m": {"Demographic": null, "2020": 0, "% OF TOTAL": null, "2024": 0, "2029": null}, "Take Car or Truck to Work": {"Demographic": null, "2020": 716, "% OF TOTAL": null, "2024": 742, "2029": null}, "Take Public Transportation to Work": {"Demographic": null, "2020": 0, "% OF TOTAL": null, "2024": 0, "2029": null}, "Take Other Means of Transportation to Work": {"Demographic": null, "2020": 0, "% OF TOTAL": null, "2024": 0, "2029": null}, "Average Travel Time (min)": {"Demographic": null, "2020": 26, "% OF TOTAL": null, "2024": 26, "2029": null}, "Travel Below 30 Min to Work": {"Demographic": null, "2020": 409, "% OF TOTAL": null, "2024": 424, "2029": null}, "Travel 30-60 Min to Work": {"Demographic": null, "2020": 290, "% OF TOTAL": null, "2024": 300, "2029": null}, "Travel Above 60 Min to Work": {"Demographic": null, "2020": 43, "% OF TOTAL": null, "2024": 18, "2029": null}, "Educational Attainment: No High School Diploma": {"Demographic": null, "2020": 491, "% OF TOTAL": null, "2024": 512, "2029": null}, "Educational Attainment: High School Diploma": {"Demographic": null, "2020": 425, "% OF TOTAL": null, "2024": 443, "2029": null}, "Educational Attainment: Some College": {"Demographic": null, "2020": 355, "% OF TOTAL": null, "2024": 370, "2029": null}, "Educational Attainment: Associate's Degree": {"Demographic": null, "2020": 184, "% OF TOTAL": null, "2024": 192, "2029": null}, "Educational Attainment: Bachelors Degree": {"Demographic": null, "2020": 88, "% OF TOTAL": null, "2024": 92, "2029": null}, "Educational Attainment: Advanced Degree": {"Demographic": null, "2020": 10, "% OF TOTAL": null, "2024": 10, "2029": null}, "Households: Number of vehicles available - Average": {"Demographic": null, "2020": 2, "% OF TOTAL": null, "2024": 2, "2029": null}, "Households: No Vehicle available": {"Demographic": null, "2020": 0, "% OF TOTAL": null, "2024": 0, "2029": null}, "Households: 1 Vehicle available": {"Demographic": null, "2020": 16, "% OF TOTAL": null, "2024": 17, "2029": null}, "Households: 2 Vehicles available": {"Demographic": null, "2020": 166, "% OF TOTAL": null, "2024": 174, "2029": null}, "Households: 3 Vehicles available": {"Demographic": null, "2020": 255, "% OF TOTAL": null, "2024": 268, "2029": null}, "Households: 4 or more Vehicles available": {"Demographic": null, "2020": 20, "% OF TOTAL": null, "2024": 21, "2029": null}}, "population_trends": {"Total Population": {"Demographic": null, "2020": 1229, "% OF TOTAL": null, "2024": 1276, "2029": 1325}, "Population Growth": {"Demographic": null, "2020": null, "% OF TOTAL": null, "2024": 3.8, "2029": 3.8}, "Female Population": {"Demographic": null, "2020": 606, "% OF TOTAL": 49.4, "2024": 630, "2029": 655}, "Male Population": {"Demographic": null, "2020": 623, "% OF TOTAL": 50.6, "2024": 646, "2029": 670}, "Total population: Median Age": {"Demographic": null, "2020": 42, "% OF TOTAL": null, "2024": 42, "2029": 43}, "Total population: Under 5 years": {"Demographic": null, "2020": 64, "% OF TOTAL": 5.1, "2024": 68, "2029": 68}, "Total population: 5 - 9 years": {"Demographic": null, "2020": 82, "% OF TOTAL": 6.0, "2024": 86, "2029": 79}, "Total population: 10 - 14 years": {"Demographic": null, "2020": 71, "% OF TOTAL": 5.4, "2024": 68, "2029": 71}, "Total population: 15 - 19 years": {"Demographic": null, "2020": 92, "% OF TOTAL": 6.6, "2024": 96, "2029": 87}, "Total population: 20 - 24 years": {"Demographic": null, "2020": 64, "% OF TOTAL": 5.9, "2024": 66, "2029": 78}, "Total population: 25 - 29 years": {"Demographic": null, "2020": 74, "% OF TOTAL": 5.7, "2024": 76, "2029": 76}, "Total population: 30 - 34 years": {"Demographic": null, "2020": 58, "% OF TOTAL": 5.0, "2024": 61, "2029": 66}, "Total population: 35 - 39 years": {"Demographic": null, "2020": 81, "% OF TOTAL": 6.1, "2024": 83, "2029": 81}, "Total population: 40 - 44 years": {"Demographic": null, "2020": 71, "% OF TOTAL": 6.1, "2024": 77, "2029": 81}, "Total population: 45 - 49 years": {"Demographic": null, "2020": 78, "% OF TOTAL": 6.3, "2024": 75, "2029": 84}, "Total population: 50 - 54 years": {"Demographic": null, "2020": 61, "% OF TOTAL": 5.1, "2024": 63, "2029": 67}, "Total population: 55 - 59 years": {"Demographic": null, "2020": 83, "% OF TOTAL": 5.6, "2024": 77, "2029": 74}, "Total population: 60 - 64 years": {"Demographic": null, "2020": 92, "% OF TOTAL": 6.4, "2024": 95, "2029": 85}, "Total population: 65 - 69 years": {"Demographic": null, "2020": 73, "% OF TOTAL": 6.4, "2024": 78, "2029": 85}, "Total population: 70 - 74 years": {"Demographic": null, "2020": 66, "% OF TOTAL": 5.8, "2024": 69, "2029": 77}, "Total population: 75 - 79 years": {"Demographic": null, "2020": 59, "% OF TOTAL": 5.7, "2024": 70, "2029": 76}, "Total population: 80 - 84 years": {"Demographic": null, "2020": 34, "% OF TOTAL": 4.0, "2024": 40, "2029": 53}, "Total population: 85 years and over": {"Demographic": null, "2020": 26, "% OF TOTAL": 2.8, "2024": 28, "2029": 37}, "Female population: Median Age": {"Demographic": null, "2020": 43, "% OF TOTAL": null, "2024": 43, "2029": 44}, "Female population: Under 5 years": {"Demographic": null, "2020": 28, "% OF TOTAL": 4.9, "2024": 32, "2029": 32}, "Female population: 5 - 9 years": {"Demographic": null, "2020": 43, "% OF TOTAL": 6.1, "2024": 45, "2029": 40}, "Female population: 10 - 14 years": {"Demographic": null, "2020": 28, "% OF TOTAL": 4.7, "2024": 27, "2029": 31}, "Female population: 15 - 19 years": {"Demographic": null, "2020": 41, "% OF TOTAL": 5.6, "2024": 42, "2029": 37}, "Female population: 20 - 24 years": {"Demographic": null, "2020": 33, "% OF TOTAL": 5.8, "2024": 34, "2029": 38}, "Female population: 25 - 29 years": {"Demographic": null, "2020": 36, "% OF TOTAL": 5.5, "2024": 35, "2029": 36}, "Female population: 30 - 34 years": {"Demographic": null, "2020": 25, "% OF TOTAL": 4.4, "2024": 27, "2029": 29}, "Female population: 35 - 39 years": {"Demographic": null, "2020": 46, "% OF TOTAL": 6.6, "2024": 47, "2029": 43}, "Female population: 40 - 44 years": {"Demographic": null, "2020": 37, "% OF TOTAL": 6.7, "2024": 41, "2029": 44}, "Female population: 45 - 49 years": {"Demographic": null, "2020": 41, "% OF TOTAL": 6.9, "2024": 40, "2029": 45}, "Female population: 50 - 54 years": {"Demographic": null, "2020": 33, "% OF TOTAL": 5.5, "2024": 34, "2029": 36}, "Female population: 55 - 59 years": {"Demographic": null, "2020": 37, "% OF TOTAL": 5.3, "2024": 34, "2029": 35}, "Female population: 60 - 64 years": {"Demographic": null, "2020": 42, "% OF TOTAL": 6.1, "2024": 44, "2029": 40}, "Female population: 65 - 69 years": {"Demographic": null, "2020": 37, "% OF TOTAL": 6.4, "2024": 40, "2029": 42}, "Female population: 70 - 74 years": {"Demographic": null, "2020": 33, "% OF TOTAL": 6.0, "2024": 34, "2029": 39}, "Female population: 75 - 79 years": {"Demographic": null, "2020": 34, "% OF TOTAL": 6.3, "2024": 39, "2029": 41}, "Female population: 80 - 84 years": {"Demographic": null, "2020": 14, "% OF TOTAL": 4.0, "2024": 16, "2029": 26}, "Female population: 85 years and over": {"Demographic": null, "2020": 18, "% OF TOTAL": 3.2, "2024": 19, "2029": 21}, "Male population: Median Age": {"Demographic": null, "2020": 40, "% OF TOTAL": null, "2024": 41, "2029": 42}, "Male population: Under 5 years": {"Demographic": null, "2020": 36, "% OF TOTAL": 5.4, "2024": 36, "2029": 36}, "Male population: 5 - 9 years": {"Demographic": null, "2020": 39, "% OF TOTAL": 5.8, "2024": 41, "2029": 39}, "Male population: 10 - 14 years": {"Demographic": null, "2020": 43, "% OF TOTAL": 6.0, "2024": 41, "2029": 40}, "Male population: 15 - 19 years": {"Demographic": null, "2020": 51, "% OF TOTAL": 7.5, "2024": 54, "2029": 50}, "Male population: 20 - 24 years": {"Demographic": null, "2020": 31, "% OF TOTAL": 6.0, "2024": 32, "2029": 40}, "Male population: 25 - 29 years": {"Demographic": null, "2020": 38, "% OF TOTAL": 6.0, "2024": 41, "2029": 40}, "Male population: 30 - 34 years": {"Demographic": null, "2020": 33, "% OF TOTAL": 5.5, "2024": 34, "2029": 37}, "Male population: 35 - 39 years": {"Demographic": null, "2020": 35, "% OF TOTAL": 5.7, "2024": 36, "2029": 38}, "Male population: 40 - 44 years": {"Demographic": null, "2020": 34, "% OF TOTAL": 5.5, "2024": 36, "2029": 37}, "Male population: 45 - 49 years": {"Demographic": null, "2020": 37, "% OF TOTAL": 5.8, "2024": 35, "2029": 39}, "Male population: 50 - 54 years": {"Demographic": null, "2020": 28, "% OF TOTAL": 4.6, "2024": 29, "2029": 31}, "Male population: 55 - 59 years": {"Demographic": null, "2020": 46, "% OF TOTAL": 5.8, "2024": 43, "2029": 39}, "Male population: 60 - 64 years": {"Demographic": null, "2020": 50, "% OF TOTAL": 6.7, "2024": 51, "2029": 45}, "Male population: 65 - 69 years": {"Demographic": null, "2020": 36, "% OF TOTAL": 6.4, "2024": 38, "2029": 43}, "Male population: 70 - 74 years": {"Demographic": null, "2020": 33, "% OF TOTAL": 5.7, "2024": 35, "2029": 38}, "Male population: 75 - 79 years": {"Demographic": null, "2020": 25, "% OF TOTAL": 5.2, "2024": 31, "2029": 35}, "Male population: 80 - 84 years": {"Demographic": null, "2020": 20, "% OF TOTAL": 4.0, "2024": 24, "2029": 27}, "Male population: 85 years and over": {"Demographic": null, "2020": 8, "% OF TOTAL": 2.4, "2024": 9, "2029": 16}, "White alone": {"Demographic": null, "2020": 1031, "% OF TOTAL": 82.9, "2024": 1059, "2029": 1098}, "Black alone": {"Demographic": null, "2020": 83, "% OF TOTAL": 6.9, "2024": 88, "2029": 92}, "American Indian and Alaska Native alone": {"Demographic": null, "2020": 51, "% OF TOTAL": 4.5, "2024": 57, "2029": 60}, "Asian alone": {"Demographic": null, "2020": 4, "% OF TOTAL": 0.3, "2024": 4, "2029": 4}, "Native Hawaiian and OPI alone": {"Demographic": null, "2020": 0, "% OF TOTAL": 0.0, "2024": 0, "2029": 0}, "Some other race alone": {"Demographic": null, "2020": 6, "% OF TOTAL": 0.5, "2024": 6, "2029": 6}, "Two or more races alone": {"Demographic": null, "2020": 54, "% OF TOTAL": 4.9, "2024": 62, "2029": 65}, "Not Hispanic: White alone": {"Demographic": null, "2020": 1027, "% OF TOTAL": 82.6, "2024": 1055, "2029": 1094}, "Not Hispanic: Black or African American alone": {"Demographic": null, "2020": 79, "% OF TOTAL": 6.6, "2024": 83, "2029": 87}, "Not Hispanic: American Indian and Alaska Native alone": {"Demographic": null, "2020": 46, "% OF TOTAL": 4.1, "2024": 51, "2029": 54}, "Not Hispanic: Asian alone": {"Demographic": null, "2020": 4, "% OF TOTAL": 0.3, "2024": 4, "2029": 4}, "Not Hispanic: Native Hawaiian and OPI alone": {"Demographic": null, "2020": 0, "% OF TOTAL": 0.0, "2024": 0, "2029": 0}, "Not Hispanic: Some Other Race alone": {"Demographic": null, "2020": 0, "% OF TOTAL": 0.0, "2024": 0, "2029": 0}, "Not Hispanic: Two or More Races": {"Demographic": null, "2020": 46, "% OF TOTAL": 4.2, "2024": 53, "2029": 55}, "Hispanic: White alone": {"Demographic": null, "2020": 4, "% OF TOTAL": 0.3, "2024": 4, "2029": 4}, "Hispanic: Black or African American alone": {"Demographic": null, "2020": 4, "% OF TOTAL": 0.4, "2024": 5, "2029": 5}, "Hispanic: American Indian and Alaska Native alone": {"Demographic": null, "2020": 5, "% OF TOTAL": 0.5, "2024": 6, "2029": 6}, "Hispanic: Asian alone": {"Demographic": null, "2020": 0, "% OF TOTAL": 0.0, "2024": 0, "2029": 0}, "Hispanic: Native Hawaiian and OPI alone": {"Demographic": null, "2020": 0, "% OF TOTAL": 0.0, "2024": 0, "2029": 0}, "Hispanic: Some Other Race alone": {"Demographic": null, "2020": 6, "% OF TOTAL": 0.5, "2024": 6, "2029": 6}, "Hispanic: Two or More Races": {"Demographic": null, "2020": 8, "% OF TOTAL": 0.8, "2024": 9, "2029": 10}, "Educational Attainment: No High School Diploma": {"Demographic": null, "2020": 66, "% OF TOTAL": null, "2024": 69, "2029": null}, "Educational Attainment: High School Diploma": {"Demographic": null, "2020": 425, "% OF TOTAL": null, "2024": 443, "2029": null}, "Educational Attainment: Some College": {"Demographic": null, "2020": 83, "% OF TOTAL": null, "2024": 86, "2029": null}, "Educational Attainment: Associates Degree": {"Demographic": null, "2020": 184, "% OF TOTAL": null, "2024": 192, "2029": null}, "Educational Attainment: Bachelors Degree": {"Demographic": null, "2020": 88, "% OF TOTAL": null, "2024": 92, "2029": null}, "Educational Attainment: Advanced Degree": {"Demographic": null, "2020": 10, "% OF TOTAL": null, "2024": 10, "2029": null}, "Employment Status: Armed Forces": {"Demographic": null, "2020": 0, "% OF TOTAL": null, "2024": 0, "2029": null}, "Employment Status: Civilian labor force employed": {"Demographic": null, "2020": 752, "% OF TOTAL": null, "2024": 779, "2029": null}, "Employment Status: Civilian labor force unemployed": {"Demographic": null, "2020": 0, "% OF TOTAL": null, "2024": 0, "2029": null}, "Employment Status: Not in labor force": {"Demographic": null, "2020": 242, "% OF TOTAL": null, "2024": 251, "2029": null}, "Employed in Agriculture and Mining Industries": {"Demographic": null, "2020": 0, "% OF TOTAL": null, "2024": 0, "2029": null}, "Employed in Construction Industries": {"Demographic": null, "2020": 86, "% OF TOTAL": null, "2024": 89, "2029": null}, "Employed in Manufacturing Industries": {"Demographic": null, "2020": 321, "% OF TOTAL": null, "2024": 333, "2029": null}, "Employed in Wholesale Industries": {"Demographic": null, "2020": 13, "% OF TOTAL": null, "2024": 13, "2029": null}, "Employed in Retail Industries": {"Demographic": null, "2020": 19, "% OF TOTAL": null, "2024": 20, "2029": null}, "Employed in Transportation and Utilities Industries": {"Demographic": null, "2020": 0, "% OF TOTAL": null, "2024": 0, "2029": null}, "Employed in Information Industries": {"Demographic": null, "2020": 0, "% OF TOTAL": null, "2024": 0, "2029": null}, "Employed in Real-Estate Industries": {"Demographic": null, "2020": 0, "% OF TOTAL": null, "2024": 0, "2029": null}, "Employed in Professional Industries": {"Demographic": null, "2020": 10, "% OF TOTAL": null, "2024": 10, "2029": null}, "Employed in Health and Education Industries": {"Demographic": null, "2020": 219, "% OF TOTAL": null, "2024": 227, "2029": null}, "Employed in Art Industries": {"Demographic": null, "2020": 0, "% OF TOTAL": null, "2024": 0, "2029": null}, "Employed in Other Industries": {"Demographic": null, "2020": 35, "% OF TOTAL": null, "2024": 36, "2029": null}, "Employed in Public Administration Industries": {"Demographic": null, "2020": 49, "% OF TOTAL": null, "2024": 51, "2029": null}, "Occupation: Management": {"Demographic": null, "2020": 66, "% OF TOTAL": null, "2024": 68, "2029": null}, "Occupation: Business and financial operations": {"Demographic": null, "2020": 0, "% OF TOTAL": null, "2024": 0, "2029": null}, "Occupation: Computer and mathematical": {"Demographic": null, "2020": 0, "% OF TOTAL": null, "2024": 0, "2029": null}, "Occupation: Architecture and engineering": {"Demographic": null, "2020": 10, "% OF TOTAL": null, "2024": 10, "2029": null}, "Occupation: Life, physical, and social science": {"Demographic": null, "2020": 0, "% OF TOTAL": null, "2024": 0, "2029": null}, "Occupation: Community and social service": {"Demographic": null, "2020": 15, "% OF TOTAL": null, "2024": 16, "2029": null}, "Occupation: Legal": {"Demographic": null, "2020": 0, "% OF TOTAL": null, "2024": 0, "2029": null}, "Occupation: Education, training, and library": {"Demographic": null, "2020": 14, "% OF TOTAL": null, "2024": 15, "2029": null}, "Occupation: Arts, design, entertainment, sports, and media": {"Demographic": null, "2020": 0, "% OF TOTAL": null, "2024": 0, "2029": null}, "Occupation: Health diagnosing and treating practitioners": {"Demographic": null, "2020": 177, "% OF TOTAL": null, "2024": 183, "2029": null}, "Occupation: Health technologists and technicians": {"Demographic": null, "2020": 0, "% OF TOTAL": null, "2024": 0, "2029": null}, "Occupation: Healthcare support": {"Demographic": null, "2020": 16, "% OF TOTAL": null, "2024": 17, "2029": null}, "Occupation: Fire fighting and prevention": {"Demographic": null, "2020": 0, "% OF TOTAL": null, "2024": 0, "2029": null}, "Occupation: Law enforcement workers": {"Demographic": null, "2020": 34, "% OF TOTAL": null, "2024": 35, "2029": null}, "Occupation: Food preparation and serving related": {"Demographic": null, "2020": 0, "% OF TOTAL": null, "2024": 0, "2029": null}, "Occupation: Building and grounds cleaning and maintenance": {"Demographic": null, "2020": 0, "% OF TOTAL": null, "2024": 0, "2029": null}, "Occupation: Personal care and service": {"Demographic": null, "2020": 0, "% OF TOTAL": null, "2024": 0, "2029": null}, "Occupation: Sales and related": {"Demographic": null, "2020": 10, "% OF TOTAL": null, "2024": 10, "2029": null}, "Occupation: Office and administrative support": {"Demographic": null, "2020": 49, "% OF TOTAL": null, "2024": 51, "2029": null}, "Occupation: Farming, fishing, and forestry": {"Demographic": null, "2020": 0, "% OF TOTAL": null, "2024": 0, "2029": null}, "Occupation: Construction and extraction": {"Demographic": null, "2020": 50, "% OF TOTAL": null, "2024": 52, "2029": null}, "Occupation: Installation, maintenance, and repair": {"Demographic": null, "2020": 0, "% OF TOTAL": null, "2024": 0, "2029": null}, "Occupation: Production": {"Demographic": null, "2020": 311, "% OF TOTAL": null, "2024": 322, "2029": null}, "Occupation: Transportation": {"Demographic": null, "2020": 0, "% OF TOTAL": null, "2024": 0, "2029": null}, "Occupation: Material moving": {"Demographic": null, "2020": 0, "% OF TOTAL": null, "2024": 0, "2029": null}, "White collar": {"Demographic": null, "2020": 341, "% OF TOTAL": null, "2024": 353, "2029": null}, "Blue collar": {"Demographic": null, "2020": 411, "% OF TOTAL": null, "2024": 426, "2029": null}, "Means of transportation: Car, truck or van": {"Demographic": null, "2020": 716, "% OF TOTAL": null, "2024": 742, "2029": null}, "Means of transportation: Public transportation": {"Demographic": null, "2020": 0, "% OF TOTAL": null, "2024": 0, "2029": null}, "Means of transportation: Other": {"Demographic": null, "2020": 0, "% OF TOTAL": null, "2024": 0, "2029": null}, "Travel time: Average (in minutes)": {"Demographic": null, "2020": 26, "% OF TOTAL": null, "2024": 26, "2029": null}, "Travel time to work: Less than 30 minutes": {"Demographic": null, "2020": 409, "% OF TOTAL": null, "2024": 424, "2029": null}, "Travel time to work: 30 to 60 minutes": {"Demographic": null, "2020": 290, "% OF TOTAL": null, "2024": 300, "2029": null}, "Travel time to work: 60 or more minutes": {"Demographic": null, "2020": 17, "% OF TOTAL": null, "2024": 18, "2029": null}}, "household_trends": {"Households": {"Demographic": null, "2020": 457, "% OF TOTAL": null, "2024": 480, "2029": 506}, "Households Growth": {"Demographic": null, "2020": null, "% OF TOTAL": null, "2024": 5.0, "2029": 5.4}, "Householder Age 15-24": {"Demographic": null, "2020": 12, "% OF TOTAL": 2.6, "2024": 12, "2029": 13}, "Householder Age 25-34": {"Demographic": null, "2020": 47, "% OF TOTAL": 10.5, "2024": 50, "2029": 53}, "Householder Age 35-44": {"Demographic": null, "2020": 76, "% OF TOTAL": 16.4, "2024": 81, "2029": 83}, "Householder Age 45-54": {"Demographic": null, "2020": 69, "% OF TOTAL": 15.8, "2024": 72, "2029": 80}, "Householder Age 55-64": {"Demographic": null, "2020": 127, "% OF TOTAL": 24.7, "2024": 133, "2029": 125}, "Householder Age 65-74": {"Demographic": null, "2020": 64, "% OF TOTAL": 14.8, "2024": 67, "2029": 75}, "Householder Age 75+": {"Demographic": null, "2020": 62, "% OF TOTAL": 15.2, "2024": 65, "2029": 77}, "Average Household Size": {"Demographic": null, "2020": 2.7, "% OF TOTAL": null, "2024": 2.7, "2029": 2.6}, "1 Person Households": {"Demographic": null, "2020": 78, "% OF TOTAL": 17.0, "2024": 79, "2029": 86}, "2 Person Households": {"Demographic": null, "2020": 200, "% OF TOTAL": 43.7, "2024": 206, "2029": 221}, "3 Person Households": {"Demographic": null, "2020": 73, "% OF TOTAL": 15.8, "2024": 74, "2029": 80}, "4 Person Households": {"Demographic": null, "2020": 55, "% OF TOTAL": 12.3, "2024": 63, "2029": 62}, "5 Person Households": {"Demographic": null, "2020": 37, "% OF TOTAL": 8.1, "2024": 41, "2029": 41}, "6 Person Households": {"Demographic": null, "2020": 9, "% OF TOTAL": 2.2, "2024": 11, "2029": 11}, "7+ Person Households": {"Demographic": null, "2020": 5, "% OF TOTAL": 1.0, "2024": 6, "2029": 5}, "Household Type: Family": {"Demographic": null, "2020": 368, "% OF TOTAL": null, "2024": 387, "2029": null}, "Household Type: Married Family": {"Demographic": null, "2020": 274, "% OF TOTAL": null, "2024": 289, "2029": null}, "Household Type: Married Family With Children": {"Demographic": null, "2020": 84, "% OF TOTAL": null, "2024": 89, "2029": null}, "Household Type: Married Family Without Children": {"Demographic": null, "2020": 190, "% OF TOTAL": null, "2024": 200, "2029": null}, "Household Type: Other Family": {"Demographic": null, "2020": 94, "% OF TOTAL": null, "2024": 98, "2029": null}, "Household Type: Male Households, No Wife": {"Demographic": null, "2020": 32, "% OF TOTAL": null, "2024": 33, "2029": null}, "Household Type: Male Households, No Wife With Children": {"Demographic": null, "2020": 12, "% OF TOTAL": null, "2024": 12, "2029": null}, "Household Type: Male Households, No Wife Without Children": {"Demographic": null, "2020": 20, "% OF TOTAL": null, "2024": 21, "2029": null}, "Household Type: Female Households, No Husband": {"Demographic": null, "2020": 62, "% OF TOTAL": null, "2024": 65, "2029": null}, "Household Type: Female Households, No Husband With Children": {"Demographic": null, "2020": 25, "% OF TOTAL": null, "2024": 26, "2029": null}, "Household Type: Female Households, No Husband Without Children": {"Demographic": null, "2020": 37, "% OF TOTAL": null, "2024": 39, "2029": null}, "Household Income: Average": {"Demographic": null, "2020": 99059, "% OF TOTAL": null, "2024": 93500, "2029": 101186}, "Household Income: Median": {"Demographic": null, "2020": 0, "% OF TOTAL": null, "2024": 64535, "2029": 86694}, "Household Income: Less than $25k": {"Demographic": null, "2020": 0, "% OF TOTAL": 0.0, "2024": 0, "2029": 0}, "Household Income: $25k - $50k": {"Demographic": null, "2020": 112, "% OF TOTAL": 24.1, "2024": 120, "2029": 122}, "Household Income: $50k - $75k": {"Demographic": null, "2020": 104, "% OF TOTAL": 20.2, "2024": 150, "2029": 102}, "Household Income: $75k - $100k": {"Demographic": null, "2020": 51, "% OF TOTAL": 12.3, "2024": 42, "2029": 62}, "Household Income: $100k - $125k": {"Demographic": null, "2020": 25, "% OF TOTAL": 5.5, "2024": 18, "2029": 28}, "Household Income: $125k - $150k": {"Demographic": null, "2020": 44, "% OF TOTAL": 9.9, "2024": 25, "2029": 50}, "Household Income: $150k - $200k": {"Demographic": null, "2020": 121, "% OF TOTAL": 28.1, "2024": 125, "2029": 142}, "Household Income: Above $200k": {"Demographic": null, "2020": 0, "% OF TOTAL": 0.0, "2024": 0, "2029": 0}, "Total Housing Units": {"Demographic": null, "2020": 475, "% OF TOTAL": null, "2024": null, "2029": null}, "Owner Occupied Housing Units": {"Demographic": null, "2020": 418, "% OF TOTAL": null, "2024": 439, "2029": null}, "Renter Occupied Housing Units": {"Demographic": null, "2020": 39, "% OF TOTAL": null, "2024": 41, "2029": null}, "Vacant Housing Units": {"Demographic": null, "2020": 18, "% OF TOTAL": null, "2024": null, "2029": null}, "Vacant Housing Units: Seasonal": {"Demographic": null, "2020": 8, "% OF TOTAL": null, "2024": null, "2029": null}, "Vacant Housing Units: Other Usage": {"Demographic": null, "2020": 10, "% OF TOTAL": null, "2024": null, "2029": null}, "Average Housing Unit Value": {"Demographic": null, "2020": 200867, "% OF TOTAL": null, "2024": 201822, "2029": null}, "Median Housing Unit Value": {"Demographic": null, "2020": 185929, "% OF TOTAL": null, "2024": 186003, "2029": null}, "Housing Unit Value Less Than $100k": {"Demographic": null, "2020": 47, "% OF TOTAL": null, "2024": 49, "2029": null}, "Housing Unit Value $100k-$200k": {"Demographic": null, "2020": 265, "% OF TOTAL": null, "2024": 278, "2029": null}, "Housing Unit Value $200k-$250k": {"Demographic": null, "2020": 49, "% OF TOTAL": null, "2024": 51, "2029": null}, "Housing Unit Value $250k-$300k": {"Demographic": null, "2020": 7, "% OF TOTAL": null, "2024": 7, "2029": null}, "Housing Unit Value $300k-$400k": {"Demographic": null, "2020": 30, "% OF TOTAL": null, "2024": 32, "2029": null}, "Housing Unit Value $400k-$500k": {"Demographic": null, "2020": 10, "% OF TOTAL": null, "2024": 11, "2029": null}, "Housing Unit Value $500k-$750k": {"Demographic": null, "2020": 10, "% OF TOTAL": null, "2024": 11, "2029": null}, "Housing Unit Value $750k-$1m": {"Demographic": null, "2020": 0, "% OF TOTAL": null, "2024": 0, "2029": null}, "Housing Unit Value $1m-$1.5m": {"Demographic": null, "2020": 0, "% OF TOTAL": null, "2024": 0, "2029": null}, "Housing Unit Value $1.5m-$2m": {"Demographic": null, "2020": 0, "% OF TOTAL": null, "2024": 0, "2029": null}, "Housing Unit Value Above $2m": {"Demographic": null, "2020": 0, "% OF TOTAL": null, "2024": 0, "2029": null}, "Median Housing Unit Year Built": {"Demographic": null, "2020": 2000, "% OF TOTAL": null, "2024": 2000, "2029": null}, "Housing Units Built 2014 Or After": {"Demographic": null, "2020": 0, "% OF TOTAL": null, "2024": 0, "2029": null}, "Housing Units Built 2010-2013": {"Demographic": null, "2020": 168, "% OF TOTAL": null, "2024": 176, "2029": null}, "Housing Units Built 2000-2009": {"Demographic": null, "2020": 60, "% OF TOTAL": null, "2024": 63, "2029": null}, "Housing Units Built 1990-1999": {"Demographic": null, "2020": 130, "% OF TOTAL": null, "2024": 137, "2029": null}, "Housing Units Built 1980-1989": {"Demographic": null, "2020": 30, "% OF TOTAL": null, "2024": 31, "2029": null}, "Housing Units Built 1970-1979": {"Demographic": null, "2020": 52, "% OF TOTAL": null, "2024": 55, "2029": null}, "Housing Units Built 1960-1969": {"Demographic": null, "2020": 17, "% OF TOTAL": null, "2024": 18, "2029": null}, "Housing Units Built 1950-1959": {"Demographic": null, "2020": 0, "% OF TOTAL": null, "2024": 0, "2029": null}, "Housing Units Built 1940-1949": {"Demographic": null, "2020": 0, "% OF TOTAL": null, "2024": 0, "2029": null}, "Housing Units Built Before 1940": {"Demographic": null, "2020": 0, "% OF TOTAL": null, "2024": 0, "2029": null}}, "consumer_segments": {"Simple Life Moderate Income With Children": {"households": 84, "pct": 31.9}, "Family Life Young Children": {"households": 45, "pct": 17.1}, "Simple Life Moderate Income No Children": {"households": 43, "pct": 16.3}, "Active Adult Elite": {"households": 42, "pct": 16.0}, "Renters": {"households": 15, "pct": 5.7}, "Simple Life Affluent No Children": {"households": 12, "pct": 4.6}, "Active Adult Entry Level": {"households": 10, "pct": 3.8}, "Active Adult Feature and Location": {"households": 9, "pct": 3.4}, "Renters Near Term Buyers": {"households": 3, "pct": 1.1}, "Elite": {"households": 0, "pct": 0.0}, "Family Life School Age Children": {"households": 0, "pct": 0.0}, "Feature and Location": {"households": 0, "pct": 0.0}, "Entry Level Urban": {"households": 0, "pct": 0.0}, "Entry Level Suburban": {"households": 0, "pct": 0.0}}, "income_age": {"2020": {}, "2024": {}, "2029": {}}, "population_2024": 1276, "population_2029": 1325, "households_2024": 480, "households_2029": 506, "median_household_income_2024": 64535, "median_household_income_2029": 86694, "mean_household_income_2024": null, "mean_household_income_2029": null, "median_age_2024": 42, "median_age_2029": 43, "median_home_value_2024": 186003, "average_household_size_2024": 2.7, "average_household_size_2029": 2.6, "population_growth_2024_2029": 3.8, "households_growth_2024_2029": 5.0}, "geometry": {"type": "Polygon", "coordinates": [[[-88.106281, 30.95089], [-88.089867, 30.951029], [-88.089537, 30.921991], [-88.108272, 30.921832], [-88.106281, 30.95089]]]}}, {"type": "Feature", "properties": {"block": "013", "block_num": 13, "CentroidLon": -87.88244148424367, "CentroidLat": 30.933601821583185, "submarket": "North Mobile", "data_status": "no data", "is_anomalous": false, "anomaly_reason": null, "files_present": ""}, "geometry": {"type": "Polygon", "coordinates": [[[-87.872625, 30.923637], [-87.887437, 30.923536], [-87.887677, 30.949519], [-87.884826, 30.949443], [-87.872625, 30.923637]]]}}, {"type": "Feature", "properties": {"block": "014", "block_num": 14, "CentroidLon": -87.87852878436108, "CentroidLat": 30.9096662484032, "submarket": "North Mobile", "data_status": "no data", "is_anomalous": false, "anomaly_reason": null, "files_present": ""}, "geometry": {"type": "Polygon", "coordinates": [[[-87.865834, 30.909266], [-87.876468, 30.894569], [-87.887169, 30.894496], [-87.887437, 30.923536], [-87.872625, 30.923637], [-87.865834, 30.909266]]]}}, {"type": "Feature", "properties": {"block": "015", "block_num": 15, "CentroidLon": -87.90414250661937, "CentroidLat": 30.90889921602344, "submarket": "North Mobile", "data_status": "no data", "is_anomalous": false, "anomaly_reason": null, "files_present": ""}, "geometry": {"type": "Polygon", "coordinates": [[[-87.920843, 30.894261], [-87.921121, 30.923301], [-87.887437, 30.923536], [-87.887169, 30.894496], [-87.920843, 30.894261]]]}}, {"type": "Feature", "properties": {"block": "016", "block_num": 16, "CentroidLon": -87.93782141492376, "CentroidLat": 30.90865946897805, "submarket": "North Mobile", "data_status": "no data", "is_anomalous": false, "anomaly_reason": null, "files_present": ""}, "geometry": {"type": "Polygon", "coordinates": [[[-87.954517, 30.894017], [-87.954805, 30.923056], [-87.921121, 30.923301], [-87.920843, 30.894261], [-87.954517, 30.894017]]]}}, {"type": "Feature", "properties": {"block": "017", "block_num": 17, "CentroidLon": -87.97150052334679, "CentroidLat": 30.908410721519232, "submarket": "North Mobile", "data_status": "no data", "is_anomalous": false, "anomaly_reason": null, "files_present": ""}, "geometry": {"type": "Polygon", "coordinates": [[[-87.988191, 30.893764], [-87.988489, 30.922803], [-87.954805, 30.923056], [-87.954517, 30.894017], [-87.988191, 30.893764]]]}}, {"type": "Feature", "properties": {"block": "018", "block_num": 18, "CentroidLon": -88.00517891118757, "CentroidLat": 30.908153467386665, "submarket": "North Mobile", "data_status": "no data", "is_anomalous": false, "anomaly_reason": null, "files_present": ""}, "geometry": {"type": "Polygon", "coordinates": [[[-88.021864, 30.893503], [-88.022172, 30.922541], [-87.988489, 30.922803], [-87.988191, 30.893764], [-88.021864, 30.893503]]]}}, {"type": "Feature", "properties": {"block": "019", "block_num": 19, "CentroidLon": -88.03885686800132, "CentroidLat": 30.907887540221623, "submarket": "North Mobile", "data_status": "no data", "is_anomalous": false, "anomaly_reason": null, "files_present": ""}, "geometry": {"type": "Polygon", "coordinates": [[[-88.055536, 30.893232], [-88.055855, 30.922271], [-88.022172, 30.922541], [-88.021864, 30.893503], [-88.055536, 30.893232]]]}}, {"type": "Feature", "properties": {"block": "020", "block_num": 20, "CentroidLon": -88.07253390952707, "CentroidLat": 30.907612466553932, "submarket": "North Mobile", "data_status": "no data", "is_anomalous": false, "anomaly_reason": null, "files_present": ""}, "geometry": {"type": "Polygon", "coordinates": [[[-88.089208, 30.892953], [-88.089537, 30.921991], [-88.055855, 30.922271], [-88.055536, 30.893232], [-88.089208, 30.892953]]]}}, {"type": "Feature", "properties": {"block": "021", "block_num": 21, "CentroidLon": -88.09932785130653, "CentroidLat": 30.907105342117404, "submarket": "North Mobile", "data_status": "no data", "is_anomalous": false, "anomaly_reason": null, "files_present": ""}, "geometry": {"type": "Polygon", "coordinates": [[[-88.108272, 30.921832], [-88.089537, 30.921991], [-88.089208, 30.892953], [-88.110262, 30.892774], [-88.108272, 30.921832]]]}}, {"type": "Feature", "properties": {"block": "022", "block_num": 22, "CentroidLon": -87.88355739349392, "CentroidLat": 30.88967502122519, "submarket": "North Mobile", "data_status": "no data", "is_anomalous": false, "anomaly_reason": null, "files_present": ""}, "geometry": {"type": "Polygon", "coordinates": [[[-87.887035, 30.87996], [-87.887169, 30.894496], [-87.876468, 30.894569], [-87.887035, 30.87996]]]}}, {"type": "Feature", "properties": {"block": "023", "block_num": 23, "CentroidLon": -87.90501904250992, "CentroidLat": 30.88068431936903, "submarket": "North Mobile", "data_status": "no data", "is_anomalous": false, "anomaly_reason": null, "files_present": ""}, "geometry": {"type": "Polygon", "coordinates": [[[-87.897575, 30.865383], [-87.920566, 30.865221], [-87.920843, 30.894261], [-87.887169, 30.894496], [-87.887035, 30.87996], [-87.897575, 30.865383]]]}}, {"type": "Feature", "properties": {"block": "024", "block_num": 24, "CentroidLon": -87.93753867069309, "CentroidLat": 30.87962004259279, "submarket": "North Mobile", "data_status": "no data", "is_anomalous": false, "anomaly_reason": null, "files_present": ""}, "geometry": {"type": "Polygon", "coordinates": [[[-87.954229, 30.864978], [-87.954517, 30.894017], [-87.920843, 30.894261], [-87.920566, 30.865221], [-87.954229, 30.864978]]]}}, {"type": "Feature", "properties": {"block": "025", "block_num": 25, "CentroidLon": -87.97120751839809, "CentroidLat": 30.87937171999217, "submarket": "North Mobile", "data_status": "no data", "is_anomalous": false, "anomaly_reason": null, "files_present": ""}, "geometry": {"type": "Polygon", "coordinates": [[[-87.987893, 30.864725], [-87.988191, 30.893764], [-87.954517, 30.894017], [-87.954229, 30.864978], [-87.987893, 30.864725]]]}}, {"type": "Feature", "properties": {"block": "026", "block_num": 26, "CentroidLon": -88.00487576054198, "CentroidLat": 30.87911478843164, "submarket": "North Mobile", "data_status": "no data", "is_anomalous": false, "anomaly_reason": null, "files_present": ""}, "geometry": {"type": "Polygon", "coordinates": [[[-88.021555, 30.864464], [-88.021864, 30.893503], [-87.988191, 30.893764], [-87.987893, 30.864725], [-88.021555, 30.864464]]]}}, {"type": "Feature", "properties": {"block": "027", "block_num": 27, "CentroidLon": -88.03854316665752, "CentroidLat": 30.878848898072036, "submarket": "North Mobile", "data_status": "usable", "is_anomalous": false, "anomaly_reason": null, "files_present": "DemographicSnapshot-26.08.06.csv;PopulationTrends-26.08.06.csv;HouseholdTrends-26.08.06.csv;HouseholdIncomeByAge-26.08.06.csv;ConsumerSegmentation-26.08.06.csv", "demographic_snapshot": {"Total Population": {"Demographic": null, "2020": 1257, "% OF TOTAL": null, "2024": 1168, "2029": 1095}, "Households": {"Demographic": null, "2020": 489, "% OF TOTAL": null, "2024": 460, "2029": 438}, "Population in Group Quarters": {"Demographic": null, "2020": 0, "% OF TOTAL": null, "2024": 0, "2029": 0}, "Households Growth": {"Demographic": null, "2020": null, "% OF TOTAL": null, "2024": -5.9, "2029": -4.8}, "Household Income: Median": {"Demographic": null, "2020": 0, "% OF TOTAL": null, "2024": 134464, "2029": 149405}, "Home Value: Median": {"Demographic": null, "2020": 237500, "% OF TOTAL": null, "2024": 237658, "2029": null}, "Population Growth": {"Demographic": null, "2020": null, "% OF TOTAL": null, "2024": -7.1, "2029": -6.3}, "Total Population: Under 19 years": {"Demographic": null, "2020": 290, "% OF TOTAL": 20.9, "2024": 267, "2029": 229}, "Total Population: 20 - 64 years": {"Demographic": null, "2020": 665, "% OF TOTAL": 50.4, "2024": 604, "2029": 552}, "Total Population: 65 years and over": {"Demographic": null, "2020": 302, "% OF TOTAL": 28.7, "2024": 297, "2029": 314}, "Total population: Median age": {"Demographic": null, "2020": 47, "% OF TOTAL": null, "2024": 47, "2029": 48}, "Total population: Under 5 years": {"Demographic": null, "2020": 53, "% OF TOTAL": 4.1, "2024": 48, "2029": 45}, "Total population: 5 - 9 years": {"Demographic": null, "2020": 67, "% OF TOTAL": 4.8, "2024": 64, "2029": 53}, "Total population: 10 - 14 years": {"Demographic": null, "2020": 79, "% OF TOTAL": 5.5, "2024": 70, "2029": 60}, "Total population: 15 - 19 years": {"Demographic": null, "2020": 91, "% OF TOTAL": 6.5, "2024": 85, "2029": 71}, "Total population: 20 - 24 years": {"Demographic": null, "2020": 52, "% OF TOTAL": 5.1, "2024": 48, "2029": 56}, "Total population: 25 - 29 years": {"Demographic": null, "2020": 46, "% OF TOTAL": 3.6, "2024": 40, "2029": 39}, "Total population: 30 - 34 years": {"Demographic": null, "2020": 52, "% OF TOTAL": 3.9, "2024": 49, "2029": 43}, "Total population: 35 - 39 years": {"Demographic": null, "2020": 79, "% OF TOTAL": 5.8, "2024": 73, "2029": 63}, "Total population: 40 - 44 years": {"Demographic": null, "2020": 65, "% OF TOTAL": 5.6, "2024": 63, "2029": 61}, "Total population: 45 - 49 years": {"Demographic": null, "2020": 97, "% OF TOTAL": 7.2, "2024": 85, "2029": 79}, "Total population: 50 - 54 years": {"Demographic": null, "2020": 74, "% OF TOTAL": 6.0, "2024": 69, "2029": 66}, "Total population: 55 - 59 years": {"Demographic": null, "2020": 89, "% OF TOTAL": 5.9, "2024": 74, "2029": 65}, "Total population: 60 - 64 years": {"Demographic": null, "2020": 111, "% OF TOTAL": 7.3, "2024": 103, "2029": 80}, "Total population: 65 - 69 years": {"Demographic": null, "2020": 105, "% OF TOTAL": 8.4, "2024": 99, "2029": 92}, "Total population: 70 - 74 years": {"Demographic": null, "2020": 88, "% OF TOTAL": 7.9, "2024": 83, "2029": 86}, "Total population: 75 - 79 years": {"Demographic": null, "2020": 65, "% OF TOTAL": 6.5, "2024": 69, "2029": 71}, "Total population: 80 - 84 years": {"Demographic": null, "2020": 33, "% OF TOTAL": 4.2, "2024": 35, "2029": 46}, "Total population: 85 years and over": {"Demographic": null, "2020": 11, "% OF TOTAL": 1.7, "2024": 11, "2029": 19}, "Householders Age 15-24": {"Demographic": null, "2020": 10, "% OF TOTAL": 2.1, "2024": 9, "2029": 9}, "Householders Age 25-34": {"Demographic": null, "2020": 44, "% OF TOTAL": 8.7, "2024": 41, "2029": 38}, "Householders Age 35-44": {"Demographic": null, "2020": 76, "% OF TOTAL": 14.6, "2024": 71, "2029": 64}, "Householders Age 45-54": {"Demographic": null, "2020": 100, "% OF TOTAL": 20.3, "2024": 95, "2029": 89}, "Householders Age 55-64": {"Demographic": null, "2020": 88, "% OF TOTAL": 15.3, "2024": 83, "2029": 67}, "Householders Age 65-74": {"Demographic": null, "2020": 101, "% OF TOTAL": 21.0, "2024": 95, "2029": 92}, "Householders Age 75+": {"Demographic": null, "2020": 70, "% OF TOTAL": 18.0, "2024": 66, "2029": 79}, "Household income: Average": {"Demographic": null, "2020": 145547, "% OF TOTAL": null, "2024": 167652, "2029": 219127}, "Household income: Less than 25k": {"Demographic": null, "2020": 7, "% OF TOTAL": 0.7, "2024": 9, "2029": 3}, "Household income: 25k - 50k": {"Demographic": null, "2020": 22, "% OF TOTAL": 3.7, "2024": 23, "2029": 16}, "Household income: 50k - 75k": {"Demographic": null, "2020": 124, "% OF TOTAL": 10.3, "2024": 97, "2029": 45}, "Household income: 75k - 100k": {"Demographic": null, "2020": 49, "% OF TOTAL": 4.8, "2024": 31, "2029": 21}, "Household income: 100k - 125k": {"Demographic": null, "2020": 21, "% OF TOTAL": 2.5, "2024": 17, "2029": 11}, "Household income: 125k - 150k": {"Demographic": null, "2020": 157, "% OF TOTAL": 28.8, "2024": 140, "2029": 126}, "Household income: 150k - 200k": {"Demographic": null, "2020": 23, "% OF TOTAL": 4.6, "2024": 24, "2029": 20}, "Household income: Above 200k": {"Demographic": null, "2020": 86, "% OF TOTAL": 44.7, "2024": 119, "2029": 196}, "White Alone": {"Demographic": null, "2020": 1183, "% OF TOTAL": 93.6, "2024": 1094, "2029": 1025}, "Black or African American Alone": {"Demographic": null, "2020": 25, "% OF TOTAL": 2.1, "2024": 24, "2029": 23}, "American Indian and Alaska Native Alone": {"Demographic": null, "2020": 5, "% OF TOTAL": 0.4, "2024": 5, "2029": 4}, "Asian Alone": {"Demographic": null, "2020": 2, "% OF TOTAL": 0.2, "2024": 2, "2029": 2}, "Native Hawaiian and OPI Alone": {"Demographic": null, "2020": 0, "% OF TOTAL": 0.0, "2024": 0, "2029": 0}, "Some Other Race Alone": {"Demographic": null, "2020": 0, "% OF TOTAL": 0.0, "2024": 0, "2029": 0}, "Two or More Races Alone": {"Demographic": null, "2020": 42, "% OF TOTAL": 3.7, "2024": 43, "2029": 41}, "Not Hispanic or Latino": {"Demographic": null, "2020": 1249, "% OF TOTAL": 99.3, "2024": 1160, "2029": 1087}, "Hispanic or Latino": {"Demographic": null, "2020": 8, "% OF TOTAL": 0.7, "2024": 8, "2029": 8}, "Total Housing Units": {"Demographic": null, "2020": 493, "% OF TOTAL": null, "2024": null, "2029": null}, "Owner Occupied Housing Units": {"Demographic": null, "2020": 462, "% OF TOTAL": null, "2024": 435, "2029": null}, "Renter Occupied Housing Units": {"Demographic": null, "2020": 27, "% OF TOTAL": null, "2024": 25, "2029": null}, "Housing Units Value Less Than 100k": {"Demographic": null, "2020": 51, "% OF TOTAL": null, "2024": 48, "2029": null}, "Housing Units Value 100k - 200k": {"Demographic": null, "2020": 117, "% OF TOTAL": null, "2024": 110, "2029": null}, "Housing Units Value 200k - 250k": {"Demographic": null, "2020": 84, "% OF TOTAL": null, "2024": 79, "2029": null}, "Housing Units Value 250k - 300k": {"Demographic": null, "2020": 57, "% OF TOTAL": null, "2024": 54, "2029": null}, "Housing Units Value 300k - 400k": {"Demographic": null, "2020": 100, "% OF TOTAL": null, "2024": 94, "2029": null}, "Housing Units Value 400k - 500k": {"Demographic": null, "2020": 53, "% OF TOTAL": null, "2024": 50, "2029": null}, "Housing Units Value 500k - 750k": {"Demographic": null, "2020": 0, "% OF TOTAL": null, "2024": 0, "2029": null}, "Housing Units Value 750k - 1m": {"Demographic": null, "2020": 0, "% OF TOTAL": null, "2024": 0, "2029": null}, "Housing Units Value 1m - 1.5m": {"Demographic": null, "2020": 0, "% OF TOTAL": null, "2024": 0, "2029": null}, "Housing Units Value 1.5m - 2m": {"Demographic": null, "2020": 0, "% OF TOTAL": null, "2024": 0, "2029": null}, "Housing Units Value >2m": {"Demographic": null, "2020": 0, "% OF TOTAL": null, "2024": 0, "2029": null}, "Take Car or Truck to Work": {"Demographic": null, "2020": 439, "% OF TOTAL": null, "2024": 416, "2029": null}, "Take Public Transportation to Work": {"Demographic": null, "2020": 0, "% OF TOTAL": null, "2024": 0, "2029": null}, "Take Other Means of Transportation to Work": {"Demographic": null, "2020": 13, "% OF TOTAL": null, "2024": 12, "2029": null}, "Average Travel Time (min)": {"Demographic": null, "2020": 28, "% OF TOTAL": null, "2024": 28, "2029": null}, "Travel Below 30 Min to Work": {"Demographic": null, "2020": 290, "% OF TOTAL": null, "2024": 275, "2029": null}, "Travel 30-60 Min to Work": {"Demographic": null, "2020": 134, "% OF TOTAL": null, "2024": 126, "2029": null}, "Travel Above 60 Min to Work": {"Demographic": null, "2020": 56, "% OF TOTAL": null, "2024": 27, "2029": null}, "Educational Attainment: No High School Diploma": {"Demographic": null, "2020": 455, "% OF TOTAL": null, "2024": 424, "2029": null}, "Educational Attainment: High School Diploma": {"Demographic": null, "2020": 277, "% OF TOTAL": null, "2024": 258, "2029": null}, "Educational Attainment: Some College": {"Demographic": null, "2020": 372, "% OF TOTAL": null, "2024": 347, "2029": null}, "Educational Attainment: Associate's Degree": {"Demographic": null, "2020": 40, "% OF TOTAL": null, "2024": 37, "2029": null}, "Educational Attainment: Bachelors Degree": {"Demographic": null, "2020": 187, "% OF TOTAL": null, "2024": 174, "2029": null}, "Educational Attainment: Advanced Degree": {"Demographic": null, "2020": 88, "% OF TOTAL": null, "2024": 82, "2029": null}, "Households: Number of vehicles available - Average": {"Demographic": null, "2020": 2, "% OF TOTAL": null, "2024": 2, "2029": null}, "Households: No Vehicle available": {"Demographic": null, "2020": 0, "% OF TOTAL": null, "2024": 0, "2029": null}, "Households: 1 Vehicle available": {"Demographic": null, "2020": 0, "% OF TOTAL": null, "2024": 0, "2029": null}, "Households: 2 Vehicles available": {"Demographic": null, "2020": 282, "% OF TOTAL": null, "2024": 265, "2029": null}, "Households: 3 Vehicles available": {"Demographic": null, "2020": 101, "% OF TOTAL": null, "2024": 95, "2029": null}, "Households: 4 or more Vehicles available": {"Demographic": null, "2020": 106, "% OF TOTAL": null, "2024": 100, "2029": null}}, "population_trends": {"Total Population": {"Demographic": null, "2020": 1257, "% OF TOTAL": null, "2024": 1168, "2029": 1095}, "Population Growth": {"Demographic": null, "2020": null, "% OF TOTAL": null, "2024": -7.1, "2029": -6.3}, "Female Population": {"Demographic": null, "2020": 637, "% OF TOTAL": 50.9, "2024": 593, "2029": 557}, "Male Population": {"Demographic": null, "2020": 620, "% OF TOTAL": 49.1, "2024": 575, "2029": 538}, "Total population: Median Age": {"Demographic": null, "2020": 47, "% OF TOTAL": null, "2024": 47, "2029": 48}, "Total population: Under 5 years": {"Demographic": null, "2020": 53, "% OF TOTAL": 4.1, "2024": 48, "2029": 45}, "Total population: 5 - 9 years": {"Demographic": null, "2020": 67, "% OF TOTAL": 4.8, "2024": 64, "2029": 53}, "Total population: 10 - 14 years": {"Demographic": null, "2020": 79, "% OF TOTAL": 5.5, "2024": 70, "2029": 60}, "Total population: 15 - 19 years": {"Demographic": null, "2020": 91, "% OF TOTAL": 6.5, "2024": 85, "2029": 71}, "Total population: 20 - 24 years": {"Demographic": null, "2020": 52, "% OF TOTAL": 5.1, "2024": 48, "2029": 56}, "Total population: 25 - 29 years": {"Demographic": null, "2020": 46, "% OF TOTAL": 3.6, "2024": 40, "2029": 39}, "Total population: 30 - 34 years": {"Demographic": null, "2020": 52, "% OF TOTAL": 3.9, "2024": 49, "2029": 43}, "Total population: 35 - 39 years": {"Demographic": null, "2020": 79, "% OF TOTAL": 5.8, "2024": 73, "2029": 63}, "Total population: 40 - 44 years": {"Demographic": null, "2020": 65, "% OF TOTAL": 5.6, "2024": 63, "2029": 61}, "Total population: 45 - 49 years": {"Demographic": null, "2020": 97, "% OF TOTAL": 7.2, "2024": 85, "2029": 79}, "Total population: 50 - 54 years": {"Demographic": null, "2020": 74, "% OF TOTAL": 6.0, "2024": 69, "2029": 66}, "Total population: 55 - 59 years": {"Demographic": null, "2020": 89, "% OF TOTAL": 5.9, "2024": 74, "2029": 65}, "Total population: 60 - 64 years": {"Demographic": null, "2020": 111, "% OF TOTAL": 7.3, "2024": 103, "2029": 80}, "Total population: 65 - 69 years": {"Demographic": null, "2020": 105, "% OF TOTAL": 8.4, "2024": 99, "2029": 92}, "Total population: 70 - 74 years": {"Demographic": null, "2020": 88, "% OF TOTAL": 7.9, "2024": 83, "2029": 86}, "Total population: 75 - 79 years": {"Demographic": null, "2020": 65, "% OF TOTAL": 6.5, "2024": 69, "2029": 71}, "Total population: 80 - 84 years": {"Demographic": null, "2020": 33, "% OF TOTAL": 4.2, "2024": 35, "2029": 46}, "Total population: 85 years and over": {"Demographic": null, "2020": 11, "% OF TOTAL": 1.7, "2024": 11, "2029": 19}, "Female population: Median Age": {"Demographic": null, "2020": 46, "% OF TOTAL": null, "2024": 47, "2029": 48}, "Female population: Under 5 years": {"Demographic": null, "2020": 24, "% OF TOTAL": 3.8, "2024": 21, "2029": 21}, "Female population: 5 - 9 years": {"Demographic": null, "2020": 29, "% OF TOTAL": 4.1, "2024": 27, "2029": 23}, "Female population: 10 - 14 years": {"Demographic": null, "2020": 39, "% OF TOTAL": 5.0, "2024": 34, "2029": 28}, "Female population: 15 - 19 years": {"Demographic": null, "2020": 54, "% OF TOTAL": 7.2, "2024": 51, "2029": 40}, "Female population: 20 - 24 years": {"Demographic": null, "2020": 25, "% OF TOTAL": 5.4, "2024": 23, "2029": 30}, "Female population: 25 - 29 years": {"Demographic": null, "2020": 28, "% OF TOTAL": 3.9, "2024": 24, "2029": 22}, "Female population: 30 - 34 years": {"Demographic": null, "2020": 28, "% OF TOTAL": 4.3, "2024": 27, "2029": 24}, "Female population: 35 - 39 years": {"Demographic": null, "2020": 41, "% OF TOTAL": 6.1, "2024": 39, "2029": 34}, "Female population: 40 - 44 years": {"Demographic": null, "2020": 35, "% OF TOTAL": 5.9, "2024": 34, "2029": 33}, "Female population: 45 - 49 years": {"Demographic": null, "2020": 46, "% OF TOTAL": 7.0, "2024": 41, "2029": 39}, "Female population: 50 - 54 years": {"Demographic": null, "2020": 38, "% OF TOTAL": 5.9, "2024": 35, "2029": 33}, "Female population: 55 - 59 years": {"Demographic": null, "2020": 45, "% OF TOTAL": 5.7, "2024": 37, "2029": 32}, "Female population: 60 - 64 years": {"Demographic": null, "2020": 47, "% OF TOTAL": 6.5, "2024": 45, "2029": 36}, "Female population: 65 - 69 years": {"Demographic": null, "2020": 59, "% OF TOTAL": 8.6, "2024": 56, "2029": 48}, "Female population: 70 - 74 years": {"Demographic": null, "2020": 44, "% OF TOTAL": 8.1, "2024": 41, "2029": 45}, "Female population: 75 - 79 years": {"Demographic": null, "2020": 37, "% OF TOTAL": 7.0, "2024": 39, "2029": 39}, "Female population: 80 - 84 years": {"Demographic": null, "2020": 14, "% OF TOTAL": 4.1, "2024": 15, "2029": 23}, "Female population: 85 years and over": {"Demographic": null, "2020": 4, "% OF TOTAL": 1.3, "2024": 4, "2029": 7}, "Male population: Median Age": {"Demographic": null, "2020": 47, "% OF TOTAL": null, "2024": 48, "2029": 49}, "Male population: Under 5 years": {"Demographic": null, "2020": 29, "% OF TOTAL": 4.5, "2024": 27, "2029": 24}, "Male population: 5 - 9 years": {"Demographic": null, "2020": 38, "% OF TOTAL": 5.6, "2024": 37, "2029": 30}, "Male population: 10 - 14 years": {"Demographic": null, "2020": 40, "% OF TOTAL": 5.9, "2024": 36, "2029": 32}, "Male population: 15 - 19 years": {"Demographic": null, "2020": 37, "% OF TOTAL": 5.8, "2024": 34, "2029": 31}, "Male population: 20 - 24 years": {"Demographic": null, "2020": 27, "% OF TOTAL": 4.8, "2024": 25, "2029": 26}, "Male population: 25 - 29 years": {"Demographic": null, "2020": 18, "% OF TOTAL": 3.2, "2024": 16, "2029": 17}, "Male population: 30 - 34 years": {"Demographic": null, "2020": 24, "% OF TOTAL": 3.5, "2024": 22, "2029": 19}, "Male population: 35 - 39 years": {"Demographic": null, "2020": 38, "% OF TOTAL": 5.4, "2024": 34, "2029": 29}, "Male population: 40 - 44 years": {"Demographic": null, "2020": 30, "% OF TOTAL": 5.2, "2024": 29, "2029": 28}, "Male population: 45 - 49 years": {"Demographic": null, "2020": 51, "% OF TOTAL": 7.4, "2024": 44, "2029": 40}, "Male population: 50 - 54 years": {"Demographic": null, "2020": 36, "% OF TOTAL": 6.1, "2024": 34, "2029": 33}, "Male population: 55 - 59 years": {"Demographic": null, "2020": 44, "% OF TOTAL": 6.1, "2024": 37, "2029": 33}, "Male population: 60 - 64 years": {"Demographic": null, "2020": 64, "% OF TOTAL": 8.2, "2024": 58, "2029": 44}, "Male population: 65 - 69 years": {"Demographic": null, "2020": 46, "% OF TOTAL": 8.2, "2024": 43, "2029": 44}, "Male population: 70 - 74 years": {"Demographic": null, "2020": 44, "% OF TOTAL": 7.6, "2024": 42, "2029": 41}, "Male population: 75 - 79 years": {"Demographic": null, "2020": 28, "% OF TOTAL": 5.9, "2024": 30, "2029": 32}, "Male population: 80 - 84 years": {"Demographic": null, "2020": 19, "% OF TOTAL": 4.3, "2024": 20, "2029": 23}, "Male population: 85 years and over": {"Demographic": null, "2020": 7, "% OF TOTAL": 2.2, "2024": 7, "2029": 12}, "White alone": {"Demographic": null, "2020": 1183, "% OF TOTAL": 93.6, "2024": 1094, "2029": 1025}, "Black alone": {"Demographic": null, "2020": 25, "% OF TOTAL": 2.1, "2024": 24, "2029": 23}, "American Indian and Alaska Native alone": {"Demographic": null, "2020": 5, "% OF TOTAL": 0.4, "2024": 5, "2029": 4}, "Asian alone": {"Demographic": null, "2020": 2, "% OF TOTAL": 0.2, "2024": 2, "2029": 2}, "Native Hawaiian and OPI alone": {"Demographic": null, "2020": 0, "% OF TOTAL": 0.0, "2024": 0, "2029": 0}, "Some other race alone": {"Demographic": null, "2020": 0, "% OF TOTAL": 0.0, "2024": 0, "2029": 0}, "Two or more races alone": {"Demographic": null, "2020": 42, "% OF TOTAL": 3.7, "2024": 43, "2029": 41}, "Not Hispanic: White alone": {"Demographic": null, "2020": 1182, "% OF TOTAL": 93.5, "2024": 1093, "2029": 1024}, "Not Hispanic: Black or African American alone": {"Demographic": null, "2020": 25, "% OF TOTAL": 2.1, "2024": 24, "2029": 23}, "Not Hispanic: American Indian and Alaska Native alone": {"Demographic": null, "2020": 5, "% OF TOTAL": 0.4, "2024": 5, "2029": 4}, "Not Hispanic: Asian alone": {"Demographic": null, "2020": 2, "% OF TOTAL": 0.2, "2024": 2, "2029": 2}, "Not Hispanic: Native Hawaiian and OPI alone": {"Demographic": null, "2020": 0, "% OF TOTAL": 0.0, "2024": 0, "2029": 0}, "Not Hispanic: Some Other Race alone": {"Demographic": null, "2020": 0, "% OF TOTAL": 0.0, "2024": 0, "2029": 0}, "Not Hispanic: Two or More Races": {"Demographic": null, "2020": 35, "% OF TOTAL": 3.1, "2024": 36, "2029": 34}, "Hispanic: White alone": {"Demographic": null, "2020": 1, "% OF TOTAL": 0.1, "2024": 1, "2029": 1}, "Hispanic: Black or African American alone": {"Demographic": null, "2020": 0, "% OF TOTAL": 0.0, "2024": 0, "2029": 0}, "Hispanic: American Indian and Alaska Native alone": {"Demographic": null, "2020": 0, "% OF TOTAL": 0.0, "2024": 0, "2029": 0}, "Hispanic: Asian alone": {"Demographic": null, "2020": 0, "% OF TOTAL": 0.0, "2024": 0, "2029": 0}, "Hispanic: Native Hawaiian and OPI alone": {"Demographic": null, "2020": 0, "% OF TOTAL": 0.0, "2024": 0, "2029": 0}, "Hispanic: Some Other Race alone": {"Demographic": null, "2020": 0, "% OF TOTAL": 0.0, "2024": 0, "2029": 0}, "Hispanic: Two or More Races": {"Demographic": null, "2020": 7, "% OF TOTAL": 0.6, "2024": 7, "2029": 7}, "Educational Attainment: No High School Diploma": {"Demographic": null, "2020": 178, "% OF TOTAL": null, "2024": 166, "2029": null}, "Educational Attainment: High School Diploma": {"Demographic": null, "2020": 277, "% OF TOTAL": null, "2024": 258, "2029": null}, "Educational Attainment: Some College": {"Demographic": null, "2020": 145, "% OF TOTAL": null, "2024": 136, "2029": null}, "Educational Attainment: Associates Degree": {"Demographic": null, "2020": 40, "% OF TOTAL": null, "2024": 37, "2029": null}, "Educational Attainment: Bachelors Degree": {"Demographic": null, "2020": 187, "% OF TOTAL": null, "2024": 174, "2029": null}, "Educational Attainment: Advanced Degree": {"Demographic": null, "2020": 88, "% OF TOTAL": null, "2024": 82, "2029": null}, "Employment Status: Armed Forces": {"Demographic": null, "2020": 0, "% OF TOTAL": null, "2024": 0, "2029": null}, "Employment Status: Civilian labor force employed": {"Demographic": null, "2020": 479, "% OF TOTAL": null, "2024": 454, "2029": null}, "Employment Status: Civilian labor force unemployed": {"Demographic": null, "2020": 0, "% OF TOTAL": null, "2024": 0, "2029": null}, "Employment Status: Not in labor force": {"Demographic": null, "2020": 559, "% OF TOTAL": null, "2024": 530, "2029": null}, "Employed in Agriculture and Mining Industries": {"Demographic": null, "2020": 0, "% OF TOTAL": null, "2024": 0, "2029": null}, "Employed in Construction Industries": {"Demographic": null, "2020": 28, "% OF TOTAL": null, "2024": 27, "2029": null}, "Employed in Manufacturing Industries": {"Demographic": null, "2020": 133, "% OF TOTAL": null, "2024": 126, "2029": null}, "Employed in Wholesale Industries": {"Demographic": null, "2020": 25, "% OF TOTAL": null, "2024": 24, "2029": null}, "Employed in Retail Industries": {"Demographic": null, "2020": 17, "% OF TOTAL": null, "2024": 16, "2029": null}, "Employed in Transportation and Utilities Industries": {"Demographic": null, "2020": 70, "% OF TOTAL": null, "2024": 66, "2029": null}, "Employed in Information Industries": {"Demographic": null, "2020": 0, "% OF TOTAL": null, "2024": 0, "2029": null}, "Employed in Real-Estate Industries": {"Demographic": null, "2020": 13, "% OF TOTAL": null, "2024": 12, "2029": null}, "Employed in Professional Industries": {"Demographic": null, "2020": 50, "% OF TOTAL": null, "2024": 48, "2029": null}, "Employed in Health and Education Industries": {"Demographic": null, "2020": 111, "% OF TOTAL": null, "2024": 105, "2029": null}, "Employed in Art Industries": {"Demographic": null, "2020": 16, "% OF TOTAL": null, "2024": 15, "2029": null}, "Employed in Other Industries": {"Demographic": null, "2020": 16, "% OF TOTAL": null, "2024": 15, "2029": null}, "Employed in Public Administration Industries": {"Demographic": null, "2020": 0, "% OF TOTAL": null, "2024": 0, "2029": null}, "Occupation: Management": {"Demographic": null, "2020": 102, "% OF TOTAL": null, "2024": 97, "2029": null}, "Occupation: Business and financial operations": {"Demographic": null, "2020": 56, "% OF TOTAL": null, "2024": 53, "2029": null}, "Occupation: Computer and mathematical": {"Demographic": null, "2020": 16, "% OF TOTAL": null, "2024": 15, "2029": null}, "Occupation: Architecture and engineering": {"Demographic": null, "2020": 70, "% OF TOTAL": null, "2024": 66, "2029": null}, "Occupation: Life, physical, and social science": {"Demographic": null, "2020": 0, "% OF TOTAL": null, "2024": 0, "2029": null}, "Occupation: Community and social service": {"Demographic": null, "2020": 15, "% OF TOTAL": null, "2024": 14, "2029": null}, "Occupation: Legal": {"Demographic": null, "2020": 0, "% OF TOTAL": null, "2024": 0, "2029": null}, "Occupation: Education, training, and library": {"Demographic": null, "2020": 23, "% OF TOTAL": null, "2024": 22, "2029": null}, "Occupation: Arts, design, entertainment, sports, and media": {"Demographic": null, "2020": 0, "% OF TOTAL": null, "2024": 0, "2029": null}, "Occupation: Health diagnosing and treating practitioners": {"Demographic": null, "2020": 25, "% OF TOTAL": null, "2024": 24, "2029": null}, "Occupation: Health technologists and technicians": {"Demographic": null, "2020": 0, "% OF TOTAL": null, "2024": 0, "2029": null}, "Occupation: Healthcare support": {"Demographic": null, "2020": 0, "% OF TOTAL": null, "2024": 0, "2029": null}, "Occupation: Fire fighting and prevention": {"Demographic": null, "2020": 0, "% OF TOTAL": null, "2024": 0, "2029": null}, "Occupation: Law enforcement workers": {"Demographic": null, "2020": 0, "% OF TOTAL": null, "2024": 0, "2029": null}, "Occupation: Food preparation and serving related": {"Demographic": null, "2020": 0, "% OF TOTAL": null, "2024": 0, "2029": null}, "Occupation: Building and grounds cleaning and maintenance": {"Demographic": null, "2020": 0, "% OF TOTAL": null, "2024": 0, "2029": null}, "Occupation: Personal care and service": {"Demographic": null, "2020": 0, "% OF TOTAL": null, "2024": 0, "2029": null}, "Occupation: Sales and related": {"Demographic": null, "2020": 50, "% OF TOTAL": null, "2024": 47, "2029": null}, "Occupation: Office and administrative support": {"Demographic": null, "2020": 40, "% OF TOTAL": null, "2024": 38, "2029": null}, "Occupation: Farming, fishing, and forestry": {"Demographic": null, "2020": 0, "% OF TOTAL": null, "2024": 0, "2029": null}, "Occupation: Construction and extraction": {"Demographic": null, "2020": 0, "% OF TOTAL": null, "2024": 0, "2029": null}, "Occupation: Installation, maintenance, and repair": {"Demographic": null, "2020": 57, "% OF TOTAL": null, "2024": 54, "2029": null}, "Occupation: Production": {"Demographic": null, "2020": 25, "% OF TOTAL": null, "2024": 24, "2029": null}, "Occupation: Transportation": {"Demographic": null, "2020": 0, "% OF TOTAL": null, "2024": 0, "2029": null}, "Occupation: Material moving": {"Demographic": null, "2020": 0, "% OF TOTAL": null, "2024": 0, "2029": null}, "White collar": {"Demographic": null, "2020": 397, "% OF TOTAL": null, "2024": 376, "2029": null}, "Blue collar": {"Demographic": null, "2020": 82, "% OF TOTAL": null, "2024": 78, "2029": null}, "Means of transportation: Car, truck or van": {"Demographic": null, "2020": 439, "% OF TOTAL": null, "2024": 416, "2029": null}, "Means of transportation: Public transportation": {"Demographic": null, "2020": 0, "% OF TOTAL": null, "2024": 0, "2029": null}, "Means of transportation: Other": {"Demographic": null, "2020": 13, "% OF TOTAL": null, "2024": 12, "2029": null}, "Travel time: Average (in minutes)": {"Demographic": null, "2020": 28, "% OF TOTAL": null, "2024": 28, "2029": null}, "Travel time to work: Less than 30 minutes": {"Demographic": null, "2020": 290, "% OF TOTAL": null, "2024": 275, "2029": null}, "Travel time to work: 30 to 60 minutes": {"Demographic": null, "2020": 134, "% OF TOTAL": null, "2024": 126, "2029": null}, "Travel time to work: 60 or more minutes": {"Demographic": null, "2020": 28, "% OF TOTAL": null, "2024": 27, "2029": null}}, "household_trends": {"Households": {"Demographic": null, "2020": 489, "% OF TOTAL": null, "2024": 460, "2029": 438}, "Households Growth": {"Demographic": null, "2020": null, "% OF TOTAL": null, "2024": -5.9, "2029": -4.8}, "Householder Age 15-24": {"Demographic": null, "2020": 10, "% OF TOTAL": 2.1, "2024": 9, "2029": 9}, "Householder Age 25-34": {"Demographic": null, "2020": 44, "% OF TOTAL": 8.7, "2024": 41, "2029": 38}, "Householder Age 35-44": {"Demographic": null, "2020": 76, "% OF TOTAL": 14.6, "2024": 71, "2029": 64}, "Householder Age 45-54": {"Demographic": null, "2020": 100, "% OF TOTAL": 20.3, "2024": 95, "2029": 89}, "Householder Age 55-64": {"Demographic": null, "2020": 88, "% OF TOTAL": 15.3, "2024": 83, "2029": 67}, "Householder Age 65-74": {"Demographic": null, "2020": 101, "% OF TOTAL": 21.0, "2024": 95, "2029": 92}, "Householder Age 75+": {"Demographic": null, "2020": 70, "% OF TOTAL": 18.0, "2024": 66, "2029": 79}, "Average Household Size": {"Demographic": null, "2020": 2.6, "% OF TOTAL": null, "2024": 2.5, "2029": 2.5}, "1 Person Households": {"Demographic": null, "2020": 68, "% OF TOTAL": 16.2, "2024": 72, "2029": 71}, "2 Person Households": {"Demographic": null, "2020": 202, "% OF TOTAL": 44.7, "2024": 203, "2029": 196}, "3 Person Households": {"Demographic": null, "2020": 95, "% OF TOTAL": 21.0, "2024": 96, "2029": 92}, "4 Person Households": {"Demographic": null, "2020": 73, "% OF TOTAL": 10.7, "2024": 53, "2029": 47}, "5 Person Households": {"Demographic": null, "2020": 40, "% OF TOTAL": 6.2, "2024": 30, "2029": 27}, "6 Person Households": {"Demographic": null, "2020": 8, "% OF TOTAL": 0.9, "2024": 5, "2029": 4}, "7+ Person Households": {"Demographic": null, "2020": 3, "% OF TOTAL": 0.2, "2024": 1, "2029": 1}, "Household Type: Family": {"Demographic": null, "2020": 411, "% OF TOTAL": null, "2024": 387, "2029": null}, "Household Type: Married Family": {"Demographic": null, "2020": 347, "% OF TOTAL": null, "2024": 327, "2029": null}, "Household Type: Married Family With Children": {"Demographic": null, "2020": 114, "% OF TOTAL": null, "2024": 108, "2029": null}, "Household Type: Married Family Without Children": {"Demographic": null, "2020": 233, "% OF TOTAL": null, "2024": 219, "2029": null}, "Household Type: Other Family": {"Demographic": null, "2020": 64, "% OF TOTAL": null, "2024": 60, "2029": null}, "Household Type: Male Households, No Wife": {"Demographic": null, "2020": 21, "% OF TOTAL": null, "2024": 20, "2029": null}, "Household Type: Male Households, No Wife With Children": {"Demographic": null, "2020": 11, "% OF TOTAL": null, "2024": 11, "2029": null}, "Household Type: Male Households, No Wife Without Children": {"Demographic": null, "2020": 10, "% OF TOTAL": null, "2024": 9, "2029": null}, "Household Type: Female Households, No Husband": {"Demographic": null, "2020": 43, "% OF TOTAL": null, "2024": 40, "2029": null}, "Household Type: Female Households, No Husband With Children": {"Demographic": null, "2020": 15, "% OF TOTAL": null, "2024": 14, "2029": null}, "Household Type: Female Households, No Husband Without Children": {"Demographic": null, "2020": 28, "% OF TOTAL": null, "2024": 26, "2029": null}, "Household Income: Average": {"Demographic": null, "2020": 145547, "% OF TOTAL": null, "2024": 167652, "2029": 219127}, "Household Income: Median": {"Demographic": null, "2020": 0, "% OF TOTAL": null, "2024": 134464, "2029": 149405}, "Household Income: Less than $25k": {"Demographic": null, "2020": 7, "% OF TOTAL": 0.7, "2024": 9, "2029": 3}, "Household Income: $25k - $50k": {"Demographic": null, "2020": 22, "% OF TOTAL": 3.7, "2024": 23, "2029": 16}, "Household Income: $50k - $75k": {"Demographic": null, "2020": 124, "% OF TOTAL": 10.3, "2024": 97, "2029": 45}, "Household Income: $75k - $100k": {"Demographic": null, "2020": 49, "% OF TOTAL": 4.8, "2024": 31, "2029": 21}, "Household Income: $100k - $125k": {"Demographic": null, "2020": 21, "% OF TOTAL": 2.5, "2024": 17, "2029": 11}, "Household Income: $125k - $150k": {"Demographic": null, "2020": 157, "% OF TOTAL": 28.8, "2024": 140, "2029": 126}, "Household Income: $150k - $200k": {"Demographic": null, "2020": 23, "% OF TOTAL": 4.6, "2024": 24, "2029": 20}, "Household Income: Above $200k": {"Demographic": null, "2020": 86, "% OF TOTAL": 44.7, "2024": 119, "2029": 196}, "Total Housing Units": {"Demographic": null, "2020": 493, "% OF TOTAL": null, "2024": null, "2029": null}, "Owner Occupied Housing Units": {"Demographic": null, "2020": 462, "% OF TOTAL": null, "2024": 435, "2029": null}, "Renter Occupied Housing Units": {"Demographic": null, "2020": 27, "% OF TOTAL": null, "2024": 25, "2029": null}, "Vacant Housing Units": {"Demographic": null, "2020": 4, "% OF TOTAL": null, "2024": null, "2029": null}, "Vacant Housing Units: Seasonal": {"Demographic": null, "2020": 4, "% OF TOTAL": null, "2024": null, "2029": null}, "Vacant Housing Units: Other Usage": {"Demographic": null, "2020": 0, "% OF TOTAL": null, "2024": null, "2029": null}, "Average Housing Unit Value": {"Demographic": null, "2020": 251856, "% OF TOTAL": null, "2024": 251977, "2029": null}, "Median Housing Unit Value": {"Demographic": null, "2020": 237500, "% OF TOTAL": null, "2024": 237658, "2029": null}, "Housing Unit Value Less Than $100k": {"Demographic": null, "2020": 51, "% OF TOTAL": null, "2024": 48, "2029": null}, "Housing Unit Value $100k-$200k": {"Demographic": null, "2020": 117, "% OF TOTAL": null, "2024": 110, "2029": null}, "Housing Unit Value $200k-$250k": {"Demographic": null, "2020": 84, "% OF TOTAL": null, "2024": 79, "2029": null}, "Housing Unit Value $250k-$300k": {"Demographic": null, "2020": 57, "% OF TOTAL": null, "2024": 54, "2029": null}, "Housing Unit Value $300k-$400k": {"Demographic": null, "2020": 100, "% OF TOTAL": null, "2024": 94, "2029": null}, "Housing Unit Value $400k-$500k": {"Demographic": null, "2020": 53, "% OF TOTAL": null, "2024": 50, "2029": null}, "Housing Unit Value $500k-$750k": {"Demographic": null, "2020": 0, "% OF TOTAL": null, "2024": 0, "2029": null}, "Housing Unit Value $750k-$1m": {"Demographic": null, "2020": 0, "% OF TOTAL": null, "2024": 0, "2029": null}, "Housing Unit Value $1m-$1.5m": {"Demographic": null, "2020": 0, "% OF TOTAL": null, "2024": 0, "2029": null}, "Housing Unit Value $1.5m-$2m": {"Demographic": null, "2020": 0, "% OF TOTAL": null, "2024": 0, "2029": null}, "Housing Unit Value Above $2m": {"Demographic": null, "2020": 0, "% OF TOTAL": null, "2024": 0, "2029": null}, "Median Housing Unit Year Built": {"Demographic": null, "2020": 1993, "% OF TOTAL": null, "2024": 1993, "2029": null}, "Housing Units Built 2014 Or After": {"Demographic": null, "2020": 0, "% OF TOTAL": null, "2024": 0, "2029": null}, "Housing Units Built 2010-2013": {"Demographic": null, "2020": 29, "% OF TOTAL": null, "2024": 27, "2029": null}, "Housing Units Built 2000-2009": {"Demographic": null, "2020": 63, "% OF TOTAL": null, "2024": 60, "2029": null}, "Housing Units Built 1990-1999": {"Demographic": null, "2020": 220, "% OF TOTAL": null, "2024": 207, "2029": null}, "Housing Units Built 1980-1989": {"Demographic": null, "2020": 34, "% OF TOTAL": null, "2024": 32, "2029": null}, "Housing Units Built 1970-1979": {"Demographic": null, "2020": 143, "% OF TOTAL": null, "2024": 134, "2029": null}, "Housing Units Built 1960-1969": {"Demographic": null, "2020": 0, "% OF TOTAL": null, "2024": 0, "2029": null}, "Housing Units Built 1950-1959": {"Demographic": null, "2020": 0, "% OF TOTAL": null, "2024": 0, "2029": null}, "Housing Units Built 1940-1949": {"Demographic": null, "2020": 0, "% OF TOTAL": null, "2024": 0, "2029": null}, "Housing Units Built Before 1940": {"Demographic": null, "2020": 0, "% OF TOTAL": null, "2024": 0, "2029": null}}, "consumer_segments": {"Active Adult Feature and Location": {"households": 60, "pct": 18.5}, "Active Adult Elite": {"households": 52, "pct": 16.0}, "Elite": {"households": 43, "pct": 13.3}, "Family Life School Age Children": {"households": 31, "pct": 9.6}, "Feature and Location": {"households": 31, "pct": 9.6}, "Entry Level Suburban": {"households": 27, "pct": 8.3}, "Simple Life Affluent No Children": {"households": 23, "pct": 7.1}, "Family Life Young Children": {"households": 20, "pct": 6.2}, "Simple Life Moderate Income No Children": {"households": 12, "pct": 3.7}, "Active Adult Entry Level": {"households": 12, "pct": 3.7}, "Simple Life Moderate Income With Children": {"households": 8, "pct": 2.5}, "Renters": {"households": 3, "pct": 0.9}, "Renters Near Term Buyers": {"households": 2, "pct": 0.6}, "Entry Level Urban": {"households": 0, "pct": 0.0}}, "income_age": {"2020": {}, "2024": {}, "2029": {}}, "population_2024": 1168, "population_2029": 1095, "households_2024": 460, "households_2029": 438, "median_household_income_2024": 134464, "median_household_income_2029": 149405, "mean_household_income_2024": null, "mean_household_income_2029": null, "median_age_2024": 47, "median_age_2029": 48, "median_home_value_2024": 237658, "average_household_size_2024": 2.5, "average_household_size_2029": 2.5, "population_growth_2024_2029": -7.1, "households_growth_2024_2029": -5.9}, "geometry": {"type": "Polygon", "coordinates": [[[-88.055218, 30.864194], [-88.055536, 30.893232], [-88.021864, 30.893503], [-88.021555, 30.864464], [-88.055218, 30.864194]]]}}, {"type": "Feature", "properties": {"block": "028", "block_num": 28, "CentroidLon": -88.07221051436557, "CentroidLat": 30.878574218046634, "submarket": "North Mobile", "data_status": "usable", "is_anomalous": false, "anomaly_reason": null, "files_present": "DemographicSnapshot-26.08.06.csv;PopulationTrends-26.08.06.csv;HouseholdTrends-26.08.06.csv;HouseholdIncomeByAge-26.08.06.csv;ConsumerSegmentation-26.08.06.csv", "demographic_snapshot": {"Total Population": {"Demographic": null, "2020": 2537, "% OF TOTAL": null, "2024": 2545, "2029": 2562}, "Households": {"Demographic": null, "2020": 868, "% OF TOTAL": null, "2024": 880, "2029": 898}, "Population in Group Quarters": {"Demographic": null, "2020": 0, "% OF TOTAL": null, "2024": 0, "2029": 0}, "Households Growth": {"Demographic": null, "2020": null, "% OF TOTAL": null, "2024": 1.4, "2029": 2.0}, "Household Income: Median": {"Demographic": null, "2020": 0, "% OF TOTAL": null, "2024": 134404, "2029": 172650}, "Home Value: Median": {"Demographic": null, "2020": 301064, "% OF TOTAL": null, "2024": 301049, "2029": null}, "Population Growth": {"Demographic": null, "2020": null, "% OF TOTAL": null, "2024": 0.3, "2029": 0.7}, "Total Population: Under 19 years": {"Demographic": null, "2020": 732, "% OF TOTAL": 26.5, "2024": 731, "2029": 678}, "Total Population: 20 - 64 years": {"Demographic": null, "2020": 1439, "% OF TOTAL": 55.9, "2024": 1419, "2029": 1431}, "Total Population: 65 years and over": {"Demographic": null, "2020": 366, "% OF TOTAL": 17.7, "2024": 395, "2029": 453}, "Total population: Median age": {"Demographic": null, "2020": 39, "% OF TOTAL": null, "2024": 39, "2029": 41}, "Total population: Under 5 years": {"Demographic": null, "2020": 152, "% OF TOTAL": 5.6, "2024": 148, "2029": 143}, "Total population: 5 - 9 years": {"Demographic": null, "2020": 174, "% OF TOTAL": 6.2, "2024": 176, "2029": 160}, "Total population: 10 - 14 years": {"Demographic": null, "2020": 191, "% OF TOTAL": 6.8, "2024": 184, "2029": 175}, "Total population: 15 - 19 years": {"Demographic": null, "2020": 215, "% OF TOTAL": 7.8, "2024": 223, "2029": 200}, "Total population: 20 - 24 years": {"Demographic": null, "2020": 130, "% OF TOTAL": 6.2, "2024": 131, "2029": 160}, "Total population: 25 - 29 years": {"Demographic": null, "2020": 107, "% OF TOTAL": 4.3, "2024": 105, "2029": 111}, "Total population: 30 - 34 years": {"Demographic": null, "2020": 139, "% OF TOTAL": 4.8, "2024": 139, "2029": 122}, "Total population: 35 - 39 years": {"Demographic": null, "2020": 178, "% OF TOTAL": 6.8, "2024": 179, "2029": 173}, "Total population: 40 - 44 years": {"Demographic": null, "2020": 175, "% OF TOTAL": 7.1, "2024": 181, "2029": 181}, "Total population: 45 - 49 years": {"Demographic": null, "2020": 195, "% OF TOTAL": 7.7, "2024": 188, "2029": 197}, "Total population: 50 - 54 years": {"Demographic": null, "2020": 202, "% OF TOTAL": 7.5, "2024": 200, "2029": 192}, "Total population: 55 - 59 years": {"Demographic": null, "2020": 163, "% OF TOTAL": 6.2, "2024": 147, "2029": 158}, "Total population: 60 - 64 years": {"Demographic": null, "2020": 150, "% OF TOTAL": 5.3, "2024": 149, "2029": 137}, "Total population: 65 - 69 years": {"Demographic": null, "2020": 137, "% OF TOTAL": 5.7, "2024": 143, "2029": 146}, "Total population: 70 - 74 years": {"Demographic": null, "2020": 107, "% OF TOTAL": 5.0, "2024": 113, "2029": 129}, "Total population: 75 - 79 years": {"Demographic": null, "2020": 69, "% OF TOTAL": 3.7, "2024": 81, "2029": 96}, "Total population: 80 - 84 years": {"Demographic": null, "2020": 30, "% OF TOTAL": 2.0, "2024": 34, "2029": 51}, "Total population: 85 years and over": {"Demographic": null, "2020": 23, "% OF TOTAL": 1.2, "2024": 24, "2029": 31}, "Householders Age 15-24": {"Demographic": null, "2020": 8, "% OF TOTAL": 0.9, "2024": 8, "2029": 8}, "Householders Age 25-34": {"Demographic": null, "2020": 97, "% OF TOTAL": 10.5, "2024": 98, "2029": 94}, "Householders Age 35-44": {"Demographic": null, "2020": 178, "% OF TOTAL": 19.7, "2024": 181, "2029": 177}, "Householders Age 45-54": {"Demographic": null, "2020": 198, "% OF TOTAL": 22.4, "2024": 201, "2029": 201}, "Householders Age 55-64": {"Demographic": null, "2020": 161, "% OF TOTAL": 17.7, "2024": 163, "2029": 159}, "Householders Age 65-74": {"Demographic": null, "2020": 149, "% OF TOTAL": 17.9, "2024": 151, "2029": 161}, "Householders Age 75+": {"Demographic": null, "2020": 77, "% OF TOTAL": 10.9, "2024": 78, "2029": 98}, "Household income: Average": {"Demographic": null, "2020": 150864, "% OF TOTAL": null, "2024": 175222, "2029": 208349}, "Household income: Less than 25k": {"Demographic": null, "2020": 58, "% OF TOTAL": 2.7, "2024": 44, "2029": 24}, "Household income: 25k - 50k": {"Demographic": null, "2020": 135, "% OF TOTAL": 12.7, "2024": 113, "2029": 114}, "Household income: 50k - 75k": {"Demographic": null, "2020": 108, "% OF TOTAL": 5.2, "2024": 72, "2029": 47}, "Household income: 75k - 100k": {"Demographic": null, "2020": 62, "% OF TOTAL": 6.1, "2024": 59, "2029": 55}, "Household income: 100k - 125k": {"Demographic": null, "2020": 114, "% OF TOTAL": 7.9, "2024": 111, "2029": 71}, "Household income: 125k - 150k": {"Demographic": null, "2020": 117, "% OF TOTAL": 9.5, "2024": 109, "2029": 85}, "Household income: 150k - 200k": {"Demographic": null, "2020": 65, "% OF TOTAL": 13.0, "2024": 101, "2029": 117}, "Household income: Above 200k": {"Demographic": null, "2020": 209, "% OF TOTAL": 42.9, "2024": 271, "2029": 385}, "White Alone": {"Demographic": null, "2020": 2090, "% OF TOTAL": 81.5, "2024": 2079, "2029": 2089}, "Black or African American Alone": {"Demographic": null, "2020": 272, "% OF TOTAL": 11.0, "2024": 276, "2029": 281}, "American Indian and Alaska Native Alone": {"Demographic": null, "2020": 34, "% OF TOTAL": 1.4, "2024": 36, "2029": 36}, "Asian Alone": {"Demographic": null, "2020": 32, "% OF TOTAL": 1.3, "2024": 33, "2029": 34}, "Native Hawaiian and OPI Alone": {"Demographic": null, "2020": 4, "% OF TOTAL": 0.2, "2024": 5, "2029": 5}, "Some Other Race Alone": {"Demographic": null, "2020": 18, "% OF TOTAL": 0.7, "2024": 18, "2029": 18}, "Two or More Races Alone": {"Demographic": null, "2020": 87, "% OF TOTAL": 3.9, "2024": 98, "2029": 99}, "Not Hispanic or Latino": {"Demographic": null, "2020": 2511, "% OF TOTAL": 98.9, "2024": 2517, "2029": 2534}, "Hispanic or Latino": {"Demographic": null, "2020": 26, "% OF TOTAL": 1.1, "2024": 28, "2029": 28}, "Total Housing Units": {"Demographic": null, "2020": 909, "% OF TOTAL": null, "2024": null, "2029": null}, "Owner Occupied Housing Units": {"Demographic": null, "2020": 832, "% OF TOTAL": null, "2024": 844, "2029": null}, "Renter Occupied Housing Units": {"Demographic": null, "2020": 36, "% OF TOTAL": null, "2024": 36, "2029": null}, "Housing Units Value Less Than 100k": {"Demographic": null, "2020": 33, "% OF TOTAL": null, "2024": 33, "2029": null}, "Housing Units Value 100k - 200k": {"Demographic": null, "2020": 120, "% OF TOTAL": null, "2024": 122, "2029": null}, "Housing Units Value 200k - 250k": {"Demographic": null, "2020": 109, "% OF TOTAL": null, "2024": 111, "2029": null}, "Housing Units Value 250k - 300k": {"Demographic": null, "2020": 151, "% OF TOTAL": null, "2024": 153, "2029": null}, "Housing Units Value 300k - 400k": {"Demographic": null, "2020": 282, "% OF TOTAL": null, "2024": 286, "2029": null}, "Housing Units Value 400k - 500k": {"Demographic": null, "2020": 110, "% OF TOTAL": null, "2024": 112, "2029": null}, "Housing Units Value 500k - 750k": {"Demographic": null, "2020": 27, "% OF TOTAL": null, "2024": 27, "2029": null}, "Housing Units Value 750k - 1m": {"Demographic": null, "2020": 0, "% OF TOTAL": null, "2024": 0, "2029": null}, "Housing Units Value 1m - 1.5m": {"Demographic": null, "2020": 0, "% OF TOTAL": null, "2024": 0, "2029": null}, "Housing Units Value 1.5m - 2m": {"Demographic": null, "2020": 0, "% OF TOTAL": null, "2024": 0, "2029": null}, "Housing Units Value >2m": {"Demographic": null, "2020": 0, "% OF TOTAL": null, "2024": 0, "2029": null}, "Take Car or Truck to Work": {"Demographic": null, "2020": 1148, "% OF TOTAL": null, "2024": 1166, "2029": null}, "Take Public Transportation to Work": {"Demographic": null, "2020": 0, "% OF TOTAL": null, "2024": 0, "2029": null}, "Take Other Means of Transportation to Work": {"Demographic": null, "2020": 0, "% OF TOTAL": null, "2024": 0, "2029": null}, "Average Travel Time (min)": {"Demographic": null, "2020": 27, "% OF TOTAL": null, "2024": 27, "2029": null}, "Travel Below 30 Min to Work": {"Demographic": null, "2020": 656, "% OF TOTAL": null, "2024": 667, "2029": null}, "Travel 30-60 Min to Work": {"Demographic": null, "2020": 492, "% OF TOTAL": null, "2024": 499, "2029": null}, "Travel Above 60 Min to Work": {"Demographic": null, "2020": 27, "% OF TOTAL": null, "2024": 0, "2029": null}, "Educational Attainment: No High School Diploma": {"Demographic": null, "2020": 621, "% OF TOTAL": null, "2024": 624, "2029": null}, "Educational Attainment: High School Diploma": {"Demographic": null, "2020": 536, "% OF TOTAL": null, "2024": 539, "2029": null}, "Educational Attainment: Some College": {"Demographic": null, "2020": 817, "% OF TOTAL": null, "2024": 821, "2029": null}, "Educational Attainment: Associate's Degree": {"Demographic": null, "2020": 87, "% OF TOTAL": null, "2024": 87, "2029": null}, "Educational Attainment: Bachelors Degree": {"Demographic": null, "2020": 353, "% OF TOTAL": null, "2024": 355, "2029": null}, "Educational Attainment: Advanced Degree": {"Demographic": null, "2020": 237, "% OF TOTAL": null, "2024": 238, "2029": null}, "Households: Number of vehicles available - Average": {"Demographic": null, "2020": 2, "% OF TOTAL": null, "2024": 2, "2029": null}, "Households: No Vehicle available": {"Demographic": null, "2020": 4, "% OF TOTAL": null, "2024": 4, "2029": null}, "Households: 1 Vehicle available": {"Demographic": null, "2020": 260, "% OF TOTAL": null, "2024": 264, "2029": null}, "Households: 2 Vehicles available": {"Demographic": null, "2020": 241, "% OF TOTAL": null, "2024": 245, "2029": null}, "Households: 3 Vehicles available": {"Demographic": null, "2020": 251, "% OF TOTAL": null, "2024": 254, "2029": null}, "Households: 4 or more Vehicles available": {"Demographic": null, "2020": 112, "% OF TOTAL": null, "2024": 113, "2029": null}}, "population_trends": {"Total Population": {"Demographic": null, "2020": 2537, "% OF TOTAL": null, "2024": 2545, "2029": 2562}, "Population Growth": {"Demographic": null, "2020": null, "% OF TOTAL": null, "2024": 0.3, "2029": 0.7}, "Female Population": {"Demographic": null, "2020": 1277, "% OF TOTAL": 50.5, "2024": 1284, "2029": 1293}, "Male Population": {"Demographic": null, "2020": 1260, "% OF TOTAL": 49.5, "2024": 1261, "2029": 1269}, "Total population: Median Age": {"Demographic": null, "2020": 39, "% OF TOTAL": null, "2024": 39, "2029": 41}, "Total population: Under 5 years": {"Demographic": null, "2020": 152, "% OF TOTAL": 5.6, "2024": 148, "2029": 143}, "Total population: 5 - 9 years": {"Demographic": null, "2020": 174, "% OF TOTAL": 6.2, "2024": 176, "2029": 160}, "Total population: 10 - 14 years": {"Demographic": null, "2020": 191, "% OF TOTAL": 6.8, "2024": 184, "2029": 175}, "Total population: 15 - 19 years": {"Demographic": null, "2020": 215, "% OF TOTAL": 7.8, "2024": 223, "2029": 200}, "Total population: 20 - 24 years": {"Demographic": null, "2020": 130, "% OF TOTAL": 6.2, "2024": 131, "2029": 160}, "Total population: 25 - 29 years": {"Demographic": null, "2020": 107, "% OF TOTAL": 4.3, "2024": 105, "2029": 111}, "Total population: 30 - 34 years": {"Demographic": null, "2020": 139, "% OF TOTAL": 4.8, "2024": 139, "2029": 122}, "Total population: 35 - 39 years": {"Demographic": null, "2020": 178, "% OF TOTAL": 6.8, "2024": 179, "2029": 173}, "Total population: 40 - 44 years": {"Demographic": null, "2020": 175, "% OF TOTAL": 7.1, "2024": 181, "2029": 181}, "Total population: 45 - 49 years": {"Demographic": null, "2020": 195, "% OF TOTAL": 7.7, "2024": 188, "2029": 197}, "Total population: 50 - 54 years": {"Demographic": null, "2020": 202, "% OF TOTAL": 7.5, "2024": 200, "2029": 192}, "Total population: 55 - 59 years": {"Demographic": null, "2020": 163, "% OF TOTAL": 6.2, "2024": 147, "2029": 158}, "Total population: 60 - 64 years": {"Demographic": null, "2020": 150, "% OF TOTAL": 5.3, "2024": 149, "2029": 137}, "Total population: 65 - 69 years": {"Demographic": null, "2020": 137, "% OF TOTAL": 5.7, "2024": 143, "2029": 146}, "Total population: 70 - 74 years": {"Demographic": null, "2020": 107, "% OF TOTAL": 5.0, "2024": 113, "2029": 129}, "Total population: 75 - 79 years": {"Demographic": null, "2020": 69, "% OF TOTAL": 3.7, "2024": 81, "2029": 96}, "Total population: 80 - 84 years": {"Demographic": null, "2020": 30, "% OF TOTAL": 2.0, "2024": 34, "2029": 51}, "Total population: 85 years and over": {"Demographic": null, "2020": 23, "% OF TOTAL": 1.2, "2024": 24, "2029": 31}, "Female population: Median Age": {"Demographic": null, "2020": 39, "% OF TOTAL": null, "2024": 39, "2029": 41}, "Female population: Under 5 years": {"Demographic": null, "2020": 84, "% OF TOTAL": 6.0, "2024": 83, "2029": 78}, "Female population: 5 - 9 years": {"Demographic": null, "2020": 86, "% OF TOTAL": 6.2, "2024": 86, "2029": 80}, "Female population: 10 - 14 years": {"Demographic": null, "2020": 91, "% OF TOTAL": 6.5, "2024": 88, "2029": 84}, "Female population: 15 - 19 years": {"Demographic": null, "2020": 106, "% OF TOTAL": 7.6, "2024": 110, "2029": 98}, "Female population: 20 - 24 years": {"Demographic": null, "2020": 60, "% OF TOTAL": 5.9, "2024": 60, "2029": 76}, "Female population: 25 - 29 years": {"Demographic": null, "2020": 59, "% OF TOTAL": 4.5, "2024": 59, "2029": 58}, "Female population: 30 - 34 years": {"Demographic": null, "2020": 64, "% OF TOTAL": 4.5, "2024": 64, "2029": 58}, "Female population: 35 - 39 years": {"Demographic": null, "2020": 95, "% OF TOTAL": 7.0, "2024": 97, "2029": 90}, "Female population: 40 - 44 years": {"Demographic": null, "2020": 91, "% OF TOTAL": 7.4, "2024": 95, "2029": 96}, "Female population: 45 - 49 years": {"Demographic": null, "2020": 95, "% OF TOTAL": 7.7, "2024": 94, "2029": 100}, "Female population: 50 - 54 years": {"Demographic": null, "2020": 97, "% OF TOTAL": 7.2, "2024": 95, "2029": 93}, "Female population: 55 - 59 years": {"Demographic": null, "2020": 89, "% OF TOTAL": 6.4, "2024": 80, "2029": 83}, "Female population: 60 - 64 years": {"Demographic": null, "2020": 78, "% OF TOTAL": 5.6, "2024": 78, "2029": 73}, "Female population: 65 - 69 years": {"Demographic": null, "2020": 63, "% OF TOTAL": 5.3, "2024": 66, "2029": 69}, "Female population: 70 - 74 years": {"Demographic": null, "2020": 56, "% OF TOTAL": 5.0, "2024": 58, "2029": 65}, "Female population: 75 - 79 years": {"Demographic": null, "2020": 30, "% OF TOTAL": 3.5, "2024": 35, "2029": 45}, "Female population: 80 - 84 years": {"Demographic": null, "2020": 19, "% OF TOTAL": 2.2, "2024": 22, "2029": 28}, "Female population: 85 years and over": {"Demographic": null, "2020": 14, "% OF TOTAL": 1.5, "2024": 14, "2029": 19}, "Male population: Median Age": {"Demographic": null, "2020": 39, "% OF TOTAL": null, "2024": 39, "2029": 40}, "Male population: Under 5 years": {"Demographic": null, "2020": 68, "% OF TOTAL": 5.1, "2024": 65, "2029": 65}, "Male population: 5 - 9 years": {"Demographic": null, "2020": 88, "% OF TOTAL": 6.3, "2024": 90, "2029": 80}, "Male population: 10 - 14 years": {"Demographic": null, "2020": 100, "% OF TOTAL": 7.2, "2024": 96, "2029": 91}, "Male population: 15 - 19 years": {"Demographic": null, "2020": 109, "% OF TOTAL": 8.0, "2024": 113, "2029": 102}, "Male population: 20 - 24 years": {"Demographic": null, "2020": 70, "% OF TOTAL": 6.6, "2024": 71, "2029": 84}, "Male population: 25 - 29 years": {"Demographic": null, "2020": 48, "% OF TOTAL": 4.2, "2024": 46, "2029": 53}, "Male population: 30 - 34 years": {"Demographic": null, "2020": 75, "% OF TOTAL": 5.0, "2024": 75, "2029": 64}, "Male population: 35 - 39 years": {"Demographic": null, "2020": 83, "% OF TOTAL": 6.5, "2024": 82, "2029": 83}, "Male population: 40 - 44 years": {"Demographic": null, "2020": 84, "% OF TOTAL": 6.7, "2024": 86, "2029": 85}, "Male population: 45 - 49 years": {"Demographic": null, "2020": 100, "% OF TOTAL": 7.6, "2024": 94, "2029": 97}, "Male population: 50 - 54 years": {"Demographic": null, "2020": 105, "% OF TOTAL": 7.8, "2024": 105, "2029": 99}, "Male population: 55 - 59 years": {"Demographic": null, "2020": 74, "% OF TOTAL": 5.9, "2024": 67, "2029": 75}, "Male population: 60 - 64 years": {"Demographic": null, "2020": 72, "% OF TOTAL": 5.0, "2024": 71, "2029": 64}, "Male population: 65 - 69 years": {"Demographic": null, "2020": 74, "% OF TOTAL": 6.1, "2024": 77, "2029": 77}, "Male population: 70 - 74 years": {"Demographic": null, "2020": 51, "% OF TOTAL": 5.0, "2024": 55, "2029": 64}, "Male population: 75 - 79 years": {"Demographic": null, "2020": 39, "% OF TOTAL": 4.0, "2024": 46, "2029": 51}, "Male population: 80 - 84 years": {"Demographic": null, "2020": 11, "% OF TOTAL": 1.8, "2024": 12, "2029": 23}, "Male population: 85 years and over": {"Demographic": null, "2020": 9, "% OF TOTAL": 0.9, "2024": 10, "2029": 12}, "White alone": {"Demographic": null, "2020": 2090, "% OF TOTAL": 81.5, "2024": 2079, "2029": 2089}, "Black alone": {"Demographic": null, "2020": 272, "% OF TOTAL": 11.0, "2024": 276, "2029": 281}, "American Indian and Alaska Native alone": {"Demographic": null, "2020": 34, "% OF TOTAL": 1.4, "2024": 36, "2029": 36}, "Asian alone": {"Demographic": null, "2020": 32, "% OF TOTAL": 1.3, "2024": 33, "2029": 34}, "Native Hawaiian and OPI alone": {"Demographic": null, "2020": 4, "% OF TOTAL": 0.2, "2024": 5, "2029": 5}, "Some other race alone": {"Demographic": null, "2020": 18, "% OF TOTAL": 0.7, "2024": 18, "2029": 18}, "Two or more races alone": {"Demographic": null, "2020": 87, "% OF TOTAL": 3.9, "2024": 98, "2029": 99}, "Not Hispanic: White alone": {"Demographic": null, "2020": 2078, "% OF TOTAL": 81.0, "2024": 2066, "2029": 2076}, "Not Hispanic: Black or African American alone": {"Demographic": null, "2020": 272, "% OF TOTAL": 11.0, "2024": 276, "2029": 281}, "Not Hispanic: American Indian and Alaska Native alone": {"Demographic": null, "2020": 34, "% OF TOTAL": 1.4, "2024": 36, "2029": 36}, "Not Hispanic: Asian alone": {"Demographic": null, "2020": 32, "% OF TOTAL": 1.3, "2024": 33, "2029": 34}, "Not Hispanic: Native Hawaiian and OPI alone": {"Demographic": null, "2020": 4, "% OF TOTAL": 0.2, "2024": 5, "2029": 5}, "Not Hispanic: Some Other Race alone": {"Demographic": null, "2020": 12, "% OF TOTAL": 0.5, "2024": 12, "2029": 12}, "Not Hispanic: Two or More Races": {"Demographic": null, "2020": 79, "% OF TOTAL": 3.5, "2024": 89, "2029": 90}, "Hispanic: White alone": {"Demographic": null, "2020": 12, "% OF TOTAL": 0.5, "2024": 13, "2029": 13}, "Hispanic: Black or African American alone": {"Demographic": null, "2020": 0, "% OF TOTAL": 0.0, "2024": 0, "2029": 0}, "Hispanic: American Indian and Alaska Native alone": {"Demographic": null, "2020": 0, "% OF TOTAL": 0.0, "2024": 0, "2029": 0}, "Hispanic: Asian alone": {"Demographic": null, "2020": 0, "% OF TOTAL": 0.0, "2024": 0, "2029": 0}, "Hispanic: Native Hawaiian and OPI alone": {"Demographic": null, "2020": 0, "% OF TOTAL": 0.0, "2024": 0, "2029": 0}, "Hispanic: Some Other Race alone": {"Demographic": null, "2020": 6, "% OF TOTAL": 0.2, "2024": 6, "2029": 6}, "Hispanic: Two or More Races": {"Demographic": null, "2020": 8, "% OF TOTAL": 0.4, "2024": 9, "2029": 9}, "Educational Attainment: No High School Diploma": {"Demographic": null, "2020": 85, "% OF TOTAL": null, "2024": 85, "2029": null}, "Educational Attainment: High School Diploma": {"Demographic": null, "2020": 536, "% OF TOTAL": null, "2024": 539, "2029": null}, "Educational Attainment: Some College": {"Demographic": null, "2020": 377, "% OF TOTAL": null, "2024": 379, "2029": null}, "Educational Attainment: Associates Degree": {"Demographic": null, "2020": 87, "% OF TOTAL": null, "2024": 87, "2029": null}, "Educational Attainment: Bachelors Degree": {"Demographic": null, "2020": 353, "% OF TOTAL": null, "2024": 355, "2029": null}, "Educational Attainment: Advanced Degree": {"Demographic": null, "2020": 237, "% OF TOTAL": null, "2024": 238, "2029": null}, "Employment Status: Armed Forces": {"Demographic": null, "2020": 0, "% OF TOTAL": null, "2024": 0, "2029": null}, "Employment Status: Civilian labor force employed": {"Demographic": null, "2020": 1170, "% OF TOTAL": null, "2024": 1189, "2029": null}, "Employment Status: Civilian labor force unemployed": {"Demographic": null, "2020": 24, "% OF TOTAL": null, "2024": 24, "2029": null}, "Employment Status: Not in labor force": {"Demographic": null, "2020": 776, "% OF TOTAL": null, "2024": 789, "2029": null}, "Employed in Agriculture and Mining Industries": {"Demographic": null, "2020": 22, "% OF TOTAL": null, "2024": 22, "2029": null}, "Employed in Construction Industries": {"Demographic": null, "2020": 159, "% OF TOTAL": null, "2024": 162, "2029": null}, "Employed in Manufacturing Industries": {"Demographic": null, "2020": 268, "% OF TOTAL": null, "2024": 272, "2029": null}, "Employed in Wholesale Industries": {"Demographic": null, "2020": 6, "% OF TOTAL": null, "2024": 6, "2029": null}, "Employed in Retail Industries": {"Demographic": null, "2020": 117, "% OF TOTAL": null, "2024": 119, "2029": null}, "Employed in Transportation and Utilities Industries": {"Demographic": null, "2020": 22, "% OF TOTAL": null, "2024": 22, "2029": null}, "Employed in Information Industries": {"Demographic": null, "2020": 0, "% OF TOTAL": null, "2024": 0, "2029": null}, "Employed in Real-Estate Industries": {"Demographic": null, "2020": 42, "% OF TOTAL": null, "2024": 43, "2029": null}, "Employed in Professional Industries": {"Demographic": null, "2020": 104, "% OF TOTAL": null, "2024": 106, "2029": null}, "Employed in Health and Education Industries": {"Demographic": null, "2020": 302, "% OF TOTAL": null, "2024": 307, "2029": null}, "Employed in Art Industries": {"Demographic": null, "2020": 58, "% OF TOTAL": null, "2024": 59, "2029": null}, "Employed in Other Industries": {"Demographic": null, "2020": 24, "% OF TOTAL": null, "2024": 24, "2029": null}, "Employed in Public Administration Industries": {"Demographic": null, "2020": 46, "% OF TOTAL": null, "2024": 47, "2029": null}, "Occupation: Management": {"Demographic": null, "2020": 146, "% OF TOTAL": null, "2024": 148, "2029": null}, "Occupation: Business and financial operations": {"Demographic": null, "2020": 107, "% OF TOTAL": null, "2024": 109, "2029": null}, "Occupation: Computer and mathematical": {"Demographic": null, "2020": 45, "% OF TOTAL": null, "2024": 46, "2029": null}, "Occupation: Architecture and engineering": {"Demographic": null, "2020": 54, "% OF TOTAL": null, "2024": 55, "2029": null}, "Occupation: Life, physical, and social science": {"Demographic": null, "2020": 71, "% OF TOTAL": null, "2024": 72, "2029": null}, "Occupation: Community and social service": {"Demographic": null, "2020": 0, "% OF TOTAL": null, "2024": 0, "2029": null}, "Occupation: Legal": {"Demographic": null, "2020": 0, "% OF TOTAL": null, "2024": 0, "2029": null}, "Occupation: Education, training, and library": {"Demographic": null, "2020": 123, "% OF TOTAL": null, "2024": 125, "2029": null}, "Occupation: Arts, design, entertainment, sports, and media": {"Demographic": null, "2020": 0, "% OF TOTAL": null, "2024": 0, "2029": null}, "Occupation: Health diagnosing and treating practitioners": {"Demographic": null, "2020": 25, "% OF TOTAL": null, "2024": 26, "2029": null}, "Occupation: Health technologists and technicians": {"Demographic": null, "2020": 0, "% OF TOTAL": null, "2024": 0, "2029": null}, "Occupation: Healthcare support": {"Demographic": null, "2020": 33, "% OF TOTAL": null, "2024": 34, "2029": null}, "Occupation: Fire fighting and prevention": {"Demographic": null, "2020": 0, "% OF TOTAL": null, "2024": 0, "2029": null}, "Occupation: Law enforcement workers": {"Demographic": null, "2020": 12, "% OF TOTAL": null, "2024": 12, "2029": null}, "Occupation: Food preparation and serving related": {"Demographic": null, "2020": 147, "% OF TOTAL": null, "2024": 149, "2029": null}, "Occupation: Building and grounds cleaning and maintenance": {"Demographic": null, "2020": 0, "% OF TOTAL": null, "2024": 0, "2029": null}, "Occupation: Personal care and service": {"Demographic": null, "2020": 24, "% OF TOTAL": null, "2024": 24, "2029": null}, "Occupation: Sales and related": {"Demographic": null, "2020": 101, "% OF TOTAL": null, "2024": 103, "2029": null}, "Occupation: Office and administrative support": {"Demographic": null, "2020": 132, "% OF TOTAL": null, "2024": 134, "2029": null}, "Occupation: Farming, fishing, and forestry": {"Demographic": null, "2020": 0, "% OF TOTAL": null, "2024": 0, "2029": null}, "Occupation: Construction and extraction": {"Demographic": null, "2020": 60, "% OF TOTAL": null, "2024": 61, "2029": null}, "Occupation: Installation, maintenance, and repair": {"Demographic": null, "2020": 0, "% OF TOTAL": null, "2024": 0, "2029": null}, "Occupation: Production": {"Demographic": null, "2020": 71, "% OF TOTAL": null, "2024": 72, "2029": null}, "Occupation: Transportation": {"Demographic": null, "2020": 13, "% OF TOTAL": null, "2024": 13, "2029": null}, "Occupation: Material moving": {"Demographic": null, "2020": 6, "% OF TOTAL": null, "2024": 6, "2029": null}, "White collar": {"Demographic": null, "2020": 804, "% OF TOTAL": null, "2024": 818, "2029": null}, "Blue collar": {"Demographic": null, "2020": 366, "% OF TOTAL": null, "2024": 371, "2029": null}, "Means of transportation: Car, truck or van": {"Demographic": null, "2020": 1148, "% OF TOTAL": null, "2024": 1166, "2029": null}, "Means of transportation: Public transportation": {"Demographic": null, "2020": 0, "% OF TOTAL": null, "2024": 0, "2029": null}, "Means of transportation: Other": {"Demographic": null, "2020": 0, "% OF TOTAL": null, "2024": 0, "2029": null}, "Travel time: Average (in minutes)": {"Demographic": null, "2020": 27, "% OF TOTAL": null, "2024": 27, "2029": null}, "Travel time to work: Less than 30 minutes": {"Demographic": null, "2020": 656, "% OF TOTAL": null, "2024": 667, "2029": null}, "Travel time to work: 30 to 60 minutes": {"Demographic": null, "2020": 492, "% OF TOTAL": null, "2024": 499, "2029": null}, "Travel time to work: 60 or more minutes": {"Demographic": null, "2020": 0, "% OF TOTAL": null, "2024": 0, "2029": null}}, "household_trends": {"Households": {"Demographic": null, "2020": 868, "% OF TOTAL": null, "2024": 880, "2029": 898}, "Households Growth": {"Demographic": null, "2020": null, "% OF TOTAL": null, "2024": 1.4, "2029": 2.0}, "Householder Age 15-24": {"Demographic": null, "2020": 8, "% OF TOTAL": 0.9, "2024": 8, "2029": 8}, "Householder Age 25-34": {"Demographic": null, "2020": 97, "% OF TOTAL": 10.5, "2024": 98, "2029": 94}, "Householder Age 35-44": {"Demographic": null, "2020": 178, "% OF TOTAL": 19.7, "2024": 181, "2029": 177}, "Householder Age 45-54": {"Demographic": null, "2020": 198, "% OF TOTAL": 22.4, "2024": 201, "2029": 201}, "Householder Age 55-64": {"Demographic": null, "2020": 161, "% OF TOTAL": 17.7, "2024": 163, "2029": 159}, "Householder Age 65-74": {"Demographic": null, "2020": 149, "% OF TOTAL": 17.9, "2024": 151, "2029": 161}, "Householder Age 75+": {"Demographic": null, "2020": 77, "% OF TOTAL": 10.9, "2024": 78, "2029": 98}, "Average Household Size": {"Demographic": null, "2020": 2.9, "% OF TOTAL": null, "2024": 2.9, "2029": 2.9}, "1 Person Households": {"Demographic": null, "2020": 129, "% OF TOTAL": 15.7, "2024": 134, "2029": 141}, "2 Person Households": {"Demographic": null, "2020": 274, "% OF TOTAL": 32.6, "2024": 282, "2029": 293}, "3 Person Households": {"Demographic": null, "2020": 174, "% OF TOTAL": 20.5, "2024": 178, "2029": 184}, "4 Person Households": {"Demographic": null, "2020": 182, "% OF TOTAL": 19.8, "2024": 180, "2029": 178}, "5 Person Households": {"Demographic": null, "2020": 63, "% OF TOTAL": 6.7, "2024": 62, "2029": 60}, "6 Person Households": {"Demographic": null, "2020": 26, "% OF TOTAL": 2.7, "2024": 25, "2029": 24}, "7+ Person Households": {"Demographic": null, "2020": 20, "% OF TOTAL": 2.0, "2024": 19, "2029": 18}, "Household Type: Family": {"Demographic": null, "2020": 722, "% OF TOTAL": null, "2024": 732, "2029": null}, "Household Type: Married Family": {"Demographic": null, "2020": 625, "% OF TOTAL": null, "2024": 634, "2029": null}, "Household Type: Married Family With Children": {"Demographic": null, "2020": 254, "% OF TOTAL": null, "2024": 258, "2029": null}, "Household Type: Married Family Without Children": {"Demographic": null, "2020": 371, "% OF TOTAL": null, "2024": 376, "2029": null}, "Household Type: Other Family": {"Demographic": null, "2020": 97, "% OF TOTAL": null, "2024": 98, "2029": null}, "Household Type: Male Households, No Wife": {"Demographic": null, "2020": 30, "% OF TOTAL": null, "2024": 30, "2029": null}, "Household Type: Male Households, No Wife With Children": {"Demographic": null, "2020": 15, "% OF TOTAL": null, "2024": 15, "2029": null}, "Household Type: Male Households, No Wife Without Children": {"Demographic": null, "2020": 15, "% OF TOTAL": null, "2024": 15, "2029": null}, "Household Type: Female Households, No Husband": {"Demographic": null, "2020": 67, "% OF TOTAL": null, "2024": 68, "2029": null}, "Household Type: Female Households, No Husband With Children": {"Demographic": null, "2020": 28, "% OF TOTAL": null, "2024": 28, "2029": null}, "Household Type: Female Households, No Husband Without Children": {"Demographic": null, "2020": 39, "% OF TOTAL": null, "2024": 40, "2029": null}, "Household Income: Average": {"Demographic": null, "2020": 150864, "% OF TOTAL": null, "2024": 175222, "2029": 208349}, "Household Income: Median": {"Demographic": null, "2020": 0, "% OF TOTAL": null, "2024": 134404, "2029": 172650}, "Household Income: Less than $25k": {"Demographic": null, "2020": 58, "% OF TOTAL": 2.7, "2024": 44, "2029": 24}, "Household Income: $25k - $50k": {"Demographic": null, "2020": 135, "% OF TOTAL": 12.7, "2024": 113, "2029": 114}, "Household Income: $50k - $75k": {"Demographic": null, "2020": 108, "% OF TOTAL": 5.2, "2024": 72, "2029": 47}, "Household Income: $75k - $100k": {"Demographic": null, "2020": 62, "% OF TOTAL": 6.1, "2024": 59, "2029": 55}, "Household Income: $100k - $125k": {"Demographic": null, "2020": 114, "% OF TOTAL": 7.9, "2024": 111, "2029": 71}, "Household Income: $125k - $150k": {"Demographic": null, "2020": 117, "% OF TOTAL": 9.5, "2024": 109, "2029": 85}, "Household Income: $150k - $200k": {"Demographic": null, "2020": 65, "% OF TOTAL": 13.0, "2024": 101, "2029": 117}, "Household Income: Above $200k": {"Demographic": null, "2020": 209, "% OF TOTAL": 42.9, "2024": 271, "2029": 385}, "Total Housing Units": {"Demographic": null, "2020": 909, "% OF TOTAL": null, "2024": null, "2029": null}, "Owner Occupied Housing Units": {"Demographic": null, "2020": 832, "% OF TOTAL": null, "2024": 844, "2029": null}, "Renter Occupied Housing Units": {"Demographic": null, "2020": 36, "% OF TOTAL": null, "2024": 36, "2029": null}, "Vacant Housing Units": {"Demographic": null, "2020": 41, "% OF TOTAL": null, "2024": null, "2029": null}, "Vacant Housing Units: Seasonal": {"Demographic": null, "2020": 4, "% OF TOTAL": null, "2024": null, "2029": null}, "Vacant Housing Units: Other Usage": {"Demographic": null, "2020": 37, "% OF TOTAL": null, "2024": null, "2029": null}, "Average Housing Unit Value": {"Demographic": null, "2020": 301487, "% OF TOTAL": null, "2024": 301437, "2029": null}, "Median Housing Unit Value": {"Demographic": null, "2020": 301064, "% OF TOTAL": null, "2024": 301049, "2029": null}, "Housing Unit Value Less Than $100k": {"Demographic": null, "2020": 33, "% OF TOTAL": null, "2024": 33, "2029": null}, "Housing Unit Value $100k-$200k": {"Demographic": null, "2020": 120, "% OF TOTAL": null, "2024": 122, "2029": null}, "Housing Unit Value $200k-$250k": {"Demographic": null, "2020": 109, "% OF TOTAL": null, "2024": 111, "2029": null}, "Housing Unit Value $250k-$300k": {"Demographic": null, "2020": 151, "% OF TOTAL": null, "2024": 153, "2029": null}, "Housing Unit Value $300k-$400k": {"Demographic": null, "2020": 282, "% OF TOTAL": null, "2024": 286, "2029": null}, "Housing Unit Value $400k-$500k": {"Demographic": null, "2020": 110, "% OF TOTAL": null, "2024": 112, "2029": null}, "Housing Unit Value $500k-$750k": {"Demographic": null, "2020": 27, "% OF TOTAL": null, "2024": 27, "2029": null}, "Housing Unit Value $750k-$1m": {"Demographic": null, "2020": 0, "% OF TOTAL": null, "2024": 0, "2029": null}, "Housing Unit Value $1m-$1.5m": {"Demographic": null, "2020": 0, "% OF TOTAL": null, "2024": 0, "2029": null}, "Housing Unit Value $1.5m-$2m": {"Demographic": null, "2020": 0, "% OF TOTAL": null, "2024": 0, "2029": null}, "Housing Unit Value Above $2m": {"Demographic": null, "2020": 0, "% OF TOTAL": null, "2024": 0, "2029": null}, "Median Housing Unit Year Built": {"Demographic": null, "2020": 2002, "% OF TOTAL": null, "2024": 2002, "2029": null}, "Housing Units Built 2014 Or After": {"Demographic": null, "2020": 19, "% OF TOTAL": null, "2024": 19, "2029": null}, "Housing Units Built 2010-2013": {"Demographic": null, "2020": 214, "% OF TOTAL": null, "2024": 217, "2029": null}, "Housing Units Built 2000-2009": {"Demographic": null, "2020": 255, "% OF TOTAL": null, "2024": 259, "2029": null}, "Housing Units Built 1990-1999": {"Demographic": null, "2020": 143, "% OF TOTAL": null, "2024": 145, "2029": null}, "Housing Units Built 1980-1989": {"Demographic": null, "2020": 25, "% OF TOTAL": null, "2024": 25, "2029": null}, "Housing Units Built 1970-1979": {"Demographic": null, "2020": 124, "% OF TOTAL": null, "2024": 126, "2029": null}, "Housing Units Built 1960-1969": {"Demographic": null, "2020": 65, "% OF TOTAL": null, "2024": 66, "2029": null}, "Housing Units Built 1950-1959": {"Demographic": null, "2020": 0, "% OF TOTAL": null, "2024": 0, "2029": null}, "Housing Units Built 1940-1949": {"Demographic": null, "2020": 4, "% OF TOTAL": null, "2024": 4, "2029": null}, "Housing Units Built Before 1940": {"Demographic": null, "2020": 19, "% OF TOTAL": null, "2024": 19, "2029": null}}, "consumer_segments": {"Simple Life Moderate Income With Children": {"households": 170, "pct": 39.4}, "Family Life Young Children": {"households": 96, "pct": 22.2}, "Active Adult Elite": {"households": 67, "pct": 15.5}, "Simple Life Moderate Income No Children": {"households": 31, "pct": 7.2}, "Simple Life Affluent No Children": {"households": 25, "pct": 5.8}, "Renters": {"households": 22, "pct": 5.1}, "Active Adult Feature and Location": {"households": 13, "pct": 3.0}, "Renters Near Term Buyers": {"households": 4, "pct": 0.9}, "Active Adult Entry Level": {"households": 4, "pct": 0.9}, "Elite": {"households": 0, "pct": 0.0}, "Family Life School Age Children": {"households": 0, "pct": 0.0}, "Feature and Location": {"households": 0, "pct": 0.0}, "Entry Level Urban": {"households": 0, "pct": 0.0}, "Entry Level Suburban": {"households": 0, "pct": 0.0}}, "income_age": {"2020": {}, "2024": {}, "2029": {}}, "population_2024": 2545, "population_2029": 2562, "households_2024": 880, "households_2029": 898, "median_household_income_2024": 134404, "median_household_income_2029": 172650, "mean_household_income_2024": null, "mean_household_income_2029": null, "median_age_2024": 39, "median_age_2029": 41, "median_home_value_2024": 301049, "average_household_size_2024": 2.9, "average_household_size_2029": 2.9, "population_growth_2024_2029": 0.3, "households_growth_2024_2029": 1.4}, "geometry": {"type": "Polygon", "coordinates": [[[-88.08888, 30.863915], [-88.089208, 30.892953], [-88.055536, 30.893232], [-88.055218, 30.864194], [-88.08888, 30.863915]]]}}, {"type": "Feature", "properties": {"block": "029", "block_num": 29, "CentroidLon": -88.10015748448839, "CentroidLat": 30.878086998463964, "submarket": "North Mobile", "data_status": "no data", "is_anomalous": false, "anomaly_reason": null, "files_present": ""}, "geometry": {"type": "Polygon", "coordinates": [[[-88.110262, 30.892774], [-88.089208, 30.892953], [-88.08888, 30.863915], [-88.112251, 30.863716], [-88.110262, 30.892774]]]}}, {"type": "Feature", "properties": {"block": "030", "block_num": 30, "CentroidLon": -87.9118794727559, "CentroidLat": 30.85196900496449, "submarket": "North Mobile", "data_status": "no data", "is_anomalous": false, "anomaly_reason": null, "files_present": ""}, "geometry": {"type": "Polygon", "coordinates": [[[-87.90249, 30.858582], [-87.907091, 30.836275], [-87.920288, 30.836182], [-87.920566, 30.865221], [-87.897575, 30.865383], [-87.90249, 30.858582]]]}}, {"type": "Feature", "properties": {"block": "031", "block_num": 31, "CentroidLon": -87.93725634936675, "CentroidLat": 30.850580392148903, "submarket": "North Mobile", "data_status": "no data", "is_anomalous": false, "anomaly_reason": null, "files_present": ""}, "geometry": {"type": "Polygon", "coordinates": [[[-87.953942, 30.835938], [-87.954229, 30.864978], [-87.920566, 30.865221], [-87.920288, 30.836182], [-87.953942, 30.835938]]]}}, {"type": "Feature", "properties": {"block": "032", "block_num": 32, "CentroidLon": -87.97091466025788, "CentroidLat": 30.850332539008736, "submarket": "North Mobile", "data_status": "no data", "is_anomalous": false, "anomaly_reason": null, "files_present": ""}, "geometry": {"type": "Polygon", "coordinates": [[[-87.987595, 30.835686], [-87.987893, 30.864725], [-87.954229, 30.864978], [-87.953942, 30.835938], [-87.987595, 30.835686]]]}}, {"type": "Feature", "properties": {"block": "033", "block_num": 33, "CentroidLon": -88.00457276699038, "CentroidLat": 30.850075648206268, "submarket": "North Mobile", "data_status": "no data", "is_anomalous": false, "anomaly_reason": null, "files_present": ""}, "geometry": {"type": "Polygon", "coordinates": [[[-88.021248, 30.835425], [-88.021555, 30.864464], [-87.987893, 30.864725], [-87.987595, 30.835686], [-88.021248, 30.835425]]]}}, {"type": "Feature", "properties": {"block": "034", "block_num": 34, "CentroidLon": -88.03823026650228, "CentroidLat": 30.849810290549367, "submarket": "North Mobile", "data_status": "usable", "is_anomalous": false, "anomaly_reason": null, "files_present": "DemographicSnapshot-26.08.06.csv;PopulationTrends-26.08.06.csv;HouseholdTrends-26.08.06.csv;HouseholdIncomeByAge-26.08.06.csv;ConsumerSegmentation-26.08.06.csv", "demographic_snapshot": {"Total Population": {"Demographic": null, "2020": 3591, "% OF TOTAL": null, "2024": 3529, "2029": 3411}, "Households": {"Demographic": null, "2020": 1387, "% OF TOTAL": null, "2024": 1382, "2029": 1358}, "Population in Group Quarters": {"Demographic": null, "2020": 0, "% OF TOTAL": null, "2024": 0, "2029": 0}, "Households Growth": {"Demographic": null, "2020": null, "% OF TOTAL": null, "2024": -0.4, "2029": -1.7}, "Household Income: Median": {"Demographic": null, "2020": 0, "% OF TOTAL": null, "2024": 46632, "2029": 47443}, "Home Value: Median": {"Demographic": null, "2020": 151194, "% OF TOTAL": null, "2024": 151136, "2029": null}, "Population Growth": {"Demographic": null, "2020": null, "% OF TOTAL": null, "2024": -1.7, "2029": -3.3}, "Total Population: Under 19 years": {"Demographic": null, "2020": 904, "% OF TOTAL": 23.2, "2024": 884, "2029": 790}, "Total Population: 20 - 64 years": {"Demographic": null, "2020": 1939, "% OF TOTAL": 52.3, "2024": 1864, "2029": 1784}, "Total Population: 65 years and over": {"Demographic": null, "2020": 748, "% OF TOTAL": 24.5, "2024": 781, "2029": 837}, "Total population: Median age": {"Demographic": null, "2020": 40, "% OF TOTAL": null, "2024": 40, "2029": 42}, "Total population: Under 5 years": {"Demographic": null, "2020": 188, "% OF TOTAL": 5.0, "2024": 180, "2029": 169}, "Total population: 5 - 9 years": {"Demographic": null, "2020": 202, "% OF TOTAL": 5.3, "2024": 203, "2029": 181}, "Total population: 10 - 14 years": {"Demographic": null, "2020": 261, "% OF TOTAL": 6.2, "2024": 245, "2029": 210}, "Total population: 15 - 19 years": {"Demographic": null, "2020": 253, "% OF TOTAL": 6.7, "2024": 256, "2029": 230}, "Total population: 20 - 24 years": {"Demographic": null, "2020": 202, "% OF TOTAL": 6.0, "2024": 196, "2029": 206}, "Total population: 25 - 29 years": {"Demographic": null, "2020": 199, "% OF TOTAL": 5.4, "2024": 187, "2029": 183}, "Total population: 30 - 34 years": {"Demographic": null, "2020": 194, "% OF TOTAL": 5.2, "2024": 189, "2029": 176}, "Total population: 35 - 39 years": {"Demographic": null, "2020": 199, "% OF TOTAL": 5.7, "2024": 199, "2029": 195}, "Total population: 40 - 44 years": {"Demographic": null, "2020": 218, "% OF TOTAL": 6.2, "2024": 223, "2029": 210}, "Total population: 45 - 49 years": {"Demographic": null, "2020": 230, "% OF TOTAL": 6.5, "2024": 215, "2029": 223}, "Total population: 50 - 54 years": {"Demographic": null, "2020": 197, "% OF TOTAL": 5.4, "2024": 188, "2029": 183}, "Total population: 55 - 59 years": {"Demographic": null, "2020": 256, "% OF TOTAL": 5.8, "2024": 227, "2029": 198}, "Total population: 60 - 64 years": {"Demographic": null, "2020": 244, "% OF TOTAL": 6.2, "2024": 240, "2029": 210}, "Total population: 65 - 69 years": {"Demographic": null, "2020": 276, "% OF TOTAL": 7.7, "2024": 283, "2029": 261}, "Total population: 70 - 74 years": {"Demographic": null, "2020": 200, "% OF TOTAL": 6.6, "2024": 201, "2029": 226}, "Total population: 75 - 79 years": {"Demographic": null, "2020": 122, "% OF TOTAL": 4.6, "2024": 139, "2029": 158}, "Total population: 80 - 84 years": {"Demographic": null, "2020": 83, "% OF TOTAL": 3.3, "2024": 91, "2029": 112}, "Total population: 85 years and over": {"Demographic": null, "2020": 67, "% OF TOTAL": 2.3, "2024": 67, "2029": 80}, "Householders Age 15-24": {"Demographic": null, "2020": 36, "% OF TOTAL": 2.7, "2024": 37, "2029": 37}, "Householders Age 25-34": {"Demographic": null, "2020": 143, "% OF TOTAL": 9.9, "2024": 142, "2029": 135}, "Householders Age 35-44": {"Demographic": null, "2020": 210, "% OF TOTAL": 14.6, "2024": 209, "2029": 198}, "Householders Age 45-54": {"Demographic": null, "2020": 236, "% OF TOTAL": 17.3, "2024": 235, "2029": 235}, "Householders Age 55-64": {"Demographic": null, "2020": 269, "% OF TOTAL": 17.0, "2024": 267, "2029": 231}, "Householders Age 65-74": {"Demographic": null, "2020": 301, "% OF TOTAL": 22.0, "2024": 300, "2029": 299}, "Householders Age 75+": {"Demographic": null, "2020": 192, "% OF TOTAL": 16.4, "2024": 192, "2029": 223}, "Household income: Average": {"Demographic": null, "2020": 102107, "% OF TOTAL": null, "2024": 106356, "2029": 118897}, "Household income: Less than 25k": {"Demographic": null, "2020": 168, "% OF TOTAL": 7.9, "2024": 158, "2029": 107}, "Household income: 25k - 50k": {"Demographic": null, "2020": 327, "% OF TOTAL": 27.9, "2024": 355, "2029": 379}, "Household income: 50k - 75k": {"Demographic": null, "2020": 196, "% OF TOTAL": 12.1, "2024": 158, "2029": 164}, "Household income: 75k - 100k": {"Demographic": null, "2020": 182, "% OF TOTAL": 10.8, "2024": 176, "2029": 147}, "Household income: 100k - 125k": {"Demographic": null, "2020": 193, "% OF TOTAL": 12.4, "2024": 186, "2029": 169}, "Household income: 125k - 150k": {"Demographic": null, "2020": 118, "% OF TOTAL": 9.4, "2024": 137, "2029": 128}, "Household income: 150k - 200k": {"Demographic": null, "2020": 68, "% OF TOTAL": 4.5, "2024": 66, "2029": 61}, "Household income: Above 200k": {"Demographic": null, "2020": 135, "% OF TOTAL": 14.9, "2024": 146, "2029": 203}, "White Alone": {"Demographic": null, "2020": 2734, "% OF TOTAL": 74.1, "2024": 2634, "2029": 2526}, "Black or African American Alone": {"Demographic": null, "2020": 613, "% OF TOTAL": 18.5, "2024": 633, "2029": 631}, "American Indian and Alaska Native Alone": {"Demographic": null, "2020": 56, "% OF TOTAL": 1.7, "2024": 59, "2029": 58}, "Asian Alone": {"Demographic": null, "2020": 6, "% OF TOTAL": 0.2, "2024": 6, "2029": 6}, "Native Hawaiian and OPI Alone": {"Demographic": null, "2020": 1, "% OF TOTAL": 0.0, "2024": 1, "2029": 1}, "Some Other Race Alone": {"Demographic": null, "2020": 16, "% OF TOTAL": 0.5, "2024": 17, "2029": 17}, "Two or More Races Alone": {"Demographic": null, "2020": 165, "% OF TOTAL": 5.0, "2024": 179, "2029": 172}, "Not Hispanic or Latino": {"Demographic": null, "2020": 3546, "% OF TOTAL": 98.7, "2024": 3482, "2029": 3366}, "Hispanic or Latino": {"Demographic": null, "2020": 45, "% OF TOTAL": 1.3, "2024": 47, "2029": 45}, "Total Housing Units": {"Demographic": null, "2020": 1514, "% OF TOTAL": null, "2024": null, "2029": null}, "Owner Occupied Housing Units": {"Demographic": null, "2020": 1126, "% OF TOTAL": null, "2024": 1116, "2029": null}, "Renter Occupied Housing Units": {"Demographic": null, "2020": 261, "% OF TOTAL": null, "2024": 266, "2029": null}, "Housing Units Value Less Than 100k": {"Demographic": null, "2020": 172, "% OF TOTAL": null, "2024": 181, "2029": null}, "Housing Units Value 100k - 200k": {"Demographic": null, "2020": 570, "% OF TOTAL": null, "2024": 569, "2029": null}, "Housing Units Value 200k - 250k": {"Demographic": null, "2020": 226, "% OF TOTAL": null, "2024": 215, "2029": null}, "Housing Units Value 250k - 300k": {"Demographic": null, "2020": 19, "% OF TOTAL": null, "2024": 18, "2029": null}, "Housing Units Value 300k - 400k": {"Demographic": null, "2020": 91, "% OF TOTAL": null, "2024": 88, "2029": null}, "Housing Units Value 400k - 500k": {"Demographic": null, "2020": 22, "% OF TOTAL": null, "2024": 21, "2029": null}, "Housing Units Value 500k - 750k": {"Demographic": null, "2020": 26, "% OF TOTAL": null, "2024": 24, "2029": null}, "Housing Units Value 750k - 1m": {"Demographic": null, "2020": 0, "% OF TOTAL": null, "2024": 0, "2029": null}, "Housing Units Value 1m - 1.5m": {"Demographic": null, "2020": 0, "% OF TOTAL": null, "2024": 0, "2029": null}, "Housing Units Value 1.5m - 2m": {"Demographic": null, "2020": 0, "% OF TOTAL": null, "2024": 0, "2029": null}, "Housing Units Value >2m": {"Demographic": null, "2020": 0, "% OF TOTAL": null, "2024": 0, "2029": null}, "Take Car or Truck to Work": {"Demographic": null, "2020": 1483, "% OF TOTAL": null, "2024": 1440, "2029": null}, "Take Public Transportation to Work": {"Demographic": null, "2020": 0, "% OF TOTAL": null, "2024": 0, "2029": null}, "Take Other Means of Transportation to Work": {"Demographic": null, "2020": 53, "% OF TOTAL": null, "2024": 52, "2029": null}, "Average Travel Time (min)": {"Demographic": null, "2020": 30, "% OF TOTAL": null, "2024": 30, "2029": null}, "Travel Below 30 Min to Work": {"Demographic": null, "2020": 847, "% OF TOTAL": null, "2024": 822, "2029": null}, "Travel 30-60 Min to Work": {"Demographic": null, "2020": 590, "% OF TOTAL": null, "2024": 565, "2029": null}, "Travel Above 60 Min to Work": {"Demographic": null, "2020": 158, "% OF TOTAL": null, "2024": 105, "2029": null}, "Educational Attainment: No High School Diploma": {"Demographic": null, "2020": 1118, "% OF TOTAL": null, "2024": 1099, "2029": null}, "Educational Attainment: High School Diploma": {"Demographic": null, "2020": 994, "% OF TOTAL": null, "2024": 970, "2029": null}, "Educational Attainment: Some College": {"Demographic": null, "2020": 1169, "% OF TOTAL": null, "2024": 1161, "2029": null}, "Educational Attainment: Associate's Degree": {"Demographic": null, "2020": 306, "% OF TOTAL": null, "2024": 308, "2029": null}, "Educational Attainment: Bachelors Degree": {"Demographic": null, "2020": 445, "% OF TOTAL": null, "2024": 433, "2029": null}, "Educational Attainment: Advanced Degree": {"Demographic": null, "2020": 198, "% OF TOTAL": null, "2024": 189, "2029": null}, "Households: Number of vehicles available - Average": {"Demographic": null, "2020": 2, "% OF TOTAL": null, "2024": 2, "2029": null}, "Households: No Vehicle available": {"Demographic": null, "2020": 17, "% OF TOTAL": null, "2024": 18, "2029": null}, "Households: 1 Vehicle available": {"Demographic": null, "2020": 257, "% OF TOTAL": null, "2024": 264, "2029": null}, "Households: 2 Vehicles available": {"Demographic": null, "2020": 758, "% OF TOTAL": null, "2024": 744, "2029": null}, "Households: 3 Vehicles available": {"Demographic": null, "2020": 334, "% OF TOTAL": null, "2024": 336, "2029": null}, "Households: 4 or more Vehicles available": {"Demographic": null, "2020": 21, "% OF TOTAL": null, "2024": 20, "2029": null}}, "population_trends": {"Total Population": {"Demographic": null, "2020": 3591, "% OF TOTAL": null, "2024": 3529, "2029": 3411}, "Population Growth": {"Demographic": null, "2020": null, "% OF TOTAL": null, "2024": -1.7, "2029": -3.3}, "Female Population": {"Demographic": null, "2020": 1871, "% OF TOTAL": 52.3, "2024": 1843, "2029": 1783}, "Male Population": {"Demographic": null, "2020": 1720, "% OF TOTAL": 47.7, "2024": 1686, "2029": 1628}, "Total population: Median Age": {"Demographic": null, "2020": 40, "% OF TOTAL": null, "2024": 40, "2029": 42}, "Total population: Under 5 years": {"Demographic": null, "2020": 188, "% OF TOTAL": 5.0, "2024": 180, "2029": 169}, "Total population: 5 - 9 years": {"Demographic": null, "2020": 202, "% OF TOTAL": 5.3, "2024": 203, "2029": 181}, "Total population: 10 - 14 years": {"Demographic": null, "2020": 261, "% OF TOTAL": 6.2, "2024": 245, "2029": 210}, "Total population: 15 - 19 years": {"Demographic": null, "2020": 253, "% OF TOTAL": 6.7, "2024": 256, "2029": 230}, "Total population: 20 - 24 years": {"Demographic": null, "2020": 202, "% OF TOTAL": 6.0, "2024": 196, "2029": 206}, "Total population: 25 - 29 years": {"Demographic": null, "2020": 199, "% OF TOTAL": 5.4, "2024": 187, "2029": 183}, "Total population: 30 - 34 years": {"Demographic": null, "2020": 194, "% OF TOTAL": 5.2, "2024": 189, "2029": 176}, "Total population: 35 - 39 years": {"Demographic": null, "2020": 199, "% OF TOTAL": 5.7, "2024": 199, "2029": 195}, "Total population: 40 - 44 years": {"Demographic": null, "2020": 218, "% OF TOTAL": 6.2, "2024": 223, "2029": 210}, "Total population: 45 - 49 years": {"Demographic": null, "2020": 230, "% OF TOTAL": 6.5, "2024": 215, "2029": 223}, "Total population: 50 - 54 years": {"Demographic": null, "2020": 197, "% OF TOTAL": 5.4, "2024": 188, "2029": 183}, "Total population: 55 - 59 years": {"Demographic": null, "2020": 256, "% OF TOTAL": 5.8, "2024": 227, "2029": 198}, "Total population: 60 - 64 years": {"Demographic": null, "2020": 244, "% OF TOTAL": 6.2, "2024": 240, "2029": 210}, "Total population: 65 - 69 years": {"Demographic": null, "2020": 276, "% OF TOTAL": 7.7, "2024": 283, "2029": 261}, "Total population: 70 - 74 years": {"Demographic": null, "2020": 200, "% OF TOTAL": 6.6, "2024": 201, "2029": 226}, "Total population: 75 - 79 years": {"Demographic": null, "2020": 122, "% OF TOTAL": 4.6, "2024": 139, "2029": 158}, "Total population: 80 - 84 years": {"Demographic": null, "2020": 83, "% OF TOTAL": 3.3, "2024": 91, "2029": 112}, "Total population: 85 years and over": {"Demographic": null, "2020": 67, "% OF TOTAL": 2.3, "2024": 67, "2029": 80}, "Female population: Median Age": {"Demographic": null, "2020": 41, "% OF TOTAL": null, "2024": 42, "2029": 43}, "Female population: Under 5 years": {"Demographic": null, "2020": 95, "% OF TOTAL": 4.8, "2024": 90, "2029": 85}, "Female population: 5 - 9 years": {"Demographic": null, "2020": 96, "% OF TOTAL": 4.9, "2024": 95, "2029": 88}, "Female population: 10 - 14 years": {"Demographic": null, "2020": 148, "% OF TOTAL": 6.3, "2024": 138, "2029": 113}, "Female population: 15 - 19 years": {"Demographic": null, "2020": 131, "% OF TOTAL": 6.8, "2024": 132, "2029": 122}, "Female population: 20 - 24 years": {"Demographic": null, "2020": 93, "% OF TOTAL": 5.6, "2024": 90, "2029": 100}, "Female population: 25 - 29 years": {"Demographic": null, "2020": 92, "% OF TOTAL": 4.7, "2024": 86, "2029": 84}, "Female population: 30 - 34 years": {"Demographic": null, "2020": 110, "% OF TOTAL": 5.4, "2024": 108, "2029": 96}, "Female population: 35 - 39 years": {"Demographic": null, "2020": 93, "% OF TOTAL": 5.5, "2024": 94, "2029": 98}, "Female population: 40 - 44 years": {"Demographic": null, "2020": 109, "% OF TOTAL": 5.9, "2024": 114, "2029": 105}, "Female population: 45 - 49 years": {"Demographic": null, "2020": 122, "% OF TOTAL": 6.4, "2024": 114, "2029": 115}, "Female population: 50 - 54 years": {"Demographic": null, "2020": 103, "% OF TOTAL": 5.4, "2024": 98, "2029": 96}, "Female population: 55 - 59 years": {"Demographic": null, "2020": 129, "% OF TOTAL": 5.7, "2024": 114, "2029": 101}, "Female population: 60 - 64 years": {"Demographic": null, "2020": 132, "% OF TOTAL": 6.3, "2024": 132, "2029": 113}, "Female population: 65 - 69 years": {"Demographic": null, "2020": 150, "% OF TOTAL": 8.0, "2024": 156, "2029": 143}, "Female population: 70 - 74 years": {"Demographic": null, "2020": 102, "% OF TOTAL": 6.7, "2024": 102, "2029": 119}, "Female population: 75 - 79 years": {"Demographic": null, "2020": 73, "% OF TOTAL": 5.0, "2024": 83, "2029": 90}, "Female population: 80 - 84 years": {"Demographic": null, "2020": 45, "% OF TOTAL": 3.6, "2024": 50, "2029": 64}, "Female population: 85 years and over": {"Demographic": null, "2020": 48, "% OF TOTAL": 2.9, "2024": 47, "2029": 51}, "Male population: Median Age": {"Demographic": null, "2020": 39, "% OF TOTAL": null, "2024": 39, "2029": 40}, "Male population: Under 5 years": {"Demographic": null, "2020": 93, "% OF TOTAL": 5.2, "2024": 90, "2029": 84}, "Male population: 5 - 9 years": {"Demographic": null, "2020": 106, "% OF TOTAL": 5.7, "2024": 108, "2029": 93}, "Male population: 10 - 14 years": {"Demographic": null, "2020": 113, "% OF TOTAL": 6.0, "2024": 107, "2029": 97}, "Male population: 15 - 19 years": {"Demographic": null, "2020": 122, "% OF TOTAL": 6.6, "2024": 124, "2029": 108}, "Male population: 20 - 24 years": {"Demographic": null, "2020": 109, "% OF TOTAL": 6.5, "2024": 106, "2029": 106}, "Male population: 25 - 29 years": {"Demographic": null, "2020": 107, "% OF TOTAL": 6.1, "2024": 101, "2029": 99}, "Male population: 30 - 34 years": {"Demographic": null, "2020": 84, "% OF TOTAL": 4.9, "2024": 81, "2029": 80}, "Male population: 35 - 39 years": {"Demographic": null, "2020": 106, "% OF TOTAL": 6.0, "2024": 105, "2029": 97}, "Male population: 40 - 44 years": {"Demographic": null, "2020": 109, "% OF TOTAL": 6.4, "2024": 109, "2029": 105}, "Male population: 45 - 49 years": {"Demographic": null, "2020": 108, "% OF TOTAL": 6.6, "2024": 101, "2029": 108}, "Male population: 50 - 54 years": {"Demographic": null, "2020": 94, "% OF TOTAL": 5.3, "2024": 90, "2029": 87}, "Male population: 55 - 59 years": {"Demographic": null, "2020": 127, "% OF TOTAL": 6.0, "2024": 113, "2029": 97}, "Male population: 60 - 64 years": {"Demographic": null, "2020": 112, "% OF TOTAL": 6.0, "2024": 108, "2029": 97}, "Male population: 65 - 69 years": {"Demographic": null, "2020": 126, "% OF TOTAL": 7.2, "2024": 127, "2029": 118}, "Male population: 70 - 74 years": {"Demographic": null, "2020": 98, "% OF TOTAL": 6.6, "2024": 99, "2029": 107}, "Male population: 75 - 79 years": {"Demographic": null, "2020": 49, "% OF TOTAL": 4.2, "2024": 56, "2029": 68}, "Male population: 80 - 84 years": {"Demographic": null, "2020": 38, "% OF TOTAL": 2.9, "2024": 41, "2029": 48}, "Male population: 85 years and over": {"Demographic": null, "2020": 19, "% OF TOTAL": 1.8, "2024": 20, "2029": 29}, "White alone": {"Demographic": null, "2020": 2734, "% OF TOTAL": 74.1, "2024": 2634, "2029": 2526}, "Black alone": {"Demographic": null, "2020": 613, "% OF TOTAL": 18.5, "2024": 633, "2029": 631}, "American Indian and Alaska Native alone": {"Demographic": null, "2020": 56, "% OF TOTAL": 1.7, "2024": 59, "2029": 58}, "Asian alone": {"Demographic": null, "2020": 6, "% OF TOTAL": 0.2, "2024": 6, "2029": 6}, "Native Hawaiian and OPI alone": {"Demographic": null, "2020": 1, "% OF TOTAL": 0.0, "2024": 1, "2029": 1}, "Some other race alone": {"Demographic": null, "2020": 16, "% OF TOTAL": 0.5, "2024": 17, "2029": 17}, "Two or more races alone": {"Demographic": null, "2020": 165, "% OF TOTAL": 5.0, "2024": 179, "2029": 172}, "Not Hispanic: White alone": {"Demographic": null, "2020": 2721, "% OF TOTAL": 73.7, "2024": 2620, "2029": 2513}, "Not Hispanic: Black or African American alone": {"Demographic": null, "2020": 610, "% OF TOTAL": 18.4, "2024": 630, "2029": 628}, "Not Hispanic: American Indian and Alaska Native alone": {"Demographic": null, "2020": 53, "% OF TOTAL": 1.6, "2024": 56, "2029": 55}, "Not Hispanic: Asian alone": {"Demographic": null, "2020": 6, "% OF TOTAL": 0.2, "2024": 6, "2029": 6}, "Not Hispanic: Native Hawaiian and OPI alone": {"Demographic": null, "2020": 1, "% OF TOTAL": 0.0, "2024": 1, "2029": 1}, "Not Hispanic: Some Other Race alone": {"Demographic": null, "2020": 10, "% OF TOTAL": 0.3, "2024": 11, "2029": 11}, "Not Hispanic: Two or More Races": {"Demographic": null, "2020": 145, "% OF TOTAL": 4.5, "2024": 158, "2029": 152}, "Hispanic: White alone": {"Demographic": null, "2020": 13, "% OF TOTAL": 0.4, "2024": 14, "2029": 13}, "Hispanic: Black or African American alone": {"Demographic": null, "2020": 3, "% OF TOTAL": 0.1, "2024": 3, "2029": 3}, "Hispanic: American Indian and Alaska Native alone": {"Demographic": null, "2020": 3, "% OF TOTAL": 0.1, "2024": 3, "2029": 3}, "Hispanic: Asian alone": {"Demographic": null, "2020": 0, "% OF TOTAL": 0.0, "2024": 0, "2029": 0}, "Hispanic: Native Hawaiian and OPI alone": {"Demographic": null, "2020": 0, "% OF TOTAL": 0.0, "2024": 0, "2029": 0}, "Hispanic: Some Other Race alone": {"Demographic": null, "2020": 6, "% OF TOTAL": 0.2, "2024": 6, "2029": 6}, "Hispanic: Two or More Races": {"Demographic": null, "2020": 20, "% OF TOTAL": 0.6, "2024": 21, "2029": 20}, "Educational Attainment: No High School Diploma": {"Demographic": null, "2020": 124, "% OF TOTAL": null, "2024": 129, "2029": null}, "Educational Attainment: High School Diploma": {"Demographic": null, "2020": 994, "% OF TOTAL": null, "2024": 970, "2029": null}, "Educational Attainment: Some College": {"Demographic": null, "2020": 418, "% OF TOTAL": null, "2024": 420, "2029": null}, "Educational Attainment: Associates Degree": {"Demographic": null, "2020": 306, "% OF TOTAL": null, "2024": 308, "2029": null}, "Educational Attainment: Bachelors Degree": {"Demographic": null, "2020": 445, "% OF TOTAL": null, "2024": 433, "2029": null}, "Educational Attainment: Advanced Degree": {"Demographic": null, "2020": 198, "% OF TOTAL": null, "2024": 189, "2029": null}, "Employment Status: Armed Forces": {"Demographic": null, "2020": 0, "% OF TOTAL": null, "2024": 0, "2029": null}, "Employment Status: Civilian labor force employed": {"Demographic": null, "2020": 1688, "% OF TOTAL": null, "2024": 1631, "2029": null}, "Employment Status: Civilian labor force unemployed": {"Demographic": null, "2020": 203, "% OF TOTAL": null, "2024": 210, "2029": null}, "Employment Status: Not in labor force": {"Demographic": null, "2020": 999, "% OF TOTAL": null, "2024": 1001, "2029": null}, "Employed in Agriculture and Mining Industries": {"Demographic": null, "2020": 14, "% OF TOTAL": null, "2024": 15, "2029": null}, "Employed in Construction Industries": {"Demographic": null, "2020": 57, "% OF TOTAL": null, "2024": 54, "2029": null}, "Employed in Manufacturing Industries": {"Demographic": null, "2020": 225, "% OF TOTAL": null, "2024": 211, "2029": null}, "Employed in Wholesale Industries": {"Demographic": null, "2020": 22, "% OF TOTAL": null, "2024": 20, "2029": null}, "Employed in Retail Industries": {"Demographic": null, "2020": 120, "% OF TOTAL": null, "2024": 117, "2029": null}, "Employed in Transportation and Utilities Industries": {"Demographic": null, "2020": 271, "% OF TOTAL": null, "2024": 255, "2029": null}, "Employed in Information Industries": {"Demographic": null, "2020": 141, "% OF TOTAL": null, "2024": 144, "2029": null}, "Employed in Real-Estate Industries": {"Demographic": null, "2020": 92, "% OF TOTAL": null, "2024": 89, "2029": null}, "Employed in Professional Industries": {"Demographic": null, "2020": 93, "% OF TOTAL": null, "2024": 92, "2029": null}, "Employed in Health and Education Industries": {"Demographic": null, "2020": 383, "% OF TOTAL": null, "2024": 363, "2029": null}, "Employed in Art Industries": {"Demographic": null, "2020": 141, "% OF TOTAL": null, "2024": 149, "2029": null}, "Employed in Other Industries": {"Demographic": null, "2020": 68, "% OF TOTAL": null, "2024": 64, "2029": null}, "Employed in Public Administration Industries": {"Demographic": null, "2020": 61, "% OF TOTAL": null, "2024": 58, "2029": null}, "Occupation: Management": {"Demographic": null, "2020": 387, "% OF TOTAL": null, "2024": 378, "2029": null}, "Occupation: Business and financial operations": {"Demographic": null, "2020": 0, "% OF TOTAL": null, "2024": 0, "2029": null}, "Occupation: Computer and mathematical": {"Demographic": null, "2020": 35, "% OF TOTAL": null, "2024": 32, "2029": null}, "Occupation: Architecture and engineering": {"Demographic": null, "2020": 22, "% OF TOTAL": null, "2024": 23, "2029": null}, "Occupation: Life, physical, and social science": {"Demographic": null, "2020": 14, "% OF TOTAL": null, "2024": 15, "2029": null}, "Occupation: Community and social service": {"Demographic": null, "2020": 20, "% OF TOTAL": null, "2024": 19, "2029": null}, "Occupation: Legal": {"Demographic": null, "2020": 60, "% OF TOTAL": null, "2024": 62, "2029": null}, "Occupation: Education, training, and library": {"Demographic": null, "2020": 67, "% OF TOTAL": null, "2024": 64, "2029": null}, "Occupation: Arts, design, entertainment, sports, and media": {"Demographic": null, "2020": 0, "% OF TOTAL": null, "2024": 0, "2029": null}, "Occupation: Health diagnosing and treating practitioners": {"Demographic": null, "2020": 190, "% OF TOTAL": null, "2024": 173, "2029": null}, "Occupation: Health technologists and technicians": {"Demographic": null, "2020": 0, "% OF TOTAL": null, "2024": 0, "2029": null}, "Occupation: Healthcare support": {"Demographic": null, "2020": 23, "% OF TOTAL": null, "2024": 24, "2029": null}, "Occupation: Fire fighting and prevention": {"Demographic": null, "2020": 0, "% OF TOTAL": null, "2024": 0, "2029": null}, "Occupation: Law enforcement workers": {"Demographic": null, "2020": 16, "% OF TOTAL": null, "2024": 17, "2029": null}, "Occupation: Food preparation and serving related": {"Demographic": null, "2020": 0, "% OF TOTAL": null, "2024": 0, "2029": null}, "Occupation: Building and grounds cleaning and maintenance": {"Demographic": null, "2020": 57, "% OF TOTAL": null, "2024": 57, "2029": null}, "Occupation: Personal care and service": {"Demographic": null, "2020": 28, "% OF TOTAL": null, "2024": 25, "2029": null}, "Occupation: Sales and related": {"Demographic": null, "2020": 161, "% OF TOTAL": null, "2024": 154, "2029": null}, "Occupation: Office and administrative support": {"Demographic": null, "2020": 205, "% OF TOTAL": null, "2024": 190, "2029": null}, "Occupation: Farming, fishing, and forestry": {"Demographic": null, "2020": 0, "% OF TOTAL": null, "2024": 0, "2029": null}, "Occupation: Construction and extraction": {"Demographic": null, "2020": 41, "% OF TOTAL": null, "2024": 40, "2029": null}, "Occupation: Installation, maintenance, and repair": {"Demographic": null, "2020": 106, "% OF TOTAL": null, "2024": 112, "2029": null}, "Occupation: Production": {"Demographic": null, "2020": 161, "% OF TOTAL": null, "2024": 149, "2029": null}, "Occupation: Transportation": {"Demographic": null, "2020": 47, "% OF TOTAL": null, "2024": 50, "2029": null}, "Occupation: Material moving": {"Demographic": null, "2020": 48, "% OF TOTAL": null, "2024": 47, "2029": null}, "White collar": {"Demographic": null, "2020": 1161, "% OF TOTAL": null, "2024": 1110, "2029": null}, "Blue collar": {"Demographic": null, "2020": 527, "% OF TOTAL": null, "2024": 521, "2029": null}, "Means of transportation: Car, truck or van": {"Demographic": null, "2020": 1483, "% OF TOTAL": null, "2024": 1440, "2029": null}, "Means of transportation: Public transportation": {"Demographic": null, "2020": 0, "% OF TOTAL": null, "2024": 0, "2029": null}, "Means of transportation: Other": {"Demographic": null, "2020": 53, "% OF TOTAL": null, "2024": 52, "2029": null}, "Travel time: Average (in minutes)": {"Demographic": null, "2020": 29, "% OF TOTAL": null, "2024": 29, "2029": null}, "Travel time to work: Less than 30 minutes": {"Demographic": null, "2020": 847, "% OF TOTAL": null, "2024": 822, "2029": null}, "Travel time to work: 30 to 60 minutes": {"Demographic": null, "2020": 590, "% OF TOTAL": null, "2024": 565, "2029": null}, "Travel time to work: 60 or more minutes": {"Demographic": null, "2020": 99, "% OF TOTAL": null, "2024": 105, "2029": null}}, "household_trends": {"Households": {"Demographic": null, "2020": 1387, "% OF TOTAL": null, "2024": 1382, "2029": 1358}, "Households Growth": {"Demographic": null, "2020": null, "% OF TOTAL": null, "2024": -0.4, "2029": -1.7}, "Householder Age 15-24": {"Demographic": null, "2020": 36, "% OF TOTAL": 2.7, "2024": 37, "2029": 37}, "Householder Age 25-34": {"Demographic": null, "2020": 143, "% OF TOTAL": 9.9, "2024": 142, "2029": 135}, "Householder Age 35-44": {"Demographic": null, "2020": 210, "% OF TOTAL": 14.6, "2024": 209, "2029": 198}, "Householder Age 45-54": {"Demographic": null, "2020": 236, "% OF TOTAL": 17.3, "2024": 235, "2029": 235}, "Householder Age 55-64": {"Demographic": null, "2020": 269, "% OF TOTAL": 17.0, "2024": 267, "2029": 231}, "Householder Age 65-74": {"Demographic": null, "2020": 301, "% OF TOTAL": 22.0, "2024": 300, "2029": 299}, "Householder Age 75+": {"Demographic": null, "2020": 192, "% OF TOTAL": 16.4, "2024": 192, "2029": 223}, "Average Household Size": {"Demographic": null, "2020": 2.6, "% OF TOTAL": null, "2024": 2.6, "2029": 2.5}, "1 Person Households": {"Demographic": null, "2020": 372, "% OF TOTAL": 28.0, "2024": 375, "2029": 380}, "2 Person Households": {"Demographic": null, "2020": 461, "% OF TOTAL": 33.1, "2024": 450, "2029": 449}, "3 Person Households": {"Demographic": null, "2020": 217, "% OF TOTAL": 15.8, "2024": 214, "2029": 215}, "4 Person Households": {"Demographic": null, "2020": 194, "% OF TOTAL": 13.5, "2024": 198, "2029": 184}, "5 Person Households": {"Demographic": null, "2020": 72, "% OF TOTAL": 4.7, "2024": 72, "2029": 64}, "6 Person Households": {"Demographic": null, "2020": 44, "% OF TOTAL": 3.1, "2024": 46, "2029": 42}, "7+ Person Households": {"Demographic": null, "2020": 27, "% OF TOTAL": 1.8, "2024": 27, "2029": 24}, "Household Type: Family": {"Demographic": null, "2020": 967, "% OF TOTAL": null, "2024": 958, "2029": null}, "Household Type: Married Family": {"Demographic": null, "2020": 748, "% OF TOTAL": null, "2024": 737, "2029": null}, "Household Type: Married Family With Children": {"Demographic": null, "2020": 263, "% OF TOTAL": null, "2024": 261, "2029": null}, "Household Type: Married Family Without Children": {"Demographic": null, "2020": 485, "% OF TOTAL": null, "2024": 476, "2029": null}, "Household Type: Other Family": {"Demographic": null, "2020": 219, "% OF TOTAL": null, "2024": 221, "2029": null}, "Household Type: Male Households, No Wife": {"Demographic": null, "2020": 66, "% OF TOTAL": null, "2024": 66, "2029": null}, "Household Type: Male Households, No Wife With Children": {"Demographic": null, "2020": 36, "% OF TOTAL": null, "2024": 36, "2029": null}, "Household Type: Male Households, No Wife Without Children": {"Demographic": null, "2020": 30, "% OF TOTAL": null, "2024": 30, "2029": null}, "Household Type: Female Households, No Husband": {"Demographic": null, "2020": 153, "% OF TOTAL": null, "2024": 155, "2029": null}, "Household Type: Female Households, No Husband With Children": {"Demographic": null, "2020": 64, "% OF TOTAL": null, "2024": 65, "2029": null}, "Household Type: Female Households, No Husband Without Children": {"Demographic": null, "2020": 89, "% OF TOTAL": null, "2024": 90, "2029": null}, "Household Income: Average": {"Demographic": null, "2020": 102107, "% OF TOTAL": null, "2024": 106356, "2029": 118897}, "Household Income: Median": {"Demographic": null, "2020": 0, "% OF TOTAL": null, "2024": 46632, "2029": 47443}, "Household Income: Less than $25k": {"Demographic": null, "2020": 168, "% OF TOTAL": 7.9, "2024": 158, "2029": 107}, "Household Income: $25k - $50k": {"Demographic": null, "2020": 327, "% OF TOTAL": 27.9, "2024": 355, "2029": 379}, "Household Income: $50k - $75k": {"Demographic": null, "2020": 196, "% OF TOTAL": 12.1, "2024": 158, "2029": 164}, "Household Income: $75k - $100k": {"Demographic": null, "2020": 182, "% OF TOTAL": 10.8, "2024": 176, "2029": 147}, "Household Income: $100k - $125k": {"Demographic": null, "2020": 193, "% OF TOTAL": 12.4, "2024": 186, "2029": 169}, "Household Income: $125k - $150k": {"Demographic": null, "2020": 118, "% OF TOTAL": 9.4, "2024": 137, "2029": 128}, "Household Income: $150k - $200k": {"Demographic": null, "2020": 68, "% OF TOTAL": 4.5, "2024": 66, "2029": 61}, "Household Income: Above $200k": {"Demographic": null, "2020": 135, "% OF TOTAL": 14.9, "2024": 146, "2029": 203}, "Total Housing Units": {"Demographic": null, "2020": 1514, "% OF TOTAL": null, "2024": null, "2029": null}, "Owner Occupied Housing Units": {"Demographic": null, "2020": 1126, "% OF TOTAL": null, "2024": 1116, "2029": null}, "Renter Occupied Housing Units": {"Demographic": null, "2020": 261, "% OF TOTAL": null, "2024": 266, "2029": null}, "Vacant Housing Units": {"Demographic": null, "2020": 127, "% OF TOTAL": null, "2024": null, "2029": null}, "Vacant Housing Units: Seasonal": {"Demographic": null, "2020": 10, "% OF TOTAL": null, "2024": null, "2029": null}, "Vacant Housing Units: Other Usage": {"Demographic": null, "2020": 117, "% OF TOTAL": null, "2024": null, "2029": null}, "Average Housing Unit Value": {"Demographic": null, "2020": 190608, "% OF TOTAL": null, "2024": 190505, "2029": null}, "Median Housing Unit Value": {"Demographic": null, "2020": 151194, "% OF TOTAL": null, "2024": 151136, "2029": null}, "Housing Unit Value Less Than $100k": {"Demographic": null, "2020": 172, "% OF TOTAL": null, "2024": 181, "2029": null}, "Housing Unit Value $100k-$200k": {"Demographic": null, "2020": 570, "% OF TOTAL": null, "2024": 569, "2029": null}, "Housing Unit Value $200k-$250k": {"Demographic": null, "2020": 226, "% OF TOTAL": null, "2024": 215, "2029": null}, "Housing Unit Value $250k-$300k": {"Demographic": null, "2020": 19, "% OF TOTAL": null, "2024": 18, "2029": null}, "Housing Unit Value $300k-$400k": {"Demographic": null, "2020": 91, "% OF TOTAL": null, "2024": 88, "2029": null}, "Housing Unit Value $400k-$500k": {"Demographic": null, "2020": 22, "% OF TOTAL": null, "2024": 21, "2029": null}, "Housing Unit Value $500k-$750k": {"Demographic": null, "2020": 26, "% OF TOTAL": null, "2024": 24, "2029": null}, "Housing Unit Value $750k-$1m": {"Demographic": null, "2020": 0, "% OF TOTAL": null, "2024": 0, "2029": null}, "Housing Unit Value $1m-$1.5m": {"Demographic": null, "2020": 0, "% OF TOTAL": null, "2024": 0, "2029": null}, "Housing Unit Value $1.5m-$2m": {"Demographic": null, "2020": 0, "% OF TOTAL": null, "2024": 0, "2029": null}, "Housing Unit Value Above $2m": {"Demographic": null, "2020": 0, "% OF TOTAL": null, "2024": 0, "2029": null}, "Median Housing Unit Year Built": {"Demographic": null, "2020": 1974, "% OF TOTAL": null, "2024": 1974, "2029": null}, "Housing Units Built 2014 Or After": {"Demographic": null, "2020": 24, "% OF TOTAL": null, "2024": 26, "2029": null}, "Housing Units Built 2010-2013": {"Demographic": null, "2020": 36, "% OF TOTAL": null, "2024": 38, "2029": null}, "Housing Units Built 2000-2009": {"Demographic": null, "2020": 284, "% OF TOTAL": null, "2024": 272, "2029": null}, "Housing Units Built 1990-1999": {"Demographic": null, "2020": 254, "% OF TOTAL": null, "2024": 244, "2029": null}, "Housing Units Built 1980-1989": {"Demographic": null, "2020": 112, "% OF TOTAL": null, "2024": 114, "2029": null}, "Housing Units Built 1970-1979": {"Demographic": null, "2020": 330, "% OF TOTAL": null, "2024": 334, "2029": null}, "Housing Units Built 1960-1969": {"Demographic": null, "2020": 159, "% OF TOTAL": null, "2024": 163, "2029": null}, "Housing Units Built 1950-1959": {"Demographic": null, "2020": 153, "% OF TOTAL": null, "2024": 158, "2029": null}, "Housing Units Built 1940-1949": {"Demographic": null, "2020": 9, "% OF TOTAL": null, "2024": 8, "2029": null}, "Housing Units Built Before 1940": {"Demographic": null, "2020": 26, "% OF TOTAL": null, "2024": 25, "2029": null}}, "consumer_segments": {"Entry Level Suburban": {"households": 154, "pct": 13.6}, "Active Adult Elite": {"households": 149, "pct": 13.2}, "Active Adult Feature and Location": {"households": 130, "pct": 11.5}, "Elite": {"households": 112, "pct": 9.9}, "Simple Life Affluent No Children": {"households": 103, "pct": 9.1}, "Family Life School Age Children": {"households": 85, "pct": 7.5}, "Family Life Young Children": {"households": 82, "pct": 7.2}, "Active Adult Entry Level": {"households": 72, "pct": 6.4}, "Simple Life Moderate Income No Children": {"households": 70, "pct": 6.2}, "Feature and Location": {"households": 59, "pct": 5.2}, "Renters": {"households": 59, "pct": 5.2}, "Renters Near Term Buyers": {"households": 30, "pct": 2.6}, "Simple Life Moderate Income With Children": {"households": 28, "pct": 2.5}, "Entry Level Urban": {"households": 0, "pct": 0.0}}, "income_age": {"2020": {}, "2024": {}, "2029": {}}, "population_2024": 3529, "population_2029": 3411, "households_2024": 1382, "households_2029": 1358, "median_household_income_2024": 46632, "median_household_income_2029": 47443, "mean_household_income_2024": null, "mean_household_income_2029": null, "median_age_2024": 40, "median_age_2029": 42, "median_home_value_2024": 151136, "average_household_size_2024": 2.6, "average_household_size_2029": 2.5, "population_growth_2024_2029": -1.7, "households_growth_2024_2029": -0.4}, "geometry": {"type": "Polygon", "coordinates": [[[-88.0549, 30.835155], [-88.055218, 30.864194], [-88.021555, 30.864464], [-88.021248, 30.835425], [-88.0549, 30.835155]]]}}, {"type": "Feature", "properties": {"block": "035", "block_num": 35, "CentroidLon": -88.07188742115838, "CentroidLat": 30.8495359710603, "submarket": "North Mobile", "data_status": "usable", "is_anomalous": false, "anomaly_reason": null, "files_present": "DemographicSnapshot-26.08.06.csv;PopulationTrends-26.08.06.csv;HouseholdTrends-26.08.06.csv;HouseholdIncomeByAge-26.08.06.csv;ConsumerSegmentation-26.08.06.csv", "demographic_snapshot": {"Total Population": {"Demographic": null, "2020": 2807, "% OF TOTAL": null, "2024": 2616, "2029": 2459}, "Households": {"Demographic": null, "2020": 1032, "% OF TOTAL": null, "2024": 971, "2029": 925}, "Population in Group Quarters": {"Demographic": null, "2020": 45, "% OF TOTAL": null, "2024": 46, "2029": 47}, "Households Growth": {"Demographic": null, "2020": null, "% OF TOTAL": null, "2024": -5.9, "2029": -4.7}, "Household Income: Median": {"Demographic": null, "2020": 0, "% OF TOTAL": null, "2024": 62373, "2029": 70739}, "Home Value: Median": {"Demographic": null, "2020": 176000, "% OF TOTAL": null, "2024": 175880, "2029": null}, "Population Growth": {"Demographic": null, "2020": null, "% OF TOTAL": null, "2024": -6.8, "2029": -6.0}, "Total Population: Under 19 years": {"Demographic": null, "2020": 734, "% OF TOTAL": 24.2, "2024": 678, "2029": 594}, "Total Population: 20 - 64 years": {"Demographic": null, "2020": 1594, "% OF TOTAL": 55.5, "2024": 1462, "2029": 1365}, "Total Population: 65 years and over": {"Demographic": null, "2020": 479, "% OF TOTAL": 20.3, "2024": 476, "2029": 500}, "Total population: Median age": {"Demographic": null, "2020": 37, "% OF TOTAL": null, "2024": 37, "2029": 39}, "Total population: Under 5 years": {"Demographic": null, "2020": 158, "% OF TOTAL": 5.2, "2024": 140, "2029": 129}, "Total population: 5 - 9 years": {"Demographic": null, "2020": 190, "% OF TOTAL": 6.1, "2024": 182, "2029": 149}, "Total population: 10 - 14 years": {"Demographic": null, "2020": 197, "% OF TOTAL": 6.3, "2024": 173, "2029": 156}, "Total population: 15 - 19 years": {"Demographic": null, "2020": 189, "% OF TOTAL": 6.5, "2024": 183, "2029": 160}, "Total population: 20 - 24 years": {"Demographic": null, "2020": 145, "% OF TOTAL": 5.7, "2024": 137, "2029": 139}, "Total population: 25 - 29 years": {"Demographic": null, "2020": 189, "% OF TOTAL": 6.1, "2024": 170, "2029": 151}, "Total population: 30 - 34 years": {"Demographic": null, "2020": 189, "% OF TOTAL": 6.5, "2024": 178, "2029": 161}, "Total population: 35 - 39 years": {"Demographic": null, "2020": 176, "% OF TOTAL": 6.5, "2024": 165, "2029": 161}, "Total population: 40 - 44 years": {"Demographic": null, "2020": 177, "% OF TOTAL": 6.5, "2024": 171, "2029": 160}, "Total population: 45 - 49 years": {"Demographic": null, "2020": 205, "% OF TOTAL": 7.2, "2024": 183, "2029": 178}, "Total population: 50 - 54 years": {"Demographic": null, "2020": 173, "% OF TOTAL": 6.1, "2024": 159, "2029": 150}, "Total population: 55 - 59 years": {"Demographic": null, "2020": 168, "% OF TOTAL": 5.4, "2024": 142, "2029": 133}, "Total population: 60 - 64 years": {"Demographic": null, "2020": 172, "% OF TOTAL": 5.4, "2024": 157, "2029": 132}, "Total population: 65 - 69 years": {"Demographic": null, "2020": 127, "% OF TOTAL": 5.1, "2024": 121, "2029": 126}, "Total population: 70 - 74 years": {"Demographic": null, "2020": 137, "% OF TOTAL": 4.9, "2024": 129, "2029": 121}, "Total population: 75 - 79 years": {"Demographic": null, "2020": 102, "% OF TOTAL": 4.6, "2024": 110, "2029": 113}, "Total population: 80 - 84 years": {"Demographic": null, "2020": 68, "% OF TOTAL": 3.5, "2024": 73, "2029": 86}, "Total population: 85 years and over": {"Demographic": null, "2020": 45, "% OF TOTAL": 2.2, "2024": 43, "2029": 54}, "Householders Age 15-24": {"Demographic": null, "2020": 25, "% OF TOTAL": 2.6, "2024": 23, "2029": 24}, "Householders Age 25-34": {"Demographic": null, "2020": 143, "% OF TOTAL": 13.0, "2024": 134, "2029": 120}, "Householders Age 35-44": {"Demographic": null, "2020": 163, "% OF TOTAL": 15.6, "2024": 153, "2029": 144}, "Householders Age 45-54": {"Demographic": null, "2020": 195, "% OF TOTAL": 18.9, "2024": 184, "2029": 175}, "Householders Age 55-64": {"Demographic": null, "2020": 216, "% OF TOTAL": 19.4, "2024": 205, "2029": 179}, "Householders Age 65-74": {"Demographic": null, "2020": 155, "% OF TOTAL": 15.4, "2024": 146, "2029": 142}, "Householders Age 75+": {"Demographic": null, "2020": 135, "% OF TOTAL": 15.2, "2024": 126, "2029": 141}, "Household income: Average": {"Demographic": null, "2020": 99176, "% OF TOTAL": null, "2024": 106437, "2029": 125525}, "Household income: Less than 25k": {"Demographic": null, "2020": 112, "% OF TOTAL": 6.7, "2024": 102, "2029": 62}, "Household income: 25k - 50k": {"Demographic": null, "2020": 188, "% OF TOTAL": 17.6, "2024": 191, "2029": 163}, "Household income: 50k - 75k": {"Demographic": null, "2020": 242, "% OF TOTAL": 19.5, "2024": 199, "2029": 180}, "Household income: 75k - 100k": {"Demographic": null, "2020": 66, "% OF TOTAL": 6.6, "2024": 57, "2029": 61}, "Household income: 100k - 125k": {"Demographic": null, "2020": 211, "% OF TOTAL": 20.2, "2024": 204, "2029": 187}, "Household income: 125k - 150k": {"Demographic": null, "2020": 121, "% OF TOTAL": 11.6, "2024": 100, "2029": 107}, "Household income: 150k - 200k": {"Demographic": null, "2020": 11, "% OF TOTAL": 2.7, "2024": 20, "2029": 25}, "Household income: Above 200k": {"Demographic": null, "2020": 81, "% OF TOTAL": 15.1, "2024": 98, "2029": 140}, "White Alone": {"Demographic": null, "2020": 2286, "% OF TOTAL": 80.4, "2024": 2107, "2029": 1977}, "Black or African American Alone": {"Demographic": null, "2020": 268, "% OF TOTAL": 9.8, "2024": 252, "2029": 240}, "American Indian and Alaska Native Alone": {"Demographic": null, "2020": 50, "% OF TOTAL": 1.9, "2024": 50, "2029": 47}, "Asian Alone": {"Demographic": null, "2020": 23, "% OF TOTAL": 0.9, "2024": 22, "2029": 21}, "Native Hawaiian and OPI Alone": {"Demographic": null, "2020": 2, "% OF TOTAL": 0.1, "2024": 2, "2029": 2}, "Some Other Race Alone": {"Demographic": null, "2020": 15, "% OF TOTAL": 0.5, "2024": 14, "2029": 13}, "Two or More Races Alone": {"Demographic": null, "2020": 163, "% OF TOTAL": 6.5, "2024": 169, "2029": 159}, "Not Hispanic or Latino": {"Demographic": null, "2020": 2755, "% OF TOTAL": 98.0, "2024": 2564, "2029": 2411}, "Hispanic or Latino": {"Demographic": null, "2020": 52, "% OF TOTAL": 2.0, "2024": 52, "2029": 48}, "Total Housing Units": {"Demographic": null, "2020": 1130, "% OF TOTAL": null, "2024": null, "2029": null}, "Owner Occupied Housing Units": {"Demographic": null, "2020": 788, "% OF TOTAL": null, "2024": 741, "2029": null}, "Renter Occupied Housing Units": {"Demographic": null, "2020": 244, "% OF TOTAL": null, "2024": 230, "2029": null}, "Housing Units Value Less Than 100k": {"Demographic": null, "2020": 8, "% OF TOTAL": null, "2024": 7, "2029": null}, "Housing Units Value 100k - 200k": {"Demographic": null, "2020": 476, "% OF TOTAL": null, "2024": 449, "2029": null}, "Housing Units Value 200k - 250k": {"Demographic": null, "2020": 245, "% OF TOTAL": null, "2024": 230, "2029": null}, "Housing Units Value 250k - 300k": {"Demographic": null, "2020": 29, "% OF TOTAL": null, "2024": 27, "2029": null}, "Housing Units Value 300k - 400k": {"Demographic": null, "2020": 0, "% OF TOTAL": null, "2024": 0, "2029": null}, "Housing Units Value 400k - 500k": {"Demographic": null, "2020": 0, "% OF TOTAL": null, "2024": 0, "2029": null}, "Housing Units Value 500k - 750k": {"Demographic": null, "2020": 12, "% OF TOTAL": null, "2024": 11, "2029": null}, "Housing Units Value 750k - 1m": {"Demographic": null, "2020": 0, "% OF TOTAL": null, "2024": 0, "2029": null}, "Housing Units Value 1m - 1.5m": {"Demographic": null, "2020": 18, "% OF TOTAL": null, "2024": 17, "2029": null}, "Housing Units Value 1.5m - 2m": {"Demographic": null, "2020": 0, "% OF TOTAL": null, "2024": 0, "2029": null}, "Housing Units Value >2m": {"Demographic": null, "2020": 0, "% OF TOTAL": null, "2024": 0, "2029": null}, "Take Car or Truck to Work": {"Demographic": null, "2020": 1421, "% OF TOTAL": null, "2024": 1335, "2029": null}, "Take Public Transportation to Work": {"Demographic": null, "2020": 0, "% OF TOTAL": null, "2024": 0, "2029": null}, "Take Other Means of Transportation to Work": {"Demographic": null, "2020": 35, "% OF TOTAL": null, "2024": 33, "2029": null}, "Average Travel Time (min)": {"Demographic": null, "2020": 26, "% OF TOTAL": null, "2024": 26, "2029": null}, "Travel Below 30 Min to Work": {"Demographic": null, "2020": 919, "% OF TOTAL": null, "2024": 864, "2029": null}, "Travel 30-60 Min to Work": {"Demographic": null, "2020": 537, "% OF TOTAL": null, "2024": 504, "2029": null}, "Travel Above 60 Min to Work": {"Demographic": null, "2020": 52, "% OF TOTAL": null, "2024": 0, "2029": null}, "Educational Attainment: No High School Diploma": {"Demographic": null, "2020": 1003, "% OF TOTAL": null, "2024": 936, "2029": null}, "Educational Attainment: High School Diploma": {"Demographic": null, "2020": 730, "% OF TOTAL": null, "2024": 681, "2029": null}, "Educational Attainment: Some College": {"Demographic": null, "2020": 775, "% OF TOTAL": null, "2024": 724, "2029": null}, "Educational Attainment: Associate's Degree": {"Demographic": null, "2020": 133, "% OF TOTAL": null, "2024": 124, "2029": null}, "Educational Attainment: Bachelors Degree": {"Demographic": null, "2020": 371, "% OF TOTAL": null, "2024": 347, "2029": null}, "Educational Attainment: Advanced Degree": {"Demographic": null, "2020": 150, "% OF TOTAL": null, "2024": 141, "2029": null}, "Households: Number of vehicles available - Average": {"Demographic": null, "2020": 1, "% OF TOTAL": null, "2024": 1, "2029": null}, "Households: No Vehicle available": {"Demographic": null, "2020": 31, "% OF TOTAL": null, "2024": 29, "2029": null}, "Households: 1 Vehicle available": {"Demographic": null, "2020": 435, "% OF TOTAL": null, "2024": 409, "2029": null}, "Households: 2 Vehicles available": {"Demographic": null, "2020": 285, "% OF TOTAL": null, "2024": 269, "2029": null}, "Households: 3 Vehicles available": {"Demographic": null, "2020": 193, "% OF TOTAL": null, "2024": 181, "2029": null}, "Households: 4 or more Vehicles available": {"Demographic": null, "2020": 88, "% OF TOTAL": null, "2024": 83, "2029": null}}, "population_trends": {"Total Population": {"Demographic": null, "2020": 2807, "% OF TOTAL": null, "2024": 2616, "2029": 2459}, "Population Growth": {"Demographic": null, "2020": null, "% OF TOTAL": null, "2024": -6.8, "2029": -6.0}, "Female Population": {"Demographic": null, "2020": 1454, "% OF TOTAL": 51.9, "2024": 1357, "2029": 1276}, "Male Population": {"Demographic": null, "2020": 1353, "% OF TOTAL": 48.1, "2024": 1259, "2029": 1183}, "Total population: Median Age": {"Demographic": null, "2020": 37, "% OF TOTAL": null, "2024": 37, "2029": 39}, "Total population: Under 5 years": {"Demographic": null, "2020": 158, "% OF TOTAL": 5.2, "2024": 140, "2029": 129}, "Total population: 5 - 9 years": {"Demographic": null, "2020": 190, "% OF TOTAL": 6.1, "2024": 182, "2029": 149}, "Total population: 10 - 14 years": {"Demographic": null, "2020": 197, "% OF TOTAL": 6.3, "2024": 173, "2029": 156}, "Total population: 15 - 19 years": {"Demographic": null, "2020": 189, "% OF TOTAL": 6.5, "2024": 183, "2029": 160}, "Total population: 20 - 24 years": {"Demographic": null, "2020": 145, "% OF TOTAL": 5.7, "2024": 137, "2029": 139}, "Total population: 25 - 29 years": {"Demographic": null, "2020": 189, "% OF TOTAL": 6.1, "2024": 170, "2029": 151}, "Total population: 30 - 34 years": {"Demographic": null, "2020": 189, "% OF TOTAL": 6.5, "2024": 178, "2029": 161}, "Total population: 35 - 39 years": {"Demographic": null, "2020": 176, "% OF TOTAL": 6.5, "2024": 165, "2029": 161}, "Total population: 40 - 44 years": {"Demographic": null, "2020": 177, "% OF TOTAL": 6.5, "2024": 171, "2029": 160}, "Total population: 45 - 49 years": {"Demographic": null, "2020": 205, "% OF TOTAL": 7.2, "2024": 183, "2029": 178}, "Total population: 50 - 54 years": {"Demographic": null, "2020": 173, "% OF TOTAL": 6.1, "2024": 159, "2029": 150}, "Total population: 55 - 59 years": {"Demographic": null, "2020": 168, "% OF TOTAL": 5.4, "2024": 142, "2029": 133}, "Total population: 60 - 64 years": {"Demographic": null, "2020": 172, "% OF TOTAL": 5.4, "2024": 157, "2029": 132}, "Total population: 65 - 69 years": {"Demographic": null, "2020": 127, "% OF TOTAL": 5.1, "2024": 121, "2029": 126}, "Total population: 70 - 74 years": {"Demographic": null, "2020": 137, "% OF TOTAL": 4.9, "2024": 129, "2029": 121}, "Total population: 75 - 79 years": {"Demographic": null, "2020": 102, "% OF TOTAL": 4.6, "2024": 110, "2029": 113}, "Total population: 80 - 84 years": {"Demographic": null, "2020": 68, "% OF TOTAL": 3.5, "2024": 73, "2029": 86}, "Total population: 85 years and over": {"Demographic": null, "2020": 45, "% OF TOTAL": 2.2, "2024": 43, "2029": 54}, "Female population: Median Age": {"Demographic": null, "2020": 37, "% OF TOTAL": null, "2024": 38, "2029": 39}, "Female population: Under 5 years": {"Demographic": null, "2020": 76, "% OF TOTAL": 4.9, "2024": 67, "2029": 63}, "Female population: 5 - 9 years": {"Demographic": null, "2020": 96, "% OF TOTAL": 5.7, "2024": 89, "2029": 73}, "Female population: 10 - 14 years": {"Demographic": null, "2020": 98, "% OF TOTAL": 5.9, "2024": 85, "2029": 75}, "Female population: 15 - 19 years": {"Demographic": null, "2020": 87, "% OF TOTAL": 6.0, "2024": 84, "2029": 76}, "Female population: 20 - 24 years": {"Demographic": null, "2020": 70, "% OF TOTAL": 5.3, "2024": 67, "2029": 68}, "Female population: 25 - 29 years": {"Demographic": null, "2020": 95, "% OF TOTAL": 5.9, "2024": 85, "2029": 75}, "Female population: 30 - 34 years": {"Demographic": null, "2020": 106, "% OF TOTAL": 6.9, "2024": 100, "2029": 88}, "Female population: 35 - 39 years": {"Demographic": null, "2020": 91, "% OF TOTAL": 6.7, "2024": 88, "2029": 86}, "Female population: 40 - 44 years": {"Demographic": null, "2020": 94, "% OF TOTAL": 6.6, "2024": 91, "2029": 84}, "Female population: 45 - 49 years": {"Demographic": null, "2020": 89, "% OF TOTAL": 6.7, "2024": 81, "2029": 85}, "Female population: 50 - 54 years": {"Demographic": null, "2020": 91, "% OF TOTAL": 5.9, "2024": 83, "2029": 75}, "Female population: 55 - 59 years": {"Demographic": null, "2020": 93, "% OF TOTAL": 5.7, "2024": 79, "2029": 73}, "Female population: 60 - 64 years": {"Demographic": null, "2020": 88, "% OF TOTAL": 5.4, "2024": 81, "2029": 69}, "Female population: 65 - 69 years": {"Demographic": null, "2020": 79, "% OF TOTAL": 5.8, "2024": 76, "2029": 74}, "Female population: 70 - 74 years": {"Demographic": null, "2020": 68, "% OF TOTAL": 5.0, "2024": 63, "2029": 64}, "Female population: 75 - 79 years": {"Demographic": null, "2020": 57, "% OF TOTAL": 4.6, "2024": 60, "2029": 59}, "Female population: 80 - 84 years": {"Demographic": null, "2020": 43, "% OF TOTAL": 4.1, "2024": 47, "2029": 52}, "Female population: 85 years and over": {"Demographic": null, "2020": 33, "% OF TOTAL": 2.9, "2024": 31, "2029": 37}, "Male population: Median Age": {"Demographic": null, "2020": 37, "% OF TOTAL": null, "2024": 37, "2029": 39}, "Male population: Under 5 years": {"Demographic": null, "2020": 82, "% OF TOTAL": 5.6, "2024": 73, "2029": 66}, "Male population: 5 - 9 years": {"Demographic": null, "2020": 94, "% OF TOTAL": 6.4, "2024": 93, "2029": 76}, "Male population: 10 - 14 years": {"Demographic": null, "2020": 99, "% OF TOTAL": 6.8, "2024": 88, "2029": 81}, "Male population: 15 - 19 years": {"Demographic": null, "2020": 102, "% OF TOTAL": 7.1, "2024": 99, "2029": 84}, "Male population: 20 - 24 years": {"Demographic": null, "2020": 75, "% OF TOTAL": 6.0, "2024": 70, "2029": 71}, "Male population: 25 - 29 years": {"Demographic": null, "2020": 94, "% OF TOTAL": 6.4, "2024": 85, "2029": 76}, "Male population: 30 - 34 years": {"Demographic": null, "2020": 83, "% OF TOTAL": 6.2, "2024": 78, "2029": 73}, "Male population: 35 - 39 years": {"Demographic": null, "2020": 85, "% OF TOTAL": 6.3, "2024": 77, "2029": 75}, "Male population: 40 - 44 years": {"Demographic": null, "2020": 83, "% OF TOTAL": 6.4, "2024": 80, "2029": 76}, "Male population: 45 - 49 years": {"Demographic": null, "2020": 116, "% OF TOTAL": 7.9, "2024": 102, "2029": 93}, "Male population: 50 - 54 years": {"Demographic": null, "2020": 82, "% OF TOTAL": 6.3, "2024": 76, "2029": 75}, "Male population: 55 - 59 years": {"Demographic": null, "2020": 75, "% OF TOTAL": 5.1, "2024": 63, "2029": 60}, "Male population: 60 - 64 years": {"Demographic": null, "2020": 84, "% OF TOTAL": 5.3, "2024": 76, "2029": 63}, "Male population: 65 - 69 years": {"Demographic": null, "2020": 48, "% OF TOTAL": 4.4, "2024": 45, "2029": 52}, "Male population: 70 - 74 years": {"Demographic": null, "2020": 69, "% OF TOTAL": 4.8, "2024": 66, "2029": 57}, "Male population: 75 - 79 years": {"Demographic": null, "2020": 45, "% OF TOTAL": 4.6, "2024": 50, "2029": 54}, "Male population: 80 - 84 years": {"Demographic": null, "2020": 25, "% OF TOTAL": 2.9, "2024": 26, "2029": 34}, "Male population: 85 years and over": {"Demographic": null, "2020": 12, "% OF TOTAL": 1.4, "2024": 12, "2029": 17}, "White alone": {"Demographic": null, "2020": 2286, "% OF TOTAL": 80.4, "2024": 2107, "2029": 1977}, "Black alone": {"Demographic": null, "2020": 268, "% OF TOTAL": 9.8, "2024": 252, "2029": 240}, "American Indian and Alaska Native alone": {"Demographic": null, "2020": 50, "% OF TOTAL": 1.9, "2024": 50, "2029": 47}, "Asian alone": {"Demographic": null, "2020": 23, "% OF TOTAL": 0.9, "2024": 22, "2029": 21}, "Native Hawaiian and OPI alone": {"Demographic": null, "2020": 2, "% OF TOTAL": 0.1, "2024": 2, "2029": 2}, "Some other race alone": {"Demographic": null, "2020": 15, "% OF TOTAL": 0.5, "2024": 14, "2029": 13}, "Two or more races alone": {"Demographic": null, "2020": 163, "% OF TOTAL": 6.5, "2024": 169, "2029": 159}, "Not Hispanic: White alone": {"Demographic": null, "2020": 2276, "% OF TOTAL": 80.0, "2024": 2097, "2029": 1968}, "Not Hispanic: Black or African American alone": {"Demographic": null, "2020": 266, "% OF TOTAL": 9.7, "2024": 250, "2029": 238}, "Not Hispanic: American Indian and Alaska Native alone": {"Demographic": null, "2020": 50, "% OF TOTAL": 1.9, "2024": 50, "2029": 47}, "Not Hispanic: Asian alone": {"Demographic": null, "2020": 23, "% OF TOTAL": 0.9, "2024": 22, "2029": 21}, "Not Hispanic: Native Hawaiian and OPI alone": {"Demographic": null, "2020": 2, "% OF TOTAL": 0.1, "2024": 2, "2029": 2}, "Not Hispanic: Some Other Race alone": {"Demographic": null, "2020": 4, "% OF TOTAL": 0.2, "2024": 4, "2029": 4}, "Not Hispanic: Two or More Races": {"Demographic": null, "2020": 134, "% OF TOTAL": 5.3, "2024": 139, "2029": 131}, "Hispanic: White alone": {"Demographic": null, "2020": 10, "% OF TOTAL": 0.4, "2024": 10, "2029": 9}, "Hispanic: Black or African American alone": {"Demographic": null, "2020": 2, "% OF TOTAL": 0.1, "2024": 2, "2029": 2}, "Hispanic: American Indian and Alaska Native alone": {"Demographic": null, "2020": 0, "% OF TOTAL": 0.0, "2024": 0, "2029": 0}, "Hispanic: Asian alone": {"Demographic": null, "2020": 0, "% OF TOTAL": 0.0, "2024": 0, "2029": 0}, "Hispanic: Native Hawaiian and OPI alone": {"Demographic": null, "2020": 0, "% OF TOTAL": 0.0, "2024": 0, "2029": 0}, "Hispanic: Some Other Race alone": {"Demographic": null, "2020": 11, "% OF TOTAL": 0.4, "2024": 10, "2029": 9}, "Hispanic: Two or More Races": {"Demographic": null, "2020": 29, "% OF TOTAL": 1.1, "2024": 30, "2029": 28}, "Educational Attainment: No High School Diploma": {"Demographic": null, "2020": 273, "% OF TOTAL": null, "2024": 255, "2029": null}, "Educational Attainment: High School Diploma": {"Demographic": null, "2020": 730, "% OF TOTAL": null, "2024": 681, "2029": null}, "Educational Attainment: Some College": {"Demographic": null, "2020": 271, "% OF TOTAL": null, "2024": 253, "2029": null}, "Educational Attainment: Associates Degree": {"Demographic": null, "2020": 133, "% OF TOTAL": null, "2024": 124, "2029": null}, "Educational Attainment: Bachelors Degree": {"Demographic": null, "2020": 371, "% OF TOTAL": null, "2024": 347, "2029": null}, "Educational Attainment: Advanced Degree": {"Demographic": null, "2020": 150, "% OF TOTAL": null, "2024": 141, "2029": null}, "Employment Status: Armed Forces": {"Demographic": null, "2020": 0, "% OF TOTAL": null, "2024": 0, "2029": null}, "Employment Status: Civilian labor force employed": {"Demographic": null, "2020": 1514, "% OF TOTAL": null, "2024": 1422, "2029": null}, "Employment Status: Civilian labor force unemployed": {"Demographic": null, "2020": 12, "% OF TOTAL": null, "2024": 12, "2029": null}, "Employment Status: Not in labor force": {"Demographic": null, "2020": 694, "% OF TOTAL": null, "2024": 651, "2029": null}, "Employed in Agriculture and Mining Industries": {"Demographic": null, "2020": 0, "% OF TOTAL": null, "2024": 0, "2029": null}, "Employed in Construction Industries": {"Demographic": null, "2020": 89, "% OF TOTAL": null, "2024": 83, "2029": null}, "Employed in Manufacturing Industries": {"Demographic": null, "2020": 372, "% OF TOTAL": null, "2024": 349, "2029": null}, "Employed in Wholesale Industries": {"Demographic": null, "2020": 0, "% OF TOTAL": null, "2024": 0, "2029": null}, "Employed in Retail Industries": {"Demographic": null, "2020": 61, "% OF TOTAL": null, "2024": 57, "2029": null}, "Employed in Transportation and Utilities Industries": {"Demographic": null, "2020": 155, "% OF TOTAL": null, "2024": 145, "2029": null}, "Employed in Information Industries": {"Demographic": null, "2020": 0, "% OF TOTAL": null, "2024": 0, "2029": null}, "Employed in Real-Estate Industries": {"Demographic": null, "2020": 69, "% OF TOTAL": null, "2024": 65, "2029": null}, "Employed in Professional Industries": {"Demographic": null, "2020": 115, "% OF TOTAL": null, "2024": 108, "2029": null}, "Employed in Health and Education Industries": {"Demographic": null, "2020": 451, "% OF TOTAL": null, "2024": 425, "2029": null}, "Employed in Art Industries": {"Demographic": null, "2020": 114, "% OF TOTAL": null, "2024": 107, "2029": null}, "Employed in Other Industries": {"Demographic": null, "2020": 26, "% OF TOTAL": null, "2024": 24, "2029": null}, "Employed in Public Administration Industries": {"Demographic": null, "2020": 62, "% OF TOTAL": null, "2024": 59, "2029": null}, "Occupation: Management": {"Demographic": null, "2020": 52, "% OF TOTAL": null, "2024": 49, "2029": null}, "Occupation: Business and financial operations": {"Demographic": null, "2020": 52, "% OF TOTAL": null, "2024": 49, "2029": null}, "Occupation: Computer and mathematical": {"Demographic": null, "2020": 27, "% OF TOTAL": null, "2024": 25, "2029": null}, "Occupation: Architecture and engineering": {"Demographic": null, "2020": 0, "% OF TOTAL": null, "2024": 0, "2029": null}, "Occupation: Life, physical, and social science": {"Demographic": null, "2020": 0, "% OF TOTAL": null, "2024": 0, "2029": null}, "Occupation: Community and social service": {"Demographic": null, "2020": 26, "% OF TOTAL": null, "2024": 25, "2029": null}, "Occupation: Legal": {"Demographic": null, "2020": 0, "% OF TOTAL": null, "2024": 0, "2029": null}, "Occupation: Education, training, and library": {"Demographic": null, "2020": 81, "% OF TOTAL": null, "2024": 76, "2029": null}, "Occupation: Arts, design, entertainment, sports, and media": {"Demographic": null, "2020": 0, "% OF TOTAL": null, "2024": 0, "2029": null}, "Occupation: Health diagnosing and treating practitioners": {"Demographic": null, "2020": 97, "% OF TOTAL": null, "2024": 91, "2029": null}, "Occupation: Health technologists and technicians": {"Demographic": null, "2020": 15, "% OF TOTAL": null, "2024": 14, "2029": null}, "Occupation: Healthcare support": {"Demographic": null, "2020": 37, "% OF TOTAL": null, "2024": 35, "2029": null}, "Occupation: Fire fighting and prevention": {"Demographic": null, "2020": 36, "% OF TOTAL": null, "2024": 34, "2029": null}, "Occupation: Law enforcement workers": {"Demographic": null, "2020": 0, "% OF TOTAL": null, "2024": 0, "2029": null}, "Occupation: Food preparation and serving related": {"Demographic": null, "2020": 57, "% OF TOTAL": null, "2024": 53, "2029": null}, "Occupation: Building and grounds cleaning and maintenance": {"Demographic": null, "2020": 62, "% OF TOTAL": null, "2024": 58, "2029": null}, "Occupation: Personal care and service": {"Demographic": null, "2020": 7, "% OF TOTAL": null, "2024": 7, "2029": null}, "Occupation: Sales and related": {"Demographic": null, "2020": 90, "% OF TOTAL": null, "2024": 84, "2029": null}, "Occupation: Office and administrative support": {"Demographic": null, "2020": 324, "% OF TOTAL": null, "2024": 304, "2029": null}, "Occupation: Farming, fishing, and forestry": {"Demographic": null, "2020": 0, "% OF TOTAL": null, "2024": 0, "2029": null}, "Occupation: Construction and extraction": {"Demographic": null, "2020": 36, "% OF TOTAL": null, "2024": 34, "2029": null}, "Occupation: Installation, maintenance, and repair": {"Demographic": null, "2020": 25, "% OF TOTAL": null, "2024": 24, "2029": null}, "Occupation: Production": {"Demographic": null, "2020": 364, "% OF TOTAL": null, "2024": 342, "2029": null}, "Occupation: Transportation": {"Demographic": null, "2020": 103, "% OF TOTAL": null, "2024": 96, "2029": null}, "Occupation: Material moving": {"Demographic": null, "2020": 23, "% OF TOTAL": null, "2024": 22, "2029": null}, "White collar": {"Demographic": null, "2020": 764, "% OF TOTAL": null, "2024": 717, "2029": null}, "Blue collar": {"Demographic": null, "2020": 750, "% OF TOTAL": null, "2024": 705, "2029": null}, "Means of transportation: Car, truck or van": {"Demographic": null, "2020": 1421, "% OF TOTAL": null, "2024": 1335, "2029": null}, "Means of transportation: Public transportation": {"Demographic": null, "2020": 0, "% OF TOTAL": null, "2024": 0, "2029": null}, "Means of transportation: Other": {"Demographic": null, "2020": 35, "% OF TOTAL": null, "2024": 33, "2029": null}, "Travel time: Average (in minutes)": {"Demographic": null, "2020": 26, "% OF TOTAL": null, "2024": 26, "2029": null}, "Travel time to work: Less than 30 minutes": {"Demographic": null, "2020": 919, "% OF TOTAL": null, "2024": 864, "2029": null}, "Travel time to work: 30 to 60 minutes": {"Demographic": null, "2020": 537, "% OF TOTAL": null, "2024": 504, "2029": null}, "Travel time to work: 60 or more minutes": {"Demographic": null, "2020": 0, "% OF TOTAL": null, "2024": 0, "2029": null}}, "household_trends": {"Households": {"Demographic": null, "2020": 1032, "% OF TOTAL": null, "2024": 971, "2029": 925}, "Households Growth": {"Demographic": null, "2020": null, "% OF TOTAL": null, "2024": -5.9, "2029": -4.7}, "Householder Age 15-24": {"Demographic": null, "2020": 25, "% OF TOTAL": 2.6, "2024": 23, "2029": 24}, "Householder Age 25-34": {"Demographic": null, "2020": 143, "% OF TOTAL": 13.0, "2024": 134, "2029": 120}, "Householder Age 35-44": {"Demographic": null, "2020": 163, "% OF TOTAL": 15.6, "2024": 153, "2029": 144}, "Householder Age 45-54": {"Demographic": null, "2020": 195, "% OF TOTAL": 18.9, "2024": 184, "2029": 175}, "Householder Age 55-64": {"Demographic": null, "2020": 216, "% OF TOTAL": 19.4, "2024": 205, "2029": 179}, "Householder Age 65-74": {"Demographic": null, "2020": 155, "% OF TOTAL": 15.4, "2024": 146, "2029": 142}, "Householder Age 75+": {"Demographic": null, "2020": 135, "% OF TOTAL": 15.2, "2024": 126, "2029": 141}, "Average Household Size": {"Demographic": null, "2020": 2.7, "% OF TOTAL": null, "2024": 2.6, "2029": 2.6}, "1 Person Households": {"Demographic": null, "2020": 197, "% OF TOTAL": 21.9, "2024": 209, "2029": 203}, "2 Person Households": {"Demographic": null, "2020": 341, "% OF TOTAL": 36.8, "2024": 353, "2029": 340}, "3 Person Households": {"Demographic": null, "2020": 173, "% OF TOTAL": 18.6, "2024": 178, "2029": 172}, "4 Person Households": {"Demographic": null, "2020": 168, "% OF TOTAL": 11.5, "2024": 118, "2029": 106}, "5 Person Households": {"Demographic": null, "2020": 83, "% OF TOTAL": 5.8, "2024": 59, "2029": 54}, "6 Person Households": {"Demographic": null, "2020": 46, "% OF TOTAL": 3.5, "2024": 36, "2029": 32}, "7+ Person Households": {"Demographic": null, "2020": 24, "% OF TOTAL": 1.9, "2024": 18, "2029": 18}, "Household Type: Family": {"Demographic": null, "2020": 795, "% OF TOTAL": null, "2024": 748, "2029": null}, "Household Type: Married Family": {"Demographic": null, "2020": 550, "% OF TOTAL": null, "2024": 518, "2029": null}, "Household Type: Married Family With Children": {"Demographic": null, "2020": 213, "% OF TOTAL": null, "2024": 201, "2029": null}, "Household Type: Married Family Without Children": {"Demographic": null, "2020": 337, "% OF TOTAL": null, "2024": 317, "2029": null}, "Household Type: Other Family": {"Demographic": null, "2020": 245, "% OF TOTAL": null, "2024": 230, "2029": null}, "Household Type: Male Households, No Wife": {"Demographic": null, "2020": 67, "% OF TOTAL": null, "2024": 63, "2029": null}, "Household Type: Male Households, No Wife With Children": {"Demographic": null, "2020": 35, "% OF TOTAL": null, "2024": 33, "2029": null}, "Household Type: Male Households, No Wife Without Children": {"Demographic": null, "2020": 32, "% OF TOTAL": null, "2024": 30, "2029": null}, "Household Type: Female Households, No Husband": {"Demographic": null, "2020": 178, "% OF TOTAL": null, "2024": 167, "2029": null}, "Household Type: Female Households, No Husband With Children": {"Demographic": null, "2020": 83, "% OF TOTAL": null, "2024": 78, "2029": null}, "Household Type: Female Households, No Husband Without Children": {"Demographic": null, "2020": 95, "% OF TOTAL": null, "2024": 89, "2029": null}, "Household Income: Average": {"Demographic": null, "2020": 99176, "% OF TOTAL": null, "2024": 106437, "2029": 125525}, "Household Income: Median": {"Demographic": null, "2020": 0, "% OF TOTAL": null, "2024": 62373, "2029": 70739}, "Household Income: Less than $25k": {"Demographic": null, "2020": 112, "% OF TOTAL": 6.7, "2024": 102, "2029": 62}, "Household Income: $25k - $50k": {"Demographic": null, "2020": 188, "% OF TOTAL": 17.6, "2024": 191, "2029": 163}, "Household Income: $50k - $75k": {"Demographic": null, "2020": 242, "% OF TOTAL": 19.5, "2024": 199, "2029": 180}, "Household Income: $75k - $100k": {"Demographic": null, "2020": 66, "% OF TOTAL": 6.6, "2024": 57, "2029": 61}, "Household Income: $100k - $125k": {"Demographic": null, "2020": 211, "% OF TOTAL": 20.2, "2024": 204, "2029": 187}, "Household Income: $125k - $150k": {"Demographic": null, "2020": 121, "% OF TOTAL": 11.6, "2024": 100, "2029": 107}, "Household Income: $150k - $200k": {"Demographic": null, "2020": 11, "% OF TOTAL": 2.7, "2024": 20, "2029": 25}, "Household Income: Above $200k": {"Demographic": null, "2020": 81, "% OF TOTAL": 15.1, "2024": 98, "2029": 140}, "Total Housing Units": {"Demographic": null, "2020": 1130, "% OF TOTAL": null, "2024": null, "2029": null}, "Owner Occupied Housing Units": {"Demographic": null, "2020": 788, "% OF TOTAL": null, "2024": 741, "2029": null}, "Renter Occupied Housing Units": {"Demographic": null, "2020": 244, "% OF TOTAL": null, "2024": 230, "2029": null}, "Vacant Housing Units": {"Demographic": null, "2020": 98, "% OF TOTAL": null, "2024": null, "2029": null}, "Vacant Housing Units: Seasonal": {"Demographic": null, "2020": 0, "% OF TOTAL": null, "2024": null, "2029": null}, "Vacant Housing Units: Other Usage": {"Demographic": null, "2020": 98, "% OF TOTAL": null, "2024": null, "2029": null}, "Average Housing Unit Value": {"Demographic": null, "2020": 211123, "% OF TOTAL": null, "2024": 211022, "2029": null}, "Median Housing Unit Value": {"Demographic": null, "2020": 176000, "% OF TOTAL": null, "2024": 175880, "2029": null}, "Housing Unit Value Less Than $100k": {"Demographic": null, "2020": 8, "% OF TOTAL": null, "2024": 7, "2029": null}, "Housing Unit Value $100k-$200k": {"Demographic": null, "2020": 476, "% OF TOTAL": null, "2024": 449, "2029": null}, "Housing Unit Value $200k-$250k": {"Demographic": null, "2020": 245, "% OF TOTAL": null, "2024": 230, "2029": null}, "Housing Unit Value $250k-$300k": {"Demographic": null, "2020": 29, "% OF TOTAL": null, "2024": 27, "2029": null}, "Housing Unit Value $300k-$400k": {"Demographic": null, "2020": 0, "% OF TOTAL": null, "2024": 0, "2029": null}, "Housing Unit Value $400k-$500k": {"Demographic": null, "2020": 0, "% OF TOTAL": null, "2024": 0, "2029": null}, "Housing Unit Value $500k-$750k": {"Demographic": null, "2020": 12, "% OF TOTAL": null, "2024": 11, "2029": null}, "Housing Unit Value $750k-$1m": {"Demographic": null, "2020": 0, "% OF TOTAL": null, "2024": 0, "2029": null}, "Housing Unit Value $1m-$1.5m": {"Demographic": null, "2020": 18, "% OF TOTAL": null, "2024": 17, "2029": null}, "Housing Unit Value $1.5m-$2m": {"Demographic": null, "2020": 0, "% OF TOTAL": null, "2024": 0, "2029": null}, "Housing Unit Value Above $2m": {"Demographic": null, "2020": 0, "% OF TOTAL": null, "2024": 0, "2029": null}, "Median Housing Unit Year Built": {"Demographic": null, "2020": 1972, "% OF TOTAL": null, "2024": 1972, "2029": null}, "Housing Units Built 2014 Or After": {"Demographic": null, "2020": 0, "% OF TOTAL": null, "2024": 0, "2029": null}, "Housing Units Built 2010-2013": {"Demographic": null, "2020": 46, "% OF TOTAL": null, "2024": 43, "2029": null}, "Housing Units Built 2000-2009": {"Demographic": null, "2020": 282, "% OF TOTAL": null, "2024": 266, "2029": null}, "Housing Units Built 1990-1999": {"Demographic": null, "2020": 100, "% OF TOTAL": null, "2024": 94, "2029": null}, "Housing Units Built 1980-1989": {"Demographic": null, "2020": 15, "% OF TOTAL": null, "2024": 14, "2029": null}, "Housing Units Built 1970-1979": {"Demographic": null, "2020": 310, "% OF TOTAL": null, "2024": 292, "2029": null}, "Housing Units Built 1960-1969": {"Demographic": null, "2020": 224, "% OF TOTAL": null, "2024": 210, "2029": null}, "Housing Units Built 1950-1959": {"Demographic": null, "2020": 55, "% OF TOTAL": null, "2024": 52, "2029": null}, "Housing Units Built 1940-1949": {"Demographic": null, "2020": 0, "% OF TOTAL": null, "2024": 0, "2029": null}, "Housing Units Built Before 1940": {"Demographic": null, "2020": 0, "% OF TOTAL": null, "2024": 0, "2029": null}}, "consumer_segments": {"Entry Level Suburban": {"households": 200, "pct": 22.2}, "Active Adult Feature and Location": {"households": 82, "pct": 9.1}, "Elite": {"households": 77, "pct": 8.6}, "Simple Life Affluent No Children": {"households": 65, "pct": 7.2}, "Simple Life Moderate Income No Children": {"households": 61, "pct": 6.8}, "Active Adult Elite": {"households": 59, "pct": 6.6}, "Feature and Location": {"households": 58, "pct": 6.4}, "Active Adult Entry Level": {"households": 58, "pct": 6.4}, "Renters": {"households": 54, "pct": 6.0}, "Family Life School Age Children": {"households": 50, "pct": 5.6}, "Family Life Young Children": {"households": 49, "pct": 5.4}, "Simple Life Moderate Income With Children": {"households": 44, "pct": 4.9}, "Renters Near Term Buyers": {"households": 43, "pct": 4.8}, "Entry Level Urban": {"households": 0, "pct": 0.0}}, "income_age": {"2020": {}, "2024": {}, "2029": {}}, "population_2024": 2616, "population_2029": 2459, "households_2024": 971, "households_2029": 925, "median_household_income_2024": 62373, "median_household_income_2029": 70739, "mean_household_income_2024": null, "mean_household_income_2029": null, "median_age_2024": 37, "median_age_2029": 39, "median_home_value_2024": 175880, "average_household_size_2024": 2.6, "average_household_size_2029": 2.6, "population_growth_2024_2029": -6.8, "households_growth_2024_2029": -5.9}, "geometry": {"type": "Polygon", "coordinates": [[[-88.088552, 30.834877], [-88.08888, 30.863915], [-88.055218, 30.864194], [-88.0549, 30.835155], [-88.088552, 30.834877]]]}}, {"type": "Feature", "properties": {"block": "036", "block_num": 36, "CentroidLon": -88.10098731044556, "CentroidLat": 30.84906285174352, "submarket": "North Mobile", "data_status": "no data", "is_anomalous": false, "anomaly_reason": null, "files_present": ""}, "geometry": {"type": "Polygon", "coordinates": [[[-88.112251, 30.863716], [-88.08888, 30.863915], [-88.088552, 30.834877], [-88.11424, 30.834658], [-88.112251, 30.863716]]]}}, {"type": "Feature", "properties": {"block": "037", "block_num": 37, "CentroidLon": -87.91469986035246, "CentroidLat": 30.822437401301425, "submarket": "North Mobile", "data_status": "no data", "is_anomalous": false, "anomaly_reason": null, "files_present": ""}, "geometry": {"type": "Polygon", "coordinates": [[[-87.910025, 30.822039], [-87.910138, 30.807211], [-87.920011, 30.807142], [-87.920288, 30.836182], [-87.907091, 30.836275], [-87.910025, 30.822039]]]}}, {"type": "Feature", "properties": {"block": "038", "block_num": 38, "CentroidLon": -87.93697402065534, "CentroidLat": 30.82154072142539, "submarket": "North Mobile", "data_status": "no data", "is_anomalous": false, "anomaly_reason": null, "files_present": ""}, "geometry": {"type": "Polygon", "coordinates": [[[-87.953655, 30.806898], [-87.953942, 30.835938], [-87.920288, 30.836182], [-87.920011, 30.807142], [-87.953655, 30.806898]]]}}, {"type": "Feature", "properties": {"block": "039", "block_num": 39, "CentroidLon": -87.97062252658633, "CentroidLat": 30.82129272334651, "submarket": "North Mobile", "data_status": "no data", "is_anomalous": false, "anomaly_reason": null, "files_present": ""}, "geometry": {"type": "Polygon", "coordinates": [[[-87.987298, 30.806646], [-87.987595, 30.835686], [-87.953942, 30.835938], [-87.953655, 30.806898], [-87.987298, 30.806646]]]}}, {"type": "Feature", "properties": {"block": "040", "block_num": 40, "CentroidLon": -88.00427016457112, "CentroidLat": 30.82103654063195, "submarket": "North Mobile", "data_status": "no data", "is_anomalous": false, "anomaly_reason": null, "files_present": ""}, "geometry": {"type": "Polygon", "coordinates": [[[-88.02094, 30.806386], [-88.021248, 30.835425], [-87.987595, 30.835686], [-87.987298, 30.806646], [-88.02094, 30.806386]]]}}, {"type": "Feature", "properties": {"block": "041", "block_num": 41, "CentroidLon": -88.03791776524078, "CentroidLat": 30.82077114762029, "submarket": "North Mobile", "data_status": "no data", "is_anomalous": false, "anomaly_reason": null, "files_present": ""}, "geometry": {"type": "Polygon", "coordinates": [[[-88.054583, 30.806116], [-88.0549, 30.835155], [-88.021248, 30.835425], [-88.02094, 30.806386], [-88.054583, 30.806116]]]}}, {"type": "Feature", "properties": {"block": "042", "block_num": 42, "CentroidLon": -88.07156476761072, "CentroidLat": 30.820497291007687, "submarket": "North Mobile", "data_status": "usable", "is_anomalous": false, "anomaly_reason": null, "files_present": "DemographicSnapshot-26.08.06.csv;PopulationTrends-26.08.06.csv;HouseholdTrends-26.08.06.csv;HouseholdIncomeByAge-26.08.06.csv;ConsumerSegmentation-26.08.06.csv", "demographic_snapshot": {"Total Population": {"Demographic": null, "2020": 4753, "% OF TOTAL": null, "2024": 4994, "2029": 5102}, "Households": {"Demographic": null, "2020": 1932, "% OF TOTAL": null, "2024": 2058, "2029": 2136}, "Population in Group Quarters": {"Demographic": null, "2020": 31, "% OF TOTAL": null, "2024": 32, "2029": 33}, "Households Growth": {"Demographic": null, "2020": null, "% OF TOTAL": null, "2024": 6.5, "2029": 3.8}, "Household Income: Median": {"Demographic": null, "2020": 0, "% OF TOTAL": null, "2024": 60517, "2029": 70982}, "Home Value: Median": {"Demographic": null, "2020": 152273, "% OF TOTAL": null, "2024": 152459, "2029": null}, "Population Growth": {"Demographic": null, "2020": null, "% OF TOTAL": null, "2024": 5.1, "2029": 2.2}, "Total Population: Under 19 years": {"Demographic": null, "2020": 1345, "% OF TOTAL": 26.5, "2024": 1399, "2029": 1354}, "Total Population: 20 - 64 years": {"Demographic": null, "2020": 2655, "% OF TOTAL": 54.8, "2024": 2745, "2029": 2797}, "Total Population: 65 years and over": {"Demographic": null, "2020": 753, "% OF TOTAL": 18.6, "2024": 850, "2029": 951}, "Total population: Median age": {"Demographic": null, "2020": 35, "% OF TOTAL": null, "2024": 35, "2029": 36}, "Total population: Under 5 years": {"Demographic": null, "2020": 298, "% OF TOTAL": 6.1, "2024": 305, "2029": 309}, "Total population: 5 - 9 years": {"Demographic": null, "2020": 338, "% OF TOTAL": 6.5, "2024": 359, "2029": 333}, "Total population: 10 - 14 years": {"Demographic": null, "2020": 384, "% OF TOTAL": 7.1, "2024": 379, "2029": 361}, "Total population: 15 - 19 years": {"Demographic": null, "2020": 325, "% OF TOTAL": 6.9, "2024": 356, "2029": 351}, "Total population: 20 - 24 years": {"Demographic": null, "2020": 317, "% OF TOTAL": 6.7, "2024": 335, "2029": 342}, "Total population: 25 - 29 years": {"Demographic": null, "2020": 342, "% OF TOTAL": 6.8, "2024": 343, "2029": 345}, "Total population: 30 - 34 years": {"Demographic": null, "2020": 304, "% OF TOTAL": 6.4, "2024": 326, "2029": 328}, "Total population: 35 - 39 years": {"Demographic": null, "2020": 324, "% OF TOTAL": 7.0, "2024": 342, "2029": 357}, "Total population: 40 - 44 years": {"Demographic": null, "2020": 291, "% OF TOTAL": 6.4, "2024": 313, "2029": 329}, "Total population: 45 - 49 years": {"Demographic": null, "2020": 280, "% OF TOTAL": 6.2, "2024": 286, "2029": 315}, "Total population: 50 - 54 years": {"Demographic": null, "2020": 251, "% OF TOTAL": 5.1, "2024": 257, "2029": 261}, "Total population: 55 - 59 years": {"Demographic": null, "2020": 298, "% OF TOTAL": 5.4, "2024": 285, "2029": 273}, "Total population: 60 - 64 years": {"Demographic": null, "2020": 248, "% OF TOTAL": 4.8, "2024": 258, "2029": 247}, "Total population: 65 - 69 years": {"Demographic": null, "2020": 213, "% OF TOTAL": 4.8, "2024": 235, "2029": 244}, "Total population: 70 - 74 years": {"Demographic": null, "2020": 195, "% OF TOTAL": 4.5, "2024": 212, "2029": 231}, "Total population: 75 - 79 years": {"Demographic": null, "2020": 148, "% OF TOTAL": 3.9, "2024": 180, "2029": 201}, "Total population: 80 - 84 years": {"Demographic": null, "2020": 103, "% OF TOTAL": 3.0, "2024": 122, "2029": 153}, "Total population: 85 years and over": {"Demographic": null, "2020": 94, "% OF TOTAL": 2.4, "2024": 101, "2029": 122}, "Householders Age 15-24": {"Demographic": null, "2020": 110, "% OF TOTAL": 5.7, "2024": 118, "2029": 122}, "Householders Age 25-34": {"Demographic": null, "2020": 306, "% OF TOTAL": 15.5, "2024": 329, "2029": 331}, "Householders Age 35-44": {"Demographic": null, "2020": 360, "% OF TOTAL": 18.7, "2024": 384, "2029": 400}, "Householders Age 45-54": {"Demographic": null, "2020": 329, "% OF TOTAL": 17.3, "2024": 350, "2029": 369}, "Householders Age 55-64": {"Demographic": null, "2020": 320, "% OF TOTAL": 15.0, "2024": 340, "2029": 321}, "Householders Age 65-74": {"Demographic": null, "2020": 257, "% OF TOTAL": 13.4, "2024": 273, "2029": 286}, "Householders Age 75+": {"Demographic": null, "2020": 250, "% OF TOTAL": 14.4, "2024": 264, "2029": 307}, "Household income: Average": {"Demographic": null, "2020": 64703, "% OF TOTAL": null, "2024": 71436, "2029": 84071}, "Household income: Less than 25k": {"Demographic": null, "2020": 393, "% OF TOTAL": 16.6, "2024": 383, "2029": 355}, "Household income: 25k - 50k": {"Demographic": null, "2020": 620, "% OF TOTAL": 22.3, "2024": 555, "2029": 476}, "Household income: 50k - 75k": {"Demographic": null, "2020": 302, "% OF TOTAL": 15.0, "2024": 361, "2029": 320}, "Household income: 75k - 100k": {"Demographic": null, "2020": 348, "% OF TOTAL": 23.0, "2024": 408, "2029": 491}, "Household income: 100k - 125k": {"Demographic": null, "2020": 71, "% OF TOTAL": 4.4, "2024": 84, "2029": 94}, "Household income: 125k - 150k": {"Demographic": null, "2020": 61, "% OF TOTAL": 3.9, "2024": 67, "2029": 84}, "Household income: 150k - 200k": {"Demographic": null, "2020": 106, "% OF TOTAL": 10.3, "2024": 153, "2029": 220}, "Household income: Above 200k": {"Demographic": null, "2020": 31, "% OF TOTAL": 4.5, "2024": 47, "2029": 96}, "White Alone": {"Demographic": null, "2020": 3142, "% OF TOTAL": 65.1, "2024": 3255, "2029": 3320}, "Black or African American Alone": {"Demographic": null, "2020": 1064, "% OF TOTAL": 22.2, "2024": 1110, "2029": 1135}, "American Indian and Alaska Native Alone": {"Demographic": null, "2020": 95, "% OF TOTAL": 2.2, "2024": 107, "2029": 110}, "Asian Alone": {"Demographic": null, "2020": 31, "% OF TOTAL": 0.7, "2024": 34, "2029": 35}, "Native Hawaiian and OPI Alone": {"Demographic": null, "2020": 1, "% OF TOTAL": 0.0, "2024": 1, "2029": 1}, "Some Other Race Alone": {"Demographic": null, "2020": 76, "% OF TOTAL": 1.6, "2024": 82, "2029": 84}, "Two or More Races Alone": {"Demographic": null, "2020": 344, "% OF TOTAL": 8.2, "2024": 405, "2029": 417}, "Not Hispanic or Latino": {"Demographic": null, "2020": 4593, "% OF TOTAL": 96.2, "2024": 4808, "2029": 4910}, "Hispanic or Latino": {"Demographic": null, "2020": 160, "% OF TOTAL": 3.8, "2024": 186, "2029": 192}, "Total Housing Units": {"Demographic": null, "2020": 2099, "% OF TOTAL": null, "2024": null, "2029": null}, "Owner Occupied Housing Units": {"Demographic": null, "2020": 1041, "% OF TOTAL": null, "2024": 1105, "2029": null}, "Renter Occupied Housing Units": {"Demographic": null, "2020": 891, "% OF TOTAL": null, "2024": 953, "2029": null}, "Housing Units Value Less Than 100k": {"Demographic": null, "2020": 193, "% OF TOTAL": null, "2024": 206, "2029": null}, "Housing Units Value 100k - 200k": {"Demographic": null, "2020": 669, "% OF TOTAL": null, "2024": 707, "2029": null}, "Housing Units Value 200k - 250k": {"Demographic": null, "2020": 113, "% OF TOTAL": null, "2024": 121, "2029": null}, "Housing Units Value 250k - 300k": {"Demographic": null, "2020": 39, "% OF TOTAL": null, "2024": 41, "2029": null}, "Housing Units Value 300k - 400k": {"Demographic": null, "2020": 7, "% OF TOTAL": null, "2024": 8, "2029": null}, "Housing Units Value 400k - 500k": {"Demographic": null, "2020": 16, "% OF TOTAL": null, "2024": 18, "2029": null}, "Housing Units Value 500k - 750k": {"Demographic": null, "2020": 0, "% OF TOTAL": null, "2024": 0, "2029": null}, "Housing Units Value 750k - 1m": {"Demographic": null, "2020": 0, "% OF TOTAL": null, "2024": 0, "2029": null}, "Housing Units Value 1m - 1.5m": {"Demographic": null, "2020": 0, "% OF TOTAL": null, "2024": 0, "2029": null}, "Housing Units Value 1.5m - 2m": {"Demographic": null, "2020": 0, "% OF TOTAL": null, "2024": 0, "2029": null}, "Housing Units Value >2m": {"Demographic": null, "2020": 4, "% OF TOTAL": null, "2024": 4, "2029": null}, "Take Car or Truck to Work": {"Demographic": null, "2020": 1853, "% OF TOTAL": null, "2024": 1954, "2029": null}, "Take Public Transportation to Work": {"Demographic": null, "2020": 0, "% OF TOTAL": null, "2024": 0, "2029": null}, "Take Other Means of Transportation to Work": {"Demographic": null, "2020": 13, "% OF TOTAL": null, "2024": 13, "2029": null}, "Average Travel Time (min)": {"Demographic": null, "2020": 29, "% OF TOTAL": null, "2024": 29, "2029": null}, "Travel Below 30 Min to Work": {"Demographic": null, "2020": 1089, "% OF TOTAL": null, "2024": 1145, "2029": null}, "Travel 30-60 Min to Work": {"Demographic": null, "2020": 702, "% OF TOTAL": null, "2024": 743, "2029": null}, "Travel Above 60 Min to Work": {"Demographic": null, "2020": 163, "% OF TOTAL": null, "2024": 79, "2029": null}, "Educational Attainment: No High School Diploma": {"Demographic": null, "2020": 1913, "% OF TOTAL": null, "2024": 2023, "2029": null}, "Educational Attainment: High School Diploma": {"Demographic": null, "2020": 1654, "% OF TOTAL": null, "2024": 1750, "2029": null}, "Educational Attainment: Some College": {"Demographic": null, "2020": 1094, "% OF TOTAL": null, "2024": 1149, "2029": null}, "Educational Attainment: Associate's Degree": {"Demographic": null, "2020": 181, "% OF TOTAL": null, "2024": 190, "2029": null}, "Educational Attainment: Bachelors Degree": {"Demographic": null, "2020": 212, "% OF TOTAL": null, "2024": 223, "2029": null}, "Educational Attainment: Advanced Degree": {"Demographic": null, "2020": 84, "% OF TOTAL": null, "2024": 88, "2029": null}, "Households: Number of vehicles available - Average": {"Demographic": null, "2020": 1, "% OF TOTAL": null, "2024": 1, "2029": null}, "Households: No Vehicle available": {"Demographic": null, "2020": 117, "% OF TOTAL": null, "2024": 124, "2029": null}, "Households: 1 Vehicle available": {"Demographic": null, "2020": 819, "% OF TOTAL": null, "2024": 871, "2029": null}, "Households: 2 Vehicles available": {"Demographic": null, "2020": 710, "% OF TOTAL": null, "2024": 758, "2029": null}, "Households: 3 Vehicles available": {"Demographic": null, "2020": 200, "% OF TOTAL": null, "2024": 214, "2029": null}, "Households: 4 or more Vehicles available": {"Demographic": null, "2020": 86, "% OF TOTAL": null, "2024": 91, "2029": null}}, "population_trends": {"Total Population": {"Demographic": null, "2020": 4753, "% OF TOTAL": null, "2024": 4994, "2029": 5102}, "Population Growth": {"Demographic": null, "2020": null, "% OF TOTAL": null, "2024": 5.1, "2029": 2.2}, "Female Population": {"Demographic": null, "2020": 2566, "% OF TOTAL": 54.1, "2024": 2700, "2029": 2758}, "Male Population": {"Demographic": null, "2020": 2187, "% OF TOTAL": 45.9, "2024": 2294, "2029": 2344}, "Total population: Median Age": {"Demographic": null, "2020": 35, "% OF TOTAL": null, "2024": 35, "2029": 36}, "Total population: Under 5 years": {"Demographic": null, "2020": 298, "% OF TOTAL": 6.1, "2024": 305, "2029": 309}, "Total population: 5 - 9 years": {"Demographic": null, "2020": 338, "% OF TOTAL": 6.5, "2024": 359, "2029": 333}, "Total population: 10 - 14 years": {"Demographic": null, "2020": 384, "% OF TOTAL": 7.1, "2024": 379, "2029": 361}, "Total population: 15 - 19 years": {"Demographic": null, "2020": 325, "% OF TOTAL": 6.9, "2024": 356, "2029": 351}, "Total population: 20 - 24 years": {"Demographic": null, "2020": 317, "% OF TOTAL": 6.7, "2024": 335, "2029": 342}, "Total population: 25 - 29 years": {"Demographic": null, "2020": 342, "% OF TOTAL": 6.8, "2024": 343, "2029": 345}, "Total population: 30 - 34 years": {"Demographic": null, "2020": 304, "% OF TOTAL": 6.4, "2024": 326, "2029": 328}, "Total population: 35 - 39 years": {"Demographic": null, "2020": 324, "% OF TOTAL": 7.0, "2024": 342, "2029": 357}, "Total population: 40 - 44 years": {"Demographic": null, "2020": 291, "% OF TOTAL": 6.4, "2024": 313, "2029": 329}, "Total population: 45 - 49 years": {"Demographic": null, "2020": 280, "% OF TOTAL": 6.2, "2024": 286, "2029": 315}, "Total population: 50 - 54 years": {"Demographic": null, "2020": 251, "% OF TOTAL": 5.1, "2024": 257, "2029": 261}, "Total population: 55 - 59 years": {"Demographic": null, "2020": 298, "% OF TOTAL": 5.4, "2024": 285, "2029": 273}, "Total population: 60 - 64 years": {"Demographic": null, "2020": 248, "% OF TOTAL": 4.8, "2024": 258, "2029": 247}, "Total population: 65 - 69 years": {"Demographic": null, "2020": 213, "% OF TOTAL": 4.8, "2024": 235, "2029": 244}, "Total population: 70 - 74 years": {"Demographic": null, "2020": 195, "% OF TOTAL": 4.5, "2024": 212, "2029": 231}, "Total population: 75 - 79 years": {"Demographic": null, "2020": 148, "% OF TOTAL": 3.9, "2024": 180, "2029": 201}, "Total population: 80 - 84 years": {"Demographic": null, "2020": 103, "% OF TOTAL": 3.0, "2024": 122, "2029": 153}, "Total population: 85 years and over": {"Demographic": null, "2020": 94, "% OF TOTAL": 2.4, "2024": 101, "2029": 122}, "Female population: Median Age": {"Demographic": null, "2020": 35, "% OF TOTAL": null, "2024": 36, "2029": 37}, "Female population: Under 5 years": {"Demographic": null, "2020": 154, "% OF TOTAL": 5.7, "2024": 155, "2029": 156}, "Female population: 5 - 9 years": {"Demographic": null, "2020": 176, "% OF TOTAL": 6.1, "2024": 184, "2029": 168}, "Female population: 10 - 14 years": {"Demographic": null, "2020": 202, "% OF TOTAL": 6.9, "2024": 201, "2029": 191}, "Female population: 15 - 19 years": {"Demographic": null, "2020": 155, "% OF TOTAL": 6.3, "2024": 171, "2029": 174}, "Female population: 20 - 24 years": {"Demographic": null, "2020": 167, "% OF TOTAL": 6.5, "2024": 177, "2029": 178}, "Female population: 25 - 29 years": {"Demographic": null, "2020": 200, "% OF TOTAL": 7.0, "2024": 199, "2029": 193}, "Female population: 30 - 34 years": {"Demographic": null, "2020": 170, "% OF TOTAL": 6.8, "2024": 184, "2029": 187}, "Female population: 35 - 39 years": {"Demographic": null, "2020": 183, "% OF TOTAL": 7.4, "2024": 194, "2029": 203}, "Female population: 40 - 44 years": {"Demographic": null, "2020": 154, "% OF TOTAL": 6.5, "2024": 167, "2029": 179}, "Female population: 45 - 49 years": {"Demographic": null, "2020": 142, "% OF TOTAL": 5.9, "2024": 146, "2029": 162}, "Female population: 50 - 54 years": {"Demographic": null, "2020": 131, "% OF TOTAL": 5.0, "2024": 134, "2029": 137}, "Female population: 55 - 59 years": {"Demographic": null, "2020": 154, "% OF TOTAL": 5.1, "2024": 145, "2029": 140}, "Female population: 60 - 64 years": {"Demographic": null, "2020": 128, "% OF TOTAL": 4.7, "2024": 136, "2029": 129}, "Female population: 65 - 69 years": {"Demographic": null, "2020": 121, "% OF TOTAL": 4.9, "2024": 134, "2029": 136}, "Female population: 70 - 74 years": {"Demographic": null, "2020": 120, "% OF TOTAL": 5.0, "2024": 130, "2029": 137}, "Female population: 75 - 79 years": {"Demographic": null, "2020": 78, "% OF TOTAL": 4.0, "2024": 94, "2029": 111}, "Female population: 80 - 84 years": {"Demographic": null, "2020": 65, "% OF TOTAL": 3.4, "2024": 79, "2029": 95}, "Female population: 85 years and over": {"Demographic": null, "2020": 66, "% OF TOTAL": 3.0, "2024": 70, "2029": 82}, "Male population: Median Age": {"Demographic": null, "2020": 34, "% OF TOTAL": null, "2024": 34, "2029": 36}, "Male population: Under 5 years": {"Demographic": null, "2020": 144, "% OF TOTAL": 6.5, "2024": 150, "2029": 153}, "Male population: 5 - 9 years": {"Demographic": null, "2020": 162, "% OF TOTAL": 7.0, "2024": 175, "2029": 165}, "Male population: 10 - 14 years": {"Demographic": null, "2020": 182, "% OF TOTAL": 7.3, "2024": 178, "2029": 170}, "Male population: 15 - 19 years": {"Demographic": null, "2020": 170, "% OF TOTAL": 7.6, "2024": 185, "2029": 177}, "Male population: 20 - 24 years": {"Demographic": null, "2020": 150, "% OF TOTAL": 7.0, "2024": 158, "2029": 164}, "Male population: 25 - 29 years": {"Demographic": null, "2020": 142, "% OF TOTAL": 6.5, "2024": 144, "2029": 152}, "Male population: 30 - 34 years": {"Demographic": null, "2020": 134, "% OF TOTAL": 6.0, "2024": 142, "2029": 141}, "Male population: 35 - 39 years": {"Demographic": null, "2020": 141, "% OF TOTAL": 6.6, "2024": 148, "2029": 154}, "Male population: 40 - 44 years": {"Demographic": null, "2020": 137, "% OF TOTAL": 6.4, "2024": 146, "2029": 150}, "Male population: 45 - 49 years": {"Demographic": null, "2020": 138, "% OF TOTAL": 6.5, "2024": 140, "2029": 153}, "Male population: 50 - 54 years": {"Demographic": null, "2020": 120, "% OF TOTAL": 5.3, "2024": 123, "2029": 124}, "Male population: 55 - 59 years": {"Demographic": null, "2020": 144, "% OF TOTAL": 5.7, "2024": 140, "2029": 133}, "Male population: 60 - 64 years": {"Demographic": null, "2020": 120, "% OF TOTAL": 5.0, "2024": 122, "2029": 118}, "Male population: 65 - 69 years": {"Demographic": null, "2020": 92, "% OF TOTAL": 4.6, "2024": 101, "2029": 108}, "Male population: 70 - 74 years": {"Demographic": null, "2020": 75, "% OF TOTAL": 4.0, "2024": 82, "2029": 94}, "Male population: 75 - 79 years": {"Demographic": null, "2020": 70, "% OF TOTAL": 3.8, "2024": 86, "2029": 90}, "Male population: 80 - 84 years": {"Demographic": null, "2020": 38, "% OF TOTAL": 2.5, "2024": 43, "2029": 58}, "Male population: 85 years and over": {"Demographic": null, "2020": 28, "% OF TOTAL": 1.7, "2024": 31, "2029": 40}, "White alone": {"Demographic": null, "2020": 3142, "% OF TOTAL": 65.1, "2024": 3255, "2029": 3320}, "Black alone": {"Demographic": null, "2020": 1064, "% OF TOTAL": 22.2, "2024": 1110, "2029": 1135}, "American Indian and Alaska Native alone": {"Demographic": null, "2020": 95, "% OF TOTAL": 2.2, "2024": 107, "2029": 110}, "Asian alone": {"Demographic": null, "2020": 31, "% OF TOTAL": 0.7, "2024": 34, "2029": 35}, "Native Hawaiian and OPI alone": {"Demographic": null, "2020": 1, "% OF TOTAL": 0.0, "2024": 1, "2029": 1}, "Some other race alone": {"Demographic": null, "2020": 76, "% OF TOTAL": 1.6, "2024": 82, "2029": 84}, "Two or more races alone": {"Demographic": null, "2020": 344, "% OF TOTAL": 8.2, "2024": 405, "2029": 417}, "Not Hispanic: White alone": {"Demographic": null, "2020": 3104, "% OF TOTAL": 64.2, "2024": 3210, "2029": 3274}, "Not Hispanic: Black or African American alone": {"Demographic": null, "2020": 1051, "% OF TOTAL": 21.9, "2024": 1094, "2029": 1119}, "Not Hispanic: American Indian and Alaska Native alone": {"Demographic": null, "2020": 93, "% OF TOTAL": 2.1, "2024": 104, "2029": 107}, "Not Hispanic: Asian alone": {"Demographic": null, "2020": 31, "% OF TOTAL": 0.7, "2024": 34, "2029": 35}, "Not Hispanic: Native Hawaiian and OPI alone": {"Demographic": null, "2020": 1, "% OF TOTAL": 0.0, "2024": 1, "2029": 1}, "Not Hispanic: Some Other Race alone": {"Demographic": null, "2020": 19, "% OF TOTAL": 0.4, "2024": 20, "2029": 20}, "Not Hispanic: Two or More Races": {"Demographic": null, "2020": 294, "% OF TOTAL": 6.9, "2024": 345, "2029": 354}, "Hispanic: White alone": {"Demographic": null, "2020": 38, "% OF TOTAL": 0.9, "2024": 45, "2029": 46}, "Hispanic: Black or African American alone": {"Demographic": null, "2020": 13, "% OF TOTAL": 0.3, "2024": 16, "2029": 16}, "Hispanic: American Indian and Alaska Native alone": {"Demographic": null, "2020": 2, "% OF TOTAL": 0.1, "2024": 3, "2029": 3}, "Hispanic: Asian alone": {"Demographic": null, "2020": 0, "% OF TOTAL": 0.0, "2024": 0, "2029": 0}, "Hispanic: Native Hawaiian and OPI alone": {"Demographic": null, "2020": 0, "% OF TOTAL": 0.0, "2024": 0, "2029": 0}, "Hispanic: Some Other Race alone": {"Demographic": null, "2020": 57, "% OF TOTAL": 1.3, "2024": 62, "2029": 64}, "Hispanic: Two or More Races": {"Demographic": null, "2020": 50, "% OF TOTAL": 1.2, "2024": 60, "2029": 63}, "Educational Attainment: No High School Diploma": {"Demographic": null, "2020": 259, "% OF TOTAL": null, "2024": 273, "2029": null}, "Educational Attainment: High School Diploma": {"Demographic": null, "2020": 1654, "% OF TOTAL": null, "2024": 1750, "2029": null}, "Educational Attainment: Some College": {"Demographic": null, "2020": 701, "% OF TOTAL": null, "2024": 736, "2029": null}, "Educational Attainment: Associates Degree": {"Demographic": null, "2020": 181, "% OF TOTAL": null, "2024": 190, "2029": null}, "Educational Attainment: Bachelors Degree": {"Demographic": null, "2020": 212, "% OF TOTAL": null, "2024": 223, "2029": null}, "Educational Attainment: Advanced Degree": {"Demographic": null, "2020": 84, "% OF TOTAL": null, "2024": 88, "2029": null}, "Employment Status: Armed Forces": {"Demographic": null, "2020": 0, "% OF TOTAL": null, "2024": 0, "2029": null}, "Employment Status: Civilian labor force employed": {"Demographic": null, "2020": 1908, "% OF TOTAL": null, "2024": 2014, "2029": null}, "Employment Status: Civilian labor force unemployed": {"Demographic": null, "2020": 120, "% OF TOTAL": null, "2024": 125, "2029": null}, "Employment Status: Not in labor force": {"Demographic": null, "2020": 1637, "% OF TOTAL": null, "2024": 1729, "2029": null}, "Employed in Agriculture and Mining Industries": {"Demographic": null, "2020": 28, "% OF TOTAL": null, "2024": 30, "2029": null}, "Employed in Construction Industries": {"Demographic": null, "2020": 259, "% OF TOTAL": null, "2024": 276, "2029": null}, "Employed in Manufacturing Industries": {"Demographic": null, "2020": 260, "% OF TOTAL": null, "2024": 271, "2029": null}, "Employed in Wholesale Industries": {"Demographic": null, "2020": 35, "% OF TOTAL": null, "2024": 36, "2029": null}, "Employed in Retail Industries": {"Demographic": null, "2020": 293, "% OF TOTAL": null, "2024": 312, "2029": null}, "Employed in Transportation and Utilities Industries": {"Demographic": null, "2020": 99, "% OF TOTAL": null, "2024": 105, "2029": null}, "Employed in Information Industries": {"Demographic": null, "2020": 15, "% OF TOTAL": null, "2024": 16, "2029": null}, "Employed in Real-Estate Industries": {"Demographic": null, "2020": 120, "% OF TOTAL": null, "2024": 128, "2029": null}, "Employed in Professional Industries": {"Demographic": null, "2020": 143, "% OF TOTAL": null, "2024": 147, "2029": null}, "Employed in Health and Education Industries": {"Demographic": null, "2020": 254, "% OF TOTAL": null, "2024": 268, "2029": null}, "Employed in Art Industries": {"Demographic": null, "2020": 158, "% OF TOTAL": null, "2024": 168, "2029": null}, "Employed in Other Industries": {"Demographic": null, "2020": 130, "% OF TOTAL": null, "2024": 138, "2029": null}, "Employed in Public Administration Industries": {"Demographic": null, "2020": 114, "% OF TOTAL": null, "2024": 119, "2029": null}, "Occupation: Management": {"Demographic": null, "2020": 89, "% OF TOTAL": null, "2024": 94, "2029": null}, "Occupation: Business and financial operations": {"Demographic": null, "2020": 112, "% OF TOTAL": null, "2024": 118, "2029": null}, "Occupation: Computer and mathematical": {"Demographic": null, "2020": 56, "% OF TOTAL": null, "2024": 60, "2029": null}, "Occupation: Architecture and engineering": {"Demographic": null, "2020": 0, "% OF TOTAL": null, "2024": 0, "2029": null}, "Occupation: Life, physical, and social science": {"Demographic": null, "2020": 0, "% OF TOTAL": null, "2024": 0, "2029": null}, "Occupation: Community and social service": {"Demographic": null, "2020": 52, "% OF TOTAL": null, "2024": 54, "2029": null}, "Occupation: Legal": {"Demographic": null, "2020": 0, "% OF TOTAL": null, "2024": 0, "2029": null}, "Occupation: Education, training, and library": {"Demographic": null, "2020": 47, "% OF TOTAL": null, "2024": 50, "2029": null}, "Occupation: Arts, design, entertainment, sports, and media": {"Demographic": null, "2020": 21, "% OF TOTAL": null, "2024": 22, "2029": null}, "Occupation: Health diagnosing and treating practitioners": {"Demographic": null, "2020": 45, "% OF TOTAL": null, "2024": 47, "2029": null}, "Occupation: Health technologists and technicians": {"Demographic": null, "2020": 17, "% OF TOTAL": null, "2024": 18, "2029": null}, "Occupation: Healthcare support": {"Demographic": null, "2020": 18, "% OF TOTAL": null, "2024": 19, "2029": null}, "Occupation: Fire fighting and prevention": {"Demographic": null, "2020": 18, "% OF TOTAL": null, "2024": 18, "2029": null}, "Occupation: Law enforcement workers": {"Demographic": null, "2020": 36, "% OF TOTAL": null, "2024": 38, "2029": null}, "Occupation: Food preparation and serving related": {"Demographic": null, "2020": 153, "% OF TOTAL": null, "2024": 162, "2029": null}, "Occupation: Building and grounds cleaning and maintenance": {"Demographic": null, "2020": 21, "% OF TOTAL": null, "2024": 22, "2029": null}, "Occupation: Personal care and service": {"Demographic": null, "2020": 83, "% OF TOTAL": null, "2024": 86, "2029": null}, "Occupation: Sales and related": {"Demographic": null, "2020": 152, "% OF TOTAL": null, "2024": 161, "2029": null}, "Occupation: Office and administrative support": {"Demographic": null, "2020": 161, "% OF TOTAL": null, "2024": 169, "2029": null}, "Occupation: Farming, fishing, and forestry": {"Demographic": null, "2020": 0, "% OF TOTAL": null, "2024": 0, "2029": null}, "Occupation: Construction and extraction": {"Demographic": null, "2020": 263, "% OF TOTAL": null, "2024": 280, "2029": null}, "Occupation: Installation, maintenance, and repair": {"Demographic": null, "2020": 101, "% OF TOTAL": null, "2024": 108, "2029": null}, "Occupation: Production": {"Demographic": null, "2020": 261, "% OF TOTAL": null, "2024": 275, "2029": null}, "Occupation: Transportation": {"Demographic": null, "2020": 84, "% OF TOTAL": null, "2024": 89, "2029": null}, "Occupation: Material moving": {"Demographic": null, "2020": 118, "% OF TOTAL": null, "2024": 124, "2029": null}, "White collar": {"Demographic": null, "2020": 752, "% OF TOTAL": null, "2024": 793, "2029": null}, "Blue collar": {"Demographic": null, "2020": 1156, "% OF TOTAL": null, "2024": 1221, "2029": null}, "Means of transportation: Car, truck or van": {"Demographic": null, "2020": 1853, "% OF TOTAL": null, "2024": 1954, "2029": null}, "Means of transportation: Public transportation": {"Demographic": null, "2020": 0, "% OF TOTAL": null, "2024": 0, "2029": null}, "Means of transportation: Other": {"Demographic": null, "2020": 13, "% OF TOTAL": null, "2024": 13, "2029": null}, "Travel time: Average (in minutes)": {"Demographic": null, "2020": 29, "% OF TOTAL": null, "2024": 29, "2029": null}, "Travel time to work: Less than 30 minutes": {"Demographic": null, "2020": 1089, "% OF TOTAL": null, "2024": 1145, "2029": null}, "Travel time to work: 30 to 60 minutes": {"Demographic": null, "2020": 702, "% OF TOTAL": null, "2024": 743, "2029": null}, "Travel time to work: 60 or more minutes": {"Demographic": null, "2020": 75, "% OF TOTAL": null, "2024": 79, "2029": null}}, "household_trends": {"Households": {"Demographic": null, "2020": 1932, "% OF TOTAL": null, "2024": 2058, "2029": 2136}, "Households Growth": {"Demographic": null, "2020": null, "% OF TOTAL": null, "2024": 6.5, "2029": 3.8}, "Householder Age 15-24": {"Demographic": null, "2020": 110, "% OF TOTAL": 5.7, "2024": 118, "2029": 122}, "Householder Age 25-34": {"Demographic": null, "2020": 306, "% OF TOTAL": 15.5, "2024": 329, "2029": 331}, "Householder Age 35-44": {"Demographic": null, "2020": 360, "% OF TOTAL": 18.7, "2024": 384, "2029": 400}, "Householder Age 45-54": {"Demographic": null, "2020": 329, "% OF TOTAL": 17.3, "2024": 350, "2029": 369}, "Householder Age 55-64": {"Demographic": null, "2020": 320, "% OF TOTAL": 15.0, "2024": 340, "2029": 321}, "Householder Age 65-74": {"Demographic": null, "2020": 257, "% OF TOTAL": 13.4, "2024": 273, "2029": 286}, "Householder Age 75+": {"Demographic": null, "2020": 250, "% OF TOTAL": 14.4, "2024": 264, "2029": 307}, "Average Household Size": {"Demographic": null, "2020": 2.5, "% OF TOTAL": null, "2024": 2.5, "2029": 2.4}, "1 Person Households": {"Demographic": null, "2020": 576, "% OF TOTAL": 32.0, "2024": 653, "2029": 684}, "2 Person Households": {"Demographic": null, "2020": 584, "% OF TOTAL": 32.3, "2024": 660, "2029": 689}, "3 Person Households": {"Demographic": null, "2020": 314, "% OF TOTAL": 17.4, "2024": 354, "2029": 372}, "4 Person Households": {"Demographic": null, "2020": 232, "% OF TOTAL": 9.0, "2024": 195, "2029": 192}, "5 Person Households": {"Demographic": null, "2020": 129, "% OF TOTAL": 5.3, "2024": 111, "2029": 113}, "6 Person Households": {"Demographic": null, "2020": 56, "% OF TOTAL": 2.2, "2024": 48, "2029": 48}, "7+ Person Households": {"Demographic": null, "2020": 41, "% OF TOTAL": 1.8, "2024": 37, "2029": 38}, "Household Type: Family": {"Demographic": null, "2020": 1243, "% OF TOTAL": null, "2024": 1322, "2029": null}, "Household Type: Married Family": {"Demographic": null, "2020": 725, "% OF TOTAL": null, "2024": 773, "2029": null}, "Household Type: Married Family With Children": {"Demographic": null, "2020": 273, "% OF TOTAL": null, "2024": 292, "2029": null}, "Household Type: Married Family Without Children": {"Demographic": null, "2020": 452, "% OF TOTAL": null, "2024": 481, "2029": null}, "Household Type: Other Family": {"Demographic": null, "2020": 518, "% OF TOTAL": null, "2024": 549, "2029": null}, "Household Type: Male Households, No Wife": {"Demographic": null, "2020": 106, "% OF TOTAL": null, "2024": 112, "2029": null}, "Household Type: Male Households, No Wife With Children": {"Demographic": null, "2020": 56, "% OF TOTAL": null, "2024": 58, "2029": null}, "Household Type: Male Households, No Wife Without Children": {"Demographic": null, "2020": 50, "% OF TOTAL": null, "2024": 54, "2029": null}, "Household Type: Female Households, No Husband": {"Demographic": null, "2020": 412, "% OF TOTAL": null, "2024": 437, "2029": null}, "Household Type: Female Households, No Husband With Children": {"Demographic": null, "2020": 229, "% OF TOTAL": null, "2024": 244, "2029": null}, "Household Type: Female Households, No Husband Without Children": {"Demographic": null, "2020": 183, "% OF TOTAL": null, "2024": 193, "2029": null}, "Household Income: Average": {"Demographic": null, "2020": 64703, "% OF TOTAL": null, "2024": 71436, "2029": 84071}, "Household Income: Median": {"Demographic": null, "2020": 0, "% OF TOTAL": null, "2024": 60517, "2029": 70982}, "Household Income: Less than $25k": {"Demographic": null, "2020": 393, "% OF TOTAL": 16.6, "2024": 383, "2029": 355}, "Household Income: $25k - $50k": {"Demographic": null, "2020": 620, "% OF TOTAL": 22.3, "2024": 555, "2029": 476}, "Household Income: $50k - $75k": {"Demographic": null, "2020": 302, "% OF TOTAL": 15.0, "2024": 361, "2029": 320}, "Household Income: $75k - $100k": {"Demographic": null, "2020": 348, "% OF TOTAL": 23.0, "2024": 408, "2029": 491}, "Household Income: $100k - $125k": {"Demographic": null, "2020": 71, "% OF TOTAL": 4.4, "2024": 84, "2029": 94}, "Household Income: $125k - $150k": {"Demographic": null, "2020": 61, "% OF TOTAL": 3.9, "2024": 67, "2029": 84}, "Household Income: $150k - $200k": {"Demographic": null, "2020": 106, "% OF TOTAL": 10.3, "2024": 153, "2029": 220}, "Household Income: Above $200k": {"Demographic": null, "2020": 31, "% OF TOTAL": 4.5, "2024": 47, "2029": 96}, "Total Housing Units": {"Demographic": null, "2020": 2099, "% OF TOTAL": null, "2024": null, "2029": null}, "Owner Occupied Housing Units": {"Demographic": null, "2020": 1041, "% OF TOTAL": null, "2024": 1105, "2029": null}, "Renter Occupied Housing Units": {"Demographic": null, "2020": 891, "% OF TOTAL": null, "2024": 953, "2029": null}, "Vacant Housing Units": {"Demographic": null, "2020": 167, "% OF TOTAL": null, "2024": null, "2029": null}, "Vacant Housing Units: Seasonal": {"Demographic": null, "2020": 6, "% OF TOTAL": null, "2024": null, "2029": null}, "Vacant Housing Units: Other Usage": {"Demographic": null, "2020": 161, "% OF TOTAL": null, "2024": null, "2029": null}, "Average Housing Unit Value": {"Demographic": null, "2020": 165746, "% OF TOTAL": null, "2024": 164372, "2029": null}, "Median Housing Unit Value": {"Demographic": null, "2020": 152273, "% OF TOTAL": null, "2024": 152459, "2029": null}, "Housing Unit Value Less Than $100k": {"Demographic": null, "2020": 193, "% OF TOTAL": null, "2024": 206, "2029": null}, "Housing Unit Value $100k-$200k": {"Demographic": null, "2020": 669, "% OF TOTAL": null, "2024": 707, "2029": null}, "Housing Unit Value $200k-$250k": {"Demographic": null, "2020": 113, "% OF TOTAL": null, "2024": 121, "2029": null}, "Housing Unit Value $250k-$300k": {"Demographic": null, "2020": 39, "% OF TOTAL": null, "2024": 41, "2029": null}, "Housing Unit Value $300k-$400k": {"Demographic": null, "2020": 7, "% OF TOTAL": null, "2024": 8, "2029": null}, "Housing Unit Value $400k-$500k": {"Demographic": null, "2020": 16, "% OF TOTAL": null, "2024": 18, "2029": null}, "Housing Unit Value $500k-$750k": {"Demographic": null, "2020": 0, "% OF TOTAL": null, "2024": 0, "2029": null}, "Housing Unit Value $750k-$1m": {"Demographic": null, "2020": 0, "% OF TOTAL": null, "2024": 0, "2029": null}, "Housing Unit Value $1m-$1.5m": {"Demographic": null, "2020": 0, "% OF TOTAL": null, "2024": 0, "2029": null}, "Housing Unit Value $1.5m-$2m": {"Demographic": null, "2020": 0, "% OF TOTAL": null, "2024": 0, "2029": null}, "Housing Unit Value Above $2m": {"Demographic": null, "2020": 4, "% OF TOTAL": null, "2024": 4, "2029": null}, "Median Housing Unit Year Built": {"Demographic": null, "2020": 1977, "% OF TOTAL": null, "2024": 1977, "2029": null}, "Housing Units Built 2014 Or After": {"Demographic": null, "2020": 9, "% OF TOTAL": null, "2024": 10, "2029": null}, "Housing Units Built 2010-2013": {"Demographic": null, "2020": 70, "% OF TOTAL": null, "2024": 77, "2029": null}, "Housing Units Built 2000-2009": {"Demographic": null, "2020": 103, "% OF TOTAL": null, "2024": 110, "2029": null}, "Housing Units Built 1990-1999": {"Demographic": null, "2020": 77, "% OF TOTAL": null, "2024": 80, "2029": null}, "Housing Units Built 1980-1989": {"Demographic": null, "2020": 404, "% OF TOTAL": null, "2024": 439, "2029": null}, "Housing Units Built 1970-1979": {"Demographic": null, "2020": 374, "% OF TOTAL": null, "2024": 395, "2029": null}, "Housing Units Built 1960-1969": {"Demographic": null, "2020": 652, "% OF TOTAL": null, "2024": 689, "2029": null}, "Housing Units Built 1950-1959": {"Demographic": null, "2020": 207, "% OF TOTAL": null, "2024": 219, "2029": null}, "Housing Units Built 1940-1949": {"Demographic": null, "2020": 22, "% OF TOTAL": null, "2024": 24, "2029": null}, "Housing Units Built Before 1940": {"Demographic": null, "2020": 14, "% OF TOTAL": null, "2024": 15, "2029": null}}, "consumer_segments": {"Entry Level Suburban": {"households": 448, "pct": 26.2}, "Renters": {"households": 183, "pct": 10.7}, "Active Adult Entry Level": {"households": 162, "pct": 9.5}, "Active Adult Feature and Location": {"households": 144, "pct": 8.4}, "Renters Near Term Buyers": {"households": 133, "pct": 7.8}, "Simple Life Moderate Income No Children": {"households": 127, "pct": 7.4}, "Simple Life Affluent No Children": {"households": 101, "pct": 5.9}, "Feature and Location": {"households": 96, "pct": 5.6}, "Active Adult Elite": {"households": 96, "pct": 5.6}, "Family Life School Age Children": {"households": 81, "pct": 4.7}, "Elite": {"households": 80, "pct": 4.7}, "Simple Life Moderate Income With Children": {"households": 31, "pct": 1.8}, "Family Life Young Children": {"households": 25, "pct": 1.5}, "Entry Level Urban": {"households": 0, "pct": 0.0}}, "income_age": {"2020": {}, "2024": {}, "2029": {}}, "population_2024": 4994, "population_2029": 5102, "households_2024": 2058, "households_2029": 2136, "median_household_income_2024": 60517, "median_household_income_2029": 70982, "mean_household_income_2024": null, "mean_household_income_2029": null, "median_age_2024": 35, "median_age_2029": 36, "median_home_value_2024": 152459, "average_household_size_2024": 2.5, "average_household_size_2029": 2.4, "population_growth_2024_2029": 5.1, "households_growth_2024_2029": 6.5}, "geometry": {"type": "Polygon", "coordinates": [[[-88.088224, 30.805838], [-88.088552, 30.834877], [-88.0549, 30.835155], [-88.054583, 30.806116], [-88.088224, 30.805838]]]}}, {"type": "Feature", "properties": {"block": "043", "block_num": 43, "CentroidLon": -88.10181664821911, "CentroidLat": 30.820034497861855, "submarket": "North Mobile", "data_status": "usable", "is_anomalous": false, "anomaly_reason": null, "files_present": "DemographicSnapshot-26.08.06.csv;PopulationTrends-26.08.06.csv;HouseholdTrends-26.08.06.csv;HouseholdIncomeByAge-26.08.06.csv;ConsumerSegmentation-26.08.06.csv", "demographic_snapshot": {"Total Population": {"Demographic": null, "2020": 1463, "% OF TOTAL": null, "2024": 1384, "2029": 1300}, "Households": {"Demographic": null, "2020": 530, "% OF TOTAL": null, "2024": 507, "2029": 483}, "Population in Group Quarters": {"Demographic": null, "2020": 0, "% OF TOTAL": null, "2024": 0, "2029": 0}, "Households Growth": {"Demographic": null, "2020": null, "% OF TOTAL": null, "2024": -4.3, "2029": -4.7}, "Household Income: Median": {"Demographic": null, "2020": 0, "% OF TOTAL": null, "2024": 70595, "2029": 110539}, "Home Value: Median": {"Demographic": null, "2020": 172170, "% OF TOTAL": null, "2024": 172304, "2029": null}, "Population Growth": {"Demographic": null, "2020": null, "% OF TOTAL": null, "2024": -5.4, "2029": -6.1}, "Total Population: Under 19 years": {"Demographic": null, "2020": 456, "% OF TOTAL": 28.2, "2024": 421, "2029": 367}, "Total Population: 20 - 64 years": {"Demographic": null, "2020": 774, "% OF TOTAL": 53.7, "2024": 728, "2029": 698}, "Total Population: 65 years and over": {"Demographic": null, "2020": 233, "% OF TOTAL": 18.1, "2024": 235, "2029": 235}, "Total population: Median age": {"Demographic": null, "2020": 34, "% OF TOTAL": null, "2024": 35, "2029": 36}, "Total population: Under 5 years": {"Demographic": null, "2020": 102, "% OF TOTAL": 6.2, "2024": 90, "2029": 81}, "Total population: 5 - 9 years": {"Demographic": null, "2020": 97, "% OF TOTAL": 6.3, "2024": 91, "2029": 82}, "Total population: 10 - 14 years": {"Demographic": null, "2020": 132, "% OF TOTAL": 7.5, "2024": 117, "2029": 97}, "Total population: 15 - 19 years": {"Demographic": null, "2020": 125, "% OF TOTAL": 8.2, "2024": 123, "2029": 107}, "Total population: 20 - 24 years": {"Demographic": null, "2020": 90, "% OF TOTAL": 6.9, "2024": 85, "2029": 90}, "Total population: 25 - 29 years": {"Demographic": null, "2020": 96, "% OF TOTAL": 6.2, "2024": 88, "2029": 81}, "Total population: 30 - 34 years": {"Demographic": null, "2020": 96, "% OF TOTAL": 6.3, "2024": 91, "2029": 82}, "Total population: 35 - 39 years": {"Demographic": null, "2020": 100, "% OF TOTAL": 7.0, "2024": 95, "2029": 91}, "Total population: 40 - 44 years": {"Demographic": null, "2020": 105, "% OF TOTAL": 7.2, "2024": 104, "2029": 94}, "Total population: 45 - 49 years": {"Demographic": null, "2020": 89, "% OF TOTAL": 6.8, "2024": 83, "2029": 89}, "Total population: 50 - 54 years": {"Demographic": null, "2020": 88, "% OF TOTAL": 5.8, "2024": 83, "2029": 75}, "Total population: 55 - 59 years": {"Demographic": null, "2020": 62, "% OF TOTAL": 4.2, "2024": 53, "2029": 55}, "Total population: 60 - 64 years": {"Demographic": null, "2020": 48, "% OF TOTAL": 3.2, "2024": 46, "2029": 41}, "Total population: 65 - 69 years": {"Demographic": null, "2020": 65, "% OF TOTAL": 4.2, "2024": 63, "2029": 54}, "Total population: 70 - 74 years": {"Demographic": null, "2020": 71, "% OF TOTAL": 5.0, "2024": 68, "2029": 65}, "Total population: 75 - 79 years": {"Demographic": null, "2020": 41, "% OF TOTAL": 3.8, "2024": 44, "2029": 50}, "Total population: 80 - 84 years": {"Demographic": null, "2020": 23, "% OF TOTAL": 2.5, "2024": 27, "2029": 33}, "Total population: 85 years and over": {"Demographic": null, "2020": 33, "% OF TOTAL": 2.5, "2024": 33, "2029": 33}, "Householders Age 15-24": {"Demographic": null, "2020": 28, "% OF TOTAL": 5.4, "2024": 27, "2029": 26}, "Householders Age 25-34": {"Demographic": null, "2020": 88, "% OF TOTAL": 15.7, "2024": 84, "2029": 76}, "Householders Age 35-44": {"Demographic": null, "2020": 102, "% OF TOTAL": 18.6, "2024": 98, "2029": 90}, "Householders Age 45-54": {"Demographic": null, "2020": 91, "% OF TOTAL": 17.6, "2024": 87, "2029": 85}, "Householders Age 55-64": {"Demographic": null, "2020": 88, "% OF TOTAL": 16.8, "2024": 84, "2029": 81}, "Householders Age 65-74": {"Demographic": null, "2020": 69, "% OF TOTAL": 12.2, "2024": 66, "2029": 59}, "Householders Age 75+": {"Demographic": null, "2020": 64, "% OF TOTAL": 13.7, "2024": 61, "2029": 66}, "Household income: Average": {"Demographic": null, "2020": 109844, "% OF TOTAL": null, "2024": 117328, "2029": 138261}, "Household income: Less than 25k": {"Demographic": null, "2020": 65, "% OF TOTAL": 7.9, "2024": 52, "2029": 38}, "Household income: 25k - 50k": {"Demographic": null, "2020": 119, "% OF TOTAL": 12.0, "2024": 84, "2029": 58}, "Household income: 50k - 75k": {"Demographic": null, "2020": 125, "% OF TOTAL": 22.4, "2024": 136, "2029": 108}, "Household income: 75k - 100k": {"Demographic": null, "2020": 18, "% OF TOTAL": 3.3, "2024": 18, "2029": 16}, "Household income: 100k - 125k": {"Demographic": null, "2020": 48, "% OF TOTAL": 10.6, "2024": 45, "2029": 51}, "Household income: 125k - 150k": {"Demographic": null, "2020": 30, "% OF TOTAL": 6.8, "2024": 35, "2029": 33}, "Household income: 150k - 200k": {"Demographic": null, "2020": 52, "% OF TOTAL": 19.7, "2024": 67, "2029": 95}, "Household income: Above 200k": {"Demographic": null, "2020": 73, "% OF TOTAL": 17.4, "2024": 70, "2029": 84}, "White Alone": {"Demographic": null, "2020": 1211, "% OF TOTAL": 81.8, "2024": 1133, "2029": 1063}, "Black or African American Alone": {"Demographic": null, "2020": 128, "% OF TOTAL": 8.9, "2024": 122, "2029": 116}, "American Indian and Alaska Native Alone": {"Demographic": null, "2020": 11, "% OF TOTAL": 0.8, "2024": 11, "2029": 10}, "Asian Alone": {"Demographic": null, "2020": 27, "% OF TOTAL": 2.0, "2024": 27, "2029": 26}, "Native Hawaiian and OPI Alone": {"Demographic": null, "2020": 0, "% OF TOTAL": 0.0, "2024": 0, "2029": 0}, "Some Other Race Alone": {"Demographic": null, "2020": 5, "% OF TOTAL": 0.4, "2024": 5, "2029": 5}, "Two or More Races Alone": {"Demographic": null, "2020": 81, "% OF TOTAL": 6.2, "2024": 86, "2029": 80}, "Not Hispanic or Latino": {"Demographic": null, "2020": 1446, "% OF TOTAL": 98.7, "2024": 1366, "2029": 1283}, "Hispanic or Latino": {"Demographic": null, "2020": 17, "% OF TOTAL": 1.3, "2024": 18, "2029": 17}, "Total Housing Units": {"Demographic": null, "2020": 553, "% OF TOTAL": null, "2024": null, "2029": null}, "Owner Occupied Housing Units": {"Demographic": null, "2020": 352, "% OF TOTAL": null, "2024": 337, "2029": null}, "Renter Occupied Housing Units": {"Demographic": null, "2020": 178, "% OF TOTAL": null, "2024": 170, "2029": null}, "Housing Units Value Less Than 100k": {"Demographic": null, "2020": 41, "% OF TOTAL": null, "2024": 39, "2029": null}, "Housing Units Value 100k - 200k": {"Demographic": null, "2020": 267, "% OF TOTAL": null, "2024": 256, "2029": null}, "Housing Units Value 200k - 250k": {"Demographic": null, "2020": 17, "% OF TOTAL": null, "2024": 16, "2029": null}, "Housing Units Value 250k - 300k": {"Demographic": null, "2020": 21, "% OF TOTAL": null, "2024": 20, "2029": null}, "Housing Units Value 300k - 400k": {"Demographic": null, "2020": 6, "% OF TOTAL": null, "2024": 6, "2029": null}, "Housing Units Value 400k - 500k": {"Demographic": null, "2020": 0, "% OF TOTAL": null, "2024": 0, "2029": null}, "Housing Units Value 500k - 750k": {"Demographic": null, "2020": 0, "% OF TOTAL": null, "2024": 0, "2029": null}, "Housing Units Value 750k - 1m": {"Demographic": null, "2020": 0, "% OF TOTAL": null, "2024": 0, "2029": null}, "Housing Units Value 1m - 1.5m": {"Demographic": null, "2020": 0, "% OF TOTAL": null, "2024": 0, "2029": null}, "Housing Units Value 1.5m - 2m": {"Demographic": null, "2020": 0, "% OF TOTAL": null, "2024": 0, "2029": null}, "Housing Units Value >2m": {"Demographic": null, "2020": 0, "% OF TOTAL": null, "2024": 0, "2029": null}, "Take Car or Truck to Work": {"Demographic": null, "2020": 626, "% OF TOTAL": null, "2024": 609, "2029": null}, "Take Public Transportation to Work": {"Demographic": null, "2020": 0, "% OF TOTAL": null, "2024": 0, "2029": null}, "Take Other Means of Transportation to Work": {"Demographic": null, "2020": 0, "% OF TOTAL": null, "2024": 0, "2029": null}, "Average Travel Time (min)": {"Demographic": null, "2020": 26, "% OF TOTAL": null, "2024": 25, "2029": null}, "Travel Below 30 Min to Work": {"Demographic": null, "2020": 494, "% OF TOTAL": null, "2024": 481, "2029": null}, "Travel 30-60 Min to Work": {"Demographic": null, "2020": 111, "% OF TOTAL": null, "2024": 108, "2029": null}, "Travel Above 60 Min to Work": {"Demographic": null, "2020": 46, "% OF TOTAL": null, "2024": 20, "2029": null}, "Educational Attainment: No High School Diploma": {"Demographic": null, "2020": 451, "% OF TOTAL": null, "2024": 432, "2029": null}, "Educational Attainment: High School Diploma": {"Demographic": null, "2020": 379, "% OF TOTAL": null, "2024": 363, "2029": null}, "Educational Attainment: Some College": {"Demographic": null, "2020": 356, "% OF TOTAL": null, "2024": 341, "2029": null}, "Educational Attainment: Associate's Degree": {"Demographic": null, "2020": 95, "% OF TOTAL": null, "2024": 91, "2029": null}, "Educational Attainment: Bachelors Degree": {"Demographic": null, "2020": 169, "% OF TOTAL": null, "2024": 162, "2029": null}, "Educational Attainment: Advanced Degree": {"Demographic": null, "2020": 110, "% OF TOTAL": null, "2024": 105, "2029": null}, "Households: Number of vehicles available - Average": {"Demographic": null, "2020": 2, "% OF TOTAL": null, "2024": 2, "2029": null}, "Households: No Vehicle available": {"Demographic": null, "2020": 39, "% OF TOTAL": null, "2024": 38, "2029": null}, "Households: 1 Vehicle available": {"Demographic": null, "2020": 74, "% OF TOTAL": null, "2024": 71, "2029": null}, "Households: 2 Vehicles available": {"Demographic": null, "2020": 329, "% OF TOTAL": null, "2024": 314, "2029": null}, "Households: 3 Vehicles available": {"Demographic": null, "2020": 21, "% OF TOTAL": null, "2024": 20, "2029": null}, "Households: 4 or more Vehicles available": {"Demographic": null, "2020": 67, "% OF TOTAL": null, "2024": 64, "2029": null}}, "population_trends": {"Total Population": {"Demographic": null, "2020": 1463, "% OF TOTAL": null, "2024": 1384, "2029": 1300}, "Population Growth": {"Demographic": null, "2020": null, "% OF TOTAL": null, "2024": -5.4, "2029": -6.1}, "Female Population": {"Demographic": null, "2020": 758, "% OF TOTAL": 51.9, "2024": 718, "2029": 675}, "Male Population": {"Demographic": null, "2020": 705, "% OF TOTAL": 48.1, "2024": 666, "2029": 625}, "Total population: Median Age": {"Demographic": null, "2020": 34, "% OF TOTAL": null, "2024": 35, "2029": 36}, "Total population: Under 5 years": {"Demographic": null, "2020": 102, "% OF TOTAL": 6.2, "2024": 90, "2029": 81}, "Total population: 5 - 9 years": {"Demographic": null, "2020": 97, "% OF TOTAL": 6.3, "2024": 91, "2029": 82}, "Total population: 10 - 14 years": {"Demographic": null, "2020": 132, "% OF TOTAL": 7.5, "2024": 117, "2029": 97}, "Total population: 15 - 19 years": {"Demographic": null, "2020": 125, "% OF TOTAL": 8.2, "2024": 123, "2029": 107}, "Total population: 20 - 24 years": {"Demographic": null, "2020": 90, "% OF TOTAL": 6.9, "2024": 85, "2029": 90}, "Total population: 25 - 29 years": {"Demographic": null, "2020": 96, "% OF TOTAL": 6.2, "2024": 88, "2029": 81}, "Total population: 30 - 34 years": {"Demographic": null, "2020": 96, "% OF TOTAL": 6.3, "2024": 91, "2029": 82}, "Total population: 35 - 39 years": {"Demographic": null, "2020": 100, "% OF TOTAL": 7.0, "2024": 95, "2029": 91}, "Total population: 40 - 44 years": {"Demographic": null, "2020": 105, "% OF TOTAL": 7.2, "2024": 104, "2029": 94}, "Total population: 45 - 49 years": {"Demographic": null, "2020": 89, "% OF TOTAL": 6.8, "2024": 83, "2029": 89}, "Total population: 50 - 54 years": {"Demographic": null, "2020": 88, "% OF TOTAL": 5.8, "2024": 83, "2029": 75}, "Total population: 55 - 59 years": {"Demographic": null, "2020": 62, "% OF TOTAL": 4.2, "2024": 53, "2029": 55}, "Total population: 60 - 64 years": {"Demographic": null, "2020": 48, "% OF TOTAL": 3.2, "2024": 46, "2029": 41}, "Total population: 65 - 69 years": {"Demographic": null, "2020": 65, "% OF TOTAL": 4.2, "2024": 63, "2029": 54}, "Total population: 70 - 74 years": {"Demographic": null, "2020": 71, "% OF TOTAL": 5.0, "2024": 68, "2029": 65}, "Total population: 75 - 79 years": {"Demographic": null, "2020": 41, "% OF TOTAL": 3.8, "2024": 44, "2029": 50}, "Total population: 80 - 84 years": {"Demographic": null, "2020": 23, "% OF TOTAL": 2.5, "2024": 27, "2029": 33}, "Total population: 85 years and over": {"Demographic": null, "2020": 33, "% OF TOTAL": 2.5, "2024": 33, "2029": 33}, "Female population: Median Age": {"Demographic": null, "2020": 36, "% OF TOTAL": null, "2024": 37, "2029": 38}, "Female population: Under 5 years": {"Demographic": null, "2020": 41, "% OF TOTAL": 4.9, "2024": 35, "2029": 33}, "Female population: 5 - 9 years": {"Demographic": null, "2020": 56, "% OF TOTAL": 6.2, "2024": 51, "2029": 42}, "Female population: 10 - 14 years": {"Demographic": null, "2020": 66, "% OF TOTAL": 7.4, "2024": 59, "2029": 50}, "Female population: 15 - 19 years": {"Demographic": null, "2020": 54, "% OF TOTAL": 7.3, "2024": 53, "2029": 49}, "Female population: 20 - 24 years": {"Demographic": null, "2020": 46, "% OF TOTAL": 6.5, "2024": 43, "2029": 44}, "Female population: 25 - 29 years": {"Demographic": null, "2020": 53, "% OF TOTAL": 6.4, "2024": 48, "2029": 43}, "Female population: 30 - 34 years": {"Demographic": null, "2020": 47, "% OF TOTAL": 6.2, "2024": 45, "2029": 42}, "Female population: 35 - 39 years": {"Demographic": null, "2020": 53, "% OF TOTAL": 7.1, "2024": 51, "2029": 48}, "Female population: 40 - 44 years": {"Demographic": null, "2020": 65, "% OF TOTAL": 8.3, "2024": 64, "2029": 56}, "Female population: 45 - 49 years": {"Demographic": null, "2020": 39, "% OF TOTAL": 6.5, "2024": 36, "2029": 44}, "Female population: 50 - 54 years": {"Demographic": null, "2020": 45, "% OF TOTAL": 5.3, "2024": 42, "2029": 36}, "Female population: 55 - 59 years": {"Demographic": null, "2020": 28, "% OF TOTAL": 3.9, "2024": 24, "2029": 26}, "Female population: 60 - 64 years": {"Demographic": null, "2020": 24, "% OF TOTAL": 3.0, "2024": 24, "2029": 20}, "Female population: 65 - 69 years": {"Demographic": null, "2020": 35, "% OF TOTAL": 4.3, "2024": 34, "2029": 29}, "Female population: 70 - 74 years": {"Demographic": null, "2020": 36, "% OF TOTAL": 4.9, "2024": 34, "2029": 33}, "Female population: 75 - 79 years": {"Demographic": null, "2020": 30, "% OF TOTAL": 4.7, "2024": 32, "2029": 32}, "Female population: 80 - 84 years": {"Demographic": null, "2020": 19, "% OF TOTAL": 3.9, "2024": 22, "2029": 26}, "Female population: 85 years and over": {"Demographic": null, "2020": 21, "% OF TOTAL": 3.3, "2024": 21, "2029": 22}, "Male population: Median Age": {"Demographic": null, "2020": 32, "% OF TOTAL": null, "2024": 33, "2029": 34}, "Male population: Under 5 years": {"Demographic": null, "2020": 61, "% OF TOTAL": 7.7, "2024": 55, "2029": 48}, "Male population: 5 - 9 years": {"Demographic": null, "2020": 41, "% OF TOTAL": 6.4, "2024": 40, "2029": 40}, "Male population: 10 - 14 years": {"Demographic": null, "2020": 66, "% OF TOTAL": 7.5, "2024": 58, "2029": 47}, "Male population: 15 - 19 years": {"Demographic": null, "2020": 71, "% OF TOTAL": 9.3, "2024": 70, "2029": 58}, "Male population: 20 - 24 years": {"Demographic": null, "2020": 44, "% OF TOTAL": 7.4, "2024": 42, "2029": 46}, "Male population: 25 - 29 years": {"Demographic": null, "2020": 43, "% OF TOTAL": 6.1, "2024": 40, "2029": 38}, "Male population: 30 - 34 years": {"Demographic": null, "2020": 49, "% OF TOTAL": 6.4, "2024": 46, "2029": 40}, "Male population: 35 - 39 years": {"Demographic": null, "2020": 47, "% OF TOTAL": 6.9, "2024": 44, "2029": 43}, "Male population: 40 - 44 years": {"Demographic": null, "2020": 40, "% OF TOTAL": 6.1, "2024": 40, "2029": 38}, "Male population: 45 - 49 years": {"Demographic": null, "2020": 50, "% OF TOTAL": 7.2, "2024": 47, "2029": 45}, "Male population: 50 - 54 years": {"Demographic": null, "2020": 43, "% OF TOTAL": 6.2, "2024": 41, "2029": 39}, "Male population: 55 - 59 years": {"Demographic": null, "2020": 34, "% OF TOTAL": 4.6, "2024": 29, "2029": 29}, "Male population: 60 - 64 years": {"Demographic": null, "2020": 24, "% OF TOTAL": 3.4, "2024": 22, "2029": 21}, "Male population: 65 - 69 years": {"Demographic": null, "2020": 30, "% OF TOTAL": 4.0, "2024": 29, "2029": 25}, "Male population: 70 - 74 years": {"Demographic": null, "2020": 35, "% OF TOTAL": 5.1, "2024": 34, "2029": 32}, "Male population: 75 - 79 years": {"Demographic": null, "2020": 11, "% OF TOTAL": 2.9, "2024": 12, "2029": 18}, "Male population: 80 - 84 years": {"Demographic": null, "2020": 4, "% OF TOTAL": 1.1, "2024": 5, "2029": 7}, "Male population: 85 years and over": {"Demographic": null, "2020": 12, "% OF TOTAL": 1.8, "2024": 12, "2029": 11}, "White alone": {"Demographic": null, "2020": 1211, "% OF TOTAL": 81.8, "2024": 1133, "2029": 1063}, "Black alone": {"Demographic": null, "2020": 128, "% OF TOTAL": 8.9, "2024": 122, "2029": 116}, "American Indian and Alaska Native alone": {"Demographic": null, "2020": 11, "% OF TOTAL": 0.8, "2024": 11, "2029": 10}, "Asian alone": {"Demographic": null, "2020": 27, "% OF TOTAL": 2.0, "2024": 27, "2029": 26}, "Native Hawaiian and OPI alone": {"Demographic": null, "2020": 0, "% OF TOTAL": 0.0, "2024": 0, "2029": 0}, "Some other race alone": {"Demographic": null, "2020": 5, "% OF TOTAL": 0.4, "2024": 5, "2029": 5}, "Two or more races alone": {"Demographic": null, "2020": 81, "% OF TOTAL": 6.2, "2024": 86, "2029": 80}, "Not Hispanic: White alone": {"Demographic": null, "2020": 1206, "% OF TOTAL": 81.4, "2024": 1128, "2029": 1058}, "Not Hispanic: Black or African American alone": {"Demographic": null, "2020": 127, "% OF TOTAL": 8.8, "2024": 121, "2029": 115}, "Not Hispanic: American Indian and Alaska Native alone": {"Demographic": null, "2020": 11, "% OF TOTAL": 0.8, "2024": 11, "2029": 10}, "Not Hispanic: Asian alone": {"Demographic": null, "2020": 27, "% OF TOTAL": 2.0, "2024": 27, "2029": 26}, "Not Hispanic: Native Hawaiian and OPI alone": {"Demographic": null, "2020": 0, "% OF TOTAL": 0.0, "2024": 0, "2029": 0}, "Not Hispanic: Some Other Race alone": {"Demographic": null, "2020": 4, "% OF TOTAL": 0.3, "2024": 4, "2029": 4}, "Not Hispanic: Two or More Races": {"Demographic": null, "2020": 71, "% OF TOTAL": 5.4, "2024": 75, "2029": 70}, "Hispanic: White alone": {"Demographic": null, "2020": 5, "% OF TOTAL": 0.4, "2024": 5, "2029": 5}, "Hispanic: Black or African American alone": {"Demographic": null, "2020": 1, "% OF TOTAL": 0.1, "2024": 1, "2029": 1}, "Hispanic: American Indian and Alaska Native alone": {"Demographic": null, "2020": 0, "% OF TOTAL": 0.0, "2024": 0, "2029": 0}, "Hispanic: Asian alone": {"Demographic": null, "2020": 0, "% OF TOTAL": 0.0, "2024": 0, "2029": 0}, "Hispanic: Native Hawaiian and OPI alone": {"Demographic": null, "2020": 0, "% OF TOTAL": 0.0, "2024": 0, "2029": 0}, "Hispanic: Some Other Race alone": {"Demographic": null, "2020": 1, "% OF TOTAL": 0.1, "2024": 1, "2029": 1}, "Hispanic: Two or More Races": {"Demographic": null, "2020": 10, "% OF TOTAL": 0.8, "2024": 11, "2029": 10}, "Educational Attainment: No High School Diploma": {"Demographic": null, "2020": 72, "% OF TOTAL": null, "2024": 69, "2029": null}, "Educational Attainment: High School Diploma": {"Demographic": null, "2020": 379, "% OF TOTAL": null, "2024": 363, "2029": null}, "Educational Attainment: Some College": {"Demographic": null, "2020": 92, "% OF TOTAL": null, "2024": 88, "2029": null}, "Educational Attainment: Associates Degree": {"Demographic": null, "2020": 95, "% OF TOTAL": null, "2024": 91, "2029": null}, "Educational Attainment: Bachelors Degree": {"Demographic": null, "2020": 169, "% OF TOTAL": null, "2024": 162, "2029": null}, "Educational Attainment: Advanced Degree": {"Demographic": null, "2020": 110, "% OF TOTAL": null, "2024": 105, "2029": null}, "Employment Status: Armed Forces": {"Demographic": null, "2020": 0, "% OF TOTAL": null, "2024": 0, "2029": null}, "Employment Status: Civilian labor force employed": {"Demographic": null, "2020": 640, "% OF TOTAL": null, "2024": 622, "2029": null}, "Employment Status: Civilian labor force unemployed": {"Demographic": null, "2020": 21, "% OF TOTAL": null, "2024": 21, "2029": null}, "Employment Status: Not in labor force": {"Demographic": null, "2020": 443, "% OF TOTAL": null, "2024": 431, "2029": null}, "Employed in Agriculture and Mining Industries": {"Demographic": null, "2020": 0, "% OF TOTAL": null, "2024": 0, "2029": null}, "Employed in Construction Industries": {"Demographic": null, "2020": 39, "% OF TOTAL": null, "2024": 38, "2029": null}, "Employed in Manufacturing Industries": {"Demographic": null, "2020": 88, "% OF TOTAL": null, "2024": 85, "2029": null}, "Employed in Wholesale Industries": {"Demographic": null, "2020": 0, "% OF TOTAL": null, "2024": 0, "2029": null}, "Employed in Retail Industries": {"Demographic": null, "2020": 6, "% OF TOTAL": null, "2024": 6, "2029": null}, "Employed in Transportation and Utilities Industries": {"Demographic": null, "2020": 132, "% OF TOTAL": null, "2024": 128, "2029": null}, "Employed in Information Industries": {"Demographic": null, "2020": 3, "% OF TOTAL": null, "2024": 3, "2029": null}, "Employed in Real-Estate Industries": {"Demographic": null, "2020": 0, "% OF TOTAL": null, "2024": 0, "2029": null}, "Employed in Professional Industries": {"Demographic": null, "2020": 72, "% OF TOTAL": null, "2024": 70, "2029": null}, "Employed in Health and Education Industries": {"Demographic": null, "2020": 137, "% OF TOTAL": null, "2024": 133, "2029": null}, "Employed in Art Industries": {"Demographic": null, "2020": 37, "% OF TOTAL": null, "2024": 36, "2029": null}, "Employed in Other Industries": {"Demographic": null, "2020": 39, "% OF TOTAL": null, "2024": 38, "2029": null}, "Employed in Public Administration Industries": {"Demographic": null, "2020": 87, "% OF TOTAL": null, "2024": 85, "2029": null}, "Occupation: Management": {"Demographic": null, "2020": 141, "% OF TOTAL": null, "2024": 137, "2029": null}, "Occupation: Business and financial operations": {"Demographic": null, "2020": 0, "% OF TOTAL": null, "2024": 0, "2029": null}, "Occupation: Computer and mathematical": {"Demographic": null, "2020": 0, "% OF TOTAL": null, "2024": 0, "2029": null}, "Occupation: Architecture and engineering": {"Demographic": null, "2020": 0, "% OF TOTAL": null, "2024": 0, "2029": null}, "Occupation: Life, physical, and social science": {"Demographic": null, "2020": 0, "% OF TOTAL": null, "2024": 0, "2029": null}, "Occupation: Community and social service": {"Demographic": null, "2020": 14, "% OF TOTAL": null, "2024": 14, "2029": null}, "Occupation: Legal": {"Demographic": null, "2020": 0, "% OF TOTAL": null, "2024": 0, "2029": null}, "Occupation: Education, training, and library": {"Demographic": null, "2020": 28, "% OF TOTAL": null, "2024": 27, "2029": null}, "Occupation: Arts, design, entertainment, sports, and media": {"Demographic": null, "2020": 17, "% OF TOTAL": null, "2024": 16, "2029": null}, "Occupation: Health diagnosing and treating practitioners": {"Demographic": null, "2020": 35, "% OF TOTAL": null, "2024": 34, "2029": null}, "Occupation: Health technologists and technicians": {"Demographic": null, "2020": 6, "% OF TOTAL": null, "2024": 6, "2029": null}, "Occupation: Healthcare support": {"Demographic": null, "2020": 58, "% OF TOTAL": null, "2024": 56, "2029": null}, "Occupation: Fire fighting and prevention": {"Demographic": null, "2020": 0, "% OF TOTAL": null, "2024": 0, "2029": null}, "Occupation: Law enforcement workers": {"Demographic": null, "2020": 46, "% OF TOTAL": null, "2024": 45, "2029": null}, "Occupation: Food preparation and serving related": {"Demographic": null, "2020": 5, "% OF TOTAL": null, "2024": 5, "2029": null}, "Occupation: Building and grounds cleaning and maintenance": {"Demographic": null, "2020": 92, "% OF TOTAL": null, "2024": 89, "2029": null}, "Occupation: Personal care and service": {"Demographic": null, "2020": 6, "% OF TOTAL": null, "2024": 6, "2029": null}, "Occupation: Sales and related": {"Demographic": null, "2020": 10, "% OF TOTAL": null, "2024": 10, "2029": null}, "Occupation: Office and administrative support": {"Demographic": null, "2020": 65, "% OF TOTAL": null, "2024": 63, "2029": null}, "Occupation: Farming, fishing, and forestry": {"Demographic": null, "2020": 0, "% OF TOTAL": null, "2024": 0, "2029": null}, "Occupation: Construction and extraction": {"Demographic": null, "2020": 19, "% OF TOTAL": null, "2024": 18, "2029": null}, "Occupation: Installation, maintenance, and repair": {"Demographic": null, "2020": 17, "% OF TOTAL": null, "2024": 17, "2029": null}, "Occupation: Production": {"Demographic": null, "2020": 74, "% OF TOTAL": null, "2024": 72, "2029": null}, "Occupation: Transportation": {"Demographic": null, "2020": 0, "% OF TOTAL": null, "2024": 0, "2029": null}, "Occupation: Material moving": {"Demographic": null, "2020": 7, "% OF TOTAL": null, "2024": 7, "2029": null}, "White collar": {"Demographic": null, "2020": 316, "% OF TOTAL": null, "2024": 307, "2029": null}, "Blue collar": {"Demographic": null, "2020": 324, "% OF TOTAL": null, "2024": 315, "2029": null}, "Means of transportation: Car, truck or van": {"Demographic": null, "2020": 626, "% OF TOTAL": null, "2024": 609, "2029": null}, "Means of transportation: Public transportation": {"Demographic": null, "2020": 0, "% OF TOTAL": null, "2024": 0, "2029": null}, "Means of transportation: Other": {"Demographic": null, "2020": 0, "% OF TOTAL": null, "2024": 0, "2029": null}, "Travel time: Average (in minutes)": {"Demographic": null, "2020": 25, "% OF TOTAL": null, "2024": 25, "2029": null}, "Travel time to work: Less than 30 minutes": {"Demographic": null, "2020": 494, "% OF TOTAL": null, "2024": 481, "2029": null}, "Travel time to work: 30 to 60 minutes": {"Demographic": null, "2020": 111, "% OF TOTAL": null, "2024": 108, "2029": null}, "Travel time to work: 60 or more minutes": {"Demographic": null, "2020": 21, "% OF TOTAL": null, "2024": 20, "2029": null}}, "household_trends": {"Households": {"Demographic": null, "2020": 530, "% OF TOTAL": null, "2024": 507, "2029": 483}, "Households Growth": {"Demographic": null, "2020": null, "% OF TOTAL": null, "2024": -4.3, "2029": -4.7}, "Householder Age 15-24": {"Demographic": null, "2020": 28, "% OF TOTAL": 5.4, "2024": 27, "2029": 26}, "Householder Age 25-34": {"Demographic": null, "2020": 88, "% OF TOTAL": 15.7, "2024": 84, "2029": 76}, "Householder Age 35-44": {"Demographic": null, "2020": 102, "% OF TOTAL": 18.6, "2024": 98, "2029": 90}, "Householder Age 45-54": {"Demographic": null, "2020": 91, "% OF TOTAL": 17.6, "2024": 87, "2029": 85}, "Householder Age 55-64": {"Demographic": null, "2020": 88, "% OF TOTAL": 16.8, "2024": 84, "2029": 81}, "Householder Age 65-74": {"Demographic": null, "2020": 69, "% OF TOTAL": 12.2, "2024": 66, "2029": 59}, "Householder Age 75+": {"Demographic": null, "2020": 64, "% OF TOTAL": 13.7, "2024": 61, "2029": 66}, "Average Household Size": {"Demographic": null, "2020": 2.8, "% OF TOTAL": null, "2024": 2.7, "2029": 2.7}, "1 Person Households": {"Demographic": null, "2020": 106, "% OF TOTAL": 20.7, "2024": 102, "2029": 100}, "2 Person Households": {"Demographic": null, "2020": 162, "% OF TOTAL": 31.5, "2024": 156, "2029": 152}, "3 Person Households": {"Demographic": null, "2020": 108, "% OF TOTAL": 20.7, "2024": 103, "2029": 100}, "4 Person Households": {"Demographic": null, "2020": 99, "% OF TOTAL": 17.6, "2024": 93, "2029": 85}, "5 Person Households": {"Demographic": null, "2020": 37, "% OF TOTAL": 6.4, "2024": 35, "2029": 31}, "6 Person Households": {"Demographic": null, "2020": 10, "% OF TOTAL": 1.7, "2024": 10, "2029": 8}, "7+ Person Households": {"Demographic": null, "2020": 8, "% OF TOTAL": 1.4, "2024": 8, "2029": 7}, "Household Type: Family": {"Demographic": null, "2020": 400, "% OF TOTAL": null, "2024": 383, "2029": null}, "Household Type: Married Family": {"Demographic": null, "2020": 257, "% OF TOTAL": null, "2024": 246, "2029": null}, "Household Type: Married Family With Children": {"Demographic": null, "2020": 104, "% OF TOTAL": null, "2024": 100, "2029": null}, "Household Type: Married Family Without Children": {"Demographic": null, "2020": 153, "% OF TOTAL": null, "2024": 146, "2029": null}, "Household Type: Other Family": {"Demographic": null, "2020": 143, "% OF TOTAL": null, "2024": 137, "2029": null}, "Household Type: Male Households, No Wife": {"Demographic": null, "2020": 36, "% OF TOTAL": null, "2024": 34, "2029": null}, "Household Type: Male Households, No Wife With Children": {"Demographic": null, "2020": 20, "% OF TOTAL": null, "2024": 19, "2029": null}, "Household Type: Male Households, No Wife Without Children": {"Demographic": null, "2020": 16, "% OF TOTAL": null, "2024": 15, "2029": null}, "Household Type: Female Households, No Husband": {"Demographic": null, "2020": 107, "% OF TOTAL": null, "2024": 103, "2029": null}, "Household Type: Female Households, No Husband With Children": {"Demographic": null, "2020": 57, "% OF TOTAL": null, "2024": 55, "2029": null}, "Household Type: Female Households, No Husband Without Children": {"Demographic": null, "2020": 50, "% OF TOTAL": null, "2024": 48, "2029": null}, "Household Income: Average": {"Demographic": null, "2020": 109844, "% OF TOTAL": null, "2024": 117328, "2029": 138261}, "Household Income: Median": {"Demographic": null, "2020": 0, "% OF TOTAL": null, "2024": 70595, "2029": 110539}, "Household Income: Less than $25k": {"Demographic": null, "2020": 65, "% OF TOTAL": 7.9, "2024": 52, "2029": 38}, "Household Income: $25k - $50k": {"Demographic": null, "2020": 119, "% OF TOTAL": 12.0, "2024": 84, "2029": 58}, "Household Income: $50k - $75k": {"Demographic": null, "2020": 125, "% OF TOTAL": 22.4, "2024": 136, "2029": 108}, "Household Income: $75k - $100k": {"Demographic": null, "2020": 18, "% OF TOTAL": 3.3, "2024": 18, "2029": 16}, "Household Income: $100k - $125k": {"Demographic": null, "2020": 48, "% OF TOTAL": 10.6, "2024": 45, "2029": 51}, "Household Income: $125k - $150k": {"Demographic": null, "2020": 30, "% OF TOTAL": 6.8, "2024": 35, "2029": 33}, "Household Income: $150k - $200k": {"Demographic": null, "2020": 52, "% OF TOTAL": 19.7, "2024": 67, "2029": 95}, "Household Income: Above $200k": {"Demographic": null, "2020": 73, "% OF TOTAL": 17.4, "2024": 70, "2029": 84}, "Total Housing Units": {"Demographic": null, "2020": 553, "% OF TOTAL": null, "2024": null, "2029": null}, "Owner Occupied Housing Units": {"Demographic": null, "2020": 352, "% OF TOTAL": null, "2024": 337, "2029": null}, "Renter Occupied Housing Units": {"Demographic": null, "2020": 178, "% OF TOTAL": null, "2024": 170, "2029": null}, "Vacant Housing Units": {"Demographic": null, "2020": 23, "% OF TOTAL": null, "2024": null, "2029": null}, "Vacant Housing Units: Seasonal": {"Demographic": null, "2020": 0, "% OF TOTAL": null, "2024": null, "2029": null}, "Vacant Housing Units: Other Usage": {"Demographic": null, "2020": 23, "% OF TOTAL": null, "2024": null, "2029": null}, "Average Housing Unit Value": {"Demographic": null, "2020": 162266, "% OF TOTAL": null, "2024": 162441, "2029": null}, "Median Housing Unit Value": {"Demographic": null, "2020": 172170, "% OF TOTAL": null, "2024": 172304, "2029": null}, "Housing Unit Value Less Than $100k": {"Demographic": null, "2020": 41, "% OF TOTAL": null, "2024": 39, "2029": null}, "Housing Unit Value $100k-$200k": {"Demographic": null, "2020": 267, "% OF TOTAL": null, "2024": 256, "2029": null}, "Housing Unit Value $200k-$250k": {"Demographic": null, "2020": 17, "% OF TOTAL": null, "2024": 16, "2029": null}, "Housing Unit Value $250k-$300k": {"Demographic": null, "2020": 21, "% OF TOTAL": null, "2024": 20, "2029": null}, "Housing Unit Value $300k-$400k": {"Demographic": null, "2020": 6, "% OF TOTAL": null, "2024": 6, "2029": null}, "Housing Unit Value $400k-$500k": {"Demographic": null, "2020": 0, "% OF TOTAL": null, "2024": 0, "2029": null}, "Housing Unit Value $500k-$750k": {"Demographic": null, "2020": 0, "% OF TOTAL": null, "2024": 0, "2029": null}, "Housing Unit Value $750k-$1m": {"Demographic": null, "2020": 0, "% OF TOTAL": null, "2024": 0, "2029": null}, "Housing Unit Value $1m-$1.5m": {"Demographic": null, "2020": 0, "% OF TOTAL": null, "2024": 0, "2029": null}, "Housing Unit Value $1.5m-$2m": {"Demographic": null, "2020": 0, "% OF TOTAL": null, "2024": 0, "2029": null}, "Housing Unit Value Above $2m": {"Demographic": null, "2020": 0, "% OF TOTAL": null, "2024": 0, "2029": null}, "Median Housing Unit Year Built": {"Demographic": null, "2020": 1976, "% OF TOTAL": null, "2024": 1976, "2029": null}, "Housing Units Built 2014 Or After": {"Demographic": null, "2020": 0, "% OF TOTAL": null, "2024": 0, "2029": null}, "Housing Units Built 2010-2013": {"Demographic": null, "2020": 0, "% OF TOTAL": null, "2024": 0, "2029": null}, "Housing Units Built 2000-2009": {"Demographic": null, "2020": 0, "% OF TOTAL": null, "2024": 0, "2029": null}, "Housing Units Built 1990-1999": {"Demographic": null, "2020": 46, "% OF TOTAL": null, "2024": 44, "2029": null}, "Housing Units Built 1980-1989": {"Demographic": null, "2020": 184, "% OF TOTAL": null, "2024": 175, "2029": null}, "Housing Units Built 1970-1979": {"Demographic": null, "2020": 82, "% OF TOTAL": null, "2024": 78, "2029": null}, "Housing Units Built 1960-1969": {"Demographic": null, "2020": 175, "% OF TOTAL": null, "2024": 168, "2029": null}, "Housing Units Built 1950-1959": {"Demographic": null, "2020": 43, "% OF TOTAL": null, "2024": 42, "2029": null}, "Housing Units Built 1940-1949": {"Demographic": null, "2020": 0, "% OF TOTAL": null, "2024": 0, "2029": null}, "Housing Units Built Before 1940": {"Demographic": null, "2020": 0, "% OF TOTAL": null, "2024": 0, "2029": null}}, "consumer_segments": {"Entry Level Suburban": {"households": 81, "pct": 18.2}, "Elite": {"households": 47, "pct": 10.6}, "Active Adult Feature and Location": {"households": 42, "pct": 9.5}, "Renters": {"households": 41, "pct": 9.2}, "Family Life Young Children": {"households": 38, "pct": 8.6}, "Simple Life Moderate Income No Children": {"households": 32, "pct": 7.2}, "Active Adult Entry Level": {"households": 32, "pct": 7.2}, "Simple Life Affluent No Children": {"households": 29, "pct": 6.5}, "Active Adult Elite": {"households": 29, "pct": 6.5}, "Feature and Location": {"households": 26, "pct": 5.9}, "Family Life School Age Children": {"households": 20, "pct": 4.5}, "Renters Near Term Buyers": {"households": 16, "pct": 3.6}, "Simple Life Moderate Income With Children": {"households": 11, "pct": 2.5}, "Entry Level Urban": {"households": 0, "pct": 0.0}}, "income_age": {"2020": {}, "2024": {}, "2029": {}}, "population_2024": 1384, "population_2029": 1300, "households_2024": 507, "households_2029": 483, "median_household_income_2024": 70595, "median_household_income_2029": 110539, "mean_household_income_2024": null, "mean_household_income_2029": null, "median_age_2024": 35, "median_age_2029": 36, "median_home_value_2024": 172304, "average_household_size_2024": 2.7, "average_household_size_2029": 2.7, "population_growth_2024_2029": -5.4, "households_growth_2024_2029": -4.3}, "geometry": {"type": "Polygon", "coordinates": [[[-88.11424, 30.834658], [-88.088552, 30.834877], [-88.088224, 30.805838], [-88.116227, 30.8056], [-88.11424, 30.834658]]]}}, {"type": "Feature", "properties": {"block": "044", "block_num": 44, "CentroidLon": -87.91506065213912, "CentroidLat": 30.79278021311452, "submarket": "North Mobile", "data_status": "no data", "is_anomalous": false, "anomaly_reason": null, "files_present": ""}, "geometry": {"type": "Polygon", "coordinates": [[[-87.910358, 30.778168], [-87.919735, 30.778101], [-87.920011, 30.807142], [-87.910138, 30.807211], [-87.910358, 30.778168]]]}}, {"type": "Feature", "properties": {"block": "045", "block_num": 45, "CentroidLon": -87.93669207247184, "CentroidLat": 30.79250079409073, "submarket": "North Mobile", "data_status": "no data", "is_anomalous": false, "anomaly_reason": null, "files_present": ""}, "geometry": {"type": "Polygon", "coordinates": [[[-87.953368, 30.777859], [-87.953655, 30.806898], [-87.920011, 30.807142], [-87.919735, 30.778101], [-87.953368, 30.777859]]]}}, {"type": "Feature", "properties": {"block": "046", "block_num": 46, "CentroidLon": -87.97033051160864, "CentroidLat": 30.79225321829857, "submarket": "North Mobile", "data_status": "no data", "is_anomalous": false, "anomaly_reason": null, "files_present": ""}, "geometry": {"type": "Polygon", "coordinates": [[[-87.987001, 30.777607], [-87.987298, 30.806646], [-87.953655, 30.806898], [-87.953368, 30.777859], [-87.987001, 30.777607]]]}}, {"type": "Feature", "properties": {"block": "047", "block_num": 47, "CentroidLon": -88.00396825086277, "CentroidLat": 30.791997142964046, "submarket": "North Mobile", "data_status": "no data", "is_anomalous": false, "anomaly_reason": null, "files_present": ""}, "geometry": {"type": "Polygon", "coordinates": [[[-88.020634, 30.777347], [-88.02094, 30.806386], [-87.987298, 30.806646], [-87.987001, 30.777607], [-88.020634, 30.777347]]]}}, {"type": "Feature", "properties": {"block": "048", "block_num": 48, "CentroidLon": -88.03760576013434, "CentroidLat": 30.791732288812423, "submarket": "North Mobile", "data_status": "no data", "is_anomalous": false, "anomaly_reason": null, "files_present": ""}, "geometry": {"type": "Polygon", "coordinates": [[[-88.054266, 30.777077], [-88.054583, 30.806116], [-88.02094, 30.806386], [-88.020634, 30.777347], [-88.054266, 30.777077]]]}}, {"type": "Feature", "properties": {"block": "049", "block_num": 49, "CentroidLon": -88.07124243367893, "CentroidLat": 30.79145847587056, "submarket": "North Mobile", "data_status": "usable", "is_anomalous": false, "anomaly_reason": null, "files_present": "DemographicSnapshot-26.08.06.csv;PopulationTrends-26.08.06.csv;HouseholdTrends-26.08.06.csv;HouseholdIncomeByAge-26.08.06.csv;ConsumerSegmentation-26.08.06.csv", "demographic_snapshot": {"Total Population": {"Demographic": null, "2020": 3775, "% OF TOTAL": null, "2024": 3832, "2029": 3754}, "Households": {"Demographic": null, "2020": 1624, "% OF TOTAL": null, "2024": 1670, "2029": 1665}, "Population in Group Quarters": {"Demographic": null, "2020": 0, "% OF TOTAL": null, "2024": 0, "2029": 0}, "Households Growth": {"Demographic": null, "2020": null, "% OF TOTAL": null, "2024": 2.8, "2029": -0.3}, "Household Income: Median": {"Demographic": null, "2020": 0, "% OF TOTAL": null, "2024": 49356, "2029": 70851}, "Home Value: Median": {"Demographic": null, "2020": 151287, "% OF TOTAL": null, "2024": 151071, "2029": null}, "Population Growth": {"Demographic": null, "2020": null, "% OF TOTAL": null, "2024": 1.5, "2029": -2.0}, "Total Population: Under 19 years": {"Demographic": null, "2020": 992, "% OF TOTAL": 24.7, "2024": 998, "2029": 929}, "Total Population: 20 - 64 years": {"Demographic": null, "2020": 2087, "% OF TOTAL": 53.6, "2024": 2079, "2029": 2012}, "Total Population: 65 years and over": {"Demographic": null, "2020": 696, "% OF TOTAL": 21.7, "2024": 755, "2029": 813}, "Total population: Median age": {"Demographic": null, "2020": 38, "% OF TOTAL": null, "2024": 38, "2029": 39}, "Total population: Under 5 years": {"Demographic": null, "2020": 232, "% OF TOTAL": 5.7, "2024": 230, "2029": 215}, "Total population: 5 - 9 years": {"Demographic": null, "2020": 280, "% OF TOTAL": 6.7, "2024": 290, "2029": 252}, "Total population: 10 - 14 years": {"Demographic": null, "2020": 250, "% OF TOTAL": 6.4, "2024": 241, "2029": 239}, "Total population: 15 - 19 years": {"Demographic": null, "2020": 230, "% OF TOTAL": 5.9, "2024": 237, "2029": 223}, "Total population: 20 - 24 years": {"Demographic": null, "2020": 224, "% OF TOTAL": 5.9, "2024": 225, "2029": 220}, "Total population: 25 - 29 years": {"Demographic": null, "2020": 289, "% OF TOTAL": 6.8, "2024": 279, "2029": 254}, "Total population: 30 - 34 years": {"Demographic": null, "2020": 236, "% OF TOTAL": 6.4, "2024": 248, "2029": 242}, "Total population: 35 - 39 years": {"Demographic": null, "2020": 226, "% OF TOTAL": 6.3, "2024": 227, "2029": 235}, "Total population: 40 - 44 years": {"Demographic": null, "2020": 222, "% OF TOTAL": 6.1, "2024": 234, "2029": 230}, "Total population: 45 - 49 years": {"Demographic": null, "2020": 207, "% OF TOTAL": 5.9, "2024": 203, "2029": 221}, "Total population: 50 - 54 years": {"Demographic": null, "2020": 214, "% OF TOTAL": 5.3, "2024": 213, "2029": 199}, "Total population: 55 - 59 years": {"Demographic": null, "2020": 236, "% OF TOTAL": 5.5, "2024": 217, "2029": 205}, "Total population: 60 - 64 years": {"Demographic": null, "2020": 233, "% OF TOTAL": 5.5, "2024": 233, "2029": 206}, "Total population: 65 - 69 years": {"Demographic": null, "2020": 178, "% OF TOTAL": 5.2, "2024": 189, "2029": 197}, "Total population: 70 - 74 years": {"Demographic": null, "2020": 173, "% OF TOTAL": 4.9, "2024": 181, "2029": 185}, "Total population: 75 - 79 years": {"Demographic": null, "2020": 138, "% OF TOTAL": 4.5, "2024": 160, "2029": 168}, "Total population: 80 - 84 years": {"Demographic": null, "2020": 112, "% OF TOTAL": 3.9, "2024": 126, "2029": 147}, "Total population: 85 years and over": {"Demographic": null, "2020": 95, "% OF TOTAL": 3.1, "2024": 99, "2029": 116}, "Householders Age 15-24": {"Demographic": null, "2020": 71, "% OF TOTAL": 4.4, "2024": 73, "2029": 74}, "Householders Age 25-34": {"Demographic": null, "2020": 259, "% OF TOTAL": 15.1, "2024": 266, "2029": 252}, "Householders Age 35-44": {"Demographic": null, "2020": 264, "% OF TOTAL": 16.5, "2024": 272, "2029": 275}, "Householders Age 45-54": {"Demographic": null, "2020": 226, "% OF TOTAL": 14.1, "2024": 232, "2029": 235}, "Householders Age 55-64": {"Demographic": null, "2020": 324, "% OF TOTAL": 18.2, "2024": 333, "2029": 303}, "Householders Age 65-74": {"Demographic": null, "2020": 237, "% OF TOTAL": 15.1, "2024": 244, "2029": 252}, "Householders Age 75+": {"Demographic": null, "2020": 243, "% OF TOTAL": 16.5, "2024": 250, "2029": 274}, "Household income: Average": {"Demographic": null, "2020": 54932, "% OF TOTAL": null, "2024": 62148, "2029": 75909}, "Household income: Less than 25k": {"Demographic": null, "2020": 649, "% OF TOTAL": 24.4, "2024": 576, "2029": 407}, "Household income: 25k - 50k": {"Demographic": null, "2020": 266, "% OF TOTAL": 12.9, "2024": 248, "2029": 215}, "Household income: 50k - 75k": {"Demographic": null, "2020": 219, "% OF TOTAL": 14.5, "2024": 251, "2029": 242}, "Household income: 75k - 100k": {"Demographic": null, "2020": 191, "% OF TOTAL": 16.2, "2024": 221, "2029": 270}, "Household income: 100k - 125k": {"Demographic": null, "2020": 133, "% OF TOTAL": 11.4, "2024": 141, "2029": 190}, "Household income: 125k - 150k": {"Demographic": null, "2020": 127, "% OF TOTAL": 14.4, "2024": 175, "2029": 239}, "Household income: 150k - 200k": {"Demographic": null, "2020": 32, "% OF TOTAL": 5.3, "2024": 50, "2029": 88}, "Household income: Above 200k": {"Demographic": null, "2020": 7, "% OF TOTAL": 0.8, "2024": 8, "2029": 14}, "White Alone": {"Demographic": null, "2020": 2534, "% OF TOTAL": 66.1, "2024": 2534, "2029": 2482}, "Black or African American Alone": {"Demographic": null, "2020": 921, "% OF TOTAL": 24.6, "2024": 945, "2029": 925}, "American Indian and Alaska Native Alone": {"Demographic": null, "2020": 21, "% OF TOTAL": 0.6, "2024": 23, "2029": 22}, "Asian Alone": {"Demographic": null, "2020": 51, "% OF TOTAL": 1.5, "2024": 54, "2029": 55}, "Native Hawaiian and OPI Alone": {"Demographic": null, "2020": 0, "% OF TOTAL": 0.0, "2024": 0, "2029": 0}, "Some Other Race Alone": {"Demographic": null, "2020": 40, "% OF TOTAL": 1.0, "2024": 40, "2029": 39}, "Two or More Races Alone": {"Demographic": null, "2020": 208, "% OF TOTAL": 6.2, "2024": 236, "2029": 231}, "Not Hispanic or Latino": {"Demographic": null, "2020": 3684, "% OF TOTAL": 97.3, "2024": 3730, "2029": 3654}, "Hispanic or Latino": {"Demographic": null, "2020": 91, "% OF TOTAL": 2.7, "2024": 102, "2029": 100}, "Total Housing Units": {"Demographic": null, "2020": 1781, "% OF TOTAL": null, "2024": null, "2029": null}, "Owner Occupied Housing Units": {"Demographic": null, "2020": 901, "% OF TOTAL": null, "2024": 926, "2029": null}, "Renter Occupied Housing Units": {"Demographic": null, "2020": 723, "% OF TOTAL": null, "2024": 744, "2029": null}, "Housing Units Value Less Than 100k": {"Demographic": null, "2020": 241, "% OF TOTAL": null, "2024": 249, "2029": null}, "Housing Units Value 100k - 200k": {"Demographic": null, "2020": 496, "% OF TOTAL": null, "2024": 510, "2029": null}, "Housing Units Value 200k - 250k": {"Demographic": null, "2020": 133, "% OF TOTAL": null, "2024": 136, "2029": null}, "Housing Units Value 250k - 300k": {"Demographic": null, "2020": 31, "% OF TOTAL": null, "2024": 31, "2029": null}, "Housing Units Value 300k - 400k": {"Demographic": null, "2020": 0, "% OF TOTAL": null, "2024": 0, "2029": null}, "Housing Units Value 400k - 500k": {"Demographic": null, "2020": 0, "% OF TOTAL": null, "2024": 0, "2029": null}, "Housing Units Value 500k - 750k": {"Demographic": null, "2020": 0, "% OF TOTAL": null, "2024": 0, "2029": null}, "Housing Units Value 750k - 1m": {"Demographic": null, "2020": 0, "% OF TOTAL": null, "2024": 0, "2029": null}, "Housing Units Value 1m - 1.5m": {"Demographic": null, "2020": 0, "% OF TOTAL": null, "2024": 0, "2029": null}, "Housing Units Value 1.5m - 2m": {"Demographic": null, "2020": 0, "% OF TOTAL": null, "2024": 0, "2029": null}, "Housing Units Value >2m": {"Demographic": null, "2020": 0, "% OF TOTAL": null, "2024": 0, "2029": null}, "Take Car or Truck to Work": {"Demographic": null, "2020": 1631, "% OF TOTAL": null, "2024": 1675, "2029": null}, "Take Public Transportation to Work": {"Demographic": null, "2020": 0, "% OF TOTAL": null, "2024": 0, "2029": null}, "Take Other Means of Transportation to Work": {"Demographic": null, "2020": 0, "% OF TOTAL": null, "2024": 0, "2029": null}, "Average Travel Time (min)": {"Demographic": null, "2020": 26, "% OF TOTAL": null, "2024": 26, "2029": null}, "Travel Below 30 Min to Work": {"Demographic": null, "2020": 1117, "% OF TOTAL": null, "2024": 1150, "2029": null}, "Travel 30-60 Min to Work": {"Demographic": null, "2020": 471, "% OF TOTAL": null, "2024": 481, "2029": null}, "Travel Above 60 Min to Work": {"Demographic": null, "2020": 94, "% OF TOTAL": null, "2024": 44, "2029": null}, "Educational Attainment: No High School Diploma": {"Demographic": null, "2020": 1322, "% OF TOTAL": null, "2024": 1347, "2029": null}, "Educational Attainment: High School Diploma": {"Demographic": null, "2020": 1077, "% OF TOTAL": null, "2024": 1097, "2029": null}, "Educational Attainment: Some College": {"Demographic": null, "2020": 1174, "% OF TOTAL": null, "2024": 1199, "2029": null}, "Educational Attainment: Associate's Degree": {"Demographic": null, "2020": 183, "% OF TOTAL": null, "2024": 187, "2029": null}, "Educational Attainment: Bachelors Degree": {"Demographic": null, "2020": 351, "% OF TOTAL": null, "2024": 357, "2029": null}, "Educational Attainment: Advanced Degree": {"Demographic": null, "2020": 63, "% OF TOTAL": null, "2024": 63, "2029": null}, "Households: Number of vehicles available - Average": {"Demographic": null, "2020": 1, "% OF TOTAL": null, "2024": 1, "2029": null}, "Households: No Vehicle available": {"Demographic": null, "2020": 56, "% OF TOTAL": null, "2024": 57, "2029": null}, "Households: 1 Vehicle available": {"Demographic": null, "2020": 660, "% OF TOTAL": null, "2024": 678, "2029": null}, "Households: 2 Vehicles available": {"Demographic": null, "2020": 461, "% OF TOTAL": null, "2024": 475, "2029": null}, "Households: 3 Vehicles available": {"Demographic": null, "2020": 320, "% OF TOTAL": null, "2024": 330, "2029": null}, "Households: 4 or more Vehicles available": {"Demographic": null, "2020": 127, "% OF TOTAL": null, "2024": 130, "2029": null}}, "population_trends": {"Total Population": {"Demographic": null, "2020": 3775, "% OF TOTAL": null, "2024": 3832, "2029": 3754}, "Population Growth": {"Demographic": null, "2020": null, "% OF TOTAL": null, "2024": 1.5, "2029": -2.0}, "Female Population": {"Demographic": null, "2020": 2020, "% OF TOTAL": 53.6, "2024": 2055, "2029": 2012}, "Male Population": {"Demographic": null, "2020": 1755, "% OF TOTAL": 46.4, "2024": 1777, "2029": 1742}, "Total population: Median Age": {"Demographic": null, "2020": 38, "% OF TOTAL": null, "2024": 38, "2029": 39}, "Total population: Under 5 years": {"Demographic": null, "2020": 232, "% OF TOTAL": 5.7, "2024": 230, "2029": 215}, "Total population: 5 - 9 years": {"Demographic": null, "2020": 280, "% OF TOTAL": 6.7, "2024": 290, "2029": 252}, "Total population: 10 - 14 years": {"Demographic": null, "2020": 250, "% OF TOTAL": 6.4, "2024": 241, "2029": 239}, "Total population: 15 - 19 years": {"Demographic": null, "2020": 230, "% OF TOTAL": 5.9, "2024": 237, "2029": 223}, "Total population: 20 - 24 years": {"Demographic": null, "2020": 224, "% OF TOTAL": 5.9, "2024": 225, "2029": 220}, "Total population: 25 - 29 years": {"Demographic": null, "2020": 289, "% OF TOTAL": 6.8, "2024": 279, "2029": 254}, "Total population: 30 - 34 years": {"Demographic": null, "2020": 236, "% OF TOTAL": 6.4, "2024": 248, "2029": 242}, "Total population: 35 - 39 years": {"Demographic": null, "2020": 226, "% OF TOTAL": 6.3, "2024": 227, "2029": 235}, "Total population: 40 - 44 years": {"Demographic": null, "2020": 222, "% OF TOTAL": 6.1, "2024": 234, "2029": 230}, "Total population: 45 - 49 years": {"Demographic": null, "2020": 207, "% OF TOTAL": 5.9, "2024": 203, "2029": 221}, "Total population: 50 - 54 years": {"Demographic": null, "2020": 214, "% OF TOTAL": 5.3, "2024": 213, "2029": 199}, "Total population: 55 - 59 years": {"Demographic": null, "2020": 236, "% OF TOTAL": 5.5, "2024": 217, "2029": 205}, "Total population: 60 - 64 years": {"Demographic": null, "2020": 233, "% OF TOTAL": 5.5, "2024": 233, "2029": 206}, "Total population: 65 - 69 years": {"Demographic": null, "2020": 178, "% OF TOTAL": 5.2, "2024": 189, "2029": 197}, "Total population: 70 - 74 years": {"Demographic": null, "2020": 173, "% OF TOTAL": 4.9, "2024": 181, "2029": 185}, "Total population: 75 - 79 years": {"Demographic": null, "2020": 138, "% OF TOTAL": 4.5, "2024": 160, "2029": 168}, "Total population: 80 - 84 years": {"Demographic": null, "2020": 112, "% OF TOTAL": 3.9, "2024": 126, "2029": 147}, "Total population: 85 years and over": {"Demographic": null, "2020": 95, "% OF TOTAL": 3.1, "2024": 99, "2029": 116}, "Female population: Median Age": {"Demographic": null, "2020": 39, "% OF TOTAL": null, "2024": 39, "2029": 40}, "Female population: Under 5 years": {"Demographic": null, "2020": 114, "% OF TOTAL": 5.3, "2024": 114, "2029": 107}, "Female population: 5 - 9 years": {"Demographic": null, "2020": 155, "% OF TOTAL": 6.7, "2024": 159, "2029": 135}, "Female population: 10 - 14 years": {"Demographic": null, "2020": 125, "% OF TOTAL": 6.1, "2024": 120, "2029": 123}, "Female population: 15 - 19 years": {"Demographic": null, "2020": 111, "% OF TOTAL": 5.4, "2024": 114, "2029": 108}, "Female population: 20 - 24 years": {"Demographic": null, "2020": 101, "% OF TOTAL": 5.2, "2024": 103, "2029": 104}, "Female population: 25 - 29 years": {"Demographic": null, "2020": 160, "% OF TOTAL": 6.6, "2024": 153, "2029": 133}, "Female population: 30 - 34 years": {"Demographic": null, "2020": 131, "% OF TOTAL": 6.7, "2024": 138, "2029": 134}, "Female population: 35 - 39 years": {"Demographic": null, "2020": 119, "% OF TOTAL": 6.3, "2024": 121, "2029": 126}, "Female population: 40 - 44 years": {"Demographic": null, "2020": 120, "% OF TOTAL": 6.3, "2024": 129, "2029": 126}, "Female population: 45 - 49 years": {"Demographic": null, "2020": 113, "% OF TOTAL": 6.0, "2024": 111, "2029": 121}, "Female population: 50 - 54 years": {"Demographic": null, "2020": 110, "% OF TOTAL": 5.2, "2024": 109, "2029": 105}, "Female population: 55 - 59 years": {"Demographic": null, "2020": 119, "% OF TOTAL": 5.1, "2024": 108, "2029": 103}, "Female population: 60 - 64 years": {"Demographic": null, "2020": 131, "% OF TOTAL": 5.7, "2024": 132, "2029": 114}, "Female population: 65 - 69 years": {"Demographic": null, "2020": 99, "% OF TOTAL": 5.5, "2024": 106, "2029": 111}, "Female population: 70 - 74 years": {"Demographic": null, "2020": 94, "% OF TOTAL": 5.0, "2024": 98, "2029": 101}, "Female population: 75 - 79 years": {"Demographic": null, "2020": 80, "% OF TOTAL": 4.8, "2024": 92, "2029": 96}, "Female population: 80 - 84 years": {"Demographic": null, "2020": 63, "% OF TOTAL": 4.2, "2024": 71, "2029": 84}, "Female population: 85 years and over": {"Demographic": null, "2020": 75, "% OF TOTAL": 4.0, "2024": 77, "2029": 81}, "Male population: Median Age": {"Demographic": null, "2020": 35, "% OF TOTAL": null, "2024": 35, "2029": 37}, "Male population: Under 5 years": {"Demographic": null, "2020": 118, "% OF TOTAL": 6.2, "2024": 116, "2029": 108}, "Male population: 5 - 9 years": {"Demographic": null, "2020": 125, "% OF TOTAL": 6.7, "2024": 131, "2029": 117}, "Male population: 10 - 14 years": {"Demographic": null, "2020": 125, "% OF TOTAL": 6.7, "2024": 121, "2029": 116}, "Male population: 15 - 19 years": {"Demographic": null, "2020": 119, "% OF TOTAL": 6.6, "2024": 123, "2029": 115}, "Male population: 20 - 24 years": {"Demographic": null, "2020": 123, "% OF TOTAL": 6.7, "2024": 122, "2029": 116}, "Male population: 25 - 29 years": {"Demographic": null, "2020": 129, "% OF TOTAL": 6.9, "2024": 126, "2029": 121}, "Male population: 30 - 34 years": {"Demographic": null, "2020": 105, "% OF TOTAL": 6.2, "2024": 110, "2029": 108}, "Male population: 35 - 39 years": {"Demographic": null, "2020": 107, "% OF TOTAL": 6.3, "2024": 106, "2029": 109}, "Male population: 40 - 44 years": {"Demographic": null, "2020": 102, "% OF TOTAL": 6.0, "2024": 105, "2029": 104}, "Male population: 45 - 49 years": {"Demographic": null, "2020": 94, "% OF TOTAL": 5.7, "2024": 92, "2029": 100}, "Male population: 50 - 54 years": {"Demographic": null, "2020": 104, "% OF TOTAL": 5.4, "2024": 104, "2029": 94}, "Male population: 55 - 59 years": {"Demographic": null, "2020": 117, "% OF TOTAL": 5.9, "2024": 109, "2029": 102}, "Male population: 60 - 64 years": {"Demographic": null, "2020": 102, "% OF TOTAL": 5.3, "2024": 101, "2029": 92}, "Male population: 65 - 69 years": {"Demographic": null, "2020": 79, "% OF TOTAL": 4.9, "2024": 83, "2029": 86}, "Male population: 70 - 74 years": {"Demographic": null, "2020": 79, "% OF TOTAL": 4.8, "2024": 83, "2029": 84}, "Male population: 75 - 79 years": {"Demographic": null, "2020": 58, "% OF TOTAL": 4.1, "2024": 68, "2029": 72}, "Male population: 80 - 84 years": {"Demographic": null, "2020": 49, "% OF TOTAL": 3.6, "2024": 55, "2029": 63}, "Male population: 85 years and over": {"Demographic": null, "2020": 20, "% OF TOTAL": 2.0, "2024": 22, "2029": 35}, "White alone": {"Demographic": null, "2020": 2534, "% OF TOTAL": 66.1, "2024": 2534, "2029": 2482}, "Black alone": {"Demographic": null, "2020": 921, "% OF TOTAL": 24.6, "2024": 945, "2029": 925}, "American Indian and Alaska Native alone": {"Demographic": null, "2020": 21, "% OF TOTAL": 0.6, "2024": 23, "2029": 22}, "Asian alone": {"Demographic": null, "2020": 51, "% OF TOTAL": 1.5, "2024": 54, "2029": 55}, "Native Hawaiian and OPI alone": {"Demographic": null, "2020": 0, "% OF TOTAL": 0.0, "2024": 0, "2029": 0}, "Some other race alone": {"Demographic": null, "2020": 40, "% OF TOTAL": 1.0, "2024": 40, "2029": 39}, "Two or more races alone": {"Demographic": null, "2020": 208, "% OF TOTAL": 6.2, "2024": 236, "2029": 231}, "Not Hispanic: White alone": {"Demographic": null, "2020": 2515, "% OF TOTAL": 65.5, "2024": 2512, "2029": 2460}, "Not Hispanic: Black or African American alone": {"Demographic": null, "2020": 907, "% OF TOTAL": 24.2, "2024": 929, "2029": 909}, "Not Hispanic: American Indian and Alaska Native alone": {"Demographic": null, "2020": 19, "% OF TOTAL": 0.5, "2024": 20, "2029": 19}, "Not Hispanic: Asian alone": {"Demographic": null, "2020": 51, "% OF TOTAL": 1.5, "2024": 54, "2029": 55}, "Not Hispanic: Native Hawaiian and OPI alone": {"Demographic": null, "2020": 0, "% OF TOTAL": 0.0, "2024": 0, "2029": 0}, "Not Hispanic: Some Other Race alone": {"Demographic": null, "2020": 13, "% OF TOTAL": 0.3, "2024": 13, "2029": 13}, "Not Hispanic: Two or More Races": {"Demographic": null, "2020": 179, "% OF TOTAL": 5.3, "2024": 202, "2029": 198}, "Hispanic: White alone": {"Demographic": null, "2020": 19, "% OF TOTAL": 0.6, "2024": 22, "2029": 22}, "Hispanic: Black or African American alone": {"Demographic": null, "2020": 14, "% OF TOTAL": 0.4, "2024": 16, "2029": 16}, "Hispanic: American Indian and Alaska Native alone": {"Demographic": null, "2020": 2, "% OF TOTAL": 0.1, "2024": 3, "2029": 3}, "Hispanic: Asian alone": {"Demographic": null, "2020": 0, "% OF TOTAL": 0.0, "2024": 0, "2029": 0}, "Hispanic: Native Hawaiian and OPI alone": {"Demographic": null, "2020": 0, "% OF TOTAL": 0.0, "2024": 0, "2029": 0}, "Hispanic: Some Other Race alone": {"Demographic": null, "2020": 27, "% OF TOTAL": 0.7, "2024": 27, "2029": 26}, "Hispanic: Two or More Races": {"Demographic": null, "2020": 29, "% OF TOTAL": 0.9, "2024": 34, "2029": 33}, "Educational Attainment: No High School Diploma": {"Demographic": null, "2020": 245, "% OF TOTAL": null, "2024": 250, "2029": null}, "Educational Attainment: High School Diploma": {"Demographic": null, "2020": 1077, "% OF TOTAL": null, "2024": 1097, "2029": null}, "Educational Attainment: Some College": {"Demographic": null, "2020": 640, "% OF TOTAL": null, "2024": 655, "2029": null}, "Educational Attainment: Associates Degree": {"Demographic": null, "2020": 183, "% OF TOTAL": null, "2024": 187, "2029": null}, "Educational Attainment: Bachelors Degree": {"Demographic": null, "2020": 351, "% OF TOTAL": null, "2024": 357, "2029": null}, "Educational Attainment: Advanced Degree": {"Demographic": null, "2020": 63, "% OF TOTAL": null, "2024": 63, "2029": null}, "Employment Status: Armed Forces": {"Demographic": null, "2020": 3, "% OF TOTAL": null, "2024": 3, "2029": null}, "Employment Status: Civilian labor force employed": {"Demographic": null, "2020": 1716, "% OF TOTAL": null, "2024": 1763, "2029": null}, "Employment Status: Civilian labor force unemployed": {"Demographic": null, "2020": 84, "% OF TOTAL": null, "2024": 86, "2029": null}, "Employment Status: Not in labor force": {"Demographic": null, "2020": 1166, "% OF TOTAL": null, "2024": 1199, "2029": null}, "Employed in Agriculture and Mining Industries": {"Demographic": null, "2020": 16, "% OF TOTAL": null, "2024": 16, "2029": null}, "Employed in Construction Industries": {"Demographic": null, "2020": 122, "% OF TOTAL": null, "2024": 125, "2029": null}, "Employed in Manufacturing Industries": {"Demographic": null, "2020": 266, "% OF TOTAL": null, "2024": 274, "2029": null}, "Employed in Wholesale Industries": {"Demographic": null, "2020": 28, "% OF TOTAL": null, "2024": 28, "2029": null}, "Employed in Retail Industries": {"Demographic": null, "2020": 239, "% OF TOTAL": null, "2024": 246, "2029": null}, "Employed in Transportation and Utilities Industries": {"Demographic": null, "2020": 177, "% OF TOTAL": null, "2024": 182, "2029": null}, "Employed in Information Industries": {"Demographic": null, "2020": 89, "% OF TOTAL": null, "2024": 90, "2029": null}, "Employed in Real-Estate Industries": {"Demographic": null, "2020": 57, "% OF TOTAL": null, "2024": 59, "2029": null}, "Employed in Professional Industries": {"Demographic": null, "2020": 46, "% OF TOTAL": null, "2024": 48, "2029": null}, "Employed in Health and Education Industries": {"Demographic": null, "2020": 469, "% OF TOTAL": null, "2024": 482, "2029": null}, "Employed in Art Industries": {"Demographic": null, "2020": 81, "% OF TOTAL": null, "2024": 83, "2029": null}, "Employed in Other Industries": {"Demographic": null, "2020": 66, "% OF TOTAL": null, "2024": 68, "2029": null}, "Employed in Public Administration Industries": {"Demographic": null, "2020": 60, "% OF TOTAL": null, "2024": 62, "2029": null}, "Occupation: Management": {"Demographic": null, "2020": 108, "% OF TOTAL": null, "2024": 111, "2029": null}, "Occupation: Business and financial operations": {"Demographic": null, "2020": 32, "% OF TOTAL": null, "2024": 33, "2029": null}, "Occupation: Computer and mathematical": {"Demographic": null, "2020": 18, "% OF TOTAL": null, "2024": 19, "2029": null}, "Occupation: Architecture and engineering": {"Demographic": null, "2020": 27, "% OF TOTAL": null, "2024": 28, "2029": null}, "Occupation: Life, physical, and social science": {"Demographic": null, "2020": 4, "% OF TOTAL": null, "2024": 4, "2029": null}, "Occupation: Community and social service": {"Demographic": null, "2020": 35, "% OF TOTAL": null, "2024": 35, "2029": null}, "Occupation: Legal": {"Demographic": null, "2020": 0, "% OF TOTAL": null, "2024": 0, "2029": null}, "Occupation: Education, training, and library": {"Demographic": null, "2020": 210, "% OF TOTAL": null, "2024": 217, "2029": null}, "Occupation: Arts, design, entertainment, sports, and media": {"Demographic": null, "2020": 0, "% OF TOTAL": null, "2024": 0, "2029": null}, "Occupation: Health diagnosing and treating practitioners": {"Demographic": null, "2020": 54, "% OF TOTAL": null, "2024": 56, "2029": null}, "Occupation: Health technologists and technicians": {"Demographic": null, "2020": 64, "% OF TOTAL": null, "2024": 65, "2029": null}, "Occupation: Healthcare support": {"Demographic": null, "2020": 57, "% OF TOTAL": null, "2024": 59, "2029": null}, "Occupation: Fire fighting and prevention": {"Demographic": null, "2020": 0, "% OF TOTAL": null, "2024": 0, "2029": null}, "Occupation: Law enforcement workers": {"Demographic": null, "2020": 15, "% OF TOTAL": null, "2024": 16, "2029": null}, "Occupation: Food preparation and serving related": {"Demographic": null, "2020": 58, "% OF TOTAL": null, "2024": 59, "2029": null}, "Occupation: Building and grounds cleaning and maintenance": {"Demographic": null, "2020": 53, "% OF TOTAL": null, "2024": 55, "2029": null}, "Occupation: Personal care and service": {"Demographic": null, "2020": 9, "% OF TOTAL": null, "2024": 9, "2029": null}, "Occupation: Sales and related": {"Demographic": null, "2020": 142, "% OF TOTAL": null, "2024": 146, "2029": null}, "Occupation: Office and administrative support": {"Demographic": null, "2020": 270, "% OF TOTAL": null, "2024": 276, "2029": null}, "Occupation: Farming, fishing, and forestry": {"Demographic": null, "2020": 0, "% OF TOTAL": null, "2024": 0, "2029": null}, "Occupation: Construction and extraction": {"Demographic": null, "2020": 70, "% OF TOTAL": null, "2024": 72, "2029": null}, "Occupation: Installation, maintenance, and repair": {"Demographic": null, "2020": 58, "% OF TOTAL": null, "2024": 59, "2029": null}, "Occupation: Production": {"Demographic": null, "2020": 123, "% OF TOTAL": null, "2024": 127, "2029": null}, "Occupation: Transportation": {"Demographic": null, "2020": 235, "% OF TOTAL": null, "2024": 241, "2029": null}, "Occupation: Material moving": {"Demographic": null, "2020": 74, "% OF TOTAL": null, "2024": 76, "2029": null}, "White collar": {"Demographic": null, "2020": 964, "% OF TOTAL": null, "2024": 990, "2029": null}, "Blue collar": {"Demographic": null, "2020": 752, "% OF TOTAL": null, "2024": 773, "2029": null}, "Means of transportation: Car, truck or van": {"Demographic": null, "2020": 1631, "% OF TOTAL": null, "2024": 1675, "2029": null}, "Means of transportation: Public transportation": {"Demographic": null, "2020": 0, "% OF TOTAL": null, "2024": 0, "2029": null}, "Means of transportation: Other": {"Demographic": null, "2020": 0, "% OF TOTAL": null, "2024": 0, "2029": null}, "Travel time: Average (in minutes)": {"Demographic": null, "2020": 25, "% OF TOTAL": null, "2024": 25, "2029": null}, "Travel time to work: Less than 30 minutes": {"Demographic": null, "2020": 1117, "% OF TOTAL": null, "2024": 1150, "2029": null}, "Travel time to work: 30 to 60 minutes": {"Demographic": null, "2020": 471, "% OF TOTAL": null, "2024": 481, "2029": null}, "Travel time to work: 60 or more minutes": {"Demographic": null, "2020": 43, "% OF TOTAL": null, "2024": 44, "2029": null}}, "household_trends": {"Households": {"Demographic": null, "2020": 1624, "% OF TOTAL": null, "2024": 1670, "2029": 1665}, "Households Growth": {"Demographic": null, "2020": null, "% OF TOTAL": null, "2024": 2.8, "2029": -0.3}, "Householder Age 15-24": {"Demographic": null, "2020": 71, "% OF TOTAL": 4.4, "2024": 73, "2029": 74}, "Householder Age 25-34": {"Demographic": null, "2020": 259, "% OF TOTAL": 15.1, "2024": 266, "2029": 252}, "Householder Age 35-44": {"Demographic": null, "2020": 264, "% OF TOTAL": 16.5, "2024": 272, "2029": 275}, "Householder Age 45-54": {"Demographic": null, "2020": 226, "% OF TOTAL": 14.1, "2024": 232, "2029": 235}, "Householder Age 55-64": {"Demographic": null, "2020": 324, "% OF TOTAL": 18.2, "2024": 333, "2029": 303}, "Householder Age 65-74": {"Demographic": null, "2020": 237, "% OF TOTAL": 15.1, "2024": 244, "2029": 252}, "Householder Age 75+": {"Demographic": null, "2020": 243, "% OF TOTAL": 16.5, "2024": 250, "2029": 274}, "Average Household Size": {"Demographic": null, "2020": 2.3, "% OF TOTAL": null, "2024": 2.3, "2029": 2.3}, "1 Person Households": {"Demographic": null, "2020": 550, "% OF TOTAL": 35.0, "2024": 578, "2029": 583}, "2 Person Households": {"Demographic": null, "2020": 533, "% OF TOTAL": 34.1, "2024": 561, "2029": 568}, "3 Person Households": {"Demographic": null, "2020": 219, "% OF TOTAL": 14.2, "2024": 233, "2029": 236}, "4 Person Households": {"Demographic": null, "2020": 164, "% OF TOTAL": 8.5, "2024": 152, "2029": 142}, "5 Person Households": {"Demographic": null, "2020": 96, "% OF TOTAL": 5.1, "2024": 90, "2029": 85}, "6 Person Households": {"Demographic": null, "2020": 41, "% OF TOTAL": 2.1, "2024": 39, "2029": 35}, "7+ Person Households": {"Demographic": null, "2020": 21, "% OF TOTAL": 1.0, "2024": 17, "2029": 16}, "Household Type: Family": {"Demographic": null, "2020": 997, "% OF TOTAL": null, "2024": 1025, "2029": null}, "Household Type: Married Family": {"Demographic": null, "2020": 561, "% OF TOTAL": null, "2024": 577, "2029": null}, "Household Type: Married Family With Children": {"Demographic": null, "2020": 211, "% OF TOTAL": null, "2024": 217, "2029": null}, "Household Type: Married Family Without Children": {"Demographic": null, "2020": 350, "% OF TOTAL": null, "2024": 360, "2029": null}, "Household Type: Other Family": {"Demographic": null, "2020": 436, "% OF TOTAL": null, "2024": 448, "2029": null}, "Household Type: Male Households, No Wife": {"Demographic": null, "2020": 92, "% OF TOTAL": null, "2024": 94, "2029": null}, "Household Type: Male Households, No Wife With Children": {"Demographic": null, "2020": 42, "% OF TOTAL": null, "2024": 43, "2029": null}, "Household Type: Male Households, No Wife Without Children": {"Demographic": null, "2020": 50, "% OF TOTAL": null, "2024": 51, "2029": null}, "Household Type: Female Households, No Husband": {"Demographic": null, "2020": 344, "% OF TOTAL": null, "2024": 354, "2029": null}, "Household Type: Female Households, No Husband With Children": {"Demographic": null, "2020": 209, "% OF TOTAL": null, "2024": 215, "2029": null}, "Household Type: Female Households, No Husband Without Children": {"Demographic": null, "2020": 135, "% OF TOTAL": null, "2024": 139, "2029": null}, "Household Income: Average": {"Demographic": null, "2020": 54932, "% OF TOTAL": null, "2024": 62148, "2029": 75909}, "Household Income: Median": {"Demographic": null, "2020": 0, "% OF TOTAL": null, "2024": 49356, "2029": 70851}, "Household Income: Less than $25k": {"Demographic": null, "2020": 649, "% OF TOTAL": 24.4, "2024": 576, "2029": 407}, "Household Income: $25k - $50k": {"Demographic": null, "2020": 266, "% OF TOTAL": 12.9, "2024": 248, "2029": 215}, "Household Income: $50k - $75k": {"Demographic": null, "2020": 219, "% OF TOTAL": 14.5, "2024": 251, "2029": 242}, "Household Income: $75k - $100k": {"Demographic": null, "2020": 191, "% OF TOTAL": 16.2, "2024": 221, "2029": 270}, "Household Income: $100k - $125k": {"Demographic": null, "2020": 133, "% OF TOTAL": 11.4, "2024": 141, "2029": 190}, "Household Income: $125k - $150k": {"Demographic": null, "2020": 127, "% OF TOTAL": 14.4, "2024": 175, "2029": 239}, "Household Income: $150k - $200k": {"Demographic": null, "2020": 32, "% OF TOTAL": 5.3, "2024": 50, "2029": 88}, "Household Income: Above $200k": {"Demographic": null, "2020": 7, "% OF TOTAL": 0.8, "2024": 8, "2029": 14}, "Total Housing Units": {"Demographic": null, "2020": 1781, "% OF TOTAL": null, "2024": null, "2029": null}, "Owner Occupied Housing Units": {"Demographic": null, "2020": 901, "% OF TOTAL": null, "2024": 926, "2029": null}, "Renter Occupied Housing Units": {"Demographic": null, "2020": 723, "% OF TOTAL": null, "2024": 744, "2029": null}, "Vacant Housing Units": {"Demographic": null, "2020": 157, "% OF TOTAL": null, "2024": null, "2029": null}, "Vacant Housing Units: Seasonal": {"Demographic": null, "2020": 4, "% OF TOTAL": null, "2024": null, "2029": null}, "Vacant Housing Units: Other Usage": {"Demographic": null, "2020": 153, "% OF TOTAL": null, "2024": null, "2029": null}, "Average Housing Unit Value": {"Demographic": null, "2020": 154909, "% OF TOTAL": null, "2024": 154775, "2029": null}, "Median Housing Unit Value": {"Demographic": null, "2020": 151287, "% OF TOTAL": null, "2024": 151071, "2029": null}, "Housing Unit Value Less Than $100k": {"Demographic": null, "2020": 241, "% OF TOTAL": null, "2024": 249, "2029": null}, "Housing Unit Value $100k-$200k": {"Demographic": null, "2020": 496, "% OF TOTAL": null, "2024": 510, "2029": null}, "Housing Unit Value $200k-$250k": {"Demographic": null, "2020": 133, "% OF TOTAL": null, "2024": 136, "2029": null}, "Housing Unit Value $250k-$300k": {"Demographic": null, "2020": 31, "% OF TOTAL": null, "2024": 31, "2029": null}, "Housing Unit Value $300k-$400k": {"Demographic": null, "2020": 0, "% OF TOTAL": null, "2024": 0, "2029": null}, "Housing Unit Value $400k-$500k": {"Demographic": null, "2020": 0, "% OF TOTAL": null, "2024": 0, "2029": null}, "Housing Unit Value $500k-$750k": {"Demographic": null, "2020": 0, "% OF TOTAL": null, "2024": 0, "2029": null}, "Housing Unit Value $750k-$1m": {"Demographic": null, "2020": 0, "% OF TOTAL": null, "2024": 0, "2029": null}, "Housing Unit Value $1m-$1.5m": {"Demographic": null, "2020": 0, "% OF TOTAL": null, "2024": 0, "2029": null}, "Housing Unit Value $1.5m-$2m": {"Demographic": null, "2020": 0, "% OF TOTAL": null, "2024": 0, "2029": null}, "Housing Unit Value Above $2m": {"Demographic": null, "2020": 0, "% OF TOTAL": null, "2024": 0, "2029": null}, "Median Housing Unit Year Built": {"Demographic": null, "2020": 1966, "% OF TOTAL": null, "2024": 1966, "2029": null}, "Housing Units Built 2014 Or After": {"Demographic": null, "2020": 0, "% OF TOTAL": null, "2024": 0, "2029": null}, "Housing Units Built 2010-2013": {"Demographic": null, "2020": 156, "% OF TOTAL": null, "2024": 160, "2029": null}, "Housing Units Built 2000-2009": {"Demographic": null, "2020": 130, "% OF TOTAL": null, "2024": 133, "2029": null}, "Housing Units Built 1990-1999": {"Demographic": null, "2020": 124, "% OF TOTAL": null, "2024": 126, "2029": null}, "Housing Units Built 1980-1989": {"Demographic": null, "2020": 34, "% OF TOTAL": null, "2024": 35, "2029": null}, "Housing Units Built 1970-1979": {"Demographic": null, "2020": 363, "% OF TOTAL": null, "2024": 374, "2029": null}, "Housing Units Built 1960-1969": {"Demographic": null, "2020": 489, "% OF TOTAL": null, "2024": 504, "2029": null}, "Housing Units Built 1950-1959": {"Demographic": null, "2020": 253, "% OF TOTAL": null, "2024": 262, "2029": null}, "Housing Units Built 1940-1949": {"Demographic": null, "2020": 62, "% OF TOTAL": null, "2024": 63, "2029": null}, "Housing Units Built Before 1940": {"Demographic": null, "2020": 13, "% OF TOTAL": null, "2024": 13, "2029": null}}, "consumer_segments": {"Entry Level Suburban": {"households": 323, "pct": 21.1}, "Renters": {"households": 251, "pct": 16.4}, "Active Adult Feature and Location": {"households": 142, "pct": 9.3}, "Active Adult Entry Level": {"households": 141, "pct": 9.2}, "Renters Near Term Buyers": {"households": 118, "pct": 7.7}, "Entry Level Urban": {"households": 101, "pct": 6.6}, "Elite": {"households": 91, "pct": 5.9}, "Feature and Location": {"households": 82, "pct": 5.4}, "Active Adult Elite": {"households": 73, "pct": 4.8}, "Family Life School Age Children": {"households": 53, "pct": 3.5}, "Family Life Young Children": {"households": 46, "pct": 3.0}, "Simple Life Affluent No Children": {"households": 43, "pct": 2.8}, "Simple Life Moderate Income No Children": {"households": 43, "pct": 2.8}, "Simple Life Moderate Income With Children": {"households": 24, "pct": 1.6}}, "income_age": {"2020": {}, "2024": {}, "2029": {}}, "population_2024": 3832, "population_2029": 3754, "households_2024": 1670, "households_2029": 1665, "median_household_income_2024": 49356, "median_household_income_2029": 70851, "mean_household_income_2024": null, "mean_household_income_2029": null, "median_age_2024": 38, "median_age_2029": 39, "median_home_value_2024": 151071, "average_household_size_2024": 2.3, "average_household_size_2029": 2.3, "population_growth_2024_2029": 1.5, "households_growth_2024_2029": 2.8}, "geometry": {"type": "Polygon", "coordinates": [[[-88.087897, 30.7768], [-88.088224, 30.805838], [-88.054583, 30.806116], [-88.054266, 30.777077], [-88.087897, 30.7768]]]}}, {"type": "Feature", "properties": {"block": "050", "block_num": 50, "CentroidLon": -88.10264576553998, "CentroidLat": 30.791002989307263, "submarket": "North Mobile", "data_status": "no data", "is_anomalous": false, "anomaly_reason": null, "files_present": ""}, "geometry": {"type": "Polygon", "coordinates": [[[-88.116227, 30.8056], [-88.088224, 30.805838], [-88.087897, 30.7768], [-88.118213, 30.776542], [-88.116227, 30.8056]]]}}, {"type": "Feature", "properties": {"block": "051", "block_num": 51, "CentroidLon": -87.91550134074886, "CentroidLat": 30.770326905939047, "submarket": "North Mobile", "data_status": "no data", "is_anomalous": false, "anomaly_reason": null, "files_present": ""}, "geometry": {"type": "Polygon", "coordinates": [[[-87.910437, 30.767678], [-87.919546, 30.758226], [-87.919735, 30.778101], [-87.910358, 30.778168], [-87.910437, 30.767678]]]}}, {"type": "Feature", "properties": {"block": "052", "block_num": 52, "CentroidLon": -87.93702365178174, "CentroidLat": 30.76396072610023, "submarket": "North Mobile", "data_status": "no data", "is_anomalous": false, "anomaly_reason": null, "files_present": ""}, "geometry": {"type": "Polygon", "coordinates": [[[-87.928436, 30.748997], [-87.953082, 30.748819], [-87.953368, 30.777859], [-87.919735, 30.778101], [-87.919546, 30.758226], [-87.928436, 30.748997]]]}}, {"type": "Feature", "properties": {"block": "053", "block_num": 53, "CentroidLon": -87.97003901482564, "CentroidLat": 30.763213719658616, "submarket": "North Mobile", "data_status": "usable", "is_anomalous": false, "anomaly_reason": null, "files_present": "DemographicSnapshot-26.08.06.csv;PopulationTrends-26.08.06.csv;HouseholdTrends-26.08.06.csv;HouseholdIncomeByAge-26.08.06.csv;ConsumerSegmentation-26.08.06.csv", "demographic_snapshot": {"Total Population": {"Demographic": null, "2020": 2033, "% OF TOTAL": null, "2024": 2127, "2029": 2211}, "Households": {"Demographic": null, "2020": 680, "% OF TOTAL": null, "2024": 710, "2029": 737}, "Population in Group Quarters": {"Demographic": null, "2020": 0, "% OF TOTAL": null, "2024": 0, "2029": 0}, "Households Growth": {"Demographic": null, "2020": null, "% OF TOTAL": null, "2024": 4.4, "2029": 3.8}, "Household Income: Median": {"Demographic": null, "2020": 0, "% OF TOTAL": null, "2024": 160352, "2029": 173689}, "Home Value: Median": {"Demographic": null, "2020": 326471, "% OF TOTAL": null, "2024": 326410, "2029": null}, "Population Growth": {"Demographic": null, "2020": null, "% OF TOTAL": null, "2024": 4.6, "2029": 3.9}, "Total Population: Under 19 years": {"Demographic": null, "2020": 601, "% OF TOTAL": 26.7, "2024": 617, "2029": 590}, "Total Population: 20 - 64 years": {"Demographic": null, "2020": 1106, "% OF TOTAL": 53.8, "2024": 1151, "2029": 1190}, "Total Population: 65 years and over": {"Demographic": null, "2020": 326, "% OF TOTAL": 19.5, "2024": 359, "2029": 431}, "Total population: Median age": {"Demographic": null, "2020": 42, "% OF TOTAL": null, "2024": 42, "2029": 44}, "Total population: Under 5 years": {"Demographic": null, "2020": 84, "% OF TOTAL": 4.1, "2024": 85, "2029": 91}, "Total population: 5 - 9 years": {"Demographic": null, "2020": 142, "% OF TOTAL": 5.8, "2024": 145, "2029": 129}, "Total population: 10 - 14 years": {"Demographic": null, "2020": 197, "% OF TOTAL": 8.4, "2024": 199, "2029": 185}, "Total population: 15 - 19 years": {"Demographic": null, "2020": 178, "% OF TOTAL": 8.4, "2024": 188, "2029": 185}, "Total population: 20 - 24 years": {"Demographic": null, "2020": 102, "% OF TOTAL": 5.7, "2024": 112, "2029": 127}, "Total population: 25 - 29 years": {"Demographic": null, "2020": 49, "% OF TOTAL": 3.3, "2024": 50, "2029": 73}, "Total population: 30 - 34 years": {"Demographic": null, "2020": 69, "% OF TOTAL": 3.2, "2024": 74, "2029": 70}, "Total population: 35 - 39 years": {"Demographic": null, "2020": 124, "% OF TOTAL": 5.4, "2024": 127, "2029": 120}, "Total population: 40 - 44 years": {"Demographic": null, "2020": 135, "% OF TOTAL": 6.6, "2024": 143, "2029": 146}, "Total population: 45 - 49 years": {"Demographic": null, "2020": 157, "% OF TOTAL": 7.6, "2024": 155, "2029": 169}, "Total population: 50 - 54 years": {"Demographic": null, "2020": 161, "% OF TOTAL": 7.8, "2024": 174, "2029": 172}, "Total population: 55 - 59 years": {"Demographic": null, "2020": 158, "% OF TOTAL": 7.2, "2024": 155, "2029": 160}, "Total population: 60 - 64 years": {"Demographic": null, "2020": 151, "% OF TOTAL": 6.9, "2024": 161, "2029": 153}, "Total population: 65 - 69 years": {"Demographic": null, "2020": 116, "% OF TOTAL": 6.5, "2024": 126, "2029": 144}, "Total population: 70 - 74 years": {"Demographic": null, "2020": 100, "% OF TOTAL": 5.4, "2024": 103, "2029": 119}, "Total population: 75 - 79 years": {"Demographic": null, "2020": 46, "% OF TOTAL": 3.4, "2024": 54, "2029": 75}, "Total population: 80 - 84 years": {"Demographic": null, "2020": 42, "% OF TOTAL": 2.6, "2024": 51, "2029": 57}, "Total population: 85 years and over": {"Demographic": null, "2020": 22, "% OF TOTAL": 1.6, "2024": 25, "2029": 36}, "Householders Age 15-24": {"Demographic": null, "2020": 4, "% OF TOTAL": 0.5, "2024": 4, "2029": 4}, "Householders Age 25-34": {"Demographic": null, "2020": 65, "% OF TOTAL": 10.2, "2024": 67, "2029": 75}, "Householders Age 35-44": {"Demographic": null, "2020": 129, "% OF TOTAL": 17.4, "2024": 135, "2029": 128}, "Householders Age 45-54": {"Demographic": null, "2020": 165, "% OF TOTAL": 23.5, "2024": 173, "2029": 173}, "Householders Age 55-64": {"Demographic": null, "2020": 139, "% OF TOTAL": 19.0, "2024": 145, "2029": 140}, "Householders Age 65-74": {"Demographic": null, "2020": 106, "% OF TOTAL": 16.7, "2024": 111, "2029": 123}, "Householders Age 75+": {"Demographic": null, "2020": 72, "% OF TOTAL": 12.8, "2024": 75, "2029": 94}, "Household income: Average": {"Demographic": null, "2020": 169357, "% OF TOTAL": null, "2024": 176028, "2029": 202463}, "Household income: Less than 25k": {"Demographic": null, "2020": 15, "% OF TOTAL": 0.7, "2024": 12, "2029": 5}, "Household income: 25k - 50k": {"Demographic": null, "2020": 16, "% OF TOTAL": 1.4, "2024": 16, "2029": 10}, "Household income: 50k - 75k": {"Demographic": null, "2020": 52, "% OF TOTAL": 6.6, "2024": 62, "2029": 49}, "Household income: 75k - 100k": {"Demographic": null, "2020": 118, "% OF TOTAL": 9.8, "2024": 93, "2029": 72}, "Household income: 100k - 125k": {"Demographic": null, "2020": 77, "% OF TOTAL": 8.0, "2024": 75, "2029": 59}, "Household income: 125k - 150k": {"Demographic": null, "2020": 51, "% OF TOTAL": 6.4, "2024": 44, "2029": 47}, "Household income: 150k - 200k": {"Demographic": null, "2020": 214, "% OF TOTAL": 36.2, "2024": 256, "2029": 267}, "Household income: Above 200k": {"Demographic": null, "2020": 137, "% OF TOTAL": 30.9, "2024": 152, "2029": 228}, "White Alone": {"Demographic": null, "2020": 1862, "% OF TOTAL": 91.2, "2024": 1941, "2029": 2017}, "Black or African American Alone": {"Demographic": null, "2020": 38, "% OF TOTAL": 1.9, "2024": 40, "2029": 43}, "American Indian and Alaska Native Alone": {"Demographic": null, "2020": 7, "% OF TOTAL": 0.3, "2024": 7, "2029": 7}, "Asian Alone": {"Demographic": null, "2020": 15, "% OF TOTAL": 0.8, "2024": 16, "2029": 17}, "Native Hawaiian and OPI Alone": {"Demographic": null, "2020": 0, "% OF TOTAL": 0.0, "2024": 0, "2029": 0}, "Some Other Race Alone": {"Demographic": null, "2020": 11, "% OF TOTAL": 0.5, "2024": 11, "2029": 11}, "Two or More Races Alone": {"Demographic": null, "2020": 100, "% OF TOTAL": 5.2, "2024": 112, "2029": 116}, "Not Hispanic or Latino": {"Demographic": null, "2020": 1968, "% OF TOTAL": 96.7, "2024": 2055, "2029": 2137}, "Hispanic or Latino": {"Demographic": null, "2020": 65, "% OF TOTAL": 3.3, "2024": 72, "2029": 74}, "Total Housing Units": {"Demographic": null, "2020": 698, "% OF TOTAL": null, "2024": null, "2029": null}, "Owner Occupied Housing Units": {"Demographic": null, "2020": 627, "% OF TOTAL": null, "2024": 655, "2029": null}, "Renter Occupied Housing Units": {"Demographic": null, "2020": 53, "% OF TOTAL": null, "2024": 55, "2029": null}, "Housing Units Value Less Than 100k": {"Demographic": null, "2020": 21, "% OF TOTAL": null, "2024": 22, "2029": null}, "Housing Units Value 100k - 200k": {"Demographic": null, "2020": 24, "% OF TOTAL": null, "2024": 25, "2029": null}, "Housing Units Value 200k - 250k": {"Demographic": null, "2020": 86, "% OF TOTAL": null, "2024": 90, "2029": null}, "Housing Units Value 250k - 300k": {"Demographic": null, "2020": 133, "% OF TOTAL": null, "2024": 139, "2029": null}, "Housing Units Value 300k - 400k": {"Demographic": null, "2020": 187, "% OF TOTAL": null, "2024": 195, "2029": null}, "Housing Units Value 400k - 500k": {"Demographic": null, "2020": 112, "% OF TOTAL": null, "2024": 117, "2029": null}, "Housing Units Value 500k - 750k": {"Demographic": null, "2020": 64, "% OF TOTAL": null, "2024": 67, "2029": null}, "Housing Units Value 750k - 1m": {"Demographic": null, "2020": 0, "% OF TOTAL": null, "2024": 0, "2029": null}, "Housing Units Value 1m - 1.5m": {"Demographic": null, "2020": 0, "% OF TOTAL": null, "2024": 0, "2029": null}, "Housing Units Value 1.5m - 2m": {"Demographic": null, "2020": 0, "% OF TOTAL": null, "2024": 0, "2029": null}, "Housing Units Value >2m": {"Demographic": null, "2020": 0, "% OF TOTAL": null, "2024": 0, "2029": null}, "Take Car or Truck to Work": {"Demographic": null, "2020": 993, "% OF TOTAL": null, "2024": 1025, "2029": null}, "Take Public Transportation to Work": {"Demographic": null, "2020": 0, "% OF TOTAL": null, "2024": 0, "2029": null}, "Take Other Means of Transportation to Work": {"Demographic": null, "2020": 0, "% OF TOTAL": null, "2024": 0, "2029": null}, "Average Travel Time (min)": {"Demographic": null, "2020": 24, "% OF TOTAL": null, "2024": 24, "2029": null}, "Travel Below 30 Min to Work": {"Demographic": null, "2020": 689, "% OF TOTAL": null, "2024": 711, "2029": null}, "Travel 30-60 Min to Work": {"Demographic": null, "2020": 278, "% OF TOTAL": null, "2024": 287, "2029": null}, "Travel Above 60 Min to Work": {"Demographic": null, "2020": 49, "% OF TOTAL": null, "2024": 27, "2029": null}, "Educational Attainment: No High School Diploma": {"Demographic": null, "2020": 128, "% OF TOTAL": null, "2024": 134, "2029": null}, "Educational Attainment: High School Diploma": {"Demographic": null, "2020": 123, "% OF TOTAL": null, "2024": 129, "2029": null}, "Educational Attainment: Some College": {"Demographic": null, "2020": 891, "% OF TOTAL": null, "2024": 937, "2029": null}, "Educational Attainment: Associate's Degree": {"Demographic": null, "2020": 98, "% OF TOTAL": null, "2024": 103, "2029": null}, "Educational Attainment: Bachelors Degree": {"Demographic": null, "2020": 437, "% OF TOTAL": null, "2024": 460, "2029": null}, "Educational Attainment: Advanced Degree": {"Demographic": null, "2020": 311, "% OF TOTAL": null, "2024": 327, "2029": null}, "Households: Number of vehicles available - Average": {"Demographic": null, "2020": 2, "% OF TOTAL": null, "2024": 2, "2029": null}, "Households: No Vehicle available": {"Demographic": null, "2020": 36, "% OF TOTAL": null, "2024": 37, "2029": null}, "Households: 1 Vehicle available": {"Demographic": null, "2020": 36, "% OF TOTAL": null, "2024": 38, "2029": null}, "Households: 2 Vehicles available": {"Demographic": null, "2020": 265, "% OF TOTAL": null, "2024": 277, "2029": null}, "Households: 3 Vehicles available": {"Demographic": null, "2020": 209, "% OF TOTAL": null, "2024": 218, "2029": null}, "Households: 4 or more Vehicles available": {"Demographic": null, "2020": 134, "% OF TOTAL": null, "2024": 140, "2029": null}}, "population_trends": {"Total Population": {"Demographic": null, "2020": 2033, "% OF TOTAL": null, "2024": 2127, "2029": 2211}, "Population Growth": {"Demographic": null, "2020": null, "% OF TOTAL": null, "2024": 4.6, "2029": 3.9}, "Female Population": {"Demographic": null, "2020": 1053, "% OF TOTAL": 52.0, "2024": 1105, "2029": 1150}, "Male Population": {"Demographic": null, "2020": 980, "% OF TOTAL": 48.0, "2024": 1022, "2029": 1061}, "Total population: Median Age": {"Demographic": null, "2020": 42, "% OF TOTAL": null, "2024": 42, "2029": 44}, "Total population: Under 5 years": {"Demographic": null, "2020": 84, "% OF TOTAL": 4.1, "2024": 85, "2029": 91}, "Total population: 5 - 9 years": {"Demographic": null, "2020": 142, "% OF TOTAL": 5.8, "2024": 145, "2029": 129}, "Total population: 10 - 14 years": {"Demographic": null, "2020": 197, "% OF TOTAL": 8.4, "2024": 199, "2029": 185}, "Total population: 15 - 19 years": {"Demographic": null, "2020": 178, "% OF TOTAL": 8.4, "2024": 188, "2029": 185}, "Total population: 20 - 24 years": {"Demographic": null, "2020": 102, "% OF TOTAL": 5.7, "2024": 112, "2029": 127}, "Total population: 25 - 29 years": {"Demographic": null, "2020": 49, "% OF TOTAL": 3.3, "2024": 50, "2029": 73}, "Total population: 30 - 34 years": {"Demographic": null, "2020": 69, "% OF TOTAL": 3.2, "2024": 74, "2029": 70}, "Total population: 35 - 39 years": {"Demographic": null, "2020": 124, "% OF TOTAL": 5.4, "2024": 127, "2029": 120}, "Total population: 40 - 44 years": {"Demographic": null, "2020": 135, "% OF TOTAL": 6.6, "2024": 143, "2029": 146}, "Total population: 45 - 49 years": {"Demographic": null, "2020": 157, "% OF TOTAL": 7.6, "2024": 155, "2029": 169}, "Total population: 50 - 54 years": {"Demographic": null, "2020": 161, "% OF TOTAL": 7.8, "2024": 174, "2029": 172}, "Total population: 55 - 59 years": {"Demographic": null, "2020": 158, "% OF TOTAL": 7.2, "2024": 155, "2029": 160}, "Total population: 60 - 64 years": {"Demographic": null, "2020": 151, "% OF TOTAL": 6.9, "2024": 161, "2029": 153}, "Total population: 65 - 69 years": {"Demographic": null, "2020": 116, "% OF TOTAL": 6.5, "2024": 126, "2029": 144}, "Total population: 70 - 74 years": {"Demographic": null, "2020": 100, "% OF TOTAL": 5.4, "2024": 103, "2029": 119}, "Total population: 75 - 79 years": {"Demographic": null, "2020": 46, "% OF TOTAL": 3.4, "2024": 54, "2029": 75}, "Total population: 80 - 84 years": {"Demographic": null, "2020": 42, "% OF TOTAL": 2.6, "2024": 51, "2029": 57}, "Total population: 85 years and over": {"Demographic": null, "2020": 22, "% OF TOTAL": 1.6, "2024": 25, "2029": 36}, "Female population: Median Age": {"Demographic": null, "2020": 41, "% OF TOTAL": null, "2024": 41, "2029": 43}, "Female population: Under 5 years": {"Demographic": null, "2020": 44, "% OF TOTAL": 4.1, "2024": 45, "2029": 47}, "Female population: 5 - 9 years": {"Demographic": null, "2020": 58, "% OF TOTAL": 4.8, "2024": 59, "2029": 55}, "Female population: 10 - 14 years": {"Demographic": null, "2020": 113, "% OF TOTAL": 8.5, "2024": 113, "2029": 98}, "Female population: 15 - 19 years": {"Demographic": null, "2020": 105, "% OF TOTAL": 9.4, "2024": 110, "2029": 108}, "Female population: 20 - 24 years": {"Demographic": null, "2020": 60, "% OF TOTAL": 6.7, "2024": 67, "2029": 77}, "Female population: 25 - 29 years": {"Demographic": null, "2020": 24, "% OF TOTAL": 3.4, "2024": 25, "2029": 39}, "Female population: 30 - 34 years": {"Demographic": null, "2020": 27, "% OF TOTAL": 2.5, "2024": 29, "2029": 29}, "Female population: 35 - 39 years": {"Demographic": null, "2020": 80, "% OF TOTAL": 6.3, "2024": 82, "2029": 72}, "Female population: 40 - 44 years": {"Demographic": null, "2020": 65, "% OF TOTAL": 6.7, "2024": 69, "2029": 77}, "Female population: 45 - 49 years": {"Demographic": null, "2020": 85, "% OF TOTAL": 7.8, "2024": 86, "2029": 90}, "Female population: 50 - 54 years": {"Demographic": null, "2020": 74, "% OF TOTAL": 7.4, "2024": 81, "2029": 85}, "Female population: 55 - 59 years": {"Demographic": null, "2020": 65, "% OF TOTAL": 6.1, "2024": 65, "2029": 70}, "Female population: 60 - 64 years": {"Demographic": null, "2020": 83, "% OF TOTAL": 6.7, "2024": 87, "2029": 77}, "Female population: 65 - 69 years": {"Demographic": null, "2020": 58, "% OF TOTAL": 6.3, "2024": 62, "2029": 73}, "Female population: 70 - 74 years": {"Demographic": null, "2020": 50, "% OF TOTAL": 5.4, "2024": 54, "2029": 62}, "Female population: 75 - 79 years": {"Demographic": null, "2020": 24, "% OF TOTAL": 3.3, "2024": 28, "2029": 38}, "Female population: 80 - 84 years": {"Demographic": null, "2020": 26, "% OF TOTAL": 2.9, "2024": 30, "2029": 33}, "Female population: 85 years and over": {"Demographic": null, "2020": 12, "% OF TOTAL": 1.7, "2024": 13, "2029": 20}, "Male population: Median Age": {"Demographic": null, "2020": 44, "% OF TOTAL": null, "2024": 44, "2029": 45}, "Male population: Under 5 years": {"Demographic": null, "2020": 40, "% OF TOTAL": 4.1, "2024": 40, "2029": 44}, "Male population: 5 - 9 years": {"Demographic": null, "2020": 84, "% OF TOTAL": 7.0, "2024": 86, "2029": 74}, "Male population: 10 - 14 years": {"Demographic": null, "2020": 84, "% OF TOTAL": 8.2, "2024": 86, "2029": 87}, "Male population: 15 - 19 years": {"Demographic": null, "2020": 73, "% OF TOTAL": 7.3, "2024": 78, "2029": 77}, "Male population: 20 - 24 years": {"Demographic": null, "2020": 42, "% OF TOTAL": 4.7, "2024": 45, "2029": 50}, "Male population: 25 - 29 years": {"Demographic": null, "2020": 25, "% OF TOTAL": 3.2, "2024": 25, "2029": 34}, "Male population: 30 - 34 years": {"Demographic": null, "2020": 42, "% OF TOTAL": 3.9, "2024": 45, "2029": 41}, "Male population: 35 - 39 years": {"Demographic": null, "2020": 44, "% OF TOTAL": 4.5, "2024": 45, "2029": 48}, "Male population: 40 - 44 years": {"Demographic": null, "2020": 70, "% OF TOTAL": 6.5, "2024": 74, "2029": 69}, "Male population: 45 - 49 years": {"Demographic": null, "2020": 72, "% OF TOTAL": 7.4, "2024": 69, "2029": 79}, "Male population: 50 - 54 years": {"Demographic": null, "2020": 87, "% OF TOTAL": 8.2, "2024": 93, "2029": 87}, "Male population: 55 - 59 years": {"Demographic": null, "2020": 93, "% OF TOTAL": 8.5, "2024": 90, "2029": 90}, "Male population: 60 - 64 years": {"Demographic": null, "2020": 68, "% OF TOTAL": 7.2, "2024": 74, "2029": 76}, "Male population: 65 - 69 years": {"Demographic": null, "2020": 58, "% OF TOTAL": 6.7, "2024": 64, "2029": 71}, "Male population: 70 - 74 years": {"Demographic": null, "2020": 50, "% OF TOTAL": 5.4, "2024": 49, "2029": 57}, "Male population: 75 - 79 years": {"Demographic": null, "2020": 22, "% OF TOTAL": 3.5, "2024": 26, "2029": 37}, "Male population: 80 - 84 years": {"Demographic": null, "2020": 16, "% OF TOTAL": 2.3, "2024": 21, "2029": 24}, "Male population: 85 years and over": {"Demographic": null, "2020": 10, "% OF TOTAL": 1.5, "2024": 12, "2029": 16}, "White alone": {"Demographic": null, "2020": 1862, "% OF TOTAL": 91.2, "2024": 1941, "2029": 2017}, "Black alone": {"Demographic": null, "2020": 38, "% OF TOTAL": 1.9, "2024": 40, "2029": 43}, "American Indian and Alaska Native alone": {"Demographic": null, "2020": 7, "% OF TOTAL": 0.3, "2024": 7, "2029": 7}, "Asian alone": {"Demographic": null, "2020": 15, "% OF TOTAL": 0.8, "2024": 16, "2029": 17}, "Native Hawaiian and OPI alone": {"Demographic": null, "2020": 0, "% OF TOTAL": 0.0, "2024": 0, "2029": 0}, "Some other race alone": {"Demographic": null, "2020": 11, "% OF TOTAL": 0.5, "2024": 11, "2029": 11}, "Two or more races alone": {"Demographic": null, "2020": 100, "% OF TOTAL": 5.2, "2024": 112, "2029": 116}, "Not Hispanic: White alone": {"Demographic": null, "2020": 1840, "% OF TOTAL": 90.0, "2024": 1916, "2029": 1991}, "Not Hispanic: Black or African American alone": {"Demographic": null, "2020": 37, "% OF TOTAL": 1.9, "2024": 39, "2029": 42}, "Not Hispanic: American Indian and Alaska Native alone": {"Demographic": null, "2020": 7, "% OF TOTAL": 0.3, "2024": 7, "2029": 7}, "Not Hispanic: Asian alone": {"Demographic": null, "2020": 15, "% OF TOTAL": 0.8, "2024": 16, "2029": 17}, "Not Hispanic: Native Hawaiian and OPI alone": {"Demographic": null, "2020": 0, "% OF TOTAL": 0.0, "2024": 0, "2029": 0}, "Not Hispanic: Some Other Race alone": {"Demographic": null, "2020": 6, "% OF TOTAL": 0.3, "2024": 6, "2029": 6}, "Not Hispanic: Two or More Races": {"Demographic": null, "2020": 63, "% OF TOTAL": 3.3, "2024": 71, "2029": 74}, "Hispanic: White alone": {"Demographic": null, "2020": 22, "% OF TOTAL": 1.2, "2024": 25, "2029": 26}, "Hispanic: Black or African American alone": {"Demographic": null, "2020": 1, "% OF TOTAL": 0.0, "2024": 1, "2029": 1}, "Hispanic: American Indian and Alaska Native alone": {"Demographic": null, "2020": 0, "% OF TOTAL": 0.0, "2024": 0, "2029": 0}, "Hispanic: Asian alone": {"Demographic": null, "2020": 0, "% OF TOTAL": 0.0, "2024": 0, "2029": 0}, "Hispanic: Native Hawaiian and OPI alone": {"Demographic": null, "2020": 0, "% OF TOTAL": 0.0, "2024": 0, "2029": 0}, "Hispanic: Some Other Race alone": {"Demographic": null, "2020": 5, "% OF TOTAL": 0.2, "2024": 5, "2029": 5}, "Hispanic: Two or More Races": {"Demographic": null, "2020": 37, "% OF TOTAL": 1.9, "2024": 41, "2029": 42}, "Educational Attainment: No High School Diploma": {"Demographic": null, "2020": 5, "% OF TOTAL": null, "2024": 5, "2029": null}, "Educational Attainment: High School Diploma": {"Demographic": null, "2020": 123, "% OF TOTAL": null, "2024": 129, "2029": null}, "Educational Attainment: Some College": {"Demographic": null, "2020": 356, "% OF TOTAL": null, "2024": 374, "2029": null}, "Educational Attainment: Associates Degree": {"Demographic": null, "2020": 98, "% OF TOTAL": null, "2024": 103, "2029": null}, "Educational Attainment: Bachelors Degree": {"Demographic": null, "2020": 437, "% OF TOTAL": null, "2024": 460, "2029": null}, "Educational Attainment: Advanced Degree": {"Demographic": null, "2020": 311, "% OF TOTAL": null, "2024": 327, "2029": null}, "Employment Status: Armed Forces": {"Demographic": null, "2020": 0, "% OF TOTAL": null, "2024": 0, "2029": null}, "Employment Status: Civilian labor force employed": {"Demographic": null, "2020": 1045, "% OF TOTAL": null, "2024": 1079, "2029": null}, "Employment Status: Civilian labor force unemployed": {"Demographic": null, "2020": 0, "% OF TOTAL": null, "2024": 0, "2029": null}, "Employment Status: Not in labor force": {"Demographic": null, "2020": 528, "% OF TOTAL": null, "2024": 545, "2029": null}, "Employed in Agriculture and Mining Industries": {"Demographic": null, "2020": 0, "% OF TOTAL": null, "2024": 0, "2029": null}, "Employed in Construction Industries": {"Demographic": null, "2020": 60, "% OF TOTAL": null, "2024": 62, "2029": null}, "Employed in Manufacturing Industries": {"Demographic": null, "2020": 56, "% OF TOTAL": null, "2024": 58, "2029": null}, "Employed in Wholesale Industries": {"Demographic": null, "2020": 35, "% OF TOTAL": null, "2024": 36, "2029": null}, "Employed in Retail Industries": {"Demographic": null, "2020": 281, "% OF TOTAL": null, "2024": 290, "2029": null}, "Employed in Transportation and Utilities Industries": {"Demographic": null, "2020": 51, "% OF TOTAL": null, "2024": 53, "2029": null}, "Employed in Information Industries": {"Demographic": null, "2020": 0, "% OF TOTAL": null, "2024": 0, "2029": null}, "Employed in Real-Estate Industries": {"Demographic": null, "2020": 69, "% OF TOTAL": null, "2024": 71, "2029": null}, "Employed in Professional Industries": {"Demographic": null, "2020": 53, "% OF TOTAL": null, "2024": 55, "2029": null}, "Employed in Health and Education Industries": {"Demographic": null, "2020": 267, "% OF TOTAL": null, "2024": 276, "2029": null}, "Employed in Art Industries": {"Demographic": null, "2020": 56, "% OF TOTAL": null, "2024": 58, "2029": null}, "Employed in Other Industries": {"Demographic": null, "2020": 40, "% OF TOTAL": null, "2024": 41, "2029": null}, "Employed in Public Administration Industries": {"Demographic": null, "2020": 77, "% OF TOTAL": null, "2024": 79, "2029": null}, "Occupation: Management": {"Demographic": null, "2020": 120, "% OF TOTAL": null, "2024": 124, "2029": null}, "Occupation: Business and financial operations": {"Demographic": null, "2020": 92, "% OF TOTAL": null, "2024": 95, "2029": null}, "Occupation: Computer and mathematical": {"Demographic": null, "2020": 42, "% OF TOTAL": null, "2024": 43, "2029": null}, "Occupation: Architecture and engineering": {"Demographic": null, "2020": 24, "% OF TOTAL": null, "2024": 25, "2029": null}, "Occupation: Life, physical, and social science": {"Demographic": null, "2020": 0, "% OF TOTAL": null, "2024": 0, "2029": null}, "Occupation: Community and social service": {"Demographic": null, "2020": 35, "% OF TOTAL": null, "2024": 36, "2029": null}, "Occupation: Legal": {"Demographic": null, "2020": 0, "% OF TOTAL": null, "2024": 0, "2029": null}, "Occupation: Education, training, and library": {"Demographic": null, "2020": 68, "% OF TOTAL": null, "2024": 70, "2029": null}, "Occupation: Arts, design, entertainment, sports, and media": {"Demographic": null, "2020": 29, "% OF TOTAL": null, "2024": 30, "2029": null}, "Occupation: Health diagnosing and treating practitioners": {"Demographic": null, "2020": 84, "% OF TOTAL": null, "2024": 87, "2029": null}, "Occupation: Health technologists and technicians": {"Demographic": null, "2020": 44, "% OF TOTAL": null, "2024": 45, "2029": null}, "Occupation: Healthcare support": {"Demographic": null, "2020": 0, "% OF TOTAL": null, "2024": 0, "2029": null}, "Occupation: Fire fighting and prevention": {"Demographic": null, "2020": 10, "% OF TOTAL": null, "2024": 10, "2029": null}, "Occupation: Law enforcement workers": {"Demographic": null, "2020": 0, "% OF TOTAL": null, "2024": 0, "2029": null}, "Occupation: Food preparation and serving related": {"Demographic": null, "2020": 113, "% OF TOTAL": null, "2024": 117, "2029": null}, "Occupation: Building and grounds cleaning and maintenance": {"Demographic": null, "2020": 0, "% OF TOTAL": null, "2024": 0, "2029": null}, "Occupation: Personal care and service": {"Demographic": null, "2020": 9, "% OF TOTAL": null, "2024": 9, "2029": null}, "Occupation: Sales and related": {"Demographic": null, "2020": 243, "% OF TOTAL": null, "2024": 251, "2029": null}, "Occupation: Office and administrative support": {"Demographic": null, "2020": 59, "% OF TOTAL": null, "2024": 61, "2029": null}, "Occupation: Farming, fishing, and forestry": {"Demographic": null, "2020": 0, "% OF TOTAL": null, "2024": 0, "2029": null}, "Occupation: Construction and extraction": {"Demographic": null, "2020": 0, "% OF TOTAL": null, "2024": 0, "2029": null}, "Occupation: Installation, maintenance, and repair": {"Demographic": null, "2020": 41, "% OF TOTAL": null, "2024": 42, "2029": null}, "Occupation: Production": {"Demographic": null, "2020": 16, "% OF TOTAL": null, "2024": 17, "2029": null}, "Occupation: Transportation": {"Demographic": null, "2020": 16, "% OF TOTAL": null, "2024": 17, "2029": null}, "Occupation: Material moving": {"Demographic": null, "2020": 0, "% OF TOTAL": null, "2024": 0, "2029": null}, "White collar": {"Demographic": null, "2020": 840, "% OF TOTAL": null, "2024": 867, "2029": null}, "Blue collar": {"Demographic": null, "2020": 205, "% OF TOTAL": null, "2024": 212, "2029": null}, "Means of transportation: Car, truck or van": {"Demographic": null, "2020": 993, "% OF TOTAL": null, "2024": 1025, "2029": null}, "Means of transportation: Public transportation": {"Demographic": null, "2020": 0, "% OF TOTAL": null, "2024": 0, "2029": null}, "Means of transportation: Other": {"Demographic": null, "2020": 0, "% OF TOTAL": null, "2024": 0, "2029": null}, "Travel time: Average (in minutes)": {"Demographic": null, "2020": 23, "% OF TOTAL": null, "2024": 23, "2029": null}, "Travel time to work: Less than 30 minutes": {"Demographic": null, "2020": 689, "% OF TOTAL": null, "2024": 711, "2029": null}, "Travel time to work: 30 to 60 minutes": {"Demographic": null, "2020": 278, "% OF TOTAL": null, "2024": 287, "2029": null}, "Travel time to work: 60 or more minutes": {"Demographic": null, "2020": 26, "% OF TOTAL": null, "2024": 27, "2029": null}}, "household_trends": {"Households": {"Demographic": null, "2020": 680, "% OF TOTAL": null, "2024": 710, "2029": 737}, "Households Growth": {"Demographic": null, "2020": null, "% OF TOTAL": null, "2024": 4.4, "2029": 3.8}, "Householder Age 15-24": {"Demographic": null, "2020": 4, "% OF TOTAL": 0.5, "2024": 4, "2029": 4}, "Householder Age 25-34": {"Demographic": null, "2020": 65, "% OF TOTAL": 10.2, "2024": 67, "2029": 75}, "Householder Age 35-44": {"Demographic": null, "2020": 129, "% OF TOTAL": 17.4, "2024": 135, "2029": 128}, "Householder Age 45-54": {"Demographic": null, "2020": 165, "% OF TOTAL": 23.5, "2024": 173, "2029": 173}, "Householder Age 55-64": {"Demographic": null, "2020": 139, "% OF TOTAL": 19.0, "2024": 145, "2029": 140}, "Householder Age 65-74": {"Demographic": null, "2020": 106, "% OF TOTAL": 16.7, "2024": 111, "2029": 123}, "Householder Age 75+": {"Demographic": null, "2020": 72, "% OF TOTAL": 12.8, "2024": 75, "2029": 94}, "Average Household Size": {"Demographic": null, "2020": 3.0, "% OF TOTAL": null, "2024": 3.0, "2029": 3.0}, "1 Person Households": {"Demographic": null, "2020": 81, "% OF TOTAL": 11.0, "2024": 78, "2029": 81}, "2 Person Households": {"Demographic": null, "2020": 236, "% OF TOTAL": 33.4, "2024": 238, "2029": 246}, "3 Person Households": {"Demographic": null, "2020": 135, "% OF TOTAL": 19.5, "2024": 139, "2029": 144}, "4 Person Households": {"Demographic": null, "2020": 148, "% OF TOTAL": 23.2, "2024": 164, "2029": 171}, "5 Person Households": {"Demographic": null, "2020": 56, "% OF TOTAL": 8.8, "2024": 63, "2029": 65}, "6 Person Households": {"Demographic": null, "2020": 12, "% OF TOTAL": 2.0, "2024": 14, "2029": 15}, "7+ Person Households": {"Demographic": null, "2020": 12, "% OF TOTAL": 2.0, "2024": 14, "2029": 15}, "Household Type: Family": {"Demographic": null, "2020": 598, "% OF TOTAL": null, "2024": 624, "2029": null}, "Household Type: Married Family": {"Demographic": null, "2020": 503, "% OF TOTAL": null, "2024": 524, "2029": null}, "Household Type: Married Family With Children": {"Demographic": null, "2020": 211, "% OF TOTAL": null, "2024": 219, "2029": null}, "Household Type: Married Family Without Children": {"Demographic": null, "2020": 292, "% OF TOTAL": null, "2024": 305, "2029": null}, "Household Type: Other Family": {"Demographic": null, "2020": 95, "% OF TOTAL": null, "2024": 100, "2029": null}, "Household Type: Male Households, No Wife": {"Demographic": null, "2020": 29, "% OF TOTAL": null, "2024": 31, "2029": null}, "Household Type: Male Households, No Wife With Children": {"Demographic": null, "2020": 15, "% OF TOTAL": null, "2024": 16, "2029": null}, "Household Type: Male Households, No Wife Without Children": {"Demographic": null, "2020": 14, "% OF TOTAL": null, "2024": 15, "2029": null}, "Household Type: Female Households, No Husband": {"Demographic": null, "2020": 66, "% OF TOTAL": null, "2024": 69, "2029": null}, "Household Type: Female Households, No Husband With Children": {"Demographic": null, "2020": 31, "% OF TOTAL": null, "2024": 32, "2029": null}, "Household Type: Female Households, No Husband Without Children": {"Demographic": null, "2020": 35, "% OF TOTAL": null, "2024": 37, "2029": null}, "Household Income: Average": {"Demographic": null, "2020": 169357, "% OF TOTAL": null, "2024": 176028, "2029": 202463}, "Household Income: Median": {"Demographic": null, "2020": 0, "% OF TOTAL": null, "2024": 160352, "2029": 173689}, "Household Income: Less than $25k": {"Demographic": null, "2020": 15, "% OF TOTAL": 0.7, "2024": 12, "2029": 5}, "Household Income: $25k - $50k": {"Demographic": null, "2020": 16, "% OF TOTAL": 1.4, "2024": 16, "2029": 10}, "Household Income: $50k - $75k": {"Demographic": null, "2020": 52, "% OF TOTAL": 6.6, "2024": 62, "2029": 49}, "Household Income: $75k - $100k": {"Demographic": null, "2020": 118, "% OF TOTAL": 9.8, "2024": 93, "2029": 72}, "Household Income: $100k - $125k": {"Demographic": null, "2020": 77, "% OF TOTAL": 8.0, "2024": 75, "2029": 59}, "Household Income: $125k - $150k": {"Demographic": null, "2020": 51, "% OF TOTAL": 6.4, "2024": 44, "2029": 47}, "Household Income: $150k - $200k": {"Demographic": null, "2020": 214, "% OF TOTAL": 36.2, "2024": 256, "2029": 267}, "Household Income: Above $200k": {"Demographic": null, "2020": 137, "% OF TOTAL": 30.9, "2024": 152, "2029": 228}, "Total Housing Units": {"Demographic": null, "2020": 698, "% OF TOTAL": null, "2024": null, "2029": null}, "Owner Occupied Housing Units": {"Demographic": null, "2020": 627, "% OF TOTAL": null, "2024": 655, "2029": null}, "Renter Occupied Housing Units": {"Demographic": null, "2020": 53, "% OF TOTAL": null, "2024": 55, "2029": null}, "Vacant Housing Units": {"Demographic": null, "2020": 18, "% OF TOTAL": null, "2024": null, "2029": null}, "Vacant Housing Units: Seasonal": {"Demographic": null, "2020": 1, "% OF TOTAL": null, "2024": null, "2029": null}, "Vacant Housing Units: Other Usage": {"Demographic": null, "2020": 17, "% OF TOTAL": null, "2024": null, "2029": null}, "Average Housing Unit Value": {"Demographic": null, "2020": 342233, "% OF TOTAL": null, "2024": 342248, "2029": null}, "Median Housing Unit Value": {"Demographic": null, "2020": 326471, "% OF TOTAL": null, "2024": 326410, "2029": null}, "Housing Unit Value Less Than $100k": {"Demographic": null, "2020": 21, "% OF TOTAL": null, "2024": 22, "2029": null}, "Housing Unit Value $100k-$200k": {"Demographic": null, "2020": 24, "% OF TOTAL": null, "2024": 25, "2029": null}, "Housing Unit Value $200k-$250k": {"Demographic": null, "2020": 86, "% OF TOTAL": null, "2024": 90, "2029": null}, "Housing Unit Value $250k-$300k": {"Demographic": null, "2020": 133, "% OF TOTAL": null, "2024": 139, "2029": null}, "Housing Unit Value $300k-$400k": {"Demographic": null, "2020": 187, "% OF TOTAL": null, "2024": 195, "2029": null}, "Housing Unit Value $400k-$500k": {"Demographic": null, "2020": 112, "% OF TOTAL": null, "2024": 117, "2029": null}, "Housing Unit Value $500k-$750k": {"Demographic": null, "2020": 64, "% OF TOTAL": null, "2024": 67, "2029": null}, "Housing Unit Value $750k-$1m": {"Demographic": null, "2020": 0, "% OF TOTAL": null, "2024": 0, "2029": null}, "Housing Unit Value $1m-$1.5m": {"Demographic": null, "2020": 0, "% OF TOTAL": null, "2024": 0, "2029": null}, "Housing Unit Value $1.5m-$2m": {"Demographic": null, "2020": 0, "% OF TOTAL": null, "2024": 0, "2029": null}, "Housing Unit Value Above $2m": {"Demographic": null, "2020": 0, "% OF TOTAL": null, "2024": 0, "2029": null}, "Median Housing Unit Year Built": {"Demographic": null, "2020": 1992, "% OF TOTAL": null, "2024": 1992, "2029": null}, "Housing Units Built 2014 Or After": {"Demographic": null, "2020": 0, "% OF TOTAL": null, "2024": 0, "2029": null}, "Housing Units Built 2010-2013": {"Demographic": null, "2020": 31, "% OF TOTAL": null, "2024": 32, "2029": null}, "Housing Units Built 2000-2009": {"Demographic": null, "2020": 123, "% OF TOTAL": null, "2024": 129, "2029": null}, "Housing Units Built 1990-1999": {"Demographic": null, "2020": 245, "% OF TOTAL": null, "2024": 256, "2029": null}, "Housing Units Built 1980-1989": {"Demographic": null, "2020": 43, "% OF TOTAL": null, "2024": 45, "2029": null}, "Housing Units Built 1970-1979": {"Demographic": null, "2020": 184, "% OF TOTAL": null, "2024": 192, "2029": null}, "Housing Units Built 1960-1969": {"Demographic": null, "2020": 54, "% OF TOTAL": null, "2024": 56, "2029": null}, "Housing Units Built 1950-1959": {"Demographic": null, "2020": 0, "% OF TOTAL": null, "2024": 0, "2029": null}, "Housing Units Built 1940-1949": {"Demographic": null, "2020": 0, "% OF TOTAL": null, "2024": 0, "2029": null}, "Housing Units Built Before 1940": {"Demographic": null, "2020": 0, "% OF TOTAL": null, "2024": 0, "2029": null}}, "consumer_segments": {"Family Life Young Children": {"households": 65, "pct": 42.2}, "Simple Life Moderate Income With Children": {"households": 40, "pct": 26.0}, "Active Adult Elite": {"households": 25, "pct": 16.2}, "Simple Life Affluent No Children": {"households": 14, "pct": 9.1}, "Renters": {"households": 4, "pct": 2.6}, "Active Adult Feature and Location": {"households": 3, "pct": 1.9}, "Simple Life Moderate Income No Children": {"households": 2, "pct": 1.3}, "Active Adult Entry Level": {"households": 1, "pct": 0.6}, "Elite": {"households": 0, "pct": 0.0}, "Family Life School Age Children": {"households": 0, "pct": 0.0}, "Feature and Location": {"households": 0, "pct": 0.0}, "Entry Level Urban": {"households": 0, "pct": 0.0}, "Entry Level Suburban": {"households": 0, "pct": 0.0}, "Renters Near Term Buyers": {"households": 0, "pct": 0.0}}, "income_age": {"2020": {}, "2024": {}, "2029": {}}, "population_2024": 2127, "population_2029": 2211, "households_2024": 710, "households_2029": 737, "median_household_income_2024": 160352, "median_household_income_2029": 173689, "mean_household_income_2024": null, "mean_household_income_2029": null, "median_age_2024": 42, "median_age_2029": 44, "median_home_value_2024": 326410, "average_household_size_2024": 3.0, "average_household_size_2029": 3.0, "population_growth_2024_2029": 4.6, "households_growth_2024_2029": 4.4}, "geometry": {"type": "Polygon", "coordinates": [[[-87.986705, 30.748567], [-87.987001, 30.777607], [-87.953368, 30.777859], [-87.953082, 30.748819], [-87.986705, 30.748567]]]}}, {"type": "Feature", "properties": {"block": "054", "block_num": 54, "CentroidLon": -88.0036667783055, "CentroidLat": 30.76295779564369, "submarket": "North Mobile", "data_status": "no data", "is_anomalous": false, "anomaly_reason": null, "files_present": ""}, "geometry": {"type": "Polygon", "coordinates": [[[-88.020327, 30.748307], [-88.020634, 30.777347], [-87.987001, 30.777607], [-87.986705, 30.748567], [-88.020327, 30.748307]]]}}, {"type": "Feature", "properties": {"block": "055", "block_num": 55, "CentroidLon": -88.03729392600023, "CentroidLat": 30.76269297351997, "submarket": "North Mobile", "data_status": "no data", "is_anomalous": false, "anomaly_reason": null, "files_present": ""}, "geometry": {"type": "Polygon", "coordinates": [[[-88.053949, 30.748038], [-88.054266, 30.777077], [-88.020634, 30.777347], [-88.020327, 30.748307], [-88.053949, 30.748038]]]}}, {"type": "Feature", "properties": {"block": "056", "block_num": 56, "CentroidLon": -88.07092076378774, "CentroidLat": 30.762419647390065, "submarket": "North Mobile", "data_status": "usable", "is_anomalous": false, "anomaly_reason": null, "files_present": "DemographicSnapshot-26.08.06.csv;PopulationTrends-26.08.06.csv;HouseholdTrends-26.08.06.csv;HouseholdIncomeByAge-26.08.06.csv;ConsumerSegmentation-26.08.06.csv", "demographic_snapshot": {"Total Population": {"Demographic": null, "2020": 3697, "% OF TOTAL": null, "2024": 3877, "2029": 3926}, "Households": {"Demographic": null, "2020": 1494, "% OF TOTAL": null, "2024": 1594, "2029": 1634}, "Population in Group Quarters": {"Demographic": null, "2020": 26, "% OF TOTAL": null, "2024": 27, "2029": 27}, "Households Growth": {"Demographic": null, "2020": null, "% OF TOTAL": null, "2024": 6.7, "2029": 2.5}, "Household Income: Median": {"Demographic": null, "2020": 0, "% OF TOTAL": null, "2024": 45613, "2029": 47901}, "Home Value: Median": {"Demographic": null, "2020": 77000, "% OF TOTAL": null, "2024": 78333, "2029": null}, "Population Growth": {"Demographic": null, "2020": null, "% OF TOTAL": null, "2024": 4.9, "2029": 1.3}, "Total Population: Under 19 years": {"Demographic": null, "2020": 1160, "% OF TOTAL": 29.0, "2024": 1186, "2029": 1138}, "Total Population: 20 - 64 years": {"Demographic": null, "2020": 2035, "% OF TOTAL": 53.7, "2024": 2117, "2029": 2108}, "Total Population: 65 years and over": {"Demographic": null, "2020": 502, "% OF TOTAL": 17.3, "2024": 574, "2029": 680}, "Total population: Median age": {"Demographic": null, "2020": 36, "% OF TOTAL": null, "2024": 36, "2029": 37}, "Total population: Under 5 years": {"Demographic": null, "2020": 338, "% OF TOTAL": 7.7, "2024": 336, "2029": 303}, "Total population: 5 - 9 years": {"Demographic": null, "2020": 282, "% OF TOTAL": 7.4, "2024": 293, "2029": 291}, "Total population: 10 - 14 years": {"Demographic": null, "2020": 307, "% OF TOTAL": 7.3, "2024": 306, "2029": 288}, "Total population: 15 - 19 years": {"Demographic": null, "2020": 233, "% OF TOTAL": 6.5, "2024": 251, "2029": 256}, "Total population: 20 - 24 years": {"Demographic": null, "2020": 220, "% OF TOTAL": 5.8, "2024": 227, "2029": 226}, "Total population: 25 - 29 years": {"Demographic": null, "2020": 250, "% OF TOTAL": 5.9, "2024": 238, "2029": 232}, "Total population: 30 - 34 years": {"Demographic": null, "2020": 213, "% OF TOTAL": 5.7, "2024": 238, "2029": 224}, "Total population: 35 - 39 years": {"Demographic": null, "2020": 280, "% OF TOTAL": 7.6, "2024": 302, "2029": 299}, "Total population: 40 - 44 years": {"Demographic": null, "2020": 186, "% OF TOTAL": 6.1, "2024": 207, "2029": 241}, "Total population: 45 - 49 years": {"Demographic": null, "2020": 188, "% OF TOTAL": 5.4, "2024": 198, "2029": 212}, "Total population: 50 - 54 years": {"Demographic": null, "2020": 212, "% OF TOTAL": 5.3, "2024": 219, "2029": 207}, "Total population: 55 - 59 years": {"Demographic": null, "2020": 253, "% OF TOTAL": 5.9, "2024": 242, "2029": 233}, "Total population: 60 - 64 years": {"Demographic": null, "2020": 233, "% OF TOTAL": 6.0, "2024": 246, "2029": 234}, "Total population: 65 - 69 years": {"Demographic": null, "2020": 176, "% OF TOTAL": 5.7, "2024": 202, "2029": 225}, "Total population: 70 - 74 years": {"Demographic": null, "2020": 146, "% OF TOTAL": 4.8, "2024": 164, "2029": 187}, "Total population: 75 - 79 years": {"Demographic": null, "2020": 84, "% OF TOTAL": 3.4, "2024": 104, "2029": 133}, "Total population: 80 - 84 years": {"Demographic": null, "2020": 48, "% OF TOTAL": 1.9, "2024": 53, "2029": 76}, "Total population: 85 years and over": {"Demographic": null, "2020": 48, "% OF TOTAL": 1.5, "2024": 51, "2029": 59}, "Householders Age 15-24": {"Demographic": null, "2020": 57, "% OF TOTAL": 3.7, "2024": 57, "2029": 60}, "Householders Age 25-34": {"Demographic": null, "2020": 239, "% OF TOTAL": 14.6, "2024": 253, "2029": 238}, "Householders Age 35-44": {"Demographic": null, "2020": 267, "% OF TOTAL": 18.1, "2024": 284, "2029": 296}, "Householders Age 45-54": {"Demographic": null, "2020": 240, "% OF TOTAL": 15.3, "2024": 255, "2029": 250}, "Householders Age 55-64": {"Demographic": null, "2020": 306, "% OF TOTAL": 19.1, "2024": 327, "2029": 312}, "Householders Age 65-74": {"Demographic": null, "2020": 231, "% OF TOTAL": 16.8, "2024": 248, "2029": 274}, "Householders Age 75+": {"Demographic": null, "2020": 154, "% OF TOTAL": 12.5, "2024": 170, "2029": 204}, "Household income: Average": {"Demographic": null, "2020": 47759, "% OF TOTAL": null, "2024": 54163, "2029": 68612}, "Household income: Less than 25k": {"Demographic": null, "2020": 565, "% OF TOTAL": 30.0, "2024": 543, "2029": 490}, "Household income: 25k - 50k": {"Demographic": null, "2020": 476, "% OF TOTAL": 27.4, "2024": 497, "2029": 447}, "Household income: 50k - 75k": {"Demographic": null, "2020": 196, "% OF TOTAL": 13.2, "2024": 221, "2029": 215}, "Household income: 75k - 100k": {"Demographic": null, "2020": 113, "% OF TOTAL": 11.7, "2024": 154, "2029": 191}, "Household income: 100k - 125k": {"Demographic": null, "2020": 80, "% OF TOTAL": 6.7, "2024": 86, "2029": 109}, "Household income: 125k - 150k": {"Demographic": null, "2020": 18, "% OF TOTAL": 2.8, "2024": 19, "2029": 46}, "Household income: 150k - 200k": {"Demographic": null, "2020": 9, "% OF TOTAL": 1.0, "2024": 14, "2029": 17}, "Household income: Above 200k": {"Demographic": null, "2020": 37, "% OF TOTAL": 7.3, "2024": 60, "2029": 119}, "White Alone": {"Demographic": null, "2020": 1159, "% OF TOTAL": 30.1, "2024": 1211, "2029": 1181}, "Black or African American Alone": {"Demographic": null, "2020": 2301, "% OF TOTAL": 63.0, "2024": 2400, "2029": 2474}, "American Indian and Alaska Native Alone": {"Demographic": null, "2020": 17, "% OF TOTAL": 0.4, "2024": 18, "2029": 17}, "Asian Alone": {"Demographic": null, "2020": 11, "% OF TOTAL": 0.3, "2024": 12, "2029": 13}, "Native Hawaiian and OPI Alone": {"Demographic": null, "2020": 2, "% OF TOTAL": 0.1, "2024": 2, "2029": 2}, "Some Other Race Alone": {"Demographic": null, "2020": 48, "% OF TOTAL": 1.3, "2024": 51, "2029": 52}, "Two or More Races Alone": {"Demographic": null, "2020": 159, "% OF TOTAL": 4.8, "2024": 183, "2029": 187}, "Not Hispanic or Latino": {"Demographic": null, "2020": 3622, "% OF TOTAL": 97.8, "2024": 3793, "2029": 3840}, "Hispanic or Latino": {"Demographic": null, "2020": 75, "% OF TOTAL": 2.2, "2024": 84, "2029": 86}, "Total Housing Units": {"Demographic": null, "2020": 1684, "% OF TOTAL": null, "2024": null, "2029": null}, "Owner Occupied Housing Units": {"Demographic": null, "2020": 669, "% OF TOTAL": null, "2024": 721, "2029": null}, "Renter Occupied Housing Units": {"Demographic": null, "2020": 825, "% OF TOTAL": null, "2024": 873, "2029": null}, "Housing Units Value Less Than 100k": {"Demographic": null, "2020": 496, "% OF TOTAL": null, "2024": 533, "2029": null}, "Housing Units Value 100k - 200k": {"Demographic": null, "2020": 152, "% OF TOTAL": null, "2024": 166, "2029": null}, "Housing Units Value 200k - 250k": {"Demographic": null, "2020": 11, "% OF TOTAL": null, "2024": 12, "2029": null}, "Housing Units Value 250k - 300k": {"Demographic": null, "2020": 0, "% OF TOTAL": null, "2024": 0, "2029": null}, "Housing Units Value 300k - 400k": {"Demographic": null, "2020": 0, "% OF TOTAL": null, "2024": 0, "2029": null}, "Housing Units Value 400k - 500k": {"Demographic": null, "2020": 4, "% OF TOTAL": null, "2024": 4, "2029": null}, "Housing Units Value 500k - 750k": {"Demographic": null, "2020": 6, "% OF TOTAL": null, "2024": 6, "2029": null}, "Housing Units Value 750k - 1m": {"Demographic": null, "2020": 0, "% OF TOTAL": null, "2024": 0, "2029": null}, "Housing Units Value 1m - 1.5m": {"Demographic": null, "2020": 0, "% OF TOTAL": null, "2024": 0, "2029": null}, "Housing Units Value 1.5m - 2m": {"Demographic": null, "2020": 0, "% OF TOTAL": null, "2024": 0, "2029": null}, "Housing Units Value >2m": {"Demographic": null, "2020": 0, "% OF TOTAL": null, "2024": 0, "2029": null}, "Take Car or Truck to Work": {"Demographic": null, "2020": 1224, "% OF TOTAL": null, "2024": 1327, "2029": null}, "Take Public Transportation to Work": {"Demographic": null, "2020": 4, "% OF TOTAL": null, "2024": 4, "2029": null}, "Take Other Means of Transportation to Work": {"Demographic": null, "2020": 69, "% OF TOTAL": null, "2024": 72, "2029": null}, "Average Travel Time (min)": {"Demographic": null, "2020": 22, "% OF TOTAL": null, "2024": 22, "2029": null}, "Travel Below 30 Min to Work": {"Demographic": null, "2020": 964, "% OF TOTAL": null, "2024": 1044, "2029": null}, "Travel 30-60 Min to Work": {"Demographic": null, "2020": 295, "% OF TOTAL": null, "2024": 316, "2029": null}, "Travel Above 60 Min to Work": {"Demographic": null, "2020": 147, "% OF TOTAL": null, "2024": 43, "2029": null}, "Educational Attainment: No High School Diploma": {"Demographic": null, "2020": 1091, "% OF TOTAL": null, "2024": 1156, "2029": null}, "Educational Attainment: High School Diploma": {"Demographic": null, "2020": 841, "% OF TOTAL": null, "2024": 892, "2029": null}, "Educational Attainment: Some College": {"Demographic": null, "2020": 1177, "% OF TOTAL": null, "2024": 1254, "2029": null}, "Educational Attainment: Associate's Degree": {"Demographic": null, "2020": 399, "% OF TOTAL": null, "2024": 414, "2029": null}, "Educational Attainment: Bachelors Degree": {"Demographic": null, "2020": 202, "% OF TOTAL": null, "2024": 211, "2029": null}, "Educational Attainment: Advanced Degree": {"Demographic": null, "2020": 49, "% OF TOTAL": null, "2024": 54, "2029": null}, "Households: Number of vehicles available - Average": {"Demographic": null, "2020": 1, "% OF TOTAL": null, "2024": 1, "2029": null}, "Households: No Vehicle available": {"Demographic": null, "2020": 189, "% OF TOTAL": null, "2024": 202, "2029": null}, "Households: 1 Vehicle available": {"Demographic": null, "2020": 614, "% OF TOTAL": null, "2024": 652, "2029": null}, "Households: 2 Vehicles available": {"Demographic": null, "2020": 490, "% OF TOTAL": null, "2024": 524, "2029": null}, "Households: 3 Vehicles available": {"Demographic": null, "2020": 119, "% OF TOTAL": null, "2024": 127, "2029": null}, "Households: 4 or more Vehicles available": {"Demographic": null, "2020": 82, "% OF TOTAL": null, "2024": 89, "2029": null}}, "population_trends": {"Total Population": {"Demographic": null, "2020": 3697, "% OF TOTAL": null, "2024": 3877, "2029": 3926}, "Population Growth": {"Demographic": null, "2020": null, "% OF TOTAL": null, "2024": 4.9, "2029": 1.3}, "Female Population": {"Demographic": null, "2020": 2032, "% OF TOTAL": 54.9, "2024": 2133, "2029": 2156}, "Male Population": {"Demographic": null, "2020": 1665, "% OF TOTAL": 45.1, "2024": 1744, "2029": 1770}, "Total population: Median Age": {"Demographic": null, "2020": 36, "% OF TOTAL": null, "2024": 36, "2029": 37}, "Total population: Under 5 years": {"Demographic": null, "2020": 338, "% OF TOTAL": 7.7, "2024": 336, "2029": 303}, "Total population: 5 - 9 years": {"Demographic": null, "2020": 282, "% OF TOTAL": 7.4, "2024": 293, "2029": 291}, "Total population: 10 - 14 years": {"Demographic": null, "2020": 307, "% OF TOTAL": 7.3, "2024": 306, "2029": 288}, "Total population: 15 - 19 years": {"Demographic": null, "2020": 233, "% OF TOTAL": 6.5, "2024": 251, "2029": 256}, "Total population: 20 - 24 years": {"Demographic": null, "2020": 220, "% OF TOTAL": 5.8, "2024": 227, "2029": 226}, "Total population: 25 - 29 years": {"Demographic": null, "2020": 250, "% OF TOTAL": 5.9, "2024": 238, "2029": 232}, "Total population: 30 - 34 years": {"Demographic": null, "2020": 213, "% OF TOTAL": 5.7, "2024": 238, "2029": 224}, "Total population: 35 - 39 years": {"Demographic": null, "2020": 280, "% OF TOTAL": 7.6, "2024": 302, "2029": 299}, "Total population: 40 - 44 years": {"Demographic": null, "2020": 186, "% OF TOTAL": 6.1, "2024": 207, "2029": 241}, "Total population: 45 - 49 years": {"Demographic": null, "2020": 188, "% OF TOTAL": 5.4, "2024": 198, "2029": 212}, "Total population: 50 - 54 years": {"Demographic": null, "2020": 212, "% OF TOTAL": 5.3, "2024": 219, "2029": 207}, "Total population: 55 - 59 years": {"Demographic": null, "2020": 253, "% OF TOTAL": 5.9, "2024": 242, "2029": 233}, "Total population: 60 - 64 years": {"Demographic": null, "2020": 233, "% OF TOTAL": 6.0, "2024": 246, "2029": 234}, "Total population: 65 - 69 years": {"Demographic": null, "2020": 176, "% OF TOTAL": 5.7, "2024": 202, "2029": 225}, "Total population: 70 - 74 years": {"Demographic": null, "2020": 146, "% OF TOTAL": 4.8, "2024": 164, "2029": 187}, "Total population: 75 - 79 years": {"Demographic": null, "2020": 84, "% OF TOTAL": 3.4, "2024": 104, "2029": 133}, "Total population: 80 - 84 years": {"Demographic": null, "2020": 48, "% OF TOTAL": 1.9, "2024": 53, "2029": 76}, "Total population: 85 years and over": {"Demographic": null, "2020": 48, "% OF TOTAL": 1.5, "2024": 51, "2029": 59}, "Female population: Median Age": {"Demographic": null, "2020": 37, "% OF TOTAL": null, "2024": 37, "2029": 38}, "Female population: Under 5 years": {"Demographic": null, "2020": 163, "% OF TOTAL": 6.8, "2024": 163, "2029": 147}, "Female population: 5 - 9 years": {"Demographic": null, "2020": 148, "% OF TOTAL": 6.8, "2024": 152, "2029": 147}, "Female population: 10 - 14 years": {"Demographic": null, "2020": 154, "% OF TOTAL": 6.8, "2024": 155, "2029": 146}, "Female population: 15 - 19 years": {"Demographic": null, "2020": 111, "% OF TOTAL": 5.7, "2024": 118, "2029": 122}, "Female population: 20 - 24 years": {"Demographic": null, "2020": 122, "% OF TOTAL": 5.4, "2024": 123, "2029": 117}, "Female population: 25 - 29 years": {"Demographic": null, "2020": 153, "% OF TOTAL": 6.4, "2024": 144, "2029": 138}, "Female population: 30 - 34 years": {"Demographic": null, "2020": 137, "% OF TOTAL": 6.5, "2024": 153, "2029": 140}, "Female population: 35 - 39 years": {"Demographic": null, "2020": 175, "% OF TOTAL": 8.7, "2024": 187, "2029": 188}, "Female population: 40 - 44 years": {"Demographic": null, "2020": 107, "% OF TOTAL": 6.6, "2024": 120, "2029": 143}, "Female population: 45 - 49 years": {"Demographic": null, "2020": 95, "% OF TOTAL": 5.2, "2024": 102, "2029": 113}, "Female population: 50 - 54 years": {"Demographic": null, "2020": 107, "% OF TOTAL": 4.8, "2024": 108, "2029": 104}, "Female population: 55 - 59 years": {"Demographic": null, "2020": 140, "% OF TOTAL": 5.8, "2024": 133, "2029": 124}, "Female population: 60 - 64 years": {"Demographic": null, "2020": 113, "% OF TOTAL": 5.4, "2024": 119, "2029": 116}, "Female population: 65 - 69 years": {"Demographic": null, "2020": 97, "% OF TOTAL": 5.5, "2024": 114, "2029": 119}, "Female population: 70 - 74 years": {"Demographic": null, "2020": 93, "% OF TOTAL": 5.3, "2024": 106, "2029": 115}, "Female population: 75 - 79 years": {"Demographic": null, "2020": 59, "% OF TOTAL": 4.2, "2024": 73, "2029": 91}, "Female population: 80 - 84 years": {"Demographic": null, "2020": 30, "% OF TOTAL": 2.4, "2024": 34, "2029": 52}, "Female population: 85 years and over": {"Demographic": null, "2020": 28, "% OF TOTAL": 1.6, "2024": 29, "2029": 34}, "Male population: Median Age": {"Demographic": null, "2020": 33, "% OF TOTAL": null, "2024": 33, "2029": 34}, "Male population: Under 5 years": {"Demographic": null, "2020": 175, "% OF TOTAL": 8.8, "2024": 173, "2029": 156}, "Male population: 5 - 9 years": {"Demographic": null, "2020": 134, "% OF TOTAL": 8.1, "2024": 141, "2029": 144}, "Male population: 10 - 14 years": {"Demographic": null, "2020": 153, "% OF TOTAL": 8.0, "2024": 151, "2029": 142}, "Male population: 15 - 19 years": {"Demographic": null, "2020": 122, "% OF TOTAL": 7.6, "2024": 133, "2029": 134}, "Male population: 20 - 24 years": {"Demographic": null, "2020": 98, "% OF TOTAL": 6.2, "2024": 104, "2029": 109}, "Male population: 25 - 29 years": {"Demographic": null, "2020": 97, "% OF TOTAL": 5.3, "2024": 94, "2029": 94}, "Male population: 30 - 34 years": {"Demographic": null, "2020": 76, "% OF TOTAL": 4.7, "2024": 85, "2029": 84}, "Male population: 35 - 39 years": {"Demographic": null, "2020": 105, "% OF TOTAL": 6.3, "2024": 115, "2029": 111}, "Male population: 40 - 44 years": {"Demographic": null, "2020": 79, "% OF TOTAL": 5.5, "2024": 87, "2029": 98}, "Male population: 45 - 49 years": {"Demographic": null, "2020": 93, "% OF TOTAL": 5.6, "2024": 96, "2029": 99}, "Male population: 50 - 54 years": {"Demographic": null, "2020": 105, "% OF TOTAL": 5.8, "2024": 111, "2029": 103}, "Male population: 55 - 59 years": {"Demographic": null, "2020": 113, "% OF TOTAL": 6.2, "2024": 109, "2029": 109}, "Male population: 60 - 64 years": {"Demographic": null, "2020": 120, "% OF TOTAL": 6.7, "2024": 127, "2029": 118}, "Male population: 65 - 69 years": {"Demographic": null, "2020": 79, "% OF TOTAL": 6.0, "2024": 88, "2029": 106}, "Male population: 70 - 74 years": {"Demographic": null, "2020": 53, "% OF TOTAL": 4.1, "2024": 58, "2029": 72}, "Male population: 75 - 79 years": {"Demographic": null, "2020": 25, "% OF TOTAL": 2.4, "2024": 31, "2029": 42}, "Male population: 80 - 84 years": {"Demographic": null, "2020": 18, "% OF TOTAL": 1.4, "2024": 19, "2029": 24}, "Male population: 85 years and over": {"Demographic": null, "2020": 20, "% OF TOTAL": 1.4, "2024": 22, "2029": 25}, "White alone": {"Demographic": null, "2020": 1159, "% OF TOTAL": 30.1, "2024": 1211, "2029": 1181}, "Black alone": {"Demographic": null, "2020": 2301, "% OF TOTAL": 63.0, "2024": 2400, "2029": 2474}, "American Indian and Alaska Native alone": {"Demographic": null, "2020": 17, "% OF TOTAL": 0.4, "2024": 18, "2029": 17}, "Asian alone": {"Demographic": null, "2020": 11, "% OF TOTAL": 0.3, "2024": 12, "2029": 13}, "Native Hawaiian and OPI alone": {"Demographic": null, "2020": 2, "% OF TOTAL": 0.1, "2024": 2, "2029": 2}, "Some other race alone": {"Demographic": null, "2020": 48, "% OF TOTAL": 1.3, "2024": 51, "2029": 52}, "Two or more races alone": {"Demographic": null, "2020": 159, "% OF TOTAL": 4.8, "2024": 183, "2029": 187}, "Not Hispanic: White alone": {"Demographic": null, "2020": 1147, "% OF TOTAL": 29.7, "2024": 1197, "2029": 1167}, "Not Hispanic: Black or African American alone": {"Demographic": null, "2020": 2293, "% OF TOTAL": 62.8, "2024": 2391, "2029": 2464}, "Not Hispanic: American Indian and Alaska Native alone": {"Demographic": null, "2020": 15, "% OF TOTAL": 0.4, "2024": 16, "2029": 15}, "Not Hispanic: Asian alone": {"Demographic": null, "2020": 11, "% OF TOTAL": 0.3, "2024": 12, "2029": 13}, "Not Hispanic: Native Hawaiian and OPI alone": {"Demographic": null, "2020": 2, "% OF TOTAL": 0.1, "2024": 2, "2029": 2}, "Not Hispanic: Some Other Race alone": {"Demographic": null, "2020": 24, "% OF TOTAL": 0.7, "2024": 25, "2029": 26}, "Not Hispanic: Two or More Races": {"Demographic": null, "2020": 130, "% OF TOTAL": 3.9, "2024": 150, "2029": 153}, "Hispanic: White alone": {"Demographic": null, "2020": 12, "% OF TOTAL": 0.4, "2024": 14, "2029": 14}, "Hispanic: Black or African American alone": {"Demographic": null, "2020": 8, "% OF TOTAL": 0.3, "2024": 9, "2029": 10}, "Hispanic: American Indian and Alaska Native alone": {"Demographic": null, "2020": 2, "% OF TOTAL": 0.1, "2024": 2, "2029": 2}, "Hispanic: Asian alone": {"Demographic": null, "2020": 0, "% OF TOTAL": 0.0, "2024": 0, "2029": 0}, "Hispanic: Native Hawaiian and OPI alone": {"Demographic": null, "2020": 0, "% OF TOTAL": 0.0, "2024": 0, "2029": 0}, "Hispanic: Some Other Race alone": {"Demographic": null, "2020": 24, "% OF TOTAL": 0.7, "2024": 26, "2029": 26}, "Hispanic: Two or More Races": {"Demographic": null, "2020": 29, "% OF TOTAL": 0.9, "2024": 33, "2029": 34}, "Educational Attainment: No High School Diploma": {"Demographic": null, "2020": 250, "% OF TOTAL": null, "2024": 264, "2029": null}, "Educational Attainment: High School Diploma": {"Demographic": null, "2020": 841, "% OF TOTAL": null, "2024": 892, "2029": null}, "Educational Attainment: Some College": {"Demographic": null, "2020": 576, "% OF TOTAL": null, "2024": 629, "2029": null}, "Educational Attainment: Associates Degree": {"Demographic": null, "2020": 399, "% OF TOTAL": null, "2024": 414, "2029": null}, "Educational Attainment: Bachelors Degree": {"Demographic": null, "2020": 202, "% OF TOTAL": null, "2024": 211, "2029": null}, "Educational Attainment: Advanced Degree": {"Demographic": null, "2020": 49, "% OF TOTAL": null, "2024": 54, "2029": null}, "Employment Status: Armed Forces": {"Demographic": null, "2020": 0, "% OF TOTAL": null, "2024": 0, "2029": null}, "Employment Status: Civilian labor force employed": {"Demographic": null, "2020": 1364, "% OF TOTAL": null, "2024": 1476, "2029": null}, "Employment Status: Civilian labor force unemployed": {"Demographic": null, "2020": 105, "% OF TOTAL": null, "2024": 101, "2029": null}, "Employment Status: Not in labor force": {"Demographic": null, "2020": 1246, "% OF TOTAL": null, "2024": 1333, "2029": null}, "Employed in Agriculture and Mining Industries": {"Demographic": null, "2020": 0, "% OF TOTAL": null, "2024": 0, "2029": null}, "Employed in Construction Industries": {"Demographic": null, "2020": 240, "% OF TOTAL": null, "2024": 245, "2029": null}, "Employed in Manufacturing Industries": {"Demographic": null, "2020": 99, "% OF TOTAL": null, "2024": 110, "2029": null}, "Employed in Wholesale Industries": {"Demographic": null, "2020": 31, "% OF TOTAL": null, "2024": 32, "2029": null}, "Employed in Retail Industries": {"Demographic": null, "2020": 186, "% OF TOTAL": null, "2024": 207, "2029": null}, "Employed in Transportation and Utilities Industries": {"Demographic": null, "2020": 134, "% OF TOTAL": null, "2024": 147, "2029": null}, "Employed in Information Industries": {"Demographic": null, "2020": 7, "% OF TOTAL": null, "2024": 7, "2029": null}, "Employed in Real-Estate Industries": {"Demographic": null, "2020": 8, "% OF TOTAL": null, "2024": 9, "2029": null}, "Employed in Professional Industries": {"Demographic": null, "2020": 164, "% OF TOTAL": null, "2024": 184, "2029": null}, "Employed in Health and Education Industries": {"Demographic": null, "2020": 240, "% OF TOTAL": null, "2024": 262, "2029": null}, "Employed in Art Industries": {"Demographic": null, "2020": 207, "% OF TOTAL": null, "2024": 225, "2029": null}, "Employed in Other Industries": {"Demographic": null, "2020": 34, "% OF TOTAL": null, "2024": 33, "2029": null}, "Employed in Public Administration Industries": {"Demographic": null, "2020": 14, "% OF TOTAL": null, "2024": 15, "2029": null}, "Occupation: Management": {"Demographic": null, "2020": 84, "% OF TOTAL": null, "2024": 92, "2029": null}, "Occupation: Business and financial operations": {"Demographic": null, "2020": 3, "% OF TOTAL": null, "2024": 3, "2029": null}, "Occupation: Computer and mathematical": {"Demographic": null, "2020": 8, "% OF TOTAL": null, "2024": 8, "2029": null}, "Occupation: Architecture and engineering": {"Demographic": null, "2020": 0, "% OF TOTAL": null, "2024": 0, "2029": null}, "Occupation: Life, physical, and social science": {"Demographic": null, "2020": 0, "% OF TOTAL": null, "2024": 0, "2029": null}, "Occupation: Community and social service": {"Demographic": null, "2020": 15, "% OF TOTAL": null, "2024": 16, "2029": null}, "Occupation: Legal": {"Demographic": null, "2020": 0, "% OF TOTAL": null, "2024": 0, "2029": null}, "Occupation: Education, training, and library": {"Demographic": null, "2020": 46, "% OF TOTAL": null, "2024": 50, "2029": null}, "Occupation: Arts, design, entertainment, sports, and media": {"Demographic": null, "2020": 0, "% OF TOTAL": null, "2024": 0, "2029": null}, "Occupation: Health diagnosing and treating practitioners": {"Demographic": null, "2020": 39, "% OF TOTAL": null, "2024": 40, "2029": null}, "Occupation: Health technologists and technicians": {"Demographic": null, "2020": 83, "% OF TOTAL": null, "2024": 94, "2029": null}, "Occupation: Healthcare support": {"Demographic": null, "2020": 28, "% OF TOTAL": null, "2024": 31, "2029": null}, "Occupation: Fire fighting and prevention": {"Demographic": null, "2020": 37, "% OF TOTAL": null, "2024": 43, "2029": null}, "Occupation: Law enforcement workers": {"Demographic": null, "2020": 9, "% OF TOTAL": null, "2024": 10, "2029": null}, "Occupation: Food preparation and serving related": {"Demographic": null, "2020": 141, "% OF TOTAL": null, "2024": 153, "2029": null}, "Occupation: Building and grounds cleaning and maintenance": {"Demographic": null, "2020": 71, "% OF TOTAL": null, "2024": 81, "2029": null}, "Occupation: Personal care and service": {"Demographic": null, "2020": 40, "% OF TOTAL": null, "2024": 39, "2029": null}, "Occupation: Sales and related": {"Demographic": null, "2020": 127, "% OF TOTAL": null, "2024": 141, "2029": null}, "Occupation: Office and administrative support": {"Demographic": null, "2020": 118, "% OF TOTAL": null, "2024": 128, "2029": null}, "Occupation: Farming, fishing, and forestry": {"Demographic": null, "2020": 0, "% OF TOTAL": null, "2024": 0, "2029": null}, "Occupation: Construction and extraction": {"Demographic": null, "2020": 224, "% OF TOTAL": null, "2024": 228, "2029": null}, "Occupation: Installation, maintenance, and repair": {"Demographic": null, "2020": 4, "% OF TOTAL": null, "2024": 4, "2029": null}, "Occupation: Production": {"Demographic": null, "2020": 108, "% OF TOTAL": null, "2024": 118, "2029": null}, "Occupation: Transportation": {"Demographic": null, "2020": 136, "% OF TOTAL": null, "2024": 149, "2029": null}, "Occupation: Material moving": {"Demographic": null, "2020": 43, "% OF TOTAL": null, "2024": 48, "2029": null}, "White collar": {"Demographic": null, "2020": 523, "% OF TOTAL": null, "2024": 572, "2029": null}, "Blue collar": {"Demographic": null, "2020": 841, "% OF TOTAL": null, "2024": 904, "2029": null}, "Means of transportation: Car, truck or van": {"Demographic": null, "2020": 1224, "% OF TOTAL": null, "2024": 1327, "2029": null}, "Means of transportation: Public transportation": {"Demographic": null, "2020": 4, "% OF TOTAL": null, "2024": 4, "2029": null}, "Means of transportation: Other": {"Demographic": null, "2020": 69, "% OF TOTAL": null, "2024": 72, "2029": null}, "Travel time: Average (in minutes)": {"Demographic": null, "2020": 21, "% OF TOTAL": null, "2024": 21, "2029": null}, "Travel time to work: Less than 30 minutes": {"Demographic": null, "2020": 964, "% OF TOTAL": null, "2024": 1044, "2029": null}, "Travel time to work: 30 to 60 minutes": {"Demographic": null, "2020": 295, "% OF TOTAL": null, "2024": 316, "2029": null}, "Travel time to work: 60 or more minutes": {"Demographic": null, "2020": 38, "% OF TOTAL": null, "2024": 43, "2029": null}}, "household_trends": {"Households": {"Demographic": null, "2020": 1494, "% OF TOTAL": null, "2024": 1594, "2029": 1634}, "Households Growth": {"Demographic": null, "2020": null, "% OF TOTAL": null, "2024": 6.7, "2029": 2.5}, "Householder Age 15-24": {"Demographic": null, "2020": 57, "% OF TOTAL": 3.7, "2024": 57, "2029": 60}, "Householder Age 25-34": {"Demographic": null, "2020": 239, "% OF TOTAL": 14.6, "2024": 253, "2029": 238}, "Householder Age 35-44": {"Demographic": null, "2020": 267, "% OF TOTAL": 18.1, "2024": 284, "2029": 296}, "Householder Age 45-54": {"Demographic": null, "2020": 240, "% OF TOTAL": 15.3, "2024": 255, "2029": 250}, "Householder Age 55-64": {"Demographic": null, "2020": 306, "% OF TOTAL": 19.1, "2024": 327, "2029": 312}, "Householder Age 65-74": {"Demographic": null, "2020": 231, "% OF TOTAL": 16.8, "2024": 248, "2029": 274}, "Householder Age 75+": {"Demographic": null, "2020": 154, "% OF TOTAL": 12.5, "2024": 170, "2029": 204}, "Average Household Size": {"Demographic": null, "2020": 2.5, "% OF TOTAL": null, "2024": 2.5, "2029": 2.4}, "1 Person Households": {"Demographic": null, "2020": 467, "% OF TOTAL": 33.5, "2024": 533, "2029": 547}, "2 Person Households": {"Demographic": null, "2020": 419, "% OF TOTAL": 29.7, "2024": 473, "2029": 486}, "3 Person Households": {"Demographic": null, "2020": 262, "% OF TOTAL": 18.3, "2024": 290, "2029": 299}, "4 Person Households": {"Demographic": null, "2020": 173, "% OF TOTAL": 8.8, "2024": 144, "2029": 144}, "5 Person Households": {"Demographic": null, "2020": 89, "% OF TOTAL": 4.5, "2024": 73, "2029": 73}, "6 Person Households": {"Demographic": null, "2020": 48, "% OF TOTAL": 2.9, "2024": 47, "2029": 48}, "7+ Person Households": {"Demographic": null, "2020": 36, "% OF TOTAL": 2.3, "2024": 34, "2029": 37}, "Household Type: Family": {"Demographic": null, "2020": 950, "% OF TOTAL": null, "2024": 1005, "2029": null}, "Household Type: Married Family": {"Demographic": null, "2020": 351, "% OF TOTAL": null, "2024": 373, "2029": null}, "Household Type: Married Family With Children": {"Demographic": null, "2020": 101, "% OF TOTAL": null, "2024": 107, "2029": null}, "Household Type: Married Family Without Children": {"Demographic": null, "2020": 250, "% OF TOTAL": null, "2024": 266, "2029": null}, "Household Type: Other Family": {"Demographic": null, "2020": 599, "% OF TOTAL": null, "2024": 632, "2029": null}, "Household Type: Male Households, No Wife": {"Demographic": null, "2020": 123, "% OF TOTAL": null, "2024": 131, "2029": null}, "Household Type: Male Households, No Wife With Children": {"Demographic": null, "2020": 48, "% OF TOTAL": null, "2024": 53, "2029": null}, "Household Type: Male Households, No Wife Without Children": {"Demographic": null, "2020": 75, "% OF TOTAL": null, "2024": 78, "2029": null}, "Household Type: Female Households, No Husband": {"Demographic": null, "2020": 476, "% OF TOTAL": null, "2024": 501, "2029": null}, "Household Type: Female Households, No Husband With Children": {"Demographic": null, "2020": 264, "% OF TOTAL": null, "2024": 276, "2029": null}, "Household Type: Female Households, No Husband Without Children": {"Demographic": null, "2020": 212, "% OF TOTAL": null, "2024": 225, "2029": null}, "Household Income: Average": {"Demographic": null, "2020": 47759, "% OF TOTAL": null, "2024": 54163, "2029": 68612}, "Household Income: Median": {"Demographic": null, "2020": 0, "% OF TOTAL": null, "2024": 45613, "2029": 47901}, "Household Income: Less than $25k": {"Demographic": null, "2020": 565, "% OF TOTAL": 30.0, "2024": 543, "2029": 490}, "Household Income: $25k - $50k": {"Demographic": null, "2020": 476, "% OF TOTAL": 27.4, "2024": 497, "2029": 447}, "Household Income: $50k - $75k": {"Demographic": null, "2020": 196, "% OF TOTAL": 13.2, "2024": 221, "2029": 215}, "Household Income: $75k - $100k": {"Demographic": null, "2020": 113, "% OF TOTAL": 11.7, "2024": 154, "2029": 191}, "Household Income: $100k - $125k": {"Demographic": null, "2020": 80, "% OF TOTAL": 6.7, "2024": 86, "2029": 109}, "Household Income: $125k - $150k": {"Demographic": null, "2020": 18, "% OF TOTAL": 2.8, "2024": 19, "2029": 46}, "Household Income: $150k - $200k": {"Demographic": null, "2020": 9, "% OF TOTAL": 1.0, "2024": 14, "2029": 17}, "Household Income: Above $200k": {"Demographic": null, "2020": 37, "% OF TOTAL": 7.3, "2024": 60, "2029": 119}, "Total Housing Units": {"Demographic": null, "2020": 1684, "% OF TOTAL": null, "2024": null, "2029": null}, "Owner Occupied Housing Units": {"Demographic": null, "2020": 669, "% OF TOTAL": null, "2024": 721, "2029": null}, "Renter Occupied Housing Units": {"Demographic": null, "2020": 825, "% OF TOTAL": null, "2024": 873, "2029": null}, "Vacant Housing Units": {"Demographic": null, "2020": 190, "% OF TOTAL": null, "2024": null, "2029": null}, "Vacant Housing Units: Seasonal": {"Demographic": null, "2020": 0, "% OF TOTAL": null, "2024": null, "2029": null}, "Vacant Housing Units: Other Usage": {"Demographic": null, "2020": 190, "% OF TOTAL": null, "2024": null, "2029": null}, "Average Housing Unit Value": {"Demographic": null, "2020": 81590, "% OF TOTAL": null, "2024": 82406, "2029": null}, "Median Housing Unit Value": {"Demographic": null, "2020": 77000, "% OF TOTAL": null, "2024": 78333, "2029": null}, "Housing Unit Value Less Than $100k": {"Demographic": null, "2020": 496, "% OF TOTAL": null, "2024": 533, "2029": null}, "Housing Unit Value $100k-$200k": {"Demographic": null, "2020": 152, "% OF TOTAL": null, "2024": 166, "2029": null}, "Housing Unit Value $200k-$250k": {"Demographic": null, "2020": 11, "% OF TOTAL": null, "2024": 12, "2029": null}, "Housing Unit Value $250k-$300k": {"Demographic": null, "2020": 0, "% OF TOTAL": null, "2024": 0, "2029": null}, "Housing Unit Value $300k-$400k": {"Demographic": null, "2020": 0, "% OF TOTAL": null, "2024": 0, "2029": null}, "Housing Unit Value $400k-$500k": {"Demographic": null, "2020": 4, "% OF TOTAL": null, "2024": 4, "2029": null}, "Housing Unit Value $500k-$750k": {"Demographic": null, "2020": 6, "% OF TOTAL": null, "2024": 6, "2029": null}, "Housing Unit Value $750k-$1m": {"Demographic": null, "2020": 0, "% OF TOTAL": null, "2024": 0, "2029": null}, "Housing Unit Value $1m-$1.5m": {"Demographic": null, "2020": 0, "% OF TOTAL": null, "2024": 0, "2029": null}, "Housing Unit Value $1.5m-$2m": {"Demographic": null, "2020": 0, "% OF TOTAL": null, "2024": 0, "2029": null}, "Housing Unit Value Above $2m": {"Demographic": null, "2020": 0, "% OF TOTAL": null, "2024": 0, "2029": null}, "Median Housing Unit Year Built": {"Demographic": null, "2020": 1959, "% OF TOTAL": null, "2024": 1959, "2029": null}, "Housing Units Built 2014 Or After": {"Demographic": null, "2020": 0, "% OF TOTAL": null, "2024": 0, "2029": null}, "Housing Units Built 2010-2013": {"Demographic": null, "2020": 16, "% OF TOTAL": null, "2024": 19, "2029": null}, "Housing Units Built 2000-2009": {"Demographic": null, "2020": 92, "% OF TOTAL": null, "2024": 93, "2029": null}, "Housing Units Built 1990-1999": {"Demographic": null, "2020": 18, "% OF TOTAL": null, "2024": 17, "2029": null}, "Housing Units Built 1980-1989": {"Demographic": null, "2020": 51, "% OF TOTAL": null, "2024": 54, "2029": null}, "Housing Units Built 1970-1979": {"Demographic": null, "2020": 295, "% OF TOTAL": null, "2024": 298, "2029": null}, "Housing Units Built 1960-1969": {"Demographic": null, "2020": 264, "% OF TOTAL": null, "2024": 283, "2029": null}, "Housing Units Built 1950-1959": {"Demographic": null, "2020": 418, "% OF TOTAL": null, "2024": 463, "2029": null}, "Housing Units Built 1940-1949": {"Demographic": null, "2020": 188, "% OF TOTAL": null, "2024": 202, "2029": null}, "Housing Units Built Before 1940": {"Demographic": null, "2020": 152, "% OF TOTAL": null, "2024": 165, "2029": null}}, "consumer_segments": {"Renters": {"households": 552, "pct": 28.8}, "Entry Level Suburban": {"households": 292, "pct": 15.2}, "Renters Near Term Buyers": {"households": 248, "pct": 13.0}, "Active Adult Entry Level": {"households": 170, "pct": 8.9}, "Entry Level Urban": {"households": 156, "pct": 8.1}, "Elite": {"households": 148, "pct": 7.7}, "Feature and Location": {"households": 126, "pct": 6.6}, "Active Adult Feature and Location": {"households": 109, "pct": 5.7}, "Active Adult Elite": {"households": 37, "pct": 1.9}, "Family Life Young Children": {"households": 25, "pct": 1.3}, "Family Life School Age Children": {"households": 25, "pct": 1.3}, "Simple Life Affluent No Children": {"households": 14, "pct": 0.7}, "Simple Life Moderate Income With Children": {"households": 7, "pct": 0.4}, "Simple Life Moderate Income No Children": {"households": 6, "pct": 0.3}}, "income_age": {"2020": {}, "2024": {}, "2029": {}}, "population_2024": 3877, "population_2029": 3926, "households_2024": 1594, "households_2029": 1634, "median_household_income_2024": 45613, "median_household_income_2029": 47901, "mean_household_income_2024": null, "mean_household_income_2029": null, "median_age_2024": 36, "median_age_2029": 37, "median_home_value_2024": 78333, "average_household_size_2024": 2.5, "average_household_size_2029": 2.4, "population_growth_2024_2029": 4.9, "households_growth_2024_2029": 6.7}, "geometry": {"type": "Polygon", "coordinates": [[[-88.087571, 30.747761], [-88.087897, 30.7768], [-88.054266, 30.777077], [-88.053949, 30.748038], [-88.087571, 30.747761]]]}}, {"type": "Feature", "properties": {"block": "057", "block_num": 57, "CentroidLon": -88.10347511171298, "CentroidLat": 30.76196866784224, "submarket": "North Mobile", "data_status": "usable", "is_anomalous": false, "anomaly_reason": null, "files_present": "DemographicSnapshot-26.08.06.csv;PopulationTrends-26.08.06.csv;HouseholdTrends-26.08.06.csv;HouseholdIncomeByAge-26.08.06.csv;ConsumerSegmentation-26.08.06.csv", "demographic_snapshot": {"Total Population": {"Demographic": null, "2020": 3223, "% OF TOTAL": null, "2024": 3208, "2029": 3027}, "Households": {"Demographic": null, "2020": 1220, "% OF TOTAL": null, "2024": 1238, "2029": 1187}, "Population in Group Quarters": {"Demographic": null, "2020": 3, "% OF TOTAL": null, "2024": 3, "2029": 3}, "Households Growth": {"Demographic": null, "2020": null, "% OF TOTAL": null, "2024": 1.5, "2029": -4.1}, "Household Income: Median": {"Demographic": null, "2020": 0, "% OF TOTAL": null, "2024": 28929, "2029": 34714}, "Home Value: Median": {"Demographic": null, "2020": 67911, "% OF TOTAL": null, "2024": 67913, "2029": null}, "Population Growth": {"Demographic": null, "2020": null, "% OF TOTAL": null, "2024": -0.5, "2029": -5.6}, "Total Population: Under 19 years": {"Demographic": null, "2020": 936, "% OF TOTAL": 26.8, "2024": 911, "2029": 810}, "Total Population: 20 - 64 years": {"Demographic": null, "2020": 1734, "% OF TOTAL": 52.0, "2024": 1692, "2029": 1573}, "Total Population: 65 years and over": {"Demographic": null, "2020": 553, "% OF TOTAL": 21.3, "2024": 605, "2029": 644}, "Total population: Median age": {"Demographic": null, "2020": 38, "% OF TOTAL": null, "2024": 39, "2029": 41}, "Total population: Under 5 years": {"Demographic": null, "2020": 232, "% OF TOTAL": 6.2, "2024": 220, "2029": 189}, "Total population: 5 - 9 years": {"Demographic": null, "2020": 226, "% OF TOTAL": 6.7, "2024": 227, "2029": 202}, "Total population: 10 - 14 years": {"Demographic": null, "2020": 269, "% OF TOTAL": 7.2, "2024": 251, "2029": 219}, "Total population: 15 - 19 years": {"Demographic": null, "2020": 209, "% OF TOTAL": 6.6, "2024": 213, "2029": 200}, "Total population: 20 - 24 years": {"Demographic": null, "2020": 183, "% OF TOTAL": 5.6, "2024": 177, "2029": 169}, "Total population: 25 - 29 years": {"Demographic": null, "2020": 215, "% OF TOTAL": 5.8, "2024": 196, "2029": 175}, "Total population: 30 - 34 years": {"Demographic": null, "2020": 211, "% OF TOTAL": 6.1, "2024": 216, "2029": 186}, "Total population: 35 - 39 years": {"Demographic": null, "2020": 177, "% OF TOTAL": 6.2, "2024": 178, "2029": 188}, "Total population: 40 - 44 years": {"Demographic": null, "2020": 192, "% OF TOTAL": 6.1, "2024": 196, "2029": 185}, "Total population: 45 - 49 years": {"Demographic": null, "2020": 181, "% OF TOTAL": 6.1, "2024": 182, "2029": 185}, "Total population: 50 - 54 years": {"Demographic": null, "2020": 165, "% OF TOTAL": 4.8, "2024": 157, "2029": 146}, "Total population: 55 - 59 years": {"Demographic": null, "2020": 189, "% OF TOTAL": 5.2, "2024": 173, "2029": 157}, "Total population: 60 - 64 years": {"Demographic": null, "2020": 221, "% OF TOTAL": 6.0, "2024": 217, "2029": 182}, "Total population: 65 - 69 years": {"Demographic": null, "2020": 183, "% OF TOTAL": 6.6, "2024": 203, "2029": 200}, "Total population: 70 - 74 years": {"Demographic": null, "2020": 144, "% OF TOTAL": 5.6, "2024": 159, "2029": 169}, "Total population: 75 - 79 years": {"Demographic": null, "2020": 83, "% OF TOTAL": 3.7, "2024": 95, "2029": 113}, "Total population: 80 - 84 years": {"Demographic": null, "2020": 77, "% OF TOTAL": 2.9, "2024": 82, "2029": 89}, "Total population: 85 years and over": {"Demographic": null, "2020": 66, "% OF TOTAL": 2.4, "2024": 66, "2029": 73}, "Householders Age 15-24": {"Demographic": null, "2020": 36, "% OF TOTAL": 3.3, "2024": 37, "2029": 39}, "Householders Age 25-34": {"Demographic": null, "2020": 165, "% OF TOTAL": 12.8, "2024": 172, "2029": 152}, "Householders Age 35-44": {"Demographic": null, "2020": 185, "% OF TOTAL": 15.3, "2024": 183, "2029": 182}, "Householders Age 45-54": {"Demographic": null, "2020": 179, "% OF TOTAL": 15.1, "2024": 181, "2029": 179}, "Householders Age 55-64": {"Demographic": null, "2020": 287, "% OF TOTAL": 21.1, "2024": 288, "2029": 251}, "Householders Age 65-74": {"Demographic": null, "2020": 198, "% OF TOTAL": 16.8, "2024": 200, "2029": 199}, "Householders Age 75+": {"Demographic": null, "2020": 170, "% OF TOTAL": 15.6, "2024": 177, "2029": 185}, "Household income: Average": {"Demographic": null, "2020": 39793, "% OF TOTAL": null, "2024": 42411, "2029": 45599}, "Household income: Less than 25k": {"Demographic": null, "2020": 483, "% OF TOTAL": 30.2, "2024": 448, "2029": 359}, "Household income: 25k - 50k": {"Demographic": null, "2020": 471, "% OF TOTAL": 41.1, "2024": 473, "2029": 488}, "Household income: 50k - 75k": {"Demographic": null, "2020": 93, "% OF TOTAL": 10.3, "2024": 124, "2029": 122}, "Household income: 75k - 100k": {"Demographic": null, "2020": 77, "% OF TOTAL": 9.1, "2024": 98, "2029": 108}, "Household income: 100k - 125k": {"Demographic": null, "2020": 96, "% OF TOTAL": 9.3, "2024": 95, "2029": 110}, "Household income: 125k - 150k": {"Demographic": null, "2020": 0, "% OF TOTAL": 0.0, "2024": 0, "2029": 0}, "Household income: 150k - 200k": {"Demographic": null, "2020": 0, "% OF TOTAL": 0.0, "2024": 0, "2029": 0}, "Household income: Above 200k": {"Demographic": null, "2020": 0, "% OF TOTAL": 0.0, "2024": 0, "2029": 0}, "White Alone": {"Demographic": null, "2020": 660, "% OF TOTAL": 19.1, "2024": 619, "2029": 577}, "Black or African American Alone": {"Demographic": null, "2020": 2420, "% OF TOTAL": 76.2, "2024": 2438, "2029": 2306}, "American Indian and Alaska Native Alone": {"Demographic": null, "2020": 14, "% OF TOTAL": 0.5, "2024": 14, "2029": 14}, "Asian Alone": {"Demographic": null, "2020": 4, "% OF TOTAL": 0.1, "2024": 4, "2029": 4}, "Native Hawaiian and OPI Alone": {"Demographic": null, "2020": 1, "% OF TOTAL": 0.0, "2024": 1, "2029": 1}, "Some Other Race Alone": {"Demographic": null, "2020": 12, "% OF TOTAL": 0.4, "2024": 13, "2029": 12}, "Two or More Races Alone": {"Demographic": null, "2020": 112, "% OF TOTAL": 3.7, "2024": 119, "2029": 113}, "Not Hispanic or Latino": {"Demographic": null, "2020": 3181, "% OF TOTAL": 98.6, "2024": 3165, "2029": 2986}, "Hispanic or Latino": {"Demographic": null, "2020": 42, "% OF TOTAL": 1.4, "2024": 43, "2029": 41}, "Total Housing Units": {"Demographic": null, "2020": 1443, "% OF TOTAL": null, "2024": null, "2029": null}, "Owner Occupied Housing Units": {"Demographic": null, "2020": 722, "% OF TOTAL": null, "2024": 732, "2029": null}, "Renter Occupied Housing Units": {"Demographic": null, "2020": 498, "% OF TOTAL": null, "2024": 506, "2029": null}, "Housing Units Value Less Than 100k": {"Demographic": null, "2020": 569, "% OF TOTAL": null, "2024": 578, "2029": null}, "Housing Units Value 100k - 200k": {"Demographic": null, "2020": 123, "% OF TOTAL": null, "2024": 122, "2029": null}, "Housing Units Value 200k - 250k": {"Demographic": null, "2020": 29, "% OF TOTAL": null, "2024": 31, "2029": null}, "Housing Units Value 250k - 300k": {"Demographic": null, "2020": 1, "% OF TOTAL": null, "2024": 1, "2029": null}, "Housing Units Value 300k - 400k": {"Demographic": null, "2020": 0, "% OF TOTAL": null, "2024": 0, "2029": null}, "Housing Units Value 400k - 500k": {"Demographic": null, "2020": 0, "% OF TOTAL": null, "2024": 0, "2029": null}, "Housing Units Value 500k - 750k": {"Demographic": null, "2020": 0, "% OF TOTAL": null, "2024": 0, "2029": null}, "Housing Units Value 750k - 1m": {"Demographic": null, "2020": 0, "% OF TOTAL": null, "2024": 0, "2029": null}, "Housing Units Value 1m - 1.5m": {"Demographic": null, "2020": 0, "% OF TOTAL": null, "2024": 0, "2029": null}, "Housing Units Value 1.5m - 2m": {"Demographic": null, "2020": 0, "% OF TOTAL": null, "2024": 0, "2029": null}, "Housing Units Value >2m": {"Demographic": null, "2020": 0, "% OF TOTAL": null, "2024": 0, "2029": null}, "Take Car or Truck to Work": {"Demographic": null, "2020": 914, "% OF TOTAL": null, "2024": 882, "2029": null}, "Take Public Transportation to Work": {"Demographic": null, "2020": 0, "% OF TOTAL": null, "2024": 0, "2029": null}, "Take Other Means of Transportation to Work": {"Demographic": null, "2020": 6, "% OF TOTAL": null, "2024": 6, "2029": null}, "Average Travel Time (min)": {"Demographic": null, "2020": 25, "% OF TOTAL": null, "2024": 25, "2029": null}, "Travel Below 30 Min to Work": {"Demographic": null, "2020": 687, "% OF TOTAL": null, "2024": 669, "2029": null}, "Travel 30-60 Min to Work": {"Demographic": null, "2020": 184, "% OF TOTAL": null, "2024": 172, "2029": null}, "Travel Above 60 Min to Work": {"Demographic": null, "2020": 172, "% OF TOTAL": null, "2024": 47, "2029": null}, "Educational Attainment: No High School Diploma": {"Demographic": null, "2020": 1357, "% OF TOTAL": null, "2024": 1388, "2029": null}, "Educational Attainment: High School Diploma": {"Demographic": null, "2020": 880, "% OF TOTAL": null, "2024": 886, "2029": null}, "Educational Attainment: Some College": {"Demographic": null, "2020": 669, "% OF TOTAL": null, "2024": 646, "2029": null}, "Educational Attainment: Associate's Degree": {"Demographic": null, "2020": 186, "% OF TOTAL": null, "2024": 177, "2029": null}, "Educational Attainment: Bachelors Degree": {"Demographic": null, "2020": 116, "% OF TOTAL": null, "2024": 112, "2029": null}, "Educational Attainment: Advanced Degree": {"Demographic": null, "2020": 78, "% OF TOTAL": null, "2024": 86, "2029": null}, "Households: Number of vehicles available - Average": {"Demographic": null, "2020": 1, "% OF TOTAL": null, "2024": 1, "2029": null}, "Households: No Vehicle available": {"Demographic": null, "2020": 60, "% OF TOTAL": null, "2024": 67, "2029": null}, "Households: 1 Vehicle available": {"Demographic": null, "2020": 405, "% OF TOTAL": null, "2024": 401, "2029": null}, "Households: 2 Vehicles available": {"Demographic": null, "2020": 459, "% OF TOTAL": null, "2024": 440, "2029": null}, "Households: 3 Vehicles available": {"Demographic": null, "2020": 264, "% OF TOTAL": null, "2024": 300, "2029": null}, "Households: 4 or more Vehicles available": {"Demographic": null, "2020": 32, "% OF TOTAL": null, "2024": 30, "2029": null}}, "population_trends": {"Total Population": {"Demographic": null, "2020": 3223, "% OF TOTAL": null, "2024": 3208, "2029": 3027}, "Population Growth": {"Demographic": null, "2020": null, "% OF TOTAL": null, "2024": -0.5, "2029": -5.6}, "Female Population": {"Demographic": null, "2020": 1664, "% OF TOTAL": 51.7, "2024": 1659, "2029": 1566}, "Male Population": {"Demographic": null, "2020": 1559, "% OF TOTAL": 48.3, "2024": 1549, "2029": 1461}, "Total population: Median Age": {"Demographic": null, "2020": 38, "% OF TOTAL": null, "2024": 39, "2029": 41}, "Total population: Under 5 years": {"Demographic": null, "2020": 232, "% OF TOTAL": 6.2, "2024": 220, "2029": 189}, "Total population: 5 - 9 years": {"Demographic": null, "2020": 226, "% OF TOTAL": 6.7, "2024": 227, "2029": 202}, "Total population: 10 - 14 years": {"Demographic": null, "2020": 269, "% OF TOTAL": 7.2, "2024": 251, "2029": 219}, "Total population: 15 - 19 years": {"Demographic": null, "2020": 209, "% OF TOTAL": 6.6, "2024": 213, "2029": 200}, "Total population: 20 - 24 years": {"Demographic": null, "2020": 183, "% OF TOTAL": 5.6, "2024": 177, "2029": 169}, "Total population: 25 - 29 years": {"Demographic": null, "2020": 215, "% OF TOTAL": 5.8, "2024": 196, "2029": 175}, "Total population: 30 - 34 years": {"Demographic": null, "2020": 211, "% OF TOTAL": 6.1, "2024": 216, "2029": 186}, "Total population: 35 - 39 years": {"Demographic": null, "2020": 177, "% OF TOTAL": 6.2, "2024": 178, "2029": 188}, "Total population: 40 - 44 years": {"Demographic": null, "2020": 192, "% OF TOTAL": 6.1, "2024": 196, "2029": 185}, "Total population: 45 - 49 years": {"Demographic": null, "2020": 181, "% OF TOTAL": 6.1, "2024": 182, "2029": 185}, "Total population: 50 - 54 years": {"Demographic": null, "2020": 165, "% OF TOTAL": 4.8, "2024": 157, "2029": 146}, "Total population: 55 - 59 years": {"Demographic": null, "2020": 189, "% OF TOTAL": 5.2, "2024": 173, "2029": 157}, "Total population: 60 - 64 years": {"Demographic": null, "2020": 221, "% OF TOTAL": 6.0, "2024": 217, "2029": 182}, "Total population: 65 - 69 years": {"Demographic": null, "2020": 183, "% OF TOTAL": 6.6, "2024": 203, "2029": 200}, "Total population: 70 - 74 years": {"Demographic": null, "2020": 144, "% OF TOTAL": 5.6, "2024": 159, "2029": 169}, "Total population: 75 - 79 years": {"Demographic": null, "2020": 83, "% OF TOTAL": 3.7, "2024": 95, "2029": 113}, "Total population: 80 - 84 years": {"Demographic": null, "2020": 77, "% OF TOTAL": 2.9, "2024": 82, "2029": 89}, "Total population: 85 years and over": {"Demographic": null, "2020": 66, "% OF TOTAL": 2.4, "2024": 66, "2029": 73}, "Female population: Median Age": {"Demographic": null, "2020": 39, "% OF TOTAL": null, "2024": 39, "2029": 42}, "Female population: Under 5 years": {"Demographic": null, "2020": 121, "% OF TOTAL": 6.3, "2024": 114, "2029": 98}, "Female population: 5 - 9 years": {"Demographic": null, "2020": 114, "% OF TOTAL": 6.4, "2024": 114, "2029": 101}, "Female population: 10 - 14 years": {"Demographic": null, "2020": 112, "% OF TOTAL": 6.4, "2024": 109, "2029": 101}, "Female population: 15 - 19 years": {"Demographic": null, "2020": 101, "% OF TOTAL": 6.0, "2024": 101, "2029": 94}, "Female population: 20 - 24 years": {"Demographic": null, "2020": 90, "% OF TOTAL": 5.2, "2024": 86, "2029": 82}, "Female population: 25 - 29 years": {"Demographic": null, "2020": 104, "% OF TOTAL": 5.6, "2024": 95, "2029": 87}, "Female population: 30 - 34 years": {"Demographic": null, "2020": 111, "% OF TOTAL": 5.9, "2024": 109, "2029": 92}, "Female population: 35 - 39 years": {"Demographic": null, "2020": 94, "% OF TOTAL": 6.3, "2024": 96, "2029": 98}, "Female population: 40 - 44 years": {"Demographic": null, "2020": 91, "% OF TOTAL": 5.7, "2024": 93, "2029": 89}, "Female population: 45 - 49 years": {"Demographic": null, "2020": 96, "% OF TOTAL": 6.0, "2024": 96, "2029": 94}, "Female population: 50 - 54 years": {"Demographic": null, "2020": 88, "% OF TOTAL": 4.9, "2024": 83, "2029": 77}, "Female population: 55 - 59 years": {"Demographic": null, "2020": 85, "% OF TOTAL": 4.7, "2024": 77, "2029": 74}, "Female population: 60 - 64 years": {"Demographic": null, "2020": 119, "% OF TOTAL": 6.0, "2024": 116, "2029": 94}, "Female population: 65 - 69 years": {"Demographic": null, "2020": 97, "% OF TOTAL": 6.7, "2024": 108, "2029": 105}, "Female population: 70 - 74 years": {"Demographic": null, "2020": 91, "% OF TOTAL": 6.3, "2024": 98, "2029": 98}, "Female population: 75 - 79 years": {"Demographic": null, "2020": 49, "% OF TOTAL": 4.5, "2024": 58, "2029": 70}, "Female population: 80 - 84 years": {"Demographic": null, "2020": 51, "% OF TOTAL": 3.8, "2024": 56, "2029": 59}, "Female population: 85 years and over": {"Demographic": null, "2020": 50, "% OF TOTAL": 3.4, "2024": 50, "2029": 53}, "Male population: Median Age": {"Demographic": null, "2020": 37, "% OF TOTAL": null, "2024": 37, "2029": 39}, "Male population: Under 5 years": {"Demographic": null, "2020": 111, "% OF TOTAL": 6.2, "2024": 106, "2029": 91}, "Male population: 5 - 9 years": {"Demographic": null, "2020": 112, "% OF TOTAL": 6.9, "2024": 113, "2029": 101}, "Male population: 10 - 14 years": {"Demographic": null, "2020": 157, "% OF TOTAL": 8.1, "2024": 142, "2029": 118}, "Male population: 15 - 19 years": {"Demographic": null, "2020": 108, "% OF TOTAL": 7.3, "2024": 112, "2029": 106}, "Male population: 20 - 24 years": {"Demographic": null, "2020": 93, "% OF TOTAL": 6.0, "2024": 91, "2029": 87}, "Male population: 25 - 29 years": {"Demographic": null, "2020": 111, "% OF TOTAL": 6.0, "2024": 101, "2029": 88}, "Male population: 30 - 34 years": {"Demographic": null, "2020": 100, "% OF TOTAL": 6.4, "2024": 107, "2029": 94}, "Male population: 35 - 39 years": {"Demographic": null, "2020": 83, "% OF TOTAL": 6.2, "2024": 82, "2029": 90}, "Male population: 40 - 44 years": {"Demographic": null, "2020": 101, "% OF TOTAL": 6.6, "2024": 103, "2029": 96}, "Male population: 45 - 49 years": {"Demographic": null, "2020": 85, "% OF TOTAL": 6.2, "2024": 86, "2029": 91}, "Male population: 50 - 54 years": {"Demographic": null, "2020": 77, "% OF TOTAL": 4.7, "2024": 74, "2029": 69}, "Male population: 55 - 59 years": {"Demographic": null, "2020": 104, "% OF TOTAL": 5.7, "2024": 96, "2029": 83}, "Male population: 60 - 64 years": {"Demographic": null, "2020": 102, "% OF TOTAL": 6.0, "2024": 101, "2029": 88}, "Male population: 65 - 69 years": {"Demographic": null, "2020": 86, "% OF TOTAL": 6.5, "2024": 95, "2029": 95}, "Male population: 70 - 74 years": {"Demographic": null, "2020": 53, "% OF TOTAL": 4.9, "2024": 61, "2029": 71}, "Male population: 75 - 79 years": {"Demographic": null, "2020": 34, "% OF TOTAL": 2.9, "2024": 37, "2029": 43}, "Male population: 80 - 84 years": {"Demographic": null, "2020": 26, "% OF TOTAL": 2.1, "2024": 26, "2029": 30}, "Male population: 85 years and over": {"Demographic": null, "2020": 16, "% OF TOTAL": 1.4, "2024": 16, "2029": 20}, "White alone": {"Demographic": null, "2020": 660, "% OF TOTAL": 19.1, "2024": 619, "2029": 577}, "Black alone": {"Demographic": null, "2020": 2420, "% OF TOTAL": 76.2, "2024": 2438, "2029": 2306}, "American Indian and Alaska Native alone": {"Demographic": null, "2020": 14, "% OF TOTAL": 0.5, "2024": 14, "2029": 14}, "Asian alone": {"Demographic": null, "2020": 4, "% OF TOTAL": 0.1, "2024": 4, "2029": 4}, "Native Hawaiian and OPI alone": {"Demographic": null, "2020": 1, "% OF TOTAL": 0.0, "2024": 1, "2029": 1}, "Some other race alone": {"Demographic": null, "2020": 12, "% OF TOTAL": 0.4, "2024": 13, "2029": 12}, "Two or more races alone": {"Demographic": null, "2020": 112, "% OF TOTAL": 3.7, "2024": 119, "2029": 113}, "Not Hispanic: White alone": {"Demographic": null, "2020": 650, "% OF TOTAL": 18.7, "2024": 609, "2029": 567}, "Not Hispanic: Black or African American alone": {"Demographic": null, "2020": 2418, "% OF TOTAL": 76.1, "2024": 2436, "2029": 2304}, "Not Hispanic: American Indian and Alaska Native alone": {"Demographic": null, "2020": 14, "% OF TOTAL": 0.5, "2024": 14, "2029": 14}, "Not Hispanic: Asian alone": {"Demographic": null, "2020": 3, "% OF TOTAL": 0.1, "2024": 3, "2029": 3}, "Not Hispanic: Native Hawaiian and OPI alone": {"Demographic": null, "2020": 1, "% OF TOTAL": 0.0, "2024": 1, "2029": 1}, "Not Hispanic: Some Other Race alone": {"Demographic": null, "2020": 4, "% OF TOTAL": 0.2, "2024": 5, "2029": 5}, "Not Hispanic: Two or More Races": {"Demographic": null, "2020": 91, "% OF TOTAL": 3.0, "2024": 97, "2029": 92}, "Hispanic: White alone": {"Demographic": null, "2020": 10, "% OF TOTAL": 0.3, "2024": 10, "2029": 10}, "Hispanic: Black or African American alone": {"Demographic": null, "2020": 2, "% OF TOTAL": 0.1, "2024": 2, "2029": 2}, "Hispanic: American Indian and Alaska Native alone": {"Demographic": null, "2020": 0, "% OF TOTAL": 0.0, "2024": 0, "2029": 0}, "Hispanic: Asian alone": {"Demographic": null, "2020": 1, "% OF TOTAL": 0.0, "2024": 1, "2029": 1}, "Hispanic: Native Hawaiian and OPI alone": {"Demographic": null, "2020": 0, "% OF TOTAL": 0.0, "2024": 0, "2029": 0}, "Hispanic: Some Other Race alone": {"Demographic": null, "2020": 8, "% OF TOTAL": 0.2, "2024": 8, "2029": 7}, "Hispanic: Two or More Races": {"Demographic": null, "2020": 21, "% OF TOTAL": 0.7, "2024": 22, "2029": 21}, "Educational Attainment: No High School Diploma": {"Demographic": null, "2020": 477, "% OF TOTAL": null, "2024": 502, "2029": null}, "Educational Attainment: High School Diploma": {"Demographic": null, "2020": 880, "% OF TOTAL": null, "2024": 886, "2029": null}, "Educational Attainment: Some College": {"Demographic": null, "2020": 367, "% OF TOTAL": null, "2024": 357, "2029": null}, "Educational Attainment: Associates Degree": {"Demographic": null, "2020": 186, "% OF TOTAL": null, "2024": 177, "2029": null}, "Educational Attainment: Bachelors Degree": {"Demographic": null, "2020": 116, "% OF TOTAL": null, "2024": 112, "2029": null}, "Educational Attainment: Advanced Degree": {"Demographic": null, "2020": 78, "% OF TOTAL": null, "2024": 86, "2029": null}, "Employment Status: Armed Forces": {"Demographic": null, "2020": 0, "% OF TOTAL": null, "2024": 0, "2029": null}, "Employment Status: Civilian labor force employed": {"Demographic": null, "2020": 985, "% OF TOTAL": null, "2024": 958, "2029": null}, "Employment Status: Civilian labor force unemployed": {"Demographic": null, "2020": 209, "% OF TOTAL": null, "2024": 231, "2029": null}, "Employment Status: Not in labor force": {"Demographic": null, "2020": 1271, "% OF TOTAL": null, "2024": 1279, "2029": null}, "Employed in Agriculture and Mining Industries": {"Demographic": null, "2020": 6, "% OF TOTAL": null, "2024": 8, "2029": null}, "Employed in Construction Industries": {"Demographic": null, "2020": 39, "% OF TOTAL": null, "2024": 36, "2029": null}, "Employed in Manufacturing Industries": {"Demographic": null, "2020": 66, "% OF TOTAL": null, "2024": 62, "2029": null}, "Employed in Wholesale Industries": {"Demographic": null, "2020": 6, "% OF TOTAL": null, "2024": 6, "2029": null}, "Employed in Retail Industries": {"Demographic": null, "2020": 103, "% OF TOTAL": null, "2024": 103, "2029": null}, "Employed in Transportation and Utilities Industries": {"Demographic": null, "2020": 23, "% OF TOTAL": null, "2024": 22, "2029": null}, "Employed in Information Industries": {"Demographic": null, "2020": 0, "% OF TOTAL": null, "2024": 0, "2029": null}, "Employed in Real-Estate Industries": {"Demographic": null, "2020": 85, "% OF TOTAL": null, "2024": 88, "2029": null}, "Employed in Professional Industries": {"Demographic": null, "2020": 112, "% OF TOTAL": null, "2024": 116, "2029": null}, "Employed in Health and Education Industries": {"Demographic": null, "2020": 272, "% OF TOTAL": null, "2024": 258, "2029": null}, "Employed in Art Industries": {"Demographic": null, "2020": 174, "% OF TOTAL": null, "2024": 166, "2029": null}, "Employed in Other Industries": {"Demographic": null, "2020": 50, "% OF TOTAL": null, "2024": 46, "2029": null}, "Employed in Public Administration Industries": {"Demographic": null, "2020": 49, "% OF TOTAL": null, "2024": 47, "2029": null}, "Occupation: Management": {"Demographic": null, "2020": 19, "% OF TOTAL": null, "2024": 21, "2029": null}, "Occupation: Business and financial operations": {"Demographic": null, "2020": 69, "% OF TOTAL": null, "2024": 73, "2029": null}, "Occupation: Computer and mathematical": {"Demographic": null, "2020": 0, "% OF TOTAL": null, "2024": 0, "2029": null}, "Occupation: Architecture and engineering": {"Demographic": null, "2020": 0, "% OF TOTAL": null, "2024": 0, "2029": null}, "Occupation: Life, physical, and social science": {"Demographic": null, "2020": 18, "% OF TOTAL": null, "2024": 17, "2029": null}, "Occupation: Community and social service": {"Demographic": null, "2020": 23, "% OF TOTAL": null, "2024": 22, "2029": null}, "Occupation: Legal": {"Demographic": null, "2020": 0, "% OF TOTAL": null, "2024": 0, "2029": null}, "Occupation: Education, training, and library": {"Demographic": null, "2020": 62, "% OF TOTAL": null, "2024": 61, "2029": null}, "Occupation: Arts, design, entertainment, sports, and media": {"Demographic": null, "2020": 0, "% OF TOTAL": null, "2024": 0, "2029": null}, "Occupation: Health diagnosing and treating practitioners": {"Demographic": null, "2020": 0, "% OF TOTAL": null, "2024": 0, "2029": null}, "Occupation: Health technologists and technicians": {"Demographic": null, "2020": 15, "% OF TOTAL": null, "2024": 14, "2029": null}, "Occupation: Healthcare support": {"Demographic": null, "2020": 26, "% OF TOTAL": null, "2024": 24, "2029": null}, "Occupation: Fire fighting and prevention": {"Demographic": null, "2020": 5, "% OF TOTAL": null, "2024": 5, "2029": null}, "Occupation: Law enforcement workers": {"Demographic": null, "2020": 26, "% OF TOTAL": null, "2024": 25, "2029": null}, "Occupation: Food preparation and serving related": {"Demographic": null, "2020": 160, "% OF TOTAL": null, "2024": 155, "2029": null}, "Occupation: Building and grounds cleaning and maintenance": {"Demographic": null, "2020": 61, "% OF TOTAL": null, "2024": 57, "2029": null}, "Occupation: Personal care and service": {"Demographic": null, "2020": 0, "% OF TOTAL": null, "2024": 0, "2029": null}, "Occupation: Sales and related": {"Demographic": null, "2020": 52, "% OF TOTAL": null, "2024": 50, "2029": null}, "Occupation: Office and administrative support": {"Demographic": null, "2020": 156, "% OF TOTAL": null, "2024": 148, "2029": null}, "Occupation: Farming, fishing, and forestry": {"Demographic": null, "2020": 0, "% OF TOTAL": null, "2024": 0, "2029": null}, "Occupation: Construction and extraction": {"Demographic": null, "2020": 38, "% OF TOTAL": null, "2024": 35, "2029": null}, "Occupation: Installation, maintenance, and repair": {"Demographic": null, "2020": 45, "% OF TOTAL": null, "2024": 43, "2029": null}, "Occupation: Production": {"Demographic": null, "2020": 71, "% OF TOTAL": null, "2024": 67, "2029": null}, "Occupation: Transportation": {"Demographic": null, "2020": 30, "% OF TOTAL": null, "2024": 28, "2029": null}, "Occupation: Material moving": {"Demographic": null, "2020": 109, "% OF TOTAL": null, "2024": 113, "2029": null}, "White collar": {"Demographic": null, "2020": 414, "% OF TOTAL": null, "2024": 406, "2029": null}, "Blue collar": {"Demographic": null, "2020": 571, "% OF TOTAL": null, "2024": 552, "2029": null}, "Means of transportation: Car, truck or van": {"Demographic": null, "2020": 914, "% OF TOTAL": null, "2024": 882, "2029": null}, "Means of transportation: Public transportation": {"Demographic": null, "2020": 0, "% OF TOTAL": null, "2024": 0, "2029": null}, "Means of transportation: Other": {"Demographic": null, "2020": 6, "% OF TOTAL": null, "2024": 6, "2029": null}, "Travel time: Average (in minutes)": {"Demographic": null, "2020": 24, "% OF TOTAL": null, "2024": 24, "2029": null}, "Travel time to work: Less than 30 minutes": {"Demographic": null, "2020": 687, "% OF TOTAL": null, "2024": 669, "2029": null}, "Travel time to work: 30 to 60 minutes": {"Demographic": null, "2020": 184, "% OF TOTAL": null, "2024": 172, "2029": null}, "Travel time to work: 60 or more minutes": {"Demographic": null, "2020": 49, "% OF TOTAL": null, "2024": 47, "2029": null}}, "household_trends": {"Households": {"Demographic": null, "2020": 1220, "% OF TOTAL": null, "2024": 1238, "2029": 1187}, "Households Growth": {"Demographic": null, "2020": null, "% OF TOTAL": null, "2024": 1.5, "2029": -4.1}, "Householder Age 15-24": {"Demographic": null, "2020": 36, "% OF TOTAL": 3.3, "2024": 37, "2029": 39}, "Householder Age 25-34": {"Demographic": null, "2020": 165, "% OF TOTAL": 12.8, "2024": 172, "2029": 152}, "Householder Age 35-44": {"Demographic": null, "2020": 185, "% OF TOTAL": 15.3, "2024": 183, "2029": 182}, "Householder Age 45-54": {"Demographic": null, "2020": 179, "% OF TOTAL": 15.1, "2024": 181, "2029": 179}, "Householder Age 55-64": {"Demographic": null, "2020": 287, "% OF TOTAL": 21.1, "2024": 288, "2029": 251}, "Householder Age 65-74": {"Demographic": null, "2020": 198, "% OF TOTAL": 16.8, "2024": 200, "2029": 199}, "Householder Age 75+": {"Demographic": null, "2020": 170, "% OF TOTAL": 15.6, "2024": 177, "2029": 185}, "Average Household Size": {"Demographic": null, "2020": 2.6, "% OF TOTAL": null, "2024": 2.6, "2029": 2.5}, "1 Person Households": {"Demographic": null, "2020": 337, "% OF TOTAL": 29.5, "2024": 359, "2029": 350}, "2 Person Households": {"Demographic": null, "2020": 314, "% OF TOTAL": 27.5, "2024": 334, "2029": 327}, "3 Person Households": {"Demographic": null, "2020": 242, "% OF TOTAL": 20.7, "2024": 254, "2029": 246}, "4 Person Households": {"Demographic": null, "2020": 157, "% OF TOTAL": 10.3, "2024": 136, "2029": 122}, "5 Person Households": {"Demographic": null, "2020": 100, "% OF TOTAL": 6.9, "2024": 90, "2029": 82}, "6 Person Households": {"Demographic": null, "2020": 39, "% OF TOTAL": 2.8, "2024": 36, "2029": 33}, "7+ Person Households": {"Demographic": null, "2020": 31, "% OF TOTAL": 2.3, "2024": 29, "2029": 27}, "Household Type: Family": {"Demographic": null, "2020": 829, "% OF TOTAL": null, "2024": 839, "2029": null}, "Household Type: Married Family": {"Demographic": null, "2020": 301, "% OF TOTAL": null, "2024": 303, "2029": null}, "Household Type: Married Family With Children": {"Demographic": null, "2020": 79, "% OF TOTAL": null, "2024": 79, "2029": null}, "Household Type: Married Family Without Children": {"Demographic": null, "2020": 222, "% OF TOTAL": null, "2024": 224, "2029": null}, "Household Type: Other Family": {"Demographic": null, "2020": 528, "% OF TOTAL": null, "2024": 536, "2029": null}, "Household Type: Male Households, No Wife": {"Demographic": null, "2020": 85, "% OF TOTAL": null, "2024": 88, "2029": null}, "Household Type: Male Households, No Wife With Children": {"Demographic": null, "2020": 30, "% OF TOTAL": null, "2024": 32, "2029": null}, "Household Type: Male Households, No Wife Without Children": {"Demographic": null, "2020": 55, "% OF TOTAL": null, "2024": 56, "2029": null}, "Household Type: Female Households, No Husband": {"Demographic": null, "2020": 443, "% OF TOTAL": null, "2024": 448, "2029": null}, "Household Type: Female Households, No Husband With Children": {"Demographic": null, "2020": 219, "% OF TOTAL": null, "2024": 221, "2029": null}, "Household Type: Female Households, No Husband Without Children": {"Demographic": null, "2020": 224, "% OF TOTAL": null, "2024": 227, "2029": null}, "Household Income: Average": {"Demographic": null, "2020": 39793, "% OF TOTAL": null, "2024": 42411, "2029": 45599}, "Household Income: Median": {"Demographic": null, "2020": 0, "% OF TOTAL": null, "2024": 28929, "2029": 34714}, "Household Income: Less than $25k": {"Demographic": null, "2020": 483, "% OF TOTAL": 30.2, "2024": 448, "2029": 359}, "Household Income: $25k - $50k": {"Demographic": null, "2020": 471, "% OF TOTAL": 41.1, "2024": 473, "2029": 488}, "Household Income: $50k - $75k": {"Demographic": null, "2020": 93, "% OF TOTAL": 10.3, "2024": 124, "2029": 122}, "Household Income: $75k - $100k": {"Demographic": null, "2020": 77, "% OF TOTAL": 9.1, "2024": 98, "2029": 108}, "Household Income: $100k - $125k": {"Demographic": null, "2020": 96, "% OF TOTAL": 9.3, "2024": 95, "2029": 110}, "Household Income: $125k - $150k": {"Demographic": null, "2020": 0, "% OF TOTAL": 0.0, "2024": 0, "2029": 0}, "Household Income: $150k - $200k": {"Demographic": null, "2020": 0, "% OF TOTAL": 0.0, "2024": 0, "2029": 0}, "Household Income: Above $200k": {"Demographic": null, "2020": 0, "% OF TOTAL": 0.0, "2024": 0, "2029": 0}, "Total Housing Units": {"Demographic": null, "2020": 1443, "% OF TOTAL": null, "2024": null, "2029": null}, "Owner Occupied Housing Units": {"Demographic": null, "2020": 722, "% OF TOTAL": null, "2024": 732, "2029": null}, "Renter Occupied Housing Units": {"Demographic": null, "2020": 498, "% OF TOTAL": null, "2024": 506, "2029": null}, "Vacant Housing Units": {"Demographic": null, "2020": 223, "% OF TOTAL": null, "2024": null, "2029": null}, "Vacant Housing Units: Seasonal": {"Demographic": null, "2020": 0, "% OF TOTAL": null, "2024": null, "2029": null}, "Vacant Housing Units: Other Usage": {"Demographic": null, "2020": 223, "% OF TOTAL": null, "2024": null, "2029": null}, "Average Housing Unit Value": {"Demographic": null, "2020": 82972, "% OF TOTAL": null, "2024": 82868, "2029": null}, "Median Housing Unit Value": {"Demographic": null, "2020": 67911, "% OF TOTAL": null, "2024": 67913, "2029": null}, "Housing Unit Value Less Than $100k": {"Demographic": null, "2020": 569, "% OF TOTAL": null, "2024": 578, "2029": null}, "Housing Unit Value $100k-$200k": {"Demographic": null, "2020": 123, "% OF TOTAL": null, "2024": 122, "2029": null}, "Housing Unit Value $200k-$250k": {"Demographic": null, "2020": 29, "% OF TOTAL": null, "2024": 31, "2029": null}, "Housing Unit Value $250k-$300k": {"Demographic": null, "2020": 1, "% OF TOTAL": null, "2024": 1, "2029": null}, "Housing Unit Value $300k-$400k": {"Demographic": null, "2020": 0, "% OF TOTAL": null, "2024": 0, "2029": null}, "Housing Unit Value $400k-$500k": {"Demographic": null, "2020": 0, "% OF TOTAL": null, "2024": 0, "2029": null}, "Housing Unit Value $500k-$750k": {"Demographic": null, "2020": 0, "% OF TOTAL": null, "2024": 0, "2029": null}, "Housing Unit Value $750k-$1m": {"Demographic": null, "2020": 0, "% OF TOTAL": null, "2024": 0, "2029": null}, "Housing Unit Value $1m-$1.5m": {"Demographic": null, "2020": 0, "% OF TOTAL": null, "2024": 0, "2029": null}, "Housing Unit Value $1.5m-$2m": {"Demographic": null, "2020": 0, "% OF TOTAL": null, "2024": 0, "2029": null}, "Housing Unit Value Above $2m": {"Demographic": null, "2020": 0, "% OF TOTAL": null, "2024": 0, "2029": null}, "Median Housing Unit Year Built": {"Demographic": null, "2020": 1957, "% OF TOTAL": null, "2024": 1957, "2029": null}, "Housing Units Built 2014 Or After": {"Demographic": null, "2020": 0, "% OF TOTAL": null, "2024": 0, "2029": null}, "Housing Units Built 2010-2013": {"Demographic": null, "2020": 0, "% OF TOTAL": null, "2024": 0, "2029": null}, "Housing Units Built 2000-2009": {"Demographic": null, "2020": 33, "% OF TOTAL": null, "2024": 31, "2029": null}, "Housing Units Built 1990-1999": {"Demographic": null, "2020": 58, "% OF TOTAL": null, "2024": 56, "2029": null}, "Housing Units Built 1980-1989": {"Demographic": null, "2020": 121, "% OF TOTAL": null, "2024": 115, "2029": null}, "Housing Units Built 1970-1979": {"Demographic": null, "2020": 182, "% OF TOTAL": null, "2024": 177, "2029": null}, "Housing Units Built 1960-1969": {"Demographic": null, "2020": 163, "% OF TOTAL": null, "2024": 178, "2029": null}, "Housing Units Built 1950-1959": {"Demographic": null, "2020": 382, "% OF TOTAL": null, "2024": 387, "2029": null}, "Housing Units Built 1940-1949": {"Demographic": null, "2020": 135, "% OF TOTAL": null, "2024": 127, "2029": null}, "Housing Units Built Before 1940": {"Demographic": null, "2020": 146, "% OF TOTAL": null, "2024": 167, "2029": null}}, "consumer_segments": {"Renters": {"households": 422, "pct": 24.3}, "Entry Level Suburban": {"households": 326, "pct": 18.8}, "Active Adult Entry Level": {"households": 263, "pct": 15.1}, "Renters Near Term Buyers": {"households": 171, "pct": 9.9}, "Elite": {"households": 158, "pct": 9.1}, "Active Adult Feature and Location": {"households": 114, "pct": 6.6}, "Entry Level Urban": {"households": 92, "pct": 5.3}, "Feature and Location": {"households": 88, "pct": 5.1}, "Active Adult Elite": {"households": 68, "pct": 3.9}, "Family Life Young Children": {"households": 9, "pct": 0.5}, "Family Life School Age Children": {"households": 9, "pct": 0.5}, "Simple Life Affluent No Children": {"households": 8, "pct": 0.5}, "Simple Life Moderate Income With Children": {"households": 4, "pct": 0.2}, "Simple Life Moderate Income No Children": {"households": 4, "pct": 0.2}}, "income_age": {"2020": {}, "2024": {}, "2029": {}}, "population_2024": 3208, "population_2029": 3027, "households_2024": 1238, "households_2029": 1187, "median_household_income_2024": 28929, "median_household_income_2029": 34714, "mean_household_income_2024": null, "mean_household_income_2029": null, "median_age_2024": 39, "median_age_2029": 41, "median_home_value_2024": 67913, "average_household_size_2024": 2.6, "average_household_size_2029": 2.5, "population_growth_2024_2029": -0.5, "households_growth_2024_2029": 1.5}, "geometry": {"type": "Polygon", "coordinates": [[[-88.118213, 30.776542], [-88.087897, 30.7768], [-88.087571, 30.747761], [-88.120199, 30.747483], [-88.118213, 30.776542]]]}}, {"type": "Feature", "properties": {"block": "058", "block_num": 58, "CentroidLon": -87.94478399862307, "CentroidLat": 30.74049166616749, "submarket": "North Mobile", "data_status": "no data", "is_anomalous": false, "anomaly_reason": null, "files_present": ""}, "geometry": {"type": "Polygon", "coordinates": [[[-87.952834, 30.723659], [-87.953082, 30.748819], [-87.928436, 30.748997], [-87.952834, 30.723659]]]}}, {"type": "Feature", "properties": {"block": "059", "block_num": 59, "CentroidLon": -87.96986724433053, "CentroidLat": 30.734273586023335, "submarket": "North Mobile", "data_status": "no data", "is_anomalous": false, "anomaly_reason": null, "files_present": ""}, "geometry": {"type": "Polygon", "coordinates": [[[-87.956596, 30.719751], [-87.986409, 30.719527], [-87.986705, 30.748567], [-87.953082, 30.748819], [-87.952834, 30.723659], [-87.956596, 30.719751]]]}}, {"type": "Feature", "properties": {"block": "060", "block_num": 60, "CentroidLon": -88.00336541968389, "CentroidLat": 30.733917971672927, "submarket": "North Mobile", "data_status": "no data", "is_anomalous": false, "anomaly_reason": null, "files_present": ""}, "geometry": {"type": "Polygon", "coordinates": [[[-88.020021, 30.719268], [-88.020327, 30.748307], [-87.986705, 30.748567], [-87.986409, 30.719527], [-88.020021, 30.719268]]]}}, {"type": "Feature", "properties": {"block": "061", "block_num": 61, "CentroidLon": -88.03698250569657, "CentroidLat": 30.73365371633819, "submarket": "North Mobile", "data_status": "no data", "is_anomalous": false, "anomaly_reason": null, "files_present": ""}, "geometry": {"type": "Polygon", "coordinates": [[[-88.053633, 30.718999], [-88.053949, 30.748038], [-88.020327, 30.748307], [-88.020021, 30.719268], [-88.053633, 30.718999]]]}}, {"type": "Feature", "properties": {"block": "062", "block_num": 62, "CentroidLon": -88.07059951253478, "CentroidLat": 30.733380718531606, "submarket": "North Mobile", "data_status": "usable", "is_anomalous": false, "anomaly_reason": null, "files_present": "DemographicSnapshot-26.08.06.csv;PopulationTrends-26.08.06.csv;HouseholdTrends-26.08.06.csv;HouseholdIncomeByAge-26.08.06.csv;ConsumerSegmentation-26.08.06.csv", "demographic_snapshot": {"Total Population": {"Demographic": null, "2020": 3773, "% OF TOTAL": null, "2024": 3685, "2029": 3639}, "Households": {"Demographic": null, "2020": 1504, "% OF TOTAL": null, "2024": 1488, "2029": 1495}, "Population in Group Quarters": {"Demographic": null, "2020": 109, "% OF TOTAL": null, "2024": 112, "2029": 114}, "Households Growth": {"Demographic": null, "2020": null, "% OF TOTAL": null, "2024": -1.1, "2029": 0.5}, "Household Income: Median": {"Demographic": null, "2020": 0, "% OF TOTAL": null, "2024": 29222, "2029": 38571}, "Home Value: Median": {"Demographic": null, "2020": 52000, "% OF TOTAL": null, "2024": 51970, "2029": null}, "Population Growth": {"Demographic": null, "2020": null, "% OF TOTAL": null, "2024": -2.3, "2029": -1.2}, "Total Population: Under 19 years": {"Demographic": null, "2020": 925, "% OF TOTAL": 21.9, "2024": 867, "2029": 797}, "Total Population: 20 - 64 years": {"Demographic": null, "2020": 2051, "% OF TOTAL": 51.1, "2024": 1956, "2029": 1860}, "Total Population: 65 years and over": {"Demographic": null, "2020": 797, "% OF TOTAL": 27.0, "2024": 862, "2029": 982}, "Total population: Median age": {"Demographic": null, "2020": 44, "% OF TOTAL": null, "2024": 45, "2029": 47}, "Total population: Under 5 years": {"Demographic": null, "2020": 223, "% OF TOTAL": 5.1, "2024": 203, "2029": 186}, "Total population: 5 - 9 years": {"Demographic": null, "2020": 233, "% OF TOTAL": 5.6, "2024": 225, "2029": 203}, "Total population: 10 - 14 years": {"Demographic": null, "2020": 254, "% OF TOTAL": 5.8, "2024": 226, "2029": 212}, "Total population: 15 - 19 years": {"Demographic": null, "2020": 215, "% OF TOTAL": 5.4, "2024": 213, "2029": 196}, "Total population: 20 - 24 years": {"Demographic": null, "2020": 176, "% OF TOTAL": 4.6, "2024": 165, "2029": 167}, "Total population: 25 - 29 years": {"Demographic": null, "2020": 213, "% OF TOTAL": 4.8, "2024": 192, "2029": 176}, "Total population: 30 - 34 years": {"Demographic": null, "2020": 228, "% OF TOTAL": 5.5, "2024": 234, "2029": 200}, "Total population: 35 - 39 years": {"Demographic": null, "2020": 223, "% OF TOTAL": 6.6, "2024": 224, "2029": 240}, "Total population: 40 - 44 years": {"Demographic": null, "2020": 218, "% OF TOTAL": 6.2, "2024": 218, "2029": 224}, "Total population: 45 - 49 years": {"Demographic": null, "2020": 165, "% OF TOTAL": 4.9, "2024": 162, "2029": 180}, "Total population: 50 - 54 years": {"Demographic": null, "2020": 187, "% OF TOTAL": 4.3, "2024": 174, "2029": 157}, "Total population: 55 - 59 years": {"Demographic": null, "2020": 298, "% OF TOTAL": 6.4, "2024": 265, "2029": 234}, "Total population: 60 - 64 years": {"Demographic": null, "2020": 343, "% OF TOTAL": 7.7, "2024": 322, "2029": 282}, "Total population: 65 - 69 years": {"Demographic": null, "2020": 304, "% OF TOTAL": 9.0, "2024": 328, "2029": 328}, "Total population: 70 - 74 years": {"Demographic": null, "2020": 185, "% OF TOTAL": 6.9, "2024": 203, "2029": 250}, "Total population: 75 - 79 years": {"Demographic": null, "2020": 145, "% OF TOTAL": 5.1, "2024": 171, "2029": 187}, "Total population: 80 - 84 years": {"Demographic": null, "2020": 102, "% OF TOTAL": 3.8, "2024": 103, "2029": 138}, "Total population: 85 years and over": {"Demographic": null, "2020": 61, "% OF TOTAL": 2.2, "2024": 57, "2029": 79}, "Householders Age 15-24": {"Demographic": null, "2020": 37, "% OF TOTAL": 2.6, "2024": 37, "2029": 39}, "Householders Age 25-34": {"Demographic": null, "2020": 163, "% OF TOTAL": 9.4, "2024": 160, "2029": 141}, "Householders Age 35-44": {"Demographic": null, "2020": 194, "% OF TOTAL": 13.3, "2024": 192, "2029": 199}, "Householders Age 45-54": {"Demographic": null, "2020": 217, "% OF TOTAL": 14.4, "2024": 215, "2029": 215}, "Householders Age 55-64": {"Demographic": null, "2020": 363, "% OF TOTAL": 20.9, "2024": 358, "2029": 312}, "Householders Age 65-74": {"Demographic": null, "2020": 327, "% OF TOTAL": 23.1, "2024": 322, "2029": 346}, "Householders Age 75+": {"Demographic": null, "2020": 203, "% OF TOTAL": 16.3, "2024": 204, "2029": 243}, "Household income: Average": {"Demographic": null, "2020": 35957, "% OF TOTAL": null, "2024": 38946, "2029": 44263}, "Household income: Less than 25k": {"Demographic": null, "2020": 686, "% OF TOTAL": 38.7, "2024": 626, "2029": 579}, "Household income: 25k - 50k": {"Demographic": null, "2020": 456, "% OF TOTAL": 27.8, "2024": 434, "2029": 416}, "Household income: 50k - 75k": {"Demographic": null, "2020": 232, "% OF TOTAL": 17.7, "2024": 269, "2029": 264}, "Household income: 75k - 100k": {"Demographic": null, "2020": 61, "% OF TOTAL": 6.4, "2024": 72, "2029": 95}, "Household income: 100k - 125k": {"Demographic": null, "2020": 45, "% OF TOTAL": 5.2, "2024": 55, "2029": 78}, "Household income: 125k - 150k": {"Demographic": null, "2020": 19, "% OF TOTAL": 3.5, "2024": 27, "2029": 52}, "Household income: 150k - 200k": {"Demographic": null, "2020": 0, "% OF TOTAL": 0.0, "2024": 0, "2029": 0}, "Household income: Above 200k": {"Demographic": null, "2020": 5, "% OF TOTAL": 0.7, "2024": 5, "2029": 11}, "White Alone": {"Demographic": null, "2020": 92, "% OF TOTAL": 2.5, "2024": 91, "2029": 91}, "Black or African American Alone": {"Demographic": null, "2020": 3599, "% OF TOTAL": 95.2, "2024": 3508, "2029": 3465}, "American Indian and Alaska Native Alone": {"Demographic": null, "2020": 5, "% OF TOTAL": 0.1, "2024": 5, "2029": 5}, "Asian Alone": {"Demographic": null, "2020": 2, "% OF TOTAL": 0.1, "2024": 2, "2029": 2}, "Native Hawaiian and OPI Alone": {"Demographic": null, "2020": 0, "% OF TOTAL": 0.0, "2024": 0, "2029": 0}, "Some Other Race Alone": {"Demographic": null, "2020": 14, "% OF TOTAL": 0.4, "2024": 14, "2029": 14}, "Two or More Races Alone": {"Demographic": null, "2020": 61, "% OF TOTAL": 1.7, "2024": 65, "2029": 62}, "Not Hispanic or Latino": {"Demographic": null, "2020": 3755, "% OF TOTAL": 99.5, "2024": 3667, "2029": 3621}, "Hispanic or Latino": {"Demographic": null, "2020": 18, "% OF TOTAL": 0.5, "2024": 18, "2029": 18}, "Total Housing Units": {"Demographic": null, "2020": 1947, "% OF TOTAL": null, "2024": null, "2029": null}, "Owner Occupied Housing Units": {"Demographic": null, "2020": 889, "% OF TOTAL": null, "2024": 879, "2029": null}, "Renter Occupied Housing Units": {"Demographic": null, "2020": 615, "% OF TOTAL": null, "2024": 609, "2029": null}, "Housing Units Value Less Than 100k": {"Demographic": null, "2020": 779, "% OF TOTAL": null, "2024": 775, "2029": null}, "Housing Units Value 100k - 200k": {"Demographic": null, "2020": 76, "% OF TOTAL": null, "2024": 72, "2029": null}, "Housing Units Value 200k - 250k": {"Demographic": null, "2020": 23, "% OF TOTAL": null, "2024": 21, "2029": null}, "Housing Units Value 250k - 300k": {"Demographic": null, "2020": 0, "% OF TOTAL": null, "2024": 0, "2029": null}, "Housing Units Value 300k - 400k": {"Demographic": null, "2020": 11, "% OF TOTAL": null, "2024": 11, "2029": null}, "Housing Units Value 400k - 500k": {"Demographic": null, "2020": 0, "% OF TOTAL": null, "2024": 0, "2029": null}, "Housing Units Value 500k - 750k": {"Demographic": null, "2020": 0, "% OF TOTAL": null, "2024": 0, "2029": null}, "Housing Units Value 750k - 1m": {"Demographic": null, "2020": 0, "% OF TOTAL": null, "2024": 0, "2029": null}, "Housing Units Value 1m - 1.5m": {"Demographic": null, "2020": 0, "% OF TOTAL": null, "2024": 0, "2029": null}, "Housing Units Value 1.5m - 2m": {"Demographic": null, "2020": 0, "% OF TOTAL": null, "2024": 0, "2029": null}, "Housing Units Value >2m": {"Demographic": null, "2020": 0, "% OF TOTAL": null, "2024": 0, "2029": null}, "Take Car or Truck to Work": {"Demographic": null, "2020": 1009, "% OF TOTAL": null, "2024": 1010, "2029": null}, "Take Public Transportation to Work": {"Demographic": null, "2020": 63, "% OF TOTAL": null, "2024": 64, "2029": null}, "Take Other Means of Transportation to Work": {"Demographic": null, "2020": 18, "% OF TOTAL": null, "2024": 18, "2029": null}, "Average Travel Time (min)": {"Demographic": null, "2020": 22, "% OF TOTAL": null, "2024": 22, "2029": null}, "Travel Below 30 Min to Work": {"Demographic": null, "2020": 877, "% OF TOTAL": null, "2024": 883, "2029": null}, "Travel 30-60 Min to Work": {"Demographic": null, "2020": 157, "% OF TOTAL": null, "2024": 154, "2029": null}, "Travel Above 60 Min to Work": {"Demographic": null, "2020": 165, "% OF TOTAL": null, "2024": 55, "2029": null}, "Educational Attainment: No High School Diploma": {"Demographic": null, "2020": 1744, "% OF TOTAL": null, "2024": 1727, "2029": null}, "Educational Attainment: High School Diploma": {"Demographic": null, "2020": 1245, "% OF TOTAL": null, "2024": 1230, "2029": null}, "Educational Attainment: Some College": {"Demographic": null, "2020": 798, "% OF TOTAL": null, "2024": 798, "2029": null}, "Educational Attainment: Associate's Degree": {"Demographic": null, "2020": 193, "% OF TOTAL": null, "2024": 193, "2029": null}, "Educational Attainment: Bachelors Degree": {"Demographic": null, "2020": 128, "% OF TOTAL": null, "2024": 128, "2029": null}, "Educational Attainment: Advanced Degree": {"Demographic": null, "2020": 130, "% OF TOTAL": null, "2024": 128, "2029": null}, "Households: Number of vehicles available - Average": {"Demographic": null, "2020": 1, "% OF TOTAL": null, "2024": 1, "2029": null}, "Households: No Vehicle available": {"Demographic": null, "2020": 199, "% OF TOTAL": null, "2024": 196, "2029": null}, "Households: 1 Vehicle available": {"Demographic": null, "2020": 720, "% OF TOTAL": null, "2024": 709, "2029": null}, "Households: 2 Vehicles available": {"Demographic": null, "2020": 374, "% OF TOTAL": null, "2024": 376, "2029": null}, "Households: 3 Vehicles available": {"Demographic": null, "2020": 167, "% OF TOTAL": null, "2024": 162, "2029": null}, "Households: 4 or more Vehicles available": {"Demographic": null, "2020": 44, "% OF TOTAL": null, "2024": 45, "2029": null}}, "population_trends": {"Total Population": {"Demographic": null, "2020": 3773, "% OF TOTAL": null, "2024": 3685, "2029": 3639}, "Population Growth": {"Demographic": null, "2020": null, "% OF TOTAL": null, "2024": -2.3, "2029": -1.2}, "Female Population": {"Demographic": null, "2020": 1989, "% OF TOTAL": 52.7, "2024": 1945, "2029": 1919}, "Male Population": {"Demographic": null, "2020": 1784, "% OF TOTAL": 47.3, "2024": 1740, "2029": 1720}, "Total population: Median Age": {"Demographic": null, "2020": 44, "% OF TOTAL": null, "2024": 45, "2029": 47}, "Total population: Under 5 years": {"Demographic": null, "2020": 223, "% OF TOTAL": 5.1, "2024": 203, "2029": 186}, "Total population: 5 - 9 years": {"Demographic": null, "2020": 233, "% OF TOTAL": 5.6, "2024": 225, "2029": 203}, "Total population: 10 - 14 years": {"Demographic": null, "2020": 254, "% OF TOTAL": 5.8, "2024": 226, "2029": 212}, "Total population: 15 - 19 years": {"Demographic": null, "2020": 215, "% OF TOTAL": 5.4, "2024": 213, "2029": 196}, "Total population: 20 - 24 years": {"Demographic": null, "2020": 176, "% OF TOTAL": 4.6, "2024": 165, "2029": 167}, "Total population: 25 - 29 years": {"Demographic": null, "2020": 213, "% OF TOTAL": 4.8, "2024": 192, "2029": 176}, "Total population: 30 - 34 years": {"Demographic": null, "2020": 228, "% OF TOTAL": 5.5, "2024": 234, "2029": 200}, "Total population: 35 - 39 years": {"Demographic": null, "2020": 223, "% OF TOTAL": 6.6, "2024": 224, "2029": 240}, "Total population: 40 - 44 years": {"Demographic": null, "2020": 218, "% OF TOTAL": 6.2, "2024": 218, "2029": 224}, "Total population: 45 - 49 years": {"Demographic": null, "2020": 165, "% OF TOTAL": 4.9, "2024": 162, "2029": 180}, "Total population: 50 - 54 years": {"Demographic": null, "2020": 187, "% OF TOTAL": 4.3, "2024": 174, "2029": 157}, "Total population: 55 - 59 years": {"Demographic": null, "2020": 298, "% OF TOTAL": 6.4, "2024": 265, "2029": 234}, "Total population: 60 - 64 years": {"Demographic": null, "2020": 343, "% OF TOTAL": 7.7, "2024": 322, "2029": 282}, "Total population: 65 - 69 years": {"Demographic": null, "2020": 304, "% OF TOTAL": 9.0, "2024": 328, "2029": 328}, "Total population: 70 - 74 years": {"Demographic": null, "2020": 185, "% OF TOTAL": 6.9, "2024": 203, "2029": 250}, "Total population: 75 - 79 years": {"Demographic": null, "2020": 145, "% OF TOTAL": 5.1, "2024": 171, "2029": 187}, "Total population: 80 - 84 years": {"Demographic": null, "2020": 102, "% OF TOTAL": 3.8, "2024": 103, "2029": 138}, "Total population: 85 years and over": {"Demographic": null, "2020": 61, "% OF TOTAL": 2.2, "2024": 57, "2029": 79}, "Female population: Median Age": {"Demographic": null, "2020": 47, "% OF TOTAL": null, "2024": 49, "2029": 50}, "Female population: Under 5 years": {"Demographic": null, "2020": 107, "% OF TOTAL": 4.7, "2024": 98, "2029": 90}, "Female population: 5 - 9 years": {"Demographic": null, "2020": 108, "% OF TOTAL": 4.9, "2024": 103, "2029": 94}, "Female population: 10 - 14 years": {"Demographic": null, "2020": 131, "% OF TOTAL": 5.6, "2024": 120, "2029": 108}, "Female population: 15 - 19 years": {"Demographic": null, "2020": 113, "% OF TOTAL": 5.4, "2024": 113, "2029": 104}, "Female population: 20 - 24 years": {"Demographic": null, "2020": 73, "% OF TOTAL": 4.0, "2024": 66, "2029": 76}, "Female population: 25 - 29 years": {"Demographic": null, "2020": 122, "% OF TOTAL": 5.0, "2024": 110, "2029": 96}, "Female population: 30 - 34 years": {"Demographic": null, "2020": 115, "% OF TOTAL": 5.4, "2024": 115, "2029": 103}, "Female population: 35 - 39 years": {"Demographic": null, "2020": 111, "% OF TOTAL": 6.1, "2024": 110, "2029": 118}, "Female population: 40 - 44 years": {"Demographic": null, "2020": 118, "% OF TOTAL": 6.0, "2024": 118, "2029": 116}, "Female population: 45 - 49 years": {"Demographic": null, "2020": 77, "% OF TOTAL": 4.5, "2024": 76, "2029": 87}, "Female population: 50 - 54 years": {"Demographic": null, "2020": 103, "% OF TOTAL": 4.2, "2024": 96, "2029": 81}, "Female population: 55 - 59 years": {"Demographic": null, "2020": 164, "% OF TOTAL": 6.7, "2024": 146, "2029": 129}, "Female population: 60 - 64 years": {"Demographic": null, "2020": 185, "% OF TOTAL": 8.0, "2024": 174, "2029": 153}, "Female population: 65 - 69 years": {"Demographic": null, "2020": 156, "% OF TOTAL": 9.0, "2024": 172, "2029": 172}, "Female population: 70 - 74 years": {"Demographic": null, "2020": 102, "% OF TOTAL": 7.0, "2024": 111, "2029": 134}, "Female population: 75 - 79 years": {"Demographic": null, "2020": 94, "% OF TOTAL": 5.9, "2024": 110, "2029": 114}, "Female population: 80 - 84 years": {"Demographic": null, "2020": 69, "% OF TOTAL": 4.9, "2024": 71, "2029": 94}, "Female population: 85 years and over": {"Demographic": null, "2020": 41, "% OF TOTAL": 2.6, "2024": 36, "2029": 50}, "Male population: Median Age": {"Demographic": null, "2020": 40, "% OF TOTAL": null, "2024": 41, "2029": 43}, "Male population: Under 5 years": {"Demographic": null, "2020": 116, "% OF TOTAL": 5.6, "2024": 105, "2029": 96}, "Male population: 5 - 9 years": {"Demographic": null, "2020": 125, "% OF TOTAL": 6.3, "2024": 122, "2029": 109}, "Male population: 10 - 14 years": {"Demographic": null, "2020": 123, "% OF TOTAL": 6.0, "2024": 106, "2029": 104}, "Male population: 15 - 19 years": {"Demographic": null, "2020": 102, "% OF TOTAL": 5.3, "2024": 100, "2029": 92}, "Male population: 20 - 24 years": {"Demographic": null, "2020": 103, "% OF TOTAL": 5.3, "2024": 99, "2029": 91}, "Male population: 25 - 29 years": {"Demographic": null, "2020": 91, "% OF TOTAL": 4.7, "2024": 82, "2029": 80}, "Male population: 30 - 34 years": {"Demographic": null, "2020": 113, "% OF TOTAL": 5.6, "2024": 119, "2029": 97}, "Male population: 35 - 39 years": {"Demographic": null, "2020": 112, "% OF TOTAL": 7.1, "2024": 114, "2029": 122}, "Male population: 40 - 44 years": {"Demographic": null, "2020": 100, "% OF TOTAL": 6.3, "2024": 100, "2029": 108}, "Male population: 45 - 49 years": {"Demographic": null, "2020": 88, "% OF TOTAL": 5.4, "2024": 86, "2029": 93}, "Male population: 50 - 54 years": {"Demographic": null, "2020": 84, "% OF TOTAL": 4.4, "2024": 78, "2029": 76}, "Male population: 55 - 59 years": {"Demographic": null, "2020": 134, "% OF TOTAL": 6.1, "2024": 119, "2029": 105}, "Male population: 60 - 64 years": {"Demographic": null, "2020": 158, "% OF TOTAL": 7.5, "2024": 148, "2029": 129}, "Male population: 65 - 69 years": {"Demographic": null, "2020": 148, "% OF TOTAL": 9.1, "2024": 156, "2029": 156}, "Male population: 70 - 74 years": {"Demographic": null, "2020": 83, "% OF TOTAL": 6.7, "2024": 92, "2029": 116}, "Male population: 75 - 79 years": {"Demographic": null, "2020": 51, "% OF TOTAL": 4.2, "2024": 61, "2029": 73}, "Male population: 80 - 84 years": {"Demographic": null, "2020": 33, "% OF TOTAL": 2.6, "2024": 32, "2029": 44}, "Male population: 85 years and over": {"Demographic": null, "2020": 20, "% OF TOTAL": 1.7, "2024": 21, "2029": 29}, "White alone": {"Demographic": null, "2020": 92, "% OF TOTAL": 2.5, "2024": 91, "2029": 91}, "Black alone": {"Demographic": null, "2020": 3599, "% OF TOTAL": 95.2, "2024": 3508, "2029": 3465}, "American Indian and Alaska Native alone": {"Demographic": null, "2020": 5, "% OF TOTAL": 0.1, "2024": 5, "2029": 5}, "Asian alone": {"Demographic": null, "2020": 2, "% OF TOTAL": 0.1, "2024": 2, "2029": 2}, "Native Hawaiian and OPI alone": {"Demographic": null, "2020": 0, "% OF TOTAL": 0.0, "2024": 0, "2029": 0}, "Some other race alone": {"Demographic": null, "2020": 14, "% OF TOTAL": 0.4, "2024": 14, "2029": 14}, "Two or more races alone": {"Demographic": null, "2020": 61, "% OF TOTAL": 1.7, "2024": 65, "2029": 62}, "Not Hispanic: White alone": {"Demographic": null, "2020": 90, "% OF TOTAL": 2.4, "2024": 89, "2029": 89}, "Not Hispanic: Black or African American alone": {"Demographic": null, "2020": 3590, "% OF TOTAL": 95.0, "2024": 3499, "2029": 3456}, "Not Hispanic: American Indian and Alaska Native alone": {"Demographic": null, "2020": 5, "% OF TOTAL": 0.1, "2024": 5, "2029": 5}, "Not Hispanic: Asian alone": {"Demographic": null, "2020": 1, "% OF TOTAL": 0.0, "2024": 1, "2029": 1}, "Not Hispanic: Native Hawaiian and OPI alone": {"Demographic": null, "2020": 0, "% OF TOTAL": 0.0, "2024": 0, "2029": 0}, "Not Hispanic: Some Other Race alone": {"Demographic": null, "2020": 9, "% OF TOTAL": 0.2, "2024": 9, "2029": 9}, "Not Hispanic: Two or More Races": {"Demographic": null, "2020": 60, "% OF TOTAL": 1.7, "2024": 64, "2029": 61}, "Hispanic: White alone": {"Demographic": null, "2020": 2, "% OF TOTAL": 0.1, "2024": 2, "2029": 2}, "Hispanic: Black or African American alone": {"Demographic": null, "2020": 9, "% OF TOTAL": 0.2, "2024": 9, "2029": 9}, "Hispanic: American Indian and Alaska Native alone": {"Demographic": null, "2020": 0, "% OF TOTAL": 0.0, "2024": 0, "2029": 0}, "Hispanic: Asian alone": {"Demographic": null, "2020": 1, "% OF TOTAL": 0.0, "2024": 1, "2029": 1}, "Hispanic: Native Hawaiian and OPI alone": {"Demographic": null, "2020": 0, "% OF TOTAL": 0.0, "2024": 0, "2029": 0}, "Hispanic: Some Other Race alone": {"Demographic": null, "2020": 5, "% OF TOTAL": 0.1, "2024": 5, "2029": 5}, "Hispanic: Two or More Races": {"Demographic": null, "2020": 1, "% OF TOTAL": 0.0, "2024": 1, "2029": 1}, "Educational Attainment: No High School Diploma": {"Demographic": null, "2020": 499, "% OF TOTAL": null, "2024": 497, "2029": null}, "Educational Attainment: High School Diploma": {"Demographic": null, "2020": 1245, "% OF TOTAL": null, "2024": 1230, "2029": null}, "Educational Attainment: Some College": {"Demographic": null, "2020": 477, "% OF TOTAL": null, "2024": 477, "2029": null}, "Educational Attainment: Associates Degree": {"Demographic": null, "2020": 193, "% OF TOTAL": null, "2024": 193, "2029": null}, "Educational Attainment: Bachelors Degree": {"Demographic": null, "2020": 128, "% OF TOTAL": null, "2024": 128, "2029": null}, "Educational Attainment: Advanced Degree": {"Demographic": null, "2020": 130, "% OF TOTAL": null, "2024": 128, "2029": null}, "Employment Status: Armed Forces": {"Demographic": null, "2020": 0, "% OF TOTAL": null, "2024": 0, "2029": null}, "Employment Status: Civilian labor force employed": {"Demographic": null, "2020": 1134, "% OF TOTAL": null, "2024": 1136, "2029": null}, "Employment Status: Civilian labor force unemployed": {"Demographic": null, "2020": 173, "% OF TOTAL": null, "2024": 176, "2029": null}, "Employment Status: Not in labor force": {"Demographic": null, "2020": 1706, "% OF TOTAL": null, "2024": 1687, "2029": null}, "Employed in Agriculture and Mining Industries": {"Demographic": null, "2020": 3, "% OF TOTAL": null, "2024": 3, "2029": null}, "Employed in Construction Industries": {"Demographic": null, "2020": 58, "% OF TOTAL": null, "2024": 61, "2029": null}, "Employed in Manufacturing Industries": {"Demographic": null, "2020": 95, "% OF TOTAL": null, "2024": 95, "2029": null}, "Employed in Wholesale Industries": {"Demographic": null, "2020": 6, "% OF TOTAL": null, "2024": 7, "2029": null}, "Employed in Retail Industries": {"Demographic": null, "2020": 111, "% OF TOTAL": null, "2024": 112, "2029": null}, "Employed in Transportation and Utilities Industries": {"Demographic": null, "2020": 55, "% OF TOTAL": null, "2024": 53, "2029": null}, "Employed in Information Industries": {"Demographic": null, "2020": 0, "% OF TOTAL": null, "2024": 0, "2029": null}, "Employed in Real-Estate Industries": {"Demographic": null, "2020": 82, "% OF TOTAL": null, "2024": 79, "2029": null}, "Employed in Professional Industries": {"Demographic": null, "2020": 110, "% OF TOTAL": null, "2024": 110, "2029": null}, "Employed in Health and Education Industries": {"Demographic": null, "2020": 422, "% OF TOTAL": null, "2024": 428, "2029": null}, "Employed in Art Industries": {"Demographic": null, "2020": 113, "% OF TOTAL": null, "2024": 110, "2029": null}, "Employed in Other Industries": {"Demographic": null, "2020": 28, "% OF TOTAL": null, "2024": 27, "2029": null}, "Employed in Public Administration Industries": {"Demographic": null, "2020": 51, "% OF TOTAL": null, "2024": 51, "2029": null}, "Occupation: Management": {"Demographic": null, "2020": 18, "% OF TOTAL": null, "2024": 18, "2029": null}, "Occupation: Business and financial operations": {"Demographic": null, "2020": 39, "% OF TOTAL": null, "2024": 37, "2029": null}, "Occupation: Computer and mathematical": {"Demographic": null, "2020": 0, "% OF TOTAL": null, "2024": 0, "2029": null}, "Occupation: Architecture and engineering": {"Demographic": null, "2020": 0, "% OF TOTAL": null, "2024": 0, "2029": null}, "Occupation: Life, physical, and social science": {"Demographic": null, "2020": 0, "% OF TOTAL": null, "2024": 0, "2029": null}, "Occupation: Community and social service": {"Demographic": null, "2020": 14, "% OF TOTAL": null, "2024": 15, "2029": null}, "Occupation: Legal": {"Demographic": null, "2020": 0, "% OF TOTAL": null, "2024": 0, "2029": null}, "Occupation: Education, training, and library": {"Demographic": null, "2020": 67, "% OF TOTAL": null, "2024": 68, "2029": null}, "Occupation: Arts, design, entertainment, sports, and media": {"Demographic": null, "2020": 0, "% OF TOTAL": null, "2024": 0, "2029": null}, "Occupation: Health diagnosing and treating practitioners": {"Demographic": null, "2020": 50, "% OF TOTAL": null, "2024": 52, "2029": null}, "Occupation: Health technologists and technicians": {"Demographic": null, "2020": 0, "% OF TOTAL": null, "2024": 0, "2029": null}, "Occupation: Healthcare support": {"Demographic": null, "2020": 60, "% OF TOTAL": null, "2024": 57, "2029": null}, "Occupation: Fire fighting and prevention": {"Demographic": null, "2020": 21, "% OF TOTAL": null, "2024": 20, "2029": null}, "Occupation: Law enforcement workers": {"Demographic": null, "2020": 0, "% OF TOTAL": null, "2024": 0, "2029": null}, "Occupation: Food preparation and serving related": {"Demographic": null, "2020": 116, "% OF TOTAL": null, "2024": 115, "2029": null}, "Occupation: Building and grounds cleaning and maintenance": {"Demographic": null, "2020": 133, "% OF TOTAL": null, "2024": 140, "2029": null}, "Occupation: Personal care and service": {"Demographic": null, "2020": 26, "% OF TOTAL": null, "2024": 25, "2029": null}, "Occupation: Sales and related": {"Demographic": null, "2020": 74, "% OF TOTAL": null, "2024": 76, "2029": null}, "Occupation: Office and administrative support": {"Demographic": null, "2020": 175, "% OF TOTAL": null, "2024": 174, "2029": null}, "Occupation: Farming, fishing, and forestry": {"Demographic": null, "2020": 0, "% OF TOTAL": null, "2024": 0, "2029": null}, "Occupation: Construction and extraction": {"Demographic": null, "2020": 111, "% OF TOTAL": null, "2024": 112, "2029": null}, "Occupation: Installation, maintenance, and repair": {"Demographic": null, "2020": 0, "% OF TOTAL": null, "2024": 0, "2029": null}, "Occupation: Production": {"Demographic": null, "2020": 76, "% OF TOTAL": null, "2024": 75, "2029": null}, "Occupation: Transportation": {"Demographic": null, "2020": 43, "% OF TOTAL": null, "2024": 40, "2029": null}, "Occupation: Material moving": {"Demographic": null, "2020": 111, "% OF TOTAL": null, "2024": 112, "2029": null}, "White collar": {"Demographic": null, "2020": 437, "% OF TOTAL": null, "2024": 440, "2029": null}, "Blue collar": {"Demographic": null, "2020": 697, "% OF TOTAL": null, "2024": 696, "2029": null}, "Means of transportation: Car, truck or van": {"Demographic": null, "2020": 1009, "% OF TOTAL": null, "2024": 1010, "2029": null}, "Means of transportation: Public transportation": {"Demographic": null, "2020": 63, "% OF TOTAL": null, "2024": 64, "2029": null}, "Means of transportation: Other": {"Demographic": null, "2020": 18, "% OF TOTAL": null, "2024": 18, "2029": null}, "Travel time: Average (in minutes)": {"Demographic": null, "2020": 21, "% OF TOTAL": null, "2024": 21, "2029": null}, "Travel time to work: Less than 30 minutes": {"Demographic": null, "2020": 877, "% OF TOTAL": null, "2024": 883, "2029": null}, "Travel time to work: 30 to 60 minutes": {"Demographic": null, "2020": 157, "% OF TOTAL": null, "2024": 154, "2029": null}, "Travel time to work: 60 or more minutes": {"Demographic": null, "2020": 56, "% OF TOTAL": null, "2024": 55, "2029": null}}, "household_trends": {"Households": {"Demographic": null, "2020": 1504, "% OF TOTAL": null, "2024": 1488, "2029": 1495}, "Households Growth": {"Demographic": null, "2020": null, "% OF TOTAL": null, "2024": -1.1, "2029": 0.5}, "Householder Age 15-24": {"Demographic": null, "2020": 37, "% OF TOTAL": 2.6, "2024": 37, "2029": 39}, "Householder Age 25-34": {"Demographic": null, "2020": 163, "% OF TOTAL": 9.4, "2024": 160, "2029": 141}, "Householder Age 35-44": {"Demographic": null, "2020": 194, "% OF TOTAL": 13.3, "2024": 192, "2029": 199}, "Householder Age 45-54": {"Demographic": null, "2020": 217, "% OF TOTAL": 14.4, "2024": 215, "2029": 215}, "Householder Age 55-64": {"Demographic": null, "2020": 363, "% OF TOTAL": 20.9, "2024": 358, "2029": 312}, "Householder Age 65-74": {"Demographic": null, "2020": 327, "% OF TOTAL": 23.1, "2024": 322, "2029": 346}, "Householder Age 75+": {"Demographic": null, "2020": 203, "% OF TOTAL": 16.3, "2024": 204, "2029": 243}, "Average Household Size": {"Demographic": null, "2020": 2.4, "% OF TOTAL": null, "2024": 2.4, "2029": 2.4}, "1 Person Households": {"Demographic": null, "2020": 518, "% OF TOTAL": 35.1, "2024": 517, "2029": 525}, "2 Person Households": {"Demographic": null, "2020": 396, "% OF TOTAL": 27.6, "2024": 400, "2029": 412}, "3 Person Households": {"Demographic": null, "2020": 291, "% OF TOTAL": 19.4, "2024": 287, "2029": 290}, "4 Person Households": {"Demographic": null, "2020": 156, "% OF TOTAL": 9.2, "2024": 147, "2029": 138}, "5 Person Households": {"Demographic": null, "2020": 64, "% OF TOTAL": 3.7, "2024": 60, "2029": 55}, "6 Person Households": {"Demographic": null, "2020": 52, "% OF TOTAL": 3.3, "2024": 51, "2029": 49}, "7+ Person Households": {"Demographic": null, "2020": 27, "% OF TOTAL": 1.7, "2024": 26, "2029": 26}, "Household Type: Family": {"Demographic": null, "2020": 931, "% OF TOTAL": null, "2024": 922, "2029": null}, "Household Type: Married Family": {"Demographic": null, "2020": 260, "% OF TOTAL": null, "2024": 260, "2029": null}, "Household Type: Married Family With Children": {"Demographic": null, "2020": 37, "% OF TOTAL": null, "2024": 38, "2029": null}, "Household Type: Married Family Without Children": {"Demographic": null, "2020": 223, "% OF TOTAL": null, "2024": 222, "2029": null}, "Household Type: Other Family": {"Demographic": null, "2020": 671, "% OF TOTAL": null, "2024": 662, "2029": null}, "Household Type: Male Households, No Wife": {"Demographic": null, "2020": 127, "% OF TOTAL": null, "2024": 124, "2029": null}, "Household Type: Male Households, No Wife With Children": {"Demographic": null, "2020": 30, "% OF TOTAL": null, "2024": 29, "2029": null}, "Household Type: Male Households, No Wife Without Children": {"Demographic": null, "2020": 97, "% OF TOTAL": null, "2024": 95, "2029": null}, "Household Type: Female Households, No Husband": {"Demographic": null, "2020": 544, "% OF TOTAL": null, "2024": 538, "2029": null}, "Household Type: Female Households, No Husband With Children": {"Demographic": null, "2020": 217, "% OF TOTAL": null, "2024": 214, "2029": null}, "Household Type: Female Households, No Husband Without Children": {"Demographic": null, "2020": 327, "% OF TOTAL": null, "2024": 324, "2029": null}, "Household Income: Average": {"Demographic": null, "2020": 35957, "% OF TOTAL": null, "2024": 38946, "2029": 44263}, "Household Income: Median": {"Demographic": null, "2020": 0, "% OF TOTAL": null, "2024": 29222, "2029": 38571}, "Household Income: Less than $25k": {"Demographic": null, "2020": 686, "% OF TOTAL": 38.7, "2024": 626, "2029": 579}, "Household Income: $25k - $50k": {"Demographic": null, "2020": 456, "% OF TOTAL": 27.8, "2024": 434, "2029": 416}, "Household Income: $50k - $75k": {"Demographic": null, "2020": 232, "% OF TOTAL": 17.7, "2024": 269, "2029": 264}, "Household Income: $75k - $100k": {"Demographic": null, "2020": 61, "% OF TOTAL": 6.4, "2024": 72, "2029": 95}, "Household Income: $100k - $125k": {"Demographic": null, "2020": 45, "% OF TOTAL": 5.2, "2024": 55, "2029": 78}, "Household Income: $125k - $150k": {"Demographic": null, "2020": 19, "% OF TOTAL": 3.5, "2024": 27, "2029": 52}, "Household Income: $150k - $200k": {"Demographic": null, "2020": 0, "% OF TOTAL": 0.0, "2024": 0, "2029": 0}, "Household Income: Above $200k": {"Demographic": null, "2020": 5, "% OF TOTAL": 0.7, "2024": 5, "2029": 11}, "Total Housing Units": {"Demographic": null, "2020": 1947, "% OF TOTAL": null, "2024": null, "2029": null}, "Owner Occupied Housing Units": {"Demographic": null, "2020": 889, "% OF TOTAL": null, "2024": 879, "2029": null}, "Renter Occupied Housing Units": {"Demographic": null, "2020": 615, "% OF TOTAL": null, "2024": 609, "2029": null}, "Vacant Housing Units": {"Demographic": null, "2020": 443, "% OF TOTAL": null, "2024": null, "2029": null}, "Vacant Housing Units: Seasonal": {"Demographic": null, "2020": 5, "% OF TOTAL": null, "2024": null, "2029": null}, "Vacant Housing Units: Other Usage": {"Demographic": null, "2020": 438, "% OF TOTAL": null, "2024": null, "2029": null}, "Average Housing Unit Value": {"Demographic": null, "2020": 59795, "% OF TOTAL": null, "2024": 59530, "2029": null}, "Median Housing Unit Value": {"Demographic": null, "2020": 52000, "% OF TOTAL": null, "2024": 51970, "2029": null}, "Housing Unit Value Less Than $100k": {"Demographic": null, "2020": 779, "% OF TOTAL": null, "2024": 775, "2029": null}, "Housing Unit Value $100k-$200k": {"Demographic": null, "2020": 76, "% OF TOTAL": null, "2024": 72, "2029": null}, "Housing Unit Value $200k-$250k": {"Demographic": null, "2020": 23, "% OF TOTAL": null, "2024": 21, "2029": null}, "Housing Unit Value $250k-$300k": {"Demographic": null, "2020": 0, "% OF TOTAL": null, "2024": 0, "2029": null}, "Housing Unit Value $300k-$400k": {"Demographic": null, "2020": 11, "% OF TOTAL": null, "2024": 11, "2029": null}, "Housing Unit Value $400k-$500k": {"Demographic": null, "2020": 0, "% OF TOTAL": null, "2024": 0, "2029": null}, "Housing Unit Value $500k-$750k": {"Demographic": null, "2020": 0, "% OF TOTAL": null, "2024": 0, "2029": null}, "Housing Unit Value $750k-$1m": {"Demographic": null, "2020": 0, "% OF TOTAL": null, "2024": 0, "2029": null}, "Housing Unit Value $1m-$1.5m": {"Demographic": null, "2020": 0, "% OF TOTAL": null, "2024": 0, "2029": null}, "Housing Unit Value $1.5m-$2m": {"Demographic": null, "2020": 0, "% OF TOTAL": null, "2024": 0, "2029": null}, "Housing Unit Value Above $2m": {"Demographic": null, "2020": 0, "% OF TOTAL": null, "2024": 0, "2029": null}, "Median Housing Unit Year Built": {"Demographic": null, "2020": 1959, "% OF TOTAL": null, "2024": 1959, "2029": null}, "Housing Units Built 2014 Or After": {"Demographic": null, "2020": 0, "% OF TOTAL": null, "2024": 0, "2029": null}, "Housing Units Built 2010-2013": {"Demographic": null, "2020": 11, "% OF TOTAL": null, "2024": 10, "2029": null}, "Housing Units Built 2000-2009": {"Demographic": null, "2020": 94, "% OF TOTAL": null, "2024": 89, "2029": null}, "Housing Units Built 1990-1999": {"Demographic": null, "2020": 38, "% OF TOTAL": null, "2024": 35, "2029": null}, "Housing Units Built 1980-1989": {"Demographic": null, "2020": 48, "% OF TOTAL": null, "2024": 47, "2029": null}, "Housing Units Built 1970-1979": {"Demographic": null, "2020": 173, "% OF TOTAL": null, "2024": 171, "2029": null}, "Housing Units Built 1960-1969": {"Demographic": null, "2020": 372, "% OF TOTAL": null, "2024": 368, "2029": null}, "Housing Units Built 1950-1959": {"Demographic": null, "2020": 524, "% OF TOTAL": null, "2024": 525, "2029": null}, "Housing Units Built 1940-1949": {"Demographic": null, "2020": 141, "% OF TOTAL": null, "2024": 137, "2029": null}, "Housing Units Built Before 1940": {"Demographic": null, "2020": 103, "% OF TOTAL": null, "2024": 106, "2029": null}}, "consumer_segments": {"Renters": {"households": 629, "pct": 25.1}, "Active Adult Entry Level": {"households": 460, "pct": 18.4}, "Entry Level Suburban": {"households": 379, "pct": 15.2}, "Renters Near Term Buyers": {"households": 265, "pct": 10.6}, "Elite": {"households": 206, "pct": 8.2}, "Feature and Location": {"households": 166, "pct": 6.6}, "Active Adult Elite": {"households": 124, "pct": 5.0}, "Entry Level Urban": {"households": 109, "pct": 4.4}, "Active Adult Feature and Location": {"households": 98, "pct": 3.9}, "Family Life Young Children": {"households": 22, "pct": 0.9}, "Family Life School Age Children": {"households": 15, "pct": 0.6}, "Simple Life Moderate Income With Children": {"households": 12, "pct": 0.5}, "Simple Life Affluent No Children": {"households": 11, "pct": 0.4}, "Simple Life Moderate Income No Children": {"households": 5, "pct": 0.2}}, "income_age": {"2020": {}, "2024": {}, "2029": {}}, "population_2024": 3685, "population_2029": 3639, "households_2024": 1488, "households_2029": 1495, "median_household_income_2024": 29222, "median_household_income_2029": 38571, "mean_household_income_2024": null, "mean_household_income_2029": null, "median_age_2024": 45, "median_age_2029": 47, "median_home_value_2024": 51970, "average_household_size_2024": 2.4, "average_household_size_2029": 2.4, "population_growth_2024_2029": -2.3, "households_growth_2024_2029": -1.1}, "geometry": {"type": "Polygon", "coordinates": [[[-88.087245, 30.718722], [-88.087571, 30.747761], [-88.053949, 30.748038], [-88.053633, 30.718999], [-88.087245, 30.718722]]]}}, {"type": "Feature", "properties": {"block": "063", "block_num": 63, "CentroidLon": -88.10411038388898, "CentroidLat": 30.73303401379656, "submarket": "North Mobile", "data_status": "usable", "is_anomalous": false, "anomaly_reason": null, "files_present": "DemographicSnapshot-26.08.06.csv;PopulationTrends-26.08.06.csv;HouseholdTrends-26.08.06.csv;HouseholdIncomeByAge-26.08.06.csv;ConsumerSegmentation-26.08.06.csv", "demographic_snapshot": {"Total Population": {"Demographic": null, "2020": 9457, "% OF TOTAL": null, "2024": 9356, "2029": 8962}, "Households": {"Demographic": null, "2020": 3837, "% OF TOTAL": null, "2024": 3838, "2029": 3732}, "Population in Group Quarters": {"Demographic": null, "2020": 201, "% OF TOTAL": null, "2024": 207, "2029": 209}, "Households Growth": {"Demographic": null, "2020": null, "% OF TOTAL": null, "2024": 0.0, "2029": -2.8}, "Household Income: Median": {"Demographic": null, "2020": 0, "% OF TOTAL": null, "2024": 39438, "2029": 47857}, "Home Value: Median": {"Demographic": null, "2020": 62083, "% OF TOTAL": null, "2024": 61667, "2029": null}, "Population Growth": {"Demographic": null, "2020": null, "% OF TOTAL": null, "2024": -1.1, "2029": -4.2}, "Total Population: Under 19 years": {"Demographic": null, "2020": 2345, "% OF TOTAL": 22.5, "2024": 2239, "2029": 2017}, "Total Population: 20 - 64 years": {"Demographic": null, "2020": 5152, "% OF TOTAL": 51.7, "2024": 4993, "2029": 4636}, "Total Population: 65 years and over": {"Demographic": null, "2020": 1960, "% OF TOTAL": 25.8, "2024": 2124, "2029": 2309}, "Total population: Median age": {"Demographic": null, "2020": 43, "% OF TOTAL": null, "2024": 44, "2029": 45}, "Total population: Under 5 years": {"Demographic": null, "2020": 526, "% OF TOTAL": 4.9, "2024": 489, "2029": 435}, "Total population: 5 - 9 years": {"Demographic": null, "2020": 625, "% OF TOTAL": 5.9, "2024": 619, "2029": 533}, "Total population: 10 - 14 years": {"Demographic": null, "2020": 652, "% OF TOTAL": 6.2, "2024": 599, "2029": 554}, "Total population: 15 - 19 years": {"Demographic": null, "2020": 542, "% OF TOTAL": 5.5, "2024": 532, "2029": 495}, "Total population: 20 - 24 years": {"Demographic": null, "2020": 470, "% OF TOTAL": 4.8, "2024": 449, "2029": 433}, "Total population: 25 - 29 years": {"Demographic": null, "2020": 567, "% OF TOTAL": 5.2, "2024": 518, "2029": 465}, "Total population: 30 - 34 years": {"Demographic": null, "2020": 562, "% OF TOTAL": 5.6, "2024": 597, "2029": 505}, "Total population: 35 - 39 years": {"Demographic": null, "2020": 548, "% OF TOTAL": 6.5, "2024": 558, "2029": 581}, "Total population: 40 - 44 years": {"Demographic": null, "2020": 558, "% OF TOTAL": 6.1, "2024": 558, "2029": 551}, "Total population: 45 - 49 years": {"Demographic": null, "2020": 461, "% OF TOTAL": 5.5, "2024": 463, "2029": 489}, "Total population: 50 - 54 years": {"Demographic": null, "2020": 511, "% OF TOTAL": 4.7, "2024": 480, "2029": 425}, "Total population: 55 - 59 years": {"Demographic": null, "2020": 697, "% OF TOTAL": 6.1, "2024": 620, "2029": 547}, "Total population: 60 - 64 years": {"Demographic": null, "2020": 778, "% OF TOTAL": 7.1, "2024": 750, "2029": 640}, "Total population: 65 - 69 years": {"Demographic": null, "2020": 642, "% OF TOTAL": 7.8, "2024": 699, "2029": 700}, "Total population: 70 - 74 years": {"Demographic": null, "2020": 463, "% OF TOTAL": 6.4, "2024": 516, "2029": 575}, "Total population: 75 - 79 years": {"Demographic": null, "2020": 348, "% OF TOTAL": 5.0, "2024": 411, "2029": 447}, "Total population: 80 - 84 years": {"Demographic": null, "2020": 264, "% OF TOTAL": 3.7, "2024": 272, "2029": 334}, "Total population: 85 years and over": {"Demographic": null, "2020": 243, "% OF TOTAL": 2.8, "2024": 226, "2029": 253}, "Householders Age 15-24": {"Demographic": null, "2020": 91, "% OF TOTAL": 2.5, "2024": 93, "2029": 94}, "Householders Age 25-34": {"Demographic": null, "2020": 377, "% OF TOTAL": 8.9, "2024": 380, "2029": 331}, "Householders Age 35-44": {"Demographic": null, "2020": 506, "% OF TOTAL": 13.7, "2024": 509, "2029": 511}, "Householders Age 45-54": {"Demographic": null, "2020": 539, "% OF TOTAL": 13.9, "2024": 540, "2029": 518}, "Householders Age 55-64": {"Demographic": null, "2020": 871, "% OF TOTAL": 19.9, "2024": 865, "2029": 742}, "Householders Age 65-74": {"Demographic": null, "2020": 824, "% OF TOTAL": 22.8, "2024": 825, "2029": 851}, "Householders Age 75+": {"Demographic": null, "2020": 629, "% OF TOTAL": 18.4, "2024": 626, "2029": 685}, "Household income: Average": {"Demographic": null, "2020": 45337, "% OF TOTAL": null, "2024": 51308, "2029": 61209}, "Household income: Less than 25k": {"Demographic": null, "2020": 1470, "% OF TOTAL": 28.5, "2024": 1359, "2029": 1062}, "Household income: 25k - 50k": {"Demographic": null, "2020": 1230, "% OF TOTAL": 28.4, "2024": 1099, "2029": 1059}, "Household income: 50k - 75k": {"Demographic": null, "2020": 501, "% OF TOTAL": 15.9, "2024": 580, "2029": 592}, "Household income: 75k - 100k": {"Demographic": null, "2020": 338, "% OF TOTAL": 12.8, "2024": 412, "2029": 479}, "Household income: 100k - 125k": {"Demographic": null, "2020": 110, "% OF TOTAL": 4.3, "2024": 131, "2029": 162}, "Household income: 125k - 150k": {"Demographic": null, "2020": 105, "% OF TOTAL": 4.3, "2024": 133, "2029": 162}, "Household income: 150k - 200k": {"Demographic": null, "2020": 49, "% OF TOTAL": 3.2, "2024": 72, "2029": 121}, "Household income: Above 200k": {"Demographic": null, "2020": 34, "% OF TOTAL": 2.5, "2024": 52, "2029": 95}, "White Alone": {"Demographic": null, "2020": 187, "% OF TOTAL": 2.0, "2024": 185, "2029": 178}, "Black or African American Alone": {"Demographic": null, "2020": 9004, "% OF TOTAL": 94.9, "2024": 8884, "2029": 8509}, "American Indian and Alaska Native Alone": {"Demographic": null, "2020": 11, "% OF TOTAL": 0.1, "2024": 11, "2029": 11}, "Asian Alone": {"Demographic": null, "2020": 11, "% OF TOTAL": 0.1, "2024": 11, "2029": 10}, "Native Hawaiian and OPI Alone": {"Demographic": null, "2020": 1, "% OF TOTAL": 0.0, "2024": 1, "2029": 1}, "Some Other Race Alone": {"Demographic": null, "2020": 18, "% OF TOTAL": 0.2, "2024": 18, "2029": 18}, "Two or More Races Alone": {"Demographic": null, "2020": 225, "% OF TOTAL": 2.6, "2024": 246, "2029": 235}, "Not Hispanic or Latino": {"Demographic": null, "2020": 9371, "% OF TOTAL": 99.0, "2024": 9263, "2029": 8870}, "Hispanic or Latino": {"Demographic": null, "2020": 86, "% OF TOTAL": 1.0, "2024": 93, "2029": 92}, "Total Housing Units": {"Demographic": null, "2020": 4692, "% OF TOTAL": null, "2024": null, "2029": null}, "Owner Occupied Housing Units": {"Demographic": null, "2020": 2024, "% OF TOTAL": null, "2024": 2009, "2029": null}, "Renter Occupied Housing Units": {"Demographic": null, "2020": 1813, "% OF TOTAL": null, "2024": 1829, "2029": null}, "Housing Units Value Less Than 100k": {"Demographic": null, "2020": 1633, "% OF TOTAL": null, "2024": 1619, "2029": null}, "Housing Units Value 100k - 200k": {"Demographic": null, "2020": 276, "% OF TOTAL": null, "2024": 275, "2029": null}, "Housing Units Value 200k - 250k": {"Demographic": null, "2020": 39, "% OF TOTAL": null, "2024": 41, "2029": null}, "Housing Units Value 250k - 300k": {"Demographic": null, "2020": 12, "% OF TOTAL": null, "2024": 12, "2029": null}, "Housing Units Value 300k - 400k": {"Demographic": null, "2020": 7, "% OF TOTAL": null, "2024": 7, "2029": null}, "Housing Units Value 400k - 500k": {"Demographic": null, "2020": 14, "% OF TOTAL": null, "2024": 13, "2029": null}, "Housing Units Value 500k - 750k": {"Demographic": null, "2020": 10, "% OF TOTAL": null, "2024": 10, "2029": null}, "Housing Units Value 750k - 1m": {"Demographic": null, "2020": 15, "% OF TOTAL": null, "2024": 14, "2029": null}, "Housing Units Value 1m - 1.5m": {"Demographic": null, "2020": 0, "% OF TOTAL": null, "2024": 0, "2029": null}, "Housing Units Value 1.5m - 2m": {"Demographic": null, "2020": 11, "% OF TOTAL": null, "2024": 11, "2029": null}, "Housing Units Value >2m": {"Demographic": null, "2020": 7, "% OF TOTAL": null, "2024": 7, "2029": null}, "Take Car or Truck to Work": {"Demographic": null, "2020": 2769, "% OF TOTAL": null, "2024": 2751, "2029": null}, "Take Public Transportation to Work": {"Demographic": null, "2020": 21, "% OF TOTAL": null, "2024": 20, "2029": null}, "Take Other Means of Transportation to Work": {"Demographic": null, "2020": 25, "% OF TOTAL": null, "2024": 24, "2029": null}, "Average Travel Time (min)": {"Demographic": null, "2020": 28, "% OF TOTAL": null, "2024": 28, "2029": null}, "Travel Below 30 Min to Work": {"Demographic": null, "2020": 1968, "% OF TOTAL": null, "2024": 1961, "2029": null}, "Travel 30-60 Min to Work": {"Demographic": null, "2020": 622, "% OF TOTAL": null, "2024": 607, "2029": null}, "Travel Above 60 Min to Work": {"Demographic": null, "2020": 565, "% OF TOTAL": null, "2024": 227, "2029": null}, "Educational Attainment: No High School Diploma": {"Demographic": null, "2020": 3769, "% OF TOTAL": null, "2024": 3781, "2029": null}, "Educational Attainment: High School Diploma": {"Demographic": null, "2020": 2539, "% OF TOTAL": null, "2024": 2553, "2029": null}, "Educational Attainment: Some College": {"Demographic": null, "2020": 2585, "% OF TOTAL": null, "2024": 2610, "2029": null}, "Educational Attainment: Associate's Degree": {"Demographic": null, "2020": 739, "% OF TOTAL": null, "2024": 758, "2029": null}, "Educational Attainment: Bachelors Degree": {"Demographic": null, "2020": 459, "% OF TOTAL": null, "2024": 473, "2029": null}, "Educational Attainment: Advanced Degree": {"Demographic": null, "2020": 288, "% OF TOTAL": null, "2024": 277, "2029": null}, "Households: Number of vehicles available - Average": {"Demographic": null, "2020": 1, "% OF TOTAL": null, "2024": 1, "2029": null}, "Households: No Vehicle available": {"Demographic": null, "2020": 587, "% OF TOTAL": null, "2024": 598, "2029": null}, "Households: 1 Vehicle available": {"Demographic": null, "2020": 1676, "% OF TOTAL": null, "2024": 1690, "2029": null}, "Households: 2 Vehicles available": {"Demographic": null, "2020": 969, "% OF TOTAL": null, "2024": 947, "2029": null}, "Households: 3 Vehicles available": {"Demographic": null, "2020": 469, "% OF TOTAL": null, "2024": 467, "2029": null}, "Households: 4 or more Vehicles available": {"Demographic": null, "2020": 136, "% OF TOTAL": null, "2024": 136, "2029": null}}, "population_trends": {"Total Population": {"Demographic": null, "2020": 9457, "% OF TOTAL": null, "2024": 9356, "2029": 8962}, "Population Growth": {"Demographic": null, "2020": null, "% OF TOTAL": null, "2024": -1.1, "2029": -4.2}, "Female Population": {"Demographic": null, "2020": 5015, "% OF TOTAL": 53.1, "2024": 4971, "2029": 4756}, "Male Population": {"Demographic": null, "2020": 4442, "% OF TOTAL": 46.9, "2024": 4385, "2029": 4206}, "Total population: Median Age": {"Demographic": null, "2020": 43, "% OF TOTAL": null, "2024": 44, "2029": 45}, "Total population: Under 5 years": {"Demographic": null, "2020": 526, "% OF TOTAL": 4.9, "2024": 489, "2029": 435}, "Total population: 5 - 9 years": {"Demographic": null, "2020": 625, "% OF TOTAL": 5.9, "2024": 619, "2029": 533}, "Total population: 10 - 14 years": {"Demographic": null, "2020": 652, "% OF TOTAL": 6.2, "2024": 599, "2029": 554}, "Total population: 15 - 19 years": {"Demographic": null, "2020": 542, "% OF TOTAL": 5.5, "2024": 532, "2029": 495}, "Total population: 20 - 24 years": {"Demographic": null, "2020": 470, "% OF TOTAL": 4.8, "2024": 449, "2029": 433}, "Total population: 25 - 29 years": {"Demographic": null, "2020": 567, "% OF TOTAL": 5.2, "2024": 518, "2029": 465}, "Total population: 30 - 34 years": {"Demographic": null, "2020": 562, "% OF TOTAL": 5.6, "2024": 597, "2029": 505}, "Total population: 35 - 39 years": {"Demographic": null, "2020": 548, "% OF TOTAL": 6.5, "2024": 558, "2029": 581}, "Total population: 40 - 44 years": {"Demographic": null, "2020": 558, "% OF TOTAL": 6.1, "2024": 558, "2029": 551}, "Total population: 45 - 49 years": {"Demographic": null, "2020": 461, "% OF TOTAL": 5.5, "2024": 463, "2029": 489}, "Total population: 50 - 54 years": {"Demographic": null, "2020": 511, "% OF TOTAL": 4.7, "2024": 480, "2029": 425}, "Total population: 55 - 59 years": {"Demographic": null, "2020": 697, "% OF TOTAL": 6.1, "2024": 620, "2029": 547}, "Total population: 60 - 64 years": {"Demographic": null, "2020": 778, "% OF TOTAL": 7.1, "2024": 750, "2029": 640}, "Total population: 65 - 69 years": {"Demographic": null, "2020": 642, "% OF TOTAL": 7.8, "2024": 699, "2029": 700}, "Total population: 70 - 74 years": {"Demographic": null, "2020": 463, "% OF TOTAL": 6.4, "2024": 516, "2029": 575}, "Total population: 75 - 79 years": {"Demographic": null, "2020": 348, "% OF TOTAL": 5.0, "2024": 411, "2029": 447}, "Total population: 80 - 84 years": {"Demographic": null, "2020": 264, "% OF TOTAL": 3.7, "2024": 272, "2029": 334}, "Total population: 85 years and over": {"Demographic": null, "2020": 243, "% OF TOTAL": 2.8, "2024": 226, "2029": 253}, "Female population: Median Age": {"Demographic": null, "2020": 45, "% OF TOTAL": null, "2024": 47, "2029": 48}, "Female population: Under 5 years": {"Demographic": null, "2020": 251, "% OF TOTAL": 4.5, "2024": 238, "2029": 215}, "Female population: 5 - 9 years": {"Demographic": null, "2020": 300, "% OF TOTAL": 5.4, "2024": 294, "2029": 255}, "Female population: 10 - 14 years": {"Demographic": null, "2020": 332, "% OF TOTAL": 5.9, "2024": 310, "2029": 279}, "Female population: 15 - 19 years": {"Demographic": null, "2020": 289, "% OF TOTAL": 5.4, "2024": 281, "2029": 257}, "Female population: 20 - 24 years": {"Demographic": null, "2020": 226, "% OF TOTAL": 4.5, "2024": 211, "2029": 214}, "Female population: 25 - 29 years": {"Demographic": null, "2020": 292, "% OF TOTAL": 5.0, "2024": 267, "2029": 240}, "Female population: 30 - 34 years": {"Demographic": null, "2020": 274, "% OF TOTAL": 5.2, "2024": 288, "2029": 248}, "Female population: 35 - 39 years": {"Demographic": null, "2020": 278, "% OF TOTAL": 6.0, "2024": 280, "2029": 286}, "Female population: 40 - 44 years": {"Demographic": null, "2020": 289, "% OF TOTAL": 5.9, "2024": 290, "2029": 279}, "Female population: 45 - 49 years": {"Demographic": null, "2020": 227, "% OF TOTAL": 5.0, "2024": 228, "2029": 240}, "Female population: 50 - 54 years": {"Demographic": null, "2020": 258, "% OF TOTAL": 4.5, "2024": 244, "2029": 214}, "Female population: 55 - 59 years": {"Demographic": null, "2020": 376, "% OF TOTAL": 6.2, "2024": 340, "2029": 297}, "Female population: 60 - 64 years": {"Demographic": null, "2020": 408, "% OF TOTAL": 7.1, "2024": 394, "2029": 339}, "Female population: 65 - 69 years": {"Demographic": null, "2020": 339, "% OF TOTAL": 7.8, "2024": 378, "2029": 371}, "Female population: 70 - 74 years": {"Demographic": null, "2020": 287, "% OF TOTAL": 7.0, "2024": 317, "2029": 334}, "Female population: 75 - 79 years": {"Demographic": null, "2020": 224, "% OF TOTAL": 6.0, "2024": 261, "2029": 284}, "Female population: 80 - 84 years": {"Demographic": null, "2020": 176, "% OF TOTAL": 4.7, "2024": 182, "2029": 222}, "Female population: 85 years and over": {"Demographic": null, "2020": 189, "% OF TOTAL": 3.8, "2024": 168, "2029": 182}, "Male population: Median Age": {"Demographic": null, "2020": 41, "% OF TOTAL": null, "2024": 42, "2029": 43}, "Male population: Under 5 years": {"Demographic": null, "2020": 275, "% OF TOTAL": 5.2, "2024": 251, "2029": 220}, "Male population: 5 - 9 years": {"Demographic": null, "2020": 325, "% OF TOTAL": 6.6, "2024": 325, "2029": 278}, "Male population: 10 - 14 years": {"Demographic": null, "2020": 320, "% OF TOTAL": 6.5, "2024": 289, "2029": 275}, "Male population: 15 - 19 years": {"Demographic": null, "2020": 253, "% OF TOTAL": 5.7, "2024": 251, "2029": 238}, "Male population: 20 - 24 years": {"Demographic": null, "2020": 244, "% OF TOTAL": 5.2, "2024": 238, "2029": 219}, "Male population: 25 - 29 years": {"Demographic": null, "2020": 275, "% OF TOTAL": 5.3, "2024": 251, "2029": 225}, "Male population: 30 - 34 years": {"Demographic": null, "2020": 288, "% OF TOTAL": 6.1, "2024": 309, "2029": 257}, "Male population: 35 - 39 years": {"Demographic": null, "2020": 270, "% OF TOTAL": 7.0, "2024": 278, "2029": 295}, "Male population: 40 - 44 years": {"Demographic": null, "2020": 269, "% OF TOTAL": 6.5, "2024": 268, "2029": 272}, "Male population: 45 - 49 years": {"Demographic": null, "2020": 234, "% OF TOTAL": 5.9, "2024": 235, "2029": 249}, "Male population: 50 - 54 years": {"Demographic": null, "2020": 253, "% OF TOTAL": 5.0, "2024": 236, "2029": 211}, "Male population: 55 - 59 years": {"Demographic": null, "2020": 321, "% OF TOTAL": 5.9, "2024": 280, "2029": 250}, "Male population: 60 - 64 years": {"Demographic": null, "2020": 370, "% OF TOTAL": 7.2, "2024": 356, "2029": 301}, "Male population: 65 - 69 years": {"Demographic": null, "2020": 303, "% OF TOTAL": 7.8, "2024": 321, "2029": 329}, "Male population: 70 - 74 years": {"Demographic": null, "2020": 176, "% OF TOTAL": 5.7, "2024": 199, "2029": 241}, "Male population: 75 - 79 years": {"Demographic": null, "2020": 124, "% OF TOTAL": 3.9, "2024": 150, "2029": 163}, "Male population: 80 - 84 years": {"Demographic": null, "2020": 88, "% OF TOTAL": 2.7, "2024": 90, "2029": 112}, "Male population: 85 years and over": {"Demographic": null, "2020": 54, "% OF TOTAL": 1.7, "2024": 58, "2029": 71}, "White alone": {"Demographic": null, "2020": 187, "% OF TOTAL": 2.0, "2024": 185, "2029": 178}, "Black alone": {"Demographic": null, "2020": 9004, "% OF TOTAL": 94.9, "2024": 8884, "2029": 8509}, "American Indian and Alaska Native alone": {"Demographic": null, "2020": 11, "% OF TOTAL": 0.1, "2024": 11, "2029": 11}, "Asian alone": {"Demographic": null, "2020": 11, "% OF TOTAL": 0.1, "2024": 11, "2029": 10}, "Native Hawaiian and OPI alone": {"Demographic": null, "2020": 1, "% OF TOTAL": 0.0, "2024": 1, "2029": 1}, "Some other race alone": {"Demographic": null, "2020": 18, "% OF TOTAL": 0.2, "2024": 18, "2029": 18}, "Two or more races alone": {"Demographic": null, "2020": 225, "% OF TOTAL": 2.6, "2024": 246, "2029": 235}, "Not Hispanic: White alone": {"Demographic": null, "2020": 171, "% OF TOTAL": 1.8, "2024": 167, "2029": 160}, "Not Hispanic: Black or African American alone": {"Demographic": null, "2020": 8971, "% OF TOTAL": 94.5, "2024": 8847, "2029": 8472}, "Not Hispanic: American Indian and Alaska Native alone": {"Demographic": null, "2020": 8, "% OF TOTAL": 0.1, "2024": 8, "2029": 8}, "Not Hispanic: Asian alone": {"Demographic": null, "2020": 8, "% OF TOTAL": 0.1, "2024": 8, "2029": 8}, "Not Hispanic: Native Hawaiian and OPI alone": {"Demographic": null, "2020": 0, "% OF TOTAL": 0.0, "2024": 0, "2029": 0}, "Not Hispanic: Some Other Race alone": {"Demographic": null, "2020": 7, "% OF TOTAL": 0.1, "2024": 7, "2029": 7}, "Not Hispanic: Two or More Races": {"Demographic": null, "2020": 206, "% OF TOTAL": 2.4, "2024": 226, "2029": 215}, "Hispanic: White alone": {"Demographic": null, "2020": 16, "% OF TOTAL": 0.2, "2024": 18, "2029": 18}, "Hispanic: Black or African American alone": {"Demographic": null, "2020": 33, "% OF TOTAL": 0.4, "2024": 37, "2029": 37}, "Hispanic: American Indian and Alaska Native alone": {"Demographic": null, "2020": 3, "% OF TOTAL": 0.0, "2024": 3, "2029": 3}, "Hispanic: Asian alone": {"Demographic": null, "2020": 3, "% OF TOTAL": 0.0, "2024": 3, "2029": 2}, "Hispanic: Native Hawaiian and OPI alone": {"Demographic": null, "2020": 1, "% OF TOTAL": 0.0, "2024": 1, "2029": 1}, "Hispanic: Some Other Race alone": {"Demographic": null, "2020": 11, "% OF TOTAL": 0.1, "2024": 11, "2029": 11}, "Hispanic: Two or More Races": {"Demographic": null, "2020": 19, "% OF TOTAL": 0.2, "2024": 20, "2029": 20}, "Educational Attainment: No High School Diploma": {"Demographic": null, "2020": 1230, "% OF TOTAL": null, "2024": 1228, "2029": null}, "Educational Attainment: High School Diploma": {"Demographic": null, "2020": 2539, "% OF TOTAL": null, "2024": 2553, "2029": null}, "Educational Attainment: Some College": {"Demographic": null, "2020": 1387, "% OF TOTAL": null, "2024": 1379, "2029": null}, "Educational Attainment: Associates Degree": {"Demographic": null, "2020": 739, "% OF TOTAL": null, "2024": 758, "2029": null}, "Educational Attainment: Bachelors Degree": {"Demographic": null, "2020": 459, "% OF TOTAL": null, "2024": 473, "2029": null}, "Educational Attainment: Advanced Degree": {"Demographic": null, "2020": 288, "% OF TOTAL": null, "2024": 277, "2029": null}, "Employment Status: Armed Forces": {"Demographic": null, "2020": 26, "% OF TOTAL": null, "2024": 24, "2029": null}, "Employment Status: Civilian labor force employed": {"Demographic": null, "2020": 2964, "% OF TOTAL": null, "2024": 2950, "2029": null}, "Employment Status: Civilian labor force unemployed": {"Demographic": null, "2020": 309, "% OF TOTAL": null, "2024": 303, "2029": null}, "Employment Status: Not in labor force": {"Demographic": null, "2020": 4255, "% OF TOTAL": null, "2024": 4282, "2029": null}, "Employed in Agriculture and Mining Industries": {"Demographic": null, "2020": 0, "% OF TOTAL": null, "2024": 0, "2029": null}, "Employed in Construction Industries": {"Demographic": null, "2020": 183, "% OF TOTAL": null, "2024": 177, "2029": null}, "Employed in Manufacturing Industries": {"Demographic": null, "2020": 526, "% OF TOTAL": null, "2024": 521, "2029": null}, "Employed in Wholesale Industries": {"Demographic": null, "2020": 51, "% OF TOTAL": null, "2024": 57, "2029": null}, "Employed in Retail Industries": {"Demographic": null, "2020": 371, "% OF TOTAL": null, "2024": 370, "2029": null}, "Employed in Transportation and Utilities Industries": {"Demographic": null, "2020": 230, "% OF TOTAL": null, "2024": 237, "2029": null}, "Employed in Information Industries": {"Demographic": null, "2020": 6, "% OF TOTAL": null, "2024": 6, "2029": null}, "Employed in Real-Estate Industries": {"Demographic": null, "2020": 107, "% OF TOTAL": null, "2024": 114, "2029": null}, "Employed in Professional Industries": {"Demographic": null, "2020": 366, "% OF TOTAL": null, "2024": 366, "2029": null}, "Employed in Health and Education Industries": {"Demographic": null, "2020": 631, "% OF TOTAL": null, "2024": 622, "2029": null}, "Employed in Art Industries": {"Demographic": null, "2020": 292, "% OF TOTAL": null, "2024": 283, "2029": null}, "Employed in Other Industries": {"Demographic": null, "2020": 131, "% OF TOTAL": null, "2024": 127, "2029": null}, "Employed in Public Administration Industries": {"Demographic": null, "2020": 70, "% OF TOTAL": null, "2024": 70, "2029": null}, "Occupation: Management": {"Demographic": null, "2020": 93, "% OF TOTAL": null, "2024": 96, "2029": null}, "Occupation: Business and financial operations": {"Demographic": null, "2020": 60, "% OF TOTAL": null, "2024": 59, "2029": null}, "Occupation: Computer and mathematical": {"Demographic": null, "2020": 5, "% OF TOTAL": null, "2024": 6, "2029": null}, "Occupation: Architecture and engineering": {"Demographic": null, "2020": 0, "% OF TOTAL": null, "2024": 0, "2029": null}, "Occupation: Life, physical, and social science": {"Demographic": null, "2020": 0, "% OF TOTAL": null, "2024": 0, "2029": null}, "Occupation: Community and social service": {"Demographic": null, "2020": 16, "% OF TOTAL": null, "2024": 15, "2029": null}, "Occupation: Legal": {"Demographic": null, "2020": 0, "% OF TOTAL": null, "2024": 0, "2029": null}, "Occupation: Education, training, and library": {"Demographic": null, "2020": 121, "% OF TOTAL": null, "2024": 117, "2029": null}, "Occupation: Arts, design, entertainment, sports, and media": {"Demographic": null, "2020": 29, "% OF TOTAL": null, "2024": 27, "2029": null}, "Occupation: Health diagnosing and treating practitioners": {"Demographic": null, "2020": 54, "% OF TOTAL": null, "2024": 52, "2029": null}, "Occupation: Health technologists and technicians": {"Demographic": null, "2020": 38, "% OF TOTAL": null, "2024": 39, "2029": null}, "Occupation: Healthcare support": {"Demographic": null, "2020": 159, "% OF TOTAL": null, "2024": 163, "2029": null}, "Occupation: Fire fighting and prevention": {"Demographic": null, "2020": 101, "% OF TOTAL": null, "2024": 102, "2029": null}, "Occupation: Law enforcement workers": {"Demographic": null, "2020": 7, "% OF TOTAL": null, "2024": 7, "2029": null}, "Occupation: Food preparation and serving related": {"Demographic": null, "2020": 149, "% OF TOTAL": null, "2024": 144, "2029": null}, "Occupation: Building and grounds cleaning and maintenance": {"Demographic": null, "2020": 457, "% OF TOTAL": null, "2024": 457, "2029": null}, "Occupation: Personal care and service": {"Demographic": null, "2020": 5, "% OF TOTAL": null, "2024": 5, "2029": null}, "Occupation: Sales and related": {"Demographic": null, "2020": 290, "% OF TOTAL": null, "2024": 287, "2029": null}, "Occupation: Office and administrative support": {"Demographic": null, "2020": 325, "% OF TOTAL": null, "2024": 320, "2029": null}, "Occupation: Farming, fishing, and forestry": {"Demographic": null, "2020": 0, "% OF TOTAL": null, "2024": 0, "2029": null}, "Occupation: Construction and extraction": {"Demographic": null, "2020": 188, "% OF TOTAL": null, "2024": 188, "2029": null}, "Occupation: Installation, maintenance, and repair": {"Demographic": null, "2020": 35, "% OF TOTAL": null, "2024": 35, "2029": null}, "Occupation: Production": {"Demographic": null, "2020": 280, "% OF TOTAL": null, "2024": 287, "2029": null}, "Occupation: Transportation": {"Demographic": null, "2020": 270, "% OF TOTAL": null, "2024": 267, "2029": null}, "Occupation: Material moving": {"Demographic": null, "2020": 282, "% OF TOTAL": null, "2024": 277, "2029": null}, "White collar": {"Demographic": null, "2020": 1031, "% OF TOTAL": null, "2024": 1018, "2029": null}, "Blue collar": {"Demographic": null, "2020": 1933, "% OF TOTAL": null, "2024": 1932, "2029": null}, "Means of transportation: Car, truck or van": {"Demographic": null, "2020": 2769, "% OF TOTAL": null, "2024": 2751, "2029": null}, "Means of transportation: Public transportation": {"Demographic": null, "2020": 21, "% OF TOTAL": null, "2024": 20, "2029": null}, "Means of transportation: Other": {"Demographic": null, "2020": 25, "% OF TOTAL": null, "2024": 24, "2029": null}, "Travel time: Average (in minutes)": {"Demographic": null, "2020": 28, "% OF TOTAL": null, "2024": 28, "2029": null}, "Travel time to work: Less than 30 minutes": {"Demographic": null, "2020": 1968, "% OF TOTAL": null, "2024": 1961, "2029": null}, "Travel time to work: 30 to 60 minutes": {"Demographic": null, "2020": 622, "% OF TOTAL": null, "2024": 607, "2029": null}, "Travel time to work: 60 or more minutes": {"Demographic": null, "2020": 225, "% OF TOTAL": null, "2024": 227, "2029": null}}, "household_trends": {"Households": {"Demographic": null, "2020": 3837, "% OF TOTAL": null, "2024": 3838, "2029": 3732}, "Households Growth": {"Demographic": null, "2020": null, "% OF TOTAL": null, "2024": 0.0, "2029": -2.8}, "Householder Age 15-24": {"Demographic": null, "2020": 91, "% OF TOTAL": 2.5, "2024": 93, "2029": 94}, "Householder Age 25-34": {"Demographic": null, "2020": 377, "% OF TOTAL": 8.9, "2024": 380, "2029": 331}, "Householder Age 35-44": {"Demographic": null, "2020": 506, "% OF TOTAL": 13.7, "2024": 509, "2029": 511}, "Householder Age 45-54": {"Demographic": null, "2020": 539, "% OF TOTAL": 13.9, "2024": 540, "2029": 518}, "Householder Age 55-64": {"Demographic": null, "2020": 871, "% OF TOTAL": 19.9, "2024": 865, "2029": 742}, "Householder Age 65-74": {"Demographic": null, "2020": 824, "% OF TOTAL": 22.8, "2024": 825, "2029": 851}, "Householder Age 75+": {"Demographic": null, "2020": 629, "% OF TOTAL": 18.4, "2024": 626, "2029": 685}, "Average Household Size": {"Demographic": null, "2020": 2.4, "% OF TOTAL": null, "2024": 2.4, "2029": 2.3}, "1 Person Households": {"Demographic": null, "2020": 1373, "% OF TOTAL": 35.7, "2024": 1349, "2029": 1331}, "2 Person Households": {"Demographic": null, "2020": 1091, "% OF TOTAL": 28.8, "2024": 1073, "2029": 1074}, "3 Person Households": {"Demographic": null, "2020": 648, "% OF TOTAL": 16.9, "2024": 635, "2029": 630}, "4 Person Households": {"Demographic": null, "2020": 384, "% OF TOTAL": 9.9, "2024": 413, "2029": 368}, "5 Person Households": {"Demographic": null, "2020": 174, "% OF TOTAL": 4.5, "2024": 190, "2029": 168}, "6 Person Households": {"Demographic": null, "2020": 91, "% OF TOTAL": 2.3, "2024": 95, "2029": 84}, "7+ Person Households": {"Demographic": null, "2020": 76, "% OF TOTAL": 2.1, "2024": 83, "2029": 77}, "Household Type: Family": {"Demographic": null, "2020": 2322, "% OF TOTAL": null, "2024": 2329, "2029": null}, "Household Type: Married Family": {"Demographic": null, "2020": 693, "% OF TOTAL": null, "2024": 699, "2029": null}, "Household Type: Married Family With Children": {"Demographic": null, "2020": 155, "% OF TOTAL": null, "2024": 156, "2029": null}, "Household Type: Married Family Without Children": {"Demographic": null, "2020": 538, "% OF TOTAL": null, "2024": 543, "2029": null}, "Household Type: Other Family": {"Demographic": null, "2020": 1629, "% OF TOTAL": null, "2024": 1630, "2029": null}, "Household Type: Male Households, No Wife": {"Demographic": null, "2020": 267, "% OF TOTAL": null, "2024": 267, "2029": null}, "Household Type: Male Households, No Wife With Children": {"Demographic": null, "2020": 67, "% OF TOTAL": null, "2024": 68, "2029": null}, "Household Type: Male Households, No Wife Without Children": {"Demographic": null, "2020": 200, "% OF TOTAL": null, "2024": 199, "2029": null}, "Household Type: Female Households, No Husband": {"Demographic": null, "2020": 1362, "% OF TOTAL": null, "2024": 1363, "2029": null}, "Household Type: Female Households, No Husband With Children": {"Demographic": null, "2020": 517, "% OF TOTAL": null, "2024": 517, "2029": null}, "Household Type: Female Households, No Husband Without Children": {"Demographic": null, "2020": 845, "% OF TOTAL": null, "2024": 846, "2029": null}, "Household Income: Average": {"Demographic": null, "2020": 45337, "% OF TOTAL": null, "2024": 51308, "2029": 61209}, "Household Income: Median": {"Demographic": null, "2020": 0, "% OF TOTAL": null, "2024": 39438, "2029": 47857}, "Household Income: Less than $25k": {"Demographic": null, "2020": 1470, "% OF TOTAL": 28.5, "2024": 1359, "2029": 1062}, "Household Income: $25k - $50k": {"Demographic": null, "2020": 1230, "% OF TOTAL": 28.4, "2024": 1099, "2029": 1059}, "Household Income: $50k - $75k": {"Demographic": null, "2020": 501, "% OF TOTAL": 15.9, "2024": 580, "2029": 592}, "Household Income: $75k - $100k": {"Demographic": null, "2020": 338, "% OF TOTAL": 12.8, "2024": 412, "2029": 479}, "Household Income: $100k - $125k": {"Demographic": null, "2020": 110, "% OF TOTAL": 4.3, "2024": 131, "2029": 162}, "Household Income: $125k - $150k": {"Demographic": null, "2020": 105, "% OF TOTAL": 4.3, "2024": 133, "2029": 162}, "Household Income: $150k - $200k": {"Demographic": null, "2020": 49, "% OF TOTAL": 3.2, "2024": 72, "2029": 121}, "Household Income: Above $200k": {"Demographic": null, "2020": 34, "% OF TOTAL": 2.5, "2024": 52, "2029": 95}, "Total Housing Units": {"Demographic": null, "2020": 4692, "% OF TOTAL": null, "2024": null, "2029": null}, "Owner Occupied Housing Units": {"Demographic": null, "2020": 2024, "% OF TOTAL": null, "2024": 2009, "2029": null}, "Renter Occupied Housing Units": {"Demographic": null, "2020": 1813, "% OF TOTAL": null, "2024": 1829, "2029": null}, "Vacant Housing Units": {"Demographic": null, "2020": 855, "% OF TOTAL": null, "2024": null, "2029": null}, "Vacant Housing Units: Seasonal": {"Demographic": null, "2020": 27, "% OF TOTAL": null, "2024": null, "2029": null}, "Vacant Housing Units: Other Usage": {"Demographic": null, "2020": 828, "% OF TOTAL": null, "2024": null, "2029": null}, "Average Housing Unit Value": {"Demographic": null, "2020": 96772, "% OF TOTAL": null, "2024": 98146, "2029": null}, "Median Housing Unit Value": {"Demographic": null, "2020": 62083, "% OF TOTAL": null, "2024": 61667, "2029": null}, "Housing Unit Value Less Than $100k": {"Demographic": null, "2020": 1633, "% OF TOTAL": null, "2024": 1619, "2029": null}, "Housing Unit Value $100k-$200k": {"Demographic": null, "2020": 276, "% OF TOTAL": null, "2024": 275, "2029": null}, "Housing Unit Value $200k-$250k": {"Demographic": null, "2020": 39, "% OF TOTAL": null, "2024": 41, "2029": null}, "Housing Unit Value $250k-$300k": {"Demographic": null, "2020": 12, "% OF TOTAL": null, "2024": 12, "2029": null}, "Housing Unit Value $300k-$400k": {"Demographic": null, "2020": 7, "% OF TOTAL": null, "2024": 7, "2029": null}, "Housing Unit Value $400k-$500k": {"Demographic": null, "2020": 14, "% OF TOTAL": null, "2024": 13, "2029": null}, "Housing Unit Value $500k-$750k": {"Demographic": null, "2020": 10, "% OF TOTAL": null, "2024": 10, "2029": null}, "Housing Unit Value $750k-$1m": {"Demographic": null, "2020": 15, "% OF TOTAL": null, "2024": 14, "2029": null}, "Housing Unit Value $1m-$1.5m": {"Demographic": null, "2020": 0, "% OF TOTAL": null, "2024": 0, "2029": null}, "Housing Unit Value $1.5m-$2m": {"Demographic": null, "2020": 11, "% OF TOTAL": null, "2024": 11, "2029": null}, "Housing Unit Value Above $2m": {"Demographic": null, "2020": 7, "% OF TOTAL": null, "2024": 7, "2029": null}, "Median Housing Unit Year Built": {"Demographic": null, "2020": 1965, "% OF TOTAL": null, "2024": 1965, "2029": null}, "Housing Units Built 2014 Or After": {"Demographic": null, "2020": 0, "% OF TOTAL": null, "2024": 0, "2029": null}, "Housing Units Built 2010-2013": {"Demographic": null, "2020": 78, "% OF TOTAL": null, "2024": 75, "2029": null}, "Housing Units Built 2000-2009": {"Demographic": null, "2020": 288, "% OF TOTAL": null, "2024": 296, "2029": null}, "Housing Units Built 1990-1999": {"Demographic": null, "2020": 238, "% OF TOTAL": null, "2024": 238, "2029": null}, "Housing Units Built 1980-1989": {"Demographic": null, "2020": 313, "% OF TOTAL": null, "2024": 322, "2029": null}, "Housing Units Built 1970-1979": {"Demographic": null, "2020": 623, "% OF TOTAL": null, "2024": 629, "2029": null}, "Housing Units Built 1960-1969": {"Demographic": null, "2020": 872, "% OF TOTAL": null, "2024": 878, "2029": null}, "Housing Units Built 1950-1959": {"Demographic": null, "2020": 860, "% OF TOTAL": null, "2024": 839, "2029": null}, "Housing Units Built 1940-1949": {"Demographic": null, "2020": 403, "% OF TOTAL": null, "2024": 405, "2029": null}, "Housing Units Built Before 1940": {"Demographic": null, "2020": 162, "% OF TOTAL": null, "2024": 156, "2029": null}}, "consumer_segments": {"Renters": {"households": 1414, "pct": 25.8}, "Active Adult Entry Level": {"households": 945, "pct": 17.3}, "Entry Level Suburban": {"households": 802, "pct": 14.6}, "Renters Near Term Buyers": {"households": 557, "pct": 10.2}, "Elite": {"households": 490, "pct": 8.9}, "Active Adult Feature and Location": {"households": 298, "pct": 5.4}, "Feature and Location": {"households": 293, "pct": 5.4}, "Entry Level Urban": {"households": 265, "pct": 4.8}, "Active Adult Elite": {"households": 230, "pct": 4.2}, "Family Life School Age Children": {"households": 55, "pct": 1.0}, "Family Life Young Children": {"households": 48, "pct": 0.9}, "Simple Life Affluent No Children": {"households": 39, "pct": 0.7}, "Simple Life Moderate Income With Children": {"households": 27, "pct": 0.5}, "Simple Life Moderate Income No Children": {"households": 13, "pct": 0.2}}, "income_age": {"2020": {}, "2024": {}, "2029": {}}, "population_2024": 9356, "population_2029": 8962, "households_2024": 3838, "households_2029": 3732, "median_household_income_2024": 39438, "median_household_income_2029": 47857, "mean_household_income_2024": null, "mean_household_income_2029": null, "median_age_2024": 44, "median_age_2029": 45, "median_home_value_2024": 61667, "average_household_size_2024": 2.4, "average_household_size_2029": 2.3, "population_growth_2024_2029": -1.1, "households_growth_2024_2029": 0.0}, "geometry": {"type": "Polygon", "coordinates": [[[-88.120199, 30.747483], [-88.087571, 30.747761], [-88.087245, 30.718722], [-88.120856, 30.718436], [-88.121048, 30.735054], [-88.120199, 30.747483]]]}}, {"type": "Feature", "properties": {"block": "064", "block_num": 64, "CentroidLon": -88.12136250574443, "CentroidLat": 30.723971726796606, "submarket": "North Mobile", "data_status": "no data", "is_anomalous": false, "anomaly_reason": null, "files_present": ""}, "geometry": {"type": "Polygon", "coordinates": [[[-88.121048, 30.735054], [-88.120856, 30.718436], [-88.122183, 30.718425], [-88.121048, 30.735054]]]}}, {"type": "Feature", "properties": {"block": "065", "block_num": 65, "CentroidLon": -87.97634848703764, "CentroidLat": 30.709495269378277, "submarket": "North Mobile", "data_status": "no data", "is_anomalous": false, "anomaly_reason": null, "files_present": ""}, "geometry": {"type": "Polygon", "coordinates": [[[-87.984739, 30.690498], [-87.986114, 30.690487], [-87.986409, 30.719527], [-87.956596, 30.719751], [-87.984739, 30.690498]]]}}, {"type": "Feature", "properties": {"block": "066", "block_num": 66, "CentroidLon": -88.00306501513593, "CentroidLat": 30.70487822006585, "submarket": "North Mobile", "data_status": "no data", "is_anomalous": false, "anomaly_reason": null, "files_present": ""}, "geometry": {"type": "Polygon", "coordinates": [[[-88.019716, 30.690228], [-88.020021, 30.719268], [-87.986409, 30.719527], [-87.986114, 30.690487], [-88.019716, 30.690228]]]}}, {"type": "Feature", "properties": {"block": "067", "block_num": 67, "CentroidLon": -88.03667190975774, "CentroidLat": 30.70461446827192, "submarket": "North Mobile", "data_status": "usable", "is_anomalous": false, "anomaly_reason": null, "files_present": "DemographicSnapshot-26.08.06.csv;PopulationTrends-26.08.06.csv;HouseholdTrends-26.08.06.csv;HouseholdIncomeByAge-26.08.06.csv;ConsumerSegmentation-26.08.06.csv", "demographic_snapshot": {"Total Population": {"Demographic": null, "2020": 3244, "% OF TOTAL": null, "2024": 3305, "2029": 3377}, "Households": {"Demographic": null, "2020": 911, "% OF TOTAL": null, "2024": 933, "2029": 978}, "Population in Group Quarters": {"Demographic": null, "2020": 1449, "% OF TOTAL": null, "2024": 1492, "2029": 1511}, "Households Growth": {"Demographic": null, "2020": null, "% OF TOTAL": null, "2024": 2.4, "2029": 4.8}, "Household Income: Median": {"Demographic": null, "2020": 0, "% OF TOTAL": null, "2024": 47972, "2029": 53778}, "Home Value: Median": {"Demographic": null, "2020": 75000, "% OF TOTAL": null, "2024": 75000, "2029": null}, "Population Growth": {"Demographic": null, "2020": null, "% OF TOTAL": null, "2024": 1.9, "2029": 2.2}, "Total Population: Under 19 years": {"Demographic": null, "2020": 576, "% OF TOTAL": 15.5, "2024": 550, "2029": 522}, "Total Population: 20 - 64 years": {"Demographic": null, "2020": 2298, "% OF TOTAL": 71.0, "2024": 2355, "2029": 2398}, "Total Population: 65 years and over": {"Demographic": null, "2020": 370, "% OF TOTAL": 13.5, "2024": 400, "2029": 457}, "Total population: Median age": {"Demographic": null, "2020": 34, "% OF TOTAL": null, "2024": 35, "2029": 37}, "Total population: Under 5 years": {"Demographic": null, "2020": 250, "% OF TOTAL": 5.7, "2024": 229, "2029": 192}, "Total population: 5 - 9 years": {"Demographic": null, "2020": 151, "% OF TOTAL": 4.5, "2024": 144, "2029": 153}, "Total population: 10 - 14 years": {"Demographic": null, "2020": 72, "% OF TOTAL": 2.5, "2024": 67, "2029": 83}, "Total population: 15 - 19 years": {"Demographic": null, "2020": 103, "% OF TOTAL": 2.8, "2024": 110, "2029": 94}, "Total population: 20 - 24 years": {"Demographic": null, "2020": 371, "% OF TOTAL": 8.9, "2024": 377, "2029": 299}, "Total population: 25 - 29 years": {"Demographic": null, "2020": 464, "% OF TOTAL": 12.6, "2024": 442, "2029": 424}, "Total population: 30 - 34 years": {"Demographic": null, "2020": 349, "% OF TOTAL": 11.5, "2024": 380, "2029": 388}, "Total population: 35 - 39 years": {"Demographic": null, "2020": 272, "% OF TOTAL": 10.7, "2024": 302, "2029": 360}, "Total population: 40 - 44 years": {"Demographic": null, "2020": 205, "% OF TOTAL": 7.9, "2024": 223, "2029": 266}, "Total population: 45 - 49 years": {"Demographic": null, "2020": 169, "% OF TOTAL": 6.0, "2024": 170, "2029": 203}, "Total population: 50 - 54 years": {"Demographic": null, "2020": 147, "% OF TOTAL": 4.5, "2024": 149, "2029": 152}, "Total population: 55 - 59 years": {"Demographic": null, "2020": 161, "% OF TOTAL": 4.5, "2024": 150, "2029": 151}, "Total population: 60 - 64 years": {"Demographic": null, "2020": 160, "% OF TOTAL": 4.6, "2024": 162, "2029": 155}, "Total population: 65 - 69 years": {"Demographic": null, "2020": 107, "% OF TOTAL": 3.9, "2024": 115, "2029": 132}, "Total population: 70 - 74 years": {"Demographic": null, "2020": 101, "% OF TOTAL": 3.3, "2024": 106, "2029": 113}, "Total population: 75 - 79 years": {"Demographic": null, "2020": 58, "% OF TOTAL": 2.4, "2024": 70, "2029": 82}, "Total population: 80 - 84 years": {"Demographic": null, "2020": 59, "% OF TOTAL": 2.2, "2024": 64, "2029": 74}, "Total population: 85 years and over": {"Demographic": null, "2020": 45, "% OF TOTAL": 1.7, "2024": 45, "2029": 56}, "Householders Age 15-24": {"Demographic": null, "2020": 89, "% OF TOTAL": 7.3, "2024": 86, "2029": 71}, "Householders Age 25-34": {"Demographic": null, "2020": 227, "% OF TOTAL": 21.8, "2024": 221, "2029": 213}, "Householders Age 35-44": {"Demographic": null, "2020": 117, "% OF TOTAL": 14.3, "2024": 120, "2029": 140}, "Householders Age 45-54": {"Demographic": null, "2020": 104, "% OF TOTAL": 11.9, "2024": 108, "2029": 116}, "Householders Age 55-64": {"Demographic": null, "2020": 144, "% OF TOTAL": 15.3, "2024": 153, "2029": 150}, "Householders Age 65-74": {"Demographic": null, "2020": 133, "% OF TOTAL": 16.8, "2024": 140, "2029": 164}, "Householders Age 75+": {"Demographic": null, "2020": 97, "% OF TOTAL": 12.7, "2024": 105, "2029": 124}, "Household income: Average": {"Demographic": null, "2020": 52660, "% OF TOTAL": null, "2024": 59541, "2029": 74480}, "Household income: Less than 25k": {"Demographic": null, "2020": 379, "% OF TOTAL": 32.0, "2024": 342, "2029": 313}, "Household income: 25k - 50k": {"Demographic": null, "2020": 207, "% OF TOTAL": 21.6, "2024": 229, "2029": 211}, "Household income: 50k - 75k": {"Demographic": null, "2020": 204, "% OF TOTAL": 22.3, "2024": 212, "2029": 218}, "Household income: 75k - 100k": {"Demographic": null, "2020": 73, "% OF TOTAL": 13.7, "2024": 87, "2029": 134}, "Household income: 100k - 125k": {"Demographic": null, "2020": 13, "% OF TOTAL": 1.2, "2024": 11, "2029": 12}, "Household income: 125k - 150k": {"Demographic": null, "2020": 9, "% OF TOTAL": 0.9, "2024": 10, "2029": 9}, "Household income: 150k - 200k": {"Demographic": null, "2020": 4, "% OF TOTAL": 0.9, "2024": 7, "2029": 9}, "Household income: Above 200k": {"Demographic": null, "2020": 22, "% OF TOTAL": 7.4, "2024": 35, "2029": 72}, "White Alone": {"Demographic": null, "2020": 900, "% OF TOTAL": 27.9, "2024": 917, "2029": 941}, "Black or African American Alone": {"Demographic": null, "2020": 2254, "% OF TOTAL": 69.3, "2024": 2290, "2029": 2339}, "American Indian and Alaska Native Alone": {"Demographic": null, "2020": 2, "% OF TOTAL": 0.1, "2024": 2, "2029": 2}, "Asian Alone": {"Demographic": null, "2020": 10, "% OF TOTAL": 0.3, "2024": 10, "2029": 10}, "Native Hawaiian and OPI Alone": {"Demographic": null, "2020": 0, "% OF TOTAL": 0.0, "2024": 0, "2029": 0}, "Some Other Race Alone": {"Demographic": null, "2020": 10, "% OF TOTAL": 0.3, "2024": 11, "2029": 11}, "Two or More Races Alone": {"Demographic": null, "2020": 68, "% OF TOTAL": 2.2, "2024": 75, "2029": 74}, "Not Hispanic or Latino": {"Demographic": null, "2020": 3222, "% OF TOTAL": 99.3, "2024": 3282, "2029": 3354}, "Hispanic or Latino": {"Demographic": null, "2020": 22, "% OF TOTAL": 0.7, "2024": 23, "2029": 23}, "Total Housing Units": {"Demographic": null, "2020": 1170, "% OF TOTAL": null, "2024": null, "2029": null}, "Owner Occupied Housing Units": {"Demographic": null, "2020": 212, "% OF TOTAL": null, "2024": 240, "2029": null}, "Renter Occupied Housing Units": {"Demographic": null, "2020": 699, "% OF TOTAL": null, "2024": 693, "2029": null}, "Housing Units Value Less Than 100k": {"Demographic": null, "2020": 139, "% OF TOTAL": null, "2024": 164, "2029": null}, "Housing Units Value 100k - 200k": {"Demographic": null, "2020": 31, "% OF TOTAL": null, "2024": 34, "2029": null}, "Housing Units Value 200k - 250k": {"Demographic": null, "2020": 15, "% OF TOTAL": null, "2024": 14, "2029": null}, "Housing Units Value 250k - 300k": {"Demographic": null, "2020": 0, "% OF TOTAL": null, "2024": 0, "2029": null}, "Housing Units Value 300k - 400k": {"Demographic": null, "2020": 13, "% OF TOTAL": null, "2024": 12, "2029": null}, "Housing Units Value 400k - 500k": {"Demographic": null, "2020": 7, "% OF TOTAL": null, "2024": 9, "2029": null}, "Housing Units Value 500k - 750k": {"Demographic": null, "2020": 7, "% OF TOTAL": null, "2024": 7, "2029": null}, "Housing Units Value 750k - 1m": {"Demographic": null, "2020": 0, "% OF TOTAL": null, "2024": 0, "2029": null}, "Housing Units Value 1m - 1.5m": {"Demographic": null, "2020": 0, "% OF TOTAL": null, "2024": 0, "2029": null}, "Housing Units Value 1.5m - 2m": {"Demographic": null, "2020": 0, "% OF TOTAL": null, "2024": 0, "2029": null}, "Housing Units Value >2m": {"Demographic": null, "2020": 0, "% OF TOTAL": null, "2024": 0, "2029": null}, "Take Car or Truck to Work": {"Demographic": null, "2020": 647, "% OF TOTAL": null, "2024": 638, "2029": null}, "Take Public Transportation to Work": {"Demographic": null, "2020": 23, "% OF TOTAL": null, "2024": 21, "2029": null}, "Take Other Means of Transportation to Work": {"Demographic": null, "2020": 46, "% OF TOTAL": null, "2024": 48, "2029": null}, "Average Travel Time (min)": {"Demographic": null, "2020": 23, "% OF TOTAL": null, "2024": 23, "2029": null}, "Travel Below 30 Min to Work": {"Demographic": null, "2020": 553, "% OF TOTAL": null, "2024": 545, "2029": null}, "Travel 30-60 Min to Work": {"Demographic": null, "2020": 150, "% OF TOTAL": null, "2024": 150, "2029": null}, "Travel Above 60 Min to Work": {"Demographic": null, "2020": 81, "% OF TOTAL": null, "2024": 12, "2029": null}, "Educational Attainment: No High School Diploma": {"Demographic": null, "2020": 1485, "% OF TOTAL": null, "2024": 1552, "2029": null}, "Educational Attainment: High School Diploma": {"Demographic": null, "2020": 944, "% OF TOTAL": null, "2024": 978, "2029": null}, "Educational Attainment: Some College": {"Demographic": null, "2020": 711, "% OF TOTAL": null, "2024": 725, "2029": null}, "Educational Attainment: Associate's Degree": {"Demographic": null, "2020": 136, "% OF TOTAL": null, "2024": 139, "2029": null}, "Educational Attainment: Bachelors Degree": {"Demographic": null, "2020": 142, "% OF TOTAL": null, "2024": 140, "2029": null}, "Educational Attainment: Advanced Degree": {"Demographic": null, "2020": 101, "% OF TOTAL": null, "2024": 101, "2029": null}, "Households: Number of vehicles available - Average": {"Demographic": null, "2020": 1, "% OF TOTAL": null, "2024": 1, "2029": null}, "Households: No Vehicle available": {"Demographic": null, "2020": 107, "% OF TOTAL": null, "2024": 107, "2029": null}, "Households: 1 Vehicle available": {"Demographic": null, "2020": 557, "% OF TOTAL": null, "2024": 562, "2029": null}, "Households: 2 Vehicles available": {"Demographic": null, "2020": 189, "% OF TOTAL": null, "2024": 197, "2029": null}, "Households: 3 Vehicles available": {"Demographic": null, "2020": 28, "% OF TOTAL": null, "2024": 30, "2029": null}, "Households: 4 or more Vehicles available": {"Demographic": null, "2020": 30, "% OF TOTAL": null, "2024": 37, "2029": null}}, "population_trends": {"Total Population": {"Demographic": null, "2020": 3244, "% OF TOTAL": null, "2024": 3305, "2029": 3377}, "Population Growth": {"Demographic": null, "2020": null, "% OF TOTAL": null, "2024": 1.9, "2029": 2.2}, "Female Population": {"Demographic": null, "2020": 1223, "% OF TOTAL": 35.3, "2024": 1204, "2029": 1192}, "Male Population": {"Demographic": null, "2020": 2021, "% OF TOTAL": 64.7, "2024": 2101, "2029": 2185}, "Total population: Median Age": {"Demographic": null, "2020": 34, "% OF TOTAL": null, "2024": 35, "2029": 37}, "Total population: Under 5 years": {"Demographic": null, "2020": 250, "% OF TOTAL": 5.7, "2024": 229, "2029": 192}, "Total population: 5 - 9 years": {"Demographic": null, "2020": 151, "% OF TOTAL": 4.5, "2024": 144, "2029": 153}, "Total population: 10 - 14 years": {"Demographic": null, "2020": 72, "% OF TOTAL": 2.5, "2024": 67, "2029": 83}, "Total population: 15 - 19 years": {"Demographic": null, "2020": 103, "% OF TOTAL": 2.8, "2024": 110, "2029": 94}, "Total population: 20 - 24 years": {"Demographic": null, "2020": 371, "% OF TOTAL": 8.9, "2024": 377, "2029": 299}, "Total population: 25 - 29 years": {"Demographic": null, "2020": 464, "% OF TOTAL": 12.6, "2024": 442, "2029": 424}, "Total population: 30 - 34 years": {"Demographic": null, "2020": 349, "% OF TOTAL": 11.5, "2024": 380, "2029": 388}, "Total population: 35 - 39 years": {"Demographic": null, "2020": 272, "% OF TOTAL": 10.7, "2024": 302, "2029": 360}, "Total population: 40 - 44 years": {"Demographic": null, "2020": 205, "% OF TOTAL": 7.9, "2024": 223, "2029": 266}, "Total population: 45 - 49 years": {"Demographic": null, "2020": 169, "% OF TOTAL": 6.0, "2024": 170, "2029": 203}, "Total population: 50 - 54 years": {"Demographic": null, "2020": 147, "% OF TOTAL": 4.5, "2024": 149, "2029": 152}, "Total population: 55 - 59 years": {"Demographic": null, "2020": 161, "% OF TOTAL": 4.5, "2024": 150, "2029": 151}, "Total population: 60 - 64 years": {"Demographic": null, "2020": 160, "% OF TOTAL": 4.6, "2024": 162, "2029": 155}, "Total population: 65 - 69 years": {"Demographic": null, "2020": 107, "% OF TOTAL": 3.9, "2024": 115, "2029": 132}, "Total population: 70 - 74 years": {"Demographic": null, "2020": 101, "% OF TOTAL": 3.3, "2024": 106, "2029": 113}, "Total population: 75 - 79 years": {"Demographic": null, "2020": 58, "% OF TOTAL": 2.4, "2024": 70, "2029": 82}, "Total population: 80 - 84 years": {"Demographic": null, "2020": 59, "% OF TOTAL": 2.2, "2024": 64, "2029": 74}, "Total population: 85 years and over": {"Demographic": null, "2020": 45, "% OF TOTAL": 1.7, "2024": 45, "2029": 56}, "Female population: Median Age": {"Demographic": null, "2020": 40, "% OF TOTAL": null, "2024": 41, "2029": 42}, "Female population: Under 5 years": {"Demographic": null, "2020": 123, "% OF TOTAL": 8.1, "2024": 116, "2029": 97}, "Female population: 5 - 9 years": {"Demographic": null, "2020": 77, "% OF TOTAL": 6.5, "2024": 74, "2029": 78}, "Female population: 10 - 14 years": {"Demographic": null, "2020": 39, "% OF TOTAL": 3.7, "2024": 37, "2029": 44}, "Female population: 15 - 19 years": {"Demographic": null, "2020": 23, "% OF TOTAL": 2.1, "2024": 24, "2029": 25}, "Female population: 20 - 24 years": {"Demographic": null, "2020": 134, "% OF TOTAL": 7.4, "2024": 122, "2029": 88}, "Female population: 25 - 29 years": {"Demographic": null, "2020": 193, "% OF TOTAL": 12.8, "2024": 175, "2029": 153}, "Female population: 30 - 34 years": {"Demographic": null, "2020": 77, "% OF TOTAL": 8.1, "2024": 77, "2029": 96}, "Female population: 35 - 39 years": {"Demographic": null, "2020": 80, "% OF TOTAL": 7.7, "2024": 90, "2029": 92}, "Female population: 40 - 44 years": {"Demographic": null, "2020": 63, "% OF TOTAL": 6.5, "2024": 67, "2029": 77}, "Female population: 45 - 49 years": {"Demographic": null, "2020": 42, "% OF TOTAL": 4.4, "2024": 42, "2029": 52}, "Female population: 50 - 54 years": {"Demographic": null, "2020": 43, "% OF TOTAL": 3.5, "2024": 45, "2029": 42}, "Female population: 55 - 59 years": {"Demographic": null, "2020": 58, "% OF TOTAL": 4.1, "2024": 52, "2029": 49}, "Female population: 60 - 64 years": {"Demographic": null, "2020": 68, "% OF TOTAL": 5.1, "2024": 69, "2029": 61}, "Female population: 65 - 69 years": {"Demographic": null, "2020": 50, "% OF TOTAL": 4.9, "2024": 53, "2029": 58}, "Female population: 70 - 74 years": {"Demographic": null, "2020": 54, "% OF TOTAL": 4.6, "2024": 55, "2029": 55}, "Female population: 75 - 79 years": {"Demographic": null, "2020": 27, "% OF TOTAL": 3.4, "2024": 32, "2029": 40}, "Female population: 80 - 84 years": {"Demographic": null, "2020": 40, "% OF TOTAL": 3.9, "2024": 43, "2029": 46}, "Female population: 85 years and over": {"Demographic": null, "2020": 32, "% OF TOTAL": 3.3, "2024": 31, "2029": 39}, "Male population: Median Age": {"Demographic": null, "2020": 33, "% OF TOTAL": null, "2024": 33, "2029": 35}, "Male population: Under 5 years": {"Demographic": null, "2020": 127, "% OF TOTAL": 4.3, "2024": 113, "2029": 95}, "Male population: 5 - 9 years": {"Demographic": null, "2020": 74, "% OF TOTAL": 3.4, "2024": 70, "2029": 75}, "Male population: 10 - 14 years": {"Demographic": null, "2020": 33, "% OF TOTAL": 1.8, "2024": 30, "2029": 39}, "Male population: 15 - 19 years": {"Demographic": null, "2020": 80, "% OF TOTAL": 3.2, "2024": 86, "2029": 69}, "Male population: 20 - 24 years": {"Demographic": null, "2020": 237, "% OF TOTAL": 9.7, "2024": 255, "2029": 211}, "Male population: 25 - 29 years": {"Demographic": null, "2020": 271, "% OF TOTAL": 12.4, "2024": 267, "2029": 271}, "Male population: 30 - 34 years": {"Demographic": null, "2020": 272, "% OF TOTAL": 13.4, "2024": 303, "2029": 292}, "Male population: 35 - 39 years": {"Demographic": null, "2020": 192, "% OF TOTAL": 12.3, "2024": 212, "2029": 268}, "Male population: 40 - 44 years": {"Demographic": null, "2020": 142, "% OF TOTAL": 8.6, "2024": 156, "2029": 189}, "Male population: 45 - 49 years": {"Demographic": null, "2020": 127, "% OF TOTAL": 6.9, "2024": 128, "2029": 151}, "Male population: 50 - 54 years": {"Demographic": null, "2020": 104, "% OF TOTAL": 5.0, "2024": 104, "2029": 110}, "Male population: 55 - 59 years": {"Demographic": null, "2020": 103, "% OF TOTAL": 4.7, "2024": 98, "2029": 102}, "Male population: 60 - 64 years": {"Demographic": null, "2020": 92, "% OF TOTAL": 4.3, "2024": 93, "2029": 94}, "Male population: 65 - 69 years": {"Demographic": null, "2020": 57, "% OF TOTAL": 3.4, "2024": 62, "2029": 74}, "Male population: 70 - 74 years": {"Demographic": null, "2020": 47, "% OF TOTAL": 2.7, "2024": 51, "2029": 58}, "Male population: 75 - 79 years": {"Demographic": null, "2020": 31, "% OF TOTAL": 1.9, "2024": 38, "2029": 42}, "Male population: 80 - 84 years": {"Demographic": null, "2020": 19, "% OF TOTAL": 1.3, "2024": 21, "2029": 28}, "Male population: 85 years and over": {"Demographic": null, "2020": 13, "% OF TOTAL": 0.8, "2024": 14, "2029": 17}, "White alone": {"Demographic": null, "2020": 900, "% OF TOTAL": 27.9, "2024": 917, "2029": 941}, "Black alone": {"Demographic": null, "2020": 2254, "% OF TOTAL": 69.3, "2024": 2290, "2029": 2339}, "American Indian and Alaska Native alone": {"Demographic": null, "2020": 2, "% OF TOTAL": 0.1, "2024": 2, "2029": 2}, "Asian alone": {"Demographic": null, "2020": 10, "% OF TOTAL": 0.3, "2024": 10, "2029": 10}, "Native Hawaiian and OPI alone": {"Demographic": null, "2020": 0, "% OF TOTAL": 0.0, "2024": 0, "2029": 0}, "Some other race alone": {"Demographic": null, "2020": 10, "% OF TOTAL": 0.3, "2024": 11, "2029": 11}, "Two or more races alone": {"Demographic": null, "2020": 68, "% OF TOTAL": 2.2, "2024": 75, "2029": 74}, "Not Hispanic: White alone": {"Demographic": null, "2020": 895, "% OF TOTAL": 27.7, "2024": 912, "2029": 936}, "Not Hispanic: Black or African American alone": {"Demographic": null, "2020": 2251, "% OF TOTAL": 69.2, "2024": 2287, "2029": 2336}, "Not Hispanic: American Indian and Alaska Native alone": {"Demographic": null, "2020": 2, "% OF TOTAL": 0.1, "2024": 2, "2029": 2}, "Not Hispanic: Asian alone": {"Demographic": null, "2020": 10, "% OF TOTAL": 0.3, "2024": 10, "2029": 10}, "Not Hispanic: Native Hawaiian and OPI alone": {"Demographic": null, "2020": 0, "% OF TOTAL": 0.0, "2024": 0, "2029": 0}, "Not Hispanic: Some Other Race alone": {"Demographic": null, "2020": 4, "% OF TOTAL": 0.1, "2024": 4, "2029": 4}, "Not Hispanic: Two or More Races": {"Demographic": null, "2020": 60, "% OF TOTAL": 2.0, "2024": 67, "2029": 66}, "Hispanic: White alone": {"Demographic": null, "2020": 5, "% OF TOTAL": 0.1, "2024": 5, "2029": 5}, "Hispanic: Black or African American alone": {"Demographic": null, "2020": 3, "% OF TOTAL": 0.1, "2024": 3, "2029": 3}, "Hispanic: American Indian and Alaska Native alone": {"Demographic": null, "2020": 0, "% OF TOTAL": 0.0, "2024": 0, "2029": 0}, "Hispanic: Asian alone": {"Demographic": null, "2020": 0, "% OF TOTAL": 0.0, "2024": 0, "2029": 0}, "Hispanic: Native Hawaiian and OPI alone": {"Demographic": null, "2020": 0, "% OF TOTAL": 0.0, "2024": 0, "2029": 0}, "Hispanic: Some Other Race alone": {"Demographic": null, "2020": 6, "% OF TOTAL": 0.2, "2024": 7, "2029": 7}, "Hispanic: Two or More Races": {"Demographic": null, "2020": 8, "% OF TOTAL": 0.2, "2024": 8, "2029": 8}, "Educational Attainment: No High School Diploma": {"Demographic": null, "2020": 541, "% OF TOTAL": null, "2024": 574, "2029": null}, "Educational Attainment: High School Diploma": {"Demographic": null, "2020": 944, "% OF TOTAL": null, "2024": 978, "2029": null}, "Educational Attainment: Some College": {"Demographic": null, "2020": 433, "% OF TOTAL": null, "2024": 446, "2029": null}, "Educational Attainment: Associates Degree": {"Demographic": null, "2020": 136, "% OF TOTAL": null, "2024": 139, "2029": null}, "Educational Attainment: Bachelors Degree": {"Demographic": null, "2020": 142, "% OF TOTAL": null, "2024": 140, "2029": null}, "Educational Attainment: Advanced Degree": {"Demographic": null, "2020": 101, "% OF TOTAL": null, "2024": 101, "2029": null}, "Employment Status: Armed Forces": {"Demographic": null, "2020": 9, "% OF TOTAL": null, "2024": 9, "2029": null}, "Employment Status: Civilian labor force employed": {"Demographic": null, "2020": 770, "% OF TOTAL": null, "2024": 762, "2029": null}, "Employment Status: Civilian labor force unemployed": {"Demographic": null, "2020": 20, "% OF TOTAL": null, "2024": 22, "2029": null}, "Employment Status: Not in labor force": {"Demographic": null, "2020": 1958, "% OF TOTAL": null, "2024": 2056, "2029": null}, "Employed in Agriculture and Mining Industries": {"Demographic": null, "2020": 0, "% OF TOTAL": null, "2024": 0, "2029": null}, "Employed in Construction Industries": {"Demographic": null, "2020": 49, "% OF TOTAL": null, "2024": 46, "2029": null}, "Employed in Manufacturing Industries": {"Demographic": null, "2020": 75, "% OF TOTAL": null, "2024": 75, "2029": null}, "Employed in Wholesale Industries": {"Demographic": null, "2020": 0, "% OF TOTAL": null, "2024": 0, "2029": null}, "Employed in Retail Industries": {"Demographic": null, "2020": 114, "% OF TOTAL": null, "2024": 111, "2029": null}, "Employed in Transportation and Utilities Industries": {"Demographic": null, "2020": 38, "% OF TOTAL": null, "2024": 39, "2029": null}, "Employed in Information Industries": {"Demographic": null, "2020": 3, "% OF TOTAL": null, "2024": 3, "2029": null}, "Employed in Real-Estate Industries": {"Demographic": null, "2020": 34, "% OF TOTAL": null, "2024": 34, "2029": null}, "Employed in Professional Industries": {"Demographic": null, "2020": 79, "% OF TOTAL": null, "2024": 80, "2029": null}, "Employed in Health and Education Industries": {"Demographic": null, "2020": 195, "% OF TOTAL": null, "2024": 195, "2029": null}, "Employed in Art Industries": {"Demographic": null, "2020": 114, "% OF TOTAL": null, "2024": 114, "2029": null}, "Employed in Other Industries": {"Demographic": null, "2020": 41, "% OF TOTAL": null, "2024": 39, "2029": null}, "Employed in Public Administration Industries": {"Demographic": null, "2020": 28, "% OF TOTAL": null, "2024": 26, "2029": null}, "Occupation: Management": {"Demographic": null, "2020": 44, "% OF TOTAL": null, "2024": 42, "2029": null}, "Occupation: Business and financial operations": {"Demographic": null, "2020": 27, "% OF TOTAL": null, "2024": 26, "2029": null}, "Occupation: Computer and mathematical": {"Demographic": null, "2020": 5, "% OF TOTAL": null, "2024": 5, "2029": null}, "Occupation: Architecture and engineering": {"Demographic": null, "2020": 26, "% OF TOTAL": null, "2024": 25, "2029": null}, "Occupation: Life, physical, and social science": {"Demographic": null, "2020": 7, "% OF TOTAL": null, "2024": 7, "2029": null}, "Occupation: Community and social service": {"Demographic": null, "2020": 0, "% OF TOTAL": null, "2024": 0, "2029": null}, "Occupation: Legal": {"Demographic": null, "2020": 10, "% OF TOTAL": null, "2024": 9, "2029": null}, "Occupation: Education, training, and library": {"Demographic": null, "2020": 0, "% OF TOTAL": null, "2024": 0, "2029": null}, "Occupation: Arts, design, entertainment, sports, and media": {"Demographic": null, "2020": 0, "% OF TOTAL": null, "2024": 0, "2029": null}, "Occupation: Health diagnosing and treating practitioners": {"Demographic": null, "2020": 54, "% OF TOTAL": null, "2024": 54, "2029": null}, "Occupation: Health technologists and technicians": {"Demographic": null, "2020": 43, "% OF TOTAL": null, "2024": 41, "2029": null}, "Occupation: Healthcare support": {"Demographic": null, "2020": 72, "% OF TOTAL": null, "2024": 73, "2029": null}, "Occupation: Fire fighting and prevention": {"Demographic": null, "2020": 23, "% OF TOTAL": null, "2024": 25, "2029": null}, "Occupation: Law enforcement workers": {"Demographic": null, "2020": 0, "% OF TOTAL": null, "2024": 0, "2029": null}, "Occupation: Food preparation and serving related": {"Demographic": null, "2020": 72, "% OF TOTAL": null, "2024": 73, "2029": null}, "Occupation: Building and grounds cleaning and maintenance": {"Demographic": null, "2020": 21, "% OF TOTAL": null, "2024": 21, "2029": null}, "Occupation: Personal care and service": {"Demographic": null, "2020": 17, "% OF TOTAL": null, "2024": 16, "2029": null}, "Occupation: Sales and related": {"Demographic": null, "2020": 93, "% OF TOTAL": null, "2024": 87, "2029": null}, "Occupation: Office and administrative support": {"Demographic": null, "2020": 87, "% OF TOTAL": null, "2024": 85, "2029": null}, "Occupation: Farming, fishing, and forestry": {"Demographic": null, "2020": 0, "% OF TOTAL": null, "2024": 0, "2029": null}, "Occupation: Construction and extraction": {"Demographic": null, "2020": 47, "% OF TOTAL": null, "2024": 46, "2029": null}, "Occupation: Installation, maintenance, and repair": {"Demographic": null, "2020": 11, "% OF TOTAL": null, "2024": 10, "2029": null}, "Occupation: Production": {"Demographic": null, "2020": 23, "% OF TOTAL": null, "2024": 22, "2029": null}, "Occupation: Transportation": {"Demographic": null, "2020": 18, "% OF TOTAL": null, "2024": 19, "2029": null}, "Occupation: Material moving": {"Demographic": null, "2020": 70, "% OF TOTAL": null, "2024": 76, "2029": null}, "White collar": {"Demographic": null, "2020": 396, "% OF TOTAL": null, "2024": 381, "2029": null}, "Blue collar": {"Demographic": null, "2020": 374, "% OF TOTAL": null, "2024": 381, "2029": null}, "Means of transportation: Car, truck or van": {"Demographic": null, "2020": 647, "% OF TOTAL": null, "2024": 638, "2029": null}, "Means of transportation: Public transportation": {"Demographic": null, "2020": 23, "% OF TOTAL": null, "2024": 21, "2029": null}, "Means of transportation: Other": {"Demographic": null, "2020": 46, "% OF TOTAL": null, "2024": 48, "2029": null}, "Travel time: Average (in minutes)": {"Demographic": null, "2020": 22, "% OF TOTAL": null, "2024": 22, "2029": null}, "Travel time to work: Less than 30 minutes": {"Demographic": null, "2020": 553, "% OF TOTAL": null, "2024": 545, "2029": null}, "Travel time to work: 30 to 60 minutes": {"Demographic": null, "2020": 150, "% OF TOTAL": null, "2024": 150, "2029": null}, "Travel time to work: 60 or more minutes": {"Demographic": null, "2020": 13, "% OF TOTAL": null, "2024": 12, "2029": null}}, "household_trends": {"Households": {"Demographic": null, "2020": 911, "% OF TOTAL": null, "2024": 933, "2029": 978}, "Households Growth": {"Demographic": null, "2020": null, "% OF TOTAL": null, "2024": 2.4, "2029": 4.8}, "Householder Age 15-24": {"Demographic": null, "2020": 89, "% OF TOTAL": 7.3, "2024": 86, "2029": 71}, "Householder Age 25-34": {"Demographic": null, "2020": 227, "% OF TOTAL": 21.8, "2024": 221, "2029": 213}, "Householder Age 35-44": {"Demographic": null, "2020": 117, "% OF TOTAL": 14.3, "2024": 120, "2029": 140}, "Householder Age 45-54": {"Demographic": null, "2020": 104, "% OF TOTAL": 11.9, "2024": 108, "2029": 116}, "Householder Age 55-64": {"Demographic": null, "2020": 144, "% OF TOTAL": 15.3, "2024": 153, "2029": 150}, "Householder Age 65-74": {"Demographic": null, "2020": 133, "% OF TOTAL": 16.8, "2024": 140, "2029": 164}, "Householder Age 75+": {"Demographic": null, "2020": 97, "% OF TOTAL": 12.7, "2024": 105, "2029": 124}, "Average Household Size": {"Demographic": null, "2020": 1.9, "% OF TOTAL": null, "2024": 1.9, "2029": 1.9}, "1 Person Households": {"Demographic": null, "2020": 391, "% OF TOTAL": 45.8, "2024": 430, "2029": 448}, "2 Person Households": {"Demographic": null, "2020": 247, "% OF TOTAL": 30.3, "2024": 288, "2029": 296}, "3 Person Households": {"Demographic": null, "2020": 136, "% OF TOTAL": 16.8, "2024": 157, "2029": 164}, "4 Person Households": {"Demographic": null, "2020": 78, "% OF TOTAL": 4.3, "2024": 36, "2029": 42}, "5 Person Households": {"Demographic": null, "2020": 38, "% OF TOTAL": 2.1, "2024": 17, "2029": 21}, "6 Person Households": {"Demographic": null, "2020": 9, "% OF TOTAL": 0.0, "2024": 0, "2029": 0}, "7+ Person Households": {"Demographic": null, "2020": 12, "% OF TOTAL": 0.7, "2024": 5, "2029": 7}, "Household Type: Family": {"Demographic": null, "2020": 479, "% OF TOTAL": null, "2024": 491, "2029": null}, "Household Type: Married Family": {"Demographic": null, "2020": 109, "% OF TOTAL": null, "2024": 114, "2029": null}, "Household Type: Married Family With Children": {"Demographic": null, "2020": 21, "% OF TOTAL": null, "2024": 23, "2029": null}, "Household Type: Married Family Without Children": {"Demographic": null, "2020": 88, "% OF TOTAL": null, "2024": 91, "2029": null}, "Household Type: Other Family": {"Demographic": null, "2020": 370, "% OF TOTAL": null, "2024": 377, "2029": null}, "Household Type: Male Households, No Wife": {"Demographic": null, "2020": 40, "% OF TOTAL": null, "2024": 45, "2029": null}, "Household Type: Male Households, No Wife With Children": {"Demographic": null, "2020": 11, "% OF TOTAL": null, "2024": 12, "2029": null}, "Household Type: Male Households, No Wife Without Children": {"Demographic": null, "2020": 29, "% OF TOTAL": null, "2024": 33, "2029": null}, "Household Type: Female Households, No Husband": {"Demographic": null, "2020": 330, "% OF TOTAL": null, "2024": 332, "2029": null}, "Household Type: Female Households, No Husband With Children": {"Demographic": null, "2020": 237, "% OF TOTAL": null, "2024": 229, "2029": null}, "Household Type: Female Households, No Husband Without Children": {"Demographic": null, "2020": 93, "% OF TOTAL": null, "2024": 103, "2029": null}, "Household Income: Average": {"Demographic": null, "2020": 52660, "% OF TOTAL": null, "2024": 59541, "2029": 74480}, "Household Income: Median": {"Demographic": null, "2020": 0, "% OF TOTAL": null, "2024": 47972, "2029": 53778}, "Household Income: Less than $25k": {"Demographic": null, "2020": 379, "% OF TOTAL": 32.0, "2024": 342, "2029": 313}, "Household Income: $25k - $50k": {"Demographic": null, "2020": 207, "% OF TOTAL": 21.6, "2024": 229, "2029": 211}, "Household Income: $50k - $75k": {"Demographic": null, "2020": 204, "% OF TOTAL": 22.3, "2024": 212, "2029": 218}, "Household Income: $75k - $100k": {"Demographic": null, "2020": 73, "% OF TOTAL": 13.7, "2024": 87, "2029": 134}, "Household Income: $100k - $125k": {"Demographic": null, "2020": 13, "% OF TOTAL": 1.2, "2024": 11, "2029": 12}, "Household Income: $125k - $150k": {"Demographic": null, "2020": 9, "% OF TOTAL": 0.9, "2024": 10, "2029": 9}, "Household Income: $150k - $200k": {"Demographic": null, "2020": 4, "% OF TOTAL": 0.9, "2024": 7, "2029": 9}, "Household Income: Above $200k": {"Demographic": null, "2020": 22, "% OF TOTAL": 7.4, "2024": 35, "2029": 72}, "Total Housing Units": {"Demographic": null, "2020": 1170, "% OF TOTAL": null, "2024": null, "2029": null}, "Owner Occupied Housing Units": {"Demographic": null, "2020": 212, "% OF TOTAL": null, "2024": 240, "2029": null}, "Renter Occupied Housing Units": {"Demographic": null, "2020": 699, "% OF TOTAL": null, "2024": 693, "2029": null}, "Vacant Housing Units": {"Demographic": null, "2020": 259, "% OF TOTAL": null, "2024": null, "2029": null}, "Vacant Housing Units: Seasonal": {"Demographic": null, "2020": 13, "% OF TOTAL": null, "2024": null, "2029": null}, "Vacant Housing Units: Other Usage": {"Demographic": null, "2020": 246, "% OF TOTAL": null, "2024": null, "2029": null}, "Average Housing Unit Value": {"Demographic": null, "2020": 138856, "% OF TOTAL": null, "2024": 139842, "2029": null}, "Median Housing Unit Value": {"Demographic": null, "2020": 75000, "% OF TOTAL": null, "2024": 75000, "2029": null}, "Housing Unit Value Less Than $100k": {"Demographic": null, "2020": 139, "% OF TOTAL": null, "2024": 164, "2029": null}, "Housing Unit Value $100k-$200k": {"Demographic": null, "2020": 31, "% OF TOTAL": null, "2024": 34, "2029": null}, "Housing Unit Value $200k-$250k": {"Demographic": null, "2020": 15, "% OF TOTAL": null, "2024": 14, "2029": null}, "Housing Unit Value $250k-$300k": {"Demographic": null, "2020": 0, "% OF TOTAL": null, "2024": 0, "2029": null}, "Housing Unit Value $300k-$400k": {"Demographic": null, "2020": 13, "% OF TOTAL": null, "2024": 12, "2029": null}, "Housing Unit Value $400k-$500k": {"Demographic": null, "2020": 7, "% OF TOTAL": null, "2024": 9, "2029": null}, "Housing Unit Value $500k-$750k": {"Demographic": null, "2020": 7, "% OF TOTAL": null, "2024": 7, "2029": null}, "Housing Unit Value $750k-$1m": {"Demographic": null, "2020": 0, "% OF TOTAL": null, "2024": 0, "2029": null}, "Housing Unit Value $1m-$1.5m": {"Demographic": null, "2020": 0, "% OF TOTAL": null, "2024": 0, "2029": null}, "Housing Unit Value $1.5m-$2m": {"Demographic": null, "2020": 0, "% OF TOTAL": null, "2024": 0, "2029": null}, "Housing Unit Value Above $2m": {"Demographic": null, "2020": 0, "% OF TOTAL": null, "2024": 0, "2029": null}, "Median Housing Unit Year Built": {"Demographic": null, "2020": 1954, "% OF TOTAL": null, "2024": 1954, "2029": null}, "Housing Units Built 2014 Or After": {"Demographic": null, "2020": 4, "% OF TOTAL": null, "2024": 5, "2029": null}, "Housing Units Built 2010-2013": {"Demographic": null, "2020": 24, "% OF TOTAL": null, "2024": 27, "2029": null}, "Housing Units Built 2000-2009": {"Demographic": null, "2020": 64, "% OF TOTAL": null, "2024": 60, "2029": null}, "Housing Units Built 1990-1999": {"Demographic": null, "2020": 116, "% OF TOTAL": null, "2024": 112, "2029": null}, "Housing Units Built 1980-1989": {"Demographic": null, "2020": 174, "% OF TOTAL": null, "2024": 166, "2029": null}, "Housing Units Built 1970-1979": {"Demographic": null, "2020": 58, "% OF TOTAL": null, "2024": 57, "2029": null}, "Housing Units Built 1960-1969": {"Demographic": null, "2020": 41, "% OF TOTAL": null, "2024": 46, "2029": null}, "Housing Units Built 1950-1959": {"Demographic": null, "2020": 150, "% OF TOTAL": null, "2024": 168, "2029": null}, "Housing Units Built 1940-1949": {"Demographic": null, "2020": 163, "% OF TOTAL": null, "2024": 174, "2029": null}, "Housing Units Built Before 1940": {"Demographic": null, "2020": 117, "% OF TOTAL": null, "2024": 118, "2029": null}}, "consumer_segments": {"Renters": {"households": 451, "pct": 32.0}, "Renters Near Term Buyers": {"households": 264, "pct": 18.7}, "Elite": {"households": 125, "pct": 8.9}, "Entry Level Suburban": {"households": 121, "pct": 8.6}, "Active Adult Feature and Location": {"households": 108, "pct": 7.7}, "Active Adult Entry Level": {"households": 91, "pct": 6.4}, "Feature and Location": {"households": 77, "pct": 5.5}, "Entry Level Urban": {"households": 70, "pct": 5.0}, "Active Adult Elite": {"households": 27, "pct": 1.9}, "Family Life Young Children": {"households": 25, "pct": 1.8}, "Simple Life Moderate Income With Children": {"households": 21, "pct": 1.5}, "Simple Life Affluent No Children": {"households": 14, "pct": 1.0}, "Family Life School Age Children": {"households": 13, "pct": 0.9}, "Simple Life Moderate Income No Children": {"households": 4, "pct": 0.3}}, "income_age": {"2020": {}, "2024": {}, "2029": {}}, "population_2024": 3305, "population_2029": 3377, "households_2024": 933, "households_2029": 978, "median_household_income_2024": 47972, "median_household_income_2029": 53778, "mean_household_income_2024": null, "mean_household_income_2029": null, "median_age_2024": 35, "median_age_2029": 37, "median_home_value_2024": 75000, "average_household_size_2024": 1.9, "average_household_size_2029": 1.9, "population_growth_2024_2029": 1.9, "households_growth_2024_2029": 2.4}, "geometry": {"type": "Polygon", "coordinates": [[[-88.053318, 30.68996], [-88.053633, 30.718999], [-88.020021, 30.719268], [-88.019716, 30.690228], [-88.053318, 30.68996]]]}}, {"type": "Feature", "properties": {"block": "068", "block_num": 68, "CentroidLon": -88.07027876892228, "CentroidLat": 30.704341792440694, "submarket": "North Mobile", "data_status": "usable", "is_anomalous": false, "anomaly_reason": null, "files_present": "DemographicSnapshot-26.08.06.csv;PopulationTrends-26.08.06.csv;HouseholdTrends-26.08.06.csv;HouseholdIncomeByAge-26.08.06.csv;ConsumerSegmentation-26.08.06.csv", "demographic_snapshot": {"Total Population": {"Demographic": null, "2020": 8057, "% OF TOTAL": null, "2024": 7965, "2029": 7956}, "Households": {"Demographic": null, "2020": 3362, "% OF TOTAL": null, "2024": 3353, "2029": 3394}, "Population in Group Quarters": {"Demographic": null, "2020": 357, "% OF TOTAL": null, "2024": 368, "2029": 372}, "Households Growth": {"Demographic": null, "2020": null, "% OF TOTAL": null, "2024": -0.3, "2029": 1.2}, "Household Income: Median": {"Demographic": null, "2020": 0, "% OF TOTAL": null, "2024": 36892, "2029": 47738}, "Home Value: Median": {"Demographic": null, "2020": 69853, "% OF TOTAL": null, "2024": 69844, "2029": null}, "Population Growth": {"Demographic": null, "2020": null, "% OF TOTAL": null, "2024": -1.1, "2029": -0.1}, "Total Population: Under 19 years": {"Demographic": null, "2020": 1813, "% OF TOTAL": 21.3, "2024": 1768, "2029": 1697}, "Total Population: 20 - 64 years": {"Demographic": null, "2020": 4541, "% OF TOTAL": 53.5, "2024": 4387, "2029": 4258}, "Total Population: 65 years and over": {"Demographic": null, "2020": 1703, "% OF TOTAL": 25.2, "2024": 1810, "2029": 2001}, "Total population: Median age": {"Demographic": null, "2020": 40, "% OF TOTAL": null, "2024": 41, "2029": 43}, "Total population: Under 5 years": {"Demographic": null, "2020": 418, "% OF TOTAL": 4.8, "2024": 395, "2029": 380}, "Total population: 5 - 9 years": {"Demographic": null, "2020": 443, "% OF TOTAL": 5.3, "2024": 450, "2029": 424}, "Total population: 10 - 14 years": {"Demographic": null, "2020": 524, "% OF TOTAL": 5.8, "2024": 486, "2029": 460}, "Total population: 15 - 19 years": {"Demographic": null, "2020": 428, "% OF TOTAL": 5.4, "2024": 437, "2029": 433}, "Total population: 20 - 24 years": {"Demographic": null, "2020": 443, "% OF TOTAL": 5.2, "2024": 427, "2029": 413}, "Total population: 25 - 29 years": {"Demographic": null, "2020": 551, "% OF TOTAL": 5.8, "2024": 501, "2029": 462}, "Total population: 30 - 34 years": {"Demographic": null, "2020": 467, "% OF TOTAL": 5.8, "2024": 483, "2029": 461}, "Total population: 35 - 39 years": {"Demographic": null, "2020": 515, "% OF TOTAL": 6.7, "2024": 524, "2029": 537}, "Total population: 40 - 44 years": {"Demographic": null, "2020": 441, "% OF TOTAL": 6.1, "2024": 448, "2029": 484}, "Total population: 45 - 49 years": {"Demographic": null, "2020": 427, "% OF TOTAL": 5.6, "2024": 419, "2029": 442}, "Total population: 50 - 54 years": {"Demographic": null, "2020": 462, "% OF TOTAL": 5.2, "2024": 439, "2029": 413}, "Total population: 55 - 59 years": {"Demographic": null, "2020": 596, "% OF TOTAL": 6.2, "2024": 532, "2029": 497}, "Total population: 60 - 64 years": {"Demographic": null, "2020": 639, "% OF TOTAL": 6.9, "2024": 614, "2029": 549}, "Total population: 65 - 69 years": {"Demographic": null, "2020": 539, "% OF TOTAL": 7.4, "2024": 573, "2029": 589}, "Total population: 70 - 74 years": {"Demographic": null, "2020": 426, "% OF TOTAL": 6.3, "2024": 454, "2029": 503}, "Total population: 75 - 79 years": {"Demographic": null, "2020": 306, "% OF TOTAL": 4.9, "2024": 351, "2029": 393}, "Total population: 80 - 84 years": {"Demographic": null, "2020": 193, "% OF TOTAL": 3.4, "2024": 203, "2029": 271}, "Total population: 85 years and over": {"Demographic": null, "2020": 239, "% OF TOTAL": 3.1, "2024": 229, "2029": 245}, "Householders Age 15-24": {"Demographic": null, "2020": 116, "% OF TOTAL": 3.6, "2024": 117, "2029": 122}, "Householders Age 25-34": {"Demographic": null, "2020": 524, "% OF TOTAL": 14.5, "2024": 519, "2029": 492}, "Householders Age 35-44": {"Demographic": null, "2020": 485, "% OF TOTAL": 15.6, "2024": 499, "2029": 531}, "Householders Age 45-54": {"Demographic": null, "2020": 490, "% OF TOTAL": 14.4, "2024": 489, "2029": 489}, "Householders Age 55-64": {"Demographic": null, "2020": 749, "% OF TOTAL": 19.6, "2024": 738, "2029": 664}, "Householders Age 65-74": {"Demographic": null, "2020": 590, "% OF TOTAL": 18.6, "2024": 584, "2029": 632}, "Householders Age 75+": {"Demographic": null, "2020": 408, "% OF TOTAL": 13.7, "2024": 407, "2029": 464}, "Household income: Average": {"Demographic": null, "2020": 60562, "% OF TOTAL": null, "2024": 65834, "2029": 78033}, "Household income: Less than 25k": {"Demographic": null, "2020": 1257, "% OF TOTAL": 27.0, "2024": 1136, "2029": 918}, "Household income: 25k - 50k": {"Demographic": null, "2020": 684, "% OF TOTAL": 16.7, "2024": 604, "2029": 568}, "Household income: 50k - 75k": {"Demographic": null, "2020": 493, "% OF TOTAL": 17.4, "2024": 551, "2029": 591}, "Household income: 75k - 100k": {"Demographic": null, "2020": 350, "% OF TOTAL": 12.3, "2024": 383, "2029": 417}, "Household income: 100k - 125k": {"Demographic": null, "2020": 186, "% OF TOTAL": 8.8, "2024": 215, "2029": 299}, "Household income: 125k - 150k": {"Demographic": null, "2020": 94, "% OF TOTAL": 3.5, "2024": 114, "2029": 118}, "Household income: 150k - 200k": {"Demographic": null, "2020": 168, "% OF TOTAL": 7.6, "2024": 206, "2029": 258}, "Household income: Above 200k": {"Demographic": null, "2020": 130, "% OF TOTAL": 6.6, "2024": 144, "2029": 225}, "White Alone": {"Demographic": null, "2020": 1688, "% OF TOTAL": 19.5, "2024": 1613, "2029": 1554}, "Black or African American Alone": {"Demographic": null, "2020": 6024, "% OF TOTAL": 76.0, "2024": 5989, "2029": 6045}, "American Indian and Alaska Native Alone": {"Demographic": null, "2020": 22, "% OF TOTAL": 0.3, "2024": 24, "2029": 26}, "Asian Alone": {"Demographic": null, "2020": 13, "% OF TOTAL": 0.2, "2024": 13, "2029": 13}, "Native Hawaiian and OPI Alone": {"Demographic": null, "2020": 4, "% OF TOTAL": 0.1, "2024": 4, "2029": 4}, "Some Other Race Alone": {"Demographic": null, "2020": 44, "% OF TOTAL": 0.5, "2024": 42, "2029": 41}, "Two or More Races Alone": {"Demographic": null, "2020": 262, "% OF TOTAL": 3.4, "2024": 280, "2029": 273}, "Not Hispanic or Latino": {"Demographic": null, "2020": 7787, "% OF TOTAL": 96.6, "2024": 7685, "2029": 7684}, "Hispanic or Latino": {"Demographic": null, "2020": 270, "% OF TOTAL": 3.4, "2024": 280, "2029": 272}, "Total Housing Units": {"Demographic": null, "2020": 4347, "% OF TOTAL": null, "2024": null, "2029": null}, "Owner Occupied Housing Units": {"Demographic": null, "2020": 1679, "% OF TOTAL": null, "2024": 1663, "2029": null}, "Renter Occupied Housing Units": {"Demographic": null, "2020": 1683, "% OF TOTAL": null, "2024": 1690, "2029": null}, "Housing Units Value Less Than 100k": {"Demographic": null, "2020": 854, "% OF TOTAL": null, "2024": 861, "2029": null}, "Housing Units Value 100k - 200k": {"Demographic": null, "2020": 393, "% OF TOTAL": null, "2024": 387, "2029": null}, "Housing Units Value 200k - 250k": {"Demographic": null, "2020": 135, "% OF TOTAL": null, "2024": 131, "2029": null}, "Housing Units Value 250k - 300k": {"Demographic": null, "2020": 39, "% OF TOTAL": null, "2024": 38, "2029": null}, "Housing Units Value 300k - 400k": {"Demographic": null, "2020": 127, "% OF TOTAL": null, "2024": 122, "2029": null}, "Housing Units Value 400k - 500k": {"Demographic": null, "2020": 62, "% OF TOTAL": null, "2024": 59, "2029": null}, "Housing Units Value 500k - 750k": {"Demographic": null, "2020": 51, "% OF TOTAL": null, "2024": 48, "2029": null}, "Housing Units Value 750k - 1m": {"Demographic": null, "2020": 3, "% OF TOTAL": null, "2024": 3, "2029": null}, "Housing Units Value 1m - 1.5m": {"Demographic": null, "2020": 12, "% OF TOTAL": null, "2024": 11, "2029": null}, "Housing Units Value 1.5m - 2m": {"Demographic": null, "2020": 0, "% OF TOTAL": null, "2024": 0, "2029": null}, "Housing Units Value >2m": {"Demographic": null, "2020": 3, "% OF TOTAL": null, "2024": 3, "2029": null}, "Take Car or Truck to Work": {"Demographic": null, "2020": 2492, "% OF TOTAL": null, "2024": 2488, "2029": null}, "Take Public Transportation to Work": {"Demographic": null, "2020": 18, "% OF TOTAL": null, "2024": 18, "2029": null}, "Take Other Means of Transportation to Work": {"Demographic": null, "2020": 41, "% OF TOTAL": null, "2024": 50, "2029": null}, "Average Travel Time (min)": {"Demographic": null, "2020": 23, "% OF TOTAL": null, "2024": 23, "2029": null}, "Travel Below 30 Min to Work": {"Demographic": null, "2020": 1907, "% OF TOTAL": null, "2024": 1917, "2029": null}, "Travel 30-60 Min to Work": {"Demographic": null, "2020": 562, "% OF TOTAL": null, "2024": 559, "2029": null}, "Travel Above 60 Min to Work": {"Demographic": null, "2020": 398, "% OF TOTAL": null, "2024": 80, "2029": null}, "Educational Attainment: No High School Diploma": {"Demographic": null, "2020": 2833, "% OF TOTAL": null, "2024": 2841, "2029": null}, "Educational Attainment: High School Diploma": {"Demographic": null, "2020": 2090, "% OF TOTAL": null, "2024": 2101, "2029": null}, "Educational Attainment: Some College": {"Demographic": null, "2020": 2576, "% OF TOTAL": null, "2024": 2549, "2029": null}, "Educational Attainment: Associate's Degree": {"Demographic": null, "2020": 469, "% OF TOTAL": null, "2024": 462, "2029": null}, "Educational Attainment: Bachelors Degree": {"Demographic": null, "2020": 1083, "% OF TOTAL": null, "2024": 1073, "2029": null}, "Educational Attainment: Advanced Degree": {"Demographic": null, "2020": 392, "% OF TOTAL": null, "2024": 380, "2029": null}, "Households: Number of vehicles available - Average": {"Demographic": null, "2020": 1, "% OF TOTAL": null, "2024": 1, "2029": null}, "Households: No Vehicle available": {"Demographic": null, "2020": 502, "% OF TOTAL": null, "2024": 493, "2029": null}, "Households: 1 Vehicle available": {"Demographic": null, "2020": 1269, "% OF TOTAL": null, "2024": 1273, "2029": null}, "Households: 2 Vehicles available": {"Demographic": null, "2020": 1136, "% OF TOTAL": null, "2024": 1142, "2029": null}, "Households: 3 Vehicles available": {"Demographic": null, "2020": 298, "% OF TOTAL": null, "2024": 290, "2029": null}, "Households: 4 or more Vehicles available": {"Demographic": null, "2020": 157, "% OF TOTAL": null, "2024": 155, "2029": null}}, "population_trends": {"Total Population": {"Demographic": null, "2020": 8057, "% OF TOTAL": null, "2024": 7965, "2029": 7956}, "Population Growth": {"Demographic": null, "2020": null, "% OF TOTAL": null, "2024": -1.1, "2029": -0.1}, "Female Population": {"Demographic": null, "2020": 4266, "% OF TOTAL": 53.4, "2024": 4238, "2029": 4249}, "Male Population": {"Demographic": null, "2020": 3791, "% OF TOTAL": 46.6, "2024": 3727, "2029": 3707}, "Total population: Median Age": {"Demographic": null, "2020": 40, "% OF TOTAL": null, "2024": 41, "2029": 43}, "Total population: Under 5 years": {"Demographic": null, "2020": 418, "% OF TOTAL": 4.8, "2024": 395, "2029": 380}, "Total population: 5 - 9 years": {"Demographic": null, "2020": 443, "% OF TOTAL": 5.3, "2024": 450, "2029": 424}, "Total population: 10 - 14 years": {"Demographic": null, "2020": 524, "% OF TOTAL": 5.8, "2024": 486, "2029": 460}, "Total population: 15 - 19 years": {"Demographic": null, "2020": 428, "% OF TOTAL": 5.4, "2024": 437, "2029": 433}, "Total population: 20 - 24 years": {"Demographic": null, "2020": 443, "% OF TOTAL": 5.2, "2024": 427, "2029": 413}, "Total population: 25 - 29 years": {"Demographic": null, "2020": 551, "% OF TOTAL": 5.8, "2024": 501, "2029": 462}, "Total population: 30 - 34 years": {"Demographic": null, "2020": 467, "% OF TOTAL": 5.8, "2024": 483, "2029": 461}, "Total population: 35 - 39 years": {"Demographic": null, "2020": 515, "% OF TOTAL": 6.7, "2024": 524, "2029": 537}, "Total population: 40 - 44 years": {"Demographic": null, "2020": 441, "% OF TOTAL": 6.1, "2024": 448, "2029": 484}, "Total population: 45 - 49 years": {"Demographic": null, "2020": 427, "% OF TOTAL": 5.6, "2024": 419, "2029": 442}, "Total population: 50 - 54 years": {"Demographic": null, "2020": 462, "% OF TOTAL": 5.2, "2024": 439, "2029": 413}, "Total population: 55 - 59 years": {"Demographic": null, "2020": 596, "% OF TOTAL": 6.2, "2024": 532, "2029": 497}, "Total population: 60 - 64 years": {"Demographic": null, "2020": 639, "% OF TOTAL": 6.9, "2024": 614, "2029": 549}, "Total population: 65 - 69 years": {"Demographic": null, "2020": 539, "% OF TOTAL": 7.4, "2024": 573, "2029": 589}, "Total population: 70 - 74 years": {"Demographic": null, "2020": 426, "% OF TOTAL": 6.3, "2024": 454, "2029": 503}, "Total population: 75 - 79 years": {"Demographic": null, "2020": 306, "% OF TOTAL": 4.9, "2024": 351, "2029": 393}, "Total population: 80 - 84 years": {"Demographic": null, "2020": 193, "% OF TOTAL": 3.4, "2024": 203, "2029": 271}, "Total population: 85 years and over": {"Demographic": null, "2020": 239, "% OF TOTAL": 3.1, "2024": 229, "2029": 245}, "Female population: Median Age": {"Demographic": null, "2020": 42, "% OF TOTAL": null, "2024": 43, "2029": 44}, "Female population: Under 5 years": {"Demographic": null, "2020": 191, "% OF TOTAL": 4.3, "2024": 185, "2029": 181}, "Female population: 5 - 9 years": {"Demographic": null, "2020": 208, "% OF TOTAL": 4.8, "2024": 213, "2029": 204}, "Female population: 10 - 14 years": {"Demographic": null, "2020": 248, "% OF TOTAL": 5.2, "2024": 234, "2029": 219}, "Female population: 15 - 19 years": {"Demographic": null, "2020": 211, "% OF TOTAL": 4.8, "2024": 210, "2029": 205}, "Female population: 20 - 24 years": {"Demographic": null, "2020": 226, "% OF TOTAL": 4.9, "2024": 217, "2029": 209}, "Female population: 25 - 29 years": {"Demographic": null, "2020": 281, "% OF TOTAL": 5.6, "2024": 253, "2029": 239}, "Female population: 30 - 34 years": {"Demographic": null, "2020": 241, "% OF TOTAL": 5.5, "2024": 247, "2029": 233}, "Female population: 35 - 39 years": {"Demographic": null, "2020": 280, "% OF TOTAL": 6.8, "2024": 284, "2029": 287}, "Female population: 40 - 44 years": {"Demographic": null, "2020": 224, "% OF TOTAL": 6.0, "2024": 232, "2029": 255}, "Female population: 45 - 49 years": {"Demographic": null, "2020": 239, "% OF TOTAL": 5.8, "2024": 237, "2029": 246}, "Female population: 50 - 54 years": {"Demographic": null, "2020": 227, "% OF TOTAL": 5.0, "2024": 217, "2029": 213}, "Female population: 55 - 59 years": {"Demographic": null, "2020": 311, "% OF TOTAL": 6.0, "2024": 274, "2029": 254}, "Female population: 60 - 64 years": {"Demographic": null, "2020": 336, "% OF TOTAL": 6.9, "2024": 328, "2029": 292}, "Female population: 65 - 69 years": {"Demographic": null, "2020": 303, "% OF TOTAL": 7.7, "2024": 329, "2029": 329}, "Female population: 70 - 74 years": {"Demographic": null, "2020": 262, "% OF TOTAL": 7.1, "2024": 278, "2029": 301}, "Female population: 75 - 79 years": {"Demographic": null, "2020": 174, "% OF TOTAL": 5.4, "2024": 196, "2029": 230}, "Female population: 80 - 84 years": {"Demographic": null, "2020": 145, "% OF TOTAL": 4.4, "2024": 156, "2029": 187}, "Female population: 85 years and over": {"Demographic": null, "2020": 159, "% OF TOTAL": 3.9, "2024": 148, "2029": 165}, "Male population: Median Age": {"Demographic": null, "2020": 38, "% OF TOTAL": null, "2024": 39, "2029": 40}, "Male population: Under 5 years": {"Demographic": null, "2020": 227, "% OF TOTAL": 5.4, "2024": 210, "2029": 199}, "Male population: 5 - 9 years": {"Demographic": null, "2020": 235, "% OF TOTAL": 5.9, "2024": 237, "2029": 220}, "Male population: 10 - 14 years": {"Demographic": null, "2020": 276, "% OF TOTAL": 6.5, "2024": 252, "2029": 241}, "Male population: 15 - 19 years": {"Demographic": null, "2020": 217, "% OF TOTAL": 6.2, "2024": 227, "2029": 228}, "Male population: 20 - 24 years": {"Demographic": null, "2020": 217, "% OF TOTAL": 5.5, "2024": 210, "2029": 204}, "Male population: 25 - 29 years": {"Demographic": null, "2020": 270, "% OF TOTAL": 6.0, "2024": 248, "2029": 223}, "Male population: 30 - 34 years": {"Demographic": null, "2020": 226, "% OF TOTAL": 6.2, "2024": 236, "2029": 228}, "Male population: 35 - 39 years": {"Demographic": null, "2020": 235, "% OF TOTAL": 6.7, "2024": 240, "2029": 250}, "Male population: 40 - 44 years": {"Demographic": null, "2020": 217, "% OF TOTAL": 6.2, "2024": 216, "2029": 229}, "Male population: 45 - 49 years": {"Demographic": null, "2020": 188, "% OF TOTAL": 5.3, "2024": 182, "2029": 196}, "Male population: 50 - 54 years": {"Demographic": null, "2020": 235, "% OF TOTAL": 5.4, "2024": 222, "2029": 200}, "Male population: 55 - 59 years": {"Demographic": null, "2020": 285, "% OF TOTAL": 6.6, "2024": 258, "2029": 243}, "Male population: 60 - 64 years": {"Demographic": null, "2020": 303, "% OF TOTAL": 6.9, "2024": 286, "2029": 257}, "Male population: 65 - 69 years": {"Demographic": null, "2020": 236, "% OF TOTAL": 7.0, "2024": 244, "2029": 260}, "Male population: 70 - 74 years": {"Demographic": null, "2020": 164, "% OF TOTAL": 5.4, "2024": 176, "2029": 202}, "Male population: 75 - 79 years": {"Demographic": null, "2020": 132, "% OF TOTAL": 4.4, "2024": 155, "2029": 163}, "Male population: 80 - 84 years": {"Demographic": null, "2020": 48, "% OF TOTAL": 2.3, "2024": 47, "2029": 84}, "Male population: 85 years and over": {"Demographic": null, "2020": 80, "% OF TOTAL": 2.2, "2024": 81, "2029": 80}, "White alone": {"Demographic": null, "2020": 1688, "% OF TOTAL": 19.5, "2024": 1613, "2029": 1554}, "Black alone": {"Demographic": null, "2020": 6024, "% OF TOTAL": 76.0, "2024": 5989, "2029": 6045}, "American Indian and Alaska Native alone": {"Demographic": null, "2020": 22, "% OF TOTAL": 0.3, "2024": 24, "2029": 26}, "Asian alone": {"Demographic": null, "2020": 13, "% OF TOTAL": 0.2, "2024": 13, "2029": 13}, "Native Hawaiian and OPI alone": {"Demographic": null, "2020": 4, "% OF TOTAL": 0.1, "2024": 4, "2029": 4}, "Some other race alone": {"Demographic": null, "2020": 44, "% OF TOTAL": 0.5, "2024": 42, "2029": 41}, "Two or more races alone": {"Demographic": null, "2020": 262, "% OF TOTAL": 3.4, "2024": 280, "2029": 273}, "Not Hispanic: White alone": {"Demographic": null, "2020": 1656, "% OF TOTAL": 19.1, "2024": 1580, "2029": 1522}, "Not Hispanic: Black or African American alone": {"Demographic": null, "2020": 5891, "% OF TOTAL": 74.3, "2024": 5852, "2029": 5914}, "Not Hispanic: American Indian and Alaska Native alone": {"Demographic": null, "2020": 21, "% OF TOTAL": 0.3, "2024": 23, "2029": 25}, "Not Hispanic: Asian alone": {"Demographic": null, "2020": 12, "% OF TOTAL": 0.2, "2024": 12, "2029": 12}, "Not Hispanic: Native Hawaiian and OPI alone": {"Demographic": null, "2020": 4, "% OF TOTAL": 0.1, "2024": 4, "2029": 4}, "Not Hispanic: Some Other Race alone": {"Demographic": null, "2020": 17, "% OF TOTAL": 0.2, "2024": 16, "2029": 15}, "Not Hispanic: Two or More Races": {"Demographic": null, "2020": 186, "% OF TOTAL": 2.4, "2024": 198, "2029": 192}, "Hispanic: White alone": {"Demographic": null, "2020": 32, "% OF TOTAL": 0.4, "2024": 33, "2029": 32}, "Hispanic: Black or African American alone": {"Demographic": null, "2020": 133, "% OF TOTAL": 1.6, "2024": 137, "2029": 131}, "Hispanic: American Indian and Alaska Native alone": {"Demographic": null, "2020": 1, "% OF TOTAL": 0.0, "2024": 1, "2029": 1}, "Hispanic: Asian alone": {"Demographic": null, "2020": 1, "% OF TOTAL": 0.0, "2024": 1, "2029": 1}, "Hispanic: Native Hawaiian and OPI alone": {"Demographic": null, "2020": 0, "% OF TOTAL": 0.0, "2024": 0, "2029": 0}, "Hispanic: Some Other Race alone": {"Demographic": null, "2020": 27, "% OF TOTAL": 0.3, "2024": 26, "2029": 26}, "Hispanic: Two or More Races": {"Demographic": null, "2020": 76, "% OF TOTAL": 1.0, "2024": 82, "2029": 81}, "Educational Attainment: No High School Diploma": {"Demographic": null, "2020": 743, "% OF TOTAL": null, "2024": 740, "2029": null}, "Educational Attainment: High School Diploma": {"Demographic": null, "2020": 2090, "% OF TOTAL": null, "2024": 2101, "2029": null}, "Educational Attainment: Some College": {"Demographic": null, "2020": 1024, "% OF TOTAL": null, "2024": 1014, "2029": null}, "Educational Attainment: Associates Degree": {"Demographic": null, "2020": 469, "% OF TOTAL": null, "2024": 462, "2029": null}, "Educational Attainment: Bachelors Degree": {"Demographic": null, "2020": 1083, "% OF TOTAL": null, "2024": 1073, "2029": null}, "Educational Attainment: Advanced Degree": {"Demographic": null, "2020": 392, "% OF TOTAL": null, "2024": 380, "2029": null}, "Employment Status: Armed Forces": {"Demographic": null, "2020": 2, "% OF TOTAL": null, "2024": 2, "2029": null}, "Employment Status: Civilian labor force employed": {"Demographic": null, "2020": 2824, "% OF TOTAL": null, "2024": 2818, "2029": null}, "Employment Status: Civilian labor force unemployed": {"Demographic": null, "2020": 258, "% OF TOTAL": null, "2024": 252, "2029": null}, "Employment Status: Not in labor force": {"Demographic": null, "2020": 3488, "% OF TOTAL": null, "2024": 3481, "2029": null}, "Employed in Agriculture and Mining Industries": {"Demographic": null, "2020": 5, "% OF TOTAL": null, "2024": 5, "2029": null}, "Employed in Construction Industries": {"Demographic": null, "2020": 290, "% OF TOTAL": null, "2024": 282, "2029": null}, "Employed in Manufacturing Industries": {"Demographic": null, "2020": 311, "% OF TOTAL": null, "2024": 309, "2029": null}, "Employed in Wholesale Industries": {"Demographic": null, "2020": 34, "% OF TOTAL": null, "2024": 33, "2029": null}, "Employed in Retail Industries": {"Demographic": null, "2020": 299, "% OF TOTAL": null, "2024": 293, "2029": null}, "Employed in Transportation and Utilities Industries": {"Demographic": null, "2020": 136, "% OF TOTAL": null, "2024": 152, "2029": null}, "Employed in Information Industries": {"Demographic": null, "2020": 14, "% OF TOTAL": null, "2024": 16, "2029": null}, "Employed in Real-Estate Industries": {"Demographic": null, "2020": 157, "% OF TOTAL": null, "2024": 152, "2029": null}, "Employed in Professional Industries": {"Demographic": null, "2020": 341, "% OF TOTAL": null, "2024": 351, "2029": null}, "Employed in Health and Education Industries": {"Demographic": null, "2020": 763, "% OF TOTAL": null, "2024": 761, "2029": null}, "Employed in Art Industries": {"Demographic": null, "2020": 268, "% OF TOTAL": null, "2024": 261, "2029": null}, "Employed in Other Industries": {"Demographic": null, "2020": 99, "% OF TOTAL": null, "2024": 98, "2029": null}, "Employed in Public Administration Industries": {"Demographic": null, "2020": 107, "% OF TOTAL": null, "2024": 105, "2029": null}, "Occupation: Management": {"Demographic": null, "2020": 299, "% OF TOTAL": null, "2024": 295, "2029": null}, "Occupation: Business and financial operations": {"Demographic": null, "2020": 148, "% OF TOTAL": null, "2024": 143, "2029": null}, "Occupation: Computer and mathematical": {"Demographic": null, "2020": 10, "% OF TOTAL": null, "2024": 10, "2029": null}, "Occupation: Architecture and engineering": {"Demographic": null, "2020": 10, "% OF TOTAL": null, "2024": 10, "2029": null}, "Occupation: Life, physical, and social science": {"Demographic": null, "2020": 29, "% OF TOTAL": null, "2024": 27, "2029": null}, "Occupation: Community and social service": {"Demographic": null, "2020": 49, "% OF TOTAL": null, "2024": 48, "2029": null}, "Occupation: Legal": {"Demographic": null, "2020": 65, "% OF TOTAL": null, "2024": 62, "2029": null}, "Occupation: Education, training, and library": {"Demographic": null, "2020": 119, "% OF TOTAL": null, "2024": 117, "2029": null}, "Occupation: Arts, design, entertainment, sports, and media": {"Demographic": null, "2020": 69, "% OF TOTAL": null, "2024": 67, "2029": null}, "Occupation: Health diagnosing and treating practitioners": {"Demographic": null, "2020": 180, "% OF TOTAL": null, "2024": 174, "2029": null}, "Occupation: Health technologists and technicians": {"Demographic": null, "2020": 29, "% OF TOTAL": null, "2024": 27, "2029": null}, "Occupation: Healthcare support": {"Demographic": null, "2020": 155, "% OF TOTAL": null, "2024": 154, "2029": null}, "Occupation: Fire fighting and prevention": {"Demographic": null, "2020": 44, "% OF TOTAL": null, "2024": 43, "2029": null}, "Occupation: Law enforcement workers": {"Demographic": null, "2020": 36, "% OF TOTAL": null, "2024": 36, "2029": null}, "Occupation: Food preparation and serving related": {"Demographic": null, "2020": 249, "% OF TOTAL": null, "2024": 244, "2029": null}, "Occupation: Building and grounds cleaning and maintenance": {"Demographic": null, "2020": 85, "% OF TOTAL": null, "2024": 87, "2029": null}, "Occupation: Personal care and service": {"Demographic": null, "2020": 17, "% OF TOTAL": null, "2024": 20, "2029": null}, "Occupation: Sales and related": {"Demographic": null, "2020": 284, "% OF TOTAL": null, "2024": 277, "2029": null}, "Occupation: Office and administrative support": {"Demographic": null, "2020": 234, "% OF TOTAL": null, "2024": 234, "2029": null}, "Occupation: Farming, fishing, and forestry": {"Demographic": null, "2020": 45, "% OF TOTAL": null, "2024": 44, "2029": null}, "Occupation: Construction and extraction": {"Demographic": null, "2020": 171, "% OF TOTAL": null, "2024": 181, "2029": null}, "Occupation: Installation, maintenance, and repair": {"Demographic": null, "2020": 153, "% OF TOTAL": null, "2024": 147, "2029": null}, "Occupation: Production": {"Demographic": null, "2020": 145, "% OF TOTAL": null, "2024": 145, "2029": null}, "Occupation: Transportation": {"Demographic": null, "2020": 102, "% OF TOTAL": null, "2024": 123, "2029": null}, "Occupation: Material moving": {"Demographic": null, "2020": 97, "% OF TOTAL": null, "2024": 103, "2029": null}, "White collar": {"Demographic": null, "2020": 1525, "% OF TOTAL": null, "2024": 1491, "2029": null}, "Blue collar": {"Demographic": null, "2020": 1299, "% OF TOTAL": null, "2024": 1327, "2029": null}, "Means of transportation: Car, truck or van": {"Demographic": null, "2020": 2492, "% OF TOTAL": null, "2024": 2488, "2029": null}, "Means of transportation: Public transportation": {"Demographic": null, "2020": 18, "% OF TOTAL": null, "2024": 18, "2029": null}, "Means of transportation: Other": {"Demographic": null, "2020": 41, "% OF TOTAL": null, "2024": 50, "2029": null}, "Travel time: Average (in minutes)": {"Demographic": null, "2020": 22, "% OF TOTAL": null, "2024": 22, "2029": null}, "Travel time to work: Less than 30 minutes": {"Demographic": null, "2020": 1907, "% OF TOTAL": null, "2024": 1917, "2029": null}, "Travel time to work: 30 to 60 minutes": {"Demographic": null, "2020": 562, "% OF TOTAL": null, "2024": 559, "2029": null}, "Travel time to work: 60 or more minutes": {"Demographic": null, "2020": 82, "% OF TOTAL": null, "2024": 80, "2029": null}}, "household_trends": {"Households": {"Demographic": null, "2020": 3362, "% OF TOTAL": null, "2024": 3353, "2029": 3394}, "Households Growth": {"Demographic": null, "2020": null, "% OF TOTAL": null, "2024": -0.3, "2029": 1.2}, "Householder Age 15-24": {"Demographic": null, "2020": 116, "% OF TOTAL": 3.6, "2024": 117, "2029": 122}, "Householder Age 25-34": {"Demographic": null, "2020": 524, "% OF TOTAL": 14.5, "2024": 519, "2029": 492}, "Householder Age 35-44": {"Demographic": null, "2020": 485, "% OF TOTAL": 15.6, "2024": 499, "2029": 531}, "Householder Age 45-54": {"Demographic": null, "2020": 490, "% OF TOTAL": 14.4, "2024": 489, "2029": 489}, "Householder Age 55-64": {"Demographic": null, "2020": 749, "% OF TOTAL": 19.6, "2024": 738, "2029": 664}, "Householder Age 65-74": {"Demographic": null, "2020": 590, "% OF TOTAL": 18.6, "2024": 584, "2029": 632}, "Householder Age 75+": {"Demographic": null, "2020": 408, "% OF TOTAL": 13.7, "2024": 407, "2029": 464}, "Average Household Size": {"Demographic": null, "2020": 2.4, "% OF TOTAL": null, "2024": 2.3, "2029": 2.3}, "1 Person Households": {"Demographic": null, "2020": 1273, "% OF TOTAL": 38.2, "2024": 1273, "2029": 1295}, "2 Person Households": {"Demographic": null, "2020": 937, "% OF TOTAL": 28.7, "2024": 945, "2029": 975}, "3 Person Households": {"Demographic": null, "2020": 550, "% OF TOTAL": 16.8, "2024": 556, "2029": 569}, "4 Person Households": {"Demographic": null, "2020": 334, "% OF TOTAL": 9.2, "2024": 321, "2029": 311}, "5 Person Households": {"Demographic": null, "2020": 148, "% OF TOTAL": 3.8, "2024": 139, "2029": 130}, "6 Person Households": {"Demographic": null, "2020": 83, "% OF TOTAL": 2.3, "2024": 80, "2029": 77}, "7+ Person Households": {"Demographic": null, "2020": 37, "% OF TOTAL": 1.1, "2024": 39, "2029": 37}, "Household Type: Family": {"Demographic": null, "2020": 1936, "% OF TOTAL": null, "2024": 1938, "2029": null}, "Household Type: Married Family": {"Demographic": null, "2020": 765, "% OF TOTAL": null, "2024": 755, "2029": null}, "Household Type: Married Family With Children": {"Demographic": null, "2020": 239, "% OF TOTAL": null, "2024": 240, "2029": null}, "Household Type: Married Family Without Children": {"Demographic": null, "2020": 526, "% OF TOTAL": null, "2024": 515, "2029": null}, "Household Type: Other Family": {"Demographic": null, "2020": 1171, "% OF TOTAL": null, "2024": 1183, "2029": null}, "Household Type: Male Households, No Wife": {"Demographic": null, "2020": 223, "% OF TOTAL": null, "2024": 222, "2029": null}, "Household Type: Male Households, No Wife With Children": {"Demographic": null, "2020": 62, "% OF TOTAL": null, "2024": 62, "2029": null}, "Household Type: Male Households, No Wife Without Children": {"Demographic": null, "2020": 161, "% OF TOTAL": null, "2024": 160, "2029": null}, "Household Type: Female Households, No Husband": {"Demographic": null, "2020": 948, "% OF TOTAL": null, "2024": 961, "2029": null}, "Household Type: Female Households, No Husband With Children": {"Demographic": null, "2020": 380, "% OF TOTAL": null, "2024": 392, "2029": null}, "Household Type: Female Households, No Husband Without Children": {"Demographic": null, "2020": 568, "% OF TOTAL": null, "2024": 569, "2029": null}, "Household Income: Average": {"Demographic": null, "2020": 60562, "% OF TOTAL": null, "2024": 65834, "2029": 78033}, "Household Income: Median": {"Demographic": null, "2020": 0, "% OF TOTAL": null, "2024": 36892, "2029": 47738}, "Household Income: Less than $25k": {"Demographic": null, "2020": 1257, "% OF TOTAL": 27.0, "2024": 1136, "2029": 918}, "Household Income: $25k - $50k": {"Demographic": null, "2020": 684, "% OF TOTAL": 16.7, "2024": 604, "2029": 568}, "Household Income: $50k - $75k": {"Demographic": null, "2020": 493, "% OF TOTAL": 17.4, "2024": 551, "2029": 591}, "Household Income: $75k - $100k": {"Demographic": null, "2020": 350, "% OF TOTAL": 12.3, "2024": 383, "2029": 417}, "Household Income: $100k - $125k": {"Demographic": null, "2020": 186, "% OF TOTAL": 8.8, "2024": 215, "2029": 299}, "Household Income: $125k - $150k": {"Demographic": null, "2020": 94, "% OF TOTAL": 3.5, "2024": 114, "2029": 118}, "Household Income: $150k - $200k": {"Demographic": null, "2020": 168, "% OF TOTAL": 7.6, "2024": 206, "2029": 258}, "Household Income: Above $200k": {"Demographic": null, "2020": 130, "% OF TOTAL": 6.6, "2024": 144, "2029": 225}, "Total Housing Units": {"Demographic": null, "2020": 4347, "% OF TOTAL": null, "2024": null, "2029": null}, "Owner Occupied Housing Units": {"Demographic": null, "2020": 1679, "% OF TOTAL": null, "2024": 1663, "2029": null}, "Renter Occupied Housing Units": {"Demographic": null, "2020": 1683, "% OF TOTAL": null, "2024": 1690, "2029": null}, "Vacant Housing Units": {"Demographic": null, "2020": 985, "% OF TOTAL": null, "2024": null, "2029": null}, "Vacant Housing Units: Seasonal": {"Demographic": null, "2020": 26, "% OF TOTAL": null, "2024": null, "2029": null}, "Vacant Housing Units: Other Usage": {"Demographic": null, "2020": 959, "% OF TOTAL": null, "2024": null, "2029": null}, "Average Housing Unit Value": {"Demographic": null, "2020": 138164, "% OF TOTAL": null, "2024": 136489, "2029": null}, "Median Housing Unit Value": {"Demographic": null, "2020": 69853, "% OF TOTAL": null, "2024": 69844, "2029": null}, "Housing Unit Value Less Than $100k": {"Demographic": null, "2020": 854, "% OF TOTAL": null, "2024": 861, "2029": null}, "Housing Unit Value $100k-$200k": {"Demographic": null, "2020": 393, "% OF TOTAL": null, "2024": 387, "2029": null}, "Housing Unit Value $200k-$250k": {"Demographic": null, "2020": 135, "% OF TOTAL": null, "2024": 131, "2029": null}, "Housing Unit Value $250k-$300k": {"Demographic": null, "2020": 39, "% OF TOTAL": null, "2024": 38, "2029": null}, "Housing Unit Value $300k-$400k": {"Demographic": null, "2020": 127, "% OF TOTAL": null, "2024": 122, "2029": null}, "Housing Unit Value $400k-$500k": {"Demographic": null, "2020": 62, "% OF TOTAL": null, "2024": 59, "2029": null}, "Housing Unit Value $500k-$750k": {"Demographic": null, "2020": 51, "% OF TOTAL": null, "2024": 48, "2029": null}, "Housing Unit Value $750k-$1m": {"Demographic": null, "2020": 3, "% OF TOTAL": null, "2024": 3, "2029": null}, "Housing Unit Value $1m-$1.5m": {"Demographic": null, "2020": 12, "% OF TOTAL": null, "2024": 11, "2029": null}, "Housing Unit Value $1.5m-$2m": {"Demographic": null, "2020": 0, "% OF TOTAL": null, "2024": 0, "2029": null}, "Housing Unit Value Above $2m": {"Demographic": null, "2020": 3, "% OF TOTAL": null, "2024": 3, "2029": null}, "Median Housing Unit Year Built": {"Demographic": null, "2020": 1959, "% OF TOTAL": null, "2024": 1959, "2029": null}, "Housing Units Built 2014 Or After": {"Demographic": null, "2020": 0, "% OF TOTAL": null, "2024": 0, "2029": null}, "Housing Units Built 2010-2013": {"Demographic": null, "2020": 63, "% OF TOTAL": null, "2024": 62, "2029": null}, "Housing Units Built 2000-2009": {"Demographic": null, "2020": 106, "% OF TOTAL": null, "2024": 113, "2029": null}, "Housing Units Built 1990-1999": {"Demographic": null, "2020": 62, "% OF TOTAL": null, "2024": 63, "2029": null}, "Housing Units Built 1980-1989": {"Demographic": null, "2020": 225, "% OF TOTAL": null, "2024": 250, "2029": null}, "Housing Units Built 1970-1979": {"Demographic": null, "2020": 390, "% OF TOTAL": null, "2024": 388, "2029": null}, "Housing Units Built 1960-1969": {"Demographic": null, "2020": 583, "% OF TOTAL": null, "2024": 581, "2029": null}, "Housing Units Built 1950-1959": {"Demographic": null, "2020": 869, "% OF TOTAL": null, "2024": 855, "2029": null}, "Housing Units Built 1940-1949": {"Demographic": null, "2020": 520, "% OF TOTAL": null, "2024": 512, "2029": null}, "Housing Units Built Before 1940": {"Demographic": null, "2020": 544, "% OF TOTAL": null, "2024": 529, "2029": null}}, "consumer_segments": {"Renters": {"households": 1215, "pct": 25.2}, "Entry Level Suburban": {"households": 641, "pct": 13.3}, "Renters Near Term Buyers": {"households": 548, "pct": 11.4}, "Elite": {"households": 519, "pct": 10.8}, "Active Adult Entry Level": {"households": 514, "pct": 10.7}, "Active Adult Feature and Location": {"households": 388, "pct": 8.0}, "Entry Level Urban": {"households": 304, "pct": 6.3}, "Feature and Location": {"households": 245, "pct": 5.1}, "Active Adult Elite": {"households": 145, "pct": 3.0}, "Family Life Young Children": {"households": 122, "pct": 2.5}, "Simple Life Affluent No Children": {"households": 65, "pct": 1.3}, "Family Life School Age Children": {"households": 57, "pct": 1.2}, "Simple Life Moderate Income With Children": {"households": 39, "pct": 0.8}, "Simple Life Moderate Income No Children": {"households": 21, "pct": 0.4}}, "income_age": {"2020": {}, "2024": {}, "2029": {}}, "population_2024": 7965, "population_2029": 7956, "households_2024": 3353, "households_2029": 3394, "median_household_income_2024": 36892, "median_household_income_2029": 47738, "mean_household_income_2024": null, "mean_household_income_2029": null, "median_age_2024": 41, "median_age_2029": 43, "median_home_value_2024": 69844, "average_household_size_2024": 2.3, "average_household_size_2029": 2.3, "population_growth_2024_2029": -1.1, "households_growth_2024_2029": -0.3}, "geometry": {"type": "Polygon", "coordinates": [[[-88.086919, 30.689683], [-88.087245, 30.718722], [-88.053633, 30.718999], [-88.053318, 30.68996], [-88.086919, 30.689683]]]}}, {"type": "Feature", "properties": {"block": "069", "block_num": 69, "CentroidLon": -88.10388501146335, "CentroidLat": 30.70406021821387, "submarket": "North Mobile", "data_status": "usable", "is_anomalous": false, "anomaly_reason": null, "files_present": "DemographicSnapshot-26.08.06.csv;PopulationTrends-26.08.06.csv;HouseholdTrends-26.08.06.csv;HouseholdIncomeByAge-26.08.06.csv;ConsumerSegmentation-26.08.06.csv", "demographic_snapshot": {"Total Population": {"Demographic": null, "2020": 10114, "% OF TOTAL": null, "2024": 10127, "2029": 9973}, "Households": {"Demographic": null, "2020": 4397, "% OF TOTAL": null, "2024": 4445, "2029": 4438}, "Population in Group Quarters": {"Demographic": null, "2020": 183, "% OF TOTAL": null, "2024": 189, "2029": 191}, "Households Growth": {"Demographic": null, "2020": null, "% OF TOTAL": null, "2024": 1.1, "2029": -0.2}, "Household Income: Median": {"Demographic": null, "2020": 0, "% OF TOTAL": null, "2024": 46167, "2029": 50570}, "Home Value: Median": {"Demographic": null, "2020": 94684, "% OF TOTAL": null, "2024": 94667, "2029": null}, "Population Growth": {"Demographic": null, "2020": null, "% OF TOTAL": null, "2024": 0.1, "2029": -1.5}, "Total Population: Under 19 years": {"Demographic": null, "2020": 2506, "% OF TOTAL": 22.9, "2024": 2457, "2029": 2286}, "Total Population: 20 - 64 years": {"Demographic": null, "2020": 5384, "% OF TOTAL": 51.1, "2024": 5290, "2029": 5100}, "Total Population: 65 years and over": {"Demographic": null, "2020": 2224, "% OF TOTAL": 25.9, "2024": 2380, "2029": 2587}, "Total population: Median age": {"Demographic": null, "2020": 41, "% OF TOTAL": null, "2024": 41, "2029": 43}, "Total population: Under 5 years": {"Demographic": null, "2020": 644, "% OF TOTAL": 5.7, "2024": 625, "2029": 570}, "Total population: 5 - 9 years": {"Demographic": null, "2020": 586, "% OF TOTAL": 5.7, "2024": 588, "2029": 566}, "Total population: 10 - 14 years": {"Demographic": null, "2020": 646, "% OF TOTAL": 5.7, "2024": 607, "2029": 567}, "Total population: 15 - 19 years": {"Demographic": null, "2020": 630, "% OF TOTAL": 5.8, "2024": 637, "2029": 583}, "Total population: 20 - 24 years": {"Demographic": null, "2020": 591, "% OF TOTAL": 5.7, "2024": 588, "2029": 566}, "Total population: 25 - 29 years": {"Demographic": null, "2020": 708, "% OF TOTAL": 6.3, "2024": 667, "2029": 624}, "Total population: 30 - 34 years": {"Demographic": null, "2020": 639, "% OF TOTAL": 6.2, "2024": 675, "2029": 618}, "Total population: 35 - 39 years": {"Demographic": null, "2020": 534, "% OF TOTAL": 6.1, "2024": 544, "2029": 607}, "Total population: 40 - 44 years": {"Demographic": null, "2020": 483, "% OF TOTAL": 5.2, "2024": 492, "2029": 516}, "Total population: 45 - 49 years": {"Demographic": null, "2020": 473, "% OF TOTAL": 4.8, "2024": 471, "2029": 482}, "Total population: 50 - 54 years": {"Demographic": null, "2020": 531, "% OF TOTAL": 4.6, "2024": 507, "2029": 462}, "Total population: 55 - 59 years": {"Demographic": null, "2020": 681, "% OF TOTAL": 5.8, "2024": 624, "2029": 574}, "Total population: 60 - 64 years": {"Demographic": null, "2020": 744, "% OF TOTAL": 6.5, "2024": 722, "2029": 651}, "Total population: 65 - 69 years": {"Demographic": null, "2020": 666, "% OF TOTAL": 7.1, "2024": 712, "2029": 707}, "Total population: 70 - 74 years": {"Demographic": null, "2020": 564, "% OF TOTAL": 6.6, "2024": 611, "2029": 657}, "Total population: 75 - 79 years": {"Demographic": null, "2020": 357, "% OF TOTAL": 4.9, "2024": 417, "2029": 487}, "Total population: 80 - 84 years": {"Demographic": null, "2020": 333, "% OF TOTAL": 4.0, "2024": 342, "2029": 394}, "Total population: 85 years and over": {"Demographic": null, "2020": 304, "% OF TOTAL": 3.4, "2024": 298, "2029": 342}, "Householders Age 15-24": {"Demographic": null, "2020": 165, "% OF TOTAL": 3.9, "2024": 174, "2029": 174}, "Householders Age 25-34": {"Demographic": null, "2020": 642, "% OF TOTAL": 13.7, "2024": 656, "2029": 606}, "Householders Age 35-44": {"Demographic": null, "2020": 559, "% OF TOTAL": 13.9, "2024": 566, "2029": 619}, "Householders Age 45-54": {"Demographic": null, "2020": 578, "% OF TOTAL": 12.7, "2024": 583, "2029": 565}, "Householders Age 55-64": {"Demographic": null, "2020": 895, "% OF TOTAL": 18.3, "2024": 904, "2029": 810}, "Householders Age 65-74": {"Demographic": null, "2020": 874, "% OF TOTAL": 20.1, "2024": 873, "2029": 893}, "Householders Age 75+": {"Demographic": null, "2020": 684, "% OF TOTAL": 17.4, "2024": 689, "2029": 771}, "Household income: Average": {"Demographic": null, "2020": 58189, "% OF TOTAL": null, "2024": 63217, "2029": 77374}, "Household income: Less than 25k": {"Demographic": null, "2020": 1809, "% OF TOTAL": 31.5, "2024": 1707, "2029": 1400}, "Household income: 25k - 50k": {"Demographic": null, "2020": 856, "% OF TOTAL": 16.4, "2024": 767, "2029": 726}, "Household income: 50k - 75k": {"Demographic": null, "2020": 662, "% OF TOTAL": 15.4, "2024": 751, "2029": 684}, "Household income: 75k - 100k": {"Demographic": null, "2020": 339, "% OF TOTAL": 11.3, "2024": 418, "2029": 503}, "Household income: 100k - 125k": {"Demographic": null, "2020": 286, "% OF TOTAL": 8.4, "2024": 291, "2029": 373}, "Household income: 125k - 150k": {"Demographic": null, "2020": 99, "% OF TOTAL": 3.5, "2024": 110, "2029": 155}, "Household income: 150k - 200k": {"Demographic": null, "2020": 172, "% OF TOTAL": 7.1, "2024": 212, "2029": 316}, "Household income: Above 200k": {"Demographic": null, "2020": 174, "% OF TOTAL": 6.3, "2024": 189, "2029": 281}, "White Alone": {"Demographic": null, "2020": 1612, "% OF TOTAL": 14.4, "2024": 1518, "2029": 1440}, "Black or African American Alone": {"Demographic": null, "2020": 8041, "% OF TOTAL": 80.6, "2024": 8110, "2029": 8042}, "American Indian and Alaska Native Alone": {"Demographic": null, "2020": 35, "% OF TOTAL": 0.4, "2024": 38, "2029": 39}, "Asian Alone": {"Demographic": null, "2020": 50, "% OF TOTAL": 0.6, "2024": 54, "2029": 55}, "Native Hawaiian and OPI Alone": {"Demographic": null, "2020": 6, "% OF TOTAL": 0.1, "2024": 6, "2029": 6}, "Some Other Race Alone": {"Demographic": null, "2020": 59, "% OF TOTAL": 0.6, "2024": 60, "2029": 59}, "Two or More Races Alone": {"Demographic": null, "2020": 311, "% OF TOTAL": 3.3, "2024": 341, "2029": 332}, "Not Hispanic or Latino": {"Demographic": null, "2020": 9965, "% OF TOTAL": 98.4, "2024": 9964, "2029": 9810}, "Hispanic or Latino": {"Demographic": null, "2020": 149, "% OF TOTAL": 1.6, "2024": 163, "2029": 163}, "Total Housing Units": {"Demographic": null, "2020": 5260, "% OF TOTAL": null, "2024": null, "2029": null}, "Owner Occupied Housing Units": {"Demographic": null, "2020": 2122, "% OF TOTAL": null, "2024": 2128, "2029": null}, "Renter Occupied Housing Units": {"Demographic": null, "2020": 2275, "% OF TOTAL": null, "2024": 2317, "2029": null}, "Housing Units Value Less Than 100k": {"Demographic": null, "2020": 1186, "% OF TOTAL": null, "2024": 1205, "2029": null}, "Housing Units Value 100k - 200k": {"Demographic": null, "2020": 588, "% OF TOTAL": null, "2024": 589, "2029": null}, "Housing Units Value 200k - 250k": {"Demographic": null, "2020": 76, "% OF TOTAL": null, "2024": 75, "2029": null}, "Housing Units Value 250k - 300k": {"Demographic": null, "2020": 63, "% OF TOTAL": null, "2024": 60, "2029": null}, "Housing Units Value 300k - 400k": {"Demographic": null, "2020": 25, "% OF TOTAL": null, "2024": 24, "2029": null}, "Housing Units Value 400k - 500k": {"Demographic": null, "2020": 25, "% OF TOTAL": null, "2024": 24, "2029": null}, "Housing Units Value 500k - 750k": {"Demographic": null, "2020": 47, "% OF TOTAL": null, "2024": 44, "2029": null}, "Housing Units Value 750k - 1m": {"Demographic": null, "2020": 52, "% OF TOTAL": null, "2024": 49, "2029": null}, "Housing Units Value 1m - 1.5m": {"Demographic": null, "2020": 60, "% OF TOTAL": null, "2024": 58, "2029": null}, "Housing Units Value 1.5m - 2m": {"Demographic": null, "2020": 0, "% OF TOTAL": null, "2024": 0, "2029": null}, "Housing Units Value >2m": {"Demographic": null, "2020": 0, "% OF TOTAL": null, "2024": 0, "2029": null}, "Take Car or Truck to Work": {"Demographic": null, "2020": 3167, "% OF TOTAL": null, "2024": 3192, "2029": null}, "Take Public Transportation to Work": {"Demographic": null, "2020": 36, "% OF TOTAL": null, "2024": 37, "2029": null}, "Take Other Means of Transportation to Work": {"Demographic": null, "2020": 229, "% OF TOTAL": null, "2024": 232, "2029": null}, "Average Travel Time (min)": {"Demographic": null, "2020": 22, "% OF TOTAL": null, "2024": 22, "2029": null}, "Travel Below 30 Min to Work": {"Demographic": null, "2020": 2546, "% OF TOTAL": null, "2024": 2577, "2029": null}, "Travel 30-60 Min to Work": {"Demographic": null, "2020": 797, "% OF TOTAL": null, "2024": 795, "2029": null}, "Travel Above 60 Min to Work": {"Demographic": null, "2020": 328, "% OF TOTAL": null, "2024": 89, "2029": null}, "Educational Attainment: No High School Diploma": {"Demographic": null, "2020": 3474, "% OF TOTAL": null, "2024": 3511, "2029": null}, "Educational Attainment: High School Diploma": {"Demographic": null, "2020": 2353, "% OF TOTAL": null, "2024": 2373, "2029": null}, "Educational Attainment: Some College": {"Demographic": null, "2020": 3047, "% OF TOTAL": null, "2024": 3080, "2029": null}, "Educational Attainment: Associate's Degree": {"Demographic": null, "2020": 509, "% OF TOTAL": null, "2024": 527, "2029": null}, "Educational Attainment: Bachelors Degree": {"Demographic": null, "2020": 996, "% OF TOTAL": null, "2024": 983, "2029": null}, "Educational Attainment: Advanced Degree": {"Demographic": null, "2020": 496, "% OF TOTAL": null, "2024": 491, "2029": null}, "Households: Number of vehicles available - Average": {"Demographic": null, "2020": 1, "% OF TOTAL": null, "2024": 1, "2029": null}, "Households: No Vehicle available": {"Demographic": null, "2020": 731, "% OF TOTAL": null, "2024": 724, "2029": null}, "Households: 1 Vehicle available": {"Demographic": null, "2020": 1687, "% OF TOTAL": null, "2024": 1719, "2029": null}, "Households: 2 Vehicles available": {"Demographic": null, "2020": 1275, "% OF TOTAL": null, "2024": 1287, "2029": null}, "Households: 3 Vehicles available": {"Demographic": null, "2020": 492, "% OF TOTAL": null, "2024": 507, "2029": null}, "Households: 4 or more Vehicles available": {"Demographic": null, "2020": 212, "% OF TOTAL": null, "2024": 208, "2029": null}}, "population_trends": {"Total Population": {"Demographic": null, "2020": 10114, "% OF TOTAL": null, "2024": 10127, "2029": 9973}, "Population Growth": {"Demographic": null, "2020": null, "% OF TOTAL": null, "2024": 0.1, "2029": -1.5}, "Female Population": {"Demographic": null, "2020": 5376, "% OF TOTAL": 53.5, "2024": 5409, "2029": 5338}, "Male Population": {"Demographic": null, "2020": 4738, "% OF TOTAL": 46.5, "2024": 4718, "2029": 4635}, "Total population: Median Age": {"Demographic": null, "2020": 41, "% OF TOTAL": null, "2024": 41, "2029": 43}, "Total population: Under 5 years": {"Demographic": null, "2020": 644, "% OF TOTAL": 5.7, "2024": 625, "2029": 570}, "Total population: 5 - 9 years": {"Demographic": null, "2020": 586, "% OF TOTAL": 5.7, "2024": 588, "2029": 566}, "Total population: 10 - 14 years": {"Demographic": null, "2020": 646, "% OF TOTAL": 5.7, "2024": 607, "2029": 567}, "Total population: 15 - 19 years": {"Demographic": null, "2020": 630, "% OF TOTAL": 5.8, "2024": 637, "2029": 583}, "Total population: 20 - 24 years": {"Demographic": null, "2020": 591, "% OF TOTAL": 5.7, "2024": 588, "2029": 566}, "Total population: 25 - 29 years": {"Demographic": null, "2020": 708, "% OF TOTAL": 6.3, "2024": 667, "2029": 624}, "Total population: 30 - 34 years": {"Demographic": null, "2020": 639, "% OF TOTAL": 6.2, "2024": 675, "2029": 618}, "Total population: 35 - 39 years": {"Demographic": null, "2020": 534, "% OF TOTAL": 6.1, "2024": 544, "2029": 607}, "Total population: 40 - 44 years": {"Demographic": null, "2020": 483, "% OF TOTAL": 5.2, "2024": 492, "2029": 516}, "Total population: 45 - 49 years": {"Demographic": null, "2020": 473, "% OF TOTAL": 4.8, "2024": 471, "2029": 482}, "Total population: 50 - 54 years": {"Demographic": null, "2020": 531, "% OF TOTAL": 4.6, "2024": 507, "2029": 462}, "Total population: 55 - 59 years": {"Demographic": null, "2020": 681, "% OF TOTAL": 5.8, "2024": 624, "2029": 574}, "Total population: 60 - 64 years": {"Demographic": null, "2020": 744, "% OF TOTAL": 6.5, "2024": 722, "2029": 651}, "Total population: 65 - 69 years": {"Demographic": null, "2020": 666, "% OF TOTAL": 7.1, "2024": 712, "2029": 707}, "Total population: 70 - 74 years": {"Demographic": null, "2020": 564, "% OF TOTAL": 6.6, "2024": 611, "2029": 657}, "Total population: 75 - 79 years": {"Demographic": null, "2020": 357, "% OF TOTAL": 4.9, "2024": 417, "2029": 487}, "Total population: 80 - 84 years": {"Demographic": null, "2020": 333, "% OF TOTAL": 4.0, "2024": 342, "2029": 394}, "Total population: 85 years and over": {"Demographic": null, "2020": 304, "% OF TOTAL": 3.4, "2024": 298, "2029": 342}, "Female population: Median Age": {"Demographic": null, "2020": 44, "% OF TOTAL": null, "2024": 45, "2029": 46}, "Female population: Under 5 years": {"Demographic": null, "2020": 294, "% OF TOTAL": 5.0, "2024": 291, "2029": 267}, "Female population: 5 - 9 years": {"Demographic": null, "2020": 292, "% OF TOTAL": 5.1, "2024": 291, "2029": 272}, "Female population: 10 - 14 years": {"Demographic": null, "2020": 325, "% OF TOTAL": 5.4, "2024": 312, "2029": 289}, "Female population: 15 - 19 years": {"Demographic": null, "2020": 279, "% OF TOTAL": 5.2, "2024": 283, "2029": 275}, "Female population: 20 - 24 years": {"Demographic": null, "2020": 323, "% OF TOTAL": 5.4, "2024": 316, "2029": 290}, "Female population: 25 - 29 years": {"Demographic": null, "2020": 383, "% OF TOTAL": 6.4, "2024": 359, "2029": 343}, "Female population: 30 - 34 years": {"Demographic": null, "2020": 349, "% OF TOTAL": 6.2, "2024": 365, "2029": 333}, "Female population: 35 - 39 years": {"Demographic": null, "2020": 313, "% OF TOTAL": 6.5, "2024": 318, "2029": 345}, "Female population: 40 - 44 years": {"Demographic": null, "2020": 247, "% OF TOTAL": 5.2, "2024": 254, "2029": 277}, "Female population: 45 - 49 years": {"Demographic": null, "2020": 262, "% OF TOTAL": 4.9, "2024": 263, "2029": 262}, "Female population: 50 - 54 years": {"Demographic": null, "2020": 278, "% OF TOTAL": 4.7, "2024": 271, "2029": 251}, "Female population: 55 - 59 years": {"Demographic": null, "2020": 360, "% OF TOTAL": 5.7, "2024": 329, "2029": 305}, "Female population: 60 - 64 years": {"Demographic": null, "2020": 383, "% OF TOTAL": 6.4, "2024": 376, "2029": 342}, "Female population: 65 - 69 years": {"Demographic": null, "2020": 360, "% OF TOTAL": 7.2, "2024": 396, "2029": 385}, "Female population: 70 - 74 years": {"Demographic": null, "2020": 296, "% OF TOTAL": 6.5, "2024": 322, "2029": 349}, "Female population: 75 - 79 years": {"Demographic": null, "2020": 217, "% OF TOTAL": 5.3, "2024": 252, "2029": 282}, "Female population: 80 - 84 years": {"Demographic": null, "2020": 208, "% OF TOTAL": 4.7, "2024": 217, "2029": 252}, "Female population: 85 years and over": {"Demographic": null, "2020": 207, "% OF TOTAL": 4.1, "2024": 194, "2029": 219}, "Male population: Median Age": {"Demographic": null, "2020": 39, "% OF TOTAL": null, "2024": 40, "2029": 42}, "Male population: Under 5 years": {"Demographic": null, "2020": 350, "% OF TOTAL": 6.5, "2024": 334, "2029": 303}, "Male population: 5 - 9 years": {"Demographic": null, "2020": 294, "% OF TOTAL": 6.3, "2024": 297, "2029": 294}, "Male population: 10 - 14 years": {"Demographic": null, "2020": 321, "% OF TOTAL": 6.0, "2024": 295, "2029": 278}, "Male population: 15 - 19 years": {"Demographic": null, "2020": 351, "% OF TOTAL": 6.6, "2024": 354, "2029": 308}, "Male population: 20 - 24 years": {"Demographic": null, "2020": 268, "% OF TOTAL": 6.0, "2024": 272, "2029": 276}, "Male population: 25 - 29 years": {"Demographic": null, "2020": 325, "% OF TOTAL": 6.1, "2024": 308, "2029": 281}, "Male population: 30 - 34 years": {"Demographic": null, "2020": 290, "% OF TOTAL": 6.1, "2024": 310, "2029": 285}, "Male population: 35 - 39 years": {"Demographic": null, "2020": 221, "% OF TOTAL": 5.7, "2024": 226, "2029": 262}, "Male population: 40 - 44 years": {"Demographic": null, "2020": 236, "% OF TOTAL": 5.2, "2024": 238, "2029": 239}, "Male population: 45 - 49 years": {"Demographic": null, "2020": 211, "% OF TOTAL": 4.7, "2024": 208, "2029": 220}, "Male population: 50 - 54 years": {"Demographic": null, "2020": 253, "% OF TOTAL": 4.6, "2024": 236, "2029": 211}, "Male population: 55 - 59 years": {"Demographic": null, "2020": 321, "% OF TOTAL": 5.8, "2024": 295, "2029": 269}, "Male population: 60 - 64 years": {"Demographic": null, "2020": 361, "% OF TOTAL": 6.7, "2024": 346, "2029": 309}, "Male population: 65 - 69 years": {"Demographic": null, "2020": 306, "% OF TOTAL": 6.9, "2024": 316, "2029": 322}, "Male population: 70 - 74 years": {"Demographic": null, "2020": 268, "% OF TOTAL": 6.6, "2024": 289, "2029": 308}, "Male population: 75 - 79 years": {"Demographic": null, "2020": 140, "% OF TOTAL": 4.4, "2024": 165, "2029": 205}, "Male population: 80 - 84 years": {"Demographic": null, "2020": 125, "% OF TOTAL": 3.1, "2024": 125, "2029": 142}, "Male population: 85 years and over": {"Demographic": null, "2020": 97, "% OF TOTAL": 2.7, "2024": 104, "2029": 123}, "White alone": {"Demographic": null, "2020": 1612, "% OF TOTAL": 14.4, "2024": 1518, "2029": 1440}, "Black alone": {"Demographic": null, "2020": 8041, "% OF TOTAL": 80.6, "2024": 8110, "2029": 8042}, "American Indian and Alaska Native alone": {"Demographic": null, "2020": 35, "% OF TOTAL": 0.4, "2024": 38, "2029": 39}, "Asian alone": {"Demographic": null, "2020": 50, "% OF TOTAL": 0.6, "2024": 54, "2029": 55}, "Native Hawaiian and OPI alone": {"Demographic": null, "2020": 6, "% OF TOTAL": 0.1, "2024": 6, "2029": 6}, "Some other race alone": {"Demographic": null, "2020": 59, "% OF TOTAL": 0.6, "2024": 60, "2029": 59}, "Two or more races alone": {"Demographic": null, "2020": 311, "% OF TOTAL": 3.3, "2024": 341, "2029": 332}, "Not Hispanic: White alone": {"Demographic": null, "2020": 1602, "% OF TOTAL": 14.3, "2024": 1507, "2029": 1429}, "Not Hispanic: Black or African American alone": {"Demographic": null, "2020": 8005, "% OF TOTAL": 80.2, "2024": 8069, "2029": 8000}, "Not Hispanic: American Indian and Alaska Native alone": {"Demographic": null, "2020": 28, "% OF TOTAL": 0.3, "2024": 29, "2029": 29}, "Not Hispanic: Asian alone": {"Demographic": null, "2020": 50, "% OF TOTAL": 0.6, "2024": 54, "2029": 55}, "Not Hispanic: Native Hawaiian and OPI alone": {"Demographic": null, "2020": 3, "% OF TOTAL": 0.0, "2024": 3, "2029": 3}, "Not Hispanic: Some Other Race alone": {"Demographic": null, "2020": 31, "% OF TOTAL": 0.3, "2024": 31, "2029": 31}, "Not Hispanic: Two or More Races": {"Demographic": null, "2020": 246, "% OF TOTAL": 2.6, "2024": 271, "2029": 263}, "Hispanic: White alone": {"Demographic": null, "2020": 10, "% OF TOTAL": 0.1, "2024": 11, "2029": 11}, "Hispanic: Black or African American alone": {"Demographic": null, "2020": 36, "% OF TOTAL": 0.4, "2024": 41, "2029": 42}, "Hispanic: American Indian and Alaska Native alone": {"Demographic": null, "2020": 7, "% OF TOTAL": 0.1, "2024": 9, "2029": 10}, "Hispanic: Asian alone": {"Demographic": null, "2020": 0, "% OF TOTAL": 0.0, "2024": 0, "2029": 0}, "Hispanic: Native Hawaiian and OPI alone": {"Demographic": null, "2020": 3, "% OF TOTAL": 0.0, "2024": 3, "2029": 3}, "Hispanic: Some Other Race alone": {"Demographic": null, "2020": 28, "% OF TOTAL": 0.3, "2024": 29, "2029": 28}, "Hispanic: Two or More Races": {"Demographic": null, "2020": 65, "% OF TOTAL": 0.7, "2024": 70, "2029": 69}, "Educational Attainment: No High School Diploma": {"Demographic": null, "2020": 1121, "% OF TOTAL": null, "2024": 1138, "2029": null}, "Educational Attainment: High School Diploma": {"Demographic": null, "2020": 2353, "% OF TOTAL": null, "2024": 2373, "2029": null}, "Educational Attainment: Some College": {"Demographic": null, "2020": 1542, "% OF TOTAL": null, "2024": 1570, "2029": null}, "Educational Attainment: Associates Degree": {"Demographic": null, "2020": 509, "% OF TOTAL": null, "2024": 527, "2029": null}, "Educational Attainment: Bachelors Degree": {"Demographic": null, "2020": 996, "% OF TOTAL": null, "2024": 983, "2029": null}, "Educational Attainment: Advanced Degree": {"Demographic": null, "2020": 496, "% OF TOTAL": null, "2024": 491, "2029": null}, "Employment Status: Armed Forces": {"Demographic": null, "2020": 0, "% OF TOTAL": null, "2024": 0, "2029": null}, "Employment Status: Civilian labor force employed": {"Demographic": null, "2020": 3652, "% OF TOTAL": null, "2024": 3686, "2029": null}, "Employment Status: Civilian labor force unemployed": {"Demographic": null, "2020": 433, "% OF TOTAL": null, "2024": 437, "2029": null}, "Employment Status: Not in labor force": {"Demographic": null, "2020": 4005, "% OF TOTAL": null, "2024": 4064, "2029": null}, "Employed in Agriculture and Mining Industries": {"Demographic": null, "2020": 3, "% OF TOTAL": null, "2024": 3, "2029": null}, "Employed in Construction Industries": {"Demographic": null, "2020": 160, "% OF TOTAL": null, "2024": 159, "2029": null}, "Employed in Manufacturing Industries": {"Demographic": null, "2020": 276, "% OF TOTAL": null, "2024": 276, "2029": null}, "Employed in Wholesale Industries": {"Demographic": null, "2020": 17, "% OF TOTAL": null, "2024": 15, "2029": null}, "Employed in Retail Industries": {"Demographic": null, "2020": 489, "% OF TOTAL": null, "2024": 492, "2029": null}, "Employed in Transportation and Utilities Industries": {"Demographic": null, "2020": 404, "% OF TOTAL": null, "2024": 402, "2029": null}, "Employed in Information Industries": {"Demographic": null, "2020": 32, "% OF TOTAL": null, "2024": 35, "2029": null}, "Employed in Real-Estate Industries": {"Demographic": null, "2020": 195, "% OF TOTAL": null, "2024": 197, "2029": null}, "Employed in Professional Industries": {"Demographic": null, "2020": 397, "% OF TOTAL": null, "2024": 400, "2029": null}, "Employed in Health and Education Industries": {"Demographic": null, "2020": 1006, "% OF TOTAL": null, "2024": 1006, "2029": null}, "Employed in Art Industries": {"Demographic": null, "2020": 442, "% OF TOTAL": null, "2024": 471, "2029": null}, "Employed in Other Industries": {"Demographic": null, "2020": 87, "% OF TOTAL": null, "2024": 82, "2029": null}, "Employed in Public Administration Industries": {"Demographic": null, "2020": 144, "% OF TOTAL": null, "2024": 148, "2029": null}, "Occupation: Management": {"Demographic": null, "2020": 300, "% OF TOTAL": null, "2024": 307, "2029": null}, "Occupation: Business and financial operations": {"Demographic": null, "2020": 106, "% OF TOTAL": null, "2024": 109, "2029": null}, "Occupation: Computer and mathematical": {"Demographic": null, "2020": 18, "% OF TOTAL": null, "2024": 17, "2029": null}, "Occupation: Architecture and engineering": {"Demographic": null, "2020": 65, "% OF TOTAL": null, "2024": 64, "2029": null}, "Occupation: Life, physical, and social science": {"Demographic": null, "2020": 12, "% OF TOTAL": null, "2024": 11, "2029": null}, "Occupation: Community and social service": {"Demographic": null, "2020": 98, "% OF TOTAL": null, "2024": 99, "2029": null}, "Occupation: Legal": {"Demographic": null, "2020": 87, "% OF TOTAL": null, "2024": 88, "2029": null}, "Occupation: Education, training, and library": {"Demographic": null, "2020": 260, "% OF TOTAL": null, "2024": 259, "2029": null}, "Occupation: Arts, design, entertainment, sports, and media": {"Demographic": null, "2020": 40, "% OF TOTAL": null, "2024": 40, "2029": null}, "Occupation: Health diagnosing and treating practitioners": {"Demographic": null, "2020": 117, "% OF TOTAL": null, "2024": 121, "2029": null}, "Occupation: Health technologists and technicians": {"Demographic": null, "2020": 183, "% OF TOTAL": null, "2024": 184, "2029": null}, "Occupation: Healthcare support": {"Demographic": null, "2020": 148, "% OF TOTAL": null, "2024": 149, "2029": null}, "Occupation: Fire fighting and prevention": {"Demographic": null, "2020": 68, "% OF TOTAL": null, "2024": 66, "2029": null}, "Occupation: Law enforcement workers": {"Demographic": null, "2020": 0, "% OF TOTAL": null, "2024": 0, "2029": null}, "Occupation: Food preparation and serving related": {"Demographic": null, "2020": 329, "% OF TOTAL": null, "2024": 341, "2029": null}, "Occupation: Building and grounds cleaning and maintenance": {"Demographic": null, "2020": 183, "% OF TOTAL": null, "2024": 186, "2029": null}, "Occupation: Personal care and service": {"Demographic": null, "2020": 36, "% OF TOTAL": null, "2024": 38, "2029": null}, "Occupation: Sales and related": {"Demographic": null, "2020": 337, "% OF TOTAL": null, "2024": 357, "2029": null}, "Occupation: Office and administrative support": {"Demographic": null, "2020": 360, "% OF TOTAL": null, "2024": 358, "2029": null}, "Occupation: Farming, fishing, and forestry": {"Demographic": null, "2020": 3, "% OF TOTAL": null, "2024": 3, "2029": null}, "Occupation: Construction and extraction": {"Demographic": null, "2020": 76, "% OF TOTAL": null, "2024": 71, "2029": null}, "Occupation: Installation, maintenance, and repair": {"Demographic": null, "2020": 118, "% OF TOTAL": null, "2024": 122, "2029": null}, "Occupation: Production": {"Demographic": null, "2020": 142, "% OF TOTAL": null, "2024": 139, "2029": null}, "Occupation: Transportation": {"Demographic": null, "2020": 240, "% OF TOTAL": null, "2024": 241, "2029": null}, "Occupation: Material moving": {"Demographic": null, "2020": 326, "% OF TOTAL": null, "2024": 316, "2029": null}, "White collar": {"Demographic": null, "2020": 1983, "% OF TOTAL": null, "2024": 2014, "2029": null}, "Blue collar": {"Demographic": null, "2020": 1669, "% OF TOTAL": null, "2024": 1672, "2029": null}, "Means of transportation: Car, truck or van": {"Demographic": null, "2020": 3167, "% OF TOTAL": null, "2024": 3192, "2029": null}, "Means of transportation: Public transportation": {"Demographic": null, "2020": 36, "% OF TOTAL": null, "2024": 37, "2029": null}, "Means of transportation: Other": {"Demographic": null, "2020": 229, "% OF TOTAL": null, "2024": 232, "2029": null}, "Travel time: Average (in minutes)": {"Demographic": null, "2020": 21, "% OF TOTAL": null, "2024": 21, "2029": null}, "Travel time to work: Less than 30 minutes": {"Demographic": null, "2020": 2546, "% OF TOTAL": null, "2024": 2577, "2029": null}, "Travel time to work: 30 to 60 minutes": {"Demographic": null, "2020": 797, "% OF TOTAL": null, "2024": 795, "2029": null}, "Travel time to work: 60 or more minutes": {"Demographic": null, "2020": 89, "% OF TOTAL": null, "2024": 89, "2029": null}}, "household_trends": {"Households": {"Demographic": null, "2020": 4397, "% OF TOTAL": null, "2024": 4445, "2029": 4438}, "Households Growth": {"Demographic": null, "2020": null, "% OF TOTAL": null, "2024": 1.1, "2029": -0.2}, "Householder Age 15-24": {"Demographic": null, "2020": 165, "% OF TOTAL": 3.9, "2024": 174, "2029": 174}, "Householder Age 25-34": {"Demographic": null, "2020": 642, "% OF TOTAL": 13.7, "2024": 656, "2029": 606}, "Householder Age 35-44": {"Demographic": null, "2020": 559, "% OF TOTAL": 13.9, "2024": 566, "2029": 619}, "Householder Age 45-54": {"Demographic": null, "2020": 578, "% OF TOTAL": 12.7, "2024": 583, "2029": 565}, "Householder Age 55-64": {"Demographic": null, "2020": 895, "% OF TOTAL": 18.3, "2024": 904, "2029": 810}, "Householder Age 65-74": {"Demographic": null, "2020": 874, "% OF TOTAL": 20.1, "2024": 873, "2029": 893}, "Householder Age 75+": {"Demographic": null, "2020": 684, "% OF TOTAL": 17.4, "2024": 689, "2029": 771}, "Average Household Size": {"Demographic": null, "2020": 2.3, "% OF TOTAL": null, "2024": 2.2, "2029": 2.2}, "1 Person Households": {"Demographic": null, "2020": 1735, "% OF TOTAL": 39.1, "2024": 1737, "2029": 1736}, "2 Person Households": {"Demographic": null, "2020": 1275, "% OF TOTAL": 29.9, "2024": 1296, "2029": 1325}, "3 Person Households": {"Demographic": null, "2020": 603, "% OF TOTAL": 14.1, "2024": 612, "2029": 626}, "4 Person Households": {"Demographic": null, "2020": 429, "% OF TOTAL": 9.2, "2024": 437, "2029": 410}, "5 Person Households": {"Demographic": null, "2020": 203, "% OF TOTAL": 4.4, "2024": 210, "2029": 195}, "6 Person Households": {"Demographic": null, "2020": 94, "% OF TOTAL": 2.1, "2024": 97, "2029": 93}, "7+ Person Households": {"Demographic": null, "2020": 58, "% OF TOTAL": 1.2, "2024": 56, "2029": 53}, "Household Type: Family": {"Demographic": null, "2020": 2452, "% OF TOTAL": null, "2024": 2484, "2029": null}, "Household Type: Married Family": {"Demographic": null, "2020": 937, "% OF TOTAL": null, "2024": 942, "2029": null}, "Household Type: Married Family With Children": {"Demographic": null, "2020": 239, "% OF TOTAL": null, "2024": 237, "2029": null}, "Household Type: Married Family Without Children": {"Demographic": null, "2020": 698, "% OF TOTAL": null, "2024": 705, "2029": null}, "Household Type: Other Family": {"Demographic": null, "2020": 1515, "% OF TOTAL": null, "2024": 1542, "2029": null}, "Household Type: Male Households, No Wife": {"Demographic": null, "2020": 281, "% OF TOTAL": null, "2024": 287, "2029": null}, "Household Type: Male Households, No Wife With Children": {"Demographic": null, "2020": 82, "% OF TOTAL": null, "2024": 84, "2029": null}, "Household Type: Male Households, No Wife Without Children": {"Demographic": null, "2020": 199, "% OF TOTAL": null, "2024": 203, "2029": null}, "Household Type: Female Households, No Husband": {"Demographic": null, "2020": 1234, "% OF TOTAL": null, "2024": 1255, "2029": null}, "Household Type: Female Households, No Husband With Children": {"Demographic": null, "2020": 558, "% OF TOTAL": null, "2024": 568, "2029": null}, "Household Type: Female Households, No Husband Without Children": {"Demographic": null, "2020": 676, "% OF TOTAL": null, "2024": 687, "2029": null}, "Household Income: Average": {"Demographic": null, "2020": 58189, "% OF TOTAL": null, "2024": 63217, "2029": 77374}, "Household Income: Median": {"Demographic": null, "2020": 0, "% OF TOTAL": null, "2024": 46167, "2029": 50570}, "Household Income: Less than $25k": {"Demographic": null, "2020": 1809, "% OF TOTAL": 31.5, "2024": 1707, "2029": 1400}, "Household Income: $25k - $50k": {"Demographic": null, "2020": 856, "% OF TOTAL": 16.4, "2024": 767, "2029": 726}, "Household Income: $50k - $75k": {"Demographic": null, "2020": 662, "% OF TOTAL": 15.4, "2024": 751, "2029": 684}, "Household Income: $75k - $100k": {"Demographic": null, "2020": 339, "% OF TOTAL": 11.3, "2024": 418, "2029": 503}, "Household Income: $100k - $125k": {"Demographic": null, "2020": 286, "% OF TOTAL": 8.4, "2024": 291, "2029": 373}, "Household Income: $125k - $150k": {"Demographic": null, "2020": 99, "% OF TOTAL": 3.5, "2024": 110, "2029": 155}, "Household Income: $150k - $200k": {"Demographic": null, "2020": 172, "% OF TOTAL": 7.1, "2024": 212, "2029": 316}, "Household Income: Above $200k": {"Demographic": null, "2020": 174, "% OF TOTAL": 6.3, "2024": 189, "2029": 281}, "Total Housing Units": {"Demographic": null, "2020": 5260, "% OF TOTAL": null, "2024": null, "2029": null}, "Owner Occupied Housing Units": {"Demographic": null, "2020": 2122, "% OF TOTAL": null, "2024": 2128, "2029": null}, "Renter Occupied Housing Units": {"Demographic": null, "2020": 2275, "% OF TOTAL": null, "2024": 2317, "2029": null}, "Vacant Housing Units": {"Demographic": null, "2020": 863, "% OF TOTAL": null, "2024": null, "2029": null}, "Vacant Housing Units: Seasonal": {"Demographic": null, "2020": 24, "% OF TOTAL": null, "2024": null, "2029": null}, "Vacant Housing Units: Other Usage": {"Demographic": null, "2020": 839, "% OF TOTAL": null, "2024": null, "2029": null}, "Average Housing Unit Value": {"Demographic": null, "2020": 146308, "% OF TOTAL": null, "2024": 146227, "2029": null}, "Median Housing Unit Value": {"Demographic": null, "2020": 94684, "% OF TOTAL": null, "2024": 94667, "2029": null}, "Housing Unit Value Less Than $100k": {"Demographic": null, "2020": 1186, "% OF TOTAL": null, "2024": 1205, "2029": null}, "Housing Unit Value $100k-$200k": {"Demographic": null, "2020": 588, "% OF TOTAL": null, "2024": 589, "2029": null}, "Housing Unit Value $200k-$250k": {"Demographic": null, "2020": 76, "% OF TOTAL": null, "2024": 75, "2029": null}, "Housing Unit Value $250k-$300k": {"Demographic": null, "2020": 63, "% OF TOTAL": null, "2024": 60, "2029": null}, "Housing Unit Value $300k-$400k": {"Demographic": null, "2020": 25, "% OF TOTAL": null, "2024": 24, "2029": null}, "Housing Unit Value $400k-$500k": {"Demographic": null, "2020": 25, "% OF TOTAL": null, "2024": 24, "2029": null}, "Housing Unit Value $500k-$750k": {"Demographic": null, "2020": 47, "% OF TOTAL": null, "2024": 44, "2029": null}, "Housing Unit Value $750k-$1m": {"Demographic": null, "2020": 52, "% OF TOTAL": null, "2024": 49, "2029": null}, "Housing Unit Value $1m-$1.5m": {"Demographic": null, "2020": 60, "% OF TOTAL": null, "2024": 58, "2029": null}, "Housing Unit Value $1.5m-$2m": {"Demographic": null, "2020": 0, "% OF TOTAL": null, "2024": 0, "2029": null}, "Housing Unit Value Above $2m": {"Demographic": null, "2020": 0, "% OF TOTAL": null, "2024": 0, "2029": null}, "Median Housing Unit Year Built": {"Demographic": null, "2020": 1961, "% OF TOTAL": null, "2024": 1961, "2029": null}, "Housing Units Built 2014 Or After": {"Demographic": null, "2020": 0, "% OF TOTAL": null, "2024": 0, "2029": null}, "Housing Units Built 2010-2013": {"Demographic": null, "2020": 191, "% OF TOTAL": null, "2024": 207, "2029": null}, "Housing Units Built 2000-2009": {"Demographic": null, "2020": 232, "% OF TOTAL": null, "2024": 247, "2029": null}, "Housing Units Built 1990-1999": {"Demographic": null, "2020": 210, "% OF TOTAL": null, "2024": 224, "2029": null}, "Housing Units Built 1980-1989": {"Demographic": null, "2020": 299, "% OF TOTAL": null, "2024": 305, "2029": null}, "Housing Units Built 1970-1979": {"Demographic": null, "2020": 789, "% OF TOTAL": null, "2024": 785, "2029": null}, "Housing Units Built 1960-1969": {"Demographic": null, "2020": 753, "% OF TOTAL": null, "2024": 778, "2029": null}, "Housing Units Built 1950-1959": {"Demographic": null, "2020": 961, "% OF TOTAL": null, "2024": 970, "2029": null}, "Housing Units Built 1940-1949": {"Demographic": null, "2020": 440, "% OF TOTAL": null, "2024": 432, "2029": null}, "Housing Units Built Before 1940": {"Demographic": null, "2020": 522, "% OF TOTAL": null, "2024": 497, "2029": null}}, "consumer_segments": {"Renters": {"households": 876, "pct": 17.5}, "Active Adult Feature and Location": {"households": 760, "pct": 15.2}, "Entry Level Suburban": {"households": 672, "pct": 13.5}, "Active Adult Entry Level": {"households": 628, "pct": 12.6}, "Renters Near Term Buyers": {"households": 593, "pct": 11.9}, "Elite": {"households": 519, "pct": 10.4}, "Active Adult Elite": {"households": 250, "pct": 5.0}, "Feature and Location": {"households": 219, "pct": 4.4}, "Family Life Young Children": {"households": 108, "pct": 2.2}, "Family Life School Age Children": {"households": 106, "pct": 2.1}, "Entry Level Urban": {"households": 101, "pct": 2.0}, "Simple Life Affluent No Children": {"households": 70, "pct": 1.4}, "Simple Life Moderate Income With Children": {"households": 58, "pct": 1.2}, "Simple Life Moderate Income No Children": {"households": 35, "pct": 0.7}}, "income_age": {"2020": {}, "2024": {}, "2029": {}}, "population_2024": 10127, "population_2029": 9973, "households_2024": 4445, "households_2029": 4438, "median_household_income_2024": 46167, "median_household_income_2029": 50570, "mean_household_income_2024": null, "mean_household_income_2029": null, "median_age_2024": 41, "median_age_2029": 43, "median_home_value_2024": 94667, "average_household_size_2024": 2.2, "average_household_size_2029": 2.2, "population_growth_2024_2029": 0.1, "households_growth_2024_2029": 1.1}, "geometry": {"type": "Polygon", "coordinates": [[[-88.12052, 30.689397], [-88.120856, 30.718436], [-88.087245, 30.718722], [-88.086919, 30.689683], [-88.12052, 30.689397]]]}}, {"type": "Feature", "properties": {"block": "070", "block_num": 70, "CentroidLon": -88.12199554592246, "CentroidLat": 30.701647808363532, "submarket": "North Mobile", "data_status": "no data", "is_anomalous": false, "anomaly_reason": null, "files_present": ""}, "geometry": {"type": "Polygon", "coordinates": [[[-88.122183, 30.718425], [-88.120856, 30.718436], [-88.12052, 30.689397], [-88.124167, 30.689366], [-88.122183, 30.718425]]]}}, {"type": "Feature", "properties": {"block": "071", "block_num": 71, "CentroidLon": -87.98564537264322, "CentroidLat": 30.69002082044983, "submarket": "North Mobile", "data_status": "no data", "is_anomalous": false, "anomaly_reason": null, "files_present": ""}, "geometry": {"type": "Polygon", "coordinates": [[[-87.986099, 30.689083], [-87.986114, 30.690487], [-87.984739, 30.690498], [-87.986099, 30.689083]]]}}, {"type": "Feature", "properties": {"block": "072", "block_num": 72, "CentroidLon": -88.00772121054621, "CentroidLat": 30.681325875441438, "submarket": "North Mobile", "data_status": "no data", "is_anomalous": false, "anomaly_reason": null, "files_present": ""}, "geometry": {"type": "Polygon", "coordinates": [[[-87.987619, 30.687503], [-88.019434, 30.663377], [-88.019716, 30.690228], [-87.986114, 30.690487], [-87.986099, 30.689083], [-87.987619, 30.687503]]]}}, {"type": "Feature", "properties": {"block": "073", "block_num": 73, "CentroidLon": -88.03641487458836, "CentroidLat": 30.675620039140167, "submarket": "North Mobile", "data_status": "usable", "is_anomalous": false, "anomaly_reason": null, "files_present": "DemographicSnapshot-26.08.06.csv;PopulationTrends-26.08.06.csv;HouseholdTrends-26.08.06.csv;HouseholdIncomeByAge-26.08.06.csv;ConsumerSegmentation-26.08.06.csv", "demographic_snapshot": {"Total Population": {"Demographic": null, "2020": 3423, "% OF TOTAL": null, "2024": 3601, "2029": 3707}, "Households": {"Demographic": null, "2020": 1734, "% OF TOTAL": null, "2024": 1845, "2029": 1936}, "Population in Group Quarters": {"Demographic": null, "2020": 103, "% OF TOTAL": null, "2024": 106, "2029": 107}, "Households Growth": {"Demographic": null, "2020": null, "% OF TOTAL": null, "2024": 6.4, "2029": 4.9}, "Household Income: Median": {"Demographic": null, "2020": 0, "% OF TOTAL": null, "2024": 23674, "2029": 38500}, "Home Value: Median": {"Demographic": null, "2020": 154605, "% OF TOTAL": null, "2024": 155625, "2029": null}, "Population Growth": {"Demographic": null, "2020": null, "% OF TOTAL": null, "2024": 5.2, "2029": 2.9}, "Total Population: Under 19 years": {"Demographic": null, "2020": 643, "% OF TOTAL": 16.9, "2024": 653, "2029": 625}, "Total Population: 20 - 64 years": {"Demographic": null, "2020": 1760, "% OF TOTAL": 48.8, "2024": 1819, "2029": 1808}, "Total Population: 65 years and over": {"Demographic": null, "2020": 1020, "% OF TOTAL": 34.4, "2024": 1129, "2029": 1274}, "Total population: Median age": {"Demographic": null, "2020": 54, "% OF TOTAL": null, "2024": 55, "2029": 57}, "Total population: Under 5 years": {"Demographic": null, "2020": 150, "% OF TOTAL": 3.8, "2024": 147, "2029": 140}, "Total population: 5 - 9 years": {"Demographic": null, "2020": 185, "% OF TOTAL": 4.7, "2024": 194, "2029": 174}, "Total population: 10 - 14 years": {"Demographic": null, "2020": 154, "% OF TOTAL": 4.3, "2024": 151, "2029": 161}, "Total population: 15 - 19 years": {"Demographic": null, "2020": 154, "% OF TOTAL": 4.0, "2024": 161, "2029": 150}, "Total population: 20 - 24 years": {"Demographic": null, "2020": 148, "% OF TOTAL": 4.0, "2024": 148, "2029": 150}, "Total population: 25 - 29 years": {"Demographic": null, "2020": 191, "% OF TOTAL": 4.7, "2024": 184, "2029": 173}, "Total population: 30 - 34 years": {"Demographic": null, "2020": 187, "% OF TOTAL": 5.3, "2024": 212, "2029": 197}, "Total population: 35 - 39 years": {"Demographic": null, "2020": 176, "% OF TOTAL": 5.8, "2024": 193, "2029": 215}, "Total population: 40 - 44 years": {"Demographic": null, "2020": 181, "% OF TOTAL": 5.6, "2024": 196, "2029": 208}, "Total population: 45 - 49 years": {"Demographic": null, "2020": 175, "% OF TOTAL": 5.5, "2024": 187, "2029": 205}, "Total population: 50 - 54 years": {"Demographic": null, "2020": 163, "% OF TOTAL": 4.6, "2024": 168, "2029": 170}, "Total population: 55 - 59 years": {"Demographic": null, "2020": 243, "% OF TOTAL": 5.9, "2024": 232, "2029": 220}, "Total population: 60 - 64 years": {"Demographic": null, "2020": 296, "% OF TOTAL": 7.3, "2024": 299, "2029": 270}, "Total population: 65 - 69 years": {"Demographic": null, "2020": 333, "% OF TOTAL": 10.1, "2024": 383, "2029": 375}, "Total population: 70 - 74 years": {"Demographic": null, "2020": 284, "% OF TOTAL": 10.1, "2024": 324, "2029": 374}, "Total population: 75 - 79 years": {"Demographic": null, "2020": 154, "% OF TOTAL": 6.4, "2024": 181, "2029": 239}, "Total population: 80 - 84 years": {"Demographic": null, "2020": 106, "% OF TOTAL": 3.8, "2024": 105, "2029": 142}, "Total population: 85 years and over": {"Demographic": null, "2020": 143, "% OF TOTAL": 3.9, "2024": 136, "2029": 144}, "Householders Age 15-24": {"Demographic": null, "2020": 41, "% OF TOTAL": 2.5, "2024": 45, "2029": 48}, "Householders Age 25-34": {"Demographic": null, "2020": 212, "% OF TOTAL": 11.2, "2024": 227, "2029": 216}, "Householders Age 35-44": {"Demographic": null, "2020": 190, "% OF TOTAL": 11.2, "2024": 203, "2029": 217}, "Householders Age 45-54": {"Demographic": null, "2020": 200, "% OF TOTAL": 11.7, "2024": 215, "2029": 227}, "Householders Age 55-64": {"Demographic": null, "2020": 332, "% OF TOTAL": 16.3, "2024": 347, "2029": 315}, "Householders Age 65-74": {"Demographic": null, "2020": 479, "% OF TOTAL": 27.9, "2024": 512, "2029": 540}, "Householders Age 75+": {"Demographic": null, "2020": 280, "% OF TOTAL": 19.3, "2024": 296, "2029": 373}, "Household income: Average": {"Demographic": null, "2020": 48654, "% OF TOTAL": null, "2024": 56517, "2029": 79217}, "Household income: Less than 25k": {"Demographic": null, "2020": 922, "% OF TOTAL": 37.4, "2024": 889, "2029": 724}, "Household income: 25k - 50k": {"Demographic": null, "2020": 341, "% OF TOTAL": 18.2, "2024": 361, "2029": 353}, "Household income: 50k - 75k": {"Demographic": null, "2020": 171, "% OF TOTAL": 10.0, "2024": 184, "2029": 193}, "Household income: 75k - 100k": {"Demographic": null, "2020": 68, "% OF TOTAL": 8.8, "2024": 110, "2029": 171}, "Household income: 100k - 125k": {"Demographic": null, "2020": 102, "% OF TOTAL": 8.7, "2024": 116, "2029": 169}, "Household income: 125k - 150k": {"Demographic": null, "2020": 47, "% OF TOTAL": 5.4, "2024": 68, "2029": 104}, "Household income: 150k - 200k": {"Demographic": null, "2020": 18, "% OF TOTAL": 2.7, "2024": 34, "2029": 52}, "Household income: Above 200k": {"Demographic": null, "2020": 65, "% OF TOTAL": 8.8, "2024": 83, "2029": 170}, "White Alone": {"Demographic": null, "2020": 527, "% OF TOTAL": 15.5, "2024": 547, "2029": 574}, "Black or African American Alone": {"Demographic": null, "2020": 2769, "% OF TOTAL": 80.5, "2024": 2908, "2029": 2984}, "American Indian and Alaska Native Alone": {"Demographic": null, "2020": 5, "% OF TOTAL": 0.1, "2024": 5, "2029": 5}, "Asian Alone": {"Demographic": null, "2020": 5, "% OF TOTAL": 0.1, "2024": 5, "2029": 5}, "Native Hawaiian and OPI Alone": {"Demographic": null, "2020": 3, "% OF TOTAL": 0.1, "2024": 4, "2029": 5}, "Some Other Race Alone": {"Demographic": null, "2020": 22, "% OF TOTAL": 0.6, "2024": 24, "2029": 24}, "Two or More Races Alone": {"Demographic": null, "2020": 92, "% OF TOTAL": 3.0, "2024": 108, "2029": 110}, "Not Hispanic or Latino": {"Demographic": null, "2020": 3389, "% OF TOTAL": 98.8, "2024": 3560, "2029": 3664}, "Hispanic or Latino": {"Demographic": null, "2020": 34, "% OF TOTAL": 1.2, "2024": 41, "2029": 43}, "Total Housing Units": {"Demographic": null, "2020": 1967, "% OF TOTAL": null, "2024": null, "2029": null}, "Owner Occupied Housing Units": {"Demographic": null, "2020": 595, "% OF TOTAL": null, "2024": 635, "2029": null}, "Renter Occupied Housing Units": {"Demographic": null, "2020": 1139, "% OF TOTAL": null, "2024": 1210, "2029": null}, "Housing Units Value Less Than 100k": {"Demographic": null, "2020": 161, "% OF TOTAL": null, "2024": 187, "2029": null}, "Housing Units Value 100k - 200k": {"Demographic": null, "2020": 262, "% OF TOTAL": null, "2024": 259, "2029": null}, "Housing Units Value 200k - 250k": {"Demographic": null, "2020": 58, "% OF TOTAL": null, "2024": 61, "2029": null}, "Housing Units Value 250k - 300k": {"Demographic": null, "2020": 27, "% OF TOTAL": null, "2024": 29, "2029": null}, "Housing Units Value 300k - 400k": {"Demographic": null, "2020": 34, "% OF TOTAL": null, "2024": 35, "2029": null}, "Housing Units Value 400k - 500k": {"Demographic": null, "2020": 21, "% OF TOTAL": null, "2024": 23, "2029": null}, "Housing Units Value 500k - 750k": {"Demographic": null, "2020": 7, "% OF TOTAL": null, "2024": 8, "2029": null}, "Housing Units Value 750k - 1m": {"Demographic": null, "2020": 0, "% OF TOTAL": null, "2024": 0, "2029": null}, "Housing Units Value 1m - 1.5m": {"Demographic": null, "2020": 25, "% OF TOTAL": null, "2024": 33, "2029": null}, "Housing Units Value 1.5m - 2m": {"Demographic": null, "2020": 0, "% OF TOTAL": null, "2024": 0, "2029": null}, "Housing Units Value >2m": {"Demographic": null, "2020": 0, "% OF TOTAL": null, "2024": 0, "2029": null}, "Take Car or Truck to Work": {"Demographic": null, "2020": 682, "% OF TOTAL": null, "2024": 719, "2029": null}, "Take Public Transportation to Work": {"Demographic": null, "2020": 35, "% OF TOTAL": null, "2024": 35, "2029": null}, "Take Other Means of Transportation to Work": {"Demographic": null, "2020": 91, "% OF TOTAL": null, "2024": 91, "2029": null}, "Average Travel Time (min)": {"Demographic": null, "2020": 26, "% OF TOTAL": null, "2024": 26, "2029": null}, "Travel Below 30 Min to Work": {"Demographic": null, "2020": 584, "% OF TOTAL": null, "2024": 604, "2029": null}, "Travel 30-60 Min to Work": {"Demographic": null, "2020": 174, "% OF TOTAL": null, "2024": 183, "2029": null}, "Travel Above 60 Min to Work": {"Demographic": null, "2020": 181, "% OF TOTAL": null, "2024": 58, "2029": null}, "Educational Attainment: No High School Diploma": {"Demographic": null, "2020": 1503, "% OF TOTAL": null, "2024": 1619, "2029": null}, "Educational Attainment: High School Diploma": {"Demographic": null, "2020": 936, "% OF TOTAL": null, "2024": 1005, "2029": null}, "Educational Attainment: Some College": {"Demographic": null, "2020": 905, "% OF TOTAL": null, "2024": 954, "2029": null}, "Educational Attainment: Associate's Degree": {"Demographic": null, "2020": 183, "% OF TOTAL": null, "2024": 193, "2029": null}, "Educational Attainment: Bachelors Degree": {"Demographic": null, "2020": 310, "% OF TOTAL": null, "2024": 321, "2029": null}, "Educational Attainment: Advanced Degree": {"Demographic": null, "2020": 224, "% OF TOTAL": null, "2024": 227, "2029": null}, "Households: Number of vehicles available - Average": {"Demographic": null, "2020": 1, "% OF TOTAL": null, "2024": 1, "2029": null}, "Households: No Vehicle available": {"Demographic": null, "2020": 566, "% OF TOTAL": null, "2024": 587, "2029": null}, "Households: 1 Vehicle available": {"Demographic": null, "2020": 821, "% OF TOTAL": null, "2024": 887, "2029": null}, "Households: 2 Vehicles available": {"Demographic": null, "2020": 187, "% OF TOTAL": null, "2024": 200, "2029": null}, "Households: 3 Vehicles available": {"Demographic": null, "2020": 125, "% OF TOTAL": null, "2024": 136, "2029": null}, "Households: 4 or more Vehicles available": {"Demographic": null, "2020": 35, "% OF TOTAL": null, "2024": 35, "2029": null}}, "population_trends": {"Total Population": {"Demographic": null, "2020": 3423, "% OF TOTAL": null, "2024": 3601, "2029": 3707}, "Population Growth": {"Demographic": null, "2020": null, "% OF TOTAL": null, "2024": 5.2, "2029": 2.9}, "Female Population": {"Demographic": null, "2020": 1881, "% OF TOTAL": 54.4, "2024": 1970, "2029": 2016}, "Male Population": {"Demographic": null, "2020": 1542, "% OF TOTAL": 45.6, "2024": 1631, "2029": 1691}, "Total population: Median Age": {"Demographic": null, "2020": 54, "% OF TOTAL": null, "2024": 55, "2029": 57}, "Total population: Under 5 years": {"Demographic": null, "2020": 150, "% OF TOTAL": 3.8, "2024": 147, "2029": 140}, "Total population: 5 - 9 years": {"Demographic": null, "2020": 185, "% OF TOTAL": 4.7, "2024": 194, "2029": 174}, "Total population: 10 - 14 years": {"Demographic": null, "2020": 154, "% OF TOTAL": 4.3, "2024": 151, "2029": 161}, "Total population: 15 - 19 years": {"Demographic": null, "2020": 154, "% OF TOTAL": 4.0, "2024": 161, "2029": 150}, "Total population: 20 - 24 years": {"Demographic": null, "2020": 148, "% OF TOTAL": 4.0, "2024": 148, "2029": 150}, "Total population: 25 - 29 years": {"Demographic": null, "2020": 191, "% OF TOTAL": 4.7, "2024": 184, "2029": 173}, "Total population: 30 - 34 years": {"Demographic": null, "2020": 187, "% OF TOTAL": 5.3, "2024": 212, "2029": 197}, "Total population: 35 - 39 years": {"Demographic": null, "2020": 176, "% OF TOTAL": 5.8, "2024": 193, "2029": 215}, "Total population: 40 - 44 years": {"Demographic": null, "2020": 181, "% OF TOTAL": 5.6, "2024": 196, "2029": 208}, "Total population: 45 - 49 years": {"Demographic": null, "2020": 175, "% OF TOTAL": 5.5, "2024": 187, "2029": 205}, "Total population: 50 - 54 years": {"Demographic": null, "2020": 163, "% OF TOTAL": 4.6, "2024": 168, "2029": 170}, "Total population: 55 - 59 years": {"Demographic": null, "2020": 243, "% OF TOTAL": 5.9, "2024": 232, "2029": 220}, "Total population: 60 - 64 years": {"Demographic": null, "2020": 296, "% OF TOTAL": 7.3, "2024": 299, "2029": 270}, "Total population: 65 - 69 years": {"Demographic": null, "2020": 333, "% OF TOTAL": 10.1, "2024": 383, "2029": 375}, "Total population: 70 - 74 years": {"Demographic": null, "2020": 284, "% OF TOTAL": 10.1, "2024": 324, "2029": 374}, "Total population: 75 - 79 years": {"Demographic": null, "2020": 154, "% OF TOTAL": 6.4, "2024": 181, "2029": 239}, "Total population: 80 - 84 years": {"Demographic": null, "2020": 106, "% OF TOTAL": 3.8, "2024": 105, "2029": 142}, "Total population: 85 years and over": {"Demographic": null, "2020": 143, "% OF TOTAL": 3.9, "2024": 136, "2029": 144}, "Female population: Median Age": {"Demographic": null, "2020": 58, "% OF TOTAL": null, "2024": 59, "2029": 60}, "Female population: Under 5 years": {"Demographic": null, "2020": 70, "% OF TOTAL": 3.4, "2024": 70, "2029": 68}, "Female population: 5 - 9 years": {"Demographic": null, "2020": 98, "% OF TOTAL": 4.4, "2024": 101, "2029": 88}, "Female population: 10 - 14 years": {"Demographic": null, "2020": 80, "% OF TOTAL": 4.3, "2024": 81, "2029": 86}, "Female population: 15 - 19 years": {"Demographic": null, "2020": 61, "% OF TOTAL": 3.4, "2024": 65, "2029": 68}, "Female population: 20 - 24 years": {"Demographic": null, "2020": 72, "% OF TOTAL": 3.4, "2024": 71, "2029": 69}, "Female population: 25 - 29 years": {"Demographic": null, "2020": 117, "% OF TOTAL": 5.1, "2024": 113, "2029": 102}, "Female population: 30 - 34 years": {"Demographic": null, "2020": 96, "% OF TOTAL": 5.1, "2024": 107, "2029": 103}, "Female population: 35 - 39 years": {"Demographic": null, "2020": 94, "% OF TOTAL": 5.5, "2024": 101, "2029": 110}, "Female population: 40 - 44 years": {"Demographic": null, "2020": 93, "% OF TOTAL": 5.1, "2024": 99, "2029": 103}, "Female population: 45 - 49 years": {"Demographic": null, "2020": 97, "% OF TOTAL": 5.4, "2024": 104, "2029": 109}, "Female population: 50 - 54 years": {"Demographic": null, "2020": 91, "% OF TOTAL": 4.6, "2024": 93, "2029": 93}, "Female population: 55 - 59 years": {"Demographic": null, "2020": 124, "% OF TOTAL": 5.5, "2024": 116, "2029": 111}, "Female population: 60 - 64 years": {"Demographic": null, "2020": 164, "% OF TOTAL": 7.1, "2024": 164, "2029": 143}, "Female population: 65 - 69 years": {"Demographic": null, "2020": 180, "% OF TOTAL": 10.2, "2024": 212, "2029": 205}, "Female population: 70 - 74 years": {"Demographic": null, "2020": 169, "% OF TOTAL": 10.7, "2024": 191, "2029": 215}, "Female population: 75 - 79 years": {"Demographic": null, "2020": 97, "% OF TOTAL": 7.3, "2024": 112, "2029": 147}, "Female population: 80 - 84 years": {"Demographic": null, "2020": 67, "% OF TOTAL": 4.6, "2024": 68, "2029": 92}, "Female population: 85 years and over": {"Demographic": null, "2020": 111, "% OF TOTAL": 5.2, "2024": 102, "2029": 104}, "Male population: Median Age": {"Demographic": null, "2020": 45, "% OF TOTAL": null, "2024": 46, "2029": 48}, "Male population: Under 5 years": {"Demographic": null, "2020": 80, "% OF TOTAL": 4.3, "2024": 77, "2029": 72}, "Male population: 5 - 9 years": {"Demographic": null, "2020": 87, "% OF TOTAL": 5.1, "2024": 93, "2029": 86}, "Male population: 10 - 14 years": {"Demographic": null, "2020": 74, "% OF TOTAL": 4.4, "2024": 70, "2029": 75}, "Male population: 15 - 19 years": {"Demographic": null, "2020": 93, "% OF TOTAL": 4.8, "2024": 96, "2029": 82}, "Male population: 20 - 24 years": {"Demographic": null, "2020": 76, "% OF TOTAL": 4.8, "2024": 77, "2029": 81}, "Male population: 25 - 29 years": {"Demographic": null, "2020": 74, "% OF TOTAL": 4.2, "2024": 71, "2029": 71}, "Male population: 30 - 34 years": {"Demographic": null, "2020": 91, "% OF TOTAL": 5.6, "2024": 105, "2029": 94}, "Male population: 35 - 39 years": {"Demographic": null, "2020": 82, "% OF TOTAL": 6.2, "2024": 92, "2029": 105}, "Male population: 40 - 44 years": {"Demographic": null, "2020": 88, "% OF TOTAL": 6.2, "2024": 97, "2029": 105}, "Male population: 45 - 49 years": {"Demographic": null, "2020": 78, "% OF TOTAL": 5.7, "2024": 83, "2029": 96}, "Male population: 50 - 54 years": {"Demographic": null, "2020": 72, "% OF TOTAL": 4.6, "2024": 75, "2029": 77}, "Male population: 55 - 59 years": {"Demographic": null, "2020": 119, "% OF TOTAL": 6.4, "2024": 116, "2029": 109}, "Male population: 60 - 64 years": {"Demographic": null, "2020": 132, "% OF TOTAL": 7.5, "2024": 135, "2029": 127}, "Male population: 65 - 69 years": {"Demographic": null, "2020": 153, "% OF TOTAL": 10.1, "2024": 171, "2029": 170}, "Male population: 70 - 74 years": {"Demographic": null, "2020": 115, "% OF TOTAL": 9.4, "2024": 133, "2029": 159}, "Male population: 75 - 79 years": {"Demographic": null, "2020": 57, "% OF TOTAL": 5.4, "2024": 69, "2029": 92}, "Male population: 80 - 84 years": {"Demographic": null, "2020": 39, "% OF TOTAL": 3.0, "2024": 37, "2029": 50}, "Male population: 85 years and over": {"Demographic": null, "2020": 32, "% OF TOTAL": 2.4, "2024": 34, "2029": 40}, "White alone": {"Demographic": null, "2020": 527, "% OF TOTAL": 15.5, "2024": 547, "2029": 574}, "Black alone": {"Demographic": null, "2020": 2769, "% OF TOTAL": 80.5, "2024": 2908, "2029": 2984}, "American Indian and Alaska Native alone": {"Demographic": null, "2020": 5, "% OF TOTAL": 0.1, "2024": 5, "2029": 5}, "Asian alone": {"Demographic": null, "2020": 5, "% OF TOTAL": 0.1, "2024": 5, "2029": 5}, "Native Hawaiian and OPI alone": {"Demographic": null, "2020": 3, "% OF TOTAL": 0.1, "2024": 4, "2029": 5}, "Some other race alone": {"Demographic": null, "2020": 22, "% OF TOTAL": 0.6, "2024": 24, "2029": 24}, "Two or more races alone": {"Demographic": null, "2020": 92, "% OF TOTAL": 3.0, "2024": 108, "2029": 110}, "Not Hispanic: White alone": {"Demographic": null, "2020": 525, "% OF TOTAL": 15.4, "2024": 545, "2029": 572}, "Not Hispanic: Black or African American alone": {"Demographic": null, "2020": 2756, "% OF TOTAL": 80.0, "2024": 2892, "2029": 2967}, "Not Hispanic: American Indian and Alaska Native alone": {"Demographic": null, "2020": 5, "% OF TOTAL": 0.1, "2024": 5, "2029": 5}, "Not Hispanic: Asian alone": {"Demographic": null, "2020": 5, "% OF TOTAL": 0.1, "2024": 5, "2029": 5}, "Not Hispanic: Native Hawaiian and OPI alone": {"Demographic": null, "2020": 2, "% OF TOTAL": 0.1, "2024": 3, "2029": 4}, "Not Hispanic: Some Other Race alone": {"Demographic": null, "2020": 14, "% OF TOTAL": 0.4, "2024": 15, "2029": 15}, "Not Hispanic: Two or More Races": {"Demographic": null, "2020": 82, "% OF TOTAL": 2.6, "2024": 95, "2029": 96}, "Hispanic: White alone": {"Demographic": null, "2020": 2, "% OF TOTAL": 0.1, "2024": 2, "2029": 2}, "Hispanic: Black or African American alone": {"Demographic": null, "2020": 13, "% OF TOTAL": 0.5, "2024": 16, "2029": 17}, "Hispanic: American Indian and Alaska Native alone": {"Demographic": null, "2020": 0, "% OF TOTAL": 0.0, "2024": 0, "2029": 0}, "Hispanic: Asian alone": {"Demographic": null, "2020": 0, "% OF TOTAL": 0.0, "2024": 0, "2029": 0}, "Hispanic: Native Hawaiian and OPI alone": {"Demographic": null, "2020": 1, "% OF TOTAL": 0.0, "2024": 1, "2029": 1}, "Hispanic: Some Other Race alone": {"Demographic": null, "2020": 8, "% OF TOTAL": 0.2, "2024": 9, "2029": 9}, "Hispanic: Two or More Races": {"Demographic": null, "2020": 10, "% OF TOTAL": 0.4, "2024": 13, "2029": 14}, "Educational Attainment: No High School Diploma": {"Demographic": null, "2020": 567, "% OF TOTAL": null, "2024": 614, "2029": null}, "Educational Attainment: High School Diploma": {"Demographic": null, "2020": 936, "% OF TOTAL": null, "2024": 1005, "2029": null}, "Educational Attainment: Some College": {"Demographic": null, "2020": 412, "% OF TOTAL": null, "2024": 440, "2029": null}, "Educational Attainment: Associates Degree": {"Demographic": null, "2020": 183, "% OF TOTAL": null, "2024": 193, "2029": null}, "Educational Attainment: Bachelors Degree": {"Demographic": null, "2020": 310, "% OF TOTAL": null, "2024": 321, "2029": null}, "Educational Attainment: Advanced Degree": {"Demographic": null, "2020": 224, "% OF TOTAL": null, "2024": 227, "2029": null}, "Employment Status: Armed Forces": {"Demographic": null, "2020": 0, "% OF TOTAL": null, "2024": 0, "2029": null}, "Employment Status: Civilian labor force employed": {"Demographic": null, "2020": 904, "% OF TOTAL": null, "2024": 946, "2029": null}, "Employment Status: Civilian labor force unemployed": {"Demographic": null, "2020": 76, "% OF TOTAL": null, "2024": 86, "2029": null}, "Employment Status: Not in labor force": {"Demographic": null, "2020": 1925, "% OF TOTAL": null, "2024": 2036, "2029": null}, "Employed in Agriculture and Mining Industries": {"Demographic": null, "2020": 12, "% OF TOTAL": null, "2024": 12, "2029": null}, "Employed in Construction Industries": {"Demographic": null, "2020": 66, "% OF TOTAL": null, "2024": 70, "2029": null}, "Employed in Manufacturing Industries": {"Demographic": null, "2020": 128, "% OF TOTAL": null, "2024": 135, "2029": null}, "Employed in Wholesale Industries": {"Demographic": null, "2020": 29, "% OF TOTAL": null, "2024": 29, "2029": null}, "Employed in Retail Industries": {"Demographic": null, "2020": 57, "% OF TOTAL": null, "2024": 67, "2029": null}, "Employed in Transportation and Utilities Industries": {"Demographic": null, "2020": 50, "% OF TOTAL": null, "2024": 50, "2029": null}, "Employed in Information Industries": {"Demographic": null, "2020": 0, "% OF TOTAL": null, "2024": 0, "2029": null}, "Employed in Real-Estate Industries": {"Demographic": null, "2020": 53, "% OF TOTAL": null, "2024": 57, "2029": null}, "Employed in Professional Industries": {"Demographic": null, "2020": 35, "% OF TOTAL": null, "2024": 37, "2029": null}, "Employed in Health and Education Industries": {"Demographic": null, "2020": 223, "% OF TOTAL": null, "2024": 228, "2029": null}, "Employed in Art Industries": {"Demographic": null, "2020": 193, "% OF TOTAL": null, "2024": 199, "2029": null}, "Employed in Other Industries": {"Demographic": null, "2020": 35, "% OF TOTAL": null, "2024": 37, "2029": null}, "Employed in Public Administration Industries": {"Demographic": null, "2020": 23, "% OF TOTAL": null, "2024": 25, "2029": null}, "Occupation: Management": {"Demographic": null, "2020": 151, "% OF TOTAL": null, "2024": 159, "2029": null}, "Occupation: Business and financial operations": {"Demographic": null, "2020": 34, "% OF TOTAL": null, "2024": 34, "2029": null}, "Occupation: Computer and mathematical": {"Demographic": null, "2020": 4, "% OF TOTAL": null, "2024": 4, "2029": null}, "Occupation: Architecture and engineering": {"Demographic": null, "2020": 6, "% OF TOTAL": null, "2024": 6, "2029": null}, "Occupation: Life, physical, and social science": {"Demographic": null, "2020": 0, "% OF TOTAL": null, "2024": 0, "2029": null}, "Occupation: Community and social service": {"Demographic": null, "2020": 9, "% OF TOTAL": null, "2024": 9, "2029": null}, "Occupation: Legal": {"Demographic": null, "2020": 6, "% OF TOTAL": null, "2024": 6, "2029": null}, "Occupation: Education, training, and library": {"Demographic": null, "2020": 49, "% OF TOTAL": null, "2024": 50, "2029": null}, "Occupation: Arts, design, entertainment, sports, and media": {"Demographic": null, "2020": 0, "% OF TOTAL": null, "2024": 0, "2029": null}, "Occupation: Health diagnosing and treating practitioners": {"Demographic": null, "2020": 31, "% OF TOTAL": null, "2024": 32, "2029": null}, "Occupation: Health technologists and technicians": {"Demographic": null, "2020": 32, "% OF TOTAL": null, "2024": 32, "2029": null}, "Occupation: Healthcare support": {"Demographic": null, "2020": 70, "% OF TOTAL": null, "2024": 72, "2029": null}, "Occupation: Fire fighting and prevention": {"Demographic": null, "2020": 5, "% OF TOTAL": null, "2024": 5, "2029": null}, "Occupation: Law enforcement workers": {"Demographic": null, "2020": 0, "% OF TOTAL": null, "2024": 0, "2029": null}, "Occupation: Food preparation and serving related": {"Demographic": null, "2020": 161, "% OF TOTAL": null, "2024": 168, "2029": null}, "Occupation: Building and grounds cleaning and maintenance": {"Demographic": null, "2020": 27, "% OF TOTAL": null, "2024": 30, "2029": null}, "Occupation: Personal care and service": {"Demographic": null, "2020": 0, "% OF TOTAL": null, "2024": 0, "2029": null}, "Occupation: Sales and related": {"Demographic": null, "2020": 51, "% OF TOTAL": null, "2024": 57, "2029": null}, "Occupation: Office and administrative support": {"Demographic": null, "2020": 49, "% OF TOTAL": null, "2024": 50, "2029": null}, "Occupation: Farming, fishing, and forestry": {"Demographic": null, "2020": 0, "% OF TOTAL": null, "2024": 0, "2029": null}, "Occupation: Construction and extraction": {"Demographic": null, "2020": 43, "% OF TOTAL": null, "2024": 46, "2029": null}, "Occupation: Installation, maintenance, and repair": {"Demographic": null, "2020": 26, "% OF TOTAL": null, "2024": 27, "2029": null}, "Occupation: Production": {"Demographic": null, "2020": 59, "% OF TOTAL": null, "2024": 63, "2029": null}, "Occupation: Transportation": {"Demographic": null, "2020": 50, "% OF TOTAL": null, "2024": 54, "2029": null}, "Occupation: Material moving": {"Demographic": null, "2020": 41, "% OF TOTAL": null, "2024": 42, "2029": null}, "White collar": {"Demographic": null, "2020": 422, "% OF TOTAL": null, "2024": 439, "2029": null}, "Blue collar": {"Demographic": null, "2020": 482, "% OF TOTAL": null, "2024": 507, "2029": null}, "Means of transportation: Car, truck or van": {"Demographic": null, "2020": 682, "% OF TOTAL": null, "2024": 719, "2029": null}, "Means of transportation: Public transportation": {"Demographic": null, "2020": 35, "% OF TOTAL": null, "2024": 35, "2029": null}, "Means of transportation: Other": {"Demographic": null, "2020": 91, "% OF TOTAL": null, "2024": 91, "2029": null}, "Travel time: Average (in minutes)": {"Demographic": null, "2020": 26, "% OF TOTAL": null, "2024": 26, "2029": null}, "Travel time to work: Less than 30 minutes": {"Demographic": null, "2020": 584, "% OF TOTAL": null, "2024": 604, "2029": null}, "Travel time to work: 30 to 60 minutes": {"Demographic": null, "2020": 174, "% OF TOTAL": null, "2024": 183, "2029": null}, "Travel time to work: 60 or more minutes": {"Demographic": null, "2020": 50, "% OF TOTAL": null, "2024": 58, "2029": null}}, "household_trends": {"Households": {"Demographic": null, "2020": 1734, "% OF TOTAL": null, "2024": 1845, "2029": 1936}, "Households Growth": {"Demographic": null, "2020": null, "% OF TOTAL": null, "2024": 6.4, "2029": 4.9}, "Householder Age 15-24": {"Demographic": null, "2020": 41, "% OF TOTAL": 2.5, "2024": 45, "2029": 48}, "Householder Age 25-34": {"Demographic": null, "2020": 212, "% OF TOTAL": 11.2, "2024": 227, "2029": 216}, "Householder Age 35-44": {"Demographic": null, "2020": 190, "% OF TOTAL": 11.2, "2024": 203, "2029": 217}, "Householder Age 45-54": {"Demographic": null, "2020": 200, "% OF TOTAL": 11.7, "2024": 215, "2029": 227}, "Householder Age 55-64": {"Demographic": null, "2020": 332, "% OF TOTAL": 16.3, "2024": 347, "2029": 315}, "Householder Age 65-74": {"Demographic": null, "2020": 479, "% OF TOTAL": 27.9, "2024": 512, "2029": 540}, "Householder Age 75+": {"Demographic": null, "2020": 280, "% OF TOTAL": 19.3, "2024": 296, "2029": 373}, "Average Household Size": {"Demographic": null, "2020": 2.1, "% OF TOTAL": null, "2024": 2.0, "2029": 2.0}, "1 Person Households": {"Demographic": null, "2020": 925, "% OF TOTAL": 52.7, "2024": 984, "2029": 1020}, "2 Person Households": {"Demographic": null, "2020": 386, "% OF TOTAL": 24.1, "2024": 434, "2029": 467}, "3 Person Households": {"Demographic": null, "2020": 190, "% OF TOTAL": 12.4, "2024": 218, "2029": 240}, "4 Person Households": {"Demographic": null, "2020": 129, "% OF TOTAL": 5.8, "2024": 114, "2029": 113}, "5 Person Households": {"Demographic": null, "2020": 63, "% OF TOTAL": 2.8, "2024": 55, "2029": 55}, "6 Person Households": {"Demographic": null, "2020": 21, "% OF TOTAL": 1.1, "2024": 20, "2029": 21}, "7+ Person Households": {"Demographic": null, "2020": 20, "% OF TOTAL": 1.0, "2024": 20, "2029": 20}, "Household Type: Family": {"Demographic": null, "2020": 746, "% OF TOTAL": null, "2024": 795, "2029": null}, "Household Type: Married Family": {"Demographic": null, "2020": 270, "% OF TOTAL": null, "2024": 288, "2029": null}, "Household Type: Married Family With Children": {"Demographic": null, "2020": 40, "% OF TOTAL": null, "2024": 43, "2029": null}, "Household Type: Married Family Without Children": {"Demographic": null, "2020": 230, "% OF TOTAL": null, "2024": 245, "2029": null}, "Household Type: Other Family": {"Demographic": null, "2020": 476, "% OF TOTAL": null, "2024": 507, "2029": null}, "Household Type: Male Households, No Wife": {"Demographic": null, "2020": 79, "% OF TOTAL": null, "2024": 85, "2029": null}, "Household Type: Male Households, No Wife With Children": {"Demographic": null, "2020": 16, "% OF TOTAL": null, "2024": 16, "2029": null}, "Household Type: Male Households, No Wife Without Children": {"Demographic": null, "2020": 63, "% OF TOTAL": null, "2024": 69, "2029": null}, "Household Type: Female Households, No Husband": {"Demographic": null, "2020": 397, "% OF TOTAL": null, "2024": 422, "2029": null}, "Household Type: Female Households, No Husband With Children": {"Demographic": null, "2020": 168, "% OF TOTAL": null, "2024": 175, "2029": null}, "Household Type: Female Households, No Husband Without Children": {"Demographic": null, "2020": 229, "% OF TOTAL": null, "2024": 247, "2029": null}, "Household Income: Average": {"Demographic": null, "2020": 48654, "% OF TOTAL": null, "2024": 56517, "2029": 79217}, "Household Income: Median": {"Demographic": null, "2020": 0, "% OF TOTAL": null, "2024": 23674, "2029": 38500}, "Household Income: Less than $25k": {"Demographic": null, "2020": 922, "% OF TOTAL": 37.4, "2024": 889, "2029": 724}, "Household Income: $25k - $50k": {"Demographic": null, "2020": 341, "% OF TOTAL": 18.2, "2024": 361, "2029": 353}, "Household Income: $50k - $75k": {"Demographic": null, "2020": 171, "% OF TOTAL": 10.0, "2024": 184, "2029": 193}, "Household Income: $75k - $100k": {"Demographic": null, "2020": 68, "% OF TOTAL": 8.8, "2024": 110, "2029": 171}, "Household Income: $100k - $125k": {"Demographic": null, "2020": 102, "% OF TOTAL": 8.7, "2024": 116, "2029": 169}, "Household Income: $125k - $150k": {"Demographic": null, "2020": 47, "% OF TOTAL": 5.4, "2024": 68, "2029": 104}, "Household Income: $150k - $200k": {"Demographic": null, "2020": 18, "% OF TOTAL": 2.7, "2024": 34, "2029": 52}, "Household Income: Above $200k": {"Demographic": null, "2020": 65, "% OF TOTAL": 8.8, "2024": 83, "2029": 170}, "Total Housing Units": {"Demographic": null, "2020": 1967, "% OF TOTAL": null, "2024": null, "2029": null}, "Owner Occupied Housing Units": {"Demographic": null, "2020": 595, "% OF TOTAL": null, "2024": 635, "2029": null}, "Renter Occupied Housing Units": {"Demographic": null, "2020": 1139, "% OF TOTAL": null, "2024": 1210, "2029": null}, "Vacant Housing Units": {"Demographic": null, "2020": 233, "% OF TOTAL": null, "2024": null, "2029": null}, "Vacant Housing Units: Seasonal": {"Demographic": null, "2020": 30, "% OF TOTAL": null, "2024": null, "2029": null}, "Vacant Housing Units: Other Usage": {"Demographic": null, "2020": 203, "% OF TOTAL": null, "2024": null, "2029": null}, "Average Housing Unit Value": {"Demographic": null, "2020": 214860, "% OF TOTAL": null, "2024": 215304, "2029": null}, "Median Housing Unit Value": {"Demographic": null, "2020": 154605, "% OF TOTAL": null, "2024": 155625, "2029": null}, "Housing Unit Value Less Than $100k": {"Demographic": null, "2020": 161, "% OF TOTAL": null, "2024": 187, "2029": null}, "Housing Unit Value $100k-$200k": {"Demographic": null, "2020": 262, "% OF TOTAL": null, "2024": 259, "2029": null}, "Housing Unit Value $200k-$250k": {"Demographic": null, "2020": 58, "% OF TOTAL": null, "2024": 61, "2029": null}, "Housing Unit Value $250k-$300k": {"Demographic": null, "2020": 27, "% OF TOTAL": null, "2024": 29, "2029": null}, "Housing Unit Value $300k-$400k": {"Demographic": null, "2020": 34, "% OF TOTAL": null, "2024": 35, "2029": null}, "Housing Unit Value $400k-$500k": {"Demographic": null, "2020": 21, "% OF TOTAL": null, "2024": 23, "2029": null}, "Housing Unit Value $500k-$750k": {"Demographic": null, "2020": 7, "% OF TOTAL": null, "2024": 8, "2029": null}, "Housing Unit Value $750k-$1m": {"Demographic": null, "2020": 0, "% OF TOTAL": null, "2024": 0, "2029": null}, "Housing Unit Value $1m-$1.5m": {"Demographic": null, "2020": 25, "% OF TOTAL": null, "2024": 33, "2029": null}, "Housing Unit Value $1.5m-$2m": {"Demographic": null, "2020": 0, "% OF TOTAL": null, "2024": 0, "2029": null}, "Housing Unit Value Above $2m": {"Demographic": null, "2020": 0, "% OF TOTAL": null, "2024": 0, "2029": null}, "Median Housing Unit Year Built": {"Demographic": null, "2020": 1974, "% OF TOTAL": null, "2024": 1974, "2029": null}, "Housing Units Built 2014 Or After": {"Demographic": null, "2020": 0, "% OF TOTAL": null, "2024": 0, "2029": null}, "Housing Units Built 2010-2013": {"Demographic": null, "2020": 6, "% OF TOTAL": null, "2024": 7, "2029": null}, "Housing Units Built 2000-2009": {"Demographic": null, "2020": 26, "% OF TOTAL": null, "2024": 29, "2029": null}, "Housing Units Built 1990-1999": {"Demographic": null, "2020": 91, "% OF TOTAL": null, "2024": 95, "2029": null}, "Housing Units Built 1980-1989": {"Demographic": null, "2020": 490, "% OF TOTAL": null, "2024": 504, "2029": null}, "Housing Units Built 1970-1979": {"Demographic": null, "2020": 598, "% OF TOTAL": null, "2024": 621, "2029": null}, "Housing Units Built 1960-1969": {"Demographic": null, "2020": 123, "% OF TOTAL": null, "2024": 136, "2029": null}, "Housing Units Built 1950-1959": {"Demographic": null, "2020": 139, "% OF TOTAL": null, "2024": 149, "2029": null}, "Housing Units Built 1940-1949": {"Demographic": null, "2020": 145, "% OF TOTAL": null, "2024": 178, "2029": null}, "Housing Units Built Before 1940": {"Demographic": null, "2020": 116, "% OF TOTAL": null, "2024": 126, "2029": null}}, "consumer_segments": {"Renters": {"households": 375, "pct": 22.3}, "Active Adult Feature and Location": {"households": 348, "pct": 20.7}, "Entry Level Suburban": {"households": 214, "pct": 12.7}, "Elite": {"households": 155, "pct": 9.2}, "Renters Near Term Buyers": {"households": 155, "pct": 9.2}, "Active Adult Entry Level": {"households": 141, "pct": 8.4}, "Entry Level Urban": {"households": 77, "pct": 4.6}, "Feature and Location": {"households": 58, "pct": 3.4}, "Active Adult Elite": {"households": 46, "pct": 2.7}, "Family Life Young Children": {"households": 35, "pct": 2.1}, "Simple Life Affluent No Children": {"households": 30, "pct": 1.8}, "Family Life School Age Children": {"households": 25, "pct": 1.5}, "Simple Life Moderate Income With Children": {"households": 14, "pct": 0.8}, "Simple Life Moderate Income No Children": {"households": 9, "pct": 0.5}}, "income_age": {"2020": {}, "2024": {}, "2029": {}}, "population_2024": 3601, "population_2029": 3707, "households_2024": 1845, "households_2029": 1936, "median_household_income_2024": 23674, "median_household_income_2029": 38500, "mean_household_income_2024": null, "mean_household_income_2029": null, "median_age_2024": 55, "median_age_2029": 57, "median_home_value_2024": 155625, "average_household_size_2024": 2.0, "average_household_size_2029": 2.0, "population_growth_2024_2029": 5.2, "households_growth_2024_2029": 6.4}, "geometry": {"type": "Polygon", "coordinates": [[[-88.02235, 30.661165], [-88.053003, 30.66092], [-88.053318, 30.68996], [-88.019716, 30.690228], [-88.019434, 30.663377], [-88.02235, 30.661165]]]}}, {"type": "Feature", "properties": {"block": "074", "block_num": 74, "CentroidLon": -88.06995841686393, "CentroidLat": 30.67530247085449, "submarket": "North Mobile", "data_status": "usable", "is_anomalous": false, "anomaly_reason": null, "files_present": "DemographicSnapshot-26.08.06.csv;PopulationTrends-26.08.06.csv;HouseholdTrends-26.08.06.csv;HouseholdIncomeByAge-26.08.06.csv;ConsumerSegmentation-26.08.06.csv", "demographic_snapshot": {"Total Population": {"Demographic": null, "2020": 13604, "% OF TOTAL": null, "2024": 13286, "2029": 13082}, "Households": {"Demographic": null, "2020": 5972, "% OF TOTAL": null, "2024": 5903, "2029": 5915}, "Population in Group Quarters": {"Demographic": null, "2020": 349, "% OF TOTAL": null, "2024": 359, "2029": 364}, "Households Growth": {"Demographic": null, "2020": null, "% OF TOTAL": null, "2024": -1.2, "2029": 0.2}, "Household Income: Median": {"Demographic": null, "2020": 0, "% OF TOTAL": null, "2024": 62250, "2029": 76599}, "Home Value: Median": {"Demographic": null, "2020": 111487, "% OF TOTAL": null, "2024": 111513, "2029": null}, "Population Growth": {"Demographic": null, "2020": null, "% OF TOTAL": null, "2024": -2.3, "2029": -1.5}, "Total Population: Under 19 years": {"Demographic": null, "2020": 2947, "% OF TOTAL": 20.3, "2024": 2812, "2029": 2655}, "Total Population: 20 - 64 years": {"Demographic": null, "2020": 8196, "% OF TOTAL": 57.8, "2024": 7895, "2029": 7558}, "Total Population: 65 years and over": {"Demographic": null, "2020": 2461, "% OF TOTAL": 21.9, "2024": 2579, "2029": 2869}, "Total population: Median age": {"Demographic": null, "2020": 41, "% OF TOTAL": null, "2024": 41, "2029": 42}, "Total population: Under 5 years": {"Demographic": null, "2020": 798, "% OF TOTAL": 5.4, "2024": 745, "2029": 704}, "Total population: 5 - 9 years": {"Demographic": null, "2020": 721, "% OF TOTAL": 5.1, "2024": 708, "2029": 671}, "Total population: 10 - 14 years": {"Demographic": null, "2020": 758, "% OF TOTAL": 5.0, "2024": 693, "2029": 654}, "Total population: 15 - 19 years": {"Demographic": null, "2020": 670, "% OF TOTAL": 4.8, "2024": 666, "2029": 626}, "Total population: 20 - 24 years": {"Demographic": null, "2020": 742, "% OF TOTAL": 5.1, "2024": 717, "2029": 672}, "Total population: 25 - 29 years": {"Demographic": null, "2020": 1050, "% OF TOTAL": 6.7, "2024": 979, "2029": 878}, "Total population: 30 - 34 years": {"Demographic": null, "2020": 1062, "% OF TOTAL": 7.5, "2024": 1071, "2029": 975}, "Total population: 35 - 39 years": {"Demographic": null, "2020": 863, "% OF TOTAL": 7.2, "2024": 861, "2029": 936}, "Total population: 40 - 44 years": {"Demographic": null, "2020": 769, "% OF TOTAL": 6.1, "2024": 777, "2029": 803}, "Total population: 45 - 49 years": {"Demographic": null, "2020": 796, "% OF TOTAL": 6.0, "2024": 767, "2029": 791}, "Total population: 50 - 54 years": {"Demographic": null, "2020": 862, "% OF TOTAL": 5.8, "2024": 820, "2029": 763}, "Total population: 55 - 59 years": {"Demographic": null, "2020": 995, "% OF TOTAL": 6.4, "2024": 892, "2029": 843}, "Total population: 60 - 64 years": {"Demographic": null, "2020": 1057, "% OF TOTAL": 6.9, "2024": 1011, "2029": 897}, "Total population: 65 - 69 years": {"Demographic": null, "2020": 842, "% OF TOTAL": 6.9, "2024": 876, "2029": 905}, "Total population: 70 - 74 years": {"Demographic": null, "2020": 698, "% OF TOTAL": 6.1, "2024": 735, "2029": 800}, "Total population: 75 - 79 years": {"Demographic": null, "2020": 389, "% OF TOTAL": 4.2, "2024": 446, "2029": 543}, "Total population: 80 - 84 years": {"Demographic": null, "2020": 233, "% OF TOTAL": 2.5, "2024": 240, "2029": 330}, "Total population: 85 years and over": {"Demographic": null, "2020": 299, "% OF TOTAL": 2.2, "2024": 282, "2029": 291}, "Householders Age 15-24": {"Demographic": null, "2020": 222, "% OF TOTAL": 3.7, "2024": 221, "2029": 218}, "Householders Age 25-34": {"Demographic": null, "2020": 982, "% OF TOTAL": 14.9, "2024": 970, "2029": 880}, "Householders Age 35-44": {"Demographic": null, "2020": 912, "% OF TOTAL": 16.3, "2024": 900, "2029": 964}, "Householders Age 45-54": {"Demographic": null, "2020": 949, "% OF TOTAL": 15.4, "2024": 936, "2029": 912}, "Householders Age 55-64": {"Demographic": null, "2020": 1278, "% OF TOTAL": 19.5, "2024": 1264, "2029": 1153}, "Householders Age 65-74": {"Demographic": null, "2020": 1022, "% OF TOTAL": 18.0, "2024": 1007, "2029": 1062}, "Householders Age 75+": {"Demographic": null, "2020": 607, "% OF TOTAL": 12.3, "2024": 605, "2029": 726}, "Household income: Average": {"Demographic": null, "2020": 75973, "% OF TOTAL": null, "2024": 84011, "2029": 107395}, "Household income: Less than 25k": {"Demographic": null, "2020": 1595, "% OF TOTAL": 17.9, "2024": 1431, "2029": 1058}, "Household income: 25k - 50k": {"Demographic": null, "2020": 1228, "% OF TOTAL": 14.9, "2024": 1097, "2029": 880}, "Household income: 50k - 75k": {"Demographic": null, "2020": 912, "% OF TOTAL": 12.9, "2024": 881, "2029": 763}, "Household income: 75k - 100k": {"Demographic": null, "2020": 618, "% OF TOTAL": 12.9, "2024": 680, "2029": 764}, "Household income: 100k - 125k": {"Demographic": null, "2020": 516, "% OF TOTAL": 9.3, "2024": 492, "2029": 552}, "Household income: 125k - 150k": {"Demographic": null, "2020": 328, "% OF TOTAL": 8.4, "2024": 395, "2029": 498}, "Household income: 150k - 200k": {"Demographic": null, "2020": 402, "% OF TOTAL": 10.3, "2024": 466, "2029": 609}, "Household income: Above 200k": {"Demographic": null, "2020": 373, "% OF TOTAL": 13.4, "2024": 461, "2029": 791}, "White Alone": {"Demographic": null, "2020": 5485, "% OF TOTAL": 39.1, "2024": 5249, "2029": 5121}, "Black or African American Alone": {"Demographic": null, "2020": 7336, "% OF TOTAL": 54.6, "2024": 7204, "2029": 7147}, "American Indian and Alaska Native Alone": {"Demographic": null, "2020": 40, "% OF TOTAL": 0.3, "2024": 42, "2029": 42}, "Asian Alone": {"Demographic": null, "2020": 41, "% OF TOTAL": 0.3, "2024": 42, "2029": 43}, "Native Hawaiian and OPI Alone": {"Demographic": null, "2020": 12, "% OF TOTAL": 0.1, "2024": 12, "2029": 12}, "Some Other Race Alone": {"Demographic": null, "2020": 89, "% OF TOTAL": 0.7, "2024": 90, "2029": 89}, "Two or More Races Alone": {"Demographic": null, "2020": 601, "% OF TOTAL": 4.8, "2024": 647, "2029": 628}, "Not Hispanic or Latino": {"Demographic": null, "2020": 13314, "% OF TOTAL": 97.7, "2024": 12979, "2029": 12779}, "Hispanic or Latino": {"Demographic": null, "2020": 290, "% OF TOTAL": 2.3, "2024": 307, "2029": 303}, "Total Housing Units": {"Demographic": null, "2020": 7524, "% OF TOTAL": null, "2024": null, "2029": null}, "Owner Occupied Housing Units": {"Demographic": null, "2020": 3349, "% OF TOTAL": null, "2024": 3302, "2029": null}, "Renter Occupied Housing Units": {"Demographic": null, "2020": 2623, "% OF TOTAL": null, "2024": 2601, "2029": null}, "Housing Units Value Less Than 100k": {"Demographic": null, "2020": 1172, "% OF TOTAL": null, "2024": 1160, "2029": null}, "Housing Units Value 100k - 200k": {"Demographic": null, "2020": 681, "% OF TOTAL": null, "2024": 669, "2029": null}, "Housing Units Value 200k - 250k": {"Demographic": null, "2020": 414, "% OF TOTAL": null, "2024": 399, "2029": null}, "Housing Units Value 250k - 300k": {"Demographic": null, "2020": 284, "% OF TOTAL": null, "2024": 285, "2029": null}, "Housing Units Value 300k - 400k": {"Demographic": null, "2020": 501, "% OF TOTAL": null, "2024": 504, "2029": null}, "Housing Units Value 400k - 500k": {"Demographic": null, "2020": 157, "% OF TOTAL": null, "2024": 152, "2029": null}, "Housing Units Value 500k - 750k": {"Demographic": null, "2020": 111, "% OF TOTAL": null, "2024": 106, "2029": null}, "Housing Units Value 750k - 1m": {"Demographic": null, "2020": 26, "% OF TOTAL": null, "2024": 24, "2029": null}, "Housing Units Value 1m - 1.5m": {"Demographic": null, "2020": 0, "% OF TOTAL": null, "2024": 0, "2029": null}, "Housing Units Value 1.5m - 2m": {"Demographic": null, "2020": 3, "% OF TOTAL": null, "2024": 3, "2029": null}, "Housing Units Value >2m": {"Demographic": null, "2020": 0, "% OF TOTAL": null, "2024": 0, "2029": null}, "Take Car or Truck to Work": {"Demographic": null, "2020": 5255, "% OF TOTAL": null, "2024": 5181, "2029": null}, "Take Public Transportation to Work": {"Demographic": null, "2020": 34, "% OF TOTAL": null, "2024": 31, "2029": null}, "Take Other Means of Transportation to Work": {"Demographic": null, "2020": 148, "% OF TOTAL": null, "2024": 143, "2029": null}, "Average Travel Time (min)": {"Demographic": null, "2020": 24, "% OF TOTAL": null, "2024": 24, "2029": null}, "Travel Below 30 Min to Work": {"Demographic": null, "2020": 4023, "% OF TOTAL": null, "2024": 3957, "2029": null}, "Travel 30-60 Min to Work": {"Demographic": null, "2020": 1263, "% OF TOTAL": null, "2024": 1246, "2029": null}, "Travel Above 60 Min to Work": {"Demographic": null, "2020": 534, "% OF TOTAL": null, "2024": 152, "2029": null}, "Educational Attainment: No High School Diploma": {"Demographic": null, "2020": 3926, "% OF TOTAL": null, "2024": 3906, "2029": null}, "Educational Attainment: High School Diploma": {"Demographic": null, "2020": 2905, "% OF TOTAL": null, "2024": 2852, "2029": null}, "Educational Attainment: Some College": {"Demographic": null, "2020": 4517, "% OF TOTAL": null, "2024": 4419, "2029": null}, "Educational Attainment: Associate's Degree": {"Demographic": null, "2020": 821, "% OF TOTAL": null, "2024": 811, "2029": null}, "Educational Attainment: Bachelors Degree": {"Demographic": null, "2020": 2027, "% OF TOTAL": null, "2024": 1971, "2029": null}, "Educational Attainment: Advanced Degree": {"Demographic": null, "2020": 1472, "% OF TOTAL": null, "2024": 1432, "2029": null}, "Households: Number of vehicles available - Average": {"Demographic": null, "2020": 1, "% OF TOTAL": null, "2024": 1, "2029": null}, "Households: No Vehicle available": {"Demographic": null, "2020": 763, "% OF TOTAL": null, "2024": 764, "2029": null}, "Households: 1 Vehicle available": {"Demographic": null, "2020": 2373, "% OF TOTAL": null, "2024": 2344, "2029": null}, "Households: 2 Vehicles available": {"Demographic": null, "2020": 2236, "% OF TOTAL": null, "2024": 2221, "2029": null}, "Households: 3 Vehicles available": {"Demographic": null, "2020": 483, "% OF TOTAL": null, "2024": 458, "2029": null}, "Households: 4 or more Vehicles available": {"Demographic": null, "2020": 117, "% OF TOTAL": null, "2024": 116, "2029": null}}, "population_trends": {"Total Population": {"Demographic": null, "2020": 13604, "% OF TOTAL": null, "2024": 13286, "2029": 13082}, "Population Growth": {"Demographic": null, "2020": null, "% OF TOTAL": null, "2024": -2.3, "2029": -1.5}, "Female Population": {"Demographic": null, "2020": 7046, "% OF TOTAL": 51.9, "2024": 6892, "2029": 6787}, "Male Population": {"Demographic": null, "2020": 6558, "% OF TOTAL": 48.1, "2024": 6394, "2029": 6295}, "Total population: Median Age": {"Demographic": null, "2020": 41, "% OF TOTAL": null, "2024": 41, "2029": 42}, "Total population: Under 5 years": {"Demographic": null, "2020": 798, "% OF TOTAL": 5.4, "2024": 745, "2029": 704}, "Total population: 5 - 9 years": {"Demographic": null, "2020": 721, "% OF TOTAL": 5.1, "2024": 708, "2029": 671}, "Total population: 10 - 14 years": {"Demographic": null, "2020": 758, "% OF TOTAL": 5.0, "2024": 693, "2029": 654}, "Total population: 15 - 19 years": {"Demographic": null, "2020": 670, "% OF TOTAL": 4.8, "2024": 666, "2029": 626}, "Total population: 20 - 24 years": {"Demographic": null, "2020": 742, "% OF TOTAL": 5.1, "2024": 717, "2029": 672}, "Total population: 25 - 29 years": {"Demographic": null, "2020": 1050, "% OF TOTAL": 6.7, "2024": 979, "2029": 878}, "Total population: 30 - 34 years": {"Demographic": null, "2020": 1062, "% OF TOTAL": 7.5, "2024": 1071, "2029": 975}, "Total population: 35 - 39 years": {"Demographic": null, "2020": 863, "% OF TOTAL": 7.2, "2024": 861, "2029": 936}, "Total population: 40 - 44 years": {"Demographic": null, "2020": 769, "% OF TOTAL": 6.1, "2024": 777, "2029": 803}, "Total population: 45 - 49 years": {"Demographic": null, "2020": 796, "% OF TOTAL": 6.0, "2024": 767, "2029": 791}, "Total population: 50 - 54 years": {"Demographic": null, "2020": 862, "% OF TOTAL": 5.8, "2024": 820, "2029": 763}, "Total population: 55 - 59 years": {"Demographic": null, "2020": 995, "% OF TOTAL": 6.4, "2024": 892, "2029": 843}, "Total population: 60 - 64 years": {"Demographic": null, "2020": 1057, "% OF TOTAL": 6.9, "2024": 1011, "2029": 897}, "Total population: 65 - 69 years": {"Demographic": null, "2020": 842, "% OF TOTAL": 6.9, "2024": 876, "2029": 905}, "Total population: 70 - 74 years": {"Demographic": null, "2020": 698, "% OF TOTAL": 6.1, "2024": 735, "2029": 800}, "Total population: 75 - 79 years": {"Demographic": null, "2020": 389, "% OF TOTAL": 4.2, "2024": 446, "2029": 543}, "Total population: 80 - 84 years": {"Demographic": null, "2020": 233, "% OF TOTAL": 2.5, "2024": 240, "2029": 330}, "Total population: 85 years and over": {"Demographic": null, "2020": 299, "% OF TOTAL": 2.2, "2024": 282, "2029": 291}, "Female population: Median Age": {"Demographic": null, "2020": 43, "% OF TOTAL": null, "2024": 43, "2029": 44}, "Female population: Under 5 years": {"Demographic": null, "2020": 401, "% OF TOTAL": 5.2, "2024": 379, "2029": 356}, "Female population: 5 - 9 years": {"Demographic": null, "2020": 355, "% OF TOTAL": 4.9, "2024": 346, "2029": 332}, "Female population: 10 - 14 years": {"Demographic": null, "2020": 348, "% OF TOTAL": 4.6, "2024": 325, "2029": 313}, "Female population: 15 - 19 years": {"Demographic": null, "2020": 337, "% OF TOTAL": 4.6, "2024": 337, "2029": 311}, "Female population: 20 - 24 years": {"Demographic": null, "2020": 388, "% OF TOTAL": 5.1, "2024": 368, "2029": 348}, "Female population: 25 - 29 years": {"Demographic": null, "2020": 538, "% OF TOTAL": 6.6, "2024": 496, "2029": 448}, "Female population: 30 - 34 years": {"Demographic": null, "2020": 524, "% OF TOTAL": 7.1, "2024": 529, "2029": 485}, "Female population: 35 - 39 years": {"Demographic": null, "2020": 428, "% OF TOTAL": 6.9, "2024": 428, "2029": 465}, "Female population: 40 - 44 years": {"Demographic": null, "2020": 401, "% OF TOTAL": 6.1, "2024": 405, "2029": 413}, "Female population: 45 - 49 years": {"Demographic": null, "2020": 388, "% OF TOTAL": 5.8, "2024": 380, "2029": 395}, "Female population: 50 - 54 years": {"Demographic": null, "2020": 440, "% OF TOTAL": 5.6, "2024": 415, "2029": 381}, "Female population: 55 - 59 years": {"Demographic": null, "2020": 519, "% OF TOTAL": 6.4, "2024": 463, "2029": 436}, "Female population: 60 - 64 years": {"Demographic": null, "2020": 569, "% OF TOTAL": 7.2, "2024": 551, "2029": 488}, "Female population: 65 - 69 years": {"Demographic": null, "2020": 422, "% OF TOTAL": 6.9, "2024": 445, "2029": 468}, "Female population: 70 - 74 years": {"Demographic": null, "2020": 391, "% OF TOTAL": 6.4, "2024": 411, "2029": 432}, "Female population: 75 - 79 years": {"Demographic": null, "2020": 230, "% OF TOTAL": 4.7, "2024": 260, "2029": 316}, "Female population: 80 - 84 years": {"Demographic": null, "2020": 140, "% OF TOTAL": 2.9, "2024": 147, "2029": 199}, "Female population: 85 years and over": {"Demographic": null, "2020": 227, "% OF TOTAL": 3.0, "2024": 207, "2029": 201}, "Male population: Median Age": {"Demographic": null, "2020": 38, "% OF TOTAL": null, "2024": 39, "2029": 40}, "Male population: Under 5 years": {"Demographic": null, "2020": 397, "% OF TOTAL": 5.5, "2024": 366, "2029": 348}, "Male population: 5 - 9 years": {"Demographic": null, "2020": 366, "% OF TOTAL": 5.4, "2024": 362, "2029": 339}, "Male population: 10 - 14 years": {"Demographic": null, "2020": 410, "% OF TOTAL": 5.4, "2024": 368, "2029": 341}, "Male population: 15 - 19 years": {"Demographic": null, "2020": 333, "% OF TOTAL": 5.0, "2024": 329, "2029": 315}, "Male population: 20 - 24 years": {"Demographic": null, "2020": 354, "% OF TOTAL": 5.1, "2024": 349, "2029": 324}, "Male population: 25 - 29 years": {"Demographic": null, "2020": 512, "% OF TOTAL": 6.8, "2024": 483, "2029": 430}, "Male population: 30 - 34 years": {"Demographic": null, "2020": 538, "% OF TOTAL": 7.8, "2024": 542, "2029": 490}, "Male population: 35 - 39 years": {"Demographic": null, "2020": 435, "% OF TOTAL": 7.5, "2024": 433, "2029": 471}, "Male population: 40 - 44 years": {"Demographic": null, "2020": 368, "% OF TOTAL": 6.2, "2024": 372, "2029": 390}, "Male population: 45 - 49 years": {"Demographic": null, "2020": 408, "% OF TOTAL": 6.3, "2024": 387, "2029": 396}, "Male population: 50 - 54 years": {"Demographic": null, "2020": 422, "% OF TOTAL": 6.1, "2024": 405, "2029": 382}, "Male population: 55 - 59 years": {"Demographic": null, "2020": 476, "% OF TOTAL": 6.5, "2024": 429, "2029": 407}, "Male population: 60 - 64 years": {"Demographic": null, "2020": 488, "% OF TOTAL": 6.5, "2024": 460, "2029": 409}, "Male population: 65 - 69 years": {"Demographic": null, "2020": 420, "% OF TOTAL": 6.9, "2024": 431, "2029": 437}, "Male population: 70 - 74 years": {"Demographic": null, "2020": 307, "% OF TOTAL": 5.8, "2024": 324, "2029": 368}, "Male population: 75 - 79 years": {"Demographic": null, "2020": 159, "% OF TOTAL": 3.6, "2024": 186, "2029": 227}, "Male population: 80 - 84 years": {"Demographic": null, "2020": 93, "% OF TOTAL": 2.1, "2024": 93, "2029": 131}, "Male population: 85 years and over": {"Demographic": null, "2020": 72, "% OF TOTAL": 1.4, "2024": 75, "2029": 90}, "White alone": {"Demographic": null, "2020": 5485, "% OF TOTAL": 39.1, "2024": 5249, "2029": 5121}, "Black alone": {"Demographic": null, "2020": 7336, "% OF TOTAL": 54.6, "2024": 7204, "2029": 7147}, "American Indian and Alaska Native alone": {"Demographic": null, "2020": 40, "% OF TOTAL": 0.3, "2024": 42, "2029": 42}, "Asian alone": {"Demographic": null, "2020": 41, "% OF TOTAL": 0.3, "2024": 42, "2029": 43}, "Native Hawaiian and OPI alone": {"Demographic": null, "2020": 12, "% OF TOTAL": 0.1, "2024": 12, "2029": 12}, "Some other race alone": {"Demographic": null, "2020": 89, "% OF TOTAL": 0.7, "2024": 90, "2029": 89}, "Two or more races alone": {"Demographic": null, "2020": 601, "% OF TOTAL": 4.8, "2024": 647, "2029": 628}, "Not Hispanic: White alone": {"Demographic": null, "2020": 5428, "% OF TOTAL": 38.7, "2024": 5190, "2029": 5063}, "Not Hispanic: Black or African American alone": {"Demographic": null, "2020": 7313, "% OF TOTAL": 54.4, "2024": 7179, "2029": 7121}, "Not Hispanic: American Indian and Alaska Native alone": {"Demographic": null, "2020": 31, "% OF TOTAL": 0.2, "2024": 32, "2029": 32}, "Not Hispanic: Asian alone": {"Demographic": null, "2020": 40, "% OF TOTAL": 0.3, "2024": 41, "2029": 42}, "Not Hispanic: Native Hawaiian and OPI alone": {"Demographic": null, "2020": 11, "% OF TOTAL": 0.1, "2024": 11, "2029": 11}, "Not Hispanic: Some Other Race alone": {"Demographic": null, "2020": 33, "% OF TOTAL": 0.3, "2024": 34, "2029": 35}, "Not Hispanic: Two or More Races": {"Demographic": null, "2020": 458, "% OF TOTAL": 3.6, "2024": 492, "2029": 475}, "Hispanic: White alone": {"Demographic": null, "2020": 57, "% OF TOTAL": 0.4, "2024": 59, "2029": 58}, "Hispanic: Black or African American alone": {"Demographic": null, "2020": 23, "% OF TOTAL": 0.2, "2024": 25, "2029": 26}, "Hispanic: American Indian and Alaska Native alone": {"Demographic": null, "2020": 9, "% OF TOTAL": 0.1, "2024": 10, "2029": 10}, "Hispanic: Asian alone": {"Demographic": null, "2020": 1, "% OF TOTAL": 0.0, "2024": 1, "2029": 1}, "Hispanic: Native Hawaiian and OPI alone": {"Demographic": null, "2020": 1, "% OF TOTAL": 0.0, "2024": 1, "2029": 1}, "Hispanic: Some Other Race alone": {"Demographic": null, "2020": 56, "% OF TOTAL": 0.4, "2024": 56, "2029": 54}, "Hispanic: Two or More Races": {"Demographic": null, "2020": 143, "% OF TOTAL": 1.2, "2024": 155, "2029": 153}, "Educational Attainment: No High School Diploma": {"Demographic": null, "2020": 1021, "% OF TOTAL": null, "2024": 1054, "2029": null}, "Educational Attainment: High School Diploma": {"Demographic": null, "2020": 2905, "% OF TOTAL": null, "2024": 2852, "2029": null}, "Educational Attainment: Some College": {"Demographic": null, "2020": 1669, "% OF TOTAL": null, "2024": 1637, "2029": null}, "Educational Attainment: Associates Degree": {"Demographic": null, "2020": 821, "% OF TOTAL": null, "2024": 811, "2029": null}, "Educational Attainment: Bachelors Degree": {"Demographic": null, "2020": 2027, "% OF TOTAL": null, "2024": 1971, "2029": null}, "Educational Attainment: Advanced Degree": {"Demographic": null, "2020": 1472, "% OF TOTAL": null, "2024": 1432, "2029": null}, "Employment Status: Armed Forces": {"Demographic": null, "2020": 0, "% OF TOTAL": null, "2024": 0, "2029": null}, "Employment Status: Civilian labor force employed": {"Demographic": null, "2020": 6143, "% OF TOTAL": null, "2024": 6031, "2029": null}, "Employment Status: Civilian labor force unemployed": {"Demographic": null, "2020": 351, "% OF TOTAL": null, "2024": 340, "2029": null}, "Employment Status: Not in labor force": {"Demographic": null, "2020": 4680, "% OF TOTAL": null, "2024": 4609, "2029": null}, "Employed in Agriculture and Mining Industries": {"Demographic": null, "2020": 59, "% OF TOTAL": null, "2024": 58, "2029": null}, "Employed in Construction Industries": {"Demographic": null, "2020": 317, "% OF TOTAL": null, "2024": 304, "2029": null}, "Employed in Manufacturing Industries": {"Demographic": null, "2020": 651, "% OF TOTAL": null, "2024": 644, "2029": null}, "Employed in Wholesale Industries": {"Demographic": null, "2020": 186, "% OF TOTAL": null, "2024": 182, "2029": null}, "Employed in Retail Industries": {"Demographic": null, "2020": 478, "% OF TOTAL": null, "2024": 462, "2029": null}, "Employed in Transportation and Utilities Industries": {"Demographic": null, "2020": 325, "% OF TOTAL": null, "2024": 320, "2029": null}, "Employed in Information Industries": {"Demographic": null, "2020": 174, "% OF TOTAL": null, "2024": 165, "2029": null}, "Employed in Real-Estate Industries": {"Demographic": null, "2020": 325, "% OF TOTAL": null, "2024": 319, "2029": null}, "Employed in Professional Industries": {"Demographic": null, "2020": 701, "% OF TOTAL": null, "2024": 693, "2029": null}, "Employed in Health and Education Industries": {"Demographic": null, "2020": 1601, "% OF TOTAL": null, "2024": 1576, "2029": null}, "Employed in Art Industries": {"Demographic": null, "2020": 716, "% OF TOTAL": null, "2024": 704, "2029": null}, "Employed in Other Industries": {"Demographic": null, "2020": 233, "% OF TOTAL": null, "2024": 225, "2029": null}, "Employed in Public Administration Industries": {"Demographic": null, "2020": 377, "% OF TOTAL": null, "2024": 379, "2029": null}, "Occupation: Management": {"Demographic": null, "2020": 578, "% OF TOTAL": null, "2024": 563, "2029": null}, "Occupation: Business and financial operations": {"Demographic": null, "2020": 354, "% OF TOTAL": null, "2024": 346, "2029": null}, "Occupation: Computer and mathematical": {"Demographic": null, "2020": 60, "% OF TOTAL": null, "2024": 59, "2029": null}, "Occupation: Architecture and engineering": {"Demographic": null, "2020": 195, "% OF TOTAL": null, "2024": 192, "2029": null}, "Occupation: Life, physical, and social science": {"Demographic": null, "2020": 55, "% OF TOTAL": null, "2024": 54, "2029": null}, "Occupation: Community and social service": {"Demographic": null, "2020": 112, "% OF TOTAL": null, "2024": 106, "2029": null}, "Occupation: Legal": {"Demographic": null, "2020": 162, "% OF TOTAL": null, "2024": 157, "2029": null}, "Occupation: Education, training, and library": {"Demographic": null, "2020": 443, "% OF TOTAL": null, "2024": 433, "2029": null}, "Occupation: Arts, design, entertainment, sports, and media": {"Demographic": null, "2020": 146, "% OF TOTAL": null, "2024": 140, "2029": null}, "Occupation: Health diagnosing and treating practitioners": {"Demographic": null, "2020": 360, "% OF TOTAL": null, "2024": 346, "2029": null}, "Occupation: Health technologists and technicians": {"Demographic": null, "2020": 168, "% OF TOTAL": null, "2024": 175, "2029": null}, "Occupation: Healthcare support": {"Demographic": null, "2020": 264, "% OF TOTAL": null, "2024": 264, "2029": null}, "Occupation: Fire fighting and prevention": {"Demographic": null, "2020": 17, "% OF TOTAL": null, "2024": 16, "2029": null}, "Occupation: Law enforcement workers": {"Demographic": null, "2020": 157, "% OF TOTAL": null, "2024": 165, "2029": null}, "Occupation: Food preparation and serving related": {"Demographic": null, "2020": 537, "% OF TOTAL": null, "2024": 530, "2029": null}, "Occupation: Building and grounds cleaning and maintenance": {"Demographic": null, "2020": 253, "% OF TOTAL": null, "2024": 249, "2029": null}, "Occupation: Personal care and service": {"Demographic": null, "2020": 208, "% OF TOTAL": null, "2024": 195, "2029": null}, "Occupation: Sales and related": {"Demographic": null, "2020": 380, "% OF TOTAL": null, "2024": 373, "2029": null}, "Occupation: Office and administrative support": {"Demographic": null, "2020": 383, "% OF TOTAL": null, "2024": 376, "2029": null}, "Occupation: Farming, fishing, and forestry": {"Demographic": null, "2020": 28, "% OF TOTAL": null, "2024": 28, "2029": null}, "Occupation: Construction and extraction": {"Demographic": null, "2020": 152, "% OF TOTAL": null, "2024": 147, "2029": null}, "Occupation: Installation, maintenance, and repair": {"Demographic": null, "2020": 234, "% OF TOTAL": null, "2024": 227, "2029": null}, "Occupation: Production": {"Demographic": null, "2020": 424, "% OF TOTAL": null, "2024": 415, "2029": null}, "Occupation: Transportation": {"Demographic": null, "2020": 263, "% OF TOTAL": null, "2024": 268, "2029": null}, "Occupation: Material moving": {"Demographic": null, "2020": 210, "% OF TOTAL": null, "2024": 207, "2029": null}, "White collar": {"Demographic": null, "2020": 3396, "% OF TOTAL": null, "2024": 3320, "2029": null}, "Blue collar": {"Demographic": null, "2020": 2747, "% OF TOTAL": null, "2024": 2711, "2029": null}, "Means of transportation: Car, truck or van": {"Demographic": null, "2020": 5255, "% OF TOTAL": null, "2024": 5181, "2029": null}, "Means of transportation: Public transportation": {"Demographic": null, "2020": 34, "% OF TOTAL": null, "2024": 31, "2029": null}, "Means of transportation: Other": {"Demographic": null, "2020": 148, "% OF TOTAL": null, "2024": 143, "2029": null}, "Travel time: Average (in minutes)": {"Demographic": null, "2020": 23, "% OF TOTAL": null, "2024": 23, "2029": null}, "Travel time to work: Less than 30 minutes": {"Demographic": null, "2020": 4023, "% OF TOTAL": null, "2024": 3957, "2029": null}, "Travel time to work: 30 to 60 minutes": {"Demographic": null, "2020": 1263, "% OF TOTAL": null, "2024": 1246, "2029": null}, "Travel time to work: 60 or more minutes": {"Demographic": null, "2020": 151, "% OF TOTAL": null, "2024": 152, "2029": null}}, "household_trends": {"Households": {"Demographic": null, "2020": 5972, "% OF TOTAL": null, "2024": 5903, "2029": 5915}, "Households Growth": {"Demographic": null, "2020": null, "% OF TOTAL": null, "2024": -1.2, "2029": 0.2}, "Householder Age 15-24": {"Demographic": null, "2020": 222, "% OF TOTAL": 3.7, "2024": 221, "2029": 218}, "Householder Age 25-34": {"Demographic": null, "2020": 982, "% OF TOTAL": 14.9, "2024": 970, "2029": 880}, "Householder Age 35-44": {"Demographic": null, "2020": 912, "% OF TOTAL": 16.3, "2024": 900, "2029": 964}, "Householder Age 45-54": {"Demographic": null, "2020": 949, "% OF TOTAL": 15.4, "2024": 936, "2029": 912}, "Householder Age 55-64": {"Demographic": null, "2020": 1278, "% OF TOTAL": 19.5, "2024": 1264, "2029": 1153}, "Householder Age 65-74": {"Demographic": null, "2020": 1022, "% OF TOTAL": 18.0, "2024": 1007, "2029": 1062}, "Householder Age 75+": {"Demographic": null, "2020": 607, "% OF TOTAL": 12.3, "2024": 605, "2029": 726}, "Average Household Size": {"Demographic": null, "2020": 2.3, "% OF TOTAL": null, "2024": 2.2, "2029": 2.2}, "1 Person Households": {"Demographic": null, "2020": 2221, "% OF TOTAL": 38.0, "2024": 2224, "2029": 2249}, "2 Person Households": {"Demographic": null, "2020": 1917, "% OF TOTAL": 33.2, "2024": 1937, "2029": 1964}, "3 Person Households": {"Demographic": null, "2020": 843, "% OF TOTAL": 14.6, "2024": 854, "2029": 865}, "4 Person Households": {"Demographic": null, "2020": 558, "% OF TOTAL": 7.8, "2024": 496, "2029": 464}, "5 Person Households": {"Demographic": null, "2020": 282, "% OF TOTAL": 4.1, "2024": 256, "2029": 245}, "6 Person Households": {"Demographic": null, "2020": 83, "% OF TOTAL": 1.1, "2024": 74, "2029": 67}, "7+ Person Households": {"Demographic": null, "2020": 68, "% OF TOTAL": 1.0, "2024": 62, "2029": 61}, "Household Type: Family": {"Demographic": null, "2020": 3354, "% OF TOTAL": null, "2024": 3314, "2029": null}, "Household Type: Married Family": {"Demographic": null, "2020": 1736, "% OF TOTAL": null, "2024": 1704, "2029": null}, "Household Type: Married Family With Children": {"Demographic": null, "2020": 513, "% OF TOTAL": null, "2024": 503, "2029": null}, "Household Type: Married Family Without Children": {"Demographic": null, "2020": 1223, "% OF TOTAL": null, "2024": 1201, "2029": null}, "Household Type: Other Family": {"Demographic": null, "2020": 1618, "% OF TOTAL": null, "2024": 1610, "2029": null}, "Household Type: Male Households, No Wife": {"Demographic": null, "2020": 321, "% OF TOTAL": null, "2024": 321, "2029": null}, "Household Type: Male Households, No Wife With Children": {"Demographic": null, "2020": 87, "% OF TOTAL": null, "2024": 88, "2029": null}, "Household Type: Male Households, No Wife Without Children": {"Demographic": null, "2020": 234, "% OF TOTAL": null, "2024": 233, "2029": null}, "Household Type: Female Households, No Husband": {"Demographic": null, "2020": 1297, "% OF TOTAL": null, "2024": 1289, "2029": null}, "Household Type: Female Households, No Husband With Children": {"Demographic": null, "2020": 562, "% OF TOTAL": null, "2024": 559, "2029": null}, "Household Type: Female Households, No Husband Without Children": {"Demographic": null, "2020": 735, "% OF TOTAL": null, "2024": 730, "2029": null}, "Household Income: Average": {"Demographic": null, "2020": 75973, "% OF TOTAL": null, "2024": 84011, "2029": 107395}, "Household Income: Median": {"Demographic": null, "2020": 0, "% OF TOTAL": null, "2024": 62250, "2029": 76599}, "Household Income: Less than $25k": {"Demographic": null, "2020": 1595, "% OF TOTAL": 17.9, "2024": 1431, "2029": 1058}, "Household Income: $25k - $50k": {"Demographic": null, "2020": 1228, "% OF TOTAL": 14.9, "2024": 1097, "2029": 880}, "Household Income: $50k - $75k": {"Demographic": null, "2020": 912, "% OF TOTAL": 12.9, "2024": 881, "2029": 763}, "Household Income: $75k - $100k": {"Demographic": null, "2020": 618, "% OF TOTAL": 12.9, "2024": 680, "2029": 764}, "Household Income: $100k - $125k": {"Demographic": null, "2020": 516, "% OF TOTAL": 9.3, "2024": 492, "2029": 552}, "Household Income: $125k - $150k": {"Demographic": null, "2020": 328, "% OF TOTAL": 8.4, "2024": 395, "2029": 498}, "Household Income: $150k - $200k": {"Demographic": null, "2020": 402, "% OF TOTAL": 10.3, "2024": 466, "2029": 609}, "Household Income: Above $200k": {"Demographic": null, "2020": 373, "% OF TOTAL": 13.4, "2024": 461, "2029": 791}, "Total Housing Units": {"Demographic": null, "2020": 7524, "% OF TOTAL": null, "2024": null, "2029": null}, "Owner Occupied Housing Units": {"Demographic": null, "2020": 3349, "% OF TOTAL": null, "2024": 3302, "2029": null}, "Renter Occupied Housing Units": {"Demographic": null, "2020": 2623, "% OF TOTAL": null, "2024": 2601, "2029": null}, "Vacant Housing Units": {"Demographic": null, "2020": 1552, "% OF TOTAL": null, "2024": null, "2029": null}, "Vacant Housing Units: Seasonal": {"Demographic": null, "2020": 77, "% OF TOTAL": null, "2024": null, "2029": null}, "Vacant Housing Units: Other Usage": {"Demographic": null, "2020": 1475, "% OF TOTAL": null, "2024": null, "2029": null}, "Average Housing Unit Value": {"Demographic": null, "2020": 177782, "% OF TOTAL": null, "2024": 177684, "2029": null}, "Median Housing Unit Value": {"Demographic": null, "2020": 111487, "% OF TOTAL": null, "2024": 111513, "2029": null}, "Housing Unit Value Less Than $100k": {"Demographic": null, "2020": 1172, "% OF TOTAL": null, "2024": 1160, "2029": null}, "Housing Unit Value $100k-$200k": {"Demographic": null, "2020": 681, "% OF TOTAL": null, "2024": 669, "2029": null}, "Housing Unit Value $200k-$250k": {"Demographic": null, "2020": 414, "% OF TOTAL": null, "2024": 399, "2029": null}, "Housing Unit Value $250k-$300k": {"Demographic": null, "2020": 284, "% OF TOTAL": null, "2024": 285, "2029": null}, "Housing Unit Value $300k-$400k": {"Demographic": null, "2020": 501, "% OF TOTAL": null, "2024": 504, "2029": null}, "Housing Unit Value $400k-$500k": {"Demographic": null, "2020": 157, "% OF TOTAL": null, "2024": 152, "2029": null}, "Housing Unit Value $500k-$750k": {"Demographic": null, "2020": 111, "% OF TOTAL": null, "2024": 106, "2029": null}, "Housing Unit Value $750k-$1m": {"Demographic": null, "2020": 26, "% OF TOTAL": null, "2024": 24, "2029": null}, "Housing Unit Value $1m-$1.5m": {"Demographic": null, "2020": 0, "% OF TOTAL": null, "2024": 0, "2029": null}, "Housing Unit Value $1.5m-$2m": {"Demographic": null, "2020": 3, "% OF TOTAL": null, "2024": 3, "2029": null}, "Housing Unit Value Above $2m": {"Demographic": null, "2020": 0, "% OF TOTAL": null, "2024": 0, "2029": null}, "Median Housing Unit Year Built": {"Demographic": null, "2020": 1954, "% OF TOTAL": null, "2024": 1954, "2029": null}, "Housing Units Built 2014 Or After": {"Demographic": null, "2020": 27, "% OF TOTAL": null, "2024": 26, "2029": null}, "Housing Units Built 2010-2013": {"Demographic": null, "2020": 97, "% OF TOTAL": null, "2024": 96, "2029": null}, "Housing Units Built 2000-2009": {"Demographic": null, "2020": 59, "% OF TOTAL": null, "2024": 57, "2029": null}, "Housing Units Built 1990-1999": {"Demographic": null, "2020": 67, "% OF TOTAL": null, "2024": 67, "2029": null}, "Housing Units Built 1980-1989": {"Demographic": null, "2020": 269, "% OF TOTAL": null, "2024": 259, "2029": null}, "Housing Units Built 1970-1979": {"Demographic": null, "2020": 473, "% OF TOTAL": null, "2024": 460, "2029": null}, "Housing Units Built 1960-1969": {"Demographic": null, "2020": 1010, "% OF TOTAL": null, "2024": 1025, "2029": null}, "Housing Units Built 1950-1959": {"Demographic": null, "2020": 1120, "% OF TOTAL": null, "2024": 1101, "2029": null}, "Housing Units Built 1940-1949": {"Demographic": null, "2020": 654, "% OF TOTAL": null, "2024": 637, "2029": null}, "Housing Units Built Before 1940": {"Demographic": null, "2020": 2196, "% OF TOTAL": null, "2024": 2175, "2029": null}}, "consumer_segments": {"Renters": {"households": 1314, "pct": 19.3}, "Entry Level Suburban": {"households": 905, "pct": 13.3}, "Elite": {"households": 875, "pct": 12.8}, "Renters Near Term Buyers": {"households": 797, "pct": 11.7}, "Active Adult Feature and Location": {"households": 737, "pct": 10.8}, "Active Adult Entry Level": {"households": 523, "pct": 7.7}, "Feature and Location": {"households": 328, "pct": 4.8}, "Entry Level Urban": {"households": 290, "pct": 4.3}, "Active Adult Elite": {"households": 280, "pct": 4.1}, "Family Life Young Children": {"households": 236, "pct": 3.5}, "Family Life School Age Children": {"households": 161, "pct": 2.4}, "Simple Life Affluent No Children": {"households": 153, "pct": 2.2}, "Simple Life Moderate Income With Children": {"households": 150, "pct": 2.2}, "Simple Life Moderate Income No Children": {"households": 65, "pct": 1.0}}, "income_age": {"2020": {}, "2024": {}, "2029": {}}, "population_2024": 13286, "population_2029": 13082, "households_2024": 5903, "households_2029": 5915, "median_household_income_2024": 62250, "median_household_income_2029": 76599, "mean_household_income_2024": null, "mean_household_income_2029": null, "median_age_2024": 41, "median_age_2029": 42, "median_home_value_2024": 111513, "average_household_size_2024": 2.2, "average_household_size_2029": 2.2, "population_growth_2024_2029": -2.3, "households_growth_2024_2029": -1.2}, "geometry": {"type": "Polygon", "coordinates": [[[-88.086594, 30.660644], [-88.086919, 30.689683], [-88.053318, 30.68996], [-88.053003, 30.66092], [-88.086594, 30.660644]]]}}, {"type": "Feature", "properties": {"block": "075", "block_num": 75, "CentroidLon": -88.10355442437711, "CentroidLat": 30.675021473316438, "submarket": "North Mobile", "data_status": "usable", "is_anomalous": false, "anomaly_reason": null, "files_present": "DemographicSnapshot-26.08.06.csv;PopulationTrends-26.08.06.csv;HouseholdTrends-26.08.06.csv;HouseholdIncomeByAge-26.08.06.csv;ConsumerSegmentation-26.08.06.csv", "demographic_snapshot": {"Total Population": {"Demographic": null, "2020": 9975, "% OF TOTAL": null, "2024": 9601, "2029": 9222}, "Households": {"Demographic": null, "2020": 4325, "% OF TOTAL": null, "2024": 4228, "2029": 4135}, "Population in Group Quarters": {"Demographic": null, "2020": 24, "% OF TOTAL": null, "2024": 24, "2029": 24}, "Households Growth": {"Demographic": null, "2020": null, "% OF TOTAL": null, "2024": -2.2, "2029": -2.2}, "Household Income: Median": {"Demographic": null, "2020": 0, "% OF TOTAL": null, "2024": 57159, "2029": 76754}, "Home Value: Median": {"Demographic": null, "2020": 150481, "% OF TOTAL": null, "2024": 150255, "2029": null}, "Population Growth": {"Demographic": null, "2020": null, "% OF TOTAL": null, "2024": -3.7, "2029": -3.9}, "Total Population: Under 19 years": {"Demographic": null, "2020": 2527, "% OF TOTAL": 23.7, "2024": 2385, "2029": 2186}, "Total Population: 20 - 64 years": {"Demographic": null, "2020": 6103, "% OF TOTAL": 59.4, "2024": 5814, "2029": 5482}, "Total Population: 65 years and over": {"Demographic": null, "2020": 1345, "% OF TOTAL": 16.9, "2024": 1402, "2029": 1554}, "Total population: Median age": {"Demographic": null, "2020": 35, "% OF TOTAL": null, "2024": 36, "2029": 38}, "Total population: Under 5 years": {"Demographic": null, "2020": 719, "% OF TOTAL": 6.5, "2024": 660, "2029": 599}, "Total population: 5 - 9 years": {"Demographic": null, "2020": 617, "% OF TOTAL": 6.1, "2024": 604, "2029": 565}, "Total population: 10 - 14 years": {"Demographic": null, "2020": 598, "% OF TOTAL": 5.5, "2024": 540, "2029": 508}, "Total population: 15 - 19 years": {"Demographic": null, "2020": 593, "% OF TOTAL": 5.6, "2024": 581, "2029": 514}, "Total population: 20 - 24 years": {"Demographic": null, "2020": 669, "% OF TOTAL": 6.2, "2024": 637, "2029": 576}, "Total population: 25 - 29 years": {"Demographic": null, "2020": 886, "% OF TOTAL": 7.7, "2024": 806, "2029": 711}, "Total population: 30 - 34 years": {"Demographic": null, "2020": 800, "% OF TOTAL": 7.9, "2024": 794, "2029": 727}, "Total population: 35 - 39 years": {"Demographic": null, "2020": 690, "% OF TOTAL": 7.8, "2024": 687, "2029": 716}, "Total population: 40 - 44 years": {"Demographic": null, "2020": 625, "% OF TOTAL": 6.8, "2024": 628, "2029": 630}, "Total population: 45 - 49 years": {"Demographic": null, "2020": 565, "% OF TOTAL": 6.1, "2024": 538, "2029": 561}, "Total population: 50 - 54 years": {"Demographic": null, "2020": 552, "% OF TOTAL": 5.2, "2024": 518, "2029": 476}, "Total population: 55 - 59 years": {"Demographic": null, "2020": 660, "% OF TOTAL": 5.9, "2024": 591, "2029": 540}, "Total population: 60 - 64 years": {"Demographic": null, "2020": 656, "% OF TOTAL": 5.9, "2024": 615, "2029": 545}, "Total population: 65 - 69 years": {"Demographic": null, "2020": 538, "% OF TOTAL": 5.9, "2024": 546, "2029": 542}, "Total population: 70 - 74 years": {"Demographic": null, "2020": 349, "% OF TOTAL": 4.6, "2024": 359, "2029": 421}, "Total population: 75 - 79 years": {"Demographic": null, "2020": 203, "% OF TOTAL": 3.0, "2024": 230, "2029": 277}, "Total population: 80 - 84 years": {"Demographic": null, "2020": 131, "% OF TOTAL": 1.9, "2024": 141, "2029": 174}, "Total population: 85 years and over": {"Demographic": null, "2020": 124, "% OF TOTAL": 1.5, "2024": 126, "2029": 140}, "Householders Age 15-24": {"Demographic": null, "2020": 191, "% OF TOTAL": 4.2, "2024": 184, "2029": 173}, "Householders Age 25-34": {"Demographic": null, "2020": 872, "% OF TOTAL": 18.4, "2024": 847, "2029": 762}, "Householders Age 35-44": {"Demographic": null, "2020": 755, "% OF TOTAL": 18.3, "2024": 741, "2029": 757}, "Householders Age 45-54": {"Demographic": null, "2020": 702, "% OF TOTAL": 16.2, "2024": 683, "2029": 668}, "Householders Age 55-64": {"Demographic": null, "2020": 798, "% OF TOTAL": 16.9, "2024": 780, "2029": 699}, "Householders Age 65-74": {"Demographic": null, "2020": 644, "% OF TOTAL": 16.1, "2024": 632, "2029": 666}, "Householders Age 75+": {"Demographic": null, "2020": 363, "% OF TOTAL": 9.9, "2024": 361, "2029": 410}, "Household income: Average": {"Demographic": null, "2020": 77621, "% OF TOTAL": null, "2024": 85449, "2029": 101659}, "Household income: Less than 25k": {"Demographic": null, "2020": 750, "% OF TOTAL": 10.4, "2024": 666, "2029": 430}, "Household income: 25k - 50k": {"Demographic": null, "2020": 921, "% OF TOTAL": 17.0, "2024": 777, "2029": 705}, "Household income: 50k - 75k": {"Demographic": null, "2020": 1061, "% OF TOTAL": 23.1, "2024": 1050, "2029": 954}, "Household income: 75k - 100k": {"Demographic": null, "2020": 392, "% OF TOTAL": 11.0, "2024": 412, "2029": 453}, "Household income: 100k - 125k": {"Demographic": null, "2020": 448, "% OF TOTAL": 11.4, "2024": 419, "2029": 472}, "Household income: 125k - 150k": {"Demographic": null, "2020": 297, "% OF TOTAL": 8.2, "2024": 338, "2029": 341}, "Household income: 150k - 200k": {"Demographic": null, "2020": 261, "% OF TOTAL": 8.9, "2024": 317, "2029": 369}, "Household income: Above 200k": {"Demographic": null, "2020": 195, "% OF TOTAL": 9.9, "2024": 249, "2029": 411}, "White Alone": {"Demographic": null, "2020": 4574, "% OF TOTAL": 45.3, "2024": 4370, "2029": 4176}, "Black or African American Alone": {"Demographic": null, "2020": 4699, "% OF TOTAL": 47.1, "2024": 4502, "2029": 4348}, "American Indian and Alaska Native Alone": {"Demographic": null, "2020": 48, "% OF TOTAL": 0.5, "2024": 52, "2029": 50}, "Asian Alone": {"Demographic": null, "2020": 136, "% OF TOTAL": 1.4, "2024": 136, "2029": 132}, "Native Hawaiian and OPI Alone": {"Demographic": null, "2020": 11, "% OF TOTAL": 0.1, "2024": 12, "2029": 12}, "Some Other Race Alone": {"Demographic": null, "2020": 126, "% OF TOTAL": 1.2, "2024": 122, "2029": 115}, "Two or More Races Alone": {"Demographic": null, "2020": 381, "% OF TOTAL": 4.2, "2024": 407, "2029": 389}, "Not Hispanic or Latino": {"Demographic": null, "2020": 9640, "% OF TOTAL": 96.4, "2024": 9251, "2029": 8888}, "Hispanic or Latino": {"Demographic": null, "2020": 335, "% OF TOTAL": 3.6, "2024": 350, "2029": 334}, "Total Housing Units": {"Demographic": null, "2020": 4838, "% OF TOTAL": null, "2024": null, "2029": null}, "Owner Occupied Housing Units": {"Demographic": null, "2020": 2233, "% OF TOTAL": null, "2024": 2203, "2029": null}, "Renter Occupied Housing Units": {"Demographic": null, "2020": 2092, "% OF TOTAL": null, "2024": 2025, "2029": null}, "Housing Units Value Less Than 100k": {"Demographic": null, "2020": 624, "% OF TOTAL": null, "2024": 602, "2029": null}, "Housing Units Value 100k - 200k": {"Demographic": null, "2020": 1070, "% OF TOTAL": null, "2024": 1067, "2029": null}, "Housing Units Value 200k - 250k": {"Demographic": null, "2020": 241, "% OF TOTAL": null, "2024": 239, "2029": null}, "Housing Units Value 250k - 300k": {"Demographic": null, "2020": 115, "% OF TOTAL": null, "2024": 112, "2029": null}, "Housing Units Value 300k - 400k": {"Demographic": null, "2020": 67, "% OF TOTAL": null, "2024": 66, "2029": null}, "Housing Units Value 400k - 500k": {"Demographic": null, "2020": 54, "% OF TOTAL": null, "2024": 54, "2029": null}, "Housing Units Value 500k - 750k": {"Demographic": null, "2020": 45, "% OF TOTAL": null, "2024": 45, "2029": null}, "Housing Units Value 750k - 1m": {"Demographic": null, "2020": 15, "% OF TOTAL": null, "2024": 16, "2029": null}, "Housing Units Value 1m - 1.5m": {"Demographic": null, "2020": 0, "% OF TOTAL": null, "2024": 0, "2029": null}, "Housing Units Value 1.5m - 2m": {"Demographic": null, "2020": 2, "% OF TOTAL": null, "2024": 2, "2029": null}, "Housing Units Value >2m": {"Demographic": null, "2020": 0, "% OF TOTAL": null, "2024": 0, "2029": null}, "Take Car or Truck to Work": {"Demographic": null, "2020": 4621, "% OF TOTAL": null, "2024": 4466, "2029": null}, "Take Public Transportation to Work": {"Demographic": null, "2020": 10, "% OF TOTAL": null, "2024": 10, "2029": null}, "Take Other Means of Transportation to Work": {"Demographic": null, "2020": 142, "% OF TOTAL": null, "2024": 141, "2029": null}, "Average Travel Time (min)": {"Demographic": null, "2020": 22, "% OF TOTAL": null, "2024": 22, "2029": null}, "Travel Below 30 Min to Work": {"Demographic": null, "2020": 3950, "% OF TOTAL": null, "2024": 3825, "2029": null}, "Travel 30-60 Min to Work": {"Demographic": null, "2020": 643, "% OF TOTAL": null, "2024": 611, "2029": null}, "Travel Above 60 Min to Work": {"Demographic": null, "2020": 376, "% OF TOTAL": null, "2024": 181, "2029": null}, "Educational Attainment: No High School Diploma": {"Demographic": null, "2020": 3183, "% OF TOTAL": null, "2024": 3048, "2029": null}, "Educational Attainment: High School Diploma": {"Demographic": null, "2020": 2375, "% OF TOTAL": null, "2024": 2274, "2029": null}, "Educational Attainment: Some College": {"Demographic": null, "2020": 2908, "% OF TOTAL": null, "2024": 2847, "2029": null}, "Educational Attainment: Associate's Degree": {"Demographic": null, "2020": 358, "% OF TOTAL": null, "2024": 343, "2029": null}, "Educational Attainment: Bachelors Degree": {"Demographic": null, "2020": 1535, "% OF TOTAL": null, "2024": 1519, "2029": null}, "Educational Attainment: Advanced Degree": {"Demographic": null, "2020": 688, "% OF TOTAL": null, "2024": 684, "2029": null}, "Households: Number of vehicles available - Average": {"Demographic": null, "2020": 1, "% OF TOTAL": null, "2024": 1, "2029": null}, "Households: No Vehicle available": {"Demographic": null, "2020": 183, "% OF TOTAL": null, "2024": 179, "2029": null}, "Households: 1 Vehicle available": {"Demographic": null, "2020": 1666, "% OF TOTAL": null, "2024": 1626, "2029": null}, "Households: 2 Vehicles available": {"Demographic": null, "2020": 1675, "% OF TOTAL": null, "2024": 1654, "2029": null}, "Households: 3 Vehicles available": {"Demographic": null, "2020": 557, "% OF TOTAL": null, "2024": 536, "2029": null}, "Households: 4 or more Vehicles available": {"Demographic": null, "2020": 244, "% OF TOTAL": null, "2024": 233, "2029": null}}, "population_trends": {"Total Population": {"Demographic": null, "2020": 9975, "% OF TOTAL": null, "2024": 9601, "2029": 9222}, "Population Growth": {"Demographic": null, "2020": null, "% OF TOTAL": null, "2024": -3.7, "2029": -3.9}, "Female Population": {"Demographic": null, "2020": 5312, "% OF TOTAL": 53.4, "2024": 5123, "2029": 4922}, "Male Population": {"Demographic": null, "2020": 4663, "% OF TOTAL": 46.6, "2024": 4478, "2029": 4300}, "Total population: Median Age": {"Demographic": null, "2020": 35, "% OF TOTAL": null, "2024": 36, "2029": 38}, "Total population: Under 5 years": {"Demographic": null, "2020": 719, "% OF TOTAL": 6.5, "2024": 660, "2029": 599}, "Total population: 5 - 9 years": {"Demographic": null, "2020": 617, "% OF TOTAL": 6.1, "2024": 604, "2029": 565}, "Total population: 10 - 14 years": {"Demographic": null, "2020": 598, "% OF TOTAL": 5.5, "2024": 540, "2029": 508}, "Total population: 15 - 19 years": {"Demographic": null, "2020": 593, "% OF TOTAL": 5.6, "2024": 581, "2029": 514}, "Total population: 20 - 24 years": {"Demographic": null, "2020": 669, "% OF TOTAL": 6.2, "2024": 637, "2029": 576}, "Total population: 25 - 29 years": {"Demographic": null, "2020": 886, "% OF TOTAL": 7.7, "2024": 806, "2029": 711}, "Total population: 30 - 34 years": {"Demographic": null, "2020": 800, "% OF TOTAL": 7.9, "2024": 794, "2029": 727}, "Total population: 35 - 39 years": {"Demographic": null, "2020": 690, "% OF TOTAL": 7.8, "2024": 687, "2029": 716}, "Total population: 40 - 44 years": {"Demographic": null, "2020": 625, "% OF TOTAL": 6.8, "2024": 628, "2029": 630}, "Total population: 45 - 49 years": {"Demographic": null, "2020": 565, "% OF TOTAL": 6.1, "2024": 538, "2029": 561}, "Total population: 50 - 54 years": {"Demographic": null, "2020": 552, "% OF TOTAL": 5.2, "2024": 518, "2029": 476}, "Total population: 55 - 59 years": {"Demographic": null, "2020": 660, "% OF TOTAL": 5.9, "2024": 591, "2029": 540}, "Total population: 60 - 64 years": {"Demographic": null, "2020": 656, "% OF TOTAL": 5.9, "2024": 615, "2029": 545}, "Total population: 65 - 69 years": {"Demographic": null, "2020": 538, "% OF TOTAL": 5.9, "2024": 546, "2029": 542}, "Total population: 70 - 74 years": {"Demographic": null, "2020": 349, "% OF TOTAL": 4.6, "2024": 359, "2029": 421}, "Total population: 75 - 79 years": {"Demographic": null, "2020": 203, "% OF TOTAL": 3.0, "2024": 230, "2029": 277}, "Total population: 80 - 84 years": {"Demographic": null, "2020": 131, "% OF TOTAL": 1.9, "2024": 141, "2029": 174}, "Total population: 85 years and over": {"Demographic": null, "2020": 124, "% OF TOTAL": 1.5, "2024": 126, "2029": 140}, "Female population: Median Age": {"Demographic": null, "2020": 36, "% OF TOTAL": null, "2024": 36, "2029": 38}, "Female population: Under 5 years": {"Demographic": null, "2020": 397, "% OF TOTAL": 6.6, "2024": 366, "2029": 324}, "Female population: 5 - 9 years": {"Demographic": null, "2020": 310, "% OF TOTAL": 5.9, "2024": 299, "2029": 290}, "Female population: 10 - 14 years": {"Demographic": null, "2020": 285, "% OF TOTAL": 5.0, "2024": 261, "2029": 248}, "Female population: 15 - 19 years": {"Demographic": null, "2020": 299, "% OF TOTAL": 5.2, "2024": 293, "2029": 256}, "Female population: 20 - 24 years": {"Demographic": null, "2020": 357, "% OF TOTAL": 6.1, "2024": 336, "2029": 301}, "Female population: 25 - 29 years": {"Demographic": null, "2020": 493, "% OF TOTAL": 7.9, "2024": 444, "2029": 389}, "Female population: 30 - 34 years": {"Demographic": null, "2020": 412, "% OF TOTAL": 7.8, "2024": 409, "2029": 383}, "Female population: 35 - 39 years": {"Demographic": null, "2020": 364, "% OF TOTAL": 7.6, "2024": 362, "2029": 376}, "Female population: 40 - 44 years": {"Demographic": null, "2020": 328, "% OF TOTAL": 6.7, "2024": 334, "2029": 328}, "Female population: 45 - 49 years": {"Demographic": null, "2020": 299, "% OF TOTAL": 6.1, "2024": 290, "2029": 300}, "Female population: 50 - 54 years": {"Demographic": null, "2020": 287, "% OF TOTAL": 5.2, "2024": 271, "2029": 255}, "Female population: 55 - 59 years": {"Demographic": null, "2020": 337, "% OF TOTAL": 5.6, "2024": 297, "2029": 274}, "Female population: 60 - 64 years": {"Demographic": null, "2020": 362, "% OF TOTAL": 6.1, "2024": 343, "2029": 298}, "Female population: 65 - 69 years": {"Demographic": null, "2020": 264, "% OF TOTAL": 5.6, "2024": 271, "2029": 277}, "Female population: 70 - 74 years": {"Demographic": null, "2020": 218, "% OF TOTAL": 4.9, "2024": 224, "2029": 239}, "Female population: 75 - 79 years": {"Demographic": null, "2020": 130, "% OF TOTAL": 3.6, "2024": 147, "2029": 177}, "Female population: 80 - 84 years": {"Demographic": null, "2020": 87, "% OF TOTAL": 2.3, "2024": 93, "2029": 114}, "Female population: 85 years and over": {"Demographic": null, "2020": 83, "% OF TOTAL": 1.9, "2024": 83, "2029": 93}, "Male population: Median Age": {"Demographic": null, "2020": 35, "% OF TOTAL": null, "2024": 35, "2029": 37}, "Male population: Under 5 years": {"Demographic": null, "2020": 322, "% OF TOTAL": 6.4, "2024": 294, "2029": 275}, "Male population: 5 - 9 years": {"Demographic": null, "2020": 307, "% OF TOTAL": 6.4, "2024": 305, "2029": 275}, "Male population: 10 - 14 years": {"Demographic": null, "2020": 313, "% OF TOTAL": 6.0, "2024": 279, "2029": 260}, "Male population: 15 - 19 years": {"Demographic": null, "2020": 294, "% OF TOTAL": 6.0, "2024": 288, "2029": 258}, "Male population: 20 - 24 years": {"Demographic": null, "2020": 312, "% OF TOTAL": 6.4, "2024": 301, "2029": 275}, "Male population: 25 - 29 years": {"Demographic": null, "2020": 393, "% OF TOTAL": 7.5, "2024": 362, "2029": 322}, "Male population: 30 - 34 years": {"Demographic": null, "2020": 388, "% OF TOTAL": 8.0, "2024": 385, "2029": 344}, "Male population: 35 - 39 years": {"Demographic": null, "2020": 326, "% OF TOTAL": 7.9, "2024": 325, "2029": 340}, "Male population: 40 - 44 years": {"Demographic": null, "2020": 297, "% OF TOTAL": 7.0, "2024": 294, "2029": 302}, "Male population: 45 - 49 years": {"Demographic": null, "2020": 266, "% OF TOTAL": 6.1, "2024": 248, "2029": 261}, "Male population: 50 - 54 years": {"Demographic": null, "2020": 265, "% OF TOTAL": 5.1, "2024": 247, "2029": 221}, "Male population: 55 - 59 years": {"Demographic": null, "2020": 323, "% OF TOTAL": 6.2, "2024": 294, "2029": 266}, "Male population: 60 - 64 years": {"Demographic": null, "2020": 294, "% OF TOTAL": 5.7, "2024": 272, "2029": 247}, "Male population: 65 - 69 years": {"Demographic": null, "2020": 274, "% OF TOTAL": 6.2, "2024": 275, "2029": 265}, "Male population: 70 - 74 years": {"Demographic": null, "2020": 131, "% OF TOTAL": 4.2, "2024": 135, "2029": 182}, "Male population: 75 - 79 years": {"Demographic": null, "2020": 73, "% OF TOTAL": 2.3, "2024": 83, "2029": 100}, "Male population: 80 - 84 years": {"Demographic": null, "2020": 44, "% OF TOTAL": 1.4, "2024": 48, "2029": 60}, "Male population: 85 years and over": {"Demographic": null, "2020": 41, "% OF TOTAL": 1.1, "2024": 43, "2029": 47}, "White alone": {"Demographic": null, "2020": 4574, "% OF TOTAL": 45.3, "2024": 4370, "2029": 4176}, "Black alone": {"Demographic": null, "2020": 4699, "% OF TOTAL": 47.1, "2024": 4502, "2029": 4348}, "American Indian and Alaska Native alone": {"Demographic": null, "2020": 48, "% OF TOTAL": 0.5, "2024": 52, "2029": 50}, "Asian alone": {"Demographic": null, "2020": 136, "% OF TOTAL": 1.4, "2024": 136, "2029": 132}, "Native Hawaiian and OPI alone": {"Demographic": null, "2020": 11, "% OF TOTAL": 0.1, "2024": 12, "2029": 12}, "Some other race alone": {"Demographic": null, "2020": 126, "% OF TOTAL": 1.2, "2024": 122, "2029": 115}, "Two or more races alone": {"Demographic": null, "2020": 381, "% OF TOTAL": 4.2, "2024": 407, "2029": 389}, "Not Hispanic: White alone": {"Demographic": null, "2020": 4477, "% OF TOTAL": 44.2, "2024": 4268, "2029": 4079}, "Not Hispanic: Black or African American alone": {"Demographic": null, "2020": 4675, "% OF TOTAL": 46.9, "2024": 4477, "2029": 4323}, "Not Hispanic: American Indian and Alaska Native alone": {"Demographic": null, "2020": 33, "% OF TOTAL": 0.4, "2024": 34, "2029": 33}, "Not Hispanic: Asian alone": {"Demographic": null, "2020": 134, "% OF TOTAL": 1.4, "2024": 134, "2029": 130}, "Not Hispanic: Native Hawaiian and OPI alone": {"Demographic": null, "2020": 11, "% OF TOTAL": 0.1, "2024": 12, "2029": 12}, "Not Hispanic: Some Other Race alone": {"Demographic": null, "2020": 35, "% OF TOTAL": 0.3, "2024": 34, "2029": 32}, "Not Hispanic: Two or More Races": {"Demographic": null, "2020": 275, "% OF TOTAL": 3.0, "2024": 292, "2029": 279}, "Hispanic: White alone": {"Demographic": null, "2020": 97, "% OF TOTAL": 1.1, "2024": 102, "2029": 97}, "Hispanic: Black or African American alone": {"Demographic": null, "2020": 24, "% OF TOTAL": 0.3, "2024": 25, "2029": 25}, "Hispanic: American Indian and Alaska Native alone": {"Demographic": null, "2020": 15, "% OF TOTAL": 0.2, "2024": 18, "2029": 17}, "Hispanic: Asian alone": {"Demographic": null, "2020": 2, "% OF TOTAL": 0.0, "2024": 2, "2029": 2}, "Hispanic: Native Hawaiian and OPI alone": {"Demographic": null, "2020": 0, "% OF TOTAL": 0.0, "2024": 0, "2029": 0}, "Hispanic: Some Other Race alone": {"Demographic": null, "2020": 91, "% OF TOTAL": 0.9, "2024": 88, "2029": 83}, "Hispanic: Two or More Races": {"Demographic": null, "2020": 106, "% OF TOTAL": 1.2, "2024": 115, "2029": 110}, "Educational Attainment: No High School Diploma": {"Demographic": null, "2020": 808, "% OF TOTAL": null, "2024": 774, "2029": null}, "Educational Attainment: High School Diploma": {"Demographic": null, "2020": 2375, "% OF TOTAL": null, "2024": 2274, "2029": null}, "Educational Attainment: Some College": {"Demographic": null, "2020": 1015, "% OF TOTAL": null, "2024": 985, "2029": null}, "Educational Attainment: Associates Degree": {"Demographic": null, "2020": 358, "% OF TOTAL": null, "2024": 343, "2029": null}, "Educational Attainment: Bachelors Degree": {"Demographic": null, "2020": 1535, "% OF TOTAL": null, "2024": 1519, "2029": null}, "Educational Attainment: Advanced Degree": {"Demographic": null, "2020": 688, "% OF TOTAL": null, "2024": 684, "2029": null}, "Employment Status: Armed Forces": {"Demographic": null, "2020": 81, "% OF TOTAL": null, "2024": 76, "2029": null}, "Employment Status: Civilian labor force employed": {"Demographic": null, "2020": 4910, "% OF TOTAL": null, "2024": 4754, "2029": null}, "Employment Status: Civilian labor force unemployed": {"Demographic": null, "2020": 461, "% OF TOTAL": null, "2024": 440, "2029": null}, "Employment Status: Not in labor force": {"Demographic": null, "2020": 2487, "% OF TOTAL": null, "2024": 2402, "2029": null}, "Employed in Agriculture and Mining Industries": {"Demographic": null, "2020": 7, "% OF TOTAL": null, "2024": 7, "2029": null}, "Employed in Construction Industries": {"Demographic": null, "2020": 226, "% OF TOTAL": null, "2024": 214, "2029": null}, "Employed in Manufacturing Industries": {"Demographic": null, "2020": 683, "% OF TOTAL": null, "2024": 650, "2029": null}, "Employed in Wholesale Industries": {"Demographic": null, "2020": 70, "% OF TOTAL": null, "2024": 69, "2029": null}, "Employed in Retail Industries": {"Demographic": null, "2020": 613, "% OF TOTAL": null, "2024": 595, "2029": null}, "Employed in Transportation and Utilities Industries": {"Demographic": null, "2020": 332, "% OF TOTAL": null, "2024": 324, "2029": null}, "Employed in Information Industries": {"Demographic": null, "2020": 150, "% OF TOTAL": null, "2024": 148, "2029": null}, "Employed in Real-Estate Industries": {"Demographic": null, "2020": 333, "% OF TOTAL": null, "2024": 320, "2029": null}, "Employed in Professional Industries": {"Demographic": null, "2020": 536, "% OF TOTAL": null, "2024": 526, "2029": null}, "Employed in Health and Education Industries": {"Demographic": null, "2020": 1153, "% OF TOTAL": null, "2024": 1119, "2029": null}, "Employed in Art Industries": {"Demographic": null, "2020": 459, "% OF TOTAL": null, "2024": 451, "2029": null}, "Employed in Other Industries": {"Demographic": null, "2020": 251, "% OF TOTAL": null, "2024": 236, "2029": null}, "Employed in Public Administration Industries": {"Demographic": null, "2020": 97, "% OF TOTAL": null, "2024": 95, "2029": null}, "Occupation: Management": {"Demographic": null, "2020": 486, "% OF TOTAL": null, "2024": 483, "2029": null}, "Occupation: Business and financial operations": {"Demographic": null, "2020": 285, "% OF TOTAL": null, "2024": 282, "2029": null}, "Occupation: Computer and mathematical": {"Demographic": null, "2020": 107, "% OF TOTAL": null, "2024": 106, "2029": null}, "Occupation: Architecture and engineering": {"Demographic": null, "2020": 48, "% OF TOTAL": null, "2024": 45, "2029": null}, "Occupation: Life, physical, and social science": {"Demographic": null, "2020": 23, "% OF TOTAL": null, "2024": 25, "2029": null}, "Occupation: Community and social service": {"Demographic": null, "2020": 59, "% OF TOTAL": null, "2024": 58, "2029": null}, "Occupation: Legal": {"Demographic": null, "2020": 87, "% OF TOTAL": null, "2024": 88, "2029": null}, "Occupation: Education, training, and library": {"Demographic": null, "2020": 234, "% OF TOTAL": null, "2024": 228, "2029": null}, "Occupation: Arts, design, entertainment, sports, and media": {"Demographic": null, "2020": 125, "% OF TOTAL": null, "2024": 117, "2029": null}, "Occupation: Health diagnosing and treating practitioners": {"Demographic": null, "2020": 423, "% OF TOTAL": null, "2024": 417, "2029": null}, "Occupation: Health technologists and technicians": {"Demographic": null, "2020": 85, "% OF TOTAL": null, "2024": 82, "2029": null}, "Occupation: Healthcare support": {"Demographic": null, "2020": 227, "% OF TOTAL": null, "2024": 211, "2029": null}, "Occupation: Fire fighting and prevention": {"Demographic": null, "2020": 16, "% OF TOTAL": null, "2024": 15, "2029": null}, "Occupation: Law enforcement workers": {"Demographic": null, "2020": 23, "% OF TOTAL": null, "2024": 21, "2029": null}, "Occupation: Food preparation and serving related": {"Demographic": null, "2020": 118, "% OF TOTAL": null, "2024": 116, "2029": null}, "Occupation: Building and grounds cleaning and maintenance": {"Demographic": null, "2020": 154, "% OF TOTAL": null, "2024": 151, "2029": null}, "Occupation: Personal care and service": {"Demographic": null, "2020": 32, "% OF TOTAL": null, "2024": 31, "2029": null}, "Occupation: Sales and related": {"Demographic": null, "2020": 492, "% OF TOTAL": null, "2024": 485, "2029": null}, "Occupation: Office and administrative support": {"Demographic": null, "2020": 401, "% OF TOTAL": null, "2024": 388, "2029": null}, "Occupation: Farming, fishing, and forestry": {"Demographic": null, "2020": 7, "% OF TOTAL": null, "2024": 7, "2029": null}, "Occupation: Construction and extraction": {"Demographic": null, "2020": 173, "% OF TOTAL": null, "2024": 162, "2029": null}, "Occupation: Installation, maintenance, and repair": {"Demographic": null, "2020": 230, "% OF TOTAL": null, "2024": 221, "2029": null}, "Occupation: Production": {"Demographic": null, "2020": 562, "% OF TOTAL": null, "2024": 527, "2029": null}, "Occupation: Transportation": {"Demographic": null, "2020": 196, "% OF TOTAL": null, "2024": 185, "2029": null}, "Occupation: Material moving": {"Demographic": null, "2020": 317, "% OF TOTAL": null, "2024": 303, "2029": null}, "White collar": {"Demographic": null, "2020": 2855, "% OF TOTAL": null, "2024": 2804, "2029": null}, "Blue collar": {"Demographic": null, "2020": 2055, "% OF TOTAL": null, "2024": 1950, "2029": null}, "Means of transportation: Car, truck or van": {"Demographic": null, "2020": 4621, "% OF TOTAL": null, "2024": 4466, "2029": null}, "Means of transportation: Public transportation": {"Demographic": null, "2020": 10, "% OF TOTAL": null, "2024": 10, "2029": null}, "Means of transportation: Other": {"Demographic": null, "2020": 142, "% OF TOTAL": null, "2024": 141, "2029": null}, "Travel time: Average (in minutes)": {"Demographic": null, "2020": 21, "% OF TOTAL": null, "2024": 21, "2029": null}, "Travel time to work: Less than 30 minutes": {"Demographic": null, "2020": 3950, "% OF TOTAL": null, "2024": 3825, "2029": null}, "Travel time to work: 30 to 60 minutes": {"Demographic": null, "2020": 643, "% OF TOTAL": null, "2024": 611, "2029": null}, "Travel time to work: 60 or more minutes": {"Demographic": null, "2020": 180, "% OF TOTAL": null, "2024": 181, "2029": null}}, "household_trends": {"Households": {"Demographic": null, "2020": 4325, "% OF TOTAL": null, "2024": 4228, "2029": 4135}, "Households Growth": {"Demographic": null, "2020": null, "% OF TOTAL": null, "2024": -2.2, "2029": -2.2}, "Householder Age 15-24": {"Demographic": null, "2020": 191, "% OF TOTAL": 4.2, "2024": 184, "2029": 173}, "Householder Age 25-34": {"Demographic": null, "2020": 872, "% OF TOTAL": 18.4, "2024": 847, "2029": 762}, "Householder Age 35-44": {"Demographic": null, "2020": 755, "% OF TOTAL": 18.3, "2024": 741, "2029": 757}, "Householder Age 45-54": {"Demographic": null, "2020": 702, "% OF TOTAL": 16.2, "2024": 683, "2029": 668}, "Householder Age 55-64": {"Demographic": null, "2020": 798, "% OF TOTAL": 16.9, "2024": 780, "2029": 699}, "Householder Age 65-74": {"Demographic": null, "2020": 644, "% OF TOTAL": 16.1, "2024": 632, "2029": 666}, "Householder Age 75+": {"Demographic": null, "2020": 363, "% OF TOTAL": 9.9, "2024": 361, "2029": 410}, "Average Household Size": {"Demographic": null, "2020": 2.3, "% OF TOTAL": null, "2024": 2.3, "2029": 2.3}, "1 Person Households": {"Demographic": null, "2020": 1456, "% OF TOTAL": 34.7, "2024": 1453, "2029": 1435}, "2 Person Households": {"Demographic": null, "2020": 1440, "% OF TOTAL": 34.4, "2024": 1440, "2029": 1421}, "3 Person Households": {"Demographic": null, "2020": 653, "% OF TOTAL": 15.5, "2024": 651, "2029": 642}, "4 Person Households": {"Demographic": null, "2020": 444, "% OF TOTAL": 8.9, "2024": 395, "2029": 369}, "5 Person Households": {"Demographic": null, "2020": 195, "% OF TOTAL": 3.8, "2024": 170, "2029": 158}, "6 Person Households": {"Demographic": null, "2020": 73, "% OF TOTAL": 1.4, "2024": 64, "2029": 59}, "7+ Person Households": {"Demographic": null, "2020": 64, "% OF TOTAL": 1.2, "2024": 55, "2029": 51}, "Household Type: Family": {"Demographic": null, "2020": 2559, "% OF TOTAL": null, "2024": 2501, "2029": null}, "Household Type: Married Family": {"Demographic": null, "2020": 1242, "% OF TOTAL": null, "2024": 1213, "2029": null}, "Household Type: Married Family With Children": {"Demographic": null, "2020": 430, "% OF TOTAL": null, "2024": 420, "2029": null}, "Household Type: Married Family Without Children": {"Demographic": null, "2020": 812, "% OF TOTAL": null, "2024": 793, "2029": null}, "Household Type: Other Family": {"Demographic": null, "2020": 1317, "% OF TOTAL": null, "2024": 1288, "2029": null}, "Household Type: Male Households, No Wife": {"Demographic": null, "2020": 267, "% OF TOTAL": null, "2024": 262, "2029": null}, "Household Type: Male Households, No Wife With Children": {"Demographic": null, "2020": 97, "% OF TOTAL": null, "2024": 95, "2029": null}, "Household Type: Male Households, No Wife Without Children": {"Demographic": null, "2020": 170, "% OF TOTAL": null, "2024": 167, "2029": null}, "Household Type: Female Households, No Husband": {"Demographic": null, "2020": 1050, "% OF TOTAL": null, "2024": 1026, "2029": null}, "Household Type: Female Households, No Husband With Children": {"Demographic": null, "2020": 553, "% OF TOTAL": null, "2024": 541, "2029": null}, "Household Type: Female Households, No Husband Without Children": {"Demographic": null, "2020": 497, "% OF TOTAL": null, "2024": 485, "2029": null}, "Household Income: Average": {"Demographic": null, "2020": 77621, "% OF TOTAL": null, "2024": 85449, "2029": 101659}, "Household Income: Median": {"Demographic": null, "2020": 0, "% OF TOTAL": null, "2024": 57159, "2029": 76754}, "Household Income: Less than $25k": {"Demographic": null, "2020": 750, "% OF TOTAL": 10.4, "2024": 666, "2029": 430}, "Household Income: $25k - $50k": {"Demographic": null, "2020": 921, "% OF TOTAL": 17.0, "2024": 777, "2029": 705}, "Household Income: $50k - $75k": {"Demographic": null, "2020": 1061, "% OF TOTAL": 23.1, "2024": 1050, "2029": 954}, "Household Income: $75k - $100k": {"Demographic": null, "2020": 392, "% OF TOTAL": 11.0, "2024": 412, "2029": 453}, "Household Income: $100k - $125k": {"Demographic": null, "2020": 448, "% OF TOTAL": 11.4, "2024": 419, "2029": 472}, "Household Income: $125k - $150k": {"Demographic": null, "2020": 297, "% OF TOTAL": 8.2, "2024": 338, "2029": 341}, "Household Income: $150k - $200k": {"Demographic": null, "2020": 261, "% OF TOTAL": 8.9, "2024": 317, "2029": 369}, "Household Income: Above $200k": {"Demographic": null, "2020": 195, "% OF TOTAL": 9.9, "2024": 249, "2029": 411}, "Total Housing Units": {"Demographic": null, "2020": 4838, "% OF TOTAL": null, "2024": null, "2029": null}, "Owner Occupied Housing Units": {"Demographic": null, "2020": 2233, "% OF TOTAL": null, "2024": 2203, "2029": null}, "Renter Occupied Housing Units": {"Demographic": null, "2020": 2092, "% OF TOTAL": null, "2024": 2025, "2029": null}, "Vacant Housing Units": {"Demographic": null, "2020": 513, "% OF TOTAL": null, "2024": null, "2029": null}, "Vacant Housing Units: Seasonal": {"Demographic": null, "2020": 17, "% OF TOTAL": null, "2024": null, "2029": null}, "Vacant Housing Units: Other Usage": {"Demographic": null, "2020": 496, "% OF TOTAL": null, "2024": null, "2029": null}, "Average Housing Unit Value": {"Demographic": null, "2020": 145712, "% OF TOTAL": null, "2024": 145825, "2029": null}, "Median Housing Unit Value": {"Demographic": null, "2020": 150481, "% OF TOTAL": null, "2024": 150255, "2029": null}, "Housing Unit Value Less Than $100k": {"Demographic": null, "2020": 624, "% OF TOTAL": null, "2024": 602, "2029": null}, "Housing Unit Value $100k-$200k": {"Demographic": null, "2020": 1070, "% OF TOTAL": null, "2024": 1067, "2029": null}, "Housing Unit Value $200k-$250k": {"Demographic": null, "2020": 241, "% OF TOTAL": null, "2024": 239, "2029": null}, "Housing Unit Value $250k-$300k": {"Demographic": null, "2020": 115, "% OF TOTAL": null, "2024": 112, "2029": null}, "Housing Unit Value $300k-$400k": {"Demographic": null, "2020": 67, "% OF TOTAL": null, "2024": 66, "2029": null}, "Housing Unit Value $400k-$500k": {"Demographic": null, "2020": 54, "% OF TOTAL": null, "2024": 54, "2029": null}, "Housing Unit Value $500k-$750k": {"Demographic": null, "2020": 45, "% OF TOTAL": null, "2024": 45, "2029": null}, "Housing Unit Value $750k-$1m": {"Demographic": null, "2020": 15, "% OF TOTAL": null, "2024": 16, "2029": null}, "Housing Unit Value $1m-$1.5m": {"Demographic": null, "2020": 0, "% OF TOTAL": null, "2024": 0, "2029": null}, "Housing Unit Value $1.5m-$2m": {"Demographic": null, "2020": 2, "% OF TOTAL": null, "2024": 2, "2029": null}, "Housing Unit Value Above $2m": {"Demographic": null, "2020": 0, "% OF TOTAL": null, "2024": 0, "2029": null}, "Median Housing Unit Year Built": {"Demographic": null, "2020": 1962, "% OF TOTAL": null, "2024": 1962, "2029": null}, "Housing Units Built 2014 Or After": {"Demographic": null, "2020": 0, "% OF TOTAL": null, "2024": 0, "2029": null}, "Housing Units Built 2010-2013": {"Demographic": null, "2020": 26, "% OF TOTAL": null, "2024": 28, "2029": null}, "Housing Units Built 2000-2009": {"Demographic": null, "2020": 48, "% OF TOTAL": null, "2024": 51, "2029": null}, "Housing Units Built 1990-1999": {"Demographic": null, "2020": 188, "% OF TOTAL": null, "2024": 194, "2029": null}, "Housing Units Built 1980-1989": {"Demographic": null, "2020": 309, "% OF TOTAL": null, "2024": 301, "2029": null}, "Housing Units Built 1970-1979": {"Demographic": null, "2020": 863, "% OF TOTAL": null, "2024": 833, "2029": null}, "Housing Units Built 1960-1969": {"Demographic": null, "2020": 752, "% OF TOTAL": null, "2024": 742, "2029": null}, "Housing Units Built 1950-1959": {"Demographic": null, "2020": 1057, "% OF TOTAL": null, "2024": 1036, "2029": null}, "Housing Units Built 1940-1949": {"Demographic": null, "2020": 603, "% OF TOTAL": null, "2024": 581, "2029": null}, "Housing Units Built Before 1940": {"Demographic": null, "2020": 479, "% OF TOTAL": null, "2024": 462, "2029": null}}, "consumer_segments": {"Renters": {"households": 803, "pct": 17.8}, "Entry Level Suburban": {"households": 770, "pct": 17.1}, "Renters Near Term Buyers": {"households": 659, "pct": 14.6}, "Active Adult Feature and Location": {"households": 526, "pct": 11.7}, "Entry Level Urban": {"households": 327, "pct": 7.3}, "Elite": {"households": 321, "pct": 7.1}, "Active Adult Entry Level": {"households": 269, "pct": 6.0}, "Feature and Location": {"households": 241, "pct": 5.4}, "Family Life Young Children": {"households": 160, "pct": 3.6}, "Family Life School Age Children": {"households": 109, "pct": 2.4}, "Simple Life Affluent No Children": {"households": 108, "pct": 2.4}, "Active Adult Elite": {"households": 94, "pct": 2.1}, "Simple Life Moderate Income With Children": {"households": 72, "pct": 1.6}, "Simple Life Moderate Income No Children": {"households": 43, "pct": 1.0}}, "income_age": {"2020": {}, "2024": {}, "2029": {}}, "population_2024": 9601, "population_2029": 9222, "households_2024": 4228, "households_2029": 4135, "median_household_income_2024": 57159, "median_household_income_2029": 76754, "mean_household_income_2024": null, "mean_household_income_2029": null, "median_age_2024": 36, "median_age_2029": 38, "median_home_value_2024": 150255, "average_household_size_2024": 2.3, "average_household_size_2029": 2.3, "population_growth_2024_2029": -3.7, "households_growth_2024_2029": -2.2}, "geometry": {"type": "Polygon", "coordinates": [[[-88.120185, 30.660359], [-88.12052, 30.689397], [-88.086919, 30.689683], [-88.086594, 30.660644], [-88.120185, 30.660359]]]}}, {"type": "Feature", "properties": {"block": "076", "block_num": 76, "CentroidLon": -88.12278857941429, "CentroidLat": 30.673689704649536, "submarket": "North Mobile", "data_status": "usable", "is_anomalous": false, "anomaly_reason": null, "files_present": "DemographicSnapshot-26.08.06.csv;PopulationTrends-26.08.06.csv;HouseholdTrends-26.08.06.csv;HouseholdIncomeByAge-26.08.06.csv;ConsumerSegmentation-26.08.06.csv", "demographic_snapshot": {"Total Population": {"Demographic": null, "2020": 3346, "% OF TOTAL": null, "2024": 3374, "2029": 3264}, "Households": {"Demographic": null, "2020": 1514, "% OF TOTAL": null, "2024": 1546, "2029": 1522}, "Population in Group Quarters": {"Demographic": null, "2020": 0, "% OF TOTAL": null, "2024": 0, "2029": 0}, "Households Growth": {"Demographic": null, "2020": null, "% OF TOTAL": null, "2024": 2.1, "2029": -1.6}, "Household Income: Median": {"Demographic": null, "2020": 0, "% OF TOTAL": null, "2024": 40658, "2029": 52241}, "Home Value: Median": {"Demographic": null, "2020": 128590, "% OF TOTAL": null, "2024": 128535, "2029": null}, "Population Growth": {"Demographic": null, "2020": null, "% OF TOTAL": null, "2024": 0.8, "2029": -3.3}, "Total Population: Under 19 years": {"Demographic": null, "2020": 931, "% OF TOTAL": 27.1, "2024": 932, "2029": 883}, "Total Population: 20 - 64 years": {"Demographic": null, "2020": 2052, "% OF TOTAL": 59.7, "2024": 2054, "2029": 1947}, "Total Population: 65 years and over": {"Demographic": null, "2020": 363, "% OF TOTAL": 13.3, "2024": 388, "2029": 434}, "Total population: Median age": {"Demographic": null, "2020": 30, "% OF TOTAL": null, "2024": 31, "2029": 32}, "Total population: Under 5 years": {"Demographic": null, "2020": 300, "% OF TOTAL": 8.0, "2024": 298, "2029": 261}, "Total population: 5 - 9 years": {"Demographic": null, "2020": 233, "% OF TOTAL": 7.3, "2024": 238, "2029": 239}, "Total population: 10 - 14 years": {"Demographic": null, "2020": 218, "% OF TOTAL": 6.3, "2024": 212, "2029": 205}, "Total population: 15 - 19 years": {"Demographic": null, "2020": 180, "% OF TOTAL": 5.5, "2024": 184, "2029": 178}, "Total population: 20 - 24 years": {"Demographic": null, "2020": 274, "% OF TOTAL": 7.1, "2024": 272, "2029": 231}, "Total population: 25 - 29 years": {"Demographic": null, "2020": 353, "% OF TOTAL": 9.4, "2024": 343, "2029": 306}, "Total population: 30 - 34 years": {"Demographic": null, "2020": 317, "% OF TOTAL": 9.5, "2024": 335, "2029": 309}, "Total population: 35 - 39 years": {"Demographic": null, "2020": 206, "% OF TOTAL": 7.7, "2024": 213, "2029": 250}, "Total population: 40 - 44 years": {"Demographic": null, "2020": 172, "% OF TOTAL": 5.6, "2024": 180, "2029": 184}, "Total population: 45 - 49 years": {"Demographic": null, "2020": 185, "% OF TOTAL": 5.6, "2024": 186, "2029": 184}, "Total population: 50 - 54 years": {"Demographic": null, "2020": 169, "% OF TOTAL": 4.7, "2024": 164, "2029": 153}, "Total population: 55 - 59 years": {"Demographic": null, "2020": 184, "% OF TOTAL": 5.0, "2024": 172, "2029": 164}, "Total population: 60 - 64 years": {"Demographic": null, "2020": 192, "% OF TOTAL": 5.1, "2024": 189, "2029": 166}, "Total population: 65 - 69 years": {"Demographic": null, "2020": 158, "% OF TOTAL": 5.3, "2024": 170, "2029": 172}, "Total population: 70 - 74 years": {"Demographic": null, "2020": 89, "% OF TOTAL": 3.5, "2024": 91, "2029": 113}, "Total population: 75 - 79 years": {"Demographic": null, "2020": 63, "% OF TOTAL": 2.4, "2024": 73, "2029": 79}, "Total population: 80 - 84 years": {"Demographic": null, "2020": 23, "% OF TOTAL": 1.2, "2024": 23, "2029": 39}, "Total population: 85 years and over": {"Demographic": null, "2020": 30, "% OF TOTAL": 0.9, "2024": 31, "2029": 31}, "Householders Age 15-24": {"Demographic": null, "2020": 84, "% OF TOTAL": 5.5, "2024": 86, "2029": 83}, "Householders Age 25-34": {"Demographic": null, "2020": 428, "% OF TOTAL": 26.3, "2024": 439, "2029": 400}, "Householders Age 35-44": {"Demographic": null, "2020": 271, "% OF TOTAL": 20.1, "2024": 277, "2029": 306}, "Householders Age 45-54": {"Demographic": null, "2020": 202, "% OF TOTAL": 12.9, "2024": 206, "2029": 197}, "Householders Age 55-64": {"Demographic": null, "2020": 261, "% OF TOTAL": 15.7, "2024": 266, "2029": 239}, "Householders Age 65-74": {"Demographic": null, "2020": 172, "% OF TOTAL": 12.5, "2024": 174, "2029": 190}, "Householders Age 75+": {"Demographic": null, "2020": 96, "% OF TOTAL": 7.0, "2024": 98, "2029": 107}, "Household income: Average": {"Demographic": null, "2020": 63166, "% OF TOTAL": null, "2024": 71003, "2029": 87062}, "Household income: Less than 25k": {"Demographic": null, "2020": 404, "% OF TOTAL": 15.6, "2024": 359, "2029": 237}, "Household income: 25k - 50k": {"Demographic": null, "2020": 524, "% OF TOTAL": 26.7, "2024": 465, "2029": 407}, "Household income: 50k - 75k": {"Demographic": null, "2020": 208, "% OF TOTAL": 16.0, "2024": 258, "2029": 243}, "Household income: 75k - 100k": {"Demographic": null, "2020": 149, "% OF TOTAL": 14.6, "2024": 173, "2029": 222}, "Household income: 100k - 125k": {"Demographic": null, "2020": 0, "% OF TOTAL": 0.0, "2024": 0, "2029": 0}, "Household income: 125k - 150k": {"Demographic": null, "2020": 51, "% OF TOTAL": 4.9, "2024": 72, "2029": 74}, "Household income: 150k - 200k": {"Demographic": null, "2020": 158, "% OF TOTAL": 17.3, "2024": 186, "2029": 263}, "Household income: Above 200k": {"Demographic": null, "2020": 20, "% OF TOTAL": 5.0, "2024": 33, "2029": 76}, "White Alone": {"Demographic": null, "2020": 976, "% OF TOTAL": 28.1, "2024": 959, "2029": 917}, "Black or African American Alone": {"Demographic": null, "2020": 2059, "% OF TOTAL": 61.8, "2024": 2075, "2029": 2016}, "American Indian and Alaska Native Alone": {"Demographic": null, "2020": 10, "% OF TOTAL": 0.3, "2024": 10, "2029": 10}, "Asian Alone": {"Demographic": null, "2020": 79, "% OF TOTAL": 2.5, "2024": 83, "2029": 81}, "Native Hawaiian and OPI Alone": {"Demographic": null, "2020": 0, "% OF TOTAL": 0.0, "2024": 0, "2029": 0}, "Some Other Race Alone": {"Demographic": null, "2020": 87, "% OF TOTAL": 2.8, "2024": 94, "2029": 93}, "Two or More Races Alone": {"Demographic": null, "2020": 135, "% OF TOTAL": 4.5, "2024": 153, "2029": 147}, "Not Hispanic or Latino": {"Demographic": null, "2020": 3196, "% OF TOTAL": 94.9, "2024": 3206, "2029": 3099}, "Hispanic or Latino": {"Demographic": null, "2020": 150, "% OF TOTAL": 5.1, "2024": 168, "2029": 165}, "Total Housing Units": {"Demographic": null, "2020": 1640, "% OF TOTAL": null, "2024": null, "2029": null}, "Owner Occupied Housing Units": {"Demographic": null, "2020": 425, "% OF TOTAL": null, "2024": 432, "2029": null}, "Renter Occupied Housing Units": {"Demographic": null, "2020": 1089, "% OF TOTAL": null, "2024": 1114, "2029": null}, "Housing Units Value Less Than 100k": {"Demographic": null, "2020": 128, "% OF TOTAL": null, "2024": 129, "2029": null}, "Housing Units Value 100k - 200k": {"Demographic": null, "2020": 297, "% OF TOTAL": null, "2024": 303, "2029": null}, "Housing Units Value 200k - 250k": {"Demographic": null, "2020": 0, "% OF TOTAL": null, "2024": 0, "2029": null}, "Housing Units Value 250k - 300k": {"Demographic": null, "2020": 0, "% OF TOTAL": null, "2024": 0, "2029": null}, "Housing Units Value 300k - 400k": {"Demographic": null, "2020": 0, "% OF TOTAL": null, "2024": 0, "2029": null}, "Housing Units Value 400k - 500k": {"Demographic": null, "2020": 0, "% OF TOTAL": null, "2024": 0, "2029": null}, "Housing Units Value 500k - 750k": {"Demographic": null, "2020": 0, "% OF TOTAL": null, "2024": 0, "2029": null}, "Housing Units Value 750k - 1m": {"Demographic": null, "2020": 0, "% OF TOTAL": null, "2024": 0, "2029": null}, "Housing Units Value 1m - 1.5m": {"Demographic": null, "2020": 0, "% OF TOTAL": null, "2024": 0, "2029": null}, "Housing Units Value 1.5m - 2m": {"Demographic": null, "2020": 0, "% OF TOTAL": null, "2024": 0, "2029": null}, "Housing Units Value >2m": {"Demographic": null, "2020": 0, "% OF TOTAL": null, "2024": 0, "2029": null}, "Take Car or Truck to Work": {"Demographic": null, "2020": 1483, "% OF TOTAL": null, "2024": 1518, "2029": null}, "Take Public Transportation to Work": {"Demographic": null, "2020": 0, "% OF TOTAL": null, "2024": 0, "2029": null}, "Take Other Means of Transportation to Work": {"Demographic": null, "2020": 0, "% OF TOTAL": null, "2024": 0, "2029": null}, "Average Travel Time (min)": {"Demographic": null, "2020": 21, "% OF TOTAL": null, "2024": 21, "2029": null}, "Travel Below 30 Min to Work": {"Demographic": null, "2020": 1261, "% OF TOTAL": null, "2024": 1291, "2029": null}, "Travel 30-60 Min to Work": {"Demographic": null, "2020": 222, "% OF TOTAL": null, "2024": 227, "2029": null}, "Travel Above 60 Min to Work": {"Demographic": null, "2020": 63, "% OF TOTAL": null, "2024": 0, "2029": null}, "Educational Attainment: No High School Diploma": {"Demographic": null, "2020": 1069, "% OF TOTAL": null, "2024": 1089, "2029": null}, "Educational Attainment: High School Diploma": {"Demographic": null, "2020": 751, "% OF TOTAL": null, "2024": 761, "2029": null}, "Educational Attainment: Some College": {"Demographic": null, "2020": 930, "% OF TOTAL": null, "2024": 939, "2029": null}, "Educational Attainment: Associate's Degree": {"Demographic": null, "2020": 93, "% OF TOTAL": null, "2024": 96, "2029": null}, "Educational Attainment: Bachelors Degree": {"Demographic": null, "2020": 264, "% OF TOTAL": null, "2024": 265, "2029": null}, "Educational Attainment: Advanced Degree": {"Demographic": null, "2020": 142, "% OF TOTAL": null, "2024": 142, "2029": null}, "Households: Number of vehicles available - Average": {"Demographic": null, "2020": 1, "% OF TOTAL": null, "2024": 1, "2029": null}, "Households: No Vehicle available": {"Demographic": null, "2020": 224, "% OF TOTAL": null, "2024": 229, "2029": null}, "Households: 1 Vehicle available": {"Demographic": null, "2020": 1009, "% OF TOTAL": null, "2024": 1025, "2029": null}, "Households: 2 Vehicles available": {"Demographic": null, "2020": 264, "% OF TOTAL": null, "2024": 274, "2029": null}, "Households: 3 Vehicles available": {"Demographic": null, "2020": 17, "% OF TOTAL": null, "2024": 18, "2029": null}, "Households: 4 or more Vehicles available": {"Demographic": null, "2020": 0, "% OF TOTAL": null, "2024": 0, "2029": null}}, "population_trends": {"Total Population": {"Demographic": null, "2020": 3346, "% OF TOTAL": null, "2024": 3374, "2029": 3264}, "Population Growth": {"Demographic": null, "2020": null, "% OF TOTAL": null, "2024": 0.8, "2029": -3.3}, "Female Population": {"Demographic": null, "2020": 1749, "% OF TOTAL": 52.5, "2024": 1768, "2029": 1712}, "Male Population": {"Demographic": null, "2020": 1597, "% OF TOTAL": 47.5, "2024": 1606, "2029": 1552}, "Total population: Median Age": {"Demographic": null, "2020": 30, "% OF TOTAL": null, "2024": 31, "2029": 32}, "Total population: Under 5 years": {"Demographic": null, "2020": 300, "% OF TOTAL": 8.0, "2024": 298, "2029": 261}, "Total population: 5 - 9 years": {"Demographic": null, "2020": 233, "% OF TOTAL": 7.3, "2024": 238, "2029": 239}, "Total population: 10 - 14 years": {"Demographic": null, "2020": 218, "% OF TOTAL": 6.3, "2024": 212, "2029": 205}, "Total population: 15 - 19 years": {"Demographic": null, "2020": 180, "% OF TOTAL": 5.5, "2024": 184, "2029": 178}, "Total population: 20 - 24 years": {"Demographic": null, "2020": 274, "% OF TOTAL": 7.1, "2024": 272, "2029": 231}, "Total population: 25 - 29 years": {"Demographic": null, "2020": 353, "% OF TOTAL": 9.4, "2024": 343, "2029": 306}, "Total population: 30 - 34 years": {"Demographic": null, "2020": 317, "% OF TOTAL": 9.5, "2024": 335, "2029": 309}, "Total population: 35 - 39 years": {"Demographic": null, "2020": 206, "% OF TOTAL": 7.7, "2024": 213, "2029": 250}, "Total population: 40 - 44 years": {"Demographic": null, "2020": 172, "% OF TOTAL": 5.6, "2024": 180, "2029": 184}, "Total population: 45 - 49 years": {"Demographic": null, "2020": 185, "% OF TOTAL": 5.6, "2024": 186, "2029": 184}, "Total population: 50 - 54 years": {"Demographic": null, "2020": 169, "% OF TOTAL": 4.7, "2024": 164, "2029": 153}, "Total population: 55 - 59 years": {"Demographic": null, "2020": 184, "% OF TOTAL": 5.0, "2024": 172, "2029": 164}, "Total population: 60 - 64 years": {"Demographic": null, "2020": 192, "% OF TOTAL": 5.1, "2024": 189, "2029": 166}, "Total population: 65 - 69 years": {"Demographic": null, "2020": 158, "% OF TOTAL": 5.3, "2024": 170, "2029": 172}, "Total population: 70 - 74 years": {"Demographic": null, "2020": 89, "% OF TOTAL": 3.5, "2024": 91, "2029": 113}, "Total population: 75 - 79 years": {"Demographic": null, "2020": 63, "% OF TOTAL": 2.4, "2024": 73, "2029": 79}, "Total population: 80 - 84 years": {"Demographic": null, "2020": 23, "% OF TOTAL": 1.2, "2024": 23, "2029": 39}, "Total population: 85 years and over": {"Demographic": null, "2020": 30, "% OF TOTAL": 0.9, "2024": 31, "2029": 31}, "Female population: Median Age": {"Demographic": null, "2020": 31, "% OF TOTAL": null, "2024": 31, "2029": 33}, "Female population: Under 5 years": {"Demographic": null, "2020": 147, "% OF TOTAL": 7.7, "2024": 149, "2029": 131}, "Female population: 5 - 9 years": {"Demographic": null, "2020": 127, "% OF TOTAL": 7.2, "2024": 126, "2029": 123}, "Female population: 10 - 14 years": {"Demographic": null, "2020": 105, "% OF TOTAL": 6.0, "2024": 105, "2029": 103}, "Female population: 15 - 19 years": {"Demographic": null, "2020": 83, "% OF TOTAL": 5.0, "2024": 85, "2029": 85}, "Female population: 20 - 24 years": {"Demographic": null, "2020": 150, "% OF TOTAL": 7.1, "2024": 145, "2029": 121}, "Female population: 25 - 29 years": {"Demographic": null, "2020": 193, "% OF TOTAL": 9.8, "2024": 185, "2029": 167}, "Female population: 30 - 34 years": {"Demographic": null, "2020": 163, "% OF TOTAL": 9.5, "2024": 174, "2029": 162}, "Female population: 35 - 39 years": {"Demographic": null, "2020": 107, "% OF TOTAL": 7.5, "2024": 111, "2029": 129}, "Female population: 40 - 44 years": {"Demographic": null, "2020": 89, "% OF TOTAL": 5.6, "2024": 95, "2029": 96}, "Female population: 45 - 49 years": {"Demographic": null, "2020": 116, "% OF TOTAL": 6.5, "2024": 118, "2029": 112}, "Female population: 50 - 54 years": {"Demographic": null, "2020": 87, "% OF TOTAL": 5.0, "2024": 85, "2029": 85}, "Female population: 55 - 59 years": {"Demographic": null, "2020": 88, "% OF TOTAL": 4.8, "2024": 84, "2029": 82}, "Female population: 60 - 64 years": {"Demographic": null, "2020": 102, "% OF TOTAL": 5.1, "2024": 103, "2029": 88}, "Female population: 65 - 69 years": {"Demographic": null, "2020": 74, "% OF TOTAL": 4.9, "2024": 80, "2029": 84}, "Female population: 70 - 74 years": {"Demographic": null, "2020": 53, "% OF TOTAL": 3.6, "2024": 54, "2029": 61}, "Female population: 75 - 79 years": {"Demographic": null, "2020": 29, "% OF TOTAL": 2.3, "2024": 33, "2029": 40}, "Female population: 80 - 84 years": {"Demographic": null, "2020": 16, "% OF TOTAL": 1.3, "2024": 16, "2029": 22}, "Female population: 85 years and over": {"Demographic": null, "2020": 20, "% OF TOTAL": 1.2, "2024": 20, "2029": 21}, "Male population: Median Age": {"Demographic": null, "2020": 30, "% OF TOTAL": null, "2024": 30, "2029": 31}, "Male population: Under 5 years": {"Demographic": null, "2020": 153, "% OF TOTAL": 8.4, "2024": 149, "2029": 130}, "Male population: 5 - 9 years": {"Demographic": null, "2020": 106, "% OF TOTAL": 7.5, "2024": 112, "2029": 116}, "Male population: 10 - 14 years": {"Demographic": null, "2020": 113, "% OF TOTAL": 6.6, "2024": 107, "2029": 102}, "Male population: 15 - 19 years": {"Demographic": null, "2020": 97, "% OF TOTAL": 6.0, "2024": 99, "2029": 93}, "Male population: 20 - 24 years": {"Demographic": null, "2020": 124, "% OF TOTAL": 7.1, "2024": 127, "2029": 110}, "Male population: 25 - 29 years": {"Demographic": null, "2020": 160, "% OF TOTAL": 9.0, "2024": 158, "2029": 139}, "Male population: 30 - 34 years": {"Demographic": null, "2020": 154, "% OF TOTAL": 9.5, "2024": 161, "2029": 147}, "Male population: 35 - 39 years": {"Demographic": null, "2020": 99, "% OF TOTAL": 7.8, "2024": 102, "2029": 121}, "Male population: 40 - 44 years": {"Demographic": null, "2020": 83, "% OF TOTAL": 5.7, "2024": 85, "2029": 88}, "Male population: 45 - 49 years": {"Demographic": null, "2020": 69, "% OF TOTAL": 4.6, "2024": 68, "2029": 72}, "Male population: 50 - 54 years": {"Demographic": null, "2020": 82, "% OF TOTAL": 4.4, "2024": 79, "2029": 68}, "Male population: 55 - 59 years": {"Demographic": null, "2020": 96, "% OF TOTAL": 5.3, "2024": 88, "2029": 82}, "Male population: 60 - 64 years": {"Demographic": null, "2020": 90, "% OF TOTAL": 5.0, "2024": 86, "2029": 78}, "Male population: 65 - 69 years": {"Demographic": null, "2020": 84, "% OF TOTAL": 5.7, "2024": 90, "2029": 88}, "Male population: 70 - 74 years": {"Demographic": null, "2020": 36, "% OF TOTAL": 3.4, "2024": 37, "2029": 52}, "Male population: 75 - 79 years": {"Demographic": null, "2020": 34, "% OF TOTAL": 2.5, "2024": 40, "2029": 39}, "Male population: 80 - 84 years": {"Demographic": null, "2020": 7, "% OF TOTAL": 1.1, "2024": 7, "2029": 17}, "Male population: 85 years and over": {"Demographic": null, "2020": 10, "% OF TOTAL": 0.6, "2024": 11, "2029": 10}, "White alone": {"Demographic": null, "2020": 976, "% OF TOTAL": 28.1, "2024": 959, "2029": 917}, "Black alone": {"Demographic": null, "2020": 2059, "% OF TOTAL": 61.8, "2024": 2075, "2029": 2016}, "American Indian and Alaska Native alone": {"Demographic": null, "2020": 10, "% OF TOTAL": 0.3, "2024": 10, "2029": 10}, "Asian alone": {"Demographic": null, "2020": 79, "% OF TOTAL": 2.5, "2024": 83, "2029": 81}, "Native Hawaiian and OPI alone": {"Demographic": null, "2020": 0, "% OF TOTAL": 0.0, "2024": 0, "2029": 0}, "Some other race alone": {"Demographic": null, "2020": 87, "% OF TOTAL": 2.8, "2024": 94, "2029": 93}, "Two or more races alone": {"Demographic": null, "2020": 135, "% OF TOTAL": 4.5, "2024": 153, "2029": 147}, "Not Hispanic: White alone": {"Demographic": null, "2020": 955, "% OF TOTAL": 27.4, "2024": 935, "2029": 893}, "Not Hispanic: Black or African American alone": {"Demographic": null, "2020": 2044, "% OF TOTAL": 61.3, "2024": 2059, "2029": 2001}, "Not Hispanic: American Indian and Alaska Native alone": {"Demographic": null, "2020": 9, "% OF TOTAL": 0.3, "2024": 9, "2029": 9}, "Not Hispanic: Asian alone": {"Demographic": null, "2020": 79, "% OF TOTAL": 2.5, "2024": 83, "2029": 81}, "Not Hispanic: Native Hawaiian and OPI alone": {"Demographic": null, "2020": 0, "% OF TOTAL": 0.0, "2024": 0, "2029": 0}, "Not Hispanic: Some Other Race alone": {"Demographic": null, "2020": 13, "% OF TOTAL": 0.4, "2024": 14, "2029": 14}, "Not Hispanic: Two or More Races": {"Demographic": null, "2020": 96, "% OF TOTAL": 3.1, "2024": 106, "2029": 101}, "Hispanic: White alone": {"Demographic": null, "2020": 21, "% OF TOTAL": 0.7, "2024": 24, "2029": 24}, "Hispanic: Black or African American alone": {"Demographic": null, "2020": 15, "% OF TOTAL": 0.5, "2024": 16, "2029": 15}, "Hispanic: American Indian and Alaska Native alone": {"Demographic": null, "2020": 1, "% OF TOTAL": 0.0, "2024": 1, "2029": 1}, "Hispanic: Asian alone": {"Demographic": null, "2020": 0, "% OF TOTAL": 0.0, "2024": 0, "2029": 0}, "Hispanic: Native Hawaiian and OPI alone": {"Demographic": null, "2020": 0, "% OF TOTAL": 0.0, "2024": 0, "2029": 0}, "Hispanic: Some Other Race alone": {"Demographic": null, "2020": 74, "% OF TOTAL": 2.4, "2024": 80, "2029": 79}, "Hispanic: Two or More Races": {"Demographic": null, "2020": 39, "% OF TOTAL": 1.4, "2024": 47, "2029": 46}, "Educational Attainment: No High School Diploma": {"Demographic": null, "2020": 318, "% OF TOTAL": null, "2024": 328, "2029": null}, "Educational Attainment: High School Diploma": {"Demographic": null, "2020": 751, "% OF TOTAL": null, "2024": 761, "2029": null}, "Educational Attainment: Some College": {"Demographic": null, "2020": 573, "% OF TOTAL": null, "2024": 578, "2029": null}, "Educational Attainment: Associates Degree": {"Demographic": null, "2020": 93, "% OF TOTAL": null, "2024": 96, "2029": null}, "Educational Attainment: Bachelors Degree": {"Demographic": null, "2020": 264, "% OF TOTAL": null, "2024": 265, "2029": null}, "Educational Attainment: Advanced Degree": {"Demographic": null, "2020": 142, "% OF TOTAL": null, "2024": 142, "2029": null}, "Employment Status: Armed Forces": {"Demographic": null, "2020": 0, "% OF TOTAL": null, "2024": 0, "2029": null}, "Employment Status: Civilian labor force employed": {"Demographic": null, "2020": 1490, "% OF TOTAL": null, "2024": 1526, "2029": null}, "Employment Status: Civilian labor force unemployed": {"Demographic": null, "2020": 154, "% OF TOTAL": null, "2024": 150, "2029": null}, "Employment Status: Not in labor force": {"Demographic": null, "2020": 921, "% OF TOTAL": null, "2024": 916, "2029": null}, "Employed in Agriculture and Mining Industries": {"Demographic": null, "2020": 118, "% OF TOTAL": null, "2024": 119, "2029": null}, "Employed in Construction Industries": {"Demographic": null, "2020": 151, "% OF TOTAL": null, "2024": 159, "2029": null}, "Employed in Manufacturing Industries": {"Demographic": null, "2020": 221, "% OF TOTAL": null, "2024": 230, "2029": null}, "Employed in Wholesale Industries": {"Demographic": null, "2020": 0, "% OF TOTAL": null, "2024": 0, "2029": null}, "Employed in Retail Industries": {"Demographic": null, "2020": 39, "% OF TOTAL": null, "2024": 41, "2029": null}, "Employed in Transportation and Utilities Industries": {"Demographic": null, "2020": 7, "% OF TOTAL": null, "2024": 7, "2029": null}, "Employed in Information Industries": {"Demographic": null, "2020": 55, "% OF TOTAL": null, "2024": 51, "2029": null}, "Employed in Real-Estate Industries": {"Demographic": null, "2020": 0, "% OF TOTAL": null, "2024": 0, "2029": null}, "Employed in Professional Industries": {"Demographic": null, "2020": 32, "% OF TOTAL": null, "2024": 33, "2029": null}, "Employed in Health and Education Industries": {"Demographic": null, "2020": 363, "% OF TOTAL": null, "2024": 367, "2029": null}, "Employed in Art Industries": {"Demographic": null, "2020": 374, "% OF TOTAL": null, "2024": 388, "2029": null}, "Employed in Other Industries": {"Demographic": null, "2020": 130, "% OF TOTAL": null, "2024": 131, "2029": null}, "Employed in Public Administration Industries": {"Demographic": null, "2020": 0, "% OF TOTAL": null, "2024": 0, "2029": null}, "Occupation: Management": {"Demographic": null, "2020": 36, "% OF TOTAL": null, "2024": 38, "2029": null}, "Occupation: Business and financial operations": {"Demographic": null, "2020": 51, "% OF TOTAL": null, "2024": 53, "2029": null}, "Occupation: Computer and mathematical": {"Demographic": null, "2020": 32, "% OF TOTAL": null, "2024": 34, "2029": null}, "Occupation: Architecture and engineering": {"Demographic": null, "2020": 34, "% OF TOTAL": null, "2024": 35, "2029": null}, "Occupation: Life, physical, and social science": {"Demographic": null, "2020": 0, "% OF TOTAL": null, "2024": 0, "2029": null}, "Occupation: Community and social service": {"Demographic": null, "2020": 0, "% OF TOTAL": null, "2024": 0, "2029": null}, "Occupation: Legal": {"Demographic": null, "2020": 25, "% OF TOTAL": null, "2024": 26, "2029": null}, "Occupation: Education, training, and library": {"Demographic": null, "2020": 24, "% OF TOTAL": null, "2024": 25, "2029": null}, "Occupation: Arts, design, entertainment, sports, and media": {"Demographic": null, "2020": 21, "% OF TOTAL": null, "2024": 19, "2029": null}, "Occupation: Health diagnosing and treating practitioners": {"Demographic": null, "2020": 76, "% OF TOTAL": null, "2024": 73, "2029": null}, "Occupation: Health technologists and technicians": {"Demographic": null, "2020": 89, "% OF TOTAL": null, "2024": 88, "2029": null}, "Occupation: Healthcare support": {"Demographic": null, "2020": 101, "% OF TOTAL": null, "2024": 106, "2029": null}, "Occupation: Fire fighting and prevention": {"Demographic": null, "2020": 34, "% OF TOTAL": null, "2024": 36, "2029": null}, "Occupation: Law enforcement workers": {"Demographic": null, "2020": 0, "% OF TOTAL": null, "2024": 0, "2029": null}, "Occupation: Food preparation and serving related": {"Demographic": null, "2020": 133, "% OF TOTAL": null, "2024": 139, "2029": null}, "Occupation: Building and grounds cleaning and maintenance": {"Demographic": null, "2020": 135, "% OF TOTAL": null, "2024": 137, "2029": null}, "Occupation: Personal care and service": {"Demographic": null, "2020": 8, "% OF TOTAL": null, "2024": 8, "2029": null}, "Occupation: Sales and related": {"Demographic": null, "2020": 148, "% OF TOTAL": null, "2024": 145, "2029": null}, "Occupation: Office and administrative support": {"Demographic": null, "2020": 95, "% OF TOTAL": null, "2024": 100, "2029": null}, "Occupation: Farming, fishing, and forestry": {"Demographic": null, "2020": 0, "% OF TOTAL": null, "2024": 0, "2029": null}, "Occupation: Construction and extraction": {"Demographic": null, "2020": 310, "% OF TOTAL": null, "2024": 319, "2029": null}, "Occupation: Installation, maintenance, and repair": {"Demographic": null, "2020": 0, "% OF TOTAL": null, "2024": 0, "2029": null}, "Occupation: Production": {"Demographic": null, "2020": 120, "% OF TOTAL": null, "2024": 126, "2029": null}, "Occupation: Transportation": {"Demographic": null, "2020": 11, "% OF TOTAL": null, "2024": 12, "2029": null}, "Occupation: Material moving": {"Demographic": null, "2020": 7, "% OF TOTAL": null, "2024": 7, "2029": null}, "White collar": {"Demographic": null, "2020": 631, "% OF TOTAL": null, "2024": 636, "2029": null}, "Blue collar": {"Demographic": null, "2020": 859, "% OF TOTAL": null, "2024": 890, "2029": null}, "Means of transportation: Car, truck or van": {"Demographic": null, "2020": 1483, "% OF TOTAL": null, "2024": 1518, "2029": null}, "Means of transportation: Public transportation": {"Demographic": null, "2020": 0, "% OF TOTAL": null, "2024": 0, "2029": null}, "Means of transportation: Other": {"Demographic": null, "2020": 0, "% OF TOTAL": null, "2024": 0, "2029": null}, "Travel time: Average (in minutes)": {"Demographic": null, "2020": 21, "% OF TOTAL": null, "2024": 21, "2029": null}, "Travel time to work: Less than 30 minutes": {"Demographic": null, "2020": 1261, "% OF TOTAL": null, "2024": 1291, "2029": null}, "Travel time to work: 30 to 60 minutes": {"Demographic": null, "2020": 222, "% OF TOTAL": null, "2024": 227, "2029": null}, "Travel time to work: 60 or more minutes": {"Demographic": null, "2020": 0, "% OF TOTAL": null, "2024": 0, "2029": null}}, "household_trends": {"Households": {"Demographic": null, "2020": 1514, "% OF TOTAL": null, "2024": 1546, "2029": 1522}, "Households Growth": {"Demographic": null, "2020": null, "% OF TOTAL": null, "2024": 2.1, "2029": -1.6}, "Householder Age 15-24": {"Demographic": null, "2020": 84, "% OF TOTAL": 5.5, "2024": 86, "2029": 83}, "Householder Age 25-34": {"Demographic": null, "2020": 428, "% OF TOTAL": 26.3, "2024": 439, "2029": 400}, "Householder Age 35-44": {"Demographic": null, "2020": 271, "% OF TOTAL": 20.1, "2024": 277, "2029": 306}, "Householder Age 45-54": {"Demographic": null, "2020": 202, "% OF TOTAL": 12.9, "2024": 206, "2029": 197}, "Householder Age 55-64": {"Demographic": null, "2020": 261, "% OF TOTAL": 15.7, "2024": 266, "2029": 239}, "Householder Age 65-74": {"Demographic": null, "2020": 172, "% OF TOTAL": 12.5, "2024": 174, "2029": 190}, "Householder Age 75+": {"Demographic": null, "2020": 96, "% OF TOTAL": 7.0, "2024": 98, "2029": 107}, "Average Household Size": {"Demographic": null, "2020": 2.2, "% OF TOTAL": null, "2024": 2.2, "2029": 2.1}, "1 Person Households": {"Demographic": null, "2020": 638, "% OF TOTAL": 42.9, "2024": 656, "2029": 653}, "2 Person Households": {"Demographic": null, "2020": 408, "% OF TOTAL": 28.3, "2024": 426, "2029": 431}, "3 Person Households": {"Demographic": null, "2020": 208, "% OF TOTAL": 14.1, "2024": 215, "2029": 215}, "4 Person Households": {"Demographic": null, "2020": 131, "% OF TOTAL": 7.4, "2024": 126, "2029": 112}, "5 Person Households": {"Demographic": null, "2020": 60, "% OF TOTAL": 3.1, "2024": 55, "2029": 47}, "6 Person Households": {"Demographic": null, "2020": 47, "% OF TOTAL": 2.8, "2024": 46, "2029": 43}, "7+ Person Households": {"Demographic": null, "2020": 22, "% OF TOTAL": 1.4, "2024": 22, "2029": 21}, "Household Type: Family": {"Demographic": null, "2020": 778, "% OF TOTAL": null, "2024": 796, "2029": null}, "Household Type: Married Family": {"Demographic": null, "2020": 347, "% OF TOTAL": null, "2024": 357, "2029": null}, "Household Type: Married Family With Children": {"Demographic": null, "2020": 128, "% OF TOTAL": null, "2024": 132, "2029": null}, "Household Type: Married Family Without Children": {"Demographic": null, "2020": 219, "% OF TOTAL": null, "2024": 225, "2029": null}, "Household Type: Other Family": {"Demographic": null, "2020": 431, "% OF TOTAL": null, "2024": 439, "2029": null}, "Household Type: Male Households, No Wife": {"Demographic": null, "2020": 84, "% OF TOTAL": null, "2024": 85, "2029": null}, "Household Type: Male Households, No Wife With Children": {"Demographic": null, "2020": 34, "% OF TOTAL": null, "2024": 35, "2029": null}, "Household Type: Male Households, No Wife Without Children": {"Demographic": null, "2020": 50, "% OF TOTAL": null, "2024": 50, "2029": null}, "Household Type: Female Households, No Husband": {"Demographic": null, "2020": 347, "% OF TOTAL": null, "2024": 354, "2029": null}, "Household Type: Female Households, No Husband With Children": {"Demographic": null, "2020": 203, "% OF TOTAL": null, "2024": 208, "2029": null}, "Household Type: Female Households, No Husband Without Children": {"Demographic": null, "2020": 144, "% OF TOTAL": null, "2024": 146, "2029": null}, "Household Income: Average": {"Demographic": null, "2020": 63166, "% OF TOTAL": null, "2024": 71003, "2029": 87062}, "Household Income: Median": {"Demographic": null, "2020": 0, "% OF TOTAL": null, "2024": 40658, "2029": 52241}, "Household Income: Less than $25k": {"Demographic": null, "2020": 404, "% OF TOTAL": 15.6, "2024": 359, "2029": 237}, "Household Income: $25k - $50k": {"Demographic": null, "2020": 524, "% OF TOTAL": 26.7, "2024": 465, "2029": 407}, "Household Income: $50k - $75k": {"Demographic": null, "2020": 208, "% OF TOTAL": 16.0, "2024": 258, "2029": 243}, "Household Income: $75k - $100k": {"Demographic": null, "2020": 149, "% OF TOTAL": 14.6, "2024": 173, "2029": 222}, "Household Income: $100k - $125k": {"Demographic": null, "2020": 0, "% OF TOTAL": 0.0, "2024": 0, "2029": 0}, "Household Income: $125k - $150k": {"Demographic": null, "2020": 51, "% OF TOTAL": 4.9, "2024": 72, "2029": 74}, "Household Income: $150k - $200k": {"Demographic": null, "2020": 158, "% OF TOTAL": 17.3, "2024": 186, "2029": 263}, "Household Income: Above $200k": {"Demographic": null, "2020": 20, "% OF TOTAL": 5.0, "2024": 33, "2029": 76}, "Total Housing Units": {"Demographic": null, "2020": 1640, "% OF TOTAL": null, "2024": null, "2029": null}, "Owner Occupied Housing Units": {"Demographic": null, "2020": 425, "% OF TOTAL": null, "2024": 432, "2029": null}, "Renter Occupied Housing Units": {"Demographic": null, "2020": 1089, "% OF TOTAL": null, "2024": 1114, "2029": null}, "Vacant Housing Units": {"Demographic": null, "2020": 126, "% OF TOTAL": null, "2024": null, "2029": null}, "Vacant Housing Units: Seasonal": {"Demographic": null, "2020": 4, "% OF TOTAL": null, "2024": null, "2029": null}, "Vacant Housing Units: Other Usage": {"Demographic": null, "2020": 122, "% OF TOTAL": null, "2024": null, "2029": null}, "Average Housing Unit Value": {"Demographic": null, "2020": 116733, "% OF TOTAL": null, "2024": 116717, "2029": null}, "Median Housing Unit Value": {"Demographic": null, "2020": 128590, "% OF TOTAL": null, "2024": 128535, "2029": null}, "Housing Unit Value Less Than $100k": {"Demographic": null, "2020": 128, "% OF TOTAL": null, "2024": 129, "2029": null}, "Housing Unit Value $100k-$200k": {"Demographic": null, "2020": 297, "% OF TOTAL": null, "2024": 303, "2029": null}, "Housing Unit Value $200k-$250k": {"Demographic": null, "2020": 0, "% OF TOTAL": null, "2024": 0, "2029": null}, "Housing Unit Value $250k-$300k": {"Demographic": null, "2020": 0, "% OF TOTAL": null, "2024": 0, "2029": null}, "Housing Unit Value $300k-$400k": {"Demographic": null, "2020": 0, "% OF TOTAL": null, "2024": 0, "2029": null}, "Housing Unit Value $400k-$500k": {"Demographic": null, "2020": 0, "% OF TOTAL": null, "2024": 0, "2029": null}, "Housing Unit Value $500k-$750k": {"Demographic": null, "2020": 0, "% OF TOTAL": null, "2024": 0, "2029": null}, "Housing Unit Value $750k-$1m": {"Demographic": null, "2020": 0, "% OF TOTAL": null, "2024": 0, "2029": null}, "Housing Unit Value $1m-$1.5m": {"Demographic": null, "2020": 0, "% OF TOTAL": null, "2024": 0, "2029": null}, "Housing Unit Value $1.5m-$2m": {"Demographic": null, "2020": 0, "% OF TOTAL": null, "2024": 0, "2029": null}, "Housing Unit Value Above $2m": {"Demographic": null, "2020": 0, "% OF TOTAL": null, "2024": 0, "2029": null}, "Median Housing Unit Year Built": {"Demographic": null, "2020": 1971, "% OF TOTAL": null, "2024": 1971, "2029": null}, "Housing Units Built 2014 Or After": {"Demographic": null, "2020": 0, "% OF TOTAL": null, "2024": 0, "2029": null}, "Housing Units Built 2010-2013": {"Demographic": null, "2020": 87, "% OF TOTAL": null, "2024": 92, "2029": null}, "Housing Units Built 2000-2009": {"Demographic": null, "2020": 34, "% OF TOTAL": null, "2024": 36, "2029": null}, "Housing Units Built 1990-1999": {"Demographic": null, "2020": 0, "% OF TOTAL": null, "2024": 0, "2029": null}, "Housing Units Built 1980-1989": {"Demographic": null, "2020": 212, "% OF TOTAL": null, "2024": 221, "2029": null}, "Housing Units Built 1970-1979": {"Demographic": null, "2020": 582, "% OF TOTAL": null, "2024": 596, "2029": null}, "Housing Units Built 1960-1969": {"Demographic": null, "2020": 282, "% OF TOTAL": null, "2024": 277, "2029": null}, "Housing Units Built 1950-1959": {"Demographic": null, "2020": 214, "% OF TOTAL": null, "2024": 218, "2029": null}, "Housing Units Built 1940-1949": {"Demographic": null, "2020": 92, "% OF TOTAL": null, "2024": 94, "2029": null}, "Housing Units Built Before 1940": {"Demographic": null, "2020": 11, "% OF TOTAL": null, "2024": 12, "2029": null}}, "consumer_segments": {"Renters": {"households": 402, "pct": 26.2}, "Renters Near Term Buyers": {"households": 261, "pct": 17.0}, "Entry Level Suburban": {"households": 238, "pct": 15.5}, "Active Adult Feature and Location": {"households": 163, "pct": 10.6}, "Active Adult Entry Level": {"households": 104, "pct": 6.8}, "Entry Level Urban": {"households": 99, "pct": 6.5}, "Elite": {"households": 95, "pct": 6.2}, "Feature and Location": {"households": 82, "pct": 5.4}, "Active Adult Elite": {"households": 35, "pct": 2.3}, "Family Life Young Children": {"households": 19, "pct": 1.2}, "Family Life School Age Children": {"households": 14, "pct": 0.9}, "Simple Life Affluent No Children": {"households": 8, "pct": 0.5}, "Simple Life Moderate Income With Children": {"households": 6, "pct": 0.4}, "Simple Life Moderate Income No Children": {"households": 6, "pct": 0.4}}, "income_age": {"2020": {}, "2024": {}, "2029": {}}, "population_2024": 3374, "population_2029": 3264, "households_2024": 1546, "households_2029": 1522, "median_household_income_2024": 40658, "median_household_income_2029": 52241, "mean_household_income_2024": null, "mean_household_income_2029": null, "median_age_2024": 31, "median_age_2029": 32, "median_home_value_2024": 128535, "average_household_size_2024": 2.2, "average_household_size_2029": 2.1, "population_growth_2024_2029": 0.8, "households_growth_2024_2029": 2.1}, "geometry": {"type": "Polygon", "coordinates": [[[-88.124167, 30.689366], [-88.12052, 30.689397], [-88.120185, 30.660359], [-88.12615, 30.660307], [-88.124167, 30.689366]]]}}, {"type": "Feature", "properties": {"block": "077", "block_num": 77, "CentroidLon": -88.12316215506242, "CentroidLat": 30.659169166835657, "submarket": "North Mobile", "data_status": "no data", "is_anomalous": false, "anomaly_reason": null, "files_present": ""}, "geometry": {"type": "Polygon", "coordinates": [[[-88.126302, 30.658077], [-88.12615, 30.660307], [-88.120185, 30.660359], [-88.120157, 30.657957], [-88.126302, 30.658077]]]}}, {"type": "Feature", "properties": {"block": "078", "block_num": 78, "CentroidLon": -88.10245419132347, "CentroidLat": 30.659059643643317, "submarket": "North Mobile", "data_status": "usable", "is_anomalous": false, "anomaly_reason": null, "files_present": "DemographicSnapshot-26.08.06.csv;PopulationTrends-26.08.06.csv;HouseholdTrends-26.08.06.csv;HouseholdIncomeByAge-26.08.06.csv;ConsumerSegmentation-26.08.06.csv", "demographic_snapshot": {"Total Population": {"Demographic": null, "2020": 817, "% OF TOTAL": null, "2024": 762, "2029": 721}, "Households": {"Demographic": null, "2020": 292, "% OF TOTAL": null, "2024": 274, "2029": 262}, "Population in Group Quarters": {"Demographic": null, "2020": 41, "% OF TOTAL": null, "2024": 42, "2029": 43}, "Households Growth": {"Demographic": null, "2020": null, "% OF TOTAL": null, "2024": -6.2, "2029": -4.4}, "Household Income: Median": {"Demographic": null, "2020": 0, "% OF TOTAL": null, "2024": 47222, "2029": 48654}, "Home Value: Median": {"Demographic": null, "2020": 57546, "% OF TOTAL": null, "2024": 57404, "2029": null}, "Population Growth": {"Demographic": null, "2020": null, "% OF TOTAL": null, "2024": -6.7, "2029": -5.4}, "Total Population: Under 19 years": {"Demographic": null, "2020": 242, "% OF TOTAL": 27.3, "2024": 220, "2029": 197}, "Total Population: 20 - 64 years": {"Demographic": null, "2020": 470, "% OF TOTAL": 56.7, "2024": 436, "2029": 409}, "Total Population: 65 years and over": {"Demographic": null, "2020": 105, "% OF TOTAL": 16.0, "2024": 106, "2029": 115}, "Total population: Median age": {"Demographic": null, "2020": 35, "% OF TOTAL": null, "2024": 36, "2029": 38}, "Total population: Under 5 years": {"Demographic": null, "2020": 50, "% OF TOTAL": 5.5, "2024": 45, "2029": 40}, "Total population: 5 - 9 years": {"Demographic": null, "2020": 75, "% OF TOTAL": 7.9, "2024": 69, "2029": 57}, "Total population: 10 - 14 years": {"Demographic": null, "2020": 60, "% OF TOTAL": 7.2, "2024": 52, "2029": 52}, "Total population: 15 - 19 years": {"Demographic": null, "2020": 57, "% OF TOTAL": 6.7, "2024": 54, "2029": 48}, "Total population: 20 - 24 years": {"Demographic": null, "2020": 46, "% OF TOTAL": 5.8, "2024": 43, "2029": 42}, "Total population: 25 - 29 years": {"Demographic": null, "2020": 44, "% OF TOTAL": 5.1, "2024": 39, "2029": 37}, "Total population: 30 - 34 years": {"Demographic": null, "2020": 70, "% OF TOTAL": 7.2, "2024": 68, "2029": 52}, "Total population: 35 - 39 years": {"Demographic": null, "2020": 45, "% OF TOTAL": 7.5, "2024": 46, "2029": 54}, "Total population: 40 - 44 years": {"Demographic": null, "2020": 53, "% OF TOTAL": 6.8, "2024": 51, "2029": 49}, "Total population: 45 - 49 years": {"Demographic": null, "2020": 39, "% OF TOTAL": 5.5, "2024": 37, "2029": 40}, "Total population: 50 - 54 years": {"Demographic": null, "2020": 56, "% OF TOTAL": 5.7, "2024": 50, "2029": 41}, "Total population: 55 - 59 years": {"Demographic": null, "2020": 67, "% OF TOTAL": 7.2, "2024": 57, "2029": 52}, "Total population: 60 - 64 years": {"Demographic": null, "2020": 50, "% OF TOTAL": 5.8, "2024": 45, "2029": 42}, "Total population: 65 - 69 years": {"Demographic": null, "2020": 39, "% OF TOTAL": 5.4, "2024": 39, "2029": 39}, "Total population: 70 - 74 years": {"Demographic": null, "2020": 27, "% OF TOTAL": 4.0, "2024": 27, "2029": 29}, "Total population: 75 - 79 years": {"Demographic": null, "2020": 22, "% OF TOTAL": 3.5, "2024": 23, "2029": 25}, "Total population: 80 - 84 years": {"Demographic": null, "2020": 8, "% OF TOTAL": 1.8, "2024": 8, "2029": 13}, "Total population: 85 years and over": {"Demographic": null, "2020": 9, "% OF TOTAL": 1.2, "2024": 9, "2029": 9}, "Householders Age 15-24": {"Demographic": null, "2020": 7, "% OF TOTAL": 2.7, "2024": 7, "2029": 7}, "Householders Age 25-34": {"Demographic": null, "2020": 52, "% OF TOTAL": 15.3, "2024": 49, "2029": 40}, "Householders Age 35-44": {"Demographic": null, "2020": 53, "% OF TOTAL": 19.8, "2024": 50, "2029": 52}, "Householders Age 45-54": {"Demographic": null, "2020": 37, "% OF TOTAL": 12.2, "2024": 35, "2029": 32}, "Householders Age 55-64": {"Demographic": null, "2020": 64, "% OF TOTAL": 20.2, "2024": 59, "2029": 53}, "Householders Age 65-74": {"Demographic": null, "2020": 49, "% OF TOTAL": 17.2, "2024": 45, "2029": 45}, "Householders Age 75+": {"Demographic": null, "2020": 30, "% OF TOTAL": 12.6, "2024": 29, "2029": 33}, "Household income: Average": {"Demographic": null, "2020": 42543, "% OF TOTAL": null, "2024": 45493, "2029": 48283}, "Household income: Less than 25k": {"Demographic": null, "2020": 93, "% OF TOTAL": 25.2, "2024": 83, "2029": 66}, "Household income: 25k - 50k": {"Demographic": null, "2020": 77, "% OF TOTAL": 27.5, "2024": 69, "2029": 72}, "Household income: 50k - 75k": {"Demographic": null, "2020": 88, "% OF TOTAL": 30.5, "2024": 83, "2029": 80}, "Household income: 75k - 100k": {"Demographic": null, "2020": 22, "% OF TOTAL": 10.3, "2024": 27, "2029": 27}, "Household income: 100k - 125k": {"Demographic": null, "2020": 12, "% OF TOTAL": 6.5, "2024": 12, "2029": 17}, "Household income: 125k - 150k": {"Demographic": null, "2020": 0, "% OF TOTAL": 0.0, "2024": 0, "2029": 0}, "Household income: 150k - 200k": {"Demographic": null, "2020": 0, "% OF TOTAL": 0.0, "2024": 0, "2029": 0}, "Household income: Above 200k": {"Demographic": null, "2020": 0, "% OF TOTAL": 0.0, "2024": 0, "2029": 0}, "White Alone": {"Demographic": null, "2020": 142, "% OF TOTAL": 16.9, "2024": 130, "2029": 122}, "Black or African American Alone": {"Demographic": null, "2020": 635, "% OF TOTAL": 77.8, "2024": 592, "2029": 561}, "American Indian and Alaska Native Alone": {"Demographic": null, "2020": 4, "% OF TOTAL": 0.7, "2024": 5, "2029": 5}, "Asian Alone": {"Demographic": null, "2020": 5, "% OF TOTAL": 0.7, "2024": 5, "2029": 5}, "Native Hawaiian and OPI Alone": {"Demographic": null, "2020": 3, "% OF TOTAL": 0.4, "2024": 3, "2029": 3}, "Some Other Race Alone": {"Demographic": null, "2020": 13, "% OF TOTAL": 1.5, "2024": 12, "2029": 11}, "Two or More Races Alone": {"Demographic": null, "2020": 15, "% OF TOTAL": 1.9, "2024": 15, "2029": 14}, "Not Hispanic or Latino": {"Demographic": null, "2020": 790, "% OF TOTAL": 96.4, "2024": 735, "2029": 695}, "Hispanic or Latino": {"Demographic": null, "2020": 27, "% OF TOTAL": 3.6, "2024": 27, "2029": 26}, "Total Housing Units": {"Demographic": null, "2020": 327, "% OF TOTAL": null, "2024": null, "2029": null}, "Owner Occupied Housing Units": {"Demographic": null, "2020": 157, "% OF TOTAL": null, "2024": 147, "2029": null}, "Renter Occupied Housing Units": {"Demographic": null, "2020": 135, "% OF TOTAL": null, "2024": 127, "2029": null}, "Housing Units Value Less Than 100k": {"Demographic": null, "2020": 147, "% OF TOTAL": null, "2024": 138, "2029": null}, "Housing Units Value 100k - 200k": {"Demographic": null, "2020": 10, "% OF TOTAL": null, "2024": 9, "2029": null}, "Housing Units Value 200k - 250k": {"Demographic": null, "2020": 0, "% OF TOTAL": null, "2024": 0, "2029": null}, "Housing Units Value 250k - 300k": {"Demographic": null, "2020": 0, "% OF TOTAL": null, "2024": 0, "2029": null}, "Housing Units Value 300k - 400k": {"Demographic": null, "2020": 0, "% OF TOTAL": null, "2024": 0, "2029": null}, "Housing Units Value 400k - 500k": {"Demographic": null, "2020": 0, "% OF TOTAL": null, "2024": 0, "2029": null}, "Housing Units Value 500k - 750k": {"Demographic": null, "2020": 0, "% OF TOTAL": null, "2024": 0, "2029": null}, "Housing Units Value 750k - 1m": {"Demographic": null, "2020": 0, "% OF TOTAL": null, "2024": 0, "2029": null}, "Housing Units Value 1m - 1.5m": {"Demographic": null, "2020": 0, "% OF TOTAL": null, "2024": 0, "2029": null}, "Housing Units Value 1.5m - 2m": {"Demographic": null, "2020": 0, "% OF TOTAL": null, "2024": 0, "2029": null}, "Housing Units Value >2m": {"Demographic": null, "2020": 0, "% OF TOTAL": null, "2024": 0, "2029": null}, "Take Car or Truck to Work": {"Demographic": null, "2020": 385, "% OF TOTAL": null, "2024": 365, "2029": null}, "Take Public Transportation to Work": {"Demographic": null, "2020": 0, "% OF TOTAL": null, "2024": 0, "2029": null}, "Take Other Means of Transportation to Work": {"Demographic": null, "2020": 0, "% OF TOTAL": null, "2024": 0, "2029": null}, "Average Travel Time (min)": {"Demographic": null, "2020": 25, "% OF TOTAL": null, "2024": 25, "2029": null}, "Travel Below 30 Min to Work": {"Demographic": null, "2020": 219, "% OF TOTAL": null, "2024": 208, "2029": null}, "Travel 30-60 Min to Work": {"Demographic": null, "2020": 166, "% OF TOTAL": null, "2024": 157, "2029": null}, "Travel Above 60 Min to Work": {"Demographic": null, "2020": 25, "% OF TOTAL": null, "2024": 0, "2029": null}, "Educational Attainment: No High School Diploma": {"Demographic": null, "2020": 304, "% OF TOTAL": null, "2024": 287, "2029": null}, "Educational Attainment: High School Diploma": {"Demographic": null, "2020": 253, "% OF TOTAL": null, "2024": 239, "2029": null}, "Educational Attainment: Some College": {"Demographic": null, "2020": 200, "% OF TOTAL": null, "2024": 188, "2029": null}, "Educational Attainment: Associate's Degree": {"Demographic": null, "2020": 63, "% OF TOTAL": null, "2024": 59, "2029": null}, "Educational Attainment: Bachelors Degree": {"Demographic": null, "2020": 36, "% OF TOTAL": null, "2024": 34, "2029": null}, "Educational Attainment: Advanced Degree": {"Demographic": null, "2020": 25, "% OF TOTAL": null, "2024": 24, "2029": null}, "Households: Number of vehicles available - Average": {"Demographic": null, "2020": 1, "% OF TOTAL": null, "2024": 1, "2029": null}, "Households: No Vehicle available": {"Demographic": null, "2020": 9, "% OF TOTAL": null, "2024": 8, "2029": null}, "Households: 1 Vehicle available": {"Demographic": null, "2020": 149, "% OF TOTAL": null, "2024": 140, "2029": null}, "Households: 2 Vehicles available": {"Demographic": null, "2020": 103, "% OF TOTAL": null, "2024": 97, "2029": null}, "Households: 3 Vehicles available": {"Demographic": null, "2020": 31, "% OF TOTAL": null, "2024": 29, "2029": null}, "Households: 4 or more Vehicles available": {"Demographic": null, "2020": 0, "% OF TOTAL": null, "2024": 0, "2029": null}}, "population_trends": {"Total Population": {"Demographic": null, "2020": 817, "% OF TOTAL": null, "2024": 762, "2029": 721}, "Population Growth": {"Demographic": null, "2020": null, "% OF TOTAL": null, "2024": -6.7, "2029": -5.4}, "Female Population": {"Demographic": null, "2020": 441, "% OF TOTAL": 54.1, "2024": 412, "2029": 390}, "Male Population": {"Demographic": null, "2020": 376, "% OF TOTAL": 45.9, "2024": 350, "2029": 331}, "Total population: Median Age": {"Demographic": null, "2020": 35, "% OF TOTAL": null, "2024": 36, "2029": 38}, "Total population: Under 5 years": {"Demographic": null, "2020": 50, "% OF TOTAL": 5.5, "2024": 45, "2029": 40}, "Total population: 5 - 9 years": {"Demographic": null, "2020": 75, "% OF TOTAL": 7.9, "2024": 69, "2029": 57}, "Total population: 10 - 14 years": {"Demographic": null, "2020": 60, "% OF TOTAL": 7.2, "2024": 52, "2029": 52}, "Total population: 15 - 19 years": {"Demographic": null, "2020": 57, "% OF TOTAL": 6.7, "2024": 54, "2029": 48}, "Total population: 20 - 24 years": {"Demographic": null, "2020": 46, "% OF TOTAL": 5.8, "2024": 43, "2029": 42}, "Total population: 25 - 29 years": {"Demographic": null, "2020": 44, "% OF TOTAL": 5.1, "2024": 39, "2029": 37}, "Total population: 30 - 34 years": {"Demographic": null, "2020": 70, "% OF TOTAL": 7.2, "2024": 68, "2029": 52}, "Total population: 35 - 39 years": {"Demographic": null, "2020": 45, "% OF TOTAL": 7.5, "2024": 46, "2029": 54}, "Total population: 40 - 44 years": {"Demographic": null, "2020": 53, "% OF TOTAL": 6.8, "2024": 51, "2029": 49}, "Total population: 45 - 49 years": {"Demographic": null, "2020": 39, "% OF TOTAL": 5.5, "2024": 37, "2029": 40}, "Total population: 50 - 54 years": {"Demographic": null, "2020": 56, "% OF TOTAL": 5.7, "2024": 50, "2029": 41}, "Total population: 55 - 59 years": {"Demographic": null, "2020": 67, "% OF TOTAL": 7.2, "2024": 57, "2029": 52}, "Total population: 60 - 64 years": {"Demographic": null, "2020": 50, "% OF TOTAL": 5.8, "2024": 45, "2029": 42}, "Total population: 65 - 69 years": {"Demographic": null, "2020": 39, "% OF TOTAL": 5.4, "2024": 39, "2029": 39}, "Total population: 70 - 74 years": {"Demographic": null, "2020": 27, "% OF TOTAL": 4.0, "2024": 27, "2029": 29}, "Total population: 75 - 79 years": {"Demographic": null, "2020": 22, "% OF TOTAL": 3.5, "2024": 23, "2029": 25}, "Total population: 80 - 84 years": {"Demographic": null, "2020": 8, "% OF TOTAL": 1.8, "2024": 8, "2029": 13}, "Total population: 85 years and over": {"Demographic": null, "2020": 9, "% OF TOTAL": 1.2, "2024": 9, "2029": 9}, "Female population: Median Age": {"Demographic": null, "2020": 37, "% OF TOTAL": null, "2024": 38, "2029": 39}, "Female population: Under 5 years": {"Demographic": null, "2020": 22, "% OF TOTAL": 4.6, "2024": 20, "2029": 18}, "Female population: 5 - 9 years": {"Demographic": null, "2020": 41, "% OF TOTAL": 7.4, "2024": 37, "2029": 29}, "Female population: 10 - 14 years": {"Demographic": null, "2020": 41, "% OF TOTAL": 8.5, "2024": 36, "2029": 33}, "Female population: 15 - 19 years": {"Demographic": null, "2020": 19, "% OF TOTAL": 5.1, "2024": 18, "2029": 20}, "Female population: 20 - 24 years": {"Demographic": null, "2020": 26, "% OF TOTAL": 5.1, "2024": 23, "2029": 20}, "Female population: 25 - 29 years": {"Demographic": null, "2020": 24, "% OF TOTAL": 5.4, "2024": 22, "2029": 21}, "Female population: 30 - 34 years": {"Demographic": null, "2020": 34, "% OF TOTAL": 6.4, "2024": 32, "2029": 25}, "Female population: 35 - 39 years": {"Demographic": null, "2020": 29, "% OF TOTAL": 7.9, "2024": 30, "2029": 31}, "Female population: 40 - 44 years": {"Demographic": null, "2020": 28, "% OF TOTAL": 7.2, "2024": 27, "2029": 28}, "Female population: 45 - 49 years": {"Demographic": null, "2020": 21, "% OF TOTAL": 5.6, "2024": 21, "2029": 22}, "Female population: 50 - 54 years": {"Demographic": null, "2020": 31, "% OF TOTAL": 6.2, "2024": 28, "2029": 24}, "Female population: 55 - 59 years": {"Demographic": null, "2020": 28, "% OF TOTAL": 6.2, "2024": 24, "2029": 24}, "Female population: 60 - 64 years": {"Demographic": null, "2020": 34, "% OF TOTAL": 6.4, "2024": 31, "2029": 25}, "Female population: 65 - 69 years": {"Demographic": null, "2020": 23, "% OF TOTAL": 6.4, "2024": 24, "2029": 25}, "Female population: 70 - 74 years": {"Demographic": null, "2020": 12, "% OF TOTAL": 3.6, "2024": 11, "2029": 14}, "Female population: 75 - 79 years": {"Demographic": null, "2020": 16, "% OF TOTAL": 3.8, "2024": 16, "2029": 15}, "Female population: 80 - 84 years": {"Demographic": null, "2020": 7, "% OF TOTAL": 2.6, "2024": 7, "2029": 10}, "Female population: 85 years and over": {"Demographic": null, "2020": 5, "% OF TOTAL": 1.5, "2024": 5, "2029": 6}, "Male population: Median Age": {"Demographic": null, "2020": 34, "% OF TOTAL": null, "2024": 34, "2029": 35}, "Male population: Under 5 years": {"Demographic": null, "2020": 28, "% OF TOTAL": 6.6, "2024": 25, "2029": 22}, "Male population: 5 - 9 years": {"Demographic": null, "2020": 34, "% OF TOTAL": 8.5, "2024": 32, "2029": 28}, "Male population: 10 - 14 years": {"Demographic": null, "2020": 19, "% OF TOTAL": 5.7, "2024": 16, "2029": 19}, "Male population: 15 - 19 years": {"Demographic": null, "2020": 38, "% OF TOTAL": 8.5, "2024": 36, "2029": 28}, "Male population: 20 - 24 years": {"Demographic": null, "2020": 20, "% OF TOTAL": 6.6, "2024": 20, "2029": 22}, "Male population: 25 - 29 years": {"Demographic": null, "2020": 20, "% OF TOTAL": 4.8, "2024": 17, "2029": 16}, "Male population: 30 - 34 years": {"Demographic": null, "2020": 36, "% OF TOTAL": 8.2, "2024": 36, "2029": 27}, "Male population: 35 - 39 years": {"Demographic": null, "2020": 16, "% OF TOTAL": 6.9, "2024": 16, "2029": 23}, "Male population: 40 - 44 years": {"Demographic": null, "2020": 25, "% OF TOTAL": 6.3, "2024": 24, "2029": 21}, "Male population: 45 - 49 years": {"Demographic": null, "2020": 18, "% OF TOTAL": 5.4, "2024": 16, "2029": 18}, "Male population: 50 - 54 years": {"Demographic": null, "2020": 25, "% OF TOTAL": 5.1, "2024": 22, "2029": 17}, "Male population: 55 - 59 years": {"Demographic": null, "2020": 39, "% OF TOTAL": 8.5, "2024": 33, "2029": 28}, "Male population: 60 - 64 years": {"Demographic": null, "2020": 16, "% OF TOTAL": 5.1, "2024": 14, "2029": 17}, "Male population: 65 - 69 years": {"Demographic": null, "2020": 16, "% OF TOTAL": 4.2, "2024": 15, "2029": 14}, "Male population: 70 - 74 years": {"Demographic": null, "2020": 15, "% OF TOTAL": 4.5, "2024": 16, "2029": 15}, "Male population: 75 - 79 years": {"Demographic": null, "2020": 6, "% OF TOTAL": 3.0, "2024": 7, "2029": 10}, "Male population: 80 - 84 years": {"Demographic": null, "2020": 1, "% OF TOTAL": 0.9, "2024": 1, "2029": 3}, "Male population: 85 years and over": {"Demographic": null, "2020": 4, "% OF TOTAL": 0.9, "2024": 4, "2029": 3}, "White alone": {"Demographic": null, "2020": 142, "% OF TOTAL": 16.9, "2024": 130, "2029": 122}, "Black alone": {"Demographic": null, "2020": 635, "% OF TOTAL": 77.8, "2024": 592, "2029": 561}, "American Indian and Alaska Native alone": {"Demographic": null, "2020": 4, "% OF TOTAL": 0.7, "2024": 5, "2029": 5}, "Asian alone": {"Demographic": null, "2020": 5, "% OF TOTAL": 0.7, "2024": 5, "2029": 5}, "Native Hawaiian and OPI alone": {"Demographic": null, "2020": 3, "% OF TOTAL": 0.4, "2024": 3, "2029": 3}, "Some other race alone": {"Demographic": null, "2020": 13, "% OF TOTAL": 1.5, "2024": 12, "2029": 11}, "Two or more races alone": {"Demographic": null, "2020": 15, "% OF TOTAL": 1.9, "2024": 15, "2029": 14}, "Not Hispanic: White alone": {"Demographic": null, "2020": 137, "% OF TOTAL": 16.2, "2024": 125, "2029": 117}, "Not Hispanic: Black or African American alone": {"Demographic": null, "2020": 633, "% OF TOTAL": 77.5, "2024": 590, "2029": 559}, "Not Hispanic: American Indian and Alaska Native alone": {"Demographic": null, "2020": 0, "% OF TOTAL": 0.0, "2024": 0, "2029": 0}, "Not Hispanic: Asian alone": {"Demographic": null, "2020": 5, "% OF TOTAL": 0.7, "2024": 5, "2029": 5}, "Not Hispanic: Native Hawaiian and OPI alone": {"Demographic": null, "2020": 3, "% OF TOTAL": 0.4, "2024": 3, "2029": 3}, "Not Hispanic: Some Other Race alone": {"Demographic": null, "2020": 1, "% OF TOTAL": 0.1, "2024": 1, "2029": 1}, "Not Hispanic: Two or More Races": {"Demographic": null, "2020": 11, "% OF TOTAL": 1.4, "2024": 11, "2029": 10}, "Hispanic: White alone": {"Demographic": null, "2020": 5, "% OF TOTAL": 0.7, "2024": 5, "2029": 5}, "Hispanic: Black or African American alone": {"Demographic": null, "2020": 2, "% OF TOTAL": 0.3, "2024": 2, "2029": 2}, "Hispanic: American Indian and Alaska Native alone": {"Demographic": null, "2020": 4, "% OF TOTAL": 0.7, "2024": 5, "2029": 5}, "Hispanic: Asian alone": {"Demographic": null, "2020": 0, "% OF TOTAL": 0.0, "2024": 0, "2029": 0}, "Hispanic: Native Hawaiian and OPI alone": {"Demographic": null, "2020": 0, "% OF TOTAL": 0.0, "2024": 0, "2029": 0}, "Hispanic: Some Other Race alone": {"Demographic": null, "2020": 12, "% OF TOTAL": 1.4, "2024": 11, "2029": 10}, "Hispanic: Two or More Races": {"Demographic": null, "2020": 4, "% OF TOTAL": 0.6, "2024": 4, "2029": 4}, "Educational Attainment: No High School Diploma": {"Demographic": null, "2020": 51, "% OF TOTAL": null, "2024": 48, "2029": null}, "Educational Attainment: High School Diploma": {"Demographic": null, "2020": 253, "% OF TOTAL": null, "2024": 239, "2029": null}, "Educational Attainment: Some College": {"Demographic": null, "2020": 101, "% OF TOTAL": null, "2024": 95, "2029": null}, "Educational Attainment: Associates Degree": {"Demographic": null, "2020": 63, "% OF TOTAL": null, "2024": 59, "2029": null}, "Educational Attainment: Bachelors Degree": {"Demographic": null, "2020": 36, "% OF TOTAL": null, "2024": 34, "2029": null}, "Educational Attainment: Advanced Degree": {"Demographic": null, "2020": 25, "% OF TOTAL": null, "2024": 24, "2029": null}, "Employment Status: Armed Forces": {"Demographic": null, "2020": 0, "% OF TOTAL": null, "2024": 0, "2029": null}, "Employment Status: Civilian labor force employed": {"Demographic": null, "2020": 391, "% OF TOTAL": null, "2024": 371, "2029": null}, "Employment Status: Civilian labor force unemployed": {"Demographic": null, "2020": 32, "% OF TOTAL": null, "2024": 30, "2029": null}, "Employment Status: Not in labor force": {"Demographic": null, "2020": 198, "% OF TOTAL": null, "2024": 188, "2029": null}, "Employed in Agriculture and Mining Industries": {"Demographic": null, "2020": 0, "% OF TOTAL": null, "2024": 0, "2029": null}, "Employed in Construction Industries": {"Demographic": null, "2020": 7, "% OF TOTAL": null, "2024": 7, "2029": null}, "Employed in Manufacturing Industries": {"Demographic": null, "2020": 95, "% OF TOTAL": null, "2024": 90, "2029": null}, "Employed in Wholesale Industries": {"Demographic": null, "2020": 6, "% OF TOTAL": null, "2024": 6, "2029": null}, "Employed in Retail Industries": {"Demographic": null, "2020": 104, "% OF TOTAL": null, "2024": 99, "2029": null}, "Employed in Transportation and Utilities Industries": {"Demographic": null, "2020": 33, "% OF TOTAL": null, "2024": 31, "2029": null}, "Employed in Information Industries": {"Demographic": null, "2020": 11, "% OF TOTAL": null, "2024": 10, "2029": null}, "Employed in Real-Estate Industries": {"Demographic": null, "2020": 20, "% OF TOTAL": null, "2024": 19, "2029": null}, "Employed in Professional Industries": {"Demographic": null, "2020": 6, "% OF TOTAL": null, "2024": 6, "2029": null}, "Employed in Health and Education Industries": {"Demographic": null, "2020": 75, "% OF TOTAL": null, "2024": 71, "2029": null}, "Employed in Art Industries": {"Demographic": null, "2020": 29, "% OF TOTAL": null, "2024": 27, "2029": null}, "Employed in Other Industries": {"Demographic": null, "2020": 0, "% OF TOTAL": null, "2024": 0, "2029": null}, "Employed in Public Administration Industries": {"Demographic": null, "2020": 5, "% OF TOTAL": null, "2024": 5, "2029": null}, "Occupation: Management": {"Demographic": null, "2020": 0, "% OF TOTAL": null, "2024": 0, "2029": null}, "Occupation: Business and financial operations": {"Demographic": null, "2020": 38, "% OF TOTAL": null, "2024": 36, "2029": null}, "Occupation: Computer and mathematical": {"Demographic": null, "2020": 0, "% OF TOTAL": null, "2024": 0, "2029": null}, "Occupation: Architecture and engineering": {"Demographic": null, "2020": 0, "% OF TOTAL": null, "2024": 0, "2029": null}, "Occupation: Life, physical, and social science": {"Demographic": null, "2020": 0, "% OF TOTAL": null, "2024": 0, "2029": null}, "Occupation: Community and social service": {"Demographic": null, "2020": 6, "% OF TOTAL": null, "2024": 6, "2029": null}, "Occupation: Legal": {"Demographic": null, "2020": 0, "% OF TOTAL": null, "2024": 0, "2029": null}, "Occupation: Education, training, and library": {"Demographic": null, "2020": 24, "% OF TOTAL": null, "2024": 23, "2029": null}, "Occupation: Arts, design, entertainment, sports, and media": {"Demographic": null, "2020": 0, "% OF TOTAL": null, "2024": 0, "2029": null}, "Occupation: Health diagnosing and treating practitioners": {"Demographic": null, "2020": 13, "% OF TOTAL": null, "2024": 12, "2029": null}, "Occupation: Health technologists and technicians": {"Demographic": null, "2020": 0, "% OF TOTAL": null, "2024": 0, "2029": null}, "Occupation: Healthcare support": {"Demographic": null, "2020": 31, "% OF TOTAL": null, "2024": 30, "2029": null}, "Occupation: Fire fighting and prevention": {"Demographic": null, "2020": 0, "% OF TOTAL": null, "2024": 0, "2029": null}, "Occupation: Law enforcement workers": {"Demographic": null, "2020": 0, "% OF TOTAL": null, "2024": 0, "2029": null}, "Occupation: Food preparation and serving related": {"Demographic": null, "2020": 32, "% OF TOTAL": null, "2024": 30, "2029": null}, "Occupation: Building and grounds cleaning and maintenance": {"Demographic": null, "2020": 12, "% OF TOTAL": null, "2024": 11, "2029": null}, "Occupation: Personal care and service": {"Demographic": null, "2020": 0, "% OF TOTAL": null, "2024": 0, "2029": null}, "Occupation: Sales and related": {"Demographic": null, "2020": 66, "% OF TOTAL": null, "2024": 63, "2029": null}, "Occupation: Office and administrative support": {"Demographic": null, "2020": 14, "% OF TOTAL": null, "2024": 13, "2029": null}, "Occupation: Farming, fishing, and forestry": {"Demographic": null, "2020": 0, "% OF TOTAL": null, "2024": 0, "2029": null}, "Occupation: Construction and extraction": {"Demographic": null, "2020": 78, "% OF TOTAL": null, "2024": 74, "2029": null}, "Occupation: Installation, maintenance, and repair": {"Demographic": null, "2020": 35, "% OF TOTAL": null, "2024": 33, "2029": null}, "Occupation: Production": {"Demographic": null, "2020": 24, "% OF TOTAL": null, "2024": 23, "2029": null}, "Occupation: Transportation": {"Demographic": null, "2020": 14, "% OF TOTAL": null, "2024": 13, "2029": null}, "Occupation: Material moving": {"Demographic": null, "2020": 4, "% OF TOTAL": null, "2024": 4, "2029": null}, "White collar": {"Demographic": null, "2020": 161, "% OF TOTAL": null, "2024": 153, "2029": null}, "Blue collar": {"Demographic": null, "2020": 230, "% OF TOTAL": null, "2024": 218, "2029": null}, "Means of transportation: Car, truck or van": {"Demographic": null, "2020": 385, "% OF TOTAL": null, "2024": 365, "2029": null}, "Means of transportation: Public transportation": {"Demographic": null, "2020": 0, "% OF TOTAL": null, "2024": 0, "2029": null}, "Means of transportation: Other": {"Demographic": null, "2020": 0, "% OF TOTAL": null, "2024": 0, "2029": null}, "Travel time: Average (in minutes)": {"Demographic": null, "2020": 25, "% OF TOTAL": null, "2024": 25, "2029": null}, "Travel time to work: Less than 30 minutes": {"Demographic": null, "2020": 219, "% OF TOTAL": null, "2024": 208, "2029": null}, "Travel time to work: 30 to 60 minutes": {"Demographic": null, "2020": 166, "% OF TOTAL": null, "2024": 157, "2029": null}, "Travel time to work: 60 or more minutes": {"Demographic": null, "2020": 0, "% OF TOTAL": null, "2024": 0, "2029": null}}, "household_trends": {"Households": {"Demographic": null, "2020": 292, "% OF TOTAL": null, "2024": 274, "2029": 262}, "Households Growth": {"Demographic": null, "2020": null, "% OF TOTAL": null, "2024": -6.2, "2029": -4.4}, "Householder Age 15-24": {"Demographic": null, "2020": 7, "% OF TOTAL": 2.7, "2024": 7, "2029": 7}, "Householder Age 25-34": {"Demographic": null, "2020": 52, "% OF TOTAL": 15.3, "2024": 49, "2029": 40}, "Householder Age 35-44": {"Demographic": null, "2020": 53, "% OF TOTAL": 19.8, "2024": 50, "2029": 52}, "Householder Age 45-54": {"Demographic": null, "2020": 37, "% OF TOTAL": 12.2, "2024": 35, "2029": 32}, "Householder Age 55-64": {"Demographic": null, "2020": 64, "% OF TOTAL": 20.2, "2024": 59, "2029": 53}, "Householder Age 65-74": {"Demographic": null, "2020": 49, "% OF TOTAL": 17.2, "2024": 45, "2029": 45}, "Householder Age 75+": {"Demographic": null, "2020": 30, "% OF TOTAL": 12.6, "2024": 29, "2029": 33}, "Average Household Size": {"Demographic": null, "2020": 2.7, "% OF TOTAL": null, "2024": 2.6, "2029": 2.6}, "1 Person Households": {"Demographic": null, "2020": 62, "% OF TOTAL": 23.3, "2024": 63, "2029": 61}, "2 Person Households": {"Demographic": null, "2020": 94, "% OF TOTAL": 34.4, "2024": 93, "2029": 90}, "3 Person Households": {"Demographic": null, "2020": 55, "% OF TOTAL": 19.8, "2024": 53, "2029": 52}, "4 Person Households": {"Demographic": null, "2020": 42, "% OF TOTAL": 11.1, "2024": 33, "2029": 29}, "5 Person Households": {"Demographic": null, "2020": 26, "% OF TOTAL": 7.3, "2024": 21, "2029": 19}, "6 Person Households": {"Demographic": null, "2020": 7, "% OF TOTAL": 1.9, "2024": 5, "2029": 5}, "7+ Person Households": {"Demographic": null, "2020": 6, "% OF TOTAL": 2.3, "2024": 6, "2029": 6}, "Household Type: Family": {"Demographic": null, "2020": 215, "% OF TOTAL": null, "2024": 202, "2029": null}, "Household Type: Married Family": {"Demographic": null, "2020": 78, "% OF TOTAL": null, "2024": 73, "2029": null}, "Household Type: Married Family With Children": {"Demographic": null, "2020": 24, "% OF TOTAL": null, "2024": 22, "2029": null}, "Household Type: Married Family Without Children": {"Demographic": null, "2020": 54, "% OF TOTAL": null, "2024": 51, "2029": null}, "Household Type: Other Family": {"Demographic": null, "2020": 137, "% OF TOTAL": null, "2024": 129, "2029": null}, "Household Type: Male Households, No Wife": {"Demographic": null, "2020": 25, "% OF TOTAL": null, "2024": 24, "2029": null}, "Household Type: Male Households, No Wife With Children": {"Demographic": null, "2020": 10, "% OF TOTAL": null, "2024": 10, "2029": null}, "Household Type: Male Households, No Wife Without Children": {"Demographic": null, "2020": 15, "% OF TOTAL": null, "2024": 14, "2029": null}, "Household Type: Female Households, No Husband": {"Demographic": null, "2020": 112, "% OF TOTAL": null, "2024": 105, "2029": null}, "Household Type: Female Households, No Husband With Children": {"Demographic": null, "2020": 59, "% OF TOTAL": null, "2024": 55, "2029": null}, "Household Type: Female Households, No Husband Without Children": {"Demographic": null, "2020": 53, "% OF TOTAL": null, "2024": 50, "2029": null}, "Household Income: Average": {"Demographic": null, "2020": 42543, "% OF TOTAL": null, "2024": 45493, "2029": 48283}, "Household Income: Median": {"Demographic": null, "2020": 0, "% OF TOTAL": null, "2024": 47222, "2029": 48654}, "Household Income: Less than $25k": {"Demographic": null, "2020": 93, "% OF TOTAL": 25.2, "2024": 83, "2029": 66}, "Household Income: $25k - $50k": {"Demographic": null, "2020": 77, "% OF TOTAL": 27.5, "2024": 69, "2029": 72}, "Household Income: $50k - $75k": {"Demographic": null, "2020": 88, "% OF TOTAL": 30.5, "2024": 83, "2029": 80}, "Household Income: $75k - $100k": {"Demographic": null, "2020": 22, "% OF TOTAL": 10.3, "2024": 27, "2029": 27}, "Household Income: $100k - $125k": {"Demographic": null, "2020": 12, "% OF TOTAL": 6.5, "2024": 12, "2029": 17}, "Household Income: $125k - $150k": {"Demographic": null, "2020": 0, "% OF TOTAL": 0.0, "2024": 0, "2029": 0}, "Household Income: $150k - $200k": {"Demographic": null, "2020": 0, "% OF TOTAL": 0.0, "2024": 0, "2029": 0}, "Household Income: Above $200k": {"Demographic": null, "2020": 0, "% OF TOTAL": 0.0, "2024": 0, "2029": 0}, "Total Housing Units": {"Demographic": null, "2020": 327, "% OF TOTAL": null, "2024": null, "2029": null}, "Owner Occupied Housing Units": {"Demographic": null, "2020": 157, "% OF TOTAL": null, "2024": 147, "2029": null}, "Renter Occupied Housing Units": {"Demographic": null, "2020": 135, "% OF TOTAL": null, "2024": 127, "2029": null}, "Vacant Housing Units": {"Demographic": null, "2020": 35, "% OF TOTAL": null, "2024": null, "2029": null}, "Vacant Housing Units: Seasonal": {"Demographic": null, "2020": 0, "% OF TOTAL": null, "2024": null, "2029": null}, "Vacant Housing Units: Other Usage": {"Demographic": null, "2020": 35, "% OF TOTAL": null, "2024": null, "2029": null}, "Average Housing Unit Value": {"Demographic": null, "2020": 69236, "% OF TOTAL": null, "2024": 68844, "2029": null}, "Median Housing Unit Value": {"Demographic": null, "2020": 57546, "% OF TOTAL": null, "2024": 57404, "2029": null}, "Housing Unit Value Less Than $100k": {"Demographic": null, "2020": 147, "% OF TOTAL": null, "2024": 138, "2029": null}, "Housing Unit Value $100k-$200k": {"Demographic": null, "2020": 10, "% OF TOTAL": null, "2024": 9, "2029": null}, "Housing Unit Value $200k-$250k": {"Demographic": null, "2020": 0, "% OF TOTAL": null, "2024": 0, "2029": null}, "Housing Unit Value $250k-$300k": {"Demographic": null, "2020": 0, "% OF TOTAL": null, "2024": 0, "2029": null}, "Housing Unit Value $300k-$400k": {"Demographic": null, "2020": 0, "% OF TOTAL": null, "2024": 0, "2029": null}, "Housing Unit Value $400k-$500k": {"Demographic": null, "2020": 0, "% OF TOTAL": null, "2024": 0, "2029": null}, "Housing Unit Value $500k-$750k": {"Demographic": null, "2020": 0, "% OF TOTAL": null, "2024": 0, "2029": null}, "Housing Unit Value $750k-$1m": {"Demographic": null, "2020": 0, "% OF TOTAL": null, "2024": 0, "2029": null}, "Housing Unit Value $1m-$1.5m": {"Demographic": null, "2020": 0, "% OF TOTAL": null, "2024": 0, "2029": null}, "Housing Unit Value $1.5m-$2m": {"Demographic": null, "2020": 0, "% OF TOTAL": null, "2024": 0, "2029": null}, "Housing Unit Value Above $2m": {"Demographic": null, "2020": 0, "% OF TOTAL": null, "2024": 0, "2029": null}, "Median Housing Unit Year Built": {"Demographic": null, "2020": 1971, "% OF TOTAL": null, "2024": 1971, "2029": null}, "Housing Units Built 2014 Or After": {"Demographic": null, "2020": 0, "% OF TOTAL": null, "2024": 0, "2029": null}, "Housing Units Built 2010-2013": {"Demographic": null, "2020": 0, "% OF TOTAL": null, "2024": 0, "2029": null}, "Housing Units Built 2000-2009": {"Demographic": null, "2020": 28, "% OF TOTAL": null, "2024": 27, "2029": null}, "Housing Units Built 1990-1999": {"Demographic": null, "2020": 0, "% OF TOTAL": null, "2024": 0, "2029": null}, "Housing Units Built 1980-1989": {"Demographic": null, "2020": 23, "% OF TOTAL": null, "2024": 21, "2029": null}, "Housing Units Built 1970-1979": {"Demographic": null, "2020": 103, "% OF TOTAL": null, "2024": 97, "2029": null}, "Housing Units Built 1960-1969": {"Demographic": null, "2020": 31, "% OF TOTAL": null, "2024": 29, "2029": null}, "Housing Units Built 1950-1959": {"Demographic": null, "2020": 73, "% OF TOTAL": null, "2024": 68, "2029": null}, "Housing Units Built 1940-1949": {"Demographic": null, "2020": 34, "% OF TOTAL": null, "2024": 32, "2029": null}, "Housing Units Built Before 1940": {"Demographic": null, "2020": 0, "% OF TOTAL": null, "2024": 0, "2029": null}}, "consumer_segments": {"Renters": {"households": 79, "pct": 24.7}, "Entry Level Suburban": {"households": 50, "pct": 15.6}, "Entry Level Urban": {"households": 40, "pct": 12.5}, "Renters Near Term Buyers": {"households": 37, "pct": 11.6}, "Active Adult Entry Level": {"households": 35, "pct": 10.9}, "Feature and Location": {"households": 20, "pct": 6.3}, "Elite": {"households": 19, "pct": 5.9}, "Active Adult Feature and Location": {"households": 17, "pct": 5.3}, "Active Adult Elite": {"households": 9, "pct": 2.8}, "Family Life Young Children": {"households": 4, "pct": 1.3}, "Family Life School Age Children": {"households": 4, "pct": 1.3}, "Simple Life Moderate Income With Children": {"households": 3, "pct": 0.9}, "Simple Life Moderate Income No Children": {"households": 2, "pct": 0.6}, "Simple Life Affluent No Children": {"households": 1, "pct": 0.3}}, "income_age": {"2020": {}, "2024": {}, "2029": {}}, "population_2024": 762, "population_2029": 721, "households_2024": 274, "households_2029": 262, "median_household_income_2024": 47222, "median_household_income_2029": 48654, "mean_household_income_2024": null, "mean_household_income_2029": null, "median_age_2024": 36, "median_age_2029": 38, "median_home_value_2024": 57404, "average_household_size_2024": 2.6, "average_household_size_2029": 2.6, "population_growth_2024_2029": -6.7, "households_growth_2024_2029": -6.2}, "geometry": {"type": "Polygon", "coordinates": [[[-88.120157, 30.657957], [-88.120185, 30.660359], [-88.086594, 30.660644], [-88.086556, 30.657299], [-88.120157, 30.657957]]]}}, {"type": "Feature", "properties": {"block": "079", "block_num": 79, "CentroidLon": -88.06908550377477, "CentroidLat": 30.658869740648775, "submarket": "North Mobile", "data_status": "usable", "is_anomalous": false, "anomaly_reason": null, "files_present": "DemographicSnapshot-26.08.06.csv;PopulationTrends-26.08.06.csv;HouseholdTrends-26.08.06.csv;HouseholdIncomeByAge-26.08.06.csv;ConsumerSegmentation-26.08.06.csv", "demographic_snapshot": {"Total Population": {"Demographic": null, "2020": 1485, "% OF TOTAL": null, "2024": 1397, "2029": 1318}, "Households": {"Demographic": null, "2020": 634, "% OF TOTAL": null, "2024": 604, "2029": 579}, "Population in Group Quarters": {"Demographic": null, "2020": 13, "% OF TOTAL": null, "2024": 13, "2029": 14}, "Households Growth": {"Demographic": null, "2020": null, "% OF TOTAL": null, "2024": -4.7, "2029": -4.1}, "Household Income: Median": {"Demographic": null, "2020": 0, "% OF TOTAL": null, "2024": 21397, "2029": 27838}, "Home Value: Median": {"Demographic": null, "2020": 58296, "% OF TOTAL": null, "2024": 58214, "2029": null}, "Population Growth": {"Demographic": null, "2020": null, "% OF TOTAL": null, "2024": -5.9, "2029": -5.7}, "Total Population: Under 19 years": {"Demographic": null, "2020": 400, "% OF TOTAL": 24.2, "2024": 361, "2029": 319}, "Total Population: 20 - 64 years": {"Demographic": null, "2020": 757, "% OF TOTAL": 48.3, "2024": 697, "2029": 636}, "Total Population: 65 years and over": {"Demographic": null, "2020": 328, "% OF TOTAL": 27.5, "2024": 339, "2029": 363}, "Total population: Median age": {"Demographic": null, "2020": 41, "% OF TOTAL": null, "2024": 42, "2029": 44}, "Total population: Under 5 years": {"Demographic": null, "2020": 95, "% OF TOTAL": 5.5, "2024": 86, "2029": 72}, "Total population: 5 - 9 years": {"Demographic": null, "2020": 120, "% OF TOTAL": 7.1, "2024": 112, "2029": 93}, "Total population: 10 - 14 years": {"Demographic": null, "2020": 105, "% OF TOTAL": 6.4, "2024": 89, "2029": 85}, "Total population: 15 - 19 years": {"Demographic": null, "2020": 80, "% OF TOTAL": 5.2, "2024": 74, "2029": 69}, "Total population: 20 - 24 years": {"Demographic": null, "2020": 62, "% OF TOTAL": 4.3, "2024": 58, "2029": 57}, "Total population: 25 - 29 years": {"Demographic": null, "2020": 72, "% OF TOTAL": 4.2, "2024": 63, "2029": 55}, "Total population: 30 - 34 years": {"Demographic": null, "2020": 80, "% OF TOTAL": 4.7, "2024": 79, "2029": 62}, "Total population: 35 - 39 years": {"Demographic": null, "2020": 98, "% OF TOTAL": 7.0, "2024": 96, "2029": 92}, "Total population: 40 - 44 years": {"Demographic": null, "2020": 71, "% OF TOTAL": 5.7, "2024": 68, "2029": 75}, "Total population: 45 - 49 years": {"Demographic": null, "2020": 68, "% OF TOTAL": 4.8, "2024": 65, "2029": 63}, "Total population: 50 - 54 years": {"Demographic": null, "2020": 79, "% OF TOTAL": 4.4, "2024": 70, "2029": 58}, "Total population: 55 - 59 years": {"Demographic": null, "2020": 117, "% OF TOTAL": 6.6, "2024": 100, "2029": 87}, "Total population: 60 - 64 years": {"Demographic": null, "2020": 110, "% OF TOTAL": 6.6, "2024": 98, "2029": 87}, "Total population: 65 - 69 years": {"Demographic": null, "2020": 81, "% OF TOTAL": 6.5, "2024": 84, "2029": 86}, "Total population: 70 - 74 years": {"Demographic": null, "2020": 98, "% OF TOTAL": 7.2, "2024": 103, "2029": 95}, "Total population: 75 - 79 years": {"Demographic": null, "2020": 63, "% OF TOTAL": 6.1, "2024": 71, "2029": 81}, "Total population: 80 - 84 years": {"Demographic": null, "2020": 55, "% OF TOTAL": 4.9, "2024": 55, "2029": 64}, "Total population: 85 years and over": {"Demographic": null, "2020": 31, "% OF TOTAL": 2.8, "2024": 26, "2029": 37}, "Householders Age 15-24": {"Demographic": null, "2020": 8, "% OF TOTAL": 1.7, "2024": 8, "2029": 10}, "Householders Age 25-34": {"Demographic": null, "2020": 66, "% OF TOTAL": 9.2, "2024": 62, "2029": 53}, "Householders Age 35-44": {"Demographic": null, "2020": 105, "% OF TOTAL": 17.6, "2024": 101, "2029": 102}, "Householders Age 45-54": {"Demographic": null, "2020": 85, "% OF TOTAL": 12.4, "2024": 81, "2029": 72}, "Householders Age 55-64": {"Demographic": null, "2020": 147, "% OF TOTAL": 20.9, "2024": 140, "2029": 121}, "Householders Age 65-74": {"Demographic": null, "2020": 128, "% OF TOTAL": 20.4, "2024": 122, "2029": 118}, "Householders Age 75+": {"Demographic": null, "2020": 95, "% OF TOTAL": 17.8, "2024": 90, "2029": 103}, "Household income: Average": {"Demographic": null, "2020": 60776, "% OF TOTAL": null, "2024": 78385, "2029": 96321}, "Household income: Less than 25k": {"Demographic": null, "2020": 296, "% OF TOTAL": 32.0, "2024": 257, "2029": 185}, "Household income: 25k - 50k": {"Demographic": null, "2020": 190, "% OF TOTAL": 30.2, "2024": 164, "2029": 175}, "Household income: 50k - 75k": {"Demographic": null, "2020": 56, "% OF TOTAL": 10.5, "2024": 61, "2029": 61}, "Household income: 75k - 100k": {"Demographic": null, "2020": 14, "% OF TOTAL": 3.6, "2024": 18, "2029": 21}, "Household income: 100k - 125k": {"Demographic": null, "2020": 20, "% OF TOTAL": 4.1, "2024": 19, "2029": 24}, "Household income: 125k - 150k": {"Demographic": null, "2020": 5, "% OF TOTAL": 1.9, "2024": 8, "2029": 11}, "Household income: 150k - 200k": {"Demographic": null, "2020": 0, "% OF TOTAL": 0.0, "2024": 0, "2029": 0}, "Household income: Above 200k": {"Demographic": null, "2020": 53, "% OF TOTAL": 17.6, "2024": 77, "2029": 102}, "White Alone": {"Demographic": null, "2020": 24, "% OF TOTAL": 1.5, "2024": 22, "2029": 20}, "Black or African American Alone": {"Demographic": null, "2020": 1421, "% OF TOTAL": 95.5, "2024": 1334, "2029": 1259}, "American Indian and Alaska Native Alone": {"Demographic": null, "2020": 0, "% OF TOTAL": 0.0, "2024": 0, "2029": 0}, "Asian Alone": {"Demographic": null, "2020": 4, "% OF TOTAL": 0.3, "2024": 4, "2029": 4}, "Native Hawaiian and OPI Alone": {"Demographic": null, "2020": 0, "% OF TOTAL": 0.0, "2024": 0, "2029": 0}, "Some Other Race Alone": {"Demographic": null, "2020": 10, "% OF TOTAL": 0.8, "2024": 10, "2029": 10}, "Two or More Races Alone": {"Demographic": null, "2020": 26, "% OF TOTAL": 1.9, "2024": 27, "2029": 25}, "Not Hispanic or Latino": {"Demographic": null, "2020": 1473, "% OF TOTAL": 99.1, "2024": 1385, "2029": 1306}, "Hispanic or Latino": {"Demographic": null, "2020": 12, "% OF TOTAL": 0.9, "2024": 12, "2029": 12}, "Total Housing Units": {"Demographic": null, "2020": 845, "% OF TOTAL": null, "2024": null, "2029": null}, "Owner Occupied Housing Units": {"Demographic": null, "2020": 363, "% OF TOTAL": null, "2024": 345, "2029": null}, "Renter Occupied Housing Units": {"Demographic": null, "2020": 271, "% OF TOTAL": null, "2024": 259, "2029": null}, "Housing Units Value Less Than 100k": {"Demographic": null, "2020": 228, "% OF TOTAL": null, "2024": 218, "2029": null}, "Housing Units Value 100k - 200k": {"Demographic": null, "2020": 114, "% OF TOTAL": null, "2024": 107, "2029": null}, "Housing Units Value 200k - 250k": {"Demographic": null, "2020": 4, "% OF TOTAL": null, "2024": 4, "2029": null}, "Housing Units Value 250k - 300k": {"Demographic": null, "2020": 0, "% OF TOTAL": null, "2024": 0, "2029": null}, "Housing Units Value 300k - 400k": {"Demographic": null, "2020": 0, "% OF TOTAL": null, "2024": 0, "2029": null}, "Housing Units Value 400k - 500k": {"Demographic": null, "2020": 0, "% OF TOTAL": null, "2024": 0, "2029": null}, "Housing Units Value 500k - 750k": {"Demographic": null, "2020": 9, "% OF TOTAL": null, "2024": 8, "2029": null}, "Housing Units Value 750k - 1m": {"Demographic": null, "2020": 0, "% OF TOTAL": null, "2024": 0, "2029": null}, "Housing Units Value 1m - 1.5m": {"Demographic": null, "2020": 8, "% OF TOTAL": null, "2024": 8, "2029": null}, "Housing Units Value 1.5m - 2m": {"Demographic": null, "2020": 0, "% OF TOTAL": null, "2024": 0, "2029": null}, "Housing Units Value >2m": {"Demographic": null, "2020": 0, "% OF TOTAL": null, "2024": 0, "2029": null}, "Take Car or Truck to Work": {"Demographic": null, "2020": 358, "% OF TOTAL": null, "2024": 340, "2029": null}, "Take Public Transportation to Work": {"Demographic": null, "2020": 0, "% OF TOTAL": null, "2024": 0, "2029": null}, "Take Other Means of Transportation to Work": {"Demographic": null, "2020": 4, "% OF TOTAL": null, "2024": 4, "2029": null}, "Average Travel Time (min)": {"Demographic": null, "2020": 27, "% OF TOTAL": null, "2024": 27, "2029": null}, "Travel Below 30 Min to Work": {"Demographic": null, "2020": 261, "% OF TOTAL": null, "2024": 247, "2029": null}, "Travel 30-60 Min to Work": {"Demographic": null, "2020": 86, "% OF TOTAL": null, "2024": 83, "2029": null}, "Travel Above 60 Min to Work": {"Demographic": null, "2020": 68, "% OF TOTAL": null, "2024": 14, "2029": null}, "Educational Attainment: No High School Diploma": {"Demographic": null, "2020": 677, "% OF TOTAL": null, "2024": 648, "2029": null}, "Educational Attainment: High School Diploma": {"Demographic": null, "2020": 498, "% OF TOTAL": null, "2024": 476, "2029": null}, "Educational Attainment: Some College": {"Demographic": null, "2020": 273, "% OF TOTAL": null, "2024": 260, "2029": null}, "Educational Attainment: Associate's Degree": {"Demographic": null, "2020": 118, "% OF TOTAL": null, "2024": 112, "2029": null}, "Educational Attainment: Bachelors Degree": {"Demographic": null, "2020": 17, "% OF TOTAL": null, "2024": 16, "2029": null}, "Educational Attainment: Advanced Degree": {"Demographic": null, "2020": 73, "% OF TOTAL": null, "2024": 70, "2029": null}, "Households: Number of vehicles available - Average": {"Demographic": null, "2020": 1, "% OF TOTAL": null, "2024": 1, "2029": null}, "Households: No Vehicle available": {"Demographic": null, "2020": 80, "% OF TOTAL": null, "2024": 77, "2029": null}, "Households: 1 Vehicle available": {"Demographic": null, "2020": 308, "% OF TOTAL": null, "2024": 294, "2029": null}, "Households: 2 Vehicles available": {"Demographic": null, "2020": 100, "% OF TOTAL": null, "2024": 95, "2029": null}, "Households: 3 Vehicles available": {"Demographic": null, "2020": 102, "% OF TOTAL": null, "2024": 96, "2029": null}, "Households: 4 or more Vehicles available": {"Demographic": null, "2020": 44, "% OF TOTAL": null, "2024": 42, "2029": null}}, "population_trends": {"Total Population": {"Demographic": null, "2020": 1485, "% OF TOTAL": null, "2024": 1397, "2029": 1318}, "Population Growth": {"Demographic": null, "2020": null, "% OF TOTAL": null, "2024": -5.9, "2029": -5.7}, "Female Population": {"Demographic": null, "2020": 837, "% OF TOTAL": 56.5, "2024": 789, "2029": 745}, "Male Population": {"Demographic": null, "2020": 648, "% OF TOTAL": 43.5, "2024": 608, "2029": 573}, "Total population: Median Age": {"Demographic": null, "2020": 41, "% OF TOTAL": null, "2024": 42, "2029": 44}, "Total population: Under 5 years": {"Demographic": null, "2020": 95, "% OF TOTAL": 5.5, "2024": 86, "2029": 72}, "Total population: 5 - 9 years": {"Demographic": null, "2020": 120, "% OF TOTAL": 7.1, "2024": 112, "2029": 93}, "Total population: 10 - 14 years": {"Demographic": null, "2020": 105, "% OF TOTAL": 6.4, "2024": 89, "2029": 85}, "Total population: 15 - 19 years": {"Demographic": null, "2020": 80, "% OF TOTAL": 5.2, "2024": 74, "2029": 69}, "Total population: 20 - 24 years": {"Demographic": null, "2020": 62, "% OF TOTAL": 4.3, "2024": 58, "2029": 57}, "Total population: 25 - 29 years": {"Demographic": null, "2020": 72, "% OF TOTAL": 4.2, "2024": 63, "2029": 55}, "Total population: 30 - 34 years": {"Demographic": null, "2020": 80, "% OF TOTAL": 4.7, "2024": 79, "2029": 62}, "Total population: 35 - 39 years": {"Demographic": null, "2020": 98, "% OF TOTAL": 7.0, "2024": 96, "2029": 92}, "Total population: 40 - 44 years": {"Demographic": null, "2020": 71, "% OF TOTAL": 5.7, "2024": 68, "2029": 75}, "Total population: 45 - 49 years": {"Demographic": null, "2020": 68, "% OF TOTAL": 4.8, "2024": 65, "2029": 63}, "Total population: 50 - 54 years": {"Demographic": null, "2020": 79, "% OF TOTAL": 4.4, "2024": 70, "2029": 58}, "Total population: 55 - 59 years": {"Demographic": null, "2020": 117, "% OF TOTAL": 6.6, "2024": 100, "2029": 87}, "Total population: 60 - 64 years": {"Demographic": null, "2020": 110, "% OF TOTAL": 6.6, "2024": 98, "2029": 87}, "Total population: 65 - 69 years": {"Demographic": null, "2020": 81, "% OF TOTAL": 6.5, "2024": 84, "2029": 86}, "Total population: 70 - 74 years": {"Demographic": null, "2020": 98, "% OF TOTAL": 7.2, "2024": 103, "2029": 95}, "Total population: 75 - 79 years": {"Demographic": null, "2020": 63, "% OF TOTAL": 6.1, "2024": 71, "2029": 81}, "Total population: 80 - 84 years": {"Demographic": null, "2020": 55, "% OF TOTAL": 4.9, "2024": 55, "2029": 64}, "Total population: 85 years and over": {"Demographic": null, "2020": 31, "% OF TOTAL": 2.8, "2024": 26, "2029": 37}, "Female population: Median Age": {"Demographic": null, "2020": 43, "% OF TOTAL": null, "2024": 43, "2029": 45}, "Female population: Under 5 years": {"Demographic": null, "2020": 58, "% OF TOTAL": 5.8, "2024": 53, "2029": 43}, "Female population: 5 - 9 years": {"Demographic": null, "2020": 59, "% OF TOTAL": 6.4, "2024": 54, "2029": 48}, "Female population: 10 - 14 years": {"Demographic": null, "2020": 46, "% OF TOTAL": 5.1, "2024": 39, "2029": 38}, "Female population: 15 - 19 years": {"Demographic": null, "2020": 38, "% OF TOTAL": 4.3, "2024": 35, "2029": 32}, "Female population: 20 - 24 years": {"Demographic": null, "2020": 38, "% OF TOTAL": 4.4, "2024": 36, "2029": 33}, "Female population: 25 - 29 years": {"Demographic": null, "2020": 38, "% OF TOTAL": 4.2, "2024": 34, "2029": 31}, "Female population: 30 - 34 years": {"Demographic": null, "2020": 43, "% OF TOTAL": 4.3, "2024": 41, "2029": 32}, "Female population: 35 - 39 years": {"Demographic": null, "2020": 62, "% OF TOTAL": 7.5, "2024": 61, "2029": 56}, "Female population: 40 - 44 years": {"Demographic": null, "2020": 29, "% OF TOTAL": 5.0, "2024": 29, "2029": 37}, "Female population: 45 - 49 years": {"Demographic": null, "2020": 39, "% OF TOTAL": 4.3, "2024": 37, "2029": 32}, "Female population: 50 - 54 years": {"Demographic": null, "2020": 39, "% OF TOTAL": 4.0, "2024": 35, "2029": 30}, "Female population: 55 - 59 years": {"Demographic": null, "2020": 60, "% OF TOTAL": 5.9, "2024": 51, "2029": 44}, "Female population: 60 - 64 years": {"Demographic": null, "2020": 68, "% OF TOTAL": 6.8, "2024": 59, "2029": 51}, "Female population: 65 - 69 years": {"Demographic": null, "2020": 53, "% OF TOTAL": 7.2, "2024": 55, "2029": 54}, "Female population: 70 - 74 years": {"Demographic": null, "2020": 70, "% OF TOTAL": 8.7, "2024": 73, "2029": 65}, "Female population: 75 - 79 years": {"Demographic": null, "2020": 41, "% OF TOTAL": 7.2, "2024": 45, "2029": 54}, "Female population: 80 - 84 years": {"Demographic": null, "2020": 33, "% OF TOTAL": 5.5, "2024": 34, "2029": 41}, "Female population: 85 years and over": {"Demographic": null, "2020": 23, "% OF TOTAL": 3.2, "2024": 18, "2029": 24}, "Male population: Median Age": {"Demographic": null, "2020": 38, "% OF TOTAL": null, "2024": 39, "2029": 41}, "Male population: Under 5 years": {"Demographic": null, "2020": 37, "% OF TOTAL": 5.1, "2024": 33, "2029": 29}, "Male population: 5 - 9 years": {"Demographic": null, "2020": 61, "% OF TOTAL": 7.9, "2024": 58, "2029": 45}, "Male population: 10 - 14 years": {"Demographic": null, "2020": 59, "% OF TOTAL": 8.2, "2024": 50, "2029": 47}, "Male population: 15 - 19 years": {"Demographic": null, "2020": 42, "% OF TOTAL": 6.5, "2024": 39, "2029": 37}, "Male population: 20 - 24 years": {"Demographic": null, "2020": 24, "% OF TOTAL": 4.2, "2024": 22, "2029": 24}, "Male population: 25 - 29 years": {"Demographic": null, "2020": 34, "% OF TOTAL": 4.2, "2024": 29, "2029": 24}, "Male population: 30 - 34 years": {"Demographic": null, "2020": 37, "% OF TOTAL": 5.2, "2024": 38, "2029": 30}, "Male population: 35 - 39 years": {"Demographic": null, "2020": 36, "% OF TOTAL": 6.3, "2024": 35, "2029": 36}, "Male population: 40 - 44 years": {"Demographic": null, "2020": 42, "% OF TOTAL": 6.6, "2024": 39, "2029": 38}, "Male population: 45 - 49 years": {"Demographic": null, "2020": 29, "% OF TOTAL": 5.4, "2024": 28, "2029": 31}, "Male population: 50 - 54 years": {"Demographic": null, "2020": 40, "% OF TOTAL": 4.9, "2024": 35, "2029": 28}, "Male population: 55 - 59 years": {"Demographic": null, "2020": 57, "% OF TOTAL": 7.5, "2024": 49, "2029": 43}, "Male population: 60 - 64 years": {"Demographic": null, "2020": 42, "% OF TOTAL": 6.3, "2024": 39, "2029": 36}, "Male population: 65 - 69 years": {"Demographic": null, "2020": 28, "% OF TOTAL": 5.6, "2024": 29, "2029": 32}, "Male population: 70 - 74 years": {"Demographic": null, "2020": 28, "% OF TOTAL": 5.2, "2024": 30, "2029": 30}, "Male population: 75 - 79 years": {"Demographic": null, "2020": 22, "% OF TOTAL": 4.7, "2024": 26, "2029": 27}, "Male population: 80 - 84 years": {"Demographic": null, "2020": 22, "% OF TOTAL": 4.0, "2024": 21, "2029": 23}, "Male population: 85 years and over": {"Demographic": null, "2020": 8, "% OF TOTAL": 2.3, "2024": 8, "2029": 13}, "White alone": {"Demographic": null, "2020": 24, "% OF TOTAL": 1.5, "2024": 22, "2029": 20}, "Black alone": {"Demographic": null, "2020": 1421, "% OF TOTAL": 95.5, "2024": 1334, "2029": 1259}, "American Indian and Alaska Native alone": {"Demographic": null, "2020": 0, "% OF TOTAL": 0.0, "2024": 0, "2029": 0}, "Asian alone": {"Demographic": null, "2020": 4, "% OF TOTAL": 0.3, "2024": 4, "2029": 4}, "Native Hawaiian and OPI alone": {"Demographic": null, "2020": 0, "% OF TOTAL": 0.0, "2024": 0, "2029": 0}, "Some other race alone": {"Demographic": null, "2020": 10, "% OF TOTAL": 0.8, "2024": 10, "2029": 10}, "Two or more races alone": {"Demographic": null, "2020": 26, "% OF TOTAL": 1.9, "2024": 27, "2029": 25}, "Not Hispanic: White alone": {"Demographic": null, "2020": 19, "% OF TOTAL": 1.1, "2024": 17, "2029": 15}, "Not Hispanic: Black or African American alone": {"Demographic": null, "2020": 1419, "% OF TOTAL": 95.4, "2024": 1332, "2029": 1257}, "Not Hispanic: American Indian and Alaska Native alone": {"Demographic": null, "2020": 0, "% OF TOTAL": 0.0, "2024": 0, "2029": 0}, "Not Hispanic: Asian alone": {"Demographic": null, "2020": 4, "% OF TOTAL": 0.3, "2024": 4, "2029": 4}, "Not Hispanic: Native Hawaiian and OPI alone": {"Demographic": null, "2020": 0, "% OF TOTAL": 0.0, "2024": 0, "2029": 0}, "Not Hispanic: Some Other Race alone": {"Demographic": null, "2020": 8, "% OF TOTAL": 0.6, "2024": 8, "2029": 8}, "Not Hispanic: Two or More Races": {"Demographic": null, "2020": 23, "% OF TOTAL": 1.7, "2024": 24, "2029": 22}, "Hispanic: White alone": {"Demographic": null, "2020": 5, "% OF TOTAL": 0.4, "2024": 5, "2029": 5}, "Hispanic: Black or African American alone": {"Demographic": null, "2020": 2, "% OF TOTAL": 0.2, "2024": 2, "2029": 2}, "Hispanic: American Indian and Alaska Native alone": {"Demographic": null, "2020": 0, "% OF TOTAL": 0.0, "2024": 0, "2029": 0}, "Hispanic: Asian alone": {"Demographic": null, "2020": 0, "% OF TOTAL": 0.0, "2024": 0, "2029": 0}, "Hispanic: Native Hawaiian and OPI alone": {"Demographic": null, "2020": 0, "% OF TOTAL": 0.0, "2024": 0, "2029": 0}, "Hispanic: Some Other Race alone": {"Demographic": null, "2020": 2, "% OF TOTAL": 0.2, "2024": 2, "2029": 2}, "Hispanic: Two or More Races": {"Demographic": null, "2020": 3, "% OF TOTAL": 0.2, "2024": 3, "2029": 3}, "Educational Attainment: No High School Diploma": {"Demographic": null, "2020": 179, "% OF TOTAL": null, "2024": 172, "2029": null}, "Educational Attainment: High School Diploma": {"Demographic": null, "2020": 498, "% OF TOTAL": null, "2024": 476, "2029": null}, "Educational Attainment: Some College": {"Demographic": null, "2020": 138, "% OF TOTAL": null, "2024": 132, "2029": null}, "Educational Attainment: Associates Degree": {"Demographic": null, "2020": 118, "% OF TOTAL": null, "2024": 112, "2029": null}, "Educational Attainment: Bachelors Degree": {"Demographic": null, "2020": 17, "% OF TOTAL": null, "2024": 16, "2029": null}, "Educational Attainment: Advanced Degree": {"Demographic": null, "2020": 73, "% OF TOTAL": null, "2024": 70, "2029": null}, "Employment Status: Armed Forces": {"Demographic": null, "2020": 0, "% OF TOTAL": null, "2024": 0, "2029": null}, "Employment Status: Civilian labor force employed": {"Demographic": null, "2020": 392, "% OF TOTAL": null, "2024": 372, "2029": null}, "Employment Status: Civilian labor force unemployed": {"Demographic": null, "2020": 95, "% OF TOTAL": null, "2024": 88, "2029": null}, "Employment Status: Not in labor force": {"Demographic": null, "2020": 658, "% OF TOTAL": null, "2024": 627, "2029": null}, "Employed in Agriculture and Mining Industries": {"Demographic": null, "2020": 0, "% OF TOTAL": null, "2024": 0, "2029": null}, "Employed in Construction Industries": {"Demographic": null, "2020": 0, "% OF TOTAL": null, "2024": 0, "2029": null}, "Employed in Manufacturing Industries": {"Demographic": null, "2020": 10, "% OF TOTAL": null, "2024": 9, "2029": null}, "Employed in Wholesale Industries": {"Demographic": null, "2020": 12, "% OF TOTAL": null, "2024": 11, "2029": null}, "Employed in Retail Industries": {"Demographic": null, "2020": 80, "% OF TOTAL": null, "2024": 77, "2029": null}, "Employed in Transportation and Utilities Industries": {"Demographic": null, "2020": 85, "% OF TOTAL": null, "2024": 81, "2029": null}, "Employed in Information Industries": {"Demographic": null, "2020": 0, "% OF TOTAL": null, "2024": 0, "2029": null}, "Employed in Real-Estate Industries": {"Demographic": null, "2020": 0, "% OF TOTAL": null, "2024": 0, "2029": null}, "Employed in Professional Industries": {"Demographic": null, "2020": 0, "% OF TOTAL": null, "2024": 0, "2029": null}, "Employed in Health and Education Industries": {"Demographic": null, "2020": 132, "% OF TOTAL": null, "2024": 124, "2029": null}, "Employed in Art Industries": {"Demographic": null, "2020": 41, "% OF TOTAL": null, "2024": 39, "2029": null}, "Employed in Other Industries": {"Demographic": null, "2020": 0, "% OF TOTAL": null, "2024": 0, "2029": null}, "Employed in Public Administration Industries": {"Demographic": null, "2020": 32, "% OF TOTAL": null, "2024": 31, "2029": null}, "Occupation: Management": {"Demographic": null, "2020": 47, "% OF TOTAL": null, "2024": 43, "2029": null}, "Occupation: Business and financial operations": {"Demographic": null, "2020": 0, "% OF TOTAL": null, "2024": 0, "2029": null}, "Occupation: Computer and mathematical": {"Demographic": null, "2020": 0, "% OF TOTAL": null, "2024": 0, "2029": null}, "Occupation: Architecture and engineering": {"Demographic": null, "2020": 0, "% OF TOTAL": null, "2024": 0, "2029": null}, "Occupation: Life, physical, and social science": {"Demographic": null, "2020": 0, "% OF TOTAL": null, "2024": 0, "2029": null}, "Occupation: Community and social service": {"Demographic": null, "2020": 9, "% OF TOTAL": null, "2024": 9, "2029": null}, "Occupation: Legal": {"Demographic": null, "2020": 0, "% OF TOTAL": null, "2024": 0, "2029": null}, "Occupation: Education, training, and library": {"Demographic": null, "2020": 12, "% OF TOTAL": null, "2024": 12, "2029": null}, "Occupation: Arts, design, entertainment, sports, and media": {"Demographic": null, "2020": 0, "% OF TOTAL": null, "2024": 0, "2029": null}, "Occupation: Health diagnosing and treating practitioners": {"Demographic": null, "2020": 5, "% OF TOTAL": null, "2024": 5, "2029": null}, "Occupation: Health technologists and technicians": {"Demographic": null, "2020": 0, "% OF TOTAL": null, "2024": 0, "2029": null}, "Occupation: Healthcare support": {"Demographic": null, "2020": 41, "% OF TOTAL": null, "2024": 38, "2029": null}, "Occupation: Fire fighting and prevention": {"Demographic": null, "2020": 0, "% OF TOTAL": null, "2024": 0, "2029": null}, "Occupation: Law enforcement workers": {"Demographic": null, "2020": 9, "% OF TOTAL": null, "2024": 9, "2029": null}, "Occupation: Food preparation and serving related": {"Demographic": null, "2020": 46, "% OF TOTAL": null, "2024": 44, "2029": null}, "Occupation: Building and grounds cleaning and maintenance": {"Demographic": null, "2020": 7, "% OF TOTAL": null, "2024": 7, "2029": null}, "Occupation: Personal care and service": {"Demographic": null, "2020": 0, "% OF TOTAL": null, "2024": 0, "2029": null}, "Occupation: Sales and related": {"Demographic": null, "2020": 59, "% OF TOTAL": null, "2024": 58, "2029": null}, "Occupation: Office and administrative support": {"Demographic": null, "2020": 56, "% OF TOTAL": null, "2024": 51, "2029": null}, "Occupation: Farming, fishing, and forestry": {"Demographic": null, "2020": 0, "% OF TOTAL": null, "2024": 0, "2029": null}, "Occupation: Construction and extraction": {"Demographic": null, "2020": 22, "% OF TOTAL": null, "2024": 21, "2029": null}, "Occupation: Installation, maintenance, and repair": {"Demographic": null, "2020": 0, "% OF TOTAL": null, "2024": 0, "2029": null}, "Occupation: Production": {"Demographic": null, "2020": 10, "% OF TOTAL": null, "2024": 9, "2029": null}, "Occupation: Transportation": {"Demographic": null, "2020": 26, "% OF TOTAL": null, "2024": 25, "2029": null}, "Occupation: Material moving": {"Demographic": null, "2020": 43, "% OF TOTAL": null, "2024": 41, "2029": null}, "White collar": {"Demographic": null, "2020": 188, "% OF TOTAL": null, "2024": 178, "2029": null}, "Blue collar": {"Demographic": null, "2020": 204, "% OF TOTAL": null, "2024": 194, "2029": null}, "Means of transportation: Car, truck or van": {"Demographic": null, "2020": 358, "% OF TOTAL": null, "2024": 340, "2029": null}, "Means of transportation: Public transportation": {"Demographic": null, "2020": 0, "% OF TOTAL": null, "2024": 0, "2029": null}, "Means of transportation: Other": {"Demographic": null, "2020": 4, "% OF TOTAL": null, "2024": 4, "2029": null}, "Travel time: Average (in minutes)": {"Demographic": null, "2020": 26, "% OF TOTAL": null, "2024": 26, "2029": null}, "Travel time to work: Less than 30 minutes": {"Demographic": null, "2020": 261, "% OF TOTAL": null, "2024": 247, "2029": null}, "Travel time to work: 30 to 60 minutes": {"Demographic": null, "2020": 86, "% OF TOTAL": null, "2024": 83, "2029": null}, "Travel time to work: 60 or more minutes": {"Demographic": null, "2020": 15, "% OF TOTAL": null, "2024": 14, "2029": null}}, "household_trends": {"Households": {"Demographic": null, "2020": 634, "% OF TOTAL": null, "2024": 604, "2029": 579}, "Households Growth": {"Demographic": null, "2020": null, "% OF TOTAL": null, "2024": -4.7, "2029": -4.1}, "Householder Age 15-24": {"Demographic": null, "2020": 8, "% OF TOTAL": 1.7, "2024": 8, "2029": 10}, "Householder Age 25-34": {"Demographic": null, "2020": 66, "% OF TOTAL": 9.2, "2024": 62, "2029": 53}, "Householder Age 35-44": {"Demographic": null, "2020": 105, "% OF TOTAL": 17.6, "2024": 101, "2029": 102}, "Householder Age 45-54": {"Demographic": null, "2020": 85, "% OF TOTAL": 12.4, "2024": 81, "2029": 72}, "Householder Age 55-64": {"Demographic": null, "2020": 147, "% OF TOTAL": 20.9, "2024": 140, "2029": 121}, "Householder Age 65-74": {"Demographic": null, "2020": 128, "% OF TOTAL": 20.4, "2024": 122, "2029": 118}, "Householder Age 75+": {"Demographic": null, "2020": 95, "% OF TOTAL": 17.8, "2024": 90, "2029": 103}, "Average Household Size": {"Demographic": null, "2020": 2.3, "% OF TOTAL": null, "2024": 2.3, "2029": 2.3}, "1 Person Households": {"Demographic": null, "2020": 204, "% OF TOTAL": 35.6, "2024": 214, "2029": 206}, "2 Person Households": {"Demographic": null, "2020": 175, "% OF TOTAL": 31.8, "2024": 190, "2029": 184}, "3 Person Households": {"Demographic": null, "2020": 109, "% OF TOTAL": 18.8, "2024": 113, "2029": 109}, "4 Person Households": {"Demographic": null, "2020": 68, "% OF TOTAL": 5.4, "2024": 36, "2029": 31}, "5 Person Households": {"Demographic": null, "2020": 42, "% OF TOTAL": 4.1, "2024": 26, "2029": 24}, "6 Person Households": {"Demographic": null, "2020": 22, "% OF TOTAL": 2.6, "2024": 15, "2029": 15}, "7+ Person Households": {"Demographic": null, "2020": 14, "% OF TOTAL": 1.7, "2024": 10, "2029": 10}, "Household Type: Family": {"Demographic": null, "2020": 404, "% OF TOTAL": null, "2024": 384, "2029": null}, "Household Type: Married Family": {"Demographic": null, "2020": 121, "% OF TOTAL": null, "2024": 115, "2029": null}, "Household Type: Married Family With Children": {"Demographic": null, "2020": 21, "% OF TOTAL": null, "2024": 21, "2029": null}, "Household Type: Married Family Without Children": {"Demographic": null, "2020": 100, "% OF TOTAL": null, "2024": 94, "2029": null}, "Household Type: Other Family": {"Demographic": null, "2020": 283, "% OF TOTAL": null, "2024": 269, "2029": null}, "Household Type: Male Households, No Wife": {"Demographic": null, "2020": 38, "% OF TOTAL": null, "2024": 36, "2029": null}, "Household Type: Male Households, No Wife With Children": {"Demographic": null, "2020": 8, "% OF TOTAL": null, "2024": 8, "2029": null}, "Household Type: Male Households, No Wife Without Children": {"Demographic": null, "2020": 30, "% OF TOTAL": null, "2024": 28, "2029": null}, "Household Type: Female Households, No Husband": {"Demographic": null, "2020": 245, "% OF TOTAL": null, "2024": 233, "2029": null}, "Household Type: Female Households, No Husband With Children": {"Demographic": null, "2020": 103, "% OF TOTAL": null, "2024": 98, "2029": null}, "Household Type: Female Households, No Husband Without Children": {"Demographic": null, "2020": 142, "% OF TOTAL": null, "2024": 135, "2029": null}, "Household Income: Average": {"Demographic": null, "2020": 60776, "% OF TOTAL": null, "2024": 78385, "2029": 96321}, "Household Income: Median": {"Demographic": null, "2020": 0, "% OF TOTAL": null, "2024": 21397, "2029": 27838}, "Household Income: Less than $25k": {"Demographic": null, "2020": 296, "% OF TOTAL": 32.0, "2024": 257, "2029": 185}, "Household Income: $25k - $50k": {"Demographic": null, "2020": 190, "% OF TOTAL": 30.2, "2024": 164, "2029": 175}, "Household Income: $50k - $75k": {"Demographic": null, "2020": 56, "% OF TOTAL": 10.5, "2024": 61, "2029": 61}, "Household Income: $75k - $100k": {"Demographic": null, "2020": 14, "% OF TOTAL": 3.6, "2024": 18, "2029": 21}, "Household Income: $100k - $125k": {"Demographic": null, "2020": 20, "% OF TOTAL": 4.1, "2024": 19, "2029": 24}, "Household Income: $125k - $150k": {"Demographic": null, "2020": 5, "% OF TOTAL": 1.9, "2024": 8, "2029": 11}, "Household Income: $150k - $200k": {"Demographic": null, "2020": 0, "% OF TOTAL": 0.0, "2024": 0, "2029": 0}, "Household Income: Above $200k": {"Demographic": null, "2020": 53, "% OF TOTAL": 17.6, "2024": 77, "2029": 102}, "Total Housing Units": {"Demographic": null, "2020": 845, "% OF TOTAL": null, "2024": null, "2029": null}, "Owner Occupied Housing Units": {"Demographic": null, "2020": 363, "% OF TOTAL": null, "2024": 345, "2029": null}, "Renter Occupied Housing Units": {"Demographic": null, "2020": 271, "% OF TOTAL": null, "2024": 259, "2029": null}, "Vacant Housing Units": {"Demographic": null, "2020": 211, "% OF TOTAL": null, "2024": null, "2029": null}, "Vacant Housing Units: Seasonal": {"Demographic": null, "2020": 0, "% OF TOTAL": null, "2024": null, "2029": null}, "Vacant Housing Units: Other Usage": {"Demographic": null, "2020": 211, "% OF TOTAL": null, "2024": null, "2029": null}, "Average Housing Unit Value": {"Demographic": null, "2020": 125425, "% OF TOTAL": null, "2024": 125676, "2029": null}, "Median Housing Unit Value": {"Demographic": null, "2020": 58296, "% OF TOTAL": null, "2024": 58214, "2029": null}, "Housing Unit Value Less Than $100k": {"Demographic": null, "2020": 228, "% OF TOTAL": null, "2024": 218, "2029": null}, "Housing Unit Value $100k-$200k": {"Demographic": null, "2020": 114, "% OF TOTAL": null, "2024": 107, "2029": null}, "Housing Unit Value $200k-$250k": {"Demographic": null, "2020": 4, "% OF TOTAL": null, "2024": 4, "2029": null}, "Housing Unit Value $250k-$300k": {"Demographic": null, "2020": 0, "% OF TOTAL": null, "2024": 0, "2029": null}, "Housing Unit Value $300k-$400k": {"Demographic": null, "2020": 0, "% OF TOTAL": null, "2024": 0, "2029": null}, "Housing Unit Value $400k-$500k": {"Demographic": null, "2020": 0, "% OF TOTAL": null, "2024": 0, "2029": null}, "Housing Unit Value $500k-$750k": {"Demographic": null, "2020": 9, "% OF TOTAL": null, "2024": 8, "2029": null}, "Housing Unit Value $750k-$1m": {"Demographic": null, "2020": 0, "% OF TOTAL": null, "2024": 0, "2029": null}, "Housing Unit Value $1m-$1.5m": {"Demographic": null, "2020": 8, "% OF TOTAL": null, "2024": 8, "2029": null}, "Housing Unit Value $1.5m-$2m": {"Demographic": null, "2020": 0, "% OF TOTAL": null, "2024": 0, "2029": null}, "Housing Unit Value Above $2m": {"Demographic": null, "2020": 0, "% OF TOTAL": null, "2024": 0, "2029": null}, "Median Housing Unit Year Built": {"Demographic": null, "2020": 1957, "% OF TOTAL": null, "2024": 1957, "2029": null}, "Housing Units Built 2014 Or After": {"Demographic": null, "2020": 0, "% OF TOTAL": null, "2024": 0, "2029": null}, "Housing Units Built 2010-2013": {"Demographic": null, "2020": 0, "% OF TOTAL": null, "2024": 0, "2029": null}, "Housing Units Built 2000-2009": {"Demographic": null, "2020": 0, "% OF TOTAL": null, "2024": 0, "2029": null}, "Housing Units Built 1990-1999": {"Demographic": null, "2020": 24, "% OF TOTAL": null, "2024": 22, "2029": null}, "Housing Units Built 1980-1989": {"Demographic": null, "2020": 4, "% OF TOTAL": null, "2024": 4, "2029": null}, "Housing Units Built 1970-1979": {"Demographic": null, "2020": 103, "% OF TOTAL": null, "2024": 97, "2029": null}, "Housing Units Built 1960-1969": {"Demographic": null, "2020": 187, "% OF TOTAL": null, "2024": 178, "2029": null}, "Housing Units Built 1950-1959": {"Demographic": null, "2020": 259, "% OF TOTAL": null, "2024": 248, "2029": null}, "Housing Units Built 1940-1949": {"Demographic": null, "2020": 57, "% OF TOTAL": null, "2024": 55, "2029": null}, "Housing Units Built Before 1940": {"Demographic": null, "2020": 0, "% OF TOTAL": null, "2024": 0, "2029": null}}, "consumer_segments": {"Renters": {"households": 190, "pct": 24.5}, "Entry Level Suburban": {"households": 143, "pct": 18.4}, "Active Adult Entry Level": {"households": 100, "pct": 12.9}, "Renters Near Term Buyers": {"households": 80, "pct": 10.3}, "Entry Level Urban": {"households": 79, "pct": 10.2}, "Feature and Location": {"households": 44, "pct": 5.7}, "Active Adult Feature and Location": {"households": 42, "pct": 5.4}, "Elite": {"households": 37, "pct": 4.8}, "Active Adult Elite": {"households": 34, "pct": 4.4}, "Family Life Young Children": {"households": 7, "pct": 0.9}, "Simple Life Affluent No Children": {"households": 7, "pct": 0.9}, "Family Life School Age Children": {"households": 6, "pct": 0.8}, "Simple Life Moderate Income With Children": {"households": 6, "pct": 0.8}, "Simple Life Moderate Income No Children": {"households": 1, "pct": 0.1}}, "income_age": {"2020": {}, "2024": {}, "2029": {}}, "population_2024": 1397, "population_2029": 1318, "households_2024": 604, "households_2029": 579, "median_household_income_2024": 21397, "median_household_income_2029": 27838, "mean_household_income_2024": null, "mean_household_income_2029": null, "median_age_2024": 42, "median_age_2029": 44, "median_home_value_2024": 58214, "average_household_size_2024": 2.3, "average_household_size_2029": 2.3, "population_growth_2024_2029": -5.9, "households_growth_2024_2029": -4.7}, "geometry": {"type": "Polygon", "coordinates": [[[-88.086556, 30.657299], [-88.086594, 30.660644], [-88.053003, 30.66092], [-88.052956, 30.656632], [-88.086556, 30.657299]]]}}, {"type": "Feature", "properties": {"block": "080", "block_num": 80, "CentroidLon": -88.03888677389628, "CentroidLat": 30.658802013403303, "submarket": "North Mobile", "data_status": "no data", "is_anomalous": false, "anomaly_reason": null, "files_present": ""}, "geometry": {"type": "Polygon", "coordinates": [[[-88.028959, 30.65615], [-88.052956, 30.656632], [-88.053003, 30.66092], [-88.02235, 30.661165], [-88.028959, 30.65615]]]}}]}