{"type": "FeatureCollection", "features": [{"type": "Feature", "properties": {"block": "001", "block_num": 1, "CentroidLon": -87.60930183779188, "CentroidLat": 31.014692446505276, "submarket": "North Baldwin", "data_status": "no data", "is_anomalous": false, "anomaly_reason": null, "files_present": ""}, "geometry": {"type": "Polygon", "coordinates": [[[-87.62430579547762, 31.01417290610952], [-87.62430579547762, 31.014774557778182], [-87.59769178498556, 31.015547776859194], [-87.59781842504353, 31.01417290610952], [-87.62430579547762, 31.01417290610952]]]}}, {"type": "Feature", "properties": {"block": "002", "block_num": 2, "CentroidLon": -87.63120869627063, "CentroidLat": 31.01437345666574, "submarket": "North Baldwin", "data_status": "no data", "is_anomalous": false, "anomaly_reason": null, "files_present": ""}, "geometry": {"type": "Polygon", "coordinates": [[[-87.62430579547762, 31.01417290610952], [-87.64501449785666, 31.01417290610952], [-87.62430579547762, 31.014774557778182], [-87.62430579547762, 31.01417290610952]]]}}, {"type": "Feature", "properties": {"block": "003", "block_num": 3, "CentroidLon": -87.64112971298314, "CentroidLat": 30.99967999005491, "submarket": "North Baldwin", "data_status": "no data", "is_anomalous": false, "anomaly_reason": null, "files_present": ""}, "geometry": {"type": "Polygon", "coordinates": [[[-87.62430579547762, 31.01417290610952], [-87.62430579547762, 30.985259472928462], [-87.65801688845924, 30.985259472928462], [-87.65801688845924, 31.013795146563822], [-87.64501449785666, 31.01417290610952], [-87.62430579547762, 31.01417290610952]]]}}, {"type": "Feature", "properties": {"block": "004", "block_num": 4, "CentroidLon": -87.61080940737236, "CentroidLat": 30.999348526974657, "submarket": "North Baldwin", "data_status": "no data", "is_anomalous": false, "anomaly_reason": null, "files_present": ""}, "geometry": {"type": "Polygon", "coordinates": [[[-87.62430579547762, 30.985259472928462], [-87.62430579547762, 31.01417290610952], [-87.59781842504353, 31.01417290610952], [-87.59905305338212, 31.00076913469107], [-87.59393296558774, 30.985259472928462], [-87.62430579547762, 30.985259472928462]]]}}, {"type": "Feature", "properties": {"block": "005", "block_num": 5, "CentroidLon": -87.67477433106076, "CentroidLat": 30.99928388205282, "submarket": "North Baldwin", "data_status": "no data", "is_anomalous": false, "anomaly_reason": null, "files_present": ""}, "geometry": {"type": "Polygon", "coordinates": [[[-87.65801688845924, 30.985259472928462], [-87.69172798144086, 30.985259472928462], [-87.69172798144086, 31.01281573534946], [-87.65801688845924, 31.013795146563822], [-87.65801688845924, 30.985259472928462]]]}}, {"type": "Feature", "properties": {"block": "006", "block_num": 6, "CentroidLon": -87.70848187412464, "CentroidLat": 30.99879422801366, "submarket": "North Baldwin", "data_status": "no data", "is_anomalous": false, "anomaly_reason": null, "files_present": ""}, "geometry": {"type": "Polygon", "coordinates": [[[-87.69172798144086, 30.985259472928462], [-87.72543907442248, 30.985259472928462], [-87.72543907442248, 31.011836324135096], [-87.69172798144086, 31.01281573534946], [-87.69172798144086, 30.985259472928462]]]}}, {"type": "Feature", "properties": {"block": "007", "block_num": 7, "CentroidLon": -87.74218915063359, "CentroidLat": 30.998304577846632, "submarket": "North Baldwin", "data_status": "no data", "is_anomalous": false, "anomaly_reason": null, "files_present": ""}, "geometry": {"type": "Polygon", "coordinates": [[[-87.72543907442248, 30.985259472928462], [-87.7591501674041, 30.985259472928462], [-87.7591501674041, 31.010856912920733], [-87.72543907442248, 31.011836324135096], [-87.72543907442248, 30.985259472928462]]]}}, {"type": "Feature", "properties": {"block": "008", "block_num": 8, "CentroidLon": -87.77589612939394, "CentroidLat": 30.997814932004857, "submarket": "North Baldwin", "data_status": "no data", "is_anomalous": false, "anomaly_reason": null, "files_present": ""}, "geometry": {"type": "Polygon", "coordinates": [[[-87.7591501674041, 30.985259472928462], [-87.79286126038572, 30.985259472928462], [-87.79286126038572, 31.00987750170637], [-87.7591501674041, 31.010856912920733], [-87.7591501674041, 30.985259472928462]]]}}, {"type": "Feature", "properties": {"block": "009", "block_num": 9, "CentroidLon": -87.80960277414731, "CentroidLat": 30.99732529101505, "submarket": "North Baldwin", "data_status": "no data", "is_anomalous": false, "anomaly_reason": null, "files_present": ""}, "geometry": {"type": "Polygon", "coordinates": [[[-87.79286126038572, 30.985259472928462], [-87.82657235336734, 30.985259472928462], [-87.82657235336734, 31.00889809049201], [-87.79286126038572, 31.00987750170637], [-87.79286126038572, 30.985259472928462]]]}}, {"type": "Feature", "properties": {"block": "010", "block_num": 10, "CentroidLon": -87.84330904249896, "CentroidLat": 30.99683565549307, "submarket": "North Baldwin", "data_status": "no data", "is_anomalous": false, "anomaly_reason": null, "files_present": ""}, "geometry": {"type": "Polygon", "coordinates": [[[-87.82657235336734, 30.985259472928462], [-87.86028344634896, 30.985259472928462], [-87.86028344634896, 31.007918679277648], [-87.82657235336734, 31.00889809049201], [-87.82657235336734, 30.985259472928462]]]}}, {"type": "Feature", "properties": {"block": "011", "block_num": 11, "CentroidLon": -87.87633849217163, "CentroidLat": 30.996307624905917, "submarket": "North Baldwin", "data_status": "no data", "is_anomalous": false, "anomaly_reason": null, "files_present": ""}, "geometry": {"type": "Polygon", "coordinates": [[[-87.86028344634896, 30.985259472928462], [-87.89305975050505, 30.985259472928462], [-87.89217951480167, 31.00699200012329], [-87.86028344634896, 31.007918679277648], [-87.86028344634896, 30.985259472928462]]]}}, {"type": "Feature", "properties": {"block": "012", "block_num": 12, "CentroidLon": -87.87621782492045, "CentroidLat": 30.971222272894522, "submarket": "North Baldwin", "data_status": "no data", "is_anomalous": false, "anomaly_reason": null, "files_present": ""}, "geometry": {"type": "Polygon", "coordinates": [[[-87.86028344634896, 30.985259472928462], [-87.86028344634896, 30.956346039747405], [-87.88722969815265, 30.956346039747405], [-87.89369203524252, 30.969648716400897], [-87.89305975050505, 30.985259472928462], [-87.86028344634896, 30.985259472928462]]]}}, {"type": "Feature", "properties": {"block": "013", "block_num": 13, "CentroidLon": -87.84342789985816, "CentroidLat": 30.970802756337932, "submarket": "North Baldwin", "data_status": "usable", "is_anomalous": false, "anomaly_reason": null, "files_present": "ConsumerSegmentation-26.08.06.csv;DemographicSnapshot-26.08.06.csv;HouseholdIncomeByAge-26.08.06.csv;HouseholdTrends-26.08.06.csv;PopulationTrends-26.08.06.csv", "population_2024": 1452, "population_2029": 1445, "households_2024": 604, "households_2029": 600, "median_household_income": 78125, "mean_household_income": null, "median_home_value_2024": 191667, "average_household_size_2024": 2.4, "population_growth_2024_2029": -2.0, "households_growth_2024_2029": -2.3, "median_age_2024": 49, "consumer_segments": {"Renters": {"households": 96, "pct": 21.2}, "Simple Life Moderate Income No Children": {"households": 91, "pct": 20.1}, "Simple Life Moderate Income With Children": {"households": 87, "pct": 19.2}, "Active Adult Elite": {"households": 68, "pct": 15.0}, "Simple Life Affluent No Children": {"households": 30, "pct": 6.6}, "Active Adult Feature and Location": {"households": 26, "pct": 5.7}, "Family Life Young Children": {"households": 22, "pct": 4.9}, "Renters Near Term Buyers": {"households": 12, "pct": 2.6}, "Active Adult Entry Level": {"households": 12, "pct": 2.6}, "Elite": {"households": 9, "pct": 2.0}, "Family Life School Age Children": {"households": 0, "pct": 0.0}, "Feature and Location": {"households": 0, "pct": 0.0}, "Entry Level Urban": {"households": 0, "pct": 0.0}, "Entry Level Suburban": {"households": 0, "pct": 0.0}}, "income_age": {"2020": {}, "2024": {}, "2029": {}}, "population_trends": {"Total Population": {"Demographic": "Total Population", "2020": 1482, "% OF TOTAL": null, "2024": 1452, "2029": 1445}, "Population Growth": {"Demographic": "Population Growth", "2020": null, "% OF TOTAL": null, "2024": -2.0, "2029": -0.5}, "Female Population": {"Demographic": "Female Population", "2020": 752, "% OF TOTAL": 50.9, "2024": 739, "2029": 736}, "Male Population": {"Demographic": "Male Population", "2020": 730, "% OF TOTAL": 49.1, "2024": 713, "2029": 709}, "Total population: Median Age": {"Demographic": "Total population: Median Age", "2020": 48, "% OF TOTAL": null, "2024": 49, "2029": 50}, "Total population: Under 5 years": {"Demographic": "Total population: Under 5 years", "2020": 62, "% OF TOTAL": 3.9, "2024": 58, "2029": 56}, "Total population: 5 - 9 years": {"Demographic": "Total population: 5 - 9 years", "2020": 76, "% OF TOTAL": 4.6, "2024": 74, "2029": 66}, "Total population: 10 - 14 years": {"Demographic": "Total population: 10 - 14 years", "2020": 78, "% OF TOTAL": 5.0, "2024": 74, "2029": 72}, "Total population: 15 - 19 years": {"Demographic": "Total population: 15 - 19 years", "2020": 81, "% OF TOTAL": 5.0, "2024": 81, "2029": 72}, "Total population: 20 - 24 years": {"Demographic": "Total population: 20 - 24 years", "2020": 63, "% OF TOTAL": 4.2, "2024": 62, "2029": 60}, "Total population: 25 - 29 years": {"Demographic": "Total population: 25 - 29 years", "2020": 70, "% OF TOTAL": 4.6, "2024": 66, "2029": 66}, "Total population: 30 - 34 years": {"Demographic": "Total population: 30 - 34 years", "2020": 59, "% OF TOTAL": 4.3, "2024": 60, "2029": 62}, "Total population: 35 - 39 years": {"Demographic": "Total population: 35 - 39 years", "2020": 59, "% OF TOTAL": 4.2, "2024": 57, "2029": 61}, "Total population: 40 - 44 years": {"Demographic": "Total population: 40 - 44 years", "2020": 103, "% OF TOTAL": 6.1, "2024": 102, "2029": 88}, "Total population: 45 - 49 years": {"Demographic": "Total population: 45 - 49 years", "2020": 123, "% OF TOTAL": 8.0, "2024": 113, "2029": 116}, "Total population: 50 - 54 years": {"Demographic": "Total population: 50 - 54 years", "2020": 102, "% OF TOTAL": 7.1, "2024": 102, "2029": 102}, "Total population: 55 - 59 years": {"Demographic": "Total population: 55 - 59 years", "2020": 88, "% OF TOTAL": 5.5, "2024": 79, "2029": 80}, "Total population: 60 - 64 years": {"Demographic": "Total population: 60 - 64 years", "2020": 133, "% OF TOTAL": 7.5, "2024": 132, "2029": 108}, "Total population: 65 - 69 years": {"Demographic": "Total population: 65 - 69 years", "2020": 137, "% OF TOTAL": 9.4, "2024": 138, "2029": 136}, "Total population: 70 - 74 years": {"Demographic": "Total population: 70 - 74 years", "2020": 116, "% OF TOTAL": 8.5, "2024": 111, "2029": 123}, "Total population: 75 - 79 years": {"Demographic": "Total population: 75 - 79 years", "2020": 70, "% OF TOTAL": 6.1, "2024": 77, "2029": 88}, "Total population: 80 - 84 years": {"Demographic": "Total population: 80 - 84 years", "2020": 41, "% OF TOTAL": 4.0, "2024": 45, "2029": 58}, "Total population: 85 years and over": {"Demographic": "Total population: 85 years and over", "2020": 21, "% OF TOTAL": 2.1, "2024": 21, "2029": 31}, "Female population: Median Age": {"Demographic": "Female population: Median Age", "2020": 49, "% OF TOTAL": null, "2024": 49, "2029": 50}, "Female population: Under 5 years": {"Demographic": "Female population: Under 5 years", "2020": 23, "% OF TOTAL": 3.0, "2024": 22, "2029": 22}, "Female population: 5 - 9 years": {"Demographic": "Female population: 5 - 9 years", "2020": 47, "% OF TOTAL": 5.2, "2024": 47, "2029": 38}, "Female population: 10 - 14 years": {"Demographic": "Female population: 10 - 14 years", "2020": 40, "% OF TOTAL": 5.3, "2024": 38, "2029": 39}, "Female population: 15 - 19 years": {"Demographic": "Female population: 15 - 19 years", "2020": 40, "% OF TOTAL": 5.0, "2024": 40, "2029": 37}, "Female population: 20 - 24 years": {"Demographic": "Female population: 20 - 24 years", "2020": 32, "% OF TOTAL": 4.2, "2024": 31, "2029": 31}, "Female population: 25 - 29 years": {"Demographic": "Female population: 25 - 29 years", "2020": 38, "% OF TOTAL": 4.9, "2024": 36, "2029": 36}, "Female population: 30 - 34 years": {"Demographic": "Female population: 30 - 34 years", "2020": 31, "% OF TOTAL": 4.3, "2024": 31, "2029": 32}, "Female population: 35 - 39 years": {"Demographic": "Female population: 35 - 39 years", "2020": 24, "% OF TOTAL": 3.8, "2024": 23, "2029": 28}, "Female population: 40 - 44 years": {"Demographic": "Female population: 40 - 44 years", "2020": 46, "% OF TOTAL": 5.3, "2024": 46, "2029": 39}, "Female population: 45 - 49 years": {"Demographic": "Female population: 45 - 49 years", "2020": 63, "% OF TOTAL": 7.7, "2024": 58, "2029": 57}, "Female population: 50 - 54 years": {"Demographic": "Female population: 50 - 54 years", "2020": 56, "% OF TOTAL": 7.6, "2024": 56, "2029": 56}, "Female population: 55 - 59 years": {"Demographic": "Female population: 55 - 59 years", "2020": 48, "% OF TOTAL": 6.0, "2024": 44, "2029": 44}, "Female population: 60 - 64 years": {"Demographic": "Female population: 60 - 64 years", "2020": 79, "% OF TOTAL": 8.6, "2024": 77, "2029": 63}, "Female population: 65 - 69 years": {"Demographic": "Female population: 65 - 69 years", "2020": 63, "% OF TOTAL": 9.1, "2024": 64, "2029": 67}, "Female population: 70 - 74 years": {"Demographic": "Female population: 70 - 74 years", "2020": 54, "% OF TOTAL": 7.9, "2024": 53, "2029": 58}, "Female population: 75 - 79 years": {"Demographic": "Female population: 75 - 79 years", "2020": 39, "% OF TOTAL": 6.3, "2024": 43, "2029": 46}, "Female population: 80 - 84 years": {"Demographic": "Female population: 80 - 84 years", "2020": 19, "% OF TOTAL": 3.9, "2024": 20, "2029": 29}, "Female population: 85 years and over": {"Demographic": "Female population: 85 years and over", "2020": 10, "% OF TOTAL": 1.9, "2024": 10, "2029": 14}, "Male population: Median Age": {"Demographic": "Male population: Median Age", "2020": 47, "% OF TOTAL": null, "2024": 48, "2029": 49}, "Male population: Under 5 years": {"Demographic": "Male population: Under 5 years", "2020": 39, "% OF TOTAL": 4.8, "2024": 36, "2029": 34}, "Male population: 5 - 9 years": {"Demographic": "Male population: 5 - 9 years", "2020": 29, "% OF TOTAL": 3.9, "2024": 27, "2029": 28}, "Male population: 10 - 14 years": {"Demographic": "Male population: 10 - 14 years", "2020": 38, "% OF TOTAL": 4.7, "2024": 36, "2029": 33}, "Male population: 15 - 19 years": {"Demographic": "Male population: 15 - 19 years", "2020": 41, "% OF TOTAL": 4.9, "2024": 41, "2029": 35}, "Male population: 20 - 24 years": {"Demographic": "Male population: 20 - 24 years", "2020": 31, "% OF TOTAL": 4.1, "2024": 31, "2029": 29}, "Male population: 25 - 29 years": {"Demographic": "Male population: 25 - 29 years", "2020": 32, "% OF TOTAL": 4.2, "2024": 30, "2029": 30}, "Male population: 30 - 34 years": {"Demographic": "Male population: 30 - 34 years", "2020": 28, "% OF TOTAL": 4.2, "2024": 29, "2029": 30}, "Male population: 35 - 39 years": {"Demographic": "Male population: 35 - 39 years", "2020": 35, "% OF TOTAL": 4.7, "2024": 34, "2029": 33}, "Male population: 40 - 44 years": {"Demographic": "Male population: 40 - 44 years", "2020": 57, "% OF TOTAL": 6.9, "2024": 56, "2029": 49}, "Male population: 45 - 49 years": {"Demographic": "Male population: 45 - 49 years", "2020": 60, "% OF TOTAL": 8.3, "2024": 55, "2029": 59}, "Male population: 50 - 54 years": {"Demographic": "Male population: 50 - 54 years", "2020": 46, "% OF TOTAL": 6.5, "2024": 46, "2029": 46}, "Male population: 55 - 59 years": {"Demographic": "Male population: 55 - 59 years", "2020": 40, "% OF TOTAL": 5.1, "2024": 35, "2029": 36}, "Male population: 60 - 64 years": {"Demographic": "Male population: 60 - 64 years", "2020": 54, "% OF TOTAL": 6.3, "2024": 55, "2029": 45}, "Male population: 65 - 69 years": {"Demographic": "Male population: 65 - 69 years", "2020": 74, "% OF TOTAL": 9.7, "2024": 74, "2029": 69}, "Male population: 70 - 74 years": {"Demographic": "Male population: 70 - 74 years", "2020": 62, "% OF TOTAL": 9.2, "2024": 58, "2029": 65}, "Male population: 75 - 79 years": {"Demographic": "Male population: 75 - 79 years", "2020": 31, "% OF TOTAL": 5.9, "2024": 34, "2029": 42}, "Male population: 80 - 84 years": {"Demographic": "Male population: 80 - 84 years", "2020": 22, "% OF TOTAL": 4.1, "2024": 25, "2029": 29}, "Male population: 85 years and over": {"Demographic": "Male population: 85 years and over", "2020": 11, "% OF TOTAL": 2.4, "2024": 11, "2029": 17}, "White alone": {"Demographic": "White alone", "2020": 1170, "% OF TOTAL": 78.4, "2024": 1144, "2029": 1133}, "Black alone": {"Demographic": "Black alone", "2020": 232, "% OF TOTAL": 15.9, "2024": 226, "2029": 230}, "American Indian and Alaska Native alone": {"Demographic": "American Indian and Alaska Native alone", "2020": 23, "% OF TOTAL": 1.6, "2024": 23, "2029": 23}, "Asian alone": {"Demographic": "Asian alone", "2020": 1, "% OF TOTAL": 0.1, "2024": 1, "2029": 1}, "Native Hawaiian and OPI alone": {"Demographic": "Native Hawaiian and OPI alone", "2020": 4, "% OF TOTAL": 0.3, "2024": 4, "2029": 4}, "Some other race alone": {"Demographic": "Some other race alone", "2020": 7, "% OF TOTAL": 0.5, "2024": 7, "2029": 7}, "Two or more races alone": {"Demographic": "Two or more races alone", "2020": 45, "% OF TOTAL": 3.3, "2024": 47, "2029": 47}, "Not Hispanic: White alone": {"Demographic": "Not Hispanic: White alone", "2020": 1168, "% OF TOTAL": 78.3, "2024": 1142, "2029": 1131}, "Not Hispanic: Black or African American alone": {"Demographic": "Not Hispanic: Black or African American alone", "2020": 231, "% OF TOTAL": 15.8, "2024": 225, "2029": 229}, "Not Hispanic: American Indian and Alaska Native alone": {"Demographic": "Not Hispanic: American Indian and Alaska Native alone", "2020": 23, "% OF TOTAL": 1.6, "2024": 23, "2029": 23}, "Not Hispanic: Asian alone": {"Demographic": "Not Hispanic: Asian alone", "2020": 1, "% OF TOTAL": 0.1, "2024": 1, "2029": 1}, "Not Hispanic: Native Hawaiian and OPI alone": {"Demographic": "Not Hispanic: Native Hawaiian and OPI alone", "2020": 4, "% OF TOTAL": 0.3, "2024": 4, "2029": 4}, "Not Hispanic: Some Other Race alone": {"Demographic": "Not Hispanic: Some Other Race alone", "2020": 4, "% OF TOTAL": 0.3, "2024": 4, "2029": 4}, "Not Hispanic: Two or More Races": {"Demographic": "Not Hispanic: Two or More Races", "2020": 40, "% OF TOTAL": 2.9, "2024": 42, "2029": 42}, "Hispanic: White alone": {"Demographic": "Hispanic: White alone", "2020": 2, "% OF TOTAL": 0.1, "2024": 2, "2029": 2}, "Hispanic: Black or African American alone": {"Demographic": "Hispanic: Black or African American alone", "2020": 1, "% OF TOTAL": 0.1, "2024": 1, "2029": 1}, "Hispanic: American Indian and Alaska Native alone": {"Demographic": "Hispanic: American Indian and Alaska Native alone", "2020": 0, "% OF TOTAL": 0.0, "2024": 0, "2029": 0}, "Hispanic: Asian alone": {"Demographic": "Hispanic: Asian alone", "2020": 0, "% OF TOTAL": 0.0, "2024": 0, "2029": 0}, "Hispanic: Native Hawaiian and OPI alone": {"Demographic": "Hispanic: Native Hawaiian and OPI alone", "2020": 0, "% OF TOTAL": 0.0, "2024": 0, "2029": 0}, "Hispanic: Some Other Race alone": {"Demographic": "Hispanic: Some Other Race alone", "2020": 3, "% OF TOTAL": 0.2, "2024": 3, "2029": 3}, "Hispanic: Two or More Races": {"Demographic": "Hispanic: Two or More Races", "2020": 5, "% OF TOTAL": 0.3, "2024": 5, "2029": 5}, "Educational Attainment: No High School Diploma": {"Demographic": "Educational Attainment: No High School Diploma", "2020": 183, "% OF TOTAL": null, "2024": 181, "2029": null}, "Educational Attainment: High School Diploma": {"Demographic": "Educational Attainment: High School Diploma", "2020": 532, "% OF TOTAL": null, "2024": 523, "2029": null}, "Educational Attainment: Some College": {"Demographic": "Educational Attainment: Some College", "2020": 108, "% OF TOTAL": null, "2024": 106, "2029": null}, "Educational Attainment: Associates Degree": {"Demographic": "Educational Attainment: Associates Degree", "2020": 103, "% OF TOTAL": null, "2024": 101, "2029": null}, "Educational Attainment: Bachelors Degree": {"Demographic": "Educational Attainment: Bachelors Degree", "2020": 163, "% OF TOTAL": null, "2024": 160, "2029": null}, "Educational Attainment: Advanced Degree": {"Demographic": "Educational Attainment: Advanced Degree", "2020": 33, "% OF TOTAL": null, "2024": 32, "2029": null}, "Employment Status: Armed Forces": {"Demographic": "Employment Status: Armed Forces", "2020": 0, "% OF TOTAL": null, "2024": 0, "2029": null}, "Employment Status: Civilian labor force employed": {"Demographic": "Employment Status: Civilian labor force employed", "2020": 611, "% OF TOTAL": null, "2024": 607, "2029": null}, "Employment Status: Civilian labor force unemployed": {"Demographic": "Employment Status: Civilian labor force unemployed", "2020": 4, "% OF TOTAL": null, "2024": 3, "2029": null}, "Employment Status: Not in labor force": {"Demographic": "Employment Status: Not in labor force", "2020": 632, "% OF TOTAL": null, "2024": 628, "2029": null}, "Employed in Agriculture and Mining Industries": {"Demographic": "Employed in Agriculture and Mining Industries", "2020": 14, "% OF TOTAL": null, "2024": 14, "2029": null}, "Employed in Construction Industries": {"Demographic": "Employed in Construction Industries", "2020": 25, "% OF TOTAL": null, "2024": 25, "2029": null}, "Employed in Manufacturing Industries": {"Demographic": "Employed in Manufacturing Industries", "2020": 76, "% OF TOTAL": null, "2024": 75, "2029": null}, "Employed in Wholesale Industries": {"Demographic": "Employed in Wholesale Industries", "2020": 6, "% OF TOTAL": null, "2024": 6, "2029": null}, "Employed in Retail Industries": {"Demographic": "Employed in Retail Industries", "2020": 101, "% OF TOTAL": null, "2024": 100, "2029": null}, "Employed in Transportation and Utilities Industries": {"Demographic": "Employed in Transportation and Utilities Industries", "2020": 100, "% OF TOTAL": null, "2024": 99, "2029": null}, "Employed in Information Industries": {"Demographic": "Employed in Information Industries", "2020": 0, "% OF TOTAL": null, "2024": 0, "2029": null}, "Employed in Real-Estate Industries": {"Demographic": "Employed in Real-Estate Industries", "2020": 51, "% OF TOTAL": null, "2024": 51, "2029": null}, "Employed in Professional Industries": {"Demographic": "Employed in Professional Industries", "2020": 15, "% OF TOTAL": null, "2024": 15, "2029": null}, "Employed in Health and Education Industries": {"Demographic": "Employed in Health and Education Industries", "2020": 141, "% OF TOTAL": null, "2024": 140, "2029": null}, "Employed in Art Industries": {"Demographic": "Employed in Art Industries", "2020": 42, "% OF TOTAL": null, "2024": 42, "2029": null}, "Employed in Other Industries": {"Demographic": "Employed in Other Industries", "2020": 19, "% OF TOTAL": null, "2024": 19, "2029": null}, "Employed in Public Administration Industries": {"Demographic": "Employed in Public Administration Industries", "2020": 21, "% OF TOTAL": null, "2024": 21, "2029": null}, "Occupation: Management": {"Demographic": "Occupation: Management", "2020": 8, "% OF TOTAL": null, "2024": 8, "2029": null}, "Occupation: Business and financial operations": {"Demographic": "Occupation: Business and financial operations", "2020": 31, "% OF TOTAL": null, "2024": 31, "2029": null}, "Occupation: Computer and mathematical": {"Demographic": "Occupation: Computer and mathematical", "2020": 0, "% OF TOTAL": null, "2024": 0, "2029": null}, "Occupation: Architecture and engineering": {"Demographic": "Occupation: Architecture and engineering", "2020": 0, "% OF TOTAL": null, "2024": 0, "2029": null}, "Occupation: Life, physical, and social science": {"Demographic": "Occupation: Life, physical, and social science", "2020": 0, "% OF TOTAL": null, "2024": 0, "2029": null}, "Occupation: Community and social service": {"Demographic": "Occupation: Community and social service", "2020": 8, "% OF TOTAL": null, "2024": 8, "2029": null}, "Occupation: Legal": {"Demographic": "Occupation: Legal", "2020": 6, "% OF TOTAL": null, "2024": 6, "2029": null}, "Occupation: Education, training, and library": {"Demographic": "Occupation: Education, training, and library", "2020": 79, "% OF TOTAL": null, "2024": 78, "2029": null}, "Occupation: Arts, design, entertainment, sports, and media": {"Demographic": "Occupation: Arts, design, entertainment, sports, and media", "2020": 0, "% OF TOTAL": null, "2024": 0, "2029": null}, "Occupation: Health diagnosing and treating practitioners": {"Demographic": "Occupation: Health diagnosing and treating practitioners", "2020": 38, "% OF TOTAL": null, "2024": 38, "2029": null}, "Occupation: Health technologists and technicians": {"Demographic": "Occupation: Health technologists and technicians", "2020": 4, "% OF TOTAL": null, "2024": 4, "2029": null}, "Occupation: Healthcare support": {"Demographic": "Occupation: Healthcare support", "2020": 13, "% OF TOTAL": null, "2024": 13, "2029": null}, "Occupation: Fire fighting and prevention": {"Demographic": "Occupation: Fire fighting and prevention", "2020": 15, "% OF TOTAL": null, "2024": 15, "2029": null}, "Occupation: Law enforcement workers": {"Demographic": "Occupation: Law enforcement workers", "2020": 0, "% OF TOTAL": null, "2024": 0, "2029": null}, "Occupation: Food preparation and serving related": {"Demographic": "Occupation: Food preparation and serving related", "2020": 72, "% OF TOTAL": null, "2024": 71, "2029": null}, "Occupation: Building and grounds cleaning and maintenance": {"Demographic": "Occupation: Building and grounds cleaning and maintenance", "2020": 20, "% OF TOTAL": null, "2024": 20, "2029": null}, "Occupation: Personal care and service": {"Demographic": "Occupation: Personal care and service", "2020": 7, "% OF TOTAL": null, "2024": 7, "2029": null}, "Occupation: Sales and related": {"Demographic": "Occupation: Sales and related", "2020": 43, "% OF TOTAL": null, "2024": 43, "2029": null}, "Occupation: Office and administrative support": {"Demographic": "Occupation: Office and administrative support", "2020": 63, "% OF TOTAL": null, "2024": 62, "2029": null}, "Occupation: Farming, fishing, and forestry": {"Demographic": "Occupation: Farming, fishing, and forestry", "2020": 0, "% OF TOTAL": null, "2024": 0, "2029": null}, "Occupation: Construction and extraction": {"Demographic": "Occupation: Construction and extraction", "2020": 55, "% OF TOTAL": null, "2024": 55, "2029": null}, "Occupation: Installation, maintenance, and repair": {"Demographic": "Occupation: Installation, maintenance, and repair", "2020": 5, "% OF TOTAL": null, "2024": 5, "2029": null}, "Occupation: Production": {"Demographic": "Occupation: Production", "2020": 84, "% OF TOTAL": null, "2024": 83, "2029": null}, "Occupation: Transportation": {"Demographic": "Occupation: Transportation", "2020": 13, "% OF TOTAL": null, "2024": 13, "2029": null}, "Occupation: Material moving": {"Demographic": "Occupation: Material moving", "2020": 47, "% OF TOTAL": null, "2024": 47, "2029": null}, "White collar": {"Demographic": "White collar", "2020": 280, "% OF TOTAL": null, "2024": 278, "2029": null}, "Blue collar": {"Demographic": "Blue collar", "2020": 331, "% OF TOTAL": null, "2024": 329, "2029": null}, "Means of transportation: Car, truck or van": {"Demographic": "Means of transportation: Car, truck or van", "2020": 589, "% OF TOTAL": null, "2024": 585, "2029": null}, "Means of transportation: Public transportation": {"Demographic": "Means of transportation: Public transportation", "2020": 0, "% OF TOTAL": null, "2024": 0, "2029": null}, "Means of transportation: Other": {"Demographic": "Means of transportation: Other", "2020": 14, "% OF TOTAL": null, "2024": 14, "2029": null}, "Travel time: Average (in minutes)": {"Demographic": "Travel time: Average (in minutes)", "2020": 27, "% OF TOTAL": null, "2024": 27, "2029": null}, "Travel time to work: Less than 30 minutes": {"Demographic": "Travel time to work: Less than 30 minutes", "2020": 379, "% OF TOTAL": null, "2024": 376, "2029": null}, "Travel time to work: 30 to 60 minutes": {"Demographic": "Travel time to work: 30 to 60 minutes", "2020": 216, "% OF TOTAL": null, "2024": 215, "2029": null}, "Travel time to work: 60 or more minutes": {"Demographic": "Travel time to work: 60 or more minutes", "2020": 8, "% OF TOTAL": null, "2024": 8, "2029": null}}, "demographic_snapshot": {"Total Population": {"Demographic": "Total Population", "2020": 1482, "% OF TOTAL": null, "2024": 1452, "2029": 1445}, "Households": {"Demographic": "Households", "2020": 618, "% OF TOTAL": null, "2024": 604, "2029": 600}, "Population in Group Quarters": {"Demographic": "Population in Group Quarters", "2020": 0, "% OF TOTAL": null, "2024": 0, "2029": 0}, "Households Growth": {"Demographic": "Households Growth", "2020": null, "% OF TOTAL": null, "2024": -2.3, "2029": -0.7}, "Household Income: Median": {"Demographic": "Household Income: Median", "2020": 0, "% OF TOTAL": null, "2024": 78125, "2029": 113298}, "Home Value: Median": {"Demographic": "Home Value: Median", "2020": 191667, "% OF TOTAL": null, "2024": 191667, "2029": null}, "Population Growth": {"Demographic": "Population Growth", "2020": null, "% OF TOTAL": null, "2024": -2.0, "2029": -0.5}, "Total Population: Under 19 years": {"Demographic": "Total Population: Under 19 years", "2020": 297, "% OF TOTAL": 18.4, "2024": 287, "2029": 266}, "Total Population: 20 - 64 years": {"Demographic": "Total Population: 20 - 64 years", "2020": 800, "% OF TOTAL": 51.4, "2024": 773, "2029": 743}, "Total Population: 65 years and over": {"Demographic": "Total Population: 65 years and over", "2020": 385, "% OF TOTAL": 30.2, "2024": 392, "2029": 436}, "Total population: Median age": {"Demographic": "Total population: Median age", "2020": 48, "% OF TOTAL": null, "2024": 49, "2029": 50}, "Total population: Under 5 years": {"Demographic": "Total population: Under 5 years", "2020": 62, "% OF TOTAL": 3.9, "2024": 58, "2029": 56}, "Total population: 5 - 9 years": {"Demographic": "Total population: 5 - 9 years", "2020": 76, "% OF TOTAL": 4.6, "2024": 74, "2029": 66}, "Total population: 10 - 14 years": {"Demographic": "Total population: 10 - 14 years", "2020": 78, "% OF TOTAL": 5.0, "2024": 74, "2029": 72}, "Total population: 15 - 19 years": {"Demographic": "Total population: 15 - 19 years", "2020": 81, "% OF TOTAL": 5.0, "2024": 81, "2029": 72}, "Total population: 20 - 24 years": {"Demographic": "Total population: 20 - 24 years", "2020": 63, "% OF TOTAL": 4.2, "2024": 62, "2029": 60}, "Total population: 25 - 29 years": {"Demographic": "Total population: 25 - 29 years", "2020": 70, "% OF TOTAL": 4.6, "2024": 66, "2029": 66}, "Total population: 30 - 34 years": {"Demographic": "Total population: 30 - 34 years", "2020": 59, "% OF TOTAL": 4.3, "2024": 60, "2029": 62}, "Total population: 35 - 39 years": {"Demographic": "Total population: 35 - 39 years", "2020": 59, "% OF TOTAL": 4.2, "2024": 57, "2029": 61}, "Total population: 40 - 44 years": {"Demographic": "Total population: 40 - 44 years", "2020": 103, "% OF TOTAL": 6.1, "2024": 102, "2029": 88}, "Total population: 45 - 49 years": {"Demographic": "Total population: 45 - 49 years", "2020": 123, "% OF TOTAL": 8.0, "2024": 113, "2029": 116}, "Total population: 50 - 54 years": {"Demographic": "Total population: 50 - 54 years", "2020": 102, "% OF TOTAL": 7.1, "2024": 102, "2029": 102}, "Total population: 55 - 59 years": {"Demographic": "Total population: 55 - 59 years", "2020": 88, "% OF TOTAL": 5.5, "2024": 79, "2029": 80}, "Total population: 60 - 64 years": {"Demographic": "Total population: 60 - 64 years", "2020": 133, "% OF TOTAL": 7.5, "2024": 132, "2029": 108}, "Total population: 65 - 69 years": {"Demographic": "Total population: 65 - 69 years", "2020": 137, "% OF TOTAL": 9.4, "2024": 138, "2029": 136}, "Total population: 70 - 74 years": {"Demographic": "Total population: 70 - 74 years", "2020": 116, "% OF TOTAL": 8.5, "2024": 111, "2029": 123}, "Total population: 75 - 79 years": {"Demographic": "Total population: 75 - 79 years", "2020": 70, "% OF TOTAL": 6.1, "2024": 77, "2029": 88}, "Total population: 80 - 84 years": {"Demographic": "Total population: 80 - 84 years", "2020": 41, "% OF TOTAL": 4.0, "2024": 45, "2029": 58}, "Total population: 85 years and over": {"Demographic": "Total population: 85 years and over", "2020": 21, "% OF TOTAL": 2.1, "2024": 21, "2029": 31}, "Householders Age 15-24": {"Demographic": "Householders Age 15-24", "2020": 11, "% OF TOTAL": 1.7, "2024": 11, "2029": 10}, "Householders Age 25-34": {"Demographic": "Householders Age 25-34", "2020": 52, "% OF TOTAL": 8.3, "2024": 50, "2029": 50}, "Householders Age 35-44": {"Demographic": "Householders Age 35-44", "2020": 70, "% OF TOTAL": 10.5, "2024": 68, "2029": 63}, "Householders Age 45-54": {"Demographic": "Householders Age 45-54", "2020": 114, "% OF TOTAL": 18.7, "2024": 112, "2029": 112}, "Householders Age 55-64": {"Demographic": "Householders Age 55-64", "2020": 135, "% OF TOTAL": 19.3, "2024": 132, "2029": 116}, "Householders Age 65-74": {"Demographic": "Householders Age 65-74", "2020": 163, "% OF TOTAL": 27.2, "2024": 160, "2029": 163}, "Householders Age 75+": {"Demographic": "Householders Age 75+", "2020": 73, "% OF TOTAL": 14.3, "2024": 71, "2029": 86}, "Household income: Average": {"Demographic": "Household income: Average", "2020": 97860, "% OF TOTAL": null, "2024": 98320, "2029": 122725}, "Household income: Less than 25k": {"Demographic": "Household income: Less than 25k", "2020": 114, "% OF TOTAL": 12.5, "2024": 130, "2029": 75}, "Household income: 25k - 50k": {"Demographic": "Household income: 25k - 50k", "2020": 125, "% OF TOTAL": 15.5, "2024": 102, "2029": 93}, "Household income: 50k - 75k": {"Demographic": "Household income: 50k - 75k", "2020": 51, "% OF TOTAL": 8.7, "2024": 62, "2029": 52}, "Household income: 75k - 100k": {"Demographic": "Household income: 75k - 100k", "2020": 76, "% OF TOTAL": 9.2, "2024": 64, "2029": 55}, "Household income: 100k - 125k": {"Demographic": "Household income: 100k - 125k", "2020": 33, "% OF TOTAL": 7.8, "2024": 46, "2029": 47}, "Household income: 125k - 150k": {"Demographic": "Household income: 125k - 150k", "2020": 131, "% OF TOTAL": 26.7, "2024": 102, "2029": 160}, "Household income: 150k - 200k": {"Demographic": "Household income: 150k - 200k", "2020": 46, "% OF TOTAL": 7.3, "2024": 52, "2029": 44}, "Household income: Above 200k": {"Demographic": "Household income: Above 200k", "2020": 42, "% OF TOTAL": 12.3, "2024": 46, "2029": 74}, "White Alone": {"Demographic": "White Alone", "2020": 1170, "% OF TOTAL": 78.4, "2024": 1144, "2029": 1133}, "Black or African American Alone": {"Demographic": "Black or African American Alone", "2020": 232, "% OF TOTAL": 15.9, "2024": 226, "2029": 230}, "American Indian and Alaska Native Alone": {"Demographic": "American Indian and Alaska Native Alone", "2020": 23, "% OF TOTAL": 1.6, "2024": 23, "2029": 23}, "Asian Alone": {"Demographic": "Asian Alone", "2020": 1, "% OF TOTAL": 0.1, "2024": 1, "2029": 1}, "Native Hawaiian and OPI Alone": {"Demographic": "Native Hawaiian and OPI Alone", "2020": 4, "% OF TOTAL": 0.3, "2024": 4, "2029": 4}, "Some Other Race Alone": {"Demographic": "Some Other Race Alone", "2020": 7, "% OF TOTAL": 0.5, "2024": 7, "2029": 7}, "Two or More Races Alone": {"Demographic": "Two or More Races Alone", "2020": 45, "% OF TOTAL": 3.3, "2024": 47, "2029": 47}, "Not Hispanic or Latino": {"Demographic": "Not Hispanic or Latino", "2020": 1471, "% OF TOTAL": 99.2, "2024": 1441, "2029": 1434}, "Hispanic or Latino": {"Demographic": "Hispanic or Latino", "2020": 11, "% OF TOTAL": 0.8, "2024": 11, "2029": 11}, "Total Housing Units": {"Demographic": "Total Housing Units", "2020": 827, "% OF TOTAL": null, "2024": null, "2029": null}, "Owner Occupied Housing Units": {"Demographic": "Owner Occupied Housing Units", "2020": 546, "% OF TOTAL": null, "2024": 534, "2029": null}, "Renter Occupied Housing Units": {"Demographic": "Renter Occupied Housing Units", "2020": 72, "% OF TOTAL": null, "2024": 70, "2029": null}, "Housing Units Value Less Than 100k": {"Demographic": "Housing Units Value Less Than 100k", "2020": 150, "% OF TOTAL": null, "2024": 147, "2029": null}, "Housing Units Value 100k - 200k": {"Demographic": "Housing Units Value 100k - 200k", "2020": 125, "% OF TOTAL": null, "2024": 122, "2029": null}, "Housing Units Value 200k - 250k": {"Demographic": "Housing Units Value 200k - 250k", "2020": 46, "% OF TOTAL": null, "2024": 45, "2029": null}, "Housing Units Value 250k - 300k": {"Demographic": "Housing Units Value 250k - 300k", "2020": 68, "% OF TOTAL": null, "2024": 66, "2029": null}, "Housing Units Value 300k - 400k": {"Demographic": "Housing Units Value 300k - 400k", "2020": 35, "% OF TOTAL": null, "2024": 34, "2029": null}, "Housing Units Value 400k - 500k": {"Demographic": "Housing Units Value 400k - 500k", "2020": 52, "% OF TOTAL": null, "2024": 51, "2029": null}, "Housing Units Value 500k - 750k": {"Demographic": "Housing Units Value 500k - 750k", "2020": 39, "% OF TOTAL": null, "2024": 38, "2029": null}, "Housing Units Value 750k - 1m": {"Demographic": "Housing Units Value 750k - 1m", "2020": 16, "% OF TOTAL": null, "2024": 16, "2029": null}, "Housing Units Value 1m - 1.5m": {"Demographic": "Housing Units Value 1m - 1.5m", "2020": 8, "% OF TOTAL": null, "2024": 8, "2029": null}, "Housing Units Value 1.5m - 2m": {"Demographic": "Housing Units Value 1.5m - 2m", "2020": 7, "% OF TOTAL": null, "2024": 7, "2029": null}, "Housing Units Value >2m": {"Demographic": "Housing Units Value >2m", "2020": 0, "% OF TOTAL": null, "2024": 0, "2029": null}, "Take Car or Truck to Work": {"Demographic": "Take Car or Truck to Work", "2020": 589, "% OF TOTAL": null, "2024": 585, "2029": null}, "Take Public Transportation to Work": {"Demographic": "Take Public Transportation to Work", "2020": 0, "% OF TOTAL": null, "2024": 0, "2029": null}, "Take Other Means of Transportation to Work": {"Demographic": "Take Other Means of Transportation to Work", "2020": 14, "% OF TOTAL": null, "2024": 14, "2029": null}, "Average Travel Time (min)": {"Demographic": "Average Travel Time (min)", "2020": 27, "% OF TOTAL": null, "2024": 27, "2029": null}, "Travel Below 30 Min to Work": {"Demographic": "Travel Below 30 Min to Work", "2020": 379, "% OF TOTAL": null, "2024": 376, "2029": null}, "Travel 30-60 Min to Work": {"Demographic": "Travel 30-60 Min to Work", "2020": 216, "% OF TOTAL": null, "2024": 215, "2029": null}, "Travel Above 60 Min to Work": {"Demographic": "Travel Above 60 Min to Work", "2020": 35, "% OF TOTAL": null, "2024": 8, "2029": null}, "Educational Attainment: No High School Diploma": {"Demographic": "Educational Attainment: No High School Diploma", "2020": 715, "% OF TOTAL": null, "2024": 704, "2029": null}, "Educational Attainment: High School Diploma": {"Demographic": "Educational Attainment: High School Diploma", "2020": 532, "% OF TOTAL": null, "2024": 523, "2029": null}, "Educational Attainment: Some College": {"Demographic": "Educational Attainment: Some College", "2020": 374, "% OF TOTAL": null, "2024": 367, "2029": null}, "Educational Attainment: Associate's Degree": {"Demographic": "Educational Attainment: Associate's Degree", "2020": 103, "% OF TOTAL": null, "2024": 101, "2029": null}, "Educational Attainment: Bachelors Degree": {"Demographic": "Educational Attainment: Bachelors Degree", "2020": 163, "% OF TOTAL": null, "2024": 160, "2029": null}, "Educational Attainment: Advanced Degree": {"Demographic": "Educational Attainment: Advanced Degree", "2020": 33, "% OF TOTAL": null, "2024": 32, "2029": null}, "Households: Number of vehicles available - Average": {"Demographic": "Households: Number of vehicles available - Average", "2020": 2, "% OF TOTAL": null, "2024": 2, "2029": null}, "Households: No Vehicle available": {"Demographic": "Households: No Vehicle available", "2020": 21, "% OF TOTAL": null, "2024": 21, "2029": null}, "Households: 1 Vehicle available": {"Demographic": "Households: 1 Vehicle available", "2020": 157, "% OF TOTAL": null, "2024": 153, "2029": null}, "Households: 2 Vehicles available": {"Demographic": "Households: 2 Vehicles available", "2020": 204, "% OF TOTAL": null, "2024": 199, "2029": null}, "Households: 3 Vehicles available": {"Demographic": "Households: 3 Vehicles available", "2020": 155, "% OF TOTAL": null, "2024": 152, "2029": null}, "Households: 4 or more Vehicles available": {"Demographic": "Households: 4 or more Vehicles available", "2020": 81, "% OF TOTAL": null, "2024": 79, "2029": null}}, "household_trends": {"Households": {"Demographic": "Households", "2020": 618, "% OF TOTAL": null, "2024": 604, "2029": 600}, "Households Growth": {"Demographic": "Households Growth", "2020": null, "% OF TOTAL": null, "2024": -2.3, "2029": -0.7}, "Householder Age 15-24": {"Demographic": "Householder Age 15-24", "2020": 11, "% OF TOTAL": 1.7, "2024": 11, "2029": 10}, "Householder Age 25-34": {"Demographic": "Householder Age 25-34", "2020": 52, "% OF TOTAL": 8.3, "2024": 50, "2029": 50}, "Householder Age 35-44": {"Demographic": "Householder Age 35-44", "2020": 70, "% OF TOTAL": 10.5, "2024": 68, "2029": 63}, "Householder Age 45-54": {"Demographic": "Householder Age 45-54", "2020": 114, "% OF TOTAL": 18.7, "2024": 112, "2029": 112}, "Householder Age 55-64": {"Demographic": "Householder Age 55-64", "2020": 135, "% OF TOTAL": 19.3, "2024": 132, "2029": 116}, "Householder Age 65-74": {"Demographic": "Householder Age 65-74", "2020": 163, "% OF TOTAL": 27.2, "2024": 160, "2029": 163}, "Householder Age 75+": {"Demographic": "Householder Age 75+", "2020": 73, "% OF TOTAL": 14.3, "2024": 71, "2029": 86}, "Average Household Size": {"Demographic": "Average Household Size", "2020": 2.4, "% OF TOTAL": null, "2024": 2.4, "2029": 2.4}, "1 Person Households": {"Demographic": "1 Person Households", "2020": 172, "% OF TOTAL": 27.5, "2024": 166, "2029": 165}, "2 Person Households": {"Demographic": "2 Person Households", "2020": 229, "% OF TOTAL": 36.7, "2024": 221, "2029": 220}, "3 Person Households": {"Demographic": "3 Person Households", "2020": 99, "% OF TOTAL": 15.8, "2024": 96, "2029": 95}, "4 Person Households": {"Demographic": "4 Person Households", "2020": 69, "% OF TOTAL": 11.7, "2024": 71, "2029": 70}, "5 Person Households": {"Demographic": "5 Person Households", "2020": 31, "% OF TOTAL": 5.2, "2024": 31, "2029": 31}, "6 Person Households": {"Demographic": "6 Person Households", "2020": 14, "% OF TOTAL": 2.5, "2024": 15, "2029": 15}, "7+ Person Households": {"Demographic": "7+ Person Households", "2020": 4, "% OF TOTAL": 0.7, "2024": 4, "2029": 4}, "Household Type: Family": {"Demographic": "Household Type: Family", "2020": 430, "% OF TOTAL": null, "2024": 420, "2029": null}, "Household Type: Married Family": {"Demographic": "Household Type: Married Family", "2020": 323, "% OF TOTAL": null, "2024": 315, "2029": null}, "Household Type: Married Family With Children": {"Demographic": "Household Type: Married Family With Children", "2020": 95, "% OF TOTAL": null, "2024": 92, "2029": null}, "Household Type: Married Family Without Children": {"Demographic": "Household Type: Married Family Without Children", "2020": 228, "% OF TOTAL": null, "2024": 223, "2029": null}, "Household Type: Other Family": {"Demographic": "Household Type: Other Family", "2020": 107, "% OF TOTAL": null, "2024": 105, "2029": null}, "Household Type: Male Households, No Wife": {"Demographic": "Household Type: Male Households, No Wife", "2020": 34, "% OF TOTAL": null, "2024": 33, "2029": null}, "Household Type: Male Households, No Wife With Children": {"Demographic": "Household Type: Male Households, No Wife With Children", "2020": 12, "% OF TOTAL": null, "2024": 12, "2029": null}, "Household Type: Male Households, No Wife Without Children": {"Demographic": "Household Type: Male Households, No Wife Without Children", "2020": 22, "% OF TOTAL": null, "2024": 21, "2029": null}, "Household Type: Female Households, No Husband": {"Demographic": "Household Type: Female Households, No Husband", "2020": 73, "% OF TOTAL": null, "2024": 72, "2029": null}, "Household Type: Female Households, No Husband With Children": {"Demographic": "Household Type: Female Households, No Husband With Children", "2020": 26, "% OF TOTAL": null, "2024": 26, "2029": null}, "Household Type: Female Households, No Husband Without Children": {"Demographic": "Household Type: Female Households, No Husband Without Children", "2020": 47, "% OF TOTAL": null, "2024": 46, "2029": null}, "Household Income: Average": {"Demographic": "Household Income: Average", "2020": 97860, "% OF TOTAL": null, "2024": 98320, "2029": 122725}, "Household Income: Median": {"Demographic": "Household Income: Median", "2020": 0, "% OF TOTAL": null, "2024": 78125, "2029": 113298}, "Household Income: Less than $25k": {"Demographic": "Household Income: Less than $25k", "2020": 114, "% OF TOTAL": 12.5, "2024": 130, "2029": 75}, "Household Income: $25k - $50k": {"Demographic": "Household Income: $25k - $50k", "2020": 125, "% OF TOTAL": 15.5, "2024": 102, "2029": 93}, "Household Income: $50k - $75k": {"Demographic": "Household Income: $50k - $75k", "2020": 51, "% OF TOTAL": 8.7, "2024": 62, "2029": 52}, "Household Income: $75k - $100k": {"Demographic": "Household Income: $75k - $100k", "2020": 76, "% OF TOTAL": 9.2, "2024": 64, "2029": 55}, "Household Income: $100k - $125k": {"Demographic": "Household Income: $100k - $125k", "2020": 33, "% OF TOTAL": 7.8, "2024": 46, "2029": 47}, "Household Income: $125k - $150k": {"Demographic": "Household Income: $125k - $150k", "2020": 131, "% OF TOTAL": 26.7, "2024": 102, "2029": 160}, "Household Income: $150k - $200k": {"Demographic": "Household Income: $150k - $200k", "2020": 46, "% OF TOTAL": 7.3, "2024": 52, "2029": 44}, "Household Income: Above $200k": {"Demographic": "Household Income: Above $200k", "2020": 42, "% OF TOTAL": 12.3, "2024": 46, "2029": 74}, "Total Housing Units": {"Demographic": "Total Housing Units", "2020": 827, "% OF TOTAL": null, "2024": null, "2029": null}, "Owner Occupied Housing Units": {"Demographic": "Owner Occupied Housing Units", "2020": 546, "% OF TOTAL": null, "2024": 534, "2029": null}, "Renter Occupied Housing Units": {"Demographic": "Renter Occupied Housing Units", "2020": 72, "% OF TOTAL": null, "2024": 70, "2029": null}, "Vacant Housing Units": {"Demographic": "Vacant Housing Units", "2020": 209, "% OF TOTAL": null, "2024": null, "2029": null}, "Vacant Housing Units: Seasonal": {"Demographic": "Vacant Housing Units: Seasonal", "2020": 120, "% OF TOTAL": null, "2024": null, "2029": null}, "Vacant Housing Units: Other Usage": {"Demographic": "Vacant Housing Units: Other Usage", "2020": 89, "% OF TOTAL": null, "2024": null, "2029": null}, "Average Housing Unit Value": {"Demographic": "Average Housing Unit Value", "2020": 273196, "% OF TOTAL": null, "2024": 274157, "2029": null}, "Median Housing Unit Value": {"Demographic": "Median Housing Unit Value", "2020": 191667, "% OF TOTAL": null, "2024": 191667, "2029": null}, "Housing Unit Value Less Than $100k": {"Demographic": "Housing Unit Value Less Than $100k", "2020": 150, "% OF TOTAL": null, "2024": 147, "2029": null}, "Housing Unit Value $100k-$200k": {"Demographic": "Housing Unit Value $100k-$200k", "2020": 125, "% OF TOTAL": null, "2024": 122, "2029": null}, "Housing Unit Value $200k-$250k": {"Demographic": "Housing Unit Value $200k-$250k", "2020": 46, "% OF TOTAL": null, "2024": 45, "2029": null}, "Housing Unit Value $250k-$300k": {"Demographic": "Housing Unit Value $250k-$300k", "2020": 68, "% OF TOTAL": null, "2024": 66, "2029": null}, "Housing Unit Value $300k-$400k": {"Demographic": "Housing Unit Value $300k-$400k", "2020": 35, "% OF TOTAL": null, "2024": 34, "2029": null}, "Housing Unit Value $400k-$500k": {"Demographic": "Housing Unit Value $400k-$500k", "2020": 52, "% OF TOTAL": null, "2024": 51, "2029": null}, "Housing Unit Value $500k-$750k": {"Demographic": "Housing Unit Value $500k-$750k", "2020": 39, "% OF TOTAL": null, "2024": 38, "2029": null}, "Housing Unit Value $750k-$1m": {"Demographic": "Housing Unit Value $750k-$1m", "2020": 16, "% OF TOTAL": null, "2024": 16, "2029": null}, "Housing Unit Value $1m-$1.5m": {"Demographic": "Housing Unit Value $1m-$1.5m", "2020": 8, "% OF TOTAL": null, "2024": 8, "2029": null}, "Housing Unit Value $1.5m-$2m": {"Demographic": "Housing Unit Value $1.5m-$2m", "2020": 7, "% OF TOTAL": null, "2024": 7, "2029": null}, "Housing Unit Value Above $2m": {"Demographic": "Housing Unit Value Above $2m", "2020": 0, "% OF TOTAL": null, "2024": 0, "2029": null}, "Median Housing Unit Year Built": {"Demographic": "Median Housing Unit Year Built", "2020": 1996, "% OF TOTAL": null, "2024": 1996, "2029": null}, "Housing Units Built 2014 Or After": {"Demographic": "Housing Units Built 2014 Or After", "2020": 0, "% OF TOTAL": null, "2024": 0, "2029": null}, "Housing Units Built 2010-2013": {"Demographic": "Housing Units Built 2010-2013", "2020": 82, "% OF TOTAL": null, "2024": 80, "2029": null}, "Housing Units Built 2000-2009": {"Demographic": "Housing Units Built 2000-2009", "2020": 177, "% OF TOTAL": null, "2024": 173, "2029": null}, "Housing Units Built 1990-1999": {"Demographic": "Housing Units Built 1990-1999", "2020": 118, "% OF TOTAL": null, "2024": 115, "2029": null}, "Housing Units Built 1980-1989": {"Demographic": "Housing Units Built 1980-1989", "2020": 87, "% OF TOTAL": null, "2024": 85, "2029": null}, "Housing Units Built 1970-1979": {"Demographic": "Housing Units Built 1970-1979", "2020": 83, "% OF TOTAL": null, "2024": 81, "2029": null}, "Housing Units Built 1960-1969": {"Demographic": "Housing Units Built 1960-1969", "2020": 9, "% OF TOTAL": null, "2024": 9, "2029": null}, "Housing Units Built 1950-1959": {"Demographic": "Housing Units Built 1950-1959", "2020": 19, "% OF TOTAL": null, "2024": 19, "2029": null}, "Housing Units Built 1940-1949": {"Demographic": "Housing Units Built 1940-1949", "2020": 33, "% OF TOTAL": null, "2024": 32, "2029": null}, "Housing Units Built Before 1940": {"Demographic": "Housing Units Built Before 1940", "2020": 10, "% OF TOTAL": null, "2024": 10, "2029": null}}}, "geometry": {"type": "Polygon", "coordinates": [[[-87.86028344634896, 30.956346039747405], [-87.86028344634896, 30.985259472928462], [-87.82657235336734, 30.985259472928462], [-87.82657235336734, 30.956346039747405], [-87.86028344634896, 30.956346039747405]]]}}, {"type": "Feature", "properties": {"block": "014", "block_num": 14, "CentroidLon": -87.80971680687657, "CentroidLat": 30.970802756337932, "submarket": "North Baldwin", "data_status": "no data", "is_anomalous": false, "anomaly_reason": null, "files_present": ""}, "geometry": {"type": "Polygon", "coordinates": [[[-87.82657235336734, 30.956346039747405], [-87.82657235336734, 30.985259472928462], [-87.79286126038572, 30.985259472928462], [-87.79286126038572, 30.956346039747405], [-87.82657235336734, 30.956346039747405]]]}}, {"type": "Feature", "properties": {"block": "015", "block_num": 15, "CentroidLon": -87.7760057138949, "CentroidLat": 30.970802756337932, "submarket": "North Baldwin", "data_status": "no data", "is_anomalous": false, "anomaly_reason": null, "files_present": ""}, "geometry": {"type": "Polygon", "coordinates": [[[-87.79286126038572, 30.956346039747405], [-87.79286126038572, 30.985259472928462], [-87.7591501674041, 30.985259472928462], [-87.7591501674041, 30.956346039747405], [-87.79286126038572, 30.956346039747405]]]}}, {"type": "Feature", "properties": {"block": "016", "block_num": 16, "CentroidLon": -87.74229462091328, "CentroidLat": 30.970802756337932, "submarket": "North Baldwin", "data_status": "no data", "is_anomalous": false, "anomaly_reason": null, "files_present": ""}, "geometry": {"type": "Polygon", "coordinates": [[[-87.7591501674041, 30.956346039747405], [-87.7591501674041, 30.985259472928462], [-87.72543907442248, 30.985259472928462], [-87.72543907442248, 30.956346039747405], [-87.7591501674041, 30.956346039747405]]]}}, {"type": "Feature", "properties": {"block": "017", "block_num": 17, "CentroidLon": -87.70858352793167, "CentroidLat": 30.970802756337932, "submarket": "North Baldwin", "data_status": "no data", "is_anomalous": false, "anomaly_reason": null, "files_present": ""}, "geometry": {"type": "Polygon", "coordinates": [[[-87.72543907442248, 30.956346039747405], [-87.72543907442248, 30.985259472928462], [-87.69172798144086, 30.985259472928462], [-87.69172798144086, 30.956346039747405], [-87.72543907442248, 30.956346039747405]]]}}, {"type": "Feature", "properties": {"block": "018", "block_num": 18, "CentroidLon": -87.67487243495007, "CentroidLat": 30.970802756337932, "submarket": "North Baldwin", "data_status": "no data", "is_anomalous": false, "anomaly_reason": null, "files_present": ""}, "geometry": {"type": "Polygon", "coordinates": [[[-87.69172798144086, 30.956346039747405], [-87.69172798144086, 30.985259472928462], [-87.65801688845924, 30.985259472928462], [-87.65801688845924, 30.956346039747405], [-87.69172798144086, 30.956346039747405]]]}}, {"type": "Feature", "properties": {"block": "019", "block_num": 19, "CentroidLon": -87.64116134196843, "CentroidLat": 30.970802756337932, "submarket": "North Baldwin", "data_status": "no data", "is_anomalous": false, "anomaly_reason": null, "files_present": ""}, "geometry": {"type": "Polygon", "coordinates": [[[-87.65801688845924, 30.956346039747405], [-87.65801688845924, 30.985259472928462], [-87.62430579547762, 30.985259472928462], [-87.62430579547762, 30.956346039747405], [-87.65801688845924, 30.956346039747405]]]}}, {"type": "Feature", "properties": {"block": "020", "block_num": 20, "CentroidLon": -87.60779198961471, "CentroidLat": 30.970657824714046, "submarket": "North Baldwin", "data_status": "usable", "is_anomalous": false, "anomaly_reason": null, "files_present": "ConsumerSegmentation-26.08.06.csv;DemographicSnapshot-26.08.06.csv;HouseholdIncomeByAge-26.08.06.csv;HouseholdTrends-26.08.06.csv;PopulationTrends-26.08.06.csv", "population_2024": 1831, "population_2029": 1893, "households_2024": 714, "households_2029": 737, "median_household_income": 46587, "mean_household_income": null, "median_home_value_2024": 152917, "average_household_size_2024": 2.6, "population_growth_2024_2029": 3.2, "households_growth_2024_2029": 2.9, "median_age_2024": 39, "consumer_segments": {"Renters": {"households": 168, "pct": 32.3}, "Simple Life Moderate Income No Children": {"households": 123, "pct": 23.7}, "Simple Life Moderate Income With Children": {"households": 92, "pct": 17.7}, "Active Adult Elite": {"households": 44, "pct": 8.5}, "Family Life Young Children": {"households": 22, "pct": 4.2}, "Simple Life Affluent No Children": {"households": 20, "pct": 3.8}, "Renters Near Term Buyers": {"households": 19, "pct": 3.7}, "Active Adult Entry Level": {"households": 17, "pct": 3.3}, "Active Adult Feature and Location": {"households": 8, "pct": 1.5}, "Elite": {"households": 7, "pct": 1.3}, "Family Life School Age Children": {"households": 0, "pct": 0.0}, "Feature and Location": {"households": 0, "pct": 0.0}, "Entry Level Urban": {"households": 0, "pct": 0.0}, "Entry Level Suburban": {"households": 0, "pct": 0.0}}, "income_age": {"2020": {}, "2024": {}, "2029": {}}, "population_trends": {"Total Population": {"Demographic": "Total Population", "2020": 1775, "% OF TOTAL": null, "2024": 1831, "2029": 1893}, "Population Growth": {"Demographic": "Population Growth", "2020": null, "% OF TOTAL": null, "2024": 3.2, "2029": 3.4}, "Female Population": {"Demographic": "Female Population", "2020": 892, "% OF TOTAL": 50.4, "2024": 923, "2029": 955}, "Male Population": {"Demographic": "Male Population", "2020": 883, "% OF TOTAL": 49.6, "2024": 908, "2029": 938}, "Total population: Median Age": {"Demographic": "Total population: Median Age", "2020": 39, "% OF TOTAL": null, "2024": 39, "2029": 40}, "Total population: Under 5 years": {"Demographic": "Total population: Under 5 years", "2020": 118, "% OF TOTAL": 6.0, "2024": 118, "2029": 114}, "Total population: 5 - 9 years": {"Demographic": "Total population: 5 - 9 years", "2020": 110, "% OF TOTAL": 6.0, "2024": 110, "2029": 113}, "Total population: 10 - 14 years": {"Demographic": "Total population: 10 - 14 years", "2020": 128, "% OF TOTAL": 6.7, "2024": 130, "2029": 126}, "Total population: 15 - 19 years": {"Demographic": "Total population: 15 - 19 years", "2020": 115, "% OF TOTAL": 6.3, "2024": 123, "2029": 120}, "Total population: 20 - 24 years": {"Demographic": "Total population: 20 - 24 years", "2020": 129, "% OF TOTAL": 6.4, "2024": 135, "2029": 121}, "Total population: 25 - 29 years": {"Demographic": "Total population: 25 - 29 years", "2020": 127, "% OF TOTAL": 7.3, "2024": 130, "2029": 139}, "Total population: 30 - 34 years": {"Demographic": "Total population: 30 - 34 years", "2020": 64, "% OF TOTAL": 4.7, "2024": 67, "2029": 89}, "Total population: 35 - 39 years": {"Demographic": "Total population: 35 - 39 years", "2020": 111, "% OF TOTAL": 5.6, "2024": 112, "2029": 106}, "Total population: 40 - 44 years": {"Demographic": "Total population: 40 - 44 years", "2020": 83, "% OF TOTAL": 5.2, "2024": 85, "2029": 99}, "Total population: 45 - 49 years": {"Demographic": "Total population: 45 - 49 years", "2020": 134, "% OF TOTAL": 6.7, "2024": 131, "2029": 127}, "Total population: 50 - 54 years": {"Demographic": "Total population: 50 - 54 years", "2020": 97, "% OF TOTAL": 5.9, "2024": 103, "2029": 112}, "Total population: 55 - 59 years": {"Demographic": "Total population: 55 - 59 years", "2020": 136, "% OF TOTAL": 6.4, "2024": 131, "2029": 122}, "Total population: 60 - 64 years": {"Demographic": "Total population: 60 - 64 years", "2020": 106, "% OF TOTAL": 5.9, "2024": 111, "2029": 111}, "Total population: 65 - 69 years": {"Demographic": "Total population: 65 - 69 years", "2020": 110, "% OF TOTAL": 6.4, "2024": 119, "2029": 121}, "Total population: 70 - 74 years": {"Demographic": "Total population: 70 - 74 years", "2020": 96, "% OF TOTAL": 5.8, "2024": 98, "2029": 110}, "Total population: 75 - 79 years": {"Demographic": "Total population: 75 - 79 years", "2020": 48, "% OF TOTAL": 3.9, "2024": 56, "2029": 74}, "Total population: 80 - 84 years": {"Demographic": "Total population: 80 - 84 years", "2020": 37, "% OF TOTAL": 2.7, "2024": 44, "2029": 52}, "Total population: 85 years and over": {"Demographic": "Total population: 85 years and over", "2020": 26, "% OF TOTAL": 2.0, "2024": 28, "2029": 37}, "Female population: Median Age": {"Demographic": "Female population: Median Age", "2020": 40, "% OF TOTAL": null, "2024": 40, "2029": 41}, "Female population: Under 5 years": {"Demographic": "Female population: Under 5 years", "2020": 49, "% OF TOTAL": 5.1, "2024": 49, "2029": 49}, "Female population: 5 - 9 years": {"Demographic": "Female population: 5 - 9 years", "2020": 54, "% OF TOTAL": 5.4, "2024": 54, "2029": 52}, "Female population: 10 - 14 years": {"Demographic": "Female population: 10 - 14 years", "2020": 69, "% OF TOTAL": 6.8, "2024": 68, "2029": 65}, "Female population: 15 - 19 years": {"Demographic": "Female population: 15 - 19 years", "2020": 51, "% OF TOTAL": 6.0, "2024": 56, "2029": 57}, "Female population: 20 - 24 years": {"Demographic": "Female population: 20 - 24 years", "2020": 59, "% OF TOTAL": 5.8, "2024": 62, "2029": 55}, "Female population: 25 - 29 years": {"Demographic": "Female population: 25 - 29 years", "2020": 66, "% OF TOTAL": 7.3, "2024": 68, "2029": 70}, "Female population: 30 - 34 years": {"Demographic": "Female population: 30 - 34 years", "2020": 38, "% OF TOTAL": 5.2, "2024": 39, "2029": 50}, "Female population: 35 - 39 years": {"Demographic": "Female population: 35 - 39 years", "2020": 60, "% OF TOTAL": 6.3, "2024": 62, "2029": 60}, "Female population: 40 - 44 years": {"Demographic": "Female population: 40 - 44 years", "2020": 50, "% OF TOTAL": 6.2, "2024": 52, "2029": 59}, "Female population: 45 - 49 years": {"Demographic": "Female population: 45 - 49 years", "2020": 57, "% OF TOTAL": 6.3, "2024": 57, "2029": 60}, "Female population: 50 - 54 years": {"Demographic": "Female population: 50 - 54 years", "2020": 45, "% OF TOTAL": 5.2, "2024": 48, "2029": 50}, "Female population: 55 - 59 years": {"Demographic": "Female population: 55 - 59 years", "2020": 71, "% OF TOTAL": 6.5, "2024": 68, "2029": 62}, "Female population: 60 - 64 years": {"Demographic": "Female population: 60 - 64 years", "2020": 50, "% OF TOTAL": 5.5, "2024": 51, "2029": 53}, "Female population: 65 - 69 years": {"Demographic": "Female population: 65 - 69 years", "2020": 51, "% OF TOTAL": 5.8, "2024": 55, "2029": 55}, "Female population: 70 - 74 years": {"Demographic": "Female population: 70 - 74 years", "2020": 58, "% OF TOTAL": 6.7, "2024": 61, "2029": 64}, "Female population: 75 - 79 years": {"Demographic": "Female population: 75 - 79 years", "2020": 25, "% OF TOTAL": 4.3, "2024": 29, "2029": 41}, "Female population: 80 - 84 years": {"Demographic": "Female population: 80 - 84 years", "2020": 24, "% OF TOTAL": 3.2, "2024": 28, "2029": 31}, "Female population: 85 years and over": {"Demographic": "Female population: 85 years and over", "2020": 15, "% OF TOTAL": 2.3, "2024": 16, "2029": 22}, "Male population: Median Age": {"Demographic": "Male population: Median Age", "2020": 38, "% OF TOTAL": null, "2024": 38, "2029": 39}, "Male population: Under 5 years": {"Demographic": "Male population: Under 5 years", "2020": 69, "% OF TOTAL": 6.9, "2024": 69, "2029": 65}, "Male population: 5 - 9 years": {"Demographic": "Male population: 5 - 9 years", "2020": 56, "% OF TOTAL": 6.5, "2024": 56, "2029": 61}, "Male population: 10 - 14 years": {"Demographic": "Male population: 10 - 14 years", "2020": 59, "% OF TOTAL": 6.5, "2024": 62, "2029": 61}, "Male population: 15 - 19 years": {"Demographic": "Male population: 15 - 19 years", "2020": 64, "% OF TOTAL": 6.7, "2024": 67, "2029": 63}, "Male population: 20 - 24 years": {"Demographic": "Male population: 20 - 24 years", "2020": 70, "% OF TOTAL": 7.0, "2024": 73, "2029": 66}, "Male population: 25 - 29 years": {"Demographic": "Male population: 25 - 29 years", "2020": 61, "% OF TOTAL": 7.4, "2024": 62, "2029": 69}, "Male population: 30 - 34 years": {"Demographic": "Male population: 30 - 34 years", "2020": 26, "% OF TOTAL": 4.2, "2024": 28, "2029": 39}, "Male population: 35 - 39 years": {"Demographic": "Male population: 35 - 39 years", "2020": 51, "% OF TOTAL": 4.9, "2024": 50, "2029": 46}, "Male population: 40 - 44 years": {"Demographic": "Male population: 40 - 44 years", "2020": 33, "% OF TOTAL": 4.3, "2024": 33, "2029": 40}, "Male population: 45 - 49 years": {"Demographic": "Male population: 45 - 49 years", "2020": 77, "% OF TOTAL": 7.1, "2024": 74, "2029": 67}, "Male population: 50 - 54 years": {"Demographic": "Male population: 50 - 54 years", "2020": 52, "% OF TOTAL": 6.6, "2024": 55, "2029": 62}, "Male population: 55 - 59 years": {"Demographic": "Male population: 55 - 59 years", "2020": 65, "% OF TOTAL": 6.4, "2024": 63, "2029": 60}, "Male population: 60 - 64 years": {"Demographic": "Male population: 60 - 64 years", "2020": 56, "% OF TOTAL": 6.2, "2024": 60, "2029": 58}, "Male population: 65 - 69 years": {"Demographic": "Male population: 65 - 69 years", "2020": 59, "% OF TOTAL": 7.0, "2024": 64, "2029": 66}, "Male population: 70 - 74 years": {"Demographic": "Male population: 70 - 74 years", "2020": 38, "% OF TOTAL": 4.9, "2024": 37, "2029": 46}, "Male population: 75 - 79 years": {"Demographic": "Male population: 75 - 79 years", "2020": 23, "% OF TOTAL": 3.5, "2024": 27, "2029": 33}, "Male population: 80 - 84 years": {"Demographic": "Male population: 80 - 84 years", "2020": 13, "% OF TOTAL": 2.2, "2024": 16, "2029": 21}, "Male population: 85 years and over": {"Demographic": "Male population: 85 years and over", "2020": 11, "% OF TOTAL": 1.6, "2024": 12, "2029": 15}, "White alone": {"Demographic": "White alone", "2020": 1414, "% OF TOTAL": 79.0, "2024": 1452, "2029": 1495}, "Black alone": {"Demographic": "Black alone", "2020": 200, "% OF TOTAL": 11.5, "2024": 205, "2029": 218}, "American Indian and Alaska Native alone": {"Demographic": "American Indian and Alaska Native alone", "2020": 37, "% OF TOTAL": 2.1, "2024": 38, "2029": 39}, "Asian alone": {"Demographic": "Asian alone", "2020": 3, "% OF TOTAL": 0.2, "2024": 3, "2029": 3}, "Native Hawaiian and OPI alone": {"Demographic": "Native Hawaiian and OPI alone", "2020": 0, "% OF TOTAL": 0.0, "2024": 0, "2029": 0}, "Some other race alone": {"Demographic": "Some other race alone", "2020": 8, "% OF TOTAL": 0.4, "2024": 8, "2029": 8}, "Two or more races alone": {"Demographic": "Two or more races alone", "2020": 113, "% OF TOTAL": 6.9, "2024": 125, "2029": 130}, "Not Hispanic: White alone": {"Demographic": "Not Hispanic: White alone", "2020": 1385, "% OF TOTAL": 77.2, "2024": 1420, "2029": 1462}, "Not Hispanic: Black or African American alone": {"Demographic": "Not Hispanic: Black or African American alone", "2020": 198, "% OF TOTAL": 11.4, "2024": 203, "2029": 216}, "Not Hispanic: American Indian and Alaska Native alone": {"Demographic": "Not Hispanic: American Indian and Alaska Native alone", "2020": 37, "% OF TOTAL": 2.1, "2024": 38, "2029": 39}, "Not Hispanic: Asian alone": {"Demographic": "Not Hispanic: Asian alone", "2020": 3, "% OF TOTAL": 0.2, "2024": 3, "2029": 3}, "Not Hispanic: Native Hawaiian and OPI alone": {"Demographic": "Not Hispanic: Native Hawaiian and OPI alone", "2020": 0, "% OF TOTAL": 0.0, "2024": 0, "2029": 0}, "Not Hispanic: Some Other Race alone": {"Demographic": "Not Hispanic: Some Other Race alone", "2020": 4, "% OF TOTAL": 0.2, "2024": 4, "2029": 4}, "Not Hispanic: Two or More Races": {"Demographic": "Not Hispanic: Two or More Races", "2020": 103, "% OF TOTAL": 6.2, "2024": 114, "2029": 118}, "Hispanic: White alone": {"Demographic": "Hispanic: White alone", "2020": 29, "% OF TOTAL": 1.7, "2024": 32, "2029": 33}, "Hispanic: Black or African American alone": {"Demographic": "Hispanic: Black or African American alone", "2020": 2, "% OF TOTAL": 0.1, "2024": 2, "2029": 2}, "Hispanic: American Indian and Alaska Native alone": {"Demographic": "Hispanic: American Indian and Alaska Native alone", "2020": 0, "% OF TOTAL": 0.0, "2024": 0, "2029": 0}, "Hispanic: Asian alone": {"Demographic": "Hispanic: Asian alone", "2020": 0, "% OF TOTAL": 0.0, "2024": 0, "2029": 0}, "Hispanic: Native Hawaiian and OPI alone": {"Demographic": "Hispanic: Native Hawaiian and OPI alone", "2020": 0, "% OF TOTAL": 0.0, "2024": 0, "2029": 0}, "Hispanic: Some Other Race alone": {"Demographic": "Hispanic: Some Other Race alone", "2020": 4, "% OF TOTAL": 0.2, "2024": 4, "2029": 4}, "Hispanic: Two or More Races": {"Demographic": "Hispanic: Two or More Races", "2020": 10, "% OF TOTAL": 0.6, "2024": 11, "2029": 12}, "Educational Attainment: No High School Diploma": {"Demographic": "Educational Attainment: No High School Diploma", "2020": 151, "% OF TOTAL": null, "2024": 156, "2029": null}, "Educational Attainment: High School Diploma": {"Demographic": "Educational Attainment: High School Diploma", "2020": 495, "% OF TOTAL": null, "2024": 512, "2029": null}, "Educational Attainment: Some College": {"Demographic": "Educational Attainment: Some College", "2020": 224, "% OF TOTAL": null, "2024": 232, "2029": null}, "Educational Attainment: Associates Degree": {"Demographic": "Educational Attainment: Associates Degree", "2020": 171, "% OF TOTAL": null, "2024": 177, "2029": null}, "Educational Attainment: Bachelors Degree": {"Demographic": "Educational Attainment: Bachelors Degree", "2020": 97, "% OF TOTAL": null, "2024": 100, "2029": null}, "Educational Attainment: Advanced Degree": {"Demographic": "Educational Attainment: Advanced Degree", "2020": 37, "% OF TOTAL": null, "2024": 38, "2029": null}, "Employment Status: Armed Forces": {"Demographic": "Employment Status: Armed Forces", "2020": 0, "% OF TOTAL": null, "2024": 0, "2029": null}, "Employment Status: Civilian labor force employed": {"Demographic": "Employment Status: Civilian labor force employed", "2020": 644, "% OF TOTAL": null, "2024": 668, "2029": null}, "Employment Status: Civilian labor force unemployed": {"Demographic": "Employment Status: Civilian labor force unemployed", "2020": 42, "% OF TOTAL": null, "2024": 44, "2029": null}, "Employment Status: Not in labor force": {"Demographic": "Employment Status: Not in labor force", "2020": 708, "% OF TOTAL": null, "2024": 735, "2029": null}, "Employed in Agriculture and Mining Industries": {"Demographic": "Employed in Agriculture and Mining Industries", "2020": 0, "% OF TOTAL": null, "2024": 0, "2029": null}, "Employed in Construction Industries": {"Demographic": "Employed in Construction Industries", "2020": 109, "% OF TOTAL": null, "2024": 113, "2029": null}, "Employed in Manufacturing Industries": {"Demographic": "Employed in Manufacturing Industries", "2020": 13, "% OF TOTAL": null, "2024": 13, "2029": null}, "Employed in Wholesale Industries": {"Demographic": "Employed in Wholesale Industries", "2020": 37, "% OF TOTAL": null, "2024": 38, "2029": null}, "Employed in Retail Industries": {"Demographic": "Employed in Retail Industries", "2020": 85, "% OF TOTAL": null, "2024": 88, "2029": null}, "Employed in Transportation and Utilities Industries": {"Demographic": "Employed in Transportation and Utilities Industries", "2020": 41, "% OF TOTAL": null, "2024": 43, "2029": null}, "Employed in Information Industries": {"Demographic": "Employed in Information Industries", "2020": 0, "% OF TOTAL": null, "2024": 0, "2029": null}, "Employed in Real-Estate Industries": {"Demographic": "Employed in Real-Estate Industries", "2020": 0, "% OF TOTAL": null, "2024": 0, "2029": null}, "Employed in Professional Industries": {"Demographic": "Employed in Professional Industries", "2020": 108, "% OF TOTAL": null, "2024": 112, "2029": null}, "Employed in Health and Education Industries": {"Demographic": "Employed in Health and Education Industries", "2020": 70, "% OF TOTAL": null, "2024": 73, "2029": null}, "Employed in Art Industries": {"Demographic": "Employed in Art Industries", "2020": 57, "% OF TOTAL": null, "2024": 59, "2029": null}, "Employed in Other Industries": {"Demographic": "Employed in Other Industries", "2020": 18, "% OF TOTAL": null, "2024": 19, "2029": null}, "Employed in Public Administration Industries": {"Demographic": "Employed in Public Administration Industries", "2020": 106, "% OF TOTAL": null, "2024": 110, "2029": null}, "Occupation: Management": {"Demographic": "Occupation: Management", "2020": 0, "% OF TOTAL": null, "2024": 0, "2029": null}, "Occupation: Business and financial operations": {"Demographic": "Occupation: Business and financial operations", "2020": 24, "% OF TOTAL": null, "2024": 25, "2029": null}, "Occupation: Computer and mathematical": {"Demographic": "Occupation: Computer and mathematical", "2020": 0, "% OF TOTAL": null, "2024": 0, "2029": null}, "Occupation: Architecture and engineering": {"Demographic": "Occupation: Architecture and engineering", "2020": 30, "% OF TOTAL": null, "2024": 31, "2029": null}, "Occupation: Life, physical, and social science": {"Demographic": "Occupation: Life, physical, and social science", "2020": 0, "% OF TOTAL": null, "2024": 0, "2029": null}, "Occupation: Community and social service": {"Demographic": "Occupation: Community and social service", "2020": 41, "% OF TOTAL": null, "2024": 43, "2029": null}, "Occupation: Legal": {"Demographic": "Occupation: Legal", "2020": 13, "% OF TOTAL": null, "2024": 14, "2029": null}, "Occupation: Education, training, and library": {"Demographic": "Occupation: Education, training, and library", "2020": 28, "% OF TOTAL": null, "2024": 29, "2029": null}, "Occupation: Arts, design, entertainment, sports, and media": {"Demographic": "Occupation: Arts, design, entertainment, sports, and media", "2020": 0, "% OF TOTAL": null, "2024": 0, "2029": null}, "Occupation: Health diagnosing and treating practitioners": {"Demographic": "Occupation: Health diagnosing and treating practitioners", "2020": 0, "% OF TOTAL": null, "2024": 0, "2029": null}, "Occupation: Health technologists and technicians": {"Demographic": "Occupation: Health technologists and technicians", "2020": 60, "% OF TOTAL": null, "2024": 62, "2029": null}, "Occupation: Healthcare support": {"Demographic": "Occupation: Healthcare support", "2020": 0, "% OF TOTAL": null, "2024": 0, "2029": null}, "Occupation: Fire fighting and prevention": {"Demographic": "Occupation: Fire fighting and prevention", "2020": 12, "% OF TOTAL": null, "2024": 12, "2029": null}, "Occupation: Law enforcement workers": {"Demographic": "Occupation: Law enforcement workers", "2020": 21, "% OF TOTAL": null, "2024": 22, "2029": null}, "Occupation: Food preparation and serving related": {"Demographic": "Occupation: Food preparation and serving related", "2020": 57, "% OF TOTAL": null, "2024": 59, "2029": null}, "Occupation: Building and grounds cleaning and maintenance": {"Demographic": "Occupation: Building and grounds cleaning and maintenance", "2020": 34, "% OF TOTAL": null, "2024": 35, "2029": null}, "Occupation: Personal care and service": {"Demographic": "Occupation: Personal care and service", "2020": 0, "% OF TOTAL": null, "2024": 0, "2029": null}, "Occupation: Sales and related": {"Demographic": "Occupation: Sales and related", "2020": 93, "% OF TOTAL": null, "2024": 96, "2029": null}, "Occupation: Office and administrative support": {"Demographic": "Occupation: Office and administrative support", "2020": 101, "% OF TOTAL": null, "2024": 105, "2029": null}, "Occupation: Farming, fishing, and forestry": {"Demographic": "Occupation: Farming, fishing, and forestry", "2020": 0, "% OF TOTAL": null, "2024": 0, "2029": null}, "Occupation: Construction and extraction": {"Demographic": "Occupation: Construction and extraction", "2020": 110, "% OF TOTAL": null, "2024": 114, "2029": null}, "Occupation: Installation, maintenance, and repair": {"Demographic": "Occupation: Installation, maintenance, and repair", "2020": 7, "% OF TOTAL": null, "2024": 7, "2029": null}, "Occupation: Production": {"Demographic": "Occupation: Production", "2020": 13, "% OF TOTAL": null, "2024": 14, "2029": null}, "Occupation: Transportation": {"Demographic": "Occupation: Transportation", "2020": 0, "% OF TOTAL": null, "2024": 0, "2029": null}, "Occupation: Material moving": {"Demographic": "Occupation: Material moving", "2020": 0, "% OF TOTAL": null, "2024": 0, "2029": null}, "White collar": {"Demographic": "White collar", "2020": 390, "% OF TOTAL": null, "2024": 405, "2029": null}, "Blue collar": {"Demographic": "Blue collar", "2020": 254, "% OF TOTAL": null, "2024": 263, "2029": null}, "Means of transportation: Car, truck or van": {"Demographic": "Means of transportation: Car, truck or van", "2020": 590, "% OF TOTAL": null, "2024": 612, "2029": null}, "Means of transportation: Public transportation": {"Demographic": "Means of transportation: Public transportation", "2020": 0, "% OF TOTAL": null, "2024": 0, "2029": null}, "Means of transportation: Other": {"Demographic": "Means of transportation: Other", "2020": 0, "% OF TOTAL": null, "2024": 0, "2029": null}, "Travel time: Average (in minutes)": {"Demographic": "Travel time: Average (in minutes)", "2020": 35, "% OF TOTAL": null, "2024": 35, "2029": null}, "Travel time to work: Less than 30 minutes": {"Demographic": "Travel time to work: Less than 30 minutes", "2020": 265, "% OF TOTAL": null, "2024": 275, "2029": null}, "Travel time to work: 30 to 60 minutes": {"Demographic": "Travel time to work: 30 to 60 minutes", "2020": 284, "% OF TOTAL": null, "2024": 294, "2029": null}, "Travel time to work: 60 or more minutes": {"Demographic": "Travel time to work: 60 or more minutes", "2020": 41, "% OF TOTAL": null, "2024": 43, "2029": null}}, "demographic_snapshot": {"Total Population": {"Demographic": "Total Population", "2020": 1775, "% OF TOTAL": null, "2024": 1831, "2029": 1893}, "Households": {"Demographic": "Households", "2020": 694, "% OF TOTAL": null, "2024": 714, "2029": 737}, "Population in Group Quarters": {"Demographic": "Population in Group Quarters", "2020": 0, "% OF TOTAL": null, "2024": 0, "2029": 0}, "Households Growth": {"Demographic": "Households Growth", "2020": null, "% OF TOTAL": null, "2024": 2.9, "2029": 3.2}, "Household Income: Median": {"Demographic": "Household Income: Median", "2020": 0, "% OF TOTAL": null, "2024": 46587, "2029": 52280}, "Home Value: Median": {"Demographic": "Home Value: Median", "2020": 152155, "% OF TOTAL": null, "2024": 152917, "2029": null}, "Population Growth": {"Demographic": "Population Growth", "2020": null, "% OF TOTAL": null, "2024": 3.2, "2029": 3.4}, "Total Population: Under 19 years": {"Demographic": "Total Population: Under 19 years", "2020": 471, "% OF TOTAL": 25.0, "2024": 481, "2029": 473}, "Total Population: 20 - 64 years": {"Demographic": "Total Population: 20 - 64 years", "2020": 987, "% OF TOTAL": 54.2, "2024": 1005, "2029": 1026}, "Total Population: 65 years and over": {"Demographic": "Total Population: 65 years and over", "2020": 317, "% OF TOTAL": 20.8, "2024": 345, "2029": 394}, "Total population: Median age": {"Demographic": "Total population: Median age", "2020": 39, "% OF TOTAL": null, "2024": 39, "2029": 40}, "Total population: Under 5 years": {"Demographic": "Total population: Under 5 years", "2020": 118, "% OF TOTAL": 6.0, "2024": 118, "2029": 114}, "Total population: 5 - 9 years": {"Demographic": "Total population: 5 - 9 years", "2020": 110, "% OF TOTAL": 6.0, "2024": 110, "2029": 113}, "Total population: 10 - 14 years": {"Demographic": "Total population: 10 - 14 years", "2020": 128, "% OF TOTAL": 6.7, "2024": 130, "2029": 126}, "Total population: 15 - 19 years": {"Demographic": "Total population: 15 - 19 years", "2020": 115, "% OF TOTAL": 6.3, "2024": 123, "2029": 120}, "Total population: 20 - 24 years": {"Demographic": "Total population: 20 - 24 years", "2020": 129, "% OF TOTAL": 6.4, "2024": 135, "2029": 121}, "Total population: 25 - 29 years": {"Demographic": "Total population: 25 - 29 years", "2020": 127, "% OF TOTAL": 7.3, "2024": 130, "2029": 139}, "Total population: 30 - 34 years": {"Demographic": "Total population: 30 - 34 years", "2020": 64, "% OF TOTAL": 4.7, "2024": 67, "2029": 89}, "Total population: 35 - 39 years": {"Demographic": "Total population: 35 - 39 years", "2020": 111, "% OF TOTAL": 5.6, "2024": 112, "2029": 106}, "Total population: 40 - 44 years": {"Demographic": "Total population: 40 - 44 years", "2020": 83, "% OF TOTAL": 5.2, "2024": 85, "2029": 99}, "Total population: 45 - 49 years": {"Demographic": "Total population: 45 - 49 years", "2020": 134, "% OF TOTAL": 6.7, "2024": 131, "2029": 127}, "Total population: 50 - 54 years": {"Demographic": "Total population: 50 - 54 years", "2020": 97, "% OF TOTAL": 5.9, "2024": 103, "2029": 112}, "Total population: 55 - 59 years": {"Demographic": "Total population: 55 - 59 years", "2020": 136, "% OF TOTAL": 6.4, "2024": 131, "2029": 122}, "Total population: 60 - 64 years": {"Demographic": "Total population: 60 - 64 years", "2020": 106, "% OF TOTAL": 5.9, "2024": 111, "2029": 111}, "Total population: 65 - 69 years": {"Demographic": "Total population: 65 - 69 years", "2020": 110, "% OF TOTAL": 6.4, "2024": 119, "2029": 121}, "Total population: 70 - 74 years": {"Demographic": "Total population: 70 - 74 years", "2020": 96, "% OF TOTAL": 5.8, "2024": 98, "2029": 110}, "Total population: 75 - 79 years": {"Demographic": "Total population: 75 - 79 years", "2020": 48, "% OF TOTAL": 3.9, "2024": 56, "2029": 74}, "Total population: 80 - 84 years": {"Demographic": "Total population: 80 - 84 years", "2020": 37, "% OF TOTAL": 2.7, "2024": 44, "2029": 52}, "Total population: 85 years and over": {"Demographic": "Total population: 85 years and over", "2020": 26, "% OF TOTAL": 2.0, "2024": 28, "2029": 37}, "Householders Age 15-24": {"Demographic": "Householders Age 15-24", "2020": 37, "% OF TOTAL": 4.9, "2024": 38, "2029": 36}, "Householders Age 25-34": {"Demographic": "Householders Age 25-34", "2020": 80, "% OF TOTAL": 12.6, "2024": 82, "2029": 93}, "Householders Age 35-44": {"Demographic": "Householders Age 35-44", "2020": 118, "% OF TOTAL": 16.7, "2024": 121, "2029": 123}, "Householders Age 45-54": {"Demographic": "Householders Age 45-54", "2020": 126, "% OF TOTAL": 17.6, "2024": 130, "2029": 130}, "Householders Age 55-64": {"Demographic": "Householders Age 55-64", "2020": 141, "% OF TOTAL": 18.6, "2024": 146, "2029": 137}, "Householders Age 65-74": {"Demographic": "Householders Age 65-74", "2020": 127, "% OF TOTAL": 18.5, "2024": 131, "2029": 136}, "Householders Age 75+": {"Demographic": "Householders Age 75+", "2020": 65, "% OF TOTAL": 11.1, "2024": 66, "2029": 82}, "Household income: Average": {"Demographic": "Household income: Average", "2020": 71160, "% OF TOTAL": null, "2024": 73915, "2029": 109274}, "Household income: Less than 25k": {"Demographic": "Household income: Less than 25k", "2020": 129, "% OF TOTAL": 16.4, "2024": 136, "2029": 121}, "Household income: 25k - 50k": {"Demographic": "Household income: 25k - 50k", "2020": 297, "% OF TOTAL": 29.7, "2024": 292, "2029": 219}, "Household income: 50k - 75k": {"Demographic": "Household income: 50k - 75k", "2020": 103, "% OF TOTAL": 17.0, "2024": 126, "2029": 125}, "Household income: 75k - 100k": {"Demographic": "Household income: 75k - 100k", "2020": 62, "% OF TOTAL": 9.6, "2024": 53, "2029": 71}, "Household income: 100k - 125k": {"Demographic": "Household income: 100k - 125k", "2020": 17, "% OF TOTAL": 2.2, "2024": 17, "2029": 16}, "Household income: 125k - 150k": {"Demographic": "Household income: 125k - 150k", "2020": 36, "% OF TOTAL": 6.1, "2024": 29, "2029": 45}, "Household income: 150k - 200k": {"Demographic": "Household income: 150k - 200k", "2020": 0, "% OF TOTAL": 0.0, "2024": 0, "2029": 0}, "Household income: Above 200k": {"Demographic": "Household income: Above 200k", "2020": 50, "% OF TOTAL": 19.0, "2024": 61, "2029": 140}, "White Alone": {"Demographic": "White Alone", "2020": 1414, "% OF TOTAL": 79.0, "2024": 1452, "2029": 1495}, "Black or African American Alone": {"Demographic": "Black or African American Alone", "2020": 200, "% OF TOTAL": 11.5, "2024": 205, "2029": 218}, "American Indian and Alaska Native Alone": {"Demographic": "American Indian and Alaska Native Alone", "2020": 37, "% OF TOTAL": 2.1, "2024": 38, "2029": 39}, "Asian Alone": {"Demographic": "Asian Alone", "2020": 3, "% OF TOTAL": 0.2, "2024": 3, "2029": 3}, "Native Hawaiian and OPI Alone": {"Demographic": "Native Hawaiian and OPI Alone", "2020": 0, "% OF TOTAL": 0.0, "2024": 0, "2029": 0}, "Some Other Race Alone": {"Demographic": "Some Other Race Alone", "2020": 8, "% OF TOTAL": 0.4, "2024": 8, "2029": 8}, "Two or More Races Alone": {"Demographic": "Two or More Races Alone", "2020": 113, "% OF TOTAL": 6.9, "2024": 125, "2029": 130}, "Not Hispanic or Latino": {"Demographic": "Not Hispanic or Latino", "2020": 1730, "% OF TOTAL": 97.3, "2024": 1782, "2029": 1842}, "Hispanic or Latino": {"Demographic": "Hispanic or Latino", "2020": 45, "% OF TOTAL": 2.7, "2024": 49, "2029": 51}, "Total Housing Units": {"Demographic": "Total Housing Units", "2020": 763, "% OF TOTAL": null, "2024": null, "2029": null}, "Owner Occupied Housing Units": {"Demographic": "Owner Occupied Housing Units", "2020": 494, "% OF TOTAL": null, "2024": 508, "2029": null}, "Renter Occupied Housing Units": {"Demographic": "Renter Occupied Housing Units", "2020": 200, "% OF TOTAL": null, "2024": 206, "2029": null}, "Housing Units Value Less Than 100k": {"Demographic": "Housing Units Value Less Than 100k", "2020": 217, "% OF TOTAL": null, "2024": 222, "2029": null}, "Housing Units Value 100k - 200k": {"Demographic": "Housing Units Value 100k - 200k", "2020": 83, "% OF TOTAL": null, "2024": 85, "2029": null}, "Housing Units Value 200k - 250k": {"Demographic": "Housing Units Value 200k - 250k", "2020": 57, "% OF TOTAL": null, "2024": 59, "2029": null}, "Housing Units Value 250k - 300k": {"Demographic": "Housing Units Value 250k - 300k", "2020": 61, "% OF TOTAL": null, "2024": 63, "2029": null}, "Housing Units Value 300k - 400k": {"Demographic": "Housing Units Value 300k - 400k", "2020": 30, "% OF TOTAL": null, "2024": 31, "2029": null}, "Housing Units Value 400k - 500k": {"Demographic": "Housing Units Value 400k - 500k", "2020": 24, "% OF TOTAL": null, "2024": 25, "2029": null}, "Housing Units Value 500k - 750k": {"Demographic": "Housing Units Value 500k - 750k", "2020": 22, "% OF TOTAL": null, "2024": 23, "2029": null}, "Housing Units Value 750k - 1m": {"Demographic": "Housing Units Value 750k - 1m", "2020": 0, "% OF TOTAL": null, "2024": 0, "2029": null}, "Housing Units Value 1m - 1.5m": {"Demographic": "Housing Units Value 1m - 1.5m", "2020": 0, "% OF TOTAL": null, "2024": 0, "2029": null}, "Housing Units Value 1.5m - 2m": {"Demographic": "Housing Units Value 1.5m - 2m", "2020": 0, "% OF TOTAL": null, "2024": 0, "2029": null}, "Housing Units Value >2m": {"Demographic": "Housing Units Value >2m", "2020": 0, "% OF TOTAL": null, "2024": 0, "2029": null}, "Take Car or Truck to Work": {"Demographic": "Take Car or Truck to Work", "2020": 590, "% OF TOTAL": null, "2024": 612, "2029": null}, "Take Public Transportation to Work": {"Demographic": "Take Public Transportation to Work", "2020": 0, "% OF TOTAL": null, "2024": 0, "2029": null}, "Take Other Means of Transportation to Work": {"Demographic": "Take Other Means of Transportation to Work", "2020": 0, "% OF TOTAL": null, "2024": 0, "2029": null}, "Average Travel Time (min)": {"Demographic": "Average Travel Time (min)", "2020": 36, "% OF TOTAL": null, "2024": 36, "2029": null}, "Travel Below 30 Min to Work": {"Demographic": "Travel Below 30 Min to Work", "2020": 265, "% OF TOTAL": null, "2024": 275, "2029": null}, "Travel 30-60 Min to Work": {"Demographic": "Travel 30-60 Min to Work", "2020": 284, "% OF TOTAL": null, "2024": 294, "2029": null}, "Travel Above 60 Min to Work": {"Demographic": "Travel Above 60 Min to Work", "2020": 76, "% OF TOTAL": null, "2024": 43, "2029": null}, "Educational Attainment: No High School Diploma": {"Demographic": "Educational Attainment: No High School Diploma", "2020": 646, "% OF TOTAL": null, "2024": 668, "2029": null}, "Educational Attainment: High School Diploma": {"Demographic": "Educational Attainment: High School Diploma", "2020": 495, "% OF TOTAL": null, "2024": 512, "2029": null}, "Educational Attainment: Some College": {"Demographic": "Educational Attainment: Some College", "2020": 492, "% OF TOTAL": null, "2024": 509, "2029": null}, "Educational Attainment: Associate's Degree": {"Demographic": "Educational Attainment: Associate's Degree", "2020": 171, "% OF TOTAL": null, "2024": 177, "2029": null}, "Educational Attainment: Bachelors Degree": {"Demographic": "Educational Attainment: Bachelors Degree", "2020": 97, "% OF TOTAL": null, "2024": 100, "2029": null}, "Educational Attainment: Advanced Degree": {"Demographic": "Educational Attainment: Advanced Degree", "2020": 37, "% OF TOTAL": null, "2024": 38, "2029": null}, "Households: Number of vehicles available - Average": {"Demographic": "Households: Number of vehicles available - Average", "2020": 1, "% OF TOTAL": null, "2024": 1, "2029": null}, "Households: No Vehicle available": {"Demographic": "Households: No Vehicle available", "2020": 40, "% OF TOTAL": null, "2024": 41, "2029": null}, "Households: 1 Vehicle available": {"Demographic": "Households: 1 Vehicle available", "2020": 313, "% OF TOTAL": null, "2024": 322, "2029": null}, "Households: 2 Vehicles available": {"Demographic": "Households: 2 Vehicles available", "2020": 161, "% OF TOTAL": null, "2024": 166, "2029": null}, "Households: 3 Vehicles available": {"Demographic": "Households: 3 Vehicles available", "2020": 111, "% OF TOTAL": null, "2024": 114, "2029": null}, "Households: 4 or more Vehicles available": {"Demographic": "Households: 4 or more Vehicles available", "2020": 69, "% OF TOTAL": null, "2024": 71, "2029": null}}, "household_trends": {"Households": {"Demographic": "Households", "2020": 694, "% OF TOTAL": null, "2024": 714, "2029": 737}, "Households Growth": {"Demographic": "Households Growth", "2020": null, "% OF TOTAL": null, "2024": 2.9, "2029": 3.2}, "Householder Age 15-24": {"Demographic": "Householder Age 15-24", "2020": 37, "% OF TOTAL": 4.9, "2024": 38, "2029": 36}, "Householder Age 25-34": {"Demographic": "Householder Age 25-34", "2020": 80, "% OF TOTAL": 12.6, "2024": 82, "2029": 93}, "Householder Age 35-44": {"Demographic": "Householder Age 35-44", "2020": 118, "% OF TOTAL": 16.7, "2024": 121, "2029": 123}, "Householder Age 45-54": {"Demographic": "Householder Age 45-54", "2020": 126, "% OF TOTAL": 17.6, "2024": 130, "2029": 130}, "Householder Age 55-64": {"Demographic": "Householder Age 55-64", "2020": 141, "% OF TOTAL": 18.6, "2024": 146, "2029": 137}, "Householder Age 65-74": {"Demographic": "Householder Age 65-74", "2020": 127, "% OF TOTAL": 18.5, "2024": 131, "2029": 136}, "Householder Age 75+": {"Demographic": "Householder Age 75+", "2020": 65, "% OF TOTAL": 11.1, "2024": 66, "2029": 82}, "Average Household Size": {"Demographic": "Average Household Size", "2020": 2.6, "% OF TOTAL": null, "2024": 2.6, "2029": 2.6}, "1 Person Households": {"Demographic": "1 Person Households", "2020": 178, "% OF TOTAL": 25.6, "2024": 183, "2029": 189}, "2 Person Households": {"Demographic": "2 Person Households", "2020": 223, "% OF TOTAL": 32.0, "2024": 229, "2029": 236}, "3 Person Households": {"Demographic": "3 Person Households", "2020": 121, "% OF TOTAL": 17.5, "2024": 125, "2029": 129}, "4 Person Households": {"Demographic": "4 Person Households", "2020": 100, "% OF TOTAL": 14.4, "2024": 103, "2029": 106}, "5 Person Households": {"Demographic": "5 Person Households", "2020": 50, "% OF TOTAL": 7.3, "2024": 52, "2029": 54}, "6 Person Households": {"Demographic": "6 Person Households", "2020": 10, "% OF TOTAL": 1.4, "2024": 10, "2029": 10}, "7+ Person Households": {"Demographic": "7+ Person Households", "2020": 12, "% OF TOTAL": 1.8, "2024": 12, "2029": 13}, "Household Type: Family": {"Demographic": "Household Type: Family", "2020": 489, "% OF TOTAL": null, "2024": 503, "2029": null}, "Household Type: Married Family": {"Demographic": "Household Type: Married Family", "2020": 343, "% OF TOTAL": null, "2024": 353, "2029": null}, "Household Type: Married Family With Children": {"Demographic": "Household Type: Married Family With Children", "2020": 120, "% OF TOTAL": null, "2024": 124, "2029": null}, "Household Type: Married Family Without Children": {"Demographic": "Household Type: Married Family Without Children", "2020": 223, "% OF TOTAL": null, "2024": 229, "2029": null}, "Household Type: Other Family": {"Demographic": "Household Type: Other Family", "2020": 146, "% OF TOTAL": null, "2024": 150, "2029": null}, "Household Type: Male Households, No Wife": {"Demographic": "Household Type: Male Households, No Wife", "2020": 45, "% OF TOTAL": null, "2024": 46, "2029": null}, "Household Type: Male Households, No Wife With Children": {"Demographic": "Household Type: Male Households, No Wife With Children", "2020": 15, "% OF TOTAL": null, "2024": 15, "2029": null}, "Household Type: Male Households, No Wife Without Children": {"Demographic": "Household Type: Male Households, No Wife Without Children", "2020": 30, "% OF TOTAL": null, "2024": 31, "2029": null}, "Household Type: Female Households, No Husband": {"Demographic": "Household Type: Female Households, No Husband", "2020": 101, "% OF TOTAL": null, "2024": 104, "2029": null}, "Household Type: Female Households, No Husband With Children": {"Demographic": "Household Type: Female Households, No Husband With Children", "2020": 50, "% OF TOTAL": null, "2024": 51, "2029": null}, "Household Type: Female Households, No Husband Without Children": {"Demographic": "Household Type: Female Households, No Husband Without Children", "2020": 51, "% OF TOTAL": null, "2024": 53, "2029": null}, "Household Income: Average": {"Demographic": "Household Income: Average", "2020": 71160, "% OF TOTAL": null, "2024": 73915, "2029": 109274}, "Household Income: Median": {"Demographic": "Household Income: Median", "2020": 0, "% OF TOTAL": null, "2024": 46587, "2029": 52280}, "Household Income: Less than $25k": {"Demographic": "Household Income: Less than $25k", "2020": 129, "% OF TOTAL": 16.4, "2024": 136, "2029": 121}, "Household Income: $25k - $50k": {"Demographic": "Household Income: $25k - $50k", "2020": 297, "% OF TOTAL": 29.7, "2024": 292, "2029": 219}, "Household Income: $50k - $75k": {"Demographic": "Household Income: $50k - $75k", "2020": 103, "% OF TOTAL": 17.0, "2024": 126, "2029": 125}, "Household Income: $75k - $100k": {"Demographic": "Household Income: $75k - $100k", "2020": 62, "% OF TOTAL": 9.6, "2024": 53, "2029": 71}, "Household Income: $100k - $125k": {"Demographic": "Household Income: $100k - $125k", "2020": 17, "% OF TOTAL": 2.2, "2024": 17, "2029": 16}, "Household Income: $125k - $150k": {"Demographic": "Household Income: $125k - $150k", "2020": 36, "% OF TOTAL": 6.1, "2024": 29, "2029": 45}, "Household Income: $150k - $200k": {"Demographic": "Household Income: $150k - $200k", "2020": 0, "% OF TOTAL": 0.0, "2024": 0, "2029": 0}, "Household Income: Above $200k": {"Demographic": "Household Income: Above $200k", "2020": 50, "% OF TOTAL": 19.0, "2024": 61, "2029": 140}, "Total Housing Units": {"Demographic": "Total Housing Units", "2020": 763, "% OF TOTAL": null, "2024": null, "2029": null}, "Owner Occupied Housing Units": {"Demographic": "Owner Occupied Housing Units", "2020": 494, "% OF TOTAL": null, "2024": 508, "2029": null}, "Renter Occupied Housing Units": {"Demographic": "Renter Occupied Housing Units", "2020": 200, "% OF TOTAL": null, "2024": 206, "2029": null}, "Vacant Housing Units": {"Demographic": "Vacant Housing Units", "2020": 69, "% OF TOTAL": null, "2024": null, "2029": null}, "Vacant Housing Units: Seasonal": {"Demographic": "Vacant Housing Units: Seasonal", "2020": 7, "% OF TOTAL": null, "2024": null, "2029": null}, "Vacant Housing Units: Other Usage": {"Demographic": "Vacant Housing Units: Other Usage", "2020": 62, "% OF TOTAL": null, "2024": null, "2029": null}, "Average Housing Unit Value": {"Demographic": "Average Housing Unit Value", "2020": 173578, "% OF TOTAL": null, "2024": 174562, "2029": null}, "Median Housing Unit Value": {"Demographic": "Median Housing Unit Value", "2020": 152155, "% OF TOTAL": null, "2024": 152917, "2029": null}, "Housing Unit Value Less Than $100k": {"Demographic": "Housing Unit Value Less Than $100k", "2020": 217, "% OF TOTAL": null, "2024": 222, "2029": null}, "Housing Unit Value $100k-$200k": {"Demographic": "Housing Unit Value $100k-$200k", "2020": 83, "% OF TOTAL": null, "2024": 85, "2029": null}, "Housing Unit Value $200k-$250k": {"Demographic": "Housing Unit Value $200k-$250k", "2020": 57, "% OF TOTAL": null, "2024": 59, "2029": null}, "Housing Unit Value $250k-$300k": {"Demographic": "Housing Unit Value $250k-$300k", "2020": 61, "% OF TOTAL": null, "2024": 63, "2029": null}, "Housing Unit Value $300k-$400k": {"Demographic": "Housing Unit Value $300k-$400k", "2020": 30, "% OF TOTAL": null, "2024": 31, "2029": null}, "Housing Unit Value $400k-$500k": {"Demographic": "Housing Unit Value $400k-$500k", "2020": 24, "% OF TOTAL": null, "2024": 25, "2029": null}, "Housing Unit Value $500k-$750k": {"Demographic": "Housing Unit Value $500k-$750k", "2020": 22, "% OF TOTAL": null, "2024": 23, "2029": null}, "Housing Unit Value $750k-$1m": {"Demographic": "Housing Unit Value $750k-$1m", "2020": 0, "% OF TOTAL": null, "2024": 0, "2029": null}, "Housing Unit Value $1m-$1.5m": {"Demographic": "Housing Unit Value $1m-$1.5m", "2020": 0, "% OF TOTAL": null, "2024": 0, "2029": null}, "Housing Unit Value $1.5m-$2m": {"Demographic": "Housing Unit Value $1.5m-$2m", "2020": 0, "% OF TOTAL": null, "2024": 0, "2029": null}, "Housing Unit Value Above $2m": {"Demographic": "Housing Unit Value Above $2m", "2020": 0, "% OF TOTAL": null, "2024": 0, "2029": null}, "Median Housing Unit Year Built": {"Demographic": "Median Housing Unit Year Built", "2020": 1987, "% OF TOTAL": null, "2024": 1987, "2029": null}, "Housing Units Built 2014 Or After": {"Demographic": "Housing Units Built 2014 Or After", "2020": 7, "% OF TOTAL": null, "2024": 7, "2029": null}, "Housing Units Built 2010-2013": {"Demographic": "Housing Units Built 2010-2013", "2020": 32, "% OF TOTAL": null, "2024": 33, "2029": null}, "Housing Units Built 2000-2009": {"Demographic": "Housing Units Built 2000-2009", "2020": 203, "% OF TOTAL": null, "2024": 209, "2029": null}, "Housing Units Built 1990-1999": {"Demographic": "Housing Units Built 1990-1999", "2020": 67, "% OF TOTAL": null, "2024": 69, "2029": null}, "Housing Units Built 1980-1989": {"Demographic": "Housing Units Built 1980-1989", "2020": 109, "% OF TOTAL": null, "2024": 113, "2029": null}, "Housing Units Built 1970-1979": {"Demographic": "Housing Units Built 1970-1979", "2020": 77, "% OF TOTAL": null, "2024": 79, "2029": null}, "Housing Units Built 1960-1969": {"Demographic": "Housing Units Built 1960-1969", "2020": 75, "% OF TOTAL": null, "2024": 77, "2029": null}, "Housing Units Built 1950-1959": {"Demographic": "Housing Units Built 1950-1959", "2020": 0, "% OF TOTAL": null, "2024": 0, "2029": null}, "Housing Units Built 1940-1949": {"Demographic": "Housing Units Built 1940-1949", "2020": 81, "% OF TOTAL": null, "2024": 83, "2029": null}, "Housing Units Built Before 1940": {"Demographic": "Housing Units Built Before 1940", "2020": 43, "% OF TOTAL": null, "2024": 44, "2029": null}}}, "geometry": {"type": "Polygon", "coordinates": [[[-87.590594702496, 30.960309676262757], [-87.59247066723411, 30.956346039747405], [-87.62430579547762, 30.956346039747405], [-87.62430579547762, 30.985259472928462], [-87.59393296558774, 30.985259472928462], [-87.590594702496, 30.975147276906323], [-87.590594702496, 30.960309676262757]]]}}, {"type": "Feature", "properties": {"block": "021", "block_num": 21, "CentroidLon": -87.5896328516896, "CentroidLat": 30.96728779188569, "submarket": "North Baldwin", "data_status": "no data", "is_anomalous": false, "anomaly_reason": null, "files_present": ""}, "geometry": {"type": "Polygon", "coordinates": [[[-87.590594702496, 30.975147276906323], [-87.58770915007682, 30.966406422487978], [-87.590594702496, 30.960309676262757], [-87.590594702496, 30.975147276906323]]]}}, {"type": "Feature", "properties": {"block": "022", "block_num": 22, "CentroidLon": -87.87065769086334, "CentroidLat": 30.943587987509755, "submarket": "North Baldwin", "data_status": "no data", "is_anomalous": false, "anomaly_reason": null, "files_present": ""}, "geometry": {"type": "Polygon", "coordinates": [[[-87.86028344634896, 30.956346039747405], [-87.86028344634896, 30.92743260656635], [-87.87318377668072, 30.92743260656635], [-87.88722969815265, 30.956346039747405], [-87.86028344634896, 30.956346039747405]]]}}, {"type": "Feature", "properties": {"block": "023", "block_num": 23, "CentroidLon": -87.6114971680439, "CentroidLat": 30.94320859133979, "submarket": "North Baldwin", "data_status": "no data", "is_anomalous": false, "anomaly_reason": null, "files_present": ""}, "geometry": {"type": "Polygon", "coordinates": [[[-87.62430579547762, 30.92743260656635], [-87.62430579547762, 30.956346039747405], [-87.59247066723411, 30.956346039747405], [-87.6061552169891, 30.92743260656635], [-87.62430579547762, 30.92743260656635]]]}}, {"type": "Feature", "properties": {"block": "024", "block_num": 24, "CentroidLon": -87.84342789985816, "CentroidLat": 30.941889323156875, "submarket": "North Baldwin", "data_status": "no data", "is_anomalous": false, "anomaly_reason": null, "files_present": ""}, "geometry": {"type": "Polygon", "coordinates": [[[-87.86028344634896, 30.92743260656635], [-87.86028344634896, 30.956346039747405], [-87.82657235336734, 30.956346039747405], [-87.82657235336734, 30.92743260656635], [-87.86028344634896, 30.92743260656635]]]}}, {"type": "Feature", "properties": {"block": "025", "block_num": 25, "CentroidLon": -87.80971680687657, "CentroidLat": 30.941889323156875, "submarket": "North Baldwin", "data_status": "no data", "is_anomalous": false, "anomaly_reason": null, "files_present": ""}, "geometry": {"type": "Polygon", "coordinates": [[[-87.82657235336734, 30.92743260656635], [-87.82657235336734, 30.956346039747405], [-87.79286126038572, 30.956346039747405], [-87.79286126038572, 30.92743260656635], [-87.82657235336734, 30.92743260656635]]]}}, {"type": "Feature", "properties": {"block": "026", "block_num": 26, "CentroidLon": -87.7760057138949, "CentroidLat": 30.941889323156875, "submarket": "North Baldwin", "data_status": "no data", "is_anomalous": false, "anomaly_reason": null, "files_present": ""}, "geometry": {"type": "Polygon", "coordinates": [[[-87.79286126038572, 30.92743260656635], [-87.79286126038572, 30.956346039747405], [-87.7591501674041, 30.956346039747405], [-87.7591501674041, 30.92743260656635], [-87.79286126038572, 30.92743260656635]]]}}, {"type": "Feature", "properties": {"block": "027", "block_num": 27, "CentroidLon": -87.74229462091328, "CentroidLat": 30.941889323156875, "submarket": "North Baldwin", "data_status": "no data", "is_anomalous": false, "anomaly_reason": null, "files_present": ""}, "geometry": {"type": "Polygon", "coordinates": [[[-87.7591501674041, 30.92743260656635], [-87.7591501674041, 30.956346039747405], [-87.72543907442248, 30.956346039747405], [-87.72543907442248, 30.92743260656635], [-87.7591501674041, 30.92743260656635]]]}}, {"type": "Feature", "properties": {"block": "028", "block_num": 28, "CentroidLon": -87.70858352793167, "CentroidLat": 30.941889323156875, "submarket": "North Baldwin", "data_status": "no data", "is_anomalous": false, "anomaly_reason": null, "files_present": ""}, "geometry": {"type": "Polygon", "coordinates": [[[-87.72543907442248, 30.92743260656635], [-87.72543907442248, 30.956346039747405], [-87.69172798144086, 30.956346039747405], [-87.69172798144086, 30.92743260656635], [-87.72543907442248, 30.92743260656635]]]}}, {"type": "Feature", "properties": {"block": "029", "block_num": 29, "CentroidLon": -87.67487243495007, "CentroidLat": 30.941889323156875, "submarket": "North Baldwin", "data_status": "no data", "is_anomalous": false, "anomaly_reason": null, "files_present": ""}, "geometry": {"type": "Polygon", "coordinates": [[[-87.69172798144086, 30.92743260656635], [-87.69172798144086, 30.956346039747405], [-87.65801688845924, 30.956346039747405], [-87.65801688845924, 30.92743260656635], [-87.69172798144086, 30.92743260656635]]]}}, {"type": "Feature", "properties": {"block": "030", "block_num": 30, "CentroidLon": -87.64116134196843, "CentroidLat": 30.941889323156875, "submarket": "North Baldwin", "data_status": "no data", "is_anomalous": false, "anomaly_reason": null, "files_present": ""}, "geometry": {"type": "Polygon", "coordinates": [[[-87.65801688845924, 30.92743260656635], [-87.65801688845924, 30.956346039747405], [-87.62430579547762, 30.956346039747405], [-87.62430579547762, 30.92743260656635], [-87.65801688845924, 30.92743260656635]]]}}, {"type": "Feature", "properties": {"block": "031", "block_num": 31, "CentroidLon": -87.61796163853502, "CentroidLat": 30.915891647933893, "submarket": "North Baldwin", "data_status": "no data", "is_anomalous": false, "anomaly_reason": null, "files_present": ""}, "geometry": {"type": "Polygon", "coordinates": [[[-87.62430579547762, 30.898519173385292], [-87.62430579547762, 30.92743260656635], [-87.6061552169891, 30.92743260656635], [-87.6198397667441, 30.898519173385292], [-87.62430579547762, 30.898519173385292]]]}}, {"type": "Feature", "properties": {"block": "032", "block_num": 32, "CentroidLon": -87.86503296010481, "CentroidLat": 30.913293965166908, "submarket": "North Baldwin", "data_status": "no data", "is_anomalous": false, "anomaly_reason": null, "files_present": ""}, "geometry": {"type": "Polygon", "coordinates": [[[-87.86028344634896, 30.92743260656635], [-87.86028344634896, 30.898519173385292], [-87.87345810316646, 30.898519173385292], [-87.86495414686793, 30.91049196994294], [-87.87318377668072, 30.92743260656635], [-87.86028344634896, 30.92743260656635]]]}}, {"type": "Feature", "properties": {"block": "033", "block_num": 33, "CentroidLon": -87.84342789985816, "CentroidLat": 30.912975889975822, "submarket": "North Baldwin", "data_status": "no data", "is_anomalous": false, "anomaly_reason": null, "files_present": ""}, "geometry": {"type": "Polygon", "coordinates": [[[-87.86028344634896, 30.898519173385292], [-87.86028344634896, 30.92743260656635], [-87.82657235336734, 30.92743260656635], [-87.82657235336734, 30.898519173385292], [-87.86028344634896, 30.898519173385292]]]}}, {"type": "Feature", "properties": {"block": "034", "block_num": 34, "CentroidLon": -87.80971680687657, "CentroidLat": 30.912975889975822, "submarket": "North Baldwin", "data_status": "no data", "is_anomalous": false, "anomaly_reason": null, "files_present": ""}, "geometry": {"type": "Polygon", "coordinates": [[[-87.82657235336734, 30.898519173385292], [-87.82657235336734, 30.92743260656635], [-87.79286126038572, 30.92743260656635], [-87.79286126038572, 30.898519173385292], [-87.82657235336734, 30.898519173385292]]]}}, {"type": "Feature", "properties": {"block": "035", "block_num": 35, "CentroidLon": -87.7760057138949, "CentroidLat": 30.912975889975822, "submarket": "North Baldwin", "data_status": "no data", "is_anomalous": false, "anomaly_reason": null, "files_present": ""}, "geometry": {"type": "Polygon", "coordinates": [[[-87.79286126038572, 30.898519173385292], [-87.79286126038572, 30.92743260656635], [-87.7591501674041, 30.92743260656635], [-87.7591501674041, 30.898519173385292], [-87.79286126038572, 30.898519173385292]]]}}, {"type": "Feature", "properties": {"block": "036", "block_num": 36, "CentroidLon": -87.74229462091328, "CentroidLat": 30.912975889975822, "submarket": "North Baldwin", "data_status": "no data", "is_anomalous": false, "anomaly_reason": null, "files_present": ""}, "geometry": {"type": "Polygon", "coordinates": [[[-87.7591501674041, 30.898519173385292], [-87.7591501674041, 30.92743260656635], [-87.72543907442248, 30.92743260656635], [-87.72543907442248, 30.898519173385292], [-87.7591501674041, 30.898519173385292]]]}}, {"type": "Feature", "properties": {"block": "037", "block_num": 37, "CentroidLon": -87.70858352793167, "CentroidLat": 30.912975889975822, "submarket": "North Baldwin", "data_status": "usable", "is_anomalous": false, "anomaly_reason": null, "files_present": "ConsumerSegmentation-26.08.06.csv;DemographicSnapshot-26.08.06.csv;HouseholdIncomeByAge-26.08.06.csv;HouseholdTrends-26.08.06.csv;PopulationTrends-26.08.06.csv", "population_2024": 1300, "population_2029": 1597, "households_2024": 513, "households_2029": 629, "median_household_income": 87793, "mean_household_income": null, "median_home_value_2024": 163611, "average_household_size_2024": 2.5, "population_growth_2024_2029": 4.3, "households_growth_2024_2029": 4.1, "median_age_2024": 43, "consumer_segments": {"Simple Life Moderate Income No Children": {"households": 116, "pct": 30.5}, "Simple Life Moderate Income With Children": {"households": 82, "pct": 21.6}, "Renters": {"households": 70, "pct": 18.4}, "Active Adult Elite": {"households": 33, "pct": 8.7}, "Simple Life Affluent No Children": {"households": 28, "pct": 7.4}, "Family Life Young Children": {"households": 16, "pct": 4.2}, "Active Adult Entry Level": {"households": 16, "pct": 4.2}, "Active Adult Feature and Location": {"households": 9, "pct": 2.4}, "Elite": {"households": 5, "pct": 1.3}, "Renters Near Term Buyers": {"households": 5, "pct": 1.3}, "Family Life School Age Children": {"households": 0, "pct": 0.0}, "Feature and Location": {"households": 0, "pct": 0.0}, "Entry Level Urban": {"households": 0, "pct": 0.0}, "Entry Level Suburban": {"households": 0, "pct": 0.0}}, "income_age": {"2020": {}, "2024": {}, "2029": {}}, "population_trends": {"Total Population": {"Demographic": "Total Population", "2020": 1246, "% OF TOTAL": null, "2024": 1300, "2029": 1597}, "Population Growth": {"Demographic": "Population Growth", "2020": null, "% OF TOTAL": null, "2024": 4.3, "2029": 22.8}, "Female Population": {"Demographic": "Female Population", "2020": 644, "% OF TOTAL": 51.8, "2024": 674, "2029": 828}, "Male Population": {"Demographic": "Male Population", "2020": 602, "% OF TOTAL": 48.2, "2024": 626, "2029": 769}, "Total population: Median Age": {"Demographic": "Total population: Median Age", "2020": 42, "% OF TOTAL": null, "2024": 43, "2029": 44}, "Total population: Under 5 years": {"Demographic": "Total population: Under 5 years", "2020": 62, "% OF TOTAL": 4.8, "2024": 63, "2029": 76}, "Total population: 5 - 9 years": {"Demographic": "Total population: 5 - 9 years", "2020": 90, "% OF TOTAL": 6.3, "2024": 92, "2029": 101}, "Total population: 10 - 14 years": {"Demographic": "Total population: 10 - 14 years", "2020": 77, "% OF TOTAL": 6.0, "2024": 76, "2029": 96}, "Total population: 15 - 19 years": {"Demographic": "Total population: 15 - 19 years", "2020": 68, "% OF TOTAL": 5.2, "2024": 72, "2029": 83}, "Total population: 20 - 24 years": {"Demographic": "Total population: 20 - 24 years", "2020": 52, "% OF TOTAL": 4.1, "2024": 55, "2029": 66}, "Total population: 25 - 29 years": {"Demographic": "Total population: 25 - 29 years", "2020": 73, "% OF TOTAL": 5.4, "2024": 75, "2029": 86}, "Total population: 30 - 34 years": {"Demographic": "Total population: 30 - 34 years", "2020": 72, "% OF TOTAL": 6.1, "2024": 79, "2029": 97}, "Total population: 35 - 39 years": {"Demographic": "Total population: 35 - 39 years", "2020": 79, "% OF TOTAL": 6.4, "2024": 81, "2029": 102}, "Total population: 40 - 44 years": {"Demographic": "Total population: 40 - 44 years", "2020": 86, "% OF TOTAL": 6.9, "2024": 90, "2029": 110}, "Total population: 45 - 49 years": {"Demographic": "Total population: 45 - 49 years", "2020": 73, "% OF TOTAL": 6.4, "2024": 72, "2029": 102}, "Total population: 50 - 54 years": {"Demographic": "Total population: 50 - 54 years", "2020": 99, "% OF TOTAL": 7.3, "2024": 106, "2029": 116}, "Total population: 55 - 59 years": {"Demographic": "Total population: 55 - 59 years", "2020": 100, "% OF TOTAL": 7.3, "2024": 98, "2029": 117}, "Total population: 60 - 64 years": {"Demographic": "Total population: 60 - 64 years", "2020": 100, "% OF TOTAL": 7.3, "2024": 106, "2029": 117}, "Total population: 65 - 69 years": {"Demographic": "Total population: 65 - 69 years", "2020": 85, "% OF TOTAL": 7.5, "2024": 92, "2029": 119}, "Total population: 70 - 74 years": {"Demographic": "Total population: 70 - 74 years", "2020": 49, "% OF TOTAL": 4.8, "2024": 49, "2029": 77}, "Total population: 75 - 79 years": {"Demographic": "Total population: 75 - 79 years", "2020": 45, "% OF TOTAL": 4.1, "2024": 54, "2029": 66}, "Total population: 80 - 84 years": {"Demographic": "Total population: 80 - 84 years", "2020": 22, "% OF TOTAL": 2.7, "2024": 25, "2029": 43}, "Total population: 85 years and over": {"Demographic": "Total population: 85 years and over", "2020": 14, "% OF TOTAL": 1.4, "2024": 15, "2029": 23}, "Female population: Median Age": {"Demographic": "Female population: Median Age", "2020": 42, "% OF TOTAL": null, "2024": 43, "2029": 43}, "Female population: Under 5 years": {"Demographic": "Female population: Under 5 years", "2020": 35, "% OF TOTAL": 5.2, "2024": 36, "2029": 43}, "Female population: 5 - 9 years": {"Demographic": "Female population: 5 - 9 years", "2020": 36, "% OF TOTAL": 5.3, "2024": 37, "2029": 44}, "Female population: 10 - 14 years": {"Demographic": "Female population: 10 - 14 years", "2020": 49, "% OF TOTAL": 6.5, "2024": 48, "2029": 54}, "Female population: 15 - 19 years": {"Demographic": "Female population: 15 - 19 years", "2020": 30, "% OF TOTAL": 5.0, "2024": 31, "2029": 41}, "Female population: 20 - 24 years": {"Demographic": "Female population: 20 - 24 years", "2020": 35, "% OF TOTAL": 4.7, "2024": 37, "2029": 39}, "Female population: 25 - 29 years": {"Demographic": "Female population: 25 - 29 years", "2020": 37, "% OF TOTAL": 5.8, "2024": 38, "2029": 48}, "Female population: 30 - 34 years": {"Demographic": "Female population: 30 - 34 years", "2020": 37, "% OF TOTAL": 6.0, "2024": 41, "2029": 50}, "Female population: 35 - 39 years": {"Demographic": "Female population: 35 - 39 years", "2020": 46, "% OF TOTAL": 7.0, "2024": 47, "2029": 58}, "Female population: 40 - 44 years": {"Demographic": "Female population: 40 - 44 years", "2020": 33, "% OF TOTAL": 5.9, "2024": 35, "2029": 49}, "Female population: 45 - 49 years": {"Demographic": "Female population: 45 - 49 years", "2020": 39, "% OF TOTAL": 6.0, "2024": 39, "2029": 50}, "Female population: 50 - 54 years": {"Demographic": "Female population: 50 - 54 years", "2020": 46, "% OF TOTAL": 6.8, "2024": 50, "2029": 56}, "Female population: 55 - 59 years": {"Demographic": "Female population: 55 - 59 years", "2020": 50, "% OF TOTAL": 7.0, "2024": 50, "2029": 58}, "Female population: 60 - 64 years": {"Demographic": "Female population: 60 - 64 years", "2020": 52, "% OF TOTAL": 7.2, "2024": 54, "2029": 60}, "Female population: 65 - 69 years": {"Demographic": "Female population: 65 - 69 years", "2020": 52, "% OF TOTAL": 8.2, "2024": 56, "2029": 68}, "Female population: 70 - 74 years": {"Demographic": "Female population: 70 - 74 years", "2020": 26, "% OF TOTAL": 5.4, "2024": 27, "2029": 45}, "Female population: 75 - 79 years": {"Demographic": "Female population: 75 - 79 years", "2020": 21, "% OF TOTAL": 3.9, "2024": 26, "2029": 32}, "Female population: 80 - 84 years": {"Demographic": "Female population: 80 - 84 years", "2020": 9, "% OF TOTAL": 2.3, "2024": 10, "2029": 19}, "Female population: 85 years and over": {"Demographic": "Female population: 85 years and over", "2020": 11, "% OF TOTAL": 1.7, "2024": 12, "2029": 14}, "Male population: Median Age": {"Demographic": "Male population: Median Age", "2020": 43, "% OF TOTAL": null, "2024": 43, "2029": 44}, "Male population: Under 5 years": {"Demographic": "Male population: Under 5 years", "2020": 27, "% OF TOTAL": 4.3, "2024": 27, "2029": 33}, "Male population: 5 - 9 years": {"Demographic": "Male population: 5 - 9 years", "2020": 54, "% OF TOTAL": 7.4, "2024": 55, "2029": 57}, "Male population: 10 - 14 years": {"Demographic": "Male population: 10 - 14 years", "2020": 28, "% OF TOTAL": 5.5, "2024": 28, "2029": 42}, "Male population: 15 - 19 years": {"Demographic": "Male population: 15 - 19 years", "2020": 38, "% OF TOTAL": 5.5, "2024": 41, "2029": 42}, "Male population: 20 - 24 years": {"Demographic": "Male population: 20 - 24 years", "2020": 17, "% OF TOTAL": 3.5, "2024": 18, "2029": 27}, "Male population: 25 - 29 years": {"Demographic": "Male population: 25 - 29 years", "2020": 36, "% OF TOTAL": 4.9, "2024": 37, "2029": 38}, "Male population: 30 - 34 years": {"Demographic": "Male population: 30 - 34 years", "2020": 35, "% OF TOTAL": 6.1, "2024": 38, "2029": 47}, "Male population: 35 - 39 years": {"Demographic": "Male population: 35 - 39 years", "2020": 33, "% OF TOTAL": 5.7, "2024": 34, "2029": 44}, "Male population: 40 - 44 years": {"Demographic": "Male population: 40 - 44 years", "2020": 53, "% OF TOTAL": 7.9, "2024": 55, "2029": 61}, "Male population: 45 - 49 years": {"Demographic": "Male population: 45 - 49 years", "2020": 34, "% OF TOTAL": 6.8, "2024": 33, "2029": 52}, "Male population: 50 - 54 years": {"Demographic": "Male population: 50 - 54 years", "2020": 53, "% OF TOTAL": 7.8, "2024": 56, "2029": 60}, "Male population: 55 - 59 years": {"Demographic": "Male population: 55 - 59 years", "2020": 50, "% OF TOTAL": 7.7, "2024": 48, "2029": 59}, "Male population: 60 - 64 years": {"Demographic": "Male population: 60 - 64 years", "2020": 48, "% OF TOTAL": 7.4, "2024": 52, "2029": 57}, "Male population: 65 - 69 years": {"Demographic": "Male population: 65 - 69 years", "2020": 33, "% OF TOTAL": 6.6, "2024": 36, "2029": 51}, "Male population: 70 - 74 years": {"Demographic": "Male population: 70 - 74 years", "2020": 23, "% OF TOTAL": 4.2, "2024": 22, "2029": 32}, "Male population: 75 - 79 years": {"Demographic": "Male population: 75 - 79 years", "2020": 24, "% OF TOTAL": 4.4, "2024": 28, "2029": 34}, "Male population: 80 - 84 years": {"Demographic": "Male population: 80 - 84 years", "2020": 13, "% OF TOTAL": 3.1, "2024": 15, "2029": 24}, "Male population: 85 years and over": {"Demographic": "Male population: 85 years and over", "2020": 3, "% OF TOTAL": 1.2, "2024": 3, "2029": 9}, "White alone": {"Demographic": "White alone", "2020": 1124, "% OF TOTAL": 89.8, "2024": 1168, "2029": 1434}, "Black alone": {"Demographic": "Black alone", "2020": 25, "% OF TOTAL": 2.0, "2024": 26, "2029": 32}, "American Indian and Alaska Native alone": {"Demographic": "American Indian and Alaska Native alone", "2020": 24, "% OF TOTAL": 1.9, "2024": 25, "2029": 31}, "Asian alone": {"Demographic": "Asian alone", "2020": 4, "% OF TOTAL": 0.3, "2024": 4, "2029": 5}, "Native Hawaiian and OPI alone": {"Demographic": "Native Hawaiian and OPI alone", "2020": 0, "% OF TOTAL": 0.0, "2024": 0, "2029": 0}, "Some other race alone": {"Demographic": "Some other race alone", "2020": 5, "% OF TOTAL": 0.4, "2024": 5, "2029": 7}, "Two or more races alone": {"Demographic": "Two or more races alone", "2020": 64, "% OF TOTAL": 5.5, "2024": 72, "2029": 88}, "Not Hispanic: White alone": {"Demographic": "Not Hispanic: White alone", "2020": 1122, "% OF TOTAL": 89.5, "2024": 1165, "2029": 1430}, "Not Hispanic: Black or African American alone": {"Demographic": "Not Hispanic: Black or African American alone", "2020": 23, "% OF TOTAL": 1.9, "2024": 24, "2029": 30}, "Not Hispanic: American Indian and Alaska Native alone": {"Demographic": "Not Hispanic: American Indian and Alaska Native alone", "2020": 24, "% OF TOTAL": 1.9, "2024": 25, "2029": 31}, "Not Hispanic: Asian alone": {"Demographic": "Not Hispanic: Asian alone", "2020": 4, "% OF TOTAL": 0.3, "2024": 4, "2029": 5}, "Not Hispanic: Native Hawaiian and OPI alone": {"Demographic": "Not Hispanic: Native Hawaiian and OPI alone", "2020": 0, "% OF TOTAL": 0.0, "2024": 0, "2029": 0}, "Not Hispanic: Some Other Race alone": {"Demographic": "Not Hispanic: Some Other Race alone", "2020": 2, "% OF TOTAL": 0.2, "2024": 2, "2029": 3}, "Not Hispanic: Two or More Races": {"Demographic": "Not Hispanic: Two or More Races", "2020": 59, "% OF TOTAL": 5.1, "2024": 66, "2029": 81}, "Hispanic: White alone": {"Demographic": "Hispanic: White alone", "2020": 2, "% OF TOTAL": 0.3, "2024": 3, "2029": 4}, "Hispanic: Black or African American alone": {"Demographic": "Hispanic: Black or African American alone", "2020": 2, "% OF TOTAL": 0.1, "2024": 2, "2029": 2}, "Hispanic: American Indian and Alaska Native alone": {"Demographic": "Hispanic: American Indian and Alaska Native alone", "2020": 0, "% OF TOTAL": 0.0, "2024": 0, "2029": 0}, "Hispanic: Asian alone": {"Demographic": "Hispanic: Asian alone", "2020": 0, "% OF TOTAL": 0.0, "2024": 0, "2029": 0}, "Hispanic: Native Hawaiian and OPI alone": {"Demographic": "Hispanic: Native Hawaiian and OPI alone", "2020": 0, "% OF TOTAL": 0.0, "2024": 0, "2029": 0}, "Hispanic: Some Other Race alone": {"Demographic": "Hispanic: Some Other Race alone", "2020": 3, "% OF TOTAL": 0.3, "2024": 3, "2029": 4}, "Hispanic: Two or More Races": {"Demographic": "Hispanic: Two or More Races", "2020": 5, "% OF TOTAL": 0.4, "2024": 6, "2029": 7}, "Educational Attainment: No High School Diploma": {"Demographic": "Educational Attainment: No High School Diploma", "2020": 95, "% OF TOTAL": null, "2024": 100, "2029": null}, "Educational Attainment: High School Diploma": {"Demographic": "Educational Attainment: High School Diploma", "2020": 283, "% OF TOTAL": null, "2024": 297, "2029": null}, "Educational Attainment: Some College": {"Demographic": "Educational Attainment: Some College", "2020": 192, "% OF TOTAL": null, "2024": 202, "2029": null}, "Educational Attainment: Associates Degree": {"Demographic": "Educational Attainment: Associates Degree", "2020": 227, "% OF TOTAL": null, "2024": 238, "2029": null}, "Educational Attainment: Bachelors Degree": {"Demographic": "Educational Attainment: Bachelors Degree", "2020": 73, "% OF TOTAL": null, "2024": 77, "2029": null}, "Educational Attainment: Advanced Degree": {"Demographic": "Educational Attainment: Advanced Degree", "2020": 27, "% OF TOTAL": null, "2024": 28, "2029": null}, "Employment Status: Armed Forces": {"Demographic": "Employment Status: Armed Forces", "2020": 0, "% OF TOTAL": null, "2024": 0, "2029": null}, "Employment Status: Civilian labor force employed": {"Demographic": "Employment Status: Civilian labor force employed", "2020": 729, "% OF TOTAL": null, "2024": 765, "2029": null}, "Employment Status: Civilian labor force unemployed": {"Demographic": "Employment Status: Civilian labor force unemployed", "2020": 0, "% OF TOTAL": null, "2024": 0, "2029": null}, "Employment Status: Not in labor force": {"Demographic": "Employment Status: Not in labor force", "2020": 278, "% OF TOTAL": null, "2024": 292, "2029": null}, "Employed in Agriculture and Mining Industries": {"Demographic": "Employed in Agriculture and Mining Industries", "2020": 0, "% OF TOTAL": null, "2024": 0, "2029": null}, "Employed in Construction Industries": {"Demographic": "Employed in Construction Industries", "2020": 29, "% OF TOTAL": null, "2024": 30, "2029": null}, "Employed in Manufacturing Industries": {"Demographic": "Employed in Manufacturing Industries", "2020": 91, "% OF TOTAL": null, "2024": 96, "2029": null}, "Employed in Wholesale Industries": {"Demographic": "Employed in Wholesale Industries", "2020": 5, "% OF TOTAL": null, "2024": 5, "2029": null}, "Employed in Retail Industries": {"Demographic": "Employed in Retail Industries", "2020": 171, "% OF TOTAL": null, "2024": 179, "2029": null}, "Employed in Transportation and Utilities Industries": {"Demographic": "Employed in Transportation and Utilities Industries", "2020": 33, "% OF TOTAL": null, "2024": 35, "2029": null}, "Employed in Information Industries": {"Demographic": "Employed in Information Industries", "2020": 6, "% OF TOTAL": null, "2024": 6, "2029": null}, "Employed in Real-Estate Industries": {"Demographic": "Employed in Real-Estate Industries", "2020": 47, "% OF TOTAL": null, "2024": 49, "2029": null}, "Employed in Professional Industries": {"Demographic": "Employed in Professional Industries", "2020": 51, "% OF TOTAL": null, "2024": 54, "2029": null}, "Employed in Health and Education Industries": {"Demographic": "Employed in Health and Education Industries", "2020": 90, "% OF TOTAL": null, "2024": 95, "2029": null}, "Employed in Art Industries": {"Demographic": "Employed in Art Industries", "2020": 27, "% OF TOTAL": null, "2024": 28, "2029": null}, "Employed in Other Industries": {"Demographic": "Employed in Other Industries", "2020": 76, "% OF TOTAL": null, "2024": 80, "2029": null}, "Employed in Public Administration Industries": {"Demographic": "Employed in Public Administration Industries", "2020": 103, "% OF TOTAL": null, "2024": 108, "2029": null}, "Occupation: Management": {"Demographic": "Occupation: Management", "2020": 45, "% OF TOTAL": null, "2024": 47, "2029": null}, "Occupation: Business and financial operations": {"Demographic": "Occupation: Business and financial operations", "2020": 0, "% OF TOTAL": null, "2024": 0, "2029": null}, "Occupation: Computer and mathematical": {"Demographic": "Occupation: Computer and mathematical", "2020": 26, "% OF TOTAL": null, "2024": 27, "2029": null}, "Occupation: Architecture and engineering": {"Demographic": "Occupation: Architecture and engineering", "2020": 14, "% OF TOTAL": null, "2024": 15, "2029": null}, "Occupation: Life, physical, and social science": {"Demographic": "Occupation: Life, physical, and social science", "2020": 0, "% OF TOTAL": null, "2024": 0, "2029": null}, "Occupation: Community and social service": {"Demographic": "Occupation: Community and social service", "2020": 0, "% OF TOTAL": null, "2024": 0, "2029": null}, "Occupation: Legal": {"Demographic": "Occupation: Legal", "2020": 0, "% OF TOTAL": null, "2024": 0, "2029": null}, "Occupation: Education, training, and library": {"Demographic": "Occupation: Education, training, and library", "2020": 28, "% OF TOTAL": null, "2024": 29, "2029": null}, "Occupation: Arts, design, entertainment, sports, and media": {"Demographic": "Occupation: Arts, design, entertainment, sports, and media", "2020": 0, "% OF TOTAL": null, "2024": 0, "2029": null}, "Occupation: Health diagnosing and treating practitioners": {"Demographic": "Occupation: Health diagnosing and treating practitioners", "2020": 15, "% OF TOTAL": null, "2024": 16, "2029": null}, "Occupation: Health technologists and technicians": {"Demographic": "Occupation: Health technologists and technicians", "2020": 127, "% OF TOTAL": null, "2024": 133, "2029": null}, "Occupation: Healthcare support": {"Demographic": "Occupation: Healthcare support", "2020": 22, "% OF TOTAL": null, "2024": 23, "2029": null}, "Occupation: Fire fighting and prevention": {"Demographic": "Occupation: Fire fighting and prevention", "2020": 29, "% OF TOTAL": null, "2024": 31, "2029": null}, "Occupation: Law enforcement workers": {"Demographic": "Occupation: Law enforcement workers", "2020": 15, "% OF TOTAL": null, "2024": 16, "2029": null}, "Occupation: Food preparation and serving related": {"Demographic": "Occupation: Food preparation and serving related", "2020": 0, "% OF TOTAL": null, "2024": 0, "2029": null}, "Occupation: Building and grounds cleaning and maintenance": {"Demographic": "Occupation: Building and grounds cleaning and maintenance", "2020": 3, "% OF TOTAL": null, "2024": 3, "2029": null}, "Occupation: Personal care and service": {"Demographic": "Occupation: Personal care and service", "2020": 25, "% OF TOTAL": null, "2024": 26, "2029": null}, "Occupation: Sales and related": {"Demographic": "Occupation: Sales and related", "2020": 87, "% OF TOTAL": null, "2024": 91, "2029": null}, "Occupation: Office and administrative support": {"Demographic": "Occupation: Office and administrative support", "2020": 95, "% OF TOTAL": null, "2024": 100, "2029": null}, "Occupation: Farming, fishing, and forestry": {"Demographic": "Occupation: Farming, fishing, and forestry", "2020": 0, "% OF TOTAL": null, "2024": 0, "2029": null}, "Occupation: Construction and extraction": {"Demographic": "Occupation: Construction and extraction", "2020": 44, "% OF TOTAL": null, "2024": 46, "2029": null}, "Occupation: Installation, maintenance, and repair": {"Demographic": "Occupation: Installation, maintenance, and repair", "2020": 53, "% OF TOTAL": null, "2024": 56, "2029": null}, "Occupation: Production": {"Demographic": "Occupation: Production", "2020": 20, "% OF TOTAL": null, "2024": 21, "2029": null}, "Occupation: Transportation": {"Demographic": "Occupation: Transportation", "2020": 42, "% OF TOTAL": null, "2024": 44, "2029": null}, "Occupation: Material moving": {"Demographic": "Occupation: Material moving", "2020": 39, "% OF TOTAL": null, "2024": 41, "2029": null}, "White collar": {"Demographic": "White collar", "2020": 437, "% OF TOTAL": null, "2024": 458, "2029": null}, "Blue collar": {"Demographic": "Blue collar", "2020": 292, "% OF TOTAL": null, "2024": 307, "2029": null}, "Means of transportation: Car, truck or van": {"Demographic": "Means of transportation: Car, truck or van", "2020": 653, "% OF TOTAL": null, "2024": 685, "2029": null}, "Means of transportation: Public transportation": {"Demographic": "Means of transportation: Public transportation", "2020": 0, "% OF TOTAL": null, "2024": 0, "2029": null}, "Means of transportation: Other": {"Demographic": "Means of transportation: Other", "2020": 17, "% OF TOTAL": null, "2024": 18, "2029": null}, "Travel time: Average (in minutes)": {"Demographic": "Travel time: Average (in minutes)", "2020": 36, "% OF TOTAL": null, "2024": 36, "2029": null}, "Travel time to work: Less than 30 minutes": {"Demographic": "Travel time to work: Less than 30 minutes", "2020": 368, "% OF TOTAL": null, "2024": 386, "2029": null}, "Travel time to work: 30 to 60 minutes": {"Demographic": "Travel time to work: 30 to 60 minutes", "2020": 185, "% OF TOTAL": null, "2024": 194, "2029": null}, "Travel time to work: 60 or more minutes": {"Demographic": "Travel time to work: 60 or more minutes", "2020": 117, "% OF TOTAL": null, "2024": 123, "2029": null}}, "demographic_snapshot": {"Total Population": {"Demographic": "Total Population", "2020": 1246, "% OF TOTAL": null, "2024": 1300, "2029": 1597}, "Households": {"Demographic": "Households", "2020": 493, "% OF TOTAL": null, "2024": 513, "2029": 629}, "Population in Group Quarters": {"Demographic": "Population in Group Quarters", "2020": 1, "% OF TOTAL": null, "2024": 1, "2029": 1}, "Households Growth": {"Demographic": "Households Growth", "2020": null, "% OF TOTAL": null, "2024": 4.1, "2029": 22.6}, "Household Income: Median": {"Demographic": "Household Income: Median", "2020": 0, "% OF TOTAL": null, "2024": 87793, "2029": 94276}, "Home Value: Median": {"Demographic": "Home Value: Median", "2020": 163081, "% OF TOTAL": null, "2024": 163611, "2029": null}, "Population Growth": {"Demographic": "Population Growth", "2020": null, "% OF TOTAL": null, "2024": 4.3, "2029": 22.8}, "Total Population: Under 19 years": {"Demographic": "Total Population: Under 19 years", "2020": 297, "% OF TOTAL": 22.3, "2024": 303, "2029": 356}, "Total Population: 20 - 64 years": {"Demographic": "Total Population: 20 - 64 years", "2020": 734, "% OF TOTAL": 57.2, "2024": 762, "2029": 913}, "Total Population: 65 years and over": {"Demographic": "Total Population: 65 years and over", "2020": 215, "% OF TOTAL": 20.5, "2024": 235, "2029": 328}, "Total population: Median age": {"Demographic": "Total population: Median age", "2020": 42, "% OF TOTAL": null, "2024": 43, "2029": 44}, "Total population: Under 5 years": {"Demographic": "Total population: Under 5 years", "2020": 62, "% OF TOTAL": 4.8, "2024": 63, "2029": 76}, "Total population: 5 - 9 years": {"Demographic": "Total population: 5 - 9 years", "2020": 90, "% OF TOTAL": 6.3, "2024": 92, "2029": 101}, "Total population: 10 - 14 years": {"Demographic": "Total population: 10 - 14 years", "2020": 77, "% OF TOTAL": 6.0, "2024": 76, "2029": 96}, "Total population: 15 - 19 years": {"Demographic": "Total population: 15 - 19 years", "2020": 68, "% OF TOTAL": 5.2, "2024": 72, "2029": 83}, "Total population: 20 - 24 years": {"Demographic": "Total population: 20 - 24 years", "2020": 52, "% OF TOTAL": 4.1, "2024": 55, "2029": 66}, "Total population: 25 - 29 years": {"Demographic": "Total population: 25 - 29 years", "2020": 73, "% OF TOTAL": 5.4, "2024": 75, "2029": 86}, "Total population: 30 - 34 years": {"Demographic": "Total population: 30 - 34 years", "2020": 72, "% OF TOTAL": 6.1, "2024": 79, "2029": 97}, "Total population: 35 - 39 years": {"Demographic": "Total population: 35 - 39 years", "2020": 79, "% OF TOTAL": 6.4, "2024": 81, "2029": 102}, "Total population: 40 - 44 years": {"Demographic": "Total population: 40 - 44 years", "2020": 86, "% OF TOTAL": 6.9, "2024": 90, "2029": 110}, "Total population: 45 - 49 years": {"Demographic": "Total population: 45 - 49 years", "2020": 73, "% OF TOTAL": 6.4, "2024": 72, "2029": 102}, "Total population: 50 - 54 years": {"Demographic": "Total population: 50 - 54 years", "2020": 99, "% OF TOTAL": 7.3, "2024": 106, "2029": 116}, "Total population: 55 - 59 years": {"Demographic": "Total population: 55 - 59 years", "2020": 100, "% OF TOTAL": 7.3, "2024": 98, "2029": 117}, "Total population: 60 - 64 years": {"Demographic": "Total population: 60 - 64 years", "2020": 100, "% OF TOTAL": 7.3, "2024": 106, "2029": 117}, "Total population: 65 - 69 years": {"Demographic": "Total population: 65 - 69 years", "2020": 85, "% OF TOTAL": 7.5, "2024": 92, "2029": 119}, "Total population: 70 - 74 years": {"Demographic": "Total population: 70 - 74 years", "2020": 49, "% OF TOTAL": 4.8, "2024": 49, "2029": 77}, "Total population: 75 - 79 years": {"Demographic": "Total population: 75 - 79 years", "2020": 45, "% OF TOTAL": 4.1, "2024": 54, "2029": 66}, "Total population: 80 - 84 years": {"Demographic": "Total population: 80 - 84 years", "2020": 22, "% OF TOTAL": 2.7, "2024": 25, "2029": 43}, "Total population: 85 years and over": {"Demographic": "Total population: 85 years and over", "2020": 14, "% OF TOTAL": 1.4, "2024": 15, "2029": 23}, "Householders Age 15-24": {"Demographic": "Householders Age 15-24", "2020": 12, "% OF TOTAL": 2.2, "2024": 12, "2029": 14}, "Householders Age 25-34": {"Demographic": "Householders Age 25-34", "2020": 45, "% OF TOTAL": 8.6, "2024": 47, "2029": 54}, "Householders Age 35-44": {"Demographic": "Householders Age 35-44", "2020": 87, "% OF TOTAL": 17.3, "2024": 91, "2029": 109}, "Householders Age 45-54": {"Demographic": "Householders Age 45-54", "2020": 84, "% OF TOTAL": 16.5, "2024": 87, "2029": 104}, "Householders Age 55-64": {"Demographic": "Householders Age 55-64", "2020": 97, "% OF TOTAL": 17.8, "2024": 101, "2029": 112}, "Householders Age 65-74": {"Demographic": "Householders Age 65-74", "2020": 89, "% OF TOTAL": 19.9, "2024": 93, "2029": 125}, "Householders Age 75+": {"Demographic": "Householders Age 75+", "2020": 79, "% OF TOTAL": 17.6, "2024": 82, "2029": 111}, "Household income: Average": {"Demographic": "Household income: Average", "2020": 84077, "% OF TOTAL": null, "2024": 87534, "2029": 101308}, "Household income: Less than 25k": {"Demographic": "Household income: Less than 25k", "2020": 109, "% OF TOTAL": 14.3, "2024": 105, "2029": 90}, "Household income: 25k - 50k": {"Demographic": "Household income: 25k - 50k", "2020": 49, "% OF TOTAL": 5.4, "2024": 52, "2029": 34}, "Household income: 50k - 75k": {"Demographic": "Household income: 50k - 75k", "2020": 29, "% OF TOTAL": 7.0, "2024": 34, "2029": 44}, "Household income: 75k - 100k": {"Demographic": "Household income: 75k - 100k", "2020": 132, "% OF TOTAL": 30.2, "2024": 128, "2029": 190}, "Household income: 100k - 125k": {"Demographic": "Household income: 100k - 125k", "2020": 101, "% OF TOTAL": 20.8, "2024": 113, "2029": 131}, "Household income: 125k - 150k": {"Demographic": "Household income: 125k - 150k", "2020": 38, "% OF TOTAL": 11.6, "2024": 37, "2029": 73}, "Household income: 150k - 200k": {"Demographic": "Household income: 150k - 200k", "2020": 24, "% OF TOTAL": 5.7, "2024": 30, "2029": 36}, "Household income: Above 200k": {"Demographic": "Household income: Above 200k", "2020": 11, "% OF TOTAL": 4.9, "2024": 14, "2029": 31}, "White Alone": {"Demographic": "White Alone", "2020": 1124, "% OF TOTAL": 89.8, "2024": 1168, "2029": 1434}, "Black or African American Alone": {"Demographic": "Black or African American Alone", "2020": 25, "% OF TOTAL": 2.0, "2024": 26, "2029": 32}, "American Indian and Alaska Native Alone": {"Demographic": "American Indian and Alaska Native Alone", "2020": 24, "% OF TOTAL": 1.9, "2024": 25, "2029": 31}, "Asian Alone": {"Demographic": "Asian Alone", "2020": 4, "% OF TOTAL": 0.3, "2024": 4, "2029": 5}, "Native Hawaiian and OPI Alone": {"Demographic": "Native Hawaiian and OPI Alone", "2020": 0, "% OF TOTAL": 0.0, "2024": 0, "2029": 0}, "Some Other Race Alone": {"Demographic": "Some Other Race Alone", "2020": 5, "% OF TOTAL": 0.4, "2024": 5, "2029": 7}, "Two or More Races Alone": {"Demographic": "Two or More Races Alone", "2020": 64, "% OF TOTAL": 5.5, "2024": 72, "2029": 88}, "Not Hispanic or Latino": {"Demographic": "Not Hispanic or Latino", "2020": 1234, "% OF TOTAL": 98.9, "2024": 1286, "2029": 1580}, "Hispanic or Latino": {"Demographic": "Hispanic or Latino", "2020": 12, "% OF TOTAL": 1.1, "2024": 14, "2029": 17}, "Total Housing Units": {"Demographic": "Total Housing Units", "2020": 535, "% OF TOTAL": null, "2024": null, "2029": null}, "Owner Occupied Housing Units": {"Demographic": "Owner Occupied Housing Units", "2020": 433, "% OF TOTAL": null, "2024": 451, "2029": null}, "Renter Occupied Housing Units": {"Demographic": "Renter Occupied Housing Units", "2020": 60, "% OF TOTAL": null, "2024": 62, "2029": null}, "Housing Units Value Less Than 100k": {"Demographic": "Housing Units Value Less Than 100k", "2020": 120, "% OF TOTAL": null, "2024": 124, "2029": null}, "Housing Units Value 100k - 200k": {"Demographic": "Housing Units Value 100k - 200k", "2020": 117, "% OF TOTAL": null, "2024": 122, "2029": null}, "Housing Units Value 200k - 250k": {"Demographic": "Housing Units Value 200k - 250k", "2020": 72, "% OF TOTAL": null, "2024": 75, "2029": null}, "Housing Units Value 250k - 300k": {"Demographic": "Housing Units Value 250k - 300k", "2020": 21, "% OF TOTAL": null, "2024": 22, "2029": null}, "Housing Units Value 300k - 400k": {"Demographic": "Housing Units Value 300k - 400k", "2020": 61, "% OF TOTAL": null, "2024": 64, "2029": null}, "Housing Units Value 400k - 500k": {"Demographic": "Housing Units Value 400k - 500k", "2020": 11, "% OF TOTAL": null, "2024": 12, "2029": null}, "Housing Units Value 500k - 750k": {"Demographic": "Housing Units Value 500k - 750k", "2020": 22, "% OF TOTAL": null, "2024": 23, "2029": null}, "Housing Units Value 750k - 1m": {"Demographic": "Housing Units Value 750k - 1m", "2020": 9, "% OF TOTAL": null, "2024": 9, "2029": null}, "Housing Units Value 1m - 1.5m": {"Demographic": "Housing Units Value 1m - 1.5m", "2020": 0, "% OF TOTAL": null, "2024": 0, "2029": null}, "Housing Units Value 1.5m - 2m": {"Demographic": "Housing Units Value 1.5m - 2m", "2020": 0, "% OF TOTAL": null, "2024": 0, "2029": null}, "Housing Units Value >2m": {"Demographic": "Housing Units Value >2m", "2020": 0, "% OF TOTAL": null, "2024": 0, "2029": null}, "Take Car or Truck to Work": {"Demographic": "Take Car or Truck to Work", "2020": 653, "% OF TOTAL": null, "2024": 685, "2029": null}, "Take Public Transportation to Work": {"Demographic": "Take Public Transportation to Work", "2020": 0, "% OF TOTAL": null, "2024": 0, "2029": null}, "Take Other Means of Transportation to Work": {"Demographic": "Take Other Means of Transportation to Work", "2020": 17, "% OF TOTAL": null, "2024": 18, "2029": null}, "Average Travel Time (min)": {"Demographic": "Average Travel Time (min)", "2020": 36, "% OF TOTAL": null, "2024": 36, "2029": null}, "Travel Below 30 Min to Work": {"Demographic": "Travel Below 30 Min to Work", "2020": 368, "% OF TOTAL": null, "2024": 386, "2029": null}, "Travel 30-60 Min to Work": {"Demographic": "Travel 30-60 Min to Work", "2020": 185, "% OF TOTAL": null, "2024": 194, "2029": null}, "Travel Above 60 Min to Work": {"Demographic": "Travel Above 60 Min to Work", "2020": 153, "% OF TOTAL": null, "2024": 123, "2029": null}, "Educational Attainment: No High School Diploma": {"Demographic": "Educational Attainment: No High School Diploma", "2020": 378, "% OF TOTAL": null, "2024": 397, "2029": null}, "Educational Attainment: High School Diploma": {"Demographic": "Educational Attainment: High School Diploma", "2020": 283, "% OF TOTAL": null, "2024": 297, "2029": null}, "Educational Attainment: Some College": {"Demographic": "Educational Attainment: Some College", "2020": 492, "% OF TOTAL": null, "2024": 517, "2029": null}, "Educational Attainment: Associate's Degree": {"Demographic": "Educational Attainment: Associate's Degree", "2020": 227, "% OF TOTAL": null, "2024": 238, "2029": null}, "Educational Attainment: Bachelors Degree": {"Demographic": "Educational Attainment: Bachelors Degree", "2020": 73, "% OF TOTAL": null, "2024": 77, "2029": null}, "Educational Attainment: Advanced Degree": {"Demographic": "Educational Attainment: Advanced Degree", "2020": 27, "% OF TOTAL": null, "2024": 28, "2029": null}, "Households: Number of vehicles available - Average": {"Demographic": "Households: Number of vehicles available - Average", "2020": 2, "% OF TOTAL": null, "2024": 2, "2029": null}, "Households: No Vehicle available": {"Demographic": "Households: No Vehicle available", "2020": 25, "% OF TOTAL": null, "2024": 26, "2029": null}, "Households: 1 Vehicle available": {"Demographic": "Households: 1 Vehicle available", "2020": 38, "% OF TOTAL": null, "2024": 40, "2029": null}, "Households: 2 Vehicles available": {"Demographic": "Households: 2 Vehicles available", "2020": 226, "% OF TOTAL": null, "2024": 235, "2029": null}, "Households: 3 Vehicles available": {"Demographic": "Households: 3 Vehicles available", "2020": 120, "% OF TOTAL": null, "2024": 124, "2029": null}, "Households: 4 or more Vehicles available": {"Demographic": "Households: 4 or more Vehicles available", "2020": 84, "% OF TOTAL": null, "2024": 88, "2029": null}}, "household_trends": {"Households": {"Demographic": "Households", "2020": 493, "% OF TOTAL": null, "2024": 513, "2029": 629}, "Households Growth": {"Demographic": "Households Growth", "2020": null, "% OF TOTAL": null, "2024": 4.1, "2029": 22.6}, "Householder Age 15-24": {"Demographic": "Householder Age 15-24", "2020": 12, "% OF TOTAL": 2.2, "2024": 12, "2029": 14}, "Householder Age 25-34": {"Demographic": "Householder Age 25-34", "2020": 45, "% OF TOTAL": 8.6, "2024": 47, "2029": 54}, "Householder Age 35-44": {"Demographic": "Householder Age 35-44", "2020": 87, "% OF TOTAL": 17.3, "2024": 91, "2029": 109}, "Householder Age 45-54": {"Demographic": "Householder Age 45-54", "2020": 84, "% OF TOTAL": 16.5, "2024": 87, "2029": 104}, "Householder Age 55-64": {"Demographic": "Householder Age 55-64", "2020": 97, "% OF TOTAL": 17.8, "2024": 101, "2029": 112}, "Householder Age 65-74": {"Demographic": "Householder Age 65-74", "2020": 89, "% OF TOTAL": 19.9, "2024": 93, "2029": 125}, "Householder Age 75+": {"Demographic": "Householder Age 75+", "2020": 79, "% OF TOTAL": 17.6, "2024": 82, "2029": 111}, "Average Household Size": {"Demographic": "Average Household Size", "2020": 2.5, "% OF TOTAL": null, "2024": 2.5, "2029": 2.5}, "1 Person Households": {"Demographic": "1 Person Households", "2020": 138, "% OF TOTAL": 27.5, "2024": 142, "2029": 173}, "2 Person Households": {"Demographic": "2 Person Households", "2020": 169, "% OF TOTAL": 33.5, "2024": 173, "2029": 211}, "3 Person Households": {"Demographic": "3 Person Households", "2020": 66, "% OF TOTAL": 13.0, "2024": 67, "2029": 82}, "4 Person Households": {"Demographic": "4 Person Households", "2020": 75, "% OF TOTAL": 16.2, "2024": 82, "2029": 102}, "5 Person Households": {"Demographic": "5 Person Households", "2020": 21, "% OF TOTAL": 4.9, "2024": 24, "2029": 31}, "6 Person Households": {"Demographic": "6 Person Households", "2020": 14, "% OF TOTAL": 2.9, "2024": 15, "2029": 18}, "7+ Person Households": {"Demographic": "7+ Person Households", "2020": 10, "% OF TOTAL": 1.9, "2024": 10, "2029": 12}, "Household Type: Family": {"Demographic": "Household Type: Family", "2020": 328, "% OF TOTAL": null, "2024": 341, "2029": null}, "Household Type: Married Family": {"Demographic": "Household Type: Married Family", "2020": 230, "% OF TOTAL": null, "2024": 240, "2029": null}, "Household Type: Married Family With Children": {"Demographic": "Household Type: Married Family With Children", "2020": 81, "% OF TOTAL": null, "2024": 85, "2029": null}, "Household Type: Married Family Without Children": {"Demographic": "Household Type: Married Family Without Children", "2020": 149, "% OF TOTAL": null, "2024": 155, "2029": null}, "Household Type: Other Family": {"Demographic": "Household Type: Other Family", "2020": 98, "% OF TOTAL": null, "2024": 101, "2029": null}, "Household Type: Male Households, No Wife": {"Demographic": "Household Type: Male Households, No Wife", "2020": 30, "% OF TOTAL": null, "2024": 31, "2029": null}, "Household Type: Male Households, No Wife With Children": {"Demographic": "Household Type: Male Households, No Wife With Children", "2020": 10, "% OF TOTAL": null, "2024": 10, "2029": null}, "Household Type: Male Households, No Wife Without Children": {"Demographic": "Household Type: Male Households, No Wife Without Children", "2020": 20, "% OF TOTAL": null, "2024": 21, "2029": null}, "Household Type: Female Households, No Husband": {"Demographic": "Household Type: Female Households, No Husband", "2020": 68, "% OF TOTAL": null, "2024": 70, "2029": null}, "Household Type: Female Households, No Husband With Children": {"Demographic": "Household Type: Female Households, No Husband With Children", "2020": 34, "% OF TOTAL": null, "2024": 35, "2029": null}, "Household Type: Female Households, No Husband Without Children": {"Demographic": "Household Type: Female Households, No Husband Without Children", "2020": 34, "% OF TOTAL": null, "2024": 35, "2029": null}, "Household Income: Average": {"Demographic": "Household Income: Average", "2020": 84077, "% OF TOTAL": null, "2024": 87534, "2029": 101308}, "Household Income: Median": {"Demographic": "Household Income: Median", "2020": 0, "% OF TOTAL": null, "2024": 87793, "2029": 94276}, "Household Income: Less than $25k": {"Demographic": "Household Income: Less than $25k", "2020": 109, "% OF TOTAL": 14.3, "2024": 105, "2029": 90}, "Household Income: $25k - $50k": {"Demographic": "Household Income: $25k - $50k", "2020": 49, "% OF TOTAL": 5.4, "2024": 52, "2029": 34}, "Household Income: $50k - $75k": {"Demographic": "Household Income: $50k - $75k", "2020": 29, "% OF TOTAL": 7.0, "2024": 34, "2029": 44}, "Household Income: $75k - $100k": {"Demographic": "Household Income: $75k - $100k", "2020": 132, "% OF TOTAL": 30.2, "2024": 128, "2029": 190}, "Household Income: $100k - $125k": {"Demographic": "Household Income: $100k - $125k", "2020": 101, "% OF TOTAL": 20.8, "2024": 113, "2029": 131}, "Household Income: $125k - $150k": {"Demographic": "Household Income: $125k - $150k", "2020": 38, "% OF TOTAL": 11.6, "2024": 37, "2029": 73}, "Household Income: $150k - $200k": {"Demographic": "Household Income: $150k - $200k", "2020": 24, "% OF TOTAL": 5.7, "2024": 30, "2029": 36}, "Household Income: Above $200k": {"Demographic": "Household Income: Above $200k", "2020": 11, "% OF TOTAL": 4.9, "2024": 14, "2029": 31}, "Total Housing Units": {"Demographic": "Total Housing Units", "2020": 535, "% OF TOTAL": null, "2024": null, "2029": null}, "Owner Occupied Housing Units": {"Demographic": "Owner Occupied Housing Units", "2020": 433, "% OF TOTAL": null, "2024": 451, "2029": null}, "Renter Occupied Housing Units": {"Demographic": "Renter Occupied Housing Units", "2020": 60, "% OF TOTAL": null, "2024": 62, "2029": null}, "Vacant Housing Units": {"Demographic": "Vacant Housing Units", "2020": 42, "% OF TOTAL": null, "2024": null, "2029": null}, "Vacant Housing Units: Seasonal": {"Demographic": "Vacant Housing Units: Seasonal", "2020": 14, "% OF TOTAL": null, "2024": null, "2029": null}, "Vacant Housing Units: Other Usage": {"Demographic": "Vacant Housing Units: Other Usage", "2020": 28, "% OF TOTAL": null, "2024": null, "2029": null}, "Average Housing Unit Value": {"Demographic": "Average Housing Unit Value", "2020": 215468, "% OF TOTAL": null, "2024": 215848, "2029": null}, "Median Housing Unit Value": {"Demographic": "Median Housing Unit Value", "2020": 163081, "% OF TOTAL": null, "2024": 163611, "2029": null}, "Housing Unit Value Less Than $100k": {"Demographic": "Housing Unit Value Less Than $100k", "2020": 120, "% OF TOTAL": null, "2024": 124, "2029": null}, "Housing Unit Value $100k-$200k": {"Demographic": "Housing Unit Value $100k-$200k", "2020": 117, "% OF TOTAL": null, "2024": 122, "2029": null}, "Housing Unit Value $200k-$250k": {"Demographic": "Housing Unit Value $200k-$250k", "2020": 72, "% OF TOTAL": null, "2024": 75, "2029": null}, "Housing Unit Value $250k-$300k": {"Demographic": "Housing Unit Value $250k-$300k", "2020": 21, "% OF TOTAL": null, "2024": 22, "2029": null}, "Housing Unit Value $300k-$400k": {"Demographic": "Housing Unit Value $300k-$400k", "2020": 61, "% OF TOTAL": null, "2024": 64, "2029": null}, "Housing Unit Value $400k-$500k": {"Demographic": "Housing Unit Value $400k-$500k", "2020": 11, "% OF TOTAL": null, "2024": 12, "2029": null}, "Housing Unit Value $500k-$750k": {"Demographic": "Housing Unit Value $500k-$750k", "2020": 22, "% OF TOTAL": null, "2024": 23, "2029": null}, "Housing Unit Value $750k-$1m": {"Demographic": "Housing Unit Value $750k-$1m", "2020": 9, "% OF TOTAL": null, "2024": 9, "2029": null}, "Housing Unit Value $1m-$1.5m": {"Demographic": "Housing Unit Value $1m-$1.5m", "2020": 0, "% OF TOTAL": null, "2024": 0, "2029": null}, "Housing Unit Value $1.5m-$2m": {"Demographic": "Housing Unit Value $1.5m-$2m", "2020": 0, "% OF TOTAL": null, "2024": 0, "2029": null}, "Housing Unit Value Above $2m": {"Demographic": "Housing Unit Value Above $2m", "2020": 0, "% OF TOTAL": null, "2024": 0, "2029": null}, "Median Housing Unit Year Built": {"Demographic": "Median Housing Unit Year Built", "2020": 1991, "% OF TOTAL": null, "2024": 1991, "2029": null}, "Housing Units Built 2014 Or After": {"Demographic": "Housing Units Built 2014 Or After", "2020": 0, "% OF TOTAL": null, "2024": 0, "2029": null}, "Housing Units Built 2010-2013": {"Demographic": "Housing Units Built 2010-2013", "2020": 136, "% OF TOTAL": null, "2024": 141, "2029": null}, "Housing Units Built 2000-2009": {"Demographic": "Housing Units Built 2000-2009", "2020": 67, "% OF TOTAL": null, "2024": 70, "2029": null}, "Housing Units Built 1990-1999": {"Demographic": "Housing Units Built 1990-1999", "2020": 48, "% OF TOTAL": null, "2024": 50, "2029": null}, "Housing Units Built 1980-1989": {"Demographic": "Housing Units Built 1980-1989", "2020": 82, "% OF TOTAL": null, "2024": 85, "2029": null}, "Housing Units Built 1970-1979": {"Demographic": "Housing Units Built 1970-1979", "2020": 107, "% OF TOTAL": null, "2024": 111, "2029": null}, "Housing Units Built 1960-1969": {"Demographic": "Housing Units Built 1960-1969", "2020": 11, "% OF TOTAL": null, "2024": 12, "2029": null}, "Housing Units Built 1950-1959": {"Demographic": "Housing Units Built 1950-1959", "2020": 40, "% OF TOTAL": null, "2024": 42, "2029": null}, "Housing Units Built 1940-1949": {"Demographic": "Housing Units Built 1940-1949", "2020": 0, "% OF TOTAL": null, "2024": 0, "2029": null}, "Housing Units Built Before 1940": {"Demographic": "Housing Units Built Before 1940", "2020": 2, "% OF TOTAL": null, "2024": 2, "2029": null}}}, "geometry": {"type": "Polygon", "coordinates": [[[-87.72543907442248, 30.898519173385292], [-87.72543907442248, 30.92743260656635], [-87.69172798144086, 30.92743260656635], [-87.69172798144086, 30.898519173385292], [-87.72543907442248, 30.898519173385292]]]}}, {"type": "Feature", "properties": {"block": "038", "block_num": 38, "CentroidLon": -87.67487243495007, "CentroidLat": 30.912975889975822, "submarket": "North Baldwin", "data_status": "no data", "is_anomalous": false, "anomaly_reason": null, "files_present": ""}, "geometry": {"type": "Polygon", "coordinates": [[[-87.69172798144086, 30.898519173385292], [-87.69172798144086, 30.92743260656635], [-87.65801688845924, 30.92743260656635], [-87.65801688845924, 30.898519173385292], [-87.69172798144086, 30.898519173385292]]]}}, {"type": "Feature", "properties": {"block": "039", "block_num": 39, "CentroidLon": -87.64116134196843, "CentroidLat": 30.912975889975822, "submarket": "North Baldwin", "data_status": "no data", "is_anomalous": false, "anomaly_reason": null, "files_present": ""}, "geometry": {"type": "Polygon", "coordinates": [[[-87.65801688845924, 30.898519173385292], [-87.65801688845924, 30.92743260656635], [-87.62430579547762, 30.92743260656635], [-87.62430579547762, 30.898519173385292], [-87.65801688845924, 30.898519173385292]]]}}, {"type": "Feature", "properties": {"block": "040", "block_num": 40, "CentroidLon": -87.6228171192331, "CentroidLat": 30.8953738202758, "submarket": "North Baldwin", "data_status": "usable", "is_anomalous": false, "anomaly_reason": null, "files_present": "ConsumerSegmentation-26.08.06.csv;DemographicSnapshot-26.08.06.csv;HouseholdIncomeByAge-26.08.06.csv;HouseholdTrends-26.08.06.csv;PopulationTrends-26.08.06.csv", "population_2024": 1516, "population_2029": 1700, "households_2024": 630, "households_2029": 705, "median_household_income": 110714, "mean_household_income": null, "median_home_value_2024": 192054, "average_household_size_2024": 2.4, "population_growth_2024_2029": 5.8, "households_growth_2024_2029": 5.5, "median_age_2024": 47, "consumer_segments": {"Entry Level Suburban": {"households": 94, "pct": 20.9}, "Active Adult Feature and Location": {"households": 65, "pct": 14.4}, "Active Adult Elite": {"households": 56, "pct": 12.4}, "Active Adult Entry Level": {"households": 45, "pct": 10.0}, "Elite": {"households": 33, "pct": 7.3}, "Family Life School Age Children": {"households": 32, "pct": 7.1}, "Simple Life Moderate Income No Children": {"households": 27, "pct": 6.0}, "Family Life Young Children": {"households": 26, "pct": 5.8}, "Simple Life Affluent No Children": {"households": 22, "pct": 4.9}, "Renters": {"households": 19, "pct": 4.2}, "Feature and Location": {"households": 13, "pct": 2.9}, "Simple Life Moderate Income With Children": {"households": 9, "pct": 2.0}, "Renters Near Term Buyers": {"households": 9, "pct": 2.0}, "Entry Level Urban": {"households": 0, "pct": 0.0}}, "income_age": {"2020": {}, "2024": {}, "2029": {}}, "population_trends": {"Total Population": {"Demographic": "Total Population", "2020": 1433, "% OF TOTAL": null, "2024": 1516, "2029": 1700}, "Population Growth": {"Demographic": "Population Growth", "2020": null, "% OF TOTAL": null, "2024": 5.8, "2029": 12.1}, "Female Population": {"Demographic": "Female Population", "2020": 755, "% OF TOTAL": 52.9, "2024": 801, "2029": 899}, "Male Population": {"Demographic": "Male Population", "2020": 678, "% OF TOTAL": 47.1, "2024": 715, "2029": 801}, "Total population: Median Age": {"Demographic": "Total population: Median Age", "2020": 47, "% OF TOTAL": null, "2024": 47, "2029": 48}, "Total population: Under 5 years": {"Demographic": "Total population: Under 5 years", "2020": 69, "% OF TOTAL": 4.5, "2024": 69, "2029": 77}, "Total population: 5 - 9 years": {"Demographic": "Total population: 5 - 9 years", "2020": 58, "% OF TOTAL": 4.1, "2024": 61, "2029": 69}, "Total population: 10 - 14 years": {"Demographic": "Total population: 10 - 14 years", "2020": 91, "% OF TOTAL": 5.3, "2024": 92, "2029": 90}, "Total population: 15 - 19 years": {"Demographic": "Total population: 15 - 19 years", "2020": 96, "% OF TOTAL": 6.1, "2024": 102, "2029": 103}, "Total population: 20 - 24 years": {"Demographic": "Total population: 20 - 24 years", "2020": 68, "% OF TOTAL": 5.0, "2024": 74, "2029": 85}, "Total population: 25 - 29 years": {"Demographic": "Total population: 25 - 29 years", "2020": 60, "% OF TOTAL": 4.6, "2024": 64, "2029": 78}, "Total population: 30 - 34 years": {"Demographic": "Total population: 30 - 34 years", "2020": 69, "% OF TOTAL": 4.8, "2024": 76, "2029": 81}, "Total population: 35 - 39 years": {"Demographic": "Total population: 35 - 39 years", "2020": 87, "% OF TOTAL": 5.9, "2024": 90, "2029": 100}, "Total population: 40 - 44 years": {"Demographic": "Total population: 40 - 44 years", "2020": 83, "% OF TOTAL": 5.8, "2024": 87, "2029": 98}, "Total population: 45 - 49 years": {"Demographic": "Total population: 45 - 49 years", "2020": 83, "% OF TOTAL": 6.0, "2024": 83, "2029": 102}, "Total population: 50 - 54 years": {"Demographic": "Total population: 50 - 54 years", "2020": 102, "% OF TOTAL": 6.6, "2024": 110, "2029": 112}, "Total population: 55 - 59 years": {"Demographic": "Total population: 55 - 59 years", "2020": 121, "% OF TOTAL": 7.2, "2024": 119, "2029": 123}, "Total population: 60 - 64 years": {"Demographic": "Total population: 60 - 64 years", "2020": 107, "% OF TOTAL": 7.0, "2024": 112, "2029": 119}, "Total population: 65 - 69 years": {"Demographic": "Total population: 65 - 69 years", "2020": 92, "% OF TOTAL": 6.8, "2024": 100, "2029": 116}, "Total population: 70 - 74 years": {"Demographic": "Total population: 70 - 74 years", "2020": 89, "% OF TOTAL": 6.3, "2024": 91, "2029": 107}, "Total population: 75 - 79 years": {"Demographic": "Total population: 75 - 79 years", "2020": 79, "% OF TOTAL": 6.5, "2024": 96, "2029": 110}, "Total population: 80 - 84 years": {"Demographic": "Total population: 80 - 84 years", "2020": 53, "% OF TOTAL": 4.9, "2024": 61, "2029": 84}, "Total population: 85 years and over": {"Demographic": "Total population: 85 years and over", "2020": 26, "% OF TOTAL": 2.7, "2024": 29, "2029": 46}, "Female population: Median Age": {"Demographic": "Female population: Median Age", "2020": 48, "% OF TOTAL": null, "2024": 48, "2029": 49}, "Female population: Under 5 years": {"Demographic": "Female population: Under 5 years", "2020": 41, "% OF TOTAL": 4.9, "2024": 41, "2029": 44}, "Female population: 5 - 9 years": {"Demographic": "Female population: 5 - 9 years", "2020": 25, "% OF TOTAL": 3.7, "2024": 26, "2029": 33}, "Female population: 10 - 14 years": {"Demographic": "Female population: 10 - 14 years", "2020": 54, "% OF TOTAL": 5.5, "2024": 54, "2029": 49}, "Female population: 15 - 19 years": {"Demographic": "Female population: 15 - 19 years", "2020": 42, "% OF TOTAL": 5.7, "2024": 46, "2029": 51}, "Female population: 20 - 24 years": {"Demographic": "Female population: 20 - 24 years", "2020": 34, "% OF TOTAL": 4.7, "2024": 38, "2029": 42}, "Female population: 25 - 29 years": {"Demographic": "Female population: 25 - 29 years", "2020": 31, "% OF TOTAL": 4.3, "2024": 32, "2029": 39}, "Female population: 30 - 34 years": {"Demographic": "Female population: 30 - 34 years", "2020": 39, "% OF TOTAL": 4.9, "2024": 42, "2029": 44}, "Female population: 35 - 39 years": {"Demographic": "Female population: 35 - 39 years", "2020": 46, "% OF TOTAL": 6.1, "2024": 49, "2029": 55}, "Female population: 40 - 44 years": {"Demographic": "Female population: 40 - 44 years", "2020": 41, "% OF TOTAL": 5.6, "2024": 43, "2029": 50}, "Female population: 45 - 49 years": {"Demographic": "Female population: 45 - 49 years", "2020": 40, "% OF TOTAL": 5.5, "2024": 40, "2029": 49}, "Female population: 50 - 54 years": {"Demographic": "Female population: 50 - 54 years", "2020": 51, "% OF TOTAL": 6.1, "2024": 55, "2029": 55}, "Female population: 55 - 59 years": {"Demographic": "Female population: 55 - 59 years", "2020": 59, "% OF TOTAL": 6.7, "2024": 58, "2029": 60}, "Female population: 60 - 64 years": {"Demographic": "Female population: 60 - 64 years", "2020": 51, "% OF TOTAL": 6.2, "2024": 52, "2029": 56}, "Female population: 65 - 69 years": {"Demographic": "Female population: 65 - 69 years", "2020": 60, "% OF TOTAL": 7.6, "2024": 65, "2029": 68}, "Female population: 70 - 74 years": {"Demographic": "Female population: 70 - 74 years", "2020": 55, "% OF TOTAL": 7.6, "2024": 58, "2029": 68}, "Female population: 75 - 79 years": {"Demographic": "Female population: 75 - 79 years", "2020": 48, "% OF TOTAL": 7.6, "2024": 59, "2029": 68}, "Female population: 80 - 84 years": {"Demographic": "Female population: 80 - 84 years", "2020": 27, "% OF TOTAL": 5.2, "2024": 31, "2029": 47}, "Female population: 85 years and over": {"Demographic": "Female population: 85 years and over", "2020": 11, "% OF TOTAL": 2.3, "2024": 12, "2029": 21}, "Male population: Median Age": {"Demographic": "Male population: Median Age", "2020": 46, "% OF TOTAL": null, "2024": 46, "2029": 47}, "Male population: Under 5 years": {"Demographic": "Male population: Under 5 years", "2020": 28, "% OF TOTAL": 4.1, "2024": 28, "2029": 33}, "Male population: 5 - 9 years": {"Demographic": "Male population: 5 - 9 years", "2020": 33, "% OF TOTAL": 4.5, "2024": 35, "2029": 36}, "Male population: 10 - 14 years": {"Demographic": "Male population: 10 - 14 years", "2020": 37, "% OF TOTAL": 5.1, "2024": 38, "2029": 41}, "Male population: 15 - 19 years": {"Demographic": "Male population: 15 - 19 years", "2020": 54, "% OF TOTAL": 6.5, "2024": 56, "2029": 52}, "Male population: 20 - 24 years": {"Demographic": "Male population: 20 - 24 years", "2020": 34, "% OF TOTAL": 5.4, "2024": 36, "2029": 43}, "Male population: 25 - 29 years": {"Demographic": "Male population: 25 - 29 years", "2020": 29, "% OF TOTAL": 4.9, "2024": 32, "2029": 39}, "Male population: 30 - 34 years": {"Demographic": "Male population: 30 - 34 years", "2020": 30, "% OF TOTAL": 4.6, "2024": 34, "2029": 37}, "Male population: 35 - 39 years": {"Demographic": "Male population: 35 - 39 years", "2020": 41, "% OF TOTAL": 5.6, "2024": 41, "2029": 45}, "Male population: 40 - 44 years": {"Demographic": "Male population: 40 - 44 years", "2020": 42, "% OF TOTAL": 6.0, "2024": 44, "2029": 48}, "Male population: 45 - 49 years": {"Demographic": "Male population: 45 - 49 years", "2020": 43, "% OF TOTAL": 6.6, "2024": 43, "2029": 53}, "Male population: 50 - 54 years": {"Demographic": "Male population: 50 - 54 years", "2020": 51, "% OF TOTAL": 7.1, "2024": 55, "2029": 57}, "Male population: 55 - 59 years": {"Demographic": "Male population: 55 - 59 years", "2020": 62, "% OF TOTAL": 7.9, "2024": 61, "2029": 63}, "Male population: 60 - 64 years": {"Demographic": "Male population: 60 - 64 years", "2020": 56, "% OF TOTAL": 7.9, "2024": 60, "2029": 63}, "Male population: 65 - 69 years": {"Demographic": "Male population: 65 - 69 years", "2020": 32, "% OF TOTAL": 6.0, "2024": 35, "2029": 48}, "Male population: 70 - 74 years": {"Demographic": "Male population: 70 - 74 years", "2020": 34, "% OF TOTAL": 4.9, "2024": 33, "2029": 39}, "Male population: 75 - 79 years": {"Demographic": "Male population: 75 - 79 years", "2020": 31, "% OF TOTAL": 5.2, "2024": 37, "2029": 42}, "Male population: 80 - 84 years": {"Demographic": "Male population: 80 - 84 years", "2020": 26, "% OF TOTAL": 4.6, "2024": 30, "2029": 37}, "Male population: 85 years and over": {"Demographic": "Male population: 85 years and over", "2020": 15, "% OF TOTAL": 3.1, "2024": 17, "2029": 25}, "White alone": {"Demographic": "White alone", "2020": 1229, "% OF TOTAL": 85.2, "2024": 1294, "2029": 1448}, "Black alone": {"Demographic": "Black alone", "2020": 76, "% OF TOTAL": 5.4, "2024": 80, "2029": 92}, "American Indian and Alaska Native alone": {"Demographic": "American Indian and Alaska Native alone", "2020": 41, "% OF TOTAL": 2.9, "2024": 43, "2029": 49}, "Asian alone": {"Demographic": "Asian alone", "2020": 6, "% OF TOTAL": 0.5, "2024": 7, "2029": 8}, "Native Hawaiian and OPI alone": {"Demographic": "Native Hawaiian and OPI alone", "2020": 0, "% OF TOTAL": 0.0, "2024": 0, "2029": 0}, "Some other race alone": {"Demographic": "Some other race alone", "2020": 3, "% OF TOTAL": 0.2, "2024": 3, "2029": 3}, "Two or more races alone": {"Demographic": "Two or more races alone", "2020": 78, "% OF TOTAL": 5.9, "2024": 89, "2029": 100}, "Not Hispanic: White alone": {"Demographic": "Not Hispanic: White alone", "2020": 1229, "% OF TOTAL": 85.2, "2024": 1294, "2029": 1448}, "Not Hispanic: Black or African American alone": {"Demographic": "Not Hispanic: Black or African American alone", "2020": 76, "% OF TOTAL": 5.4, "2024": 80, "2029": 92}, "Not Hispanic: American Indian and Alaska Native alone": {"Demographic": "Not Hispanic: American Indian and Alaska Native alone", "2020": 41, "% OF TOTAL": 2.9, "2024": 43, "2029": 49}, "Not Hispanic: Asian alone": {"Demographic": "Not Hispanic: Asian alone", "2020": 6, "% OF TOTAL": 0.5, "2024": 7, "2029": 8}, "Not Hispanic: Native Hawaiian and OPI alone": {"Demographic": "Not Hispanic: Native Hawaiian and OPI alone", "2020": 0, "% OF TOTAL": 0.0, "2024": 0, "2029": 0}, "Not Hispanic: Some Other Race alone": {"Demographic": "Not Hispanic: Some Other Race alone", "2020": 3, "% OF TOTAL": 0.2, "2024": 3, "2029": 3}, "Not Hispanic: Two or More Races": {"Demographic": "Not Hispanic: Two or More Races", "2020": 70, "% OF TOTAL": 5.3, "2024": 80, "2029": 90}, "Hispanic: White alone": {"Demographic": "Hispanic: White alone", "2020": 0, "% OF TOTAL": 0.0, "2024": 0, "2029": 0}, "Hispanic: Black or African American alone": {"Demographic": "Hispanic: Black or African American alone", "2020": 0, "% OF TOTAL": 0.0, "2024": 0, "2029": 0}, "Hispanic: American Indian and Alaska Native alone": {"Demographic": "Hispanic: American Indian and Alaska Native alone", "2020": 0, "% OF TOTAL": 0.0, "2024": 0, "2029": 0}, "Hispanic: Asian alone": {"Demographic": "Hispanic: Asian alone", "2020": 0, "% OF TOTAL": 0.0, "2024": 0, "2029": 0}, "Hispanic: Native Hawaiian and OPI alone": {"Demographic": "Hispanic: Native Hawaiian and OPI alone", "2020": 0, "% OF TOTAL": 0.0, "2024": 0, "2029": 0}, "Hispanic: Some Other Race alone": {"Demographic": "Hispanic: Some Other Race alone", "2020": 0, "% OF TOTAL": 0.0, "2024": 0, "2029": 0}, "Hispanic: Two or More Races": {"Demographic": "Hispanic: Two or More Races", "2020": 8, "% OF TOTAL": 0.6, "2024": 9, "2029": 10}, "Educational Attainment: No High School Diploma": {"Demographic": "Educational Attainment: No High School Diploma", "2020": 57, "% OF TOTAL": null, "2024": 61, "2029": null}, "Educational Attainment: High School Diploma": {"Demographic": "Educational Attainment: High School Diploma", "2020": 194, "% OF TOTAL": null, "2024": 206, "2029": null}, "Educational Attainment: Some College": {"Demographic": "Educational Attainment: Some College", "2020": 377, "% OF TOTAL": null, "2024": 401, "2029": null}, "Educational Attainment: Associates Degree": {"Demographic": "Educational Attainment: Associates Degree", "2020": 123, "% OF TOTAL": null, "2024": 131, "2029": null}, "Educational Attainment: Bachelors Degree": {"Demographic": "Educational Attainment: Bachelors Degree", "2020": 168, "% OF TOTAL": null, "2024": 179, "2029": null}, "Educational Attainment: Advanced Degree": {"Demographic": "Educational Attainment: Advanced Degree", "2020": 132, "% OF TOTAL": null, "2024": 140, "2029": null}, "Employment Status: Armed Forces": {"Demographic": "Employment Status: Armed Forces", "2020": 0, "% OF TOTAL": null, "2024": 0, "2029": null}, "Employment Status: Civilian labor force employed": {"Demographic": "Employment Status: Civilian labor force employed", "2020": 899, "% OF TOTAL": null, "2024": 944, "2029": null}, "Employment Status: Civilian labor force unemployed": {"Demographic": "Employment Status: Civilian labor force unemployed", "2020": 0, "% OF TOTAL": null, "2024": 0, "2029": null}, "Employment Status: Not in labor force": {"Demographic": "Employment Status: Not in labor force", "2020": 297, "% OF TOTAL": null, "2024": 311, "2029": null}, "Employed in Agriculture and Mining Industries": {"Demographic": "Employed in Agriculture and Mining Industries", "2020": 0, "% OF TOTAL": null, "2024": 0, "2029": null}, "Employed in Construction Industries": {"Demographic": "Employed in Construction Industries", "2020": 119, "% OF TOTAL": null, "2024": 125, "2029": null}, "Employed in Manufacturing Industries": {"Demographic": "Employed in Manufacturing Industries", "2020": 123, "% OF TOTAL": null, "2024": 129, "2029": null}, "Employed in Wholesale Industries": {"Demographic": "Employed in Wholesale Industries", "2020": 89, "% OF TOTAL": null, "2024": 94, "2029": null}, "Employed in Retail Industries": {"Demographic": "Employed in Retail Industries", "2020": 19, "% OF TOTAL": null, "2024": 20, "2029": null}, "Employed in Transportation and Utilities Industries": {"Demographic": "Employed in Transportation and Utilities Industries", "2020": 7, "% OF TOTAL": null, "2024": 7, "2029": null}, "Employed in Information Industries": {"Demographic": "Employed in Information Industries", "2020": 24, "% OF TOTAL": null, "2024": 25, "2029": null}, "Employed in Real-Estate Industries": {"Demographic": "Employed in Real-Estate Industries", "2020": 21, "% OF TOTAL": null, "2024": 22, "2029": null}, "Employed in Professional Industries": {"Demographic": "Employed in Professional Industries", "2020": 63, "% OF TOTAL": null, "2024": 66, "2029": null}, "Employed in Health and Education Industries": {"Demographic": "Employed in Health and Education Industries", "2020": 239, "% OF TOTAL": null, "2024": 251, "2029": null}, "Employed in Art Industries": {"Demographic": "Employed in Art Industries", "2020": 63, "% OF TOTAL": null, "2024": 66, "2029": null}, "Employed in Other Industries": {"Demographic": "Employed in Other Industries", "2020": 37, "% OF TOTAL": null, "2024": 39, "2029": null}, "Employed in Public Administration Industries": {"Demographic": "Employed in Public Administration Industries", "2020": 95, "% OF TOTAL": null, "2024": 100, "2029": null}, "Occupation: Management": {"Demographic": "Occupation: Management", "2020": 164, "% OF TOTAL": null, "2024": 172, "2029": null}, "Occupation: Business and financial operations": {"Demographic": "Occupation: Business and financial operations", "2020": 24, "% OF TOTAL": null, "2024": 25, "2029": null}, "Occupation: Computer and mathematical": {"Demographic": "Occupation: Computer and mathematical", "2020": 0, "% OF TOTAL": null, "2024": 0, "2029": null}, "Occupation: Architecture and engineering": {"Demographic": "Occupation: Architecture and engineering", "2020": 42, "% OF TOTAL": null, "2024": 44, "2029": null}, "Occupation: Life, physical, and social science": {"Demographic": "Occupation: Life, physical, and social science", "2020": 0, "% OF TOTAL": null, "2024": 0, "2029": null}, "Occupation: Community and social service": {"Demographic": "Occupation: Community and social service", "2020": 0, "% OF TOTAL": null, "2024": 0, "2029": null}, "Occupation: Legal": {"Demographic": "Occupation: Legal", "2020": 10, "% OF TOTAL": null, "2024": 10, "2029": null}, "Occupation: Education, training, and library": {"Demographic": "Occupation: Education, training, and library", "2020": 152, "% OF TOTAL": null, "2024": 160, "2029": null}, "Occupation: Arts, design, entertainment, sports, and media": {"Demographic": "Occupation: Arts, design, entertainment, sports, and media", "2020": 0, "% OF TOTAL": null, "2024": 0, "2029": null}, "Occupation: Health diagnosing and treating practitioners": {"Demographic": "Occupation: Health diagnosing and treating practitioners", "2020": 63, "% OF TOTAL": null, "2024": 66, "2029": null}, "Occupation: Health technologists and technicians": {"Demographic": "Occupation: Health technologists and technicians", "2020": 0, "% OF TOTAL": null, "2024": 0, "2029": null}, "Occupation: Healthcare support": {"Demographic": "Occupation: Healthcare support", "2020": 0, "% OF TOTAL": null, "2024": 0, "2029": null}, "Occupation: Fire fighting and prevention": {"Demographic": "Occupation: Fire fighting and prevention", "2020": 16, "% OF TOTAL": null, "2024": 17, "2029": null}, "Occupation: Law enforcement workers": {"Demographic": "Occupation: Law enforcement workers", "2020": 0, "% OF TOTAL": null, "2024": 0, "2029": null}, "Occupation: Food preparation and serving related": {"Demographic": "Occupation: Food preparation and serving related", "2020": 72, "% OF TOTAL": null, "2024": 76, "2029": null}, "Occupation: Building and grounds cleaning and maintenance": {"Demographic": "Occupation: Building and grounds cleaning and maintenance", "2020": 0, "% OF TOTAL": null, "2024": 0, "2029": null}, "Occupation: Personal care and service": {"Demographic": "Occupation: Personal care and service", "2020": 21, "% OF TOTAL": null, "2024": 22, "2029": null}, "Occupation: Sales and related": {"Demographic": "Occupation: Sales and related", "2020": 11, "% OF TOTAL": null, "2024": 12, "2029": null}, "Occupation: Office and administrative support": {"Demographic": "Occupation: Office and administrative support", "2020": 81, "% OF TOTAL": null, "2024": 85, "2029": null}, "Occupation: Farming, fishing, and forestry": {"Demographic": "Occupation: Farming, fishing, and forestry", "2020": 0, "% OF TOTAL": null, "2024": 0, "2029": null}, "Occupation: Construction and extraction": {"Demographic": "Occupation: Construction and extraction", "2020": 128, "% OF TOTAL": null, "2024": 134, "2029": null}, "Occupation: Installation, maintenance, and repair": {"Demographic": "Occupation: Installation, maintenance, and repair", "2020": 3, "% OF TOTAL": null, "2024": 3, "2029": null}, "Occupation: Production": {"Demographic": "Occupation: Production", "2020": 112, "% OF TOTAL": null, "2024": 118, "2029": null}, "Occupation: Transportation": {"Demographic": "Occupation: Transportation", "2020": 0, "% OF TOTAL": null, "2024": 0, "2029": null}, "Occupation: Material moving": {"Demographic": "Occupation: Material moving", "2020": 0, "% OF TOTAL": null, "2024": 0, "2029": null}, "White collar": {"Demographic": "White collar", "2020": 547, "% OF TOTAL": null, "2024": 574, "2029": null}, "Blue collar": {"Demographic": "Blue collar", "2020": 352, "% OF TOTAL": null, "2024": 370, "2029": null}, "Means of transportation: Car, truck or van": {"Demographic": "Means of transportation: Car, truck or van", "2020": 845, "% OF TOTAL": null, "2024": 886, "2029": null}, "Means of transportation: Public transportation": {"Demographic": "Means of transportation: Public transportation", "2020": 0, "% OF TOTAL": null, "2024": 0, "2029": null}, "Means of transportation: Other": {"Demographic": "Means of transportation: Other", "2020": 51, "% OF TOTAL": null, "2024": 54, "2029": null}, "Travel time: Average (in minutes)": {"Demographic": "Travel time: Average (in minutes)", "2020": 34, "% OF TOTAL": null, "2024": 34, "2029": null}, "Travel time to work: Less than 30 minutes": {"Demographic": "Travel time to work: Less than 30 minutes", "2020": 442, "% OF TOTAL": null, "2024": 463, "2029": null}, "Travel time to work: 30 to 60 minutes": {"Demographic": "Travel time to work: 30 to 60 minutes", "2020": 337, "% OF TOTAL": null, "2024": 354, "2029": null}, "Travel time to work: 60 or more minutes": {"Demographic": "Travel time to work: 60 or more minutes", "2020": 117, "% OF TOTAL": null, "2024": 123, "2029": null}}, "demographic_snapshot": {"Total Population": {"Demographic": "Total Population", "2020": 1433, "% OF TOTAL": null, "2024": 1516, "2029": 1700}, "Households": {"Demographic": "Households", "2020": 597, "% OF TOTAL": null, "2024": 630, "2029": 705}, "Population in Group Quarters": {"Demographic": "Population in Group Quarters", "2020": 0, "% OF TOTAL": null, "2024": 0, "2029": 0}, "Households Growth": {"Demographic": "Households Growth", "2020": null, "% OF TOTAL": null, "2024": 5.5, "2029": 11.9}, "Household Income: Median": {"Demographic": "Household Income: Median", "2020": 0, "% OF TOTAL": null, "2024": 110714, "2029": 121983}, "Home Value: Median": {"Demographic": "Home Value: Median", "2020": 192046, "% OF TOTAL": null, "2024": 192054, "2029": null}, "Population Growth": {"Demographic": "Population Growth", "2020": null, "% OF TOTAL": null, "2024": 5.8, "2029": 12.1}, "Total Population: Under 19 years": {"Demographic": "Total Population: Under 19 years", "2020": 314, "% OF TOTAL": 19.9, "2024": 324, "2029": 339}, "Total Population: 20 - 64 years": {"Demographic": "Total Population: 20 - 64 years", "2020": 780, "% OF TOTAL": 52.8, "2024": 815, "2029": 898}, "Total Population: 65 years and over": {"Demographic": "Total Population: 65 years and over", "2020": 339, "% OF TOTAL": 27.2, "2024": 377, "2029": 463}, "Total population: Median age": {"Demographic": "Total population: Median age", "2020": 47, "% OF TOTAL": null, "2024": 47, "2029": 48}, "Total population: Under 5 years": {"Demographic": "Total population: Under 5 years", "2020": 69, "% OF TOTAL": 4.5, "2024": 69, "2029": 77}, "Total population: 5 - 9 years": {"Demographic": "Total population: 5 - 9 years", "2020": 58, "% OF TOTAL": 4.1, "2024": 61, "2029": 69}, "Total population: 10 - 14 years": {"Demographic": "Total population: 10 - 14 years", "2020": 91, "% OF TOTAL": 5.3, "2024": 92, "2029": 90}, "Total population: 15 - 19 years": {"Demographic": "Total population: 15 - 19 years", "2020": 96, "% OF TOTAL": 6.1, "2024": 102, "2029": 103}, "Total population: 20 - 24 years": {"Demographic": "Total population: 20 - 24 years", "2020": 68, "% OF TOTAL": 5.0, "2024": 74, "2029": 85}, "Total population: 25 - 29 years": {"Demographic": "Total population: 25 - 29 years", "2020": 60, "% OF TOTAL": 4.6, "2024": 64, "2029": 78}, "Total population: 30 - 34 years": {"Demographic": "Total population: 30 - 34 years", "2020": 69, "% OF TOTAL": 4.8, "2024": 76, "2029": 81}, "Total population: 35 - 39 years": {"Demographic": "Total population: 35 - 39 years", "2020": 87, "% OF TOTAL": 5.9, "2024": 90, "2029": 100}, "Total population: 40 - 44 years": {"Demographic": "Total population: 40 - 44 years", "2020": 83, "% OF TOTAL": 5.8, "2024": 87, "2029": 98}, "Total population: 45 - 49 years": {"Demographic": "Total population: 45 - 49 years", "2020": 83, "% OF TOTAL": 6.0, "2024": 83, "2029": 102}, "Total population: 50 - 54 years": {"Demographic": "Total population: 50 - 54 years", "2020": 102, "% OF TOTAL": 6.6, "2024": 110, "2029": 112}, "Total population: 55 - 59 years": {"Demographic": "Total population: 55 - 59 years", "2020": 121, "% OF TOTAL": 7.2, "2024": 119, "2029": 123}, "Total population: 60 - 64 years": {"Demographic": "Total population: 60 - 64 years", "2020": 107, "% OF TOTAL": 7.0, "2024": 112, "2029": 119}, "Total population: 65 - 69 years": {"Demographic": "Total population: 65 - 69 years", "2020": 92, "% OF TOTAL": 6.8, "2024": 100, "2029": 116}, "Total population: 70 - 74 years": {"Demographic": "Total population: 70 - 74 years", "2020": 89, "% OF TOTAL": 6.3, "2024": 91, "2029": 107}, "Total population: 75 - 79 years": {"Demographic": "Total population: 75 - 79 years", "2020": 79, "% OF TOTAL": 6.5, "2024": 96, "2029": 110}, "Total population: 80 - 84 years": {"Demographic": "Total population: 80 - 84 years", "2020": 53, "% OF TOTAL": 4.9, "2024": 61, "2029": 84}, "Total population: 85 years and over": {"Demographic": "Total population: 85 years and over", "2020": 26, "% OF TOTAL": 2.7, "2024": 29, "2029": 46}, "Householders Age 15-24": {"Demographic": "Householders Age 15-24", "2020": 9, "% OF TOTAL": 1.4, "2024": 9, "2029": 10}, "Householders Age 25-34": {"Demographic": "Householders Age 25-34", "2020": 41, "% OF TOTAL": 7.0, "2024": 44, "2029": 49}, "Householders Age 35-44": {"Demographic": "Householders Age 35-44", "2020": 101, "% OF TOTAL": 16.5, "2024": 106, "2029": 116}, "Householders Age 45-54": {"Demographic": "Householders Age 45-54", "2020": 97, "% OF TOTAL": 15.9, "2024": 103, "2029": 112}, "Householders Age 55-64": {"Demographic": "Householders Age 55-64", "2020": 128, "% OF TOTAL": 19.7, "2024": 135, "2029": 139}, "Householders Age 65-74": {"Demographic": "Householders Age 65-74", "2020": 132, "% OF TOTAL": 22.6, "2024": 139, "2029": 159}, "Householders Age 75+": {"Demographic": "Householders Age 75+", "2020": 89, "% OF TOTAL": 17.0, "2024": 94, "2029": 120}, "Household income: Average": {"Demographic": "Household income: Average", "2020": 116357, "% OF TOTAL": null, "2024": 121857, "2029": 144975}, "Household income: Less than 25k": {"Demographic": "Household income: Less than 25k", "2020": 107, "% OF TOTAL": 9.6, "2024": 97, "2029": 68}, "Household income: 25k - 50k": {"Demographic": "Household income: 25k - 50k", "2020": 30, "% OF TOTAL": 4.3, "2024": 22, "2029": 30}, "Household income: 50k - 75k": {"Demographic": "Household income: 50k - 75k", "2020": 78, "% OF TOTAL": 12.5, "2024": 96, "2029": 88}, "Household income: 75k - 100k": {"Demographic": "Household income: 75k - 100k", "2020": 39, "% OF TOTAL": 5.5, "2024": 37, "2029": 39}, "Household income: 100k - 125k": {"Demographic": "Household income: 100k - 125k", "2020": 145, "% OF TOTAL": 20.6, "2024": 147, "2029": 145}, "Household income: 125k - 150k": {"Demographic": "Household income: 125k - 150k", "2020": 52, "% OF TOTAL": 9.9, "2024": 49, "2029": 70}, "Household income: 150k - 200k": {"Demographic": "Household income: 150k - 200k", "2020": 89, "% OF TOTAL": 22.1, "2024": 121, "2029": 156}, "Household income: Above 200k": {"Demographic": "Household income: Above 200k", "2020": 57, "% OF TOTAL": 15.5, "2024": 61, "2029": 109}, "White Alone": {"Demographic": "White Alone", "2020": 1229, "% OF TOTAL": 85.2, "2024": 1294, "2029": 1448}, "Black or African American Alone": {"Demographic": "Black or African American Alone", "2020": 76, "% OF TOTAL": 5.4, "2024": 80, "2029": 92}, "American Indian and Alaska Native Alone": {"Demographic": "American Indian and Alaska Native Alone", "2020": 41, "% OF TOTAL": 2.9, "2024": 43, "2029": 49}, "Asian Alone": {"Demographic": "Asian Alone", "2020": 6, "% OF TOTAL": 0.5, "2024": 7, "2029": 8}, "Native Hawaiian and OPI Alone": {"Demographic": "Native Hawaiian and OPI Alone", "2020": 0, "% OF TOTAL": 0.0, "2024": 0, "2029": 0}, "Some Other Race Alone": {"Demographic": "Some Other Race Alone", "2020": 3, "% OF TOTAL": 0.2, "2024": 3, "2029": 3}, "Two or More Races Alone": {"Demographic": "Two or More Races Alone", "2020": 78, "% OF TOTAL": 5.9, "2024": 89, "2029": 100}, "Not Hispanic or Latino": {"Demographic": "Not Hispanic or Latino", "2020": 1425, "% OF TOTAL": 99.4, "2024": 1507, "2029": 1690}, "Hispanic or Latino": {"Demographic": "Hispanic or Latino", "2020": 8, "% OF TOTAL": 0.6, "2024": 9, "2029": 10}, "Total Housing Units": {"Demographic": "Total Housing Units", "2020": 625, "% OF TOTAL": null, "2024": null, "2029": null}, "Owner Occupied Housing Units": {"Demographic": "Owner Occupied Housing Units", "2020": 518, "% OF TOTAL": null, "2024": 547, "2029": null}, "Renter Occupied Housing Units": {"Demographic": "Renter Occupied Housing Units", "2020": 79, "% OF TOTAL": null, "2024": 83, "2029": null}, "Housing Units Value Less Than 100k": {"Demographic": "Housing Units Value Less Than 100k", "2020": 39, "% OF TOTAL": null, "2024": 41, "2029": null}, "Housing Units Value 100k - 200k": {"Demographic": "Housing Units Value 100k - 200k", "2020": 262, "% OF TOTAL": null, "2024": 277, "2029": null}, "Housing Units Value 200k - 250k": {"Demographic": "Housing Units Value 200k - 250k", "2020": 94, "% OF TOTAL": null, "2024": 99, "2029": null}, "Housing Units Value 250k - 300k": {"Demographic": "Housing Units Value 250k - 300k", "2020": 56, "% OF TOTAL": null, "2024": 59, "2029": null}, "Housing Units Value 300k - 400k": {"Demographic": "Housing Units Value 300k - 400k", "2020": 31, "% OF TOTAL": null, "2024": 33, "2029": null}, "Housing Units Value 400k - 500k": {"Demographic": "Housing Units Value 400k - 500k", "2020": 14, "% OF TOTAL": null, "2024": 15, "2029": null}, "Housing Units Value 500k - 750k": {"Demographic": "Housing Units Value 500k - 750k", "2020": 22, "% OF TOTAL": null, "2024": 23, "2029": null}, "Housing Units Value 750k - 1m": {"Demographic": "Housing Units Value 750k - 1m", "2020": 0, "% OF TOTAL": null, "2024": 0, "2029": null}, "Housing Units Value 1m - 1.5m": {"Demographic": "Housing Units Value 1m - 1.5m", "2020": 0, "% OF TOTAL": null, "2024": 0, "2029": null}, "Housing Units Value 1.5m - 2m": {"Demographic": "Housing Units Value 1.5m - 2m", "2020": 0, "% OF TOTAL": null, "2024": 0, "2029": null}, "Housing Units Value >2m": {"Demographic": "Housing Units Value >2m", "2020": 0, "% OF TOTAL": null, "2024": 0, "2029": null}, "Take Car or Truck to Work": {"Demographic": "Take Car or Truck to Work", "2020": 845, "% OF TOTAL": null, "2024": 886, "2029": null}, "Take Public Transportation to Work": {"Demographic": "Take Public Transportation to Work", "2020": 0, "% OF TOTAL": null, "2024": 0, "2029": null}, "Take Other Means of Transportation to Work": {"Demographic": "Take Other Means of Transportation to Work", "2020": 51, "% OF TOTAL": null, "2024": 54, "2029": null}, "Average Travel Time (min)": {"Demographic": "Average Travel Time (min)", "2020": 34, "% OF TOTAL": null, "2024": 35, "2029": null}, "Travel Below 30 Min to Work": {"Demographic": "Travel Below 30 Min to Work", "2020": 442, "% OF TOTAL": null, "2024": 463, "2029": null}, "Travel 30-60 Min to Work": {"Demographic": "Travel 30-60 Min to Work", "2020": 337, "% OF TOTAL": null, "2024": 354, "2029": null}, "Travel Above 60 Min to Work": {"Demographic": "Travel Above 60 Min to Work", "2020": 151, "% OF TOTAL": null, "2024": 123, "2029": null}, "Educational Attainment: No High School Diploma": {"Demographic": "Educational Attainment: No High School Diploma", "2020": 251, "% OF TOTAL": null, "2024": 267, "2029": null}, "Educational Attainment: High School Diploma": {"Demographic": "Educational Attainment: High School Diploma", "2020": 194, "% OF TOTAL": null, "2024": 206, "2029": null}, "Educational Attainment: Some College": {"Demographic": "Educational Attainment: Some College", "2020": 668, "% OF TOTAL": null, "2024": 711, "2029": null}, "Educational Attainment: Associate's Degree": {"Demographic": "Educational Attainment: Associate's Degree", "2020": 123, "% OF TOTAL": null, "2024": 131, "2029": null}, "Educational Attainment: Bachelors Degree": {"Demographic": "Educational Attainment: Bachelors Degree", "2020": 168, "% OF TOTAL": null, "2024": 179, "2029": null}, "Educational Attainment: Advanced Degree": {"Demographic": "Educational Attainment: Advanced Degree", "2020": 132, "% OF TOTAL": null, "2024": 140, "2029": null}, "Households: Number of vehicles available - Average": {"Demographic": "Households: Number of vehicles available - Average", "2020": 1, "% OF TOTAL": null, "2024": 1, "2029": null}, "Households: No Vehicle available": {"Demographic": "Households: No Vehicle available", "2020": 70, "% OF TOTAL": null, "2024": 74, "2029": null}, "Households: 1 Vehicle available": {"Demographic": "Households: 1 Vehicle available", "2020": 112, "% OF TOTAL": null, "2024": 118, "2029": null}, "Households: 2 Vehicles available": {"Demographic": "Households: 2 Vehicles available", "2020": 273, "% OF TOTAL": null, "2024": 288, "2029": null}, "Households: 3 Vehicles available": {"Demographic": "Households: 3 Vehicles available", "2020": 96, "% OF TOTAL": null, "2024": 101, "2029": null}, "Households: 4 or more Vehicles available": {"Demographic": "Households: 4 or more Vehicles available", "2020": 46, "% OF TOTAL": null, "2024": 49, "2029": null}}, "household_trends": {"Households": {"Demographic": "Households", "2020": 597, "% OF TOTAL": null, "2024": 630, "2029": 705}, "Households Growth": {"Demographic": "Households Growth", "2020": null, "% OF TOTAL": null, "2024": 5.5, "2029": 11.9}, "Householder Age 15-24": {"Demographic": "Householder Age 15-24", "2020": 9, "% OF TOTAL": 1.4, "2024": 9, "2029": 10}, "Householder Age 25-34": {"Demographic": "Householder Age 25-34", "2020": 41, "% OF TOTAL": 7.0, "2024": 44, "2029": 49}, "Householder Age 35-44": {"Demographic": "Householder Age 35-44", "2020": 101, "% OF TOTAL": 16.5, "2024": 106, "2029": 116}, "Householder Age 45-54": {"Demographic": "Householder Age 45-54", "2020": 97, "% OF TOTAL": 15.9, "2024": 103, "2029": 112}, "Householder Age 55-64": {"Demographic": "Householder Age 55-64", "2020": 128, "% OF TOTAL": 19.7, "2024": 135, "2029": 139}, "Householder Age 65-74": {"Demographic": "Householder Age 65-74", "2020": 132, "% OF TOTAL": 22.6, "2024": 139, "2029": 159}, "Householder Age 75+": {"Demographic": "Householder Age 75+", "2020": 89, "% OF TOTAL": 17.0, "2024": 94, "2029": 120}, "Average Household Size": {"Demographic": "Average Household Size", "2020": 2.4, "% OF TOTAL": null, "2024": 2.4, "2029": 2.4}, "1 Person Households": {"Demographic": "1 Person Households", "2020": 138, "% OF TOTAL": 24.1, "2024": 153, "2029": 170}, "2 Person Households": {"Demographic": "2 Person Households", "2020": 234, "% OF TOTAL": 40.4, "2024": 256, "2029": 285}, "3 Person Households": {"Demographic": "3 Person Households", "2020": 98, "% OF TOTAL": 17.0, "2024": 108, "2029": 120}, "4 Person Households": {"Demographic": "4 Person Households", "2020": 72, "% OF TOTAL": 10.5, "2024": 64, "2029": 74}, "5 Person Households": {"Demographic": "5 Person Households", "2020": 38, "% OF TOTAL": 5.5, "2024": 34, "2029": 39}, "6 Person Households": {"Demographic": "6 Person Households", "2020": 11, "% OF TOTAL": 1.6, "2024": 10, "2029": 11}, "7+ Person Households": {"Demographic": "7+ Person Households", "2020": 6, "% OF TOTAL": 0.9, "2024": 5, "2029": 6}, "Household Type: Family": {"Demographic": "Household Type: Family", "2020": 446, "% OF TOTAL": null, "2024": 471, "2029": null}, "Household Type: Married Family": {"Demographic": "Household Type: Married Family", "2020": 315, "% OF TOTAL": null, "2024": 332, "2029": null}, "Household Type: Married Family With Children": {"Demographic": "Household Type: Married Family With Children", "2020": 101, "% OF TOTAL": null, "2024": 106, "2029": null}, "Household Type: Married Family Without Children": {"Demographic": "Household Type: Married Family Without Children", "2020": 214, "% OF TOTAL": null, "2024": 226, "2029": null}, "Household Type: Other Family": {"Demographic": "Household Type: Other Family", "2020": 131, "% OF TOTAL": null, "2024": 139, "2029": null}, "Household Type: Male Households, No Wife": {"Demographic": "Household Type: Male Households, No Wife", "2020": 32, "% OF TOTAL": null, "2024": 34, "2029": null}, "Household Type: Male Households, No Wife With Children": {"Demographic": "Household Type: Male Households, No Wife With Children", "2020": 11, "% OF TOTAL": null, "2024": 12, "2029": null}, "Household Type: Male Households, No Wife Without Children": {"Demographic": "Household Type: Male Households, No Wife Without Children", "2020": 21, "% OF TOTAL": null, "2024": 22, "2029": null}, "Household Type: Female Households, No Husband": {"Demographic": "Household Type: Female Households, No Husband", "2020": 99, "% OF TOTAL": null, "2024": 105, "2029": null}, "Household Type: Female Households, No Husband With Children": {"Demographic": "Household Type: Female Households, No Husband With Children", "2020": 45, "% OF TOTAL": null, "2024": 48, "2029": null}, "Household Type: Female Households, No Husband Without Children": {"Demographic": "Household Type: Female Households, No Husband Without Children", "2020": 54, "% OF TOTAL": null, "2024": 57, "2029": null}, "Household Income: Average": {"Demographic": "Household Income: Average", "2020": 116357, "% OF TOTAL": null, "2024": 121857, "2029": 144975}, "Household Income: Median": {"Demographic": "Household Income: Median", "2020": 0, "% OF TOTAL": null, "2024": 110714, "2029": 121983}, "Household Income: Less than $25k": {"Demographic": "Household Income: Less than $25k", "2020": 107, "% OF TOTAL": 9.6, "2024": 97, "2029": 68}, "Household Income: $25k - $50k": {"Demographic": "Household Income: $25k - $50k", "2020": 30, "% OF TOTAL": 4.3, "2024": 22, "2029": 30}, "Household Income: $50k - $75k": {"Demographic": "Household Income: $50k - $75k", "2020": 78, "% OF TOTAL": 12.5, "2024": 96, "2029": 88}, "Household Income: $75k - $100k": {"Demographic": "Household Income: $75k - $100k", "2020": 39, "% OF TOTAL": 5.5, "2024": 37, "2029": 39}, "Household Income: $100k - $125k": {"Demographic": "Household Income: $100k - $125k", "2020": 145, "% OF TOTAL": 20.6, "2024": 147, "2029": 145}, "Household Income: $125k - $150k": {"Demographic": "Household Income: $125k - $150k", "2020": 52, "% OF TOTAL": 9.9, "2024": 49, "2029": 70}, "Household Income: $150k - $200k": {"Demographic": "Household Income: $150k - $200k", "2020": 89, "% OF TOTAL": 22.1, "2024": 121, "2029": 156}, "Household Income: Above $200k": {"Demographic": "Household Income: Above $200k", "2020": 57, "% OF TOTAL": 15.5, "2024": 61, "2029": 109}, "Total Housing Units": {"Demographic": "Total Housing Units", "2020": 625, "% OF TOTAL": null, "2024": null, "2029": null}, "Owner Occupied Housing Units": {"Demographic": "Owner Occupied Housing Units", "2020": 518, "% OF TOTAL": null, "2024": 547, "2029": null}, "Renter Occupied Housing Units": {"Demographic": "Renter Occupied Housing Units", "2020": 79, "% OF TOTAL": null, "2024": 83, "2029": null}, "Vacant Housing Units": {"Demographic": "Vacant Housing Units", "2020": 28, "% OF TOTAL": null, "2024": null, "2029": null}, "Vacant Housing Units: Seasonal": {"Demographic": "Vacant Housing Units: Seasonal", "2020": 4, "% OF TOTAL": null, "2024": null, "2029": null}, "Vacant Housing Units: Other Usage": {"Demographic": "Vacant Housing Units: Other Usage", "2020": 24, "% OF TOTAL": null, "2024": null, "2029": null}, "Average Housing Unit Value": {"Demographic": "Average Housing Unit Value", "2020": 218591, "% OF TOTAL": null, "2024": 218661, "2029": null}, "Median Housing Unit Value": {"Demographic": "Median Housing Unit Value", "2020": 192046, "% OF TOTAL": null, "2024": 192054, "2029": null}, "Housing Unit Value Less Than $100k": {"Demographic": "Housing Unit Value Less Than $100k", "2020": 39, "% OF TOTAL": null, "2024": 41, "2029": null}, "Housing Unit Value $100k-$200k": {"Demographic": "Housing Unit Value $100k-$200k", "2020": 262, "% OF TOTAL": null, "2024": 277, "2029": null}, "Housing Unit Value $200k-$250k": {"Demographic": "Housing Unit Value $200k-$250k", "2020": 94, "% OF TOTAL": null, "2024": 99, "2029": null}, "Housing Unit Value $250k-$300k": {"Demographic": "Housing Unit Value $250k-$300k", "2020": 56, "% OF TOTAL": null, "2024": 59, "2029": null}, "Housing Unit Value $300k-$400k": {"Demographic": "Housing Unit Value $300k-$400k", "2020": 31, "% OF TOTAL": null, "2024": 33, "2029": null}, "Housing Unit Value $400k-$500k": {"Demographic": "Housing Unit Value $400k-$500k", "2020": 14, "% OF TOTAL": null, "2024": 15, "2029": null}, "Housing Unit Value $500k-$750k": {"Demographic": "Housing Unit Value $500k-$750k", "2020": 22, "% OF TOTAL": null, "2024": 23, "2029": null}, "Housing Unit Value $750k-$1m": {"Demographic": "Housing Unit Value $750k-$1m", "2020": 0, "% OF TOTAL": null, "2024": 0, "2029": null}, "Housing Unit Value $1m-$1.5m": {"Demographic": "Housing Unit Value $1m-$1.5m", "2020": 0, "% OF TOTAL": null, "2024": 0, "2029": null}, "Housing Unit Value $1.5m-$2m": {"Demographic": "Housing Unit Value $1.5m-$2m", "2020": 0, "% OF TOTAL": null, "2024": 0, "2029": null}, "Housing Unit Value Above $2m": {"Demographic": "Housing Unit Value Above $2m", "2020": 0, "% OF TOTAL": null, "2024": 0, "2029": null}, "Median Housing Unit Year Built": {"Demographic": "Median Housing Unit Year Built", "2020": 1984, "% OF TOTAL": null, "2024": 1984, "2029": null}, "Housing Units Built 2014 Or After": {"Demographic": "Housing Units Built 2014 Or After", "2020": 0, "% OF TOTAL": null, "2024": 0, "2029": null}, "Housing Units Built 2010-2013": {"Demographic": "Housing Units Built 2010-2013", "2020": 38, "% OF TOTAL": null, "2024": 40, "2029": null}, "Housing Units Built 2000-2009": {"Demographic": "Housing Units Built 2000-2009", "2020": 156, "% OF TOTAL": null, "2024": 164, "2029": null}, "Housing Units Built 1990-1999": {"Demographic": "Housing Units Built 1990-1999", "2020": 73, "% OF TOTAL": null, "2024": 77, "2029": null}, "Housing Units Built 1980-1989": {"Demographic": "Housing Units Built 1980-1989", "2020": 56, "% OF TOTAL": null, "2024": 59, "2029": null}, "Housing Units Built 1970-1979": {"Demographic": "Housing Units Built 1970-1979", "2020": 101, "% OF TOTAL": null, "2024": 107, "2029": null}, "Housing Units Built 1960-1969": {"Demographic": "Housing Units Built 1960-1969", "2020": 42, "% OF TOTAL": null, "2024": 44, "2029": null}, "Housing Units Built 1950-1959": {"Demographic": "Housing Units Built 1950-1959", "2020": 0, "% OF TOTAL": null, "2024": 0, "2029": null}, "Housing Units Built 1940-1949": {"Demographic": "Housing Units Built 1940-1949", "2020": 99, "% OF TOTAL": null, "2024": 105, "2029": null}, "Housing Units Built Before 1940": {"Demographic": "Housing Units Built Before 1940", "2020": 32, "% OF TOTAL": null, "2024": 34, "2029": null}}}, "geometry": {"type": "Polygon", "coordinates": [[[-87.62430579547762, 30.898519173385292], [-87.6198397667441, 30.898519173385292], [-87.62430579547762, 30.889083114056817], [-87.62430579547762, 30.898519173385292]]]}}, {"type": "Feature", "properties": {"block": "041", "block_num": 41, "CentroidLon": -87.64238705303416, "CentroidLat": 30.88576566726036, "submarket": "North Baldwin", "data_status": "usable", "is_anomalous": false, "anomaly_reason": null, "files_present": "ConsumerSegmentation-26.08.06.csv;DemographicSnapshot-26.08.06.csv;HouseholdIncomeByAge-26.08.06.csv;HouseholdTrends-26.08.06.csv;PopulationTrends-26.08.06.csv", "population_2024": 1100, "population_2029": 1095, "households_2024": 495, "households_2029": 491, "median_household_income": 29813, "mean_household_income": null, "median_home_value_2024": 172959, "average_household_size_2024": 2.1, "population_growth_2024_2029": -1.6, "households_growth_2024_2029": -2.2, "median_age_2024": 49, "consumer_segments": {"Entry Level Suburban": {"households": 116, "pct": 26.2}, "Renters": {"households": 77, "pct": 17.4}, "Active Adult Feature and Location": {"households": 60, "pct": 13.6}, "Active Adult Entry Level": {"households": 53, "pct": 12.0}, "Renters Near Term Buyers": {"households": 36, "pct": 8.1}, "Family Life School Age Children": {"households": 25, "pct": 5.7}, "Feature and Location": {"households": 17, "pct": 3.8}, "Active Adult Elite": {"households": 15, "pct": 3.4}, "Simple Life Moderate Income No Children": {"households": 15, "pct": 3.4}, "Elite": {"households": 9, "pct": 2.0}, "Simple Life Affluent No Children": {"households": 8, "pct": 1.8}, "Simple Life Moderate Income With Children": {"households": 6, "pct": 1.4}, "Family Life Young Children": {"households": 5, "pct": 1.1}, "Entry Level Urban": {"households": 0, "pct": 0.0}}, "income_age": {"2020": {}, "2024": {}, "2029": {}}, "population_trends": {"Total Population": {"Demographic": "Total Population", "2020": 1118, "% OF TOTAL": null, "2024": 1100, "2029": 1095}, "Population Growth": {"Demographic": "Population Growth", "2020": null, "% OF TOTAL": null, "2024": -1.6, "2029": -0.5}, "Female Population": {"Demographic": "Female Population", "2020": 643, "% OF TOTAL": 57.6, "2024": 634, "2029": 631}, "Male Population": {"Demographic": "Male Population", "2020": 475, "% OF TOTAL": 42.4, "2024": 466, "2029": 464}, "Total population: Median Age": {"Demographic": "Total population: Median Age", "2020": 48, "% OF TOTAL": null, "2024": 49, "2029": 49}, "Total population: Under 5 years": {"Demographic": "Total population: Under 5 years", "2020": 63, "% OF TOTAL": 5.4, "2024": 62, "2029": 59}, "Total population: 5 - 9 years": {"Demographic": "Total population: 5 - 9 years", "2020": 51, "% OF TOTAL": 4.7, "2024": 49, "2029": 52}, "Total population: 10 - 14 years": {"Demographic": "Total population: 10 - 14 years", "2020": 64, "% OF TOTAL": 4.9, "2024": 60, "2029": 54}, "Total population: 15 - 19 years": {"Demographic": "Total population: 15 - 19 years", "2020": 63, "% OF TOTAL": 5.1, "2024": 62, "2029": 56}, "Total population: 20 - 24 years": {"Demographic": "Total population: 20 - 24 years", "2020": 61, "% OF TOTAL": 5.0, "2024": 61, "2029": 55}, "Total population: 25 - 29 years": {"Demographic": "Total population: 25 - 29 years", "2020": 53, "% OF TOTAL": 5.1, "2024": 50, "2029": 56}, "Total population: 30 - 34 years": {"Demographic": "Total population: 30 - 34 years", "2020": 77, "% OF TOTAL": 6.3, "2024": 78, "2029": 69}, "Total population: 35 - 39 years": {"Demographic": "Total population: 35 - 39 years", "2020": 55, "% OF TOTAL": 5.8, "2024": 54, "2029": 64}, "Total population: 40 - 44 years": {"Demographic": "Total population: 40 - 44 years", "2020": 47, "% OF TOTAL": 4.6, "2024": 47, "2029": 50}, "Total population: 45 - 49 years": {"Demographic": "Total population: 45 - 49 years", "2020": 33, "% OF TOTAL": 3.7, "2024": 33, "2029": 40}, "Total population: 50 - 54 years": {"Demographic": "Total population: 50 - 54 years", "2020": 58, "% OF TOTAL": 4.4, "2024": 58, "2029": 48}, "Total population: 55 - 59 years": {"Demographic": "Total population: 55 - 59 years", "2020": 90, "% OF TOTAL": 6.4, "2024": 80, "2029": 70}, "Total population: 60 - 64 years": {"Demographic": "Total population: 60 - 64 years", "2020": 85, "% OF TOTAL": 6.9, "2024": 83, "2029": 76}, "Total population: 65 - 69 years": {"Demographic": "Total population: 65 - 69 years", "2020": 95, "% OF TOTAL": 8.3, "2024": 95, "2029": 91}, "Total population: 70 - 74 years": {"Demographic": "Total population: 70 - 74 years", "2020": 75, "% OF TOTAL": 7.4, "2024": 73, "2029": 81}, "Total population: 75 - 79 years": {"Demographic": "Total population: 75 - 79 years", "2020": 47, "% OF TOTAL": 5.5, "2024": 52, "2029": 60}, "Total population: 80 - 84 years": {"Demographic": "Total population: 80 - 84 years", "2020": 57, "% OF TOTAL": 5.7, "2024": 61, "2029": 62}, "Total population: 85 years and over": {"Demographic": "Total population: 85 years and over", "2020": 44, "% OF TOTAL": 4.7, "2024": 42, "2029": 52}, "Female population: Median Age": {"Demographic": "Female population: Median Age", "2020": 53, "% OF TOTAL": null, "2024": 54, "2029": 55}, "Female population: Under 5 years": {"Demographic": "Female population: Under 5 years", "2020": 33, "% OF TOTAL": 4.9, "2024": 33, "2029": 31}, "Female population: 5 - 9 years": {"Demographic": "Female population: 5 - 9 years", "2020": 14, "% OF TOTAL": 3.0, "2024": 13, "2029": 19}, "Female population: 10 - 14 years": {"Demographic": "Female population: 10 - 14 years", "2020": 30, "% OF TOTAL": 3.5, "2024": 28, "2029": 22}, "Female population: 15 - 19 years": {"Demographic": "Female population: 15 - 19 years", "2020": 36, "% OF TOTAL": 4.8, "2024": 35, "2029": 30}, "Female population: 20 - 24 years": {"Demographic": "Female population: 20 - 24 years", "2020": 35, "% OF TOTAL": 4.9, "2024": 35, "2029": 31}, "Female population: 25 - 29 years": {"Demographic": "Female population: 25 - 29 years", "2020": 29, "% OF TOTAL": 4.9, "2024": 27, "2029": 31}, "Female population: 30 - 34 years": {"Demographic": "Female population: 30 - 34 years", "2020": 42, "% OF TOTAL": 5.9, "2024": 43, "2029": 37}, "Female population: 35 - 39 years": {"Demographic": "Female population: 35 - 39 years", "2020": 26, "% OF TOTAL": 5.1, "2024": 25, "2029": 32}, "Female population: 40 - 44 years": {"Demographic": "Female population: 40 - 44 years", "2020": 31, "% OF TOTAL": 4.8, "2024": 31, "2029": 30}, "Female population: 45 - 49 years": {"Demographic": "Female population: 45 - 49 years", "2020": 16, "% OF TOTAL": 3.3, "2024": 15, "2029": 21}, "Female population: 50 - 54 years": {"Demographic": "Female population: 50 - 54 years", "2020": 39, "% OF TOTAL": 4.9, "2024": 39, "2029": 31}, "Female population: 55 - 59 years": {"Demographic": "Female population: 55 - 59 years", "2020": 48, "% OF TOTAL": 6.3, "2024": 43, "2029": 40}, "Female population: 60 - 64 years": {"Demographic": "Female population: 60 - 64 years", "2020": 43, "% OF TOTAL": 6.2, "2024": 42, "2029": 39}, "Female population: 65 - 69 years": {"Demographic": "Female population: 65 - 69 years", "2020": 63, "% OF TOTAL": 8.9, "2024": 62, "2029": 56}, "Female population: 70 - 74 years": {"Demographic": "Female population: 70 - 74 years", "2020": 54, "% OF TOTAL": 9.2, "2024": 54, "2029": 58}, "Female population: 75 - 79 years": {"Demographic": "Female population: 75 - 79 years", "2020": 24, "% OF TOTAL": 5.9, "2024": 27, "2029": 37}, "Female population: 80 - 84 years": {"Demographic": "Female population: 80 - 84 years", "2020": 42, "% OF TOTAL": 6.8, "2024": 45, "2029": 43}, "Female population: 85 years and over": {"Demographic": "Female population: 85 years and over", "2020": 38, "% OF TOTAL": 6.8, "2024": 37, "2029": 43}, "Male population: Median Age": {"Demographic": "Male population: Median Age", "2020": 39, "% OF TOTAL": null, "2024": 39, "2029": 39}, "Male population: Under 5 years": {"Demographic": "Male population: Under 5 years", "2020": 30, "% OF TOTAL": 6.0, "2024": 29, "2029": 28}, "Male population: 5 - 9 years": {"Demographic": "Male population: 5 - 9 years", "2020": 37, "% OF TOTAL": 7.1, "2024": 36, "2029": 33}, "Male population: 10 - 14 years": {"Demographic": "Male population: 10 - 14 years", "2020": 34, "% OF TOTAL": 6.9, "2024": 32, "2029": 32}, "Male population: 15 - 19 years": {"Demographic": "Male population: 15 - 19 years", "2020": 27, "% OF TOTAL": 5.6, "2024": 27, "2029": 26}, "Male population: 20 - 24 years": {"Demographic": "Male population: 20 - 24 years", "2020": 26, "% OF TOTAL": 5.2, "2024": 26, "2029": 24}, "Male population: 25 - 29 years": {"Demographic": "Male population: 25 - 29 years", "2020": 24, "% OF TOTAL": 5.4, "2024": 23, "2029": 25}, "Male population: 30 - 34 years": {"Demographic": "Male population: 30 - 34 years", "2020": 35, "% OF TOTAL": 6.9, "2024": 35, "2029": 32}, "Male population: 35 - 39 years": {"Demographic": "Male population: 35 - 39 years", "2020": 29, "% OF TOTAL": 6.9, "2024": 29, "2029": 32}, "Male population: 40 - 44 years": {"Demographic": "Male population: 40 - 44 years", "2020": 16, "% OF TOTAL": 4.3, "2024": 16, "2029": 20}, "Male population: 45 - 49 years": {"Demographic": "Male population: 45 - 49 years", "2020": 17, "% OF TOTAL": 4.1, "2024": 18, "2029": 19}, "Male population: 50 - 54 years": {"Demographic": "Male population: 50 - 54 years", "2020": 19, "% OF TOTAL": 3.7, "2024": 19, "2029": 17}, "Male population: 55 - 59 years": {"Demographic": "Male population: 55 - 59 years", "2020": 42, "% OF TOTAL": 6.5, "2024": 37, "2029": 30}, "Male population: 60 - 64 years": {"Demographic": "Male population: 60 - 64 years", "2020": 42, "% OF TOTAL": 8.0, "2024": 41, "2029": 37}, "Male population: 65 - 69 years": {"Demographic": "Male population: 65 - 69 years", "2020": 32, "% OF TOTAL": 7.5, "2024": 33, "2029": 35}, "Male population: 70 - 74 years": {"Demographic": "Male population: 70 - 74 years", "2020": 21, "% OF TOTAL": 5.0, "2024": 19, "2029": 23}, "Male population: 75 - 79 years": {"Demographic": "Male population: 75 - 79 years", "2020": 23, "% OF TOTAL": 5.0, "2024": 25, "2029": 23}, "Male population: 80 - 84 years": {"Demographic": "Male population: 80 - 84 years", "2020": 15, "% OF TOTAL": 4.1, "2024": 16, "2029": 19}, "Male population: 85 years and over": {"Demographic": "Male population: 85 years and over", "2020": 6, "% OF TOTAL": 1.9, "2024": 5, "2029": 9}, "White alone": {"Demographic": "White alone", "2020": 883, "% OF TOTAL": 78.4, "2024": 865, "2029": 858}, "Black alone": {"Demographic": "Black alone", "2020": 123, "% OF TOTAL": 11.1, "2024": 120, "2029": 122}, "American Indian and Alaska Native alone": {"Demographic": "American Indian and Alaska Native alone", "2020": 20, "% OF TOTAL": 1.8, "2024": 20, "2029": 20}, "Asian alone": {"Demographic": "Asian alone", "2020": 8, "% OF TOTAL": 0.7, "2024": 8, "2029": 8}, "Native Hawaiian and OPI alone": {"Demographic": "Native Hawaiian and OPI alone", "2020": 0, "% OF TOTAL": 0.0, "2024": 0, "2029": 0}, "Some other race alone": {"Demographic": "Some other race alone", "2020": 24, "% OF TOTAL": 2.0, "2024": 22, "2029": 22}, "Two or more races alone": {"Demographic": "Two or more races alone", "2020": 60, "% OF TOTAL": 5.9, "2024": 65, "2029": 65}, "Not Hispanic: White alone": {"Demographic": "Not Hispanic: White alone", "2020": 881, "% OF TOTAL": 78.2, "2024": 863, "2029": 856}, "Not Hispanic: Black or African American alone": {"Demographic": "Not Hispanic: Black or African American alone", "2020": 123, "% OF TOTAL": 11.1, "2024": 120, "2029": 122}, "Not Hispanic: American Indian and Alaska Native alone": {"Demographic": "Not Hispanic: American Indian and Alaska Native alone", "2020": 20, "% OF TOTAL": 1.8, "2024": 20, "2029": 20}, "Not Hispanic: Asian alone": {"Demographic": "Not Hispanic: Asian alone", "2020": 8, "% OF TOTAL": 0.7, "2024": 8, "2029": 8}, "Not Hispanic: Native Hawaiian and OPI alone": {"Demographic": "Not Hispanic: Native Hawaiian and OPI alone", "2020": 0, "% OF TOTAL": 0.0, "2024": 0, "2029": 0}, "Not Hispanic: Some Other Race alone": {"Demographic": "Not Hispanic: Some Other Race alone", "2020": 7, "% OF TOTAL": 0.5, "2024": 6, "2029": 6}, "Not Hispanic: Two or More Races": {"Demographic": "Not Hispanic: Two or More Races", "2020": 42, "% OF TOTAL": 4.1, "2024": 45, "2029": 45}, "Hispanic: White alone": {"Demographic": "Hispanic: White alone", "2020": 2, "% OF TOTAL": 0.2, "2024": 2, "2029": 2}, "Hispanic: Black or African American alone": {"Demographic": "Hispanic: Black or African American alone", "2020": 0, "% OF TOTAL": 0.0, "2024": 0, "2029": 0}, "Hispanic: American Indian and Alaska Native alone": {"Demographic": "Hispanic: American Indian and Alaska Native alone", "2020": 0, "% OF TOTAL": 0.0, "2024": 0, "2029": 0}, "Hispanic: Asian alone": {"Demographic": "Hispanic: Asian alone", "2020": 0, "% OF TOTAL": 0.0, "2024": 0, "2029": 0}, "Hispanic: Native Hawaiian and OPI alone": {"Demographic": "Hispanic: Native Hawaiian and OPI alone", "2020": 0, "% OF TOTAL": 0.0, "2024": 0, "2029": 0}, "Hispanic: Some Other Race alone": {"Demographic": "Hispanic: Some Other Race alone", "2020": 17, "% OF TOTAL": 1.5, "2024": 16, "2029": 16}, "Hispanic: Two or More Races": {"Demographic": "Hispanic: Two or More Races", "2020": 18, "% OF TOTAL": 1.8, "2024": 20, "2029": 20}, "Educational Attainment: No High School Diploma": {"Demographic": "Educational Attainment: No High School Diploma", "2020": 145, "% OF TOTAL": null, "2024": 144, "2029": null}, "Educational Attainment: High School Diploma": {"Demographic": "Educational Attainment: High School Diploma", "2020": 306, "% OF TOTAL": null, "2024": 302, "2029": null}, "Educational Attainment: Some College": {"Demographic": "Educational Attainment: Some College", "2020": 248, "% OF TOTAL": null, "2024": 245, "2029": null}, "Educational Attainment: Associates Degree": {"Demographic": "Educational Attainment: Associates Degree", "2020": 67, "% OF TOTAL": null, "2024": 66, "2029": null}, "Educational Attainment: Bachelors Degree": {"Demographic": "Educational Attainment: Bachelors Degree", "2020": 45, "% OF TOTAL": null, "2024": 44, "2029": null}, "Educational Attainment: Advanced Degree": {"Demographic": "Educational Attainment: Advanced Degree", "2020": 5, "% OF TOTAL": null, "2024": 5, "2029": null}, "Employment Status: Armed Forces": {"Demographic": "Employment Status: Armed Forces", "2020": 0, "% OF TOTAL": null, "2024": 0, "2029": null}, "Employment Status: Civilian labor force employed": {"Demographic": "Employment Status: Civilian labor force employed", "2020": 400, "% OF TOTAL": null, "2024": 399, "2029": null}, "Employment Status: Civilian labor force unemployed": {"Demographic": "Employment Status: Civilian labor force unemployed", "2020": 60, "% OF TOTAL": null, "2024": 60, "2029": null}, "Employment Status: Not in labor force": {"Demographic": "Employment Status: Not in labor force", "2020": 466, "% OF TOTAL": null, "2024": 465, "2029": null}, "Employed in Agriculture and Mining Industries": {"Demographic": "Employed in Agriculture and Mining Industries", "2020": 0, "% OF TOTAL": null, "2024": 0, "2029": null}, "Employed in Construction Industries": {"Demographic": "Employed in Construction Industries", "2020": 0, "% OF TOTAL": null, "2024": 0, "2029": null}, "Employed in Manufacturing Industries": {"Demographic": "Employed in Manufacturing Industries", "2020": 110, "% OF TOTAL": null, "2024": 109, "2029": null}, "Employed in Wholesale Industries": {"Demographic": "Employed in Wholesale Industries", "2020": 0, "% OF TOTAL": null, "2024": 0, "2029": null}, "Employed in Retail Industries": {"Demographic": "Employed in Retail Industries", "2020": 108, "% OF TOTAL": null, "2024": 108, "2029": null}, "Employed in Transportation and Utilities Industries": {"Demographic": "Employed in Transportation and Utilities Industries", "2020": 18, "% OF TOTAL": null, "2024": 18, "2029": null}, "Employed in Information Industries": {"Demographic": "Employed in Information Industries", "2020": 0, "% OF TOTAL": null, "2024": 0, "2029": null}, "Employed in Real-Estate Industries": {"Demographic": "Employed in Real-Estate Industries", "2020": 0, "% OF TOTAL": null, "2024": 0, "2029": null}, "Employed in Professional Industries": {"Demographic": "Employed in Professional Industries", "2020": 9, "% OF TOTAL": null, "2024": 9, "2029": null}, "Employed in Health and Education Industries": {"Demographic": "Employed in Health and Education Industries", "2020": 51, "% OF TOTAL": null, "2024": 51, "2029": null}, "Employed in Art Industries": {"Demographic": "Employed in Art Industries", "2020": 10, "% OF TOTAL": null, "2024": 10, "2029": null}, "Employed in Other Industries": {"Demographic": "Employed in Other Industries", "2020": 33, "% OF TOTAL": null, "2024": 33, "2029": null}, "Employed in Public Administration Industries": {"Demographic": "Employed in Public Administration Industries", "2020": 61, "% OF TOTAL": null, "2024": 61, "2029": null}, "Occupation: Management": {"Demographic": "Occupation: Management", "2020": 30, "% OF TOTAL": null, "2024": 30, "2029": null}, "Occupation: Business and financial operations": {"Demographic": "Occupation: Business and financial operations", "2020": 14, "% OF TOTAL": null, "2024": 14, "2029": null}, "Occupation: Computer and mathematical": {"Demographic": "Occupation: Computer and mathematical", "2020": 0, "% OF TOTAL": null, "2024": 0, "2029": null}, "Occupation: Architecture and engineering": {"Demographic": "Occupation: Architecture and engineering", "2020": 0, "% OF TOTAL": null, "2024": 0, "2029": null}, "Occupation: Life, physical, and social science": {"Demographic": "Occupation: Life, physical, and social science", "2020": 0, "% OF TOTAL": null, "2024": 0, "2029": null}, "Occupation: Community and social service": {"Demographic": "Occupation: Community and social service", "2020": 0, "% OF TOTAL": null, "2024": 0, "2029": null}, "Occupation: Legal": {"Demographic": "Occupation: Legal", "2020": 0, "% OF TOTAL": null, "2024": 0, "2029": null}, "Occupation: Education, training, and library": {"Demographic": "Occupation: Education, training, and library", "2020": 0, "% OF TOTAL": null, "2024": 0, "2029": null}, "Occupation: Arts, design, entertainment, sports, and media": {"Demographic": "Occupation: Arts, design, entertainment, sports, and media", "2020": 0, "% OF TOTAL": null, "2024": 0, "2029": null}, "Occupation: Health diagnosing and treating practitioners": {"Demographic": "Occupation: Health diagnosing and treating practitioners", "2020": 9, "% OF TOTAL": null, "2024": 9, "2029": null}, "Occupation: Health technologists and technicians": {"Demographic": "Occupation: Health technologists and technicians", "2020": 21, "% OF TOTAL": null, "2024": 21, "2029": null}, "Occupation: Healthcare support": {"Demographic": "Occupation: Healthcare support", "2020": 0, "% OF TOTAL": null, "2024": 0, "2029": null}, "Occupation: Fire fighting and prevention": {"Demographic": "Occupation: Fire fighting and prevention", "2020": 0, "% OF TOTAL": null, "2024": 0, "2029": null}, "Occupation: Law enforcement workers": {"Demographic": "Occupation: Law enforcement workers", "2020": 41, "% OF TOTAL": null, "2024": 41, "2029": null}, "Occupation: Food preparation and serving related": {"Demographic": "Occupation: Food preparation and serving related", "2020": 26, "% OF TOTAL": null, "2024": 26, "2029": null}, "Occupation: Building and grounds cleaning and maintenance": {"Demographic": "Occupation: Building and grounds cleaning and maintenance", "2020": 9, "% OF TOTAL": null, "2024": 9, "2029": null}, "Occupation: Personal care and service": {"Demographic": "Occupation: Personal care and service", "2020": 14, "% OF TOTAL": null, "2024": 14, "2029": null}, "Occupation: Sales and related": {"Demographic": "Occupation: Sales and related", "2020": 97, "% OF TOTAL": null, "2024": 96, "2029": null}, "Occupation: Office and administrative support": {"Demographic": "Occupation: Office and administrative support", "2020": 10, "% OF TOTAL": null, "2024": 10, "2029": null}, "Occupation: Farming, fishing, and forestry": {"Demographic": "Occupation: Farming, fishing, and forestry", "2020": 0, "% OF TOTAL": null, "2024": 0, "2029": null}, "Occupation: Construction and extraction": {"Demographic": "Occupation: Construction and extraction", "2020": 0, "% OF TOTAL": null, "2024": 0, "2029": null}, "Occupation: Installation, maintenance, and repair": {"Demographic": "Occupation: Installation, maintenance, and repair", "2020": 41, "% OF TOTAL": null, "2024": 41, "2029": null}, "Occupation: Production": {"Demographic": "Occupation: Production", "2020": 11, "% OF TOTAL": null, "2024": 11, "2029": null}, "Occupation: Transportation": {"Demographic": "Occupation: Transportation", "2020": 18, "% OF TOTAL": null, "2024": 18, "2029": null}, "Occupation: Material moving": {"Demographic": "Occupation: Material moving", "2020": 59, "% OF TOTAL": null, "2024": 59, "2029": null}, "White collar": {"Demographic": "White collar", "2020": 181, "% OF TOTAL": null, "2024": 180, "2029": null}, "Blue collar": {"Demographic": "Blue collar", "2020": 219, "% OF TOTAL": null, "2024": 219, "2029": null}, "Means of transportation: Car, truck or van": {"Demographic": "Means of transportation: Car, truck or van", "2020": 400, "% OF TOTAL": null, "2024": 399, "2029": null}, "Means of transportation: Public transportation": {"Demographic": "Means of transportation: Public transportation", "2020": 0, "% OF TOTAL": null, "2024": 0, "2029": null}, "Means of transportation: Other": {"Demographic": "Means of transportation: Other", "2020": 0, "% OF TOTAL": null, "2024": 0, "2029": null}, "Travel time: Average (in minutes)": {"Demographic": "Travel time: Average (in minutes)", "2020": 32, "% OF TOTAL": null, "2024": 32, "2029": null}, "Travel time to work: Less than 30 minutes": {"Demographic": "Travel time to work: Less than 30 minutes", "2020": 164, "% OF TOTAL": null, "2024": 163, "2029": null}, "Travel time to work: 30 to 60 minutes": {"Demographic": "Travel time to work: 30 to 60 minutes", "2020": 206, "% OF TOTAL": null, "2024": 206, "2029": null}, "Travel time to work: 60 or more minutes": {"Demographic": "Travel time to work: 60 or more minutes", "2020": 30, "% OF TOTAL": null, "2024": 30, "2029": null}}, "demographic_snapshot": {"Total Population": {"Demographic": "Total Population", "2020": 1118, "% OF TOTAL": null, "2024": 1100, "2029": 1095}, "Households": {"Demographic": "Households", "2020": 506, "% OF TOTAL": null, "2024": 495, "2029": 491}, "Population in Group Quarters": {"Demographic": "Population in Group Quarters", "2020": 75, "% OF TOTAL": null, "2024": 76, "2029": 77}, "Households Growth": {"Demographic": "Households Growth", "2020": null, "% OF TOTAL": null, "2024": -2.2, "2029": -0.8}, "Household Income: Median": {"Demographic": "Household Income: Median", "2020": 0, "% OF TOTAL": null, "2024": 29813, "2029": 29833}, "Home Value: Median": {"Demographic": "Home Value: Median", "2020": 173250, "% OF TOTAL": null, "2024": 172959, "2029": null}, "Population Growth": {"Demographic": "Population Growth", "2020": null, "% OF TOTAL": null, "2024": -1.6, "2029": -0.5}, "Total Population: Under 19 years": {"Demographic": "Total Population: Under 19 years", "2020": 241, "% OF TOTAL": 20.2, "2024": 233, "2029": 221}, "Total Population: 20 - 64 years": {"Demographic": "Total Population: 20 - 64 years", "2020": 559, "% OF TOTAL": 48.2, "2024": 544, "2029": 528}, "Total Population: 65 years and over": {"Demographic": "Total Population: 65 years and over", "2020": 318, "% OF TOTAL": 31.6, "2024": 323, "2029": 346}, "Total population: Median age": {"Demographic": "Total population: Median age", "2020": 48, "% OF TOTAL": null, "2024": 49, "2029": 49}, "Total population: Under 5 years": {"Demographic": "Total population: Under 5 years", "2020": 63, "% OF TOTAL": 5.4, "2024": 62, "2029": 59}, "Total population: 5 - 9 years": {"Demographic": "Total population: 5 - 9 years", "2020": 51, "% OF TOTAL": 4.7, "2024": 49, "2029": 52}, "Total population: 10 - 14 years": {"Demographic": "Total population: 10 - 14 years", "2020": 64, "% OF TOTAL": 4.9, "2024": 60, "2029": 54}, "Total population: 15 - 19 years": {"Demographic": "Total population: 15 - 19 years", "2020": 63, "% OF TOTAL": 5.1, "2024": 62, "2029": 56}, "Total population: 20 - 24 years": {"Demographic": "Total population: 20 - 24 years", "2020": 61, "% OF TOTAL": 5.0, "2024": 61, "2029": 55}, "Total population: 25 - 29 years": {"Demographic": "Total population: 25 - 29 years", "2020": 53, "% OF TOTAL": 5.1, "2024": 50, "2029": 56}, "Total population: 30 - 34 years": {"Demographic": "Total population: 30 - 34 years", "2020": 77, "% OF TOTAL": 6.3, "2024": 78, "2029": 69}, "Total population: 35 - 39 years": {"Demographic": "Total population: 35 - 39 years", "2020": 55, "% OF TOTAL": 5.8, "2024": 54, "2029": 64}, "Total population: 40 - 44 years": {"Demographic": "Total population: 40 - 44 years", "2020": 47, "% OF TOTAL": 4.6, "2024": 47, "2029": 50}, "Total population: 45 - 49 years": {"Demographic": "Total population: 45 - 49 years", "2020": 33, "% OF TOTAL": 3.7, "2024": 33, "2029": 40}, "Total population: 50 - 54 years": {"Demographic": "Total population: 50 - 54 years", "2020": 58, "% OF TOTAL": 4.4, "2024": 58, "2029": 48}, "Total population: 55 - 59 years": {"Demographic": "Total population: 55 - 59 years", "2020": 90, "% OF TOTAL": 6.4, "2024": 80, "2029": 70}, "Total population: 60 - 64 years": {"Demographic": "Total population: 60 - 64 years", "2020": 85, "% OF TOTAL": 6.9, "2024": 83, "2029": 76}, "Total population: 65 - 69 years": {"Demographic": "Total population: 65 - 69 years", "2020": 95, "% OF TOTAL": 8.3, "2024": 95, "2029": 91}, "Total population: 70 - 74 years": {"Demographic": "Total population: 70 - 74 years", "2020": 75, "% OF TOTAL": 7.4, "2024": 73, "2029": 81}, "Total population: 75 - 79 years": {"Demographic": "Total population: 75 - 79 years", "2020": 47, "% OF TOTAL": 5.5, "2024": 52, "2029": 60}, "Total population: 80 - 84 years": {"Demographic": "Total population: 80 - 84 years", "2020": 57, "% OF TOTAL": 5.7, "2024": 61, "2029": 62}, "Total population: 85 years and over": {"Demographic": "Total population: 85 years and over", "2020": 44, "% OF TOTAL": 4.7, "2024": 42, "2029": 52}, "Householders Age 15-24": {"Demographic": "Householders Age 15-24", "2020": 25, "% OF TOTAL": 4.5, "2024": 25, "2029": 22}, "Householders Age 25-34": {"Demographic": "Householders Age 25-34", "2020": 64, "% OF TOTAL": 12.2, "2024": 63, "2029": 60}, "Householders Age 35-44": {"Demographic": "Householders Age 35-44", "2020": 64, "% OF TOTAL": 13.8, "2024": 62, "2029": 68}, "Householders Age 45-54": {"Demographic": "Householders Age 45-54", "2020": 74, "% OF TOTAL": 13.8, "2024": 72, "2029": 68}, "Householders Age 55-64": {"Demographic": "Householders Age 55-64", "2020": 74, "% OF TOTAL": 12.8, "2024": 73, "2029": 63}, "Householders Age 65-74": {"Demographic": "Householders Age 65-74", "2020": 94, "% OF TOTAL": 18.7, "2024": 92, "2029": 92}, "Householders Age 75+": {"Demographic": "Householders Age 75+", "2020": 111, "% OF TOTAL": 24.0, "2024": 108, "2029": 118}, "Household income: Average": {"Demographic": "Household income: Average", "2020": 53236, "% OF TOTAL": null, "2024": 51328, "2029": 57943}, "Household income: Less than 25k": {"Demographic": "Household income: Less than 25k", "2020": 206, "% OF TOTAL": 41.1, "2024": 209, "2029": 202}, "Household income: 25k - 50k": {"Demographic": "Household income: 25k - 50k", "2020": 134, "% OF TOTAL": 26.5, "2024": 132, "2029": 130}, "Household income: 50k - 75k": {"Demographic": "Household income: 50k - 75k", "2020": 43, "% OF TOTAL": 9.6, "2024": 52, "2029": 47}, "Household income: 75k - 100k": {"Demographic": "Household income: 75k - 100k", "2020": 43, "% OF TOTAL": 6.5, "2024": 27, "2029": 32}, "Household income: 100k - 125k": {"Demographic": "Household income: 100k - 125k", "2020": 48, "% OF TOTAL": 7.7, "2024": 46, "2029": 38}, "Household income: 125k - 150k": {"Demographic": "Household income: 125k - 150k", "2020": 18, "% OF TOTAL": 3.5, "2024": 14, "2029": 17}, "Household income: 150k - 200k": {"Demographic": "Household income: 150k - 200k", "2020": 0, "% OF TOTAL": 0.0, "2024": 0, "2029": 0}, "Household income: Above 200k": {"Demographic": "Household income: Above 200k", "2020": 14, "% OF TOTAL": 5.1, "2024": 15, "2029": 25}, "White Alone": {"Demographic": "White Alone", "2020": 883, "% OF TOTAL": 78.4, "2024": 865, "2029": 858}, "Black or African American Alone": {"Demographic": "Black or African American Alone", "2020": 123, "% OF TOTAL": 11.1, "2024": 120, "2029": 122}, "American Indian and Alaska Native Alone": {"Demographic": "American Indian and Alaska Native Alone", "2020": 20, "% OF TOTAL": 1.8, "2024": 20, "2029": 20}, "Asian Alone": {"Demographic": "Asian Alone", "2020": 8, "% OF TOTAL": 0.7, "2024": 8, "2029": 8}, "Native Hawaiian and OPI Alone": {"Demographic": "Native Hawaiian and OPI Alone", "2020": 0, "% OF TOTAL": 0.0, "2024": 0, "2029": 0}, "Some Other Race Alone": {"Demographic": "Some Other Race Alone", "2020": 24, "% OF TOTAL": 2.0, "2024": 22, "2029": 22}, "Two or More Races Alone": {"Demographic": "Two or More Races Alone", "2020": 60, "% OF TOTAL": 5.9, "2024": 65, "2029": 65}, "Not Hispanic or Latino": {"Demographic": "Not Hispanic or Latino", "2020": 1081, "% OF TOTAL": 96.5, "2024": 1062, "2029": 1057}, "Hispanic or Latino": {"Demographic": "Hispanic or Latino", "2020": 37, "% OF TOTAL": 3.5, "2024": 38, "2029": 38}, "Total Housing Units": {"Demographic": "Total Housing Units", "2020": 558, "% OF TOTAL": null, "2024": null, "2029": null}, "Owner Occupied Housing Units": {"Demographic": "Owner Occupied Housing Units", "2020": 229, "% OF TOTAL": null, "2024": 224, "2029": null}, "Renter Occupied Housing Units": {"Demographic": "Renter Occupied Housing Units", "2020": 277, "% OF TOTAL": null, "2024": 271, "2029": null}, "Housing Units Value Less Than 100k": {"Demographic": "Housing Units Value Less Than 100k", "2020": 38, "% OF TOTAL": null, "2024": 38, "2029": null}, "Housing Units Value 100k - 200k": {"Demographic": "Housing Units Value 100k - 200k", "2020": 119, "% OF TOTAL": null, "2024": 116, "2029": null}, "Housing Units Value 200k - 250k": {"Demographic": "Housing Units Value 200k - 250k", "2020": 23, "% OF TOTAL": null, "2024": 22, "2029": null}, "Housing Units Value 250k - 300k": {"Demographic": "Housing Units Value 250k - 300k", "2020": 49, "% OF TOTAL": null, "2024": 48, "2029": null}, "Housing Units Value 300k - 400k": {"Demographic": "Housing Units Value 300k - 400k", "2020": 0, "% OF TOTAL": null, "2024": 0, "2029": null}, "Housing Units Value 400k - 500k": {"Demographic": "Housing Units Value 400k - 500k", "2020": 0, "% OF TOTAL": null, "2024": 0, "2029": null}, "Housing Units Value 500k - 750k": {"Demographic": "Housing Units Value 500k - 750k", "2020": 0, "% OF TOTAL": null, "2024": 0, "2029": null}, "Housing Units Value 750k - 1m": {"Demographic": "Housing Units Value 750k - 1m", "2020": 0, "% OF TOTAL": null, "2024": 0, "2029": null}, "Housing Units Value 1m - 1.5m": {"Demographic": "Housing Units Value 1m - 1.5m", "2020": 0, "% OF TOTAL": null, "2024": 0, "2029": null}, "Housing Units Value 1.5m - 2m": {"Demographic": "Housing Units Value 1.5m - 2m", "2020": 0, "% OF TOTAL": null, "2024": 0, "2029": null}, "Housing Units Value >2m": {"Demographic": "Housing Units Value >2m", "2020": 0, "% OF TOTAL": null, "2024": 0, "2029": null}, "Take Car or Truck to Work": {"Demographic": "Take Car or Truck to Work", "2020": 400, "% OF TOTAL": null, "2024": 399, "2029": null}, "Take Public Transportation to Work": {"Demographic": "Take Public Transportation to Work", "2020": 0, "% OF TOTAL": null, "2024": 0, "2029": null}, "Take Other Means of Transportation to Work": {"Demographic": "Take Other Means of Transportation to Work", "2020": 0, "% OF TOTAL": null, "2024": 0, "2029": null}, "Average Travel Time (min)": {"Demographic": "Average Travel Time (min)", "2020": 33, "% OF TOTAL": null, "2024": 33, "2029": null}, "Travel Below 30 Min to Work": {"Demographic": "Travel Below 30 Min to Work", "2020": 164, "% OF TOTAL": null, "2024": 163, "2029": null}, "Travel 30-60 Min to Work": {"Demographic": "Travel 30-60 Min to Work", "2020": 206, "% OF TOTAL": null, "2024": 206, "2029": null}, "Travel Above 60 Min to Work": {"Demographic": "Travel Above 60 Min to Work", "2020": 62, "% OF TOTAL": null, "2024": 30, "2029": null}, "Educational Attainment: No High School Diploma": {"Demographic": "Educational Attainment: No High School Diploma", "2020": 451, "% OF TOTAL": null, "2024": 446, "2029": null}, "Educational Attainment: High School Diploma": {"Demographic": "Educational Attainment: High School Diploma", "2020": 306, "% OF TOTAL": null, "2024": 302, "2029": null}, "Educational Attainment: Some College": {"Demographic": "Educational Attainment: Some College", "2020": 360, "% OF TOTAL": null, "2024": 355, "2029": null}, "Educational Attainment: Associate's Degree": {"Demographic": "Educational Attainment: Associate's Degree", "2020": 67, "% OF TOTAL": null, "2024": 66, "2029": null}, "Educational Attainment: Bachelors Degree": {"Demographic": "Educational Attainment: Bachelors Degree", "2020": 45, "% OF TOTAL": null, "2024": 44, "2029": null}, "Educational Attainment: Advanced Degree": {"Demographic": "Educational Attainment: Advanced Degree", "2020": 5, "% OF TOTAL": null, "2024": 5, "2029": null}, "Households: Number of vehicles available - Average": {"Demographic": "Households: Number of vehicles available - Average", "2020": 1, "% OF TOTAL": null, "2024": 1, "2029": null}, "Households: No Vehicle available": {"Demographic": "Households: No Vehicle available", "2020": 53, "% OF TOTAL": null, "2024": 52, "2029": null}, "Households: 1 Vehicle available": {"Demographic": "Households: 1 Vehicle available", "2020": 184, "% OF TOTAL": null, "2024": 180, "2029": null}, "Households: 2 Vehicles available": {"Demographic": "Households: 2 Vehicles available", "2020": 200, "% OF TOTAL": null, "2024": 196, "2029": null}, "Households: 3 Vehicles available": {"Demographic": "Households: 3 Vehicles available", "2020": 40, "% OF TOTAL": null, "2024": 39, "2029": null}, "Households: 4 or more Vehicles available": {"Demographic": "Households: 4 or more Vehicles available", "2020": 29, "% OF TOTAL": null, "2024": 28, "2029": null}}, "household_trends": {"Households": {"Demographic": "Households", "2020": 506, "% OF TOTAL": null, "2024": 495, "2029": 491}, "Households Growth": {"Demographic": "Households Growth", "2020": null, "% OF TOTAL": null, "2024": -2.2, "2029": -0.8}, "Householder Age 15-24": {"Demographic": "Householder Age 15-24", "2020": 25, "% OF TOTAL": 4.5, "2024": 25, "2029": 22}, "Householder Age 25-34": {"Demographic": "Householder Age 25-34", "2020": 64, "% OF TOTAL": 12.2, "2024": 63, "2029": 60}, "Householder Age 35-44": {"Demographic": "Householder Age 35-44", "2020": 64, "% OF TOTAL": 13.8, "2024": 62, "2029": 68}, "Householder Age 45-54": {"Demographic": "Householder Age 45-54", "2020": 74, "% OF TOTAL": 13.8, "2024": 72, "2029": 68}, "Householder Age 55-64": {"Demographic": "Householder Age 55-64", "2020": 74, "% OF TOTAL": 12.8, "2024": 73, "2029": 63}, "Householder Age 65-74": {"Demographic": "Householder Age 65-74", "2020": 94, "% OF TOTAL": 18.7, "2024": 92, "2029": 92}, "Householder Age 75+": {"Demographic": "Householder Age 75+", "2020": 111, "% OF TOTAL": 24.0, "2024": 108, "2029": 118}, "Average Household Size": {"Demographic": "Average Household Size", "2020": 2.1, "% OF TOTAL": null, "2024": 2.1, "2029": 2.1}, "1 Person Households": {"Demographic": "1 Person Households", "2020": 243, "% OF TOTAL": 48.7, "2024": 242, "2029": 239}, "2 Person Households": {"Demographic": "2 Person Households", "2020": 125, "% OF TOTAL": 25.1, "2024": 126, "2029": 123}, "3 Person Households": {"Demographic": "3 Person Households", "2020": 46, "% OF TOTAL": 9.2, "2024": 47, "2029": 45}, "4 Person Households": {"Demographic": "4 Person Households", "2020": 52, "% OF TOTAL": 9.6, "2024": 45, "2029": 47}, "5 Person Households": {"Demographic": "5 Person Households", "2020": 19, "% OF TOTAL": 3.5, "2024": 16, "2029": 17}, "6 Person Households": {"Demographic": "6 Person Households", "2020": 14, "% OF TOTAL": 2.6, "2024": 12, "2029": 13}, "7+ Person Households": {"Demographic": "7+ Person Households", "2020": 7, "% OF TOTAL": 1.4, "2024": 7, "2029": 7}, "Household Type: Family": {"Demographic": "Household Type: Family", "2020": 241, "% OF TOTAL": null, "2024": 236, "2029": null}, "Household Type: Married Family": {"Demographic": "Household Type: Married Family", "2020": 171, "% OF TOTAL": null, "2024": 167, "2029": null}, "Household Type: Married Family With Children": {"Demographic": "Household Type: Married Family With Children", "2020": 55, "% OF TOTAL": null, "2024": 54, "2029": null}, "Household Type: Married Family Without Children": {"Demographic": "Household Type: Married Family Without Children", "2020": 116, "% OF TOTAL": null, "2024": 113, "2029": null}, "Household Type: Other Family": {"Demographic": "Household Type: Other Family", "2020": 70, "% OF TOTAL": null, "2024": 69, "2029": null}, "Household Type: Male Households, No Wife": {"Demographic": "Household Type: Male Households, No Wife", "2020": 17, "% OF TOTAL": null, "2024": 17, "2029": null}, "Household Type: Male Households, No Wife With Children": {"Demographic": "Household Type: Male Households, No Wife With Children", "2020": 6, "% OF TOTAL": null, "2024": 6, "2029": null}, "Household Type: Male Households, No Wife Without Children": {"Demographic": "Household Type: Male Households, No Wife Without Children", "2020": 11, "% OF TOTAL": null, "2024": 11, "2029": null}, "Household Type: Female Households, No Husband": {"Demographic": "Household Type: Female Households, No Husband", "2020": 53, "% OF TOTAL": null, "2024": 52, "2029": null}, "Household Type: Female Households, No Husband With Children": {"Demographic": "Household Type: Female Households, No Husband With Children", "2020": 24, "% OF TOTAL": null, "2024": 24, "2029": null}, "Household Type: Female Households, No Husband Without Children": {"Demographic": "Household Type: Female Households, No Husband Without Children", "2020": 29, "% OF TOTAL": null, "2024": 28, "2029": null}, "Household Income: Average": {"Demographic": "Household Income: Average", "2020": 53236, "% OF TOTAL": null, "2024": 51328, "2029": 57943}, "Household Income: Median": {"Demographic": "Household Income: Median", "2020": 0, "% OF TOTAL": null, "2024": 29813, "2029": 29833}, "Household Income: Less than $25k": {"Demographic": "Household Income: Less than $25k", "2020": 206, "% OF TOTAL": 41.1, "2024": 209, "2029": 202}, "Household Income: $25k - $50k": {"Demographic": "Household Income: $25k - $50k", "2020": 134, "% OF TOTAL": 26.5, "2024": 132, "2029": 130}, "Household Income: $50k - $75k": {"Demographic": "Household Income: $50k - $75k", "2020": 43, "% OF TOTAL": 9.6, "2024": 52, "2029": 47}, "Household Income: $75k - $100k": {"Demographic": "Household Income: $75k - $100k", "2020": 43, "% OF TOTAL": 6.5, "2024": 27, "2029": 32}, "Household Income: $100k - $125k": {"Demographic": "Household Income: $100k - $125k", "2020": 48, "% OF TOTAL": 7.7, "2024": 46, "2029": 38}, "Household Income: $125k - $150k": {"Demographic": "Household Income: $125k - $150k", "2020": 18, "% OF TOTAL": 3.5, "2024": 14, "2029": 17}, "Household Income: $150k - $200k": {"Demographic": "Household Income: $150k - $200k", "2020": 0, "% OF TOTAL": 0.0, "2024": 0, "2029": 0}, "Household Income: Above $200k": {"Demographic": "Household Income: Above $200k", "2020": 14, "% OF TOTAL": 5.1, "2024": 15, "2029": 25}, "Total Housing Units": {"Demographic": "Total Housing Units", "2020": 558, "% OF TOTAL": null, "2024": null, "2029": null}, "Owner Occupied Housing Units": {"Demographic": "Owner Occupied Housing Units", "2020": 229, "% OF TOTAL": null, "2024": 224, "2029": null}, "Renter Occupied Housing Units": {"Demographic": "Renter Occupied Housing Units", "2020": 277, "% OF TOTAL": null, "2024": 271, "2029": null}, "Vacant Housing Units": {"Demographic": "Vacant Housing Units", "2020": 52, "% OF TOTAL": null, "2024": null, "2029": null}, "Vacant Housing Units: Seasonal": {"Demographic": "Vacant Housing Units: Seasonal", "2020": 4, "% OF TOTAL": null, "2024": null, "2029": null}, "Vacant Housing Units: Other Usage": {"Demographic": "Vacant Housing Units: Other Usage", "2020": 48, "% OF TOTAL": null, "2024": null, "2029": null}, "Average Housing Unit Value": {"Demographic": "Average Housing Unit Value", "2020": 175109, "% OF TOTAL": null, "2024": 174609, "2029": null}, "Median Housing Unit Value": {"Demographic": "Median Housing Unit Value", "2020": 173250, "% OF TOTAL": null, "2024": 172959, "2029": null}, "Housing Unit Value Less Than $100k": {"Demographic": "Housing Unit Value Less Than $100k", "2020": 38, "% OF TOTAL": null, "2024": 38, "2029": null}, "Housing Unit Value $100k-$200k": {"Demographic": "Housing Unit Value $100k-$200k", "2020": 119, "% OF TOTAL": null, "2024": 116, "2029": null}, "Housing Unit Value $200k-$250k": {"Demographic": "Housing Unit Value $200k-$250k", "2020": 23, "% OF TOTAL": null, "2024": 22, "2029": null}, "Housing Unit Value $250k-$300k": {"Demographic": "Housing Unit Value $250k-$300k", "2020": 49, "% OF TOTAL": null, "2024": 48, "2029": null}, "Housing Unit Value $300k-$400k": {"Demographic": "Housing Unit Value $300k-$400k", "2020": 0, "% OF TOTAL": null, "2024": 0, "2029": null}, "Housing Unit Value $400k-$500k": {"Demographic": "Housing Unit Value $400k-$500k", "2020": 0, "% OF TOTAL": null, "2024": 0, "2029": null}, "Housing Unit Value $500k-$750k": {"Demographic": "Housing Unit Value $500k-$750k", "2020": 0, "% OF TOTAL": null, "2024": 0, "2029": null}, "Housing Unit Value $750k-$1m": {"Demographic": "Housing Unit Value $750k-$1m", "2020": 0, "% OF TOTAL": null, "2024": 0, "2029": null}, "Housing Unit Value $1m-$1.5m": {"Demographic": "Housing Unit Value $1m-$1.5m", "2020": 0, "% OF TOTAL": null, "2024": 0, "2029": null}, "Housing Unit Value $1.5m-$2m": {"Demographic": "Housing Unit Value $1.5m-$2m", "2020": 0, "% OF TOTAL": null, "2024": 0, "2029": null}, "Housing Unit Value Above $2m": {"Demographic": "Housing Unit Value Above $2m", "2020": 0, "% OF TOTAL": null, "2024": 0, "2029": null}, "Median Housing Unit Year Built": {"Demographic": "Median Housing Unit Year Built", "2020": 1985, "% OF TOTAL": null, "2024": 1980, "2029": null}, "Housing Units Built 2014 Or After": {"Demographic": "Housing Units Built 2014 Or After", "2020": 0, "% OF TOTAL": null, "2024": 0, "2029": null}, "Housing Units Built 2010-2013": {"Demographic": "Housing Units Built 2010-2013", "2020": 58, "% OF TOTAL": null, "2024": 57, "2029": null}, "Housing Units Built 2000-2009": {"Demographic": "Housing Units Built 2000-2009", "2020": 102, "% OF TOTAL": null, "2024": 99, "2029": null}, "Housing Units Built 1990-1999": {"Demographic": "Housing Units Built 1990-1999", "2020": 93, "% OF TOTAL": null, "2024": 91, "2029": null}, "Housing Units Built 1980-1989": {"Demographic": "Housing Units Built 1980-1989", "2020": 0, "% OF TOTAL": null, "2024": 0, "2029": null}, "Housing Units Built 1970-1979": {"Demographic": "Housing Units Built 1970-1979", "2020": 65, "% OF TOTAL": null, "2024": 64, "2029": null}, "Housing Units Built 1960-1969": {"Demographic": "Housing Units Built 1960-1969", "2020": 107, "% OF TOTAL": null, "2024": 105, "2029": null}, "Housing Units Built 1950-1959": {"Demographic": "Housing Units Built 1950-1959", "2020": 63, "% OF TOTAL": null, "2024": 62, "2029": null}, "Housing Units Built 1940-1949": {"Demographic": "Housing Units Built 1940-1949", "2020": 18, "% OF TOTAL": null, "2024": 17, "2029": null}, "Housing Units Built Before 1940": {"Demographic": "Housing Units Built Before 1940", "2020": 0, "% OF TOTAL": null, "2024": 0, "2029": null}}}, "geometry": {"type": "Polygon", "coordinates": [[[-87.65801688845924, 30.898519173385292], [-87.62430579547762, 30.898519173385292], [-87.62430579547762, 30.889083114056817], [-87.63247975512304, 30.87181274416787], [-87.65801688845924, 30.87159722841925], [-87.65801688845924, 30.898519173385292]]]}}, {"type": "Feature", "properties": {"block": "042", "block_num": 42, "CentroidLon": -87.67490196581643, "CentroidLat": 30.884986951713117, "submarket": "North Baldwin", "data_status": "no data", "is_anomalous": false, "anomaly_reason": null, "files_present": ""}, "geometry": {"type": "Polygon", "coordinates": [[[-87.69172798144086, 30.898519173385292], [-87.65801688845924, 30.898519173385292], [-87.65801688845924, 30.87159722841925], [-87.69172798144086, 30.871312730102822], [-87.69172798144086, 30.898519173385292]]]}}, {"type": "Feature", "properties": {"block": "043", "block_num": 43, "CentroidLon": -87.70861275159936, "CentroidLat": 30.884844703851172, "submarket": "North Baldwin", "data_status": "no data", "is_anomalous": false, "anomaly_reason": null, "files_present": ""}, "geometry": {"type": "Polygon", "coordinates": [[[-87.72543907442248, 30.898519173385292], [-87.69172798144086, 30.898519173385292], [-87.69172798144086, 30.871312730102822], [-87.72543907442248, 30.87102823178639], [-87.72543907442248, 30.898519173385292]]]}}, {"type": "Feature", "properties": {"block": "044", "block_num": 44, "CentroidLon": -87.74232354370788, "CentroidLat": 30.88470245596254, "submarket": "North Baldwin", "data_status": "no data", "is_anomalous": false, "anomaly_reason": null, "files_present": ""}, "geometry": {"type": "Polygon", "coordinates": [[[-87.7591501674041, 30.898519173385292], [-87.72543907442248, 30.898519173385292], [-87.72543907442248, 30.87102823178639], [-87.7591501674041, 30.870743733469958], [-87.7591501674041, 30.898519173385292]]]}}, {"type": "Feature", "properties": {"block": "045", "block_num": 45, "CentroidLon": -87.77603434194852, "CentroidLat": 30.88456020804803, "submarket": "North Baldwin", "data_status": "no data", "is_anomalous": false, "anomaly_reason": null, "files_present": ""}, "geometry": {"type": "Polygon", "coordinates": [[[-87.79286126038572, 30.898519173385292], [-87.7591501674041, 30.898519173385292], [-87.7591501674041, 30.870743733469958], [-87.79286126038572, 30.87045923515353], [-87.79286126038572, 30.898519173385292]]]}}, {"type": "Feature", "properties": {"block": "046", "block_num": 46, "CentroidLon": -87.8097451461358, "CentroidLat": 30.884417960108422, "submarket": "North Baldwin", "data_status": "no data", "is_anomalous": false, "anomaly_reason": null, "files_present": ""}, "geometry": {"type": "Polygon", "coordinates": [[[-87.82657235336734, 30.898519173385292], [-87.79286126038572, 30.898519173385292], [-87.79286126038572, 30.87045923515353], [-87.82657235336734, 30.870174736837097], [-87.82657235336734, 30.898519173385292]]]}}, {"type": "Feature", "properties": {"block": "047", "block_num": 47, "CentroidLon": -87.84345595609143, "CentroidLat": 30.88427571214448, "submarket": "North Baldwin", "data_status": "no data", "is_anomalous": false, "anomaly_reason": null, "files_present": ""}, "geometry": {"type": "Polygon", "coordinates": [[[-87.86028344634896, 30.898519173385292], [-87.82657235336734, 30.898519173385292], [-87.82657235336734, 30.870174736837097], [-87.86028344634896, 30.869890238520668], [-87.86028344634896, 30.898519173385292]]]}}, {"type": "Feature", "properties": {"block": "048", "block_num": 48, "CentroidLon": -87.87276327364864, "CentroidLat": 30.882039018670458, "submarket": "North Baldwin", "data_status": "no data", "is_anomalous": false, "anomaly_reason": null, "files_present": ""}, "geometry": {"type": "Polygon", "coordinates": [[[-87.86028344634896, 30.898519173385292], [-87.86028344634896, 30.869890238520668], [-87.89399453933058, 30.869605740204236], [-87.87345810316646, 30.898519173385292], [-87.86028344634896, 30.898519173385292]]]}}]}