{"type": "FeatureCollection", "features": [{"type": "Feature", "properties": {"block": "001", "block_num": 1, "CentroidLon": -88.17741506676886, "CentroidLat": 30.53550570516349, "data_status": "no data", "is_anomalous": false, "anomaly_reason": null, "files_present": ""}, "geometry": {"type": "Polygon", "coordinates": [[[-88.164276, 30.529752], [-88.197821, 30.529448], [-88.197831, 30.530281], [-88.178326, 30.543719], [-88.164431, 30.542751], [-88.164276, 30.529752]]]}}, {"type": "Feature", "properties": {"block": "002", "block_num": 2, "CentroidLon": -88.14820414278671, "CentroidLat": 30.535758640703214, "data_status": "no data", "is_anomalous": false, "anomaly_reason": null, "files_present": ""}, "geometry": {"type": "Polygon", "coordinates": [[[-88.130731, 30.530047], [-88.164276, 30.529752], [-88.164431, 30.542751], [-88.130851, 30.540407], [-88.130731, 30.530047]]]}}, {"type": "Feature", "properties": {"block": "003", "block_num": 3, "CentroidLon": -88.11482688843043, "CentroidLat": 30.53473548161131, "data_status": "no data", "is_anomalous": false, "anomaly_reason": null, "files_present": ""}, "geometry": {"type": "Polygon", "coordinates": [[[-88.097185, 30.530334], [-88.130731, 30.530047], [-88.130851, 30.540407], [-88.097272, 30.538053], [-88.097185, 30.530334]]]}}, {"type": "Feature", "properties": {"block": "004", "block_num": 4, "CentroidLon": -88.09102566419075, "CentroidLat": 30.53402498178553, "data_status": "no data", "is_anomalous": false, "anomaly_reason": null, "files_present": ""}, "geometry": {"type": "Polygon", "coordinates": [[[-88.097185, 30.530334], [-88.097272, 30.538053], [-88.084285, 30.537141], [-88.084779, 30.530438], [-88.097185, 30.530334]]]}}, {"type": "Feature", "properties": {"block": "005", "block_num": 5, "CentroidLon": -88.198236676499, "CentroidLat": 30.529721900881448, "data_status": "no data", "is_anomalous": false, "anomaly_reason": null, "files_present": ""}, "geometry": {"type": "Polygon", "coordinates": [[[-88.197821, 30.529448], [-88.199056, 30.529436], [-88.197831, 30.530281], [-88.197821, 30.529448]]]}}, {"type": "Feature", "properties": {"block": "006", "block_num": 6, "CentroidLon": -88.09141905654394, "CentroidLat": 30.516395542675784, "data_status": "no data", "is_anomalous": false, "anomaly_reason": null, "files_present": ""}, "geometry": {"type": "Polygon", "coordinates": [[[-88.096859, 30.501294], [-88.097185, 30.530334], [-88.084779, 30.530438], [-88.08692, 30.501378], [-88.096859, 30.501294]]]}}, {"type": "Feature", "properties": {"block": "007", "block_num": 7, "CentroidLon": -88.1808730199516, "CentroidLat": 30.515081222204902, "data_status": "usable", "is_anomalous": false, "anomaly_reason": null, "files_present": "DemographicSnapshot-26.08.06.csv;PopulationTrends-26.08.06.csv;HouseholdTrends-26.08.06.csv;HouseholdIncomeByAge-26.08.06.csv;ConsumerSegmentation-26.08.06.csv", "population_2024": 1926, "population_2029": 1805, "households_2024": 778, "households_2029": 741, "median_household_income_2024": 66808, "median_household_income_2029": 68165, "mean_household_income_2024": null, "mean_household_income_2029": null, "median_age_2024": 39, "median_age_2029": 40, "median_home_value_2024": 113003, "average_household_size_2024": 2.5, "average_household_size_2029": 2.4, "population_growth_2024_2029": -6.4, "households_growth_2024_2029": -5.2, "consumer_segments": {"Simple Life Moderate Income No Children": {"households": 187, "pct": 30.3}, "Renters": {"households": 155, "pct": 25.1}, "Simple Life Moderate Income With Children": {"households": 133, "pct": 21.6}, "Renters Near Term Buyers": {"households": 39, "pct": 6.3}, "Active Adult Elite": {"households": 36, "pct": 5.8}, "Family Life Young Children": {"households": 19, "pct": 3.1}, "Active Adult Entry Level": {"households": 19, "pct": 3.1}, "Simple Life Affluent No Children": {"households": 18, "pct": 2.9}, "Active Adult Feature and Location": {"households": 6, "pct": 1.0}, "Elite": {"households": 5, "pct": 0.8}, "Family Life School Age Children": {"households": 0, "pct": 0.0}, "Feature and Location": {"households": 0, "pct": 0.0}, "Entry Level Urban": {"households": 0, "pct": 0.0}, "Entry Level Suburban": {"households": 0, "pct": 0.0}}, "income_age": {"2020": {}, "2024": {}, "2029": {}}, "population_trends": {"Total Population": {"Demographic": null, "2020": 2058, "2024": 1926, "2029": 1805, "% OF TOTAL": null, "% OF TOTAL.1": null, "% OF TOTAL.2": null}, "Population Growth": {"Demographic": null, "2020": null, "2024": -6.4, "2029": -6.3, "% OF TOTAL": null, "% OF TOTAL.1": null, "% OF TOTAL.2": null}, "Female Population": {"Demographic": null, "2020": 996, "2024": 934, "2029": 876, "% OF TOTAL": 48.5, "% OF TOTAL.1": null, "% OF TOTAL.2": null}, "Male Population": {"Demographic": null, "2020": 1062, "2024": 992, "2029": 929, "% OF TOTAL": 51.5, "% OF TOTAL.1": null, "% OF TOTAL.2": null}, "Total population: Median Age": {"Demographic": null, "2020": 38, "2024": 39, "2029": 40, "% OF TOTAL": null, "% OF TOTAL.1": null, "% OF TOTAL.2": null}, "Total population: Under 5 years": {"Demographic": null, "2020": 126, "2024": 114, "2029": 101, "% OF TOTAL": 5.6, "% OF TOTAL.1": null, "% OF TOTAL.2": null}, "Total population: 5 - 9 years": {"Demographic": null, "2020": 121, "2024": 115, "2029": 104, "% OF TOTAL": 5.8, "% OF TOTAL.1": null, "% OF TOTAL.2": null}, "Total population: 10 - 14 years": {"Demographic": null, "2020": 118, "2024": 103, "2029": 95, "% OF TOTAL": 5.3, "% OF TOTAL.1": null, "% OF TOTAL.2": null}, "Total population: 15 - 19 years": {"Demographic": null, "2020": 163, "2024": 156, "2029": 125, "% OF TOTAL": 6.9, "% OF TOTAL.1": null, "% OF TOTAL.2": null}, "Total population: 20 - 24 years": {"Demographic": null, "2020": 127, "2024": 119, "2029": 118, "% OF TOTAL": 6.5, "% OF TOTAL.1": null, "% OF TOTAL.2": null}, "Total population: 25 - 29 years": {"Demographic": null, "2020": 137, "2024": 121, "2029": 110, "% OF TOTAL": 6.1, "% OF TOTAL.1": null, "% OF TOTAL.2": null}, "Total population: 30 - 34 years": {"Demographic": null, "2020": 139, "2024": 130, "2029": 113, "% OF TOTAL": 6.3, "% OF TOTAL.1": null, "% OF TOTAL.2": null}, "Total population: 35 - 39 years": {"Demographic": null, "2020": 138, "2024": 131, "2029": 129, "% OF TOTAL": 7.1, "% OF TOTAL.1": null, "% OF TOTAL.2": null}, "Total population: 40 - 44 years": {"Demographic": null, "2020": 127, "2024": 124, "2029": 122, "% OF TOTAL": 6.8, "% OF TOTAL.1": null, "% OF TOTAL.2": null}, "Total population: 45 - 49 years": {"Demographic": null, "2020": 142, "2024": 128, "2029": 124, "% OF TOTAL": 6.9, "% OF TOTAL.1": null, "% OF TOTAL.2": null}, "Total population: 50 - 54 years": {"Demographic": null, "2020": 144, "2024": 135, "2029": 120, "% OF TOTAL": 6.6, "% OF TOTAL.1": null, "% OF TOTAL.2": null}, "Total population: 55 - 59 years": {"Demographic": null, "2020": 156, "2024": 133, "2029": 122, "% OF TOTAL": 6.8, "% OF TOTAL.1": null, "% OF TOTAL.2": null}, "Total population: 60 - 64 years": {"Demographic": null, "2020": 138, "2024": 128, "2029": 113, "% OF TOTAL": 6.3, "% OF TOTAL.1": null, "% OF TOTAL.2": null}, "Total population: 65 - 69 years": {"Demographic": null, "2020": 106, "2024": 107, "2029": 105, "% OF TOTAL": 5.8, "% OF TOTAL.1": null, "% OF TOTAL.2": null}, "Total population: 70 - 74 years": {"Demographic": null, "2020": 61, "2024": 61, "2029": 73, "% OF TOTAL": 4.0, "% OF TOTAL.1": null, "% OF TOTAL.2": null}, "Total population: 75 - 79 years": {"Demographic": null, "2020": 62, "2024": 68, "2029": 66, "% OF TOTAL": 3.7, "% OF TOTAL.1": null, "% OF TOTAL.2": null}, "Total population: 80 - 84 years": {"Demographic": null, "2020": 25, "2024": 26, "2029": 38, "% OF TOTAL": 2.1, "% OF TOTAL.1": null, "% OF TOTAL.2": null}, "Total population: 85 years and over": {"Demographic": null, "2020": 28, "2024": 27, "2029": 27, "% OF TOTAL": 1.5, "% OF TOTAL.1": null, "% OF TOTAL.2": null}, "Female population: Median Age": {"Demographic": null, "2020": 40, "2024": 41, "2029": 42, "% OF TOTAL": null, "% OF TOTAL.1": null, "% OF TOTAL.2": null}, "Female population: Under 5 years": {"Demographic": null, "2020": 51, "2024": 47, "2029": 43, "% OF TOTAL": 4.9, "% OF TOTAL.1": null, "% OF TOTAL.2": null}, "Female population: 5 - 9 years": {"Demographic": null, "2020": 59, "2024": 55, "2029": 47, "% OF TOTAL": 5.4, "% OF TOTAL.1": null, "% OF TOTAL.2": null}, "Female population: 10 - 14 years": {"Demographic": null, "2020": 56, "2024": 50, "2029": 46, "% OF TOTAL": 5.3, "% OF TOTAL.1": null, "% OF TOTAL.2": null}, "Female population: 15 - 19 years": {"Demographic": null, "2020": 67, "2024": 64, "2029": 53, "% OF TOTAL": 6.1, "% OF TOTAL.1": null, "% OF TOTAL.2": null}, "Female population: 20 - 24 years": {"Demographic": null, "2020": 61, "2024": 58, "2029": 56, "% OF TOTAL": 6.4, "% OF TOTAL.1": null, "% OF TOTAL.2": null}, "Female population: 25 - 29 years": {"Demographic": null, "2020": 65, "2024": 58, "2029": 54, "% OF TOTAL": 6.2, "% OF TOTAL.1": null, "% OF TOTAL.2": null}, "Female population: 30 - 34 years": {"Demographic": null, "2020": 57, "2024": 53, "2029": 49, "% OF TOTAL": 5.6, "% OF TOTAL.1": null, "% OF TOTAL.2": null}, "Female population: 35 - 39 years": {"Demographic": null, "2020": 71, "2024": 68, "2029": 62, "% OF TOTAL": 7.1, "% OF TOTAL.1": null, "% OF TOTAL.2": null}, "Female population: 40 - 44 years": {"Demographic": null, "2020": 61, "2024": 60, "2029": 60, "% OF TOTAL": 6.8, "% OF TOTAL.1": null, "% OF TOTAL.2": null}, "Female population: 45 - 49 years": {"Demographic": null, "2020": 81, "2024": 73, "2029": 66, "% OF TOTAL": 7.5, "% OF TOTAL.1": null, "% OF TOTAL.2": null}, "Female population: 50 - 54 years": {"Demographic": null, "2020": 80, "2024": 73, "2029": 66, "% OF TOTAL": 7.5, "% OF TOTAL.1": null, "% OF TOTAL.2": null}, "Female population: 55 - 59 years": {"Demographic": null, "2020": 77, "2024": 65, "2029": 62, "% OF TOTAL": 7.1, "% OF TOTAL.1": null, "% OF TOTAL.2": null}, "Female population: 60 - 64 years": {"Demographic": null, "2020": 64, "2024": 62, "2029": 55, "% OF TOTAL": 6.3, "% OF TOTAL.1": null, "% OF TOTAL.2": null}, "Female population: 65 - 69 years": {"Demographic": null, "2020": 52, "2024": 53, "2029": 51, "% OF TOTAL": 5.8, "% OF TOTAL.1": null, "% OF TOTAL.2": null}, "Female population: 70 - 74 years": {"Demographic": null, "2020": 30, "2024": 29, "2029": 35, "% OF TOTAL": 4.0, "% OF TOTAL.1": null, "% OF TOTAL.2": null}, "Female population: 75 - 79 years": {"Demographic": null, "2020": 32, "2024": 34, "2029": 33, "% OF TOTAL": 3.8, "% OF TOTAL.1": null, "% OF TOTAL.2": null}, "Female population: 80 - 84 years": {"Demographic": null, "2020": 13, "2024": 14, "2029": 21, "% OF TOTAL": 2.4, "% OF TOTAL.1": null, "% OF TOTAL.2": null}, "Female population: 85 years and over": {"Demographic": null, "2020": 19, "2024": 18, "2029": 17, "% OF TOTAL": 1.9, "% OF TOTAL.1": null, "% OF TOTAL.2": null}, "Male population: Median Age": {"Demographic": null, "2020": 36, "2024": 36, "2029": 38, "% OF TOTAL": null, "% OF TOTAL.1": null, "% OF TOTAL.2": null}, "Male population: Under 5 years": {"Demographic": null, "2020": 75, "2024": 67, "2029": 58, "% OF TOTAL": 6.2, "% OF TOTAL.1": null, "% OF TOTAL.2": null}, "Male population: 5 - 9 years": {"Demographic": null, "2020": 62, "2024": 60, "2029": 57, "% OF TOTAL": 6.1, "% OF TOTAL.1": null, "% OF TOTAL.2": null}, "Male population: 10 - 14 years": {"Demographic": null, "2020": 62, "2024": 53, "2029": 49, "% OF TOTAL": 5.3, "% OF TOTAL.1": null, "% OF TOTAL.2": null}, "Male population: 15 - 19 years": {"Demographic": null, "2020": 96, "2024": 92, "2029": 72, "% OF TOTAL": 7.8, "% OF TOTAL.1": null, "% OF TOTAL.2": null}, "Male population: 20 - 24 years": {"Demographic": null, "2020": 66, "2024": 61, "2029": 62, "% OF TOTAL": 6.7, "% OF TOTAL.1": null, "% OF TOTAL.2": null}, "Male population: 25 - 29 years": {"Demographic": null, "2020": 72, "2024": 63, "2029": 56, "% OF TOTAL": 6.0, "% OF TOTAL.1": null, "% OF TOTAL.2": null}, "Male population: 30 - 34 years": {"Demographic": null, "2020": 82, "2024": 77, "2029": 64, "% OF TOTAL": 6.9, "% OF TOTAL.1": null, "% OF TOTAL.2": null}, "Male population: 35 - 39 years": {"Demographic": null, "2020": 67, "2024": 63, "2029": 67, "% OF TOTAL": 7.2, "% OF TOTAL.1": null, "% OF TOTAL.2": null}, "Male population: 40 - 44 years": {"Demographic": null, "2020": 66, "2024": 64, "2029": 62, "% OF TOTAL": 6.7, "% OF TOTAL.1": null, "% OF TOTAL.2": null}, "Male population: 45 - 49 years": {"Demographic": null, "2020": 61, "2024": 55, "2029": 58, "% OF TOTAL": 6.2, "% OF TOTAL.1": null, "% OF TOTAL.2": null}, "Male population: 50 - 54 years": {"Demographic": null, "2020": 64, "2024": 62, "2029": 54, "% OF TOTAL": 5.8, "% OF TOTAL.1": null, "% OF TOTAL.2": null}, "Male population: 55 - 59 years": {"Demographic": null, "2020": 79, "2024": 68, "2029": 60, "% OF TOTAL": 6.5, "% OF TOTAL.1": null, "% OF TOTAL.2": null}, "Male population: 60 - 64 years": {"Demographic": null, "2020": 74, "2024": 66, "2029": 58, "% OF TOTAL": 6.2, "% OF TOTAL.1": null, "% OF TOTAL.2": null}, "Male population: 65 - 69 years": {"Demographic": null, "2020": 54, "2024": 54, "2029": 54, "% OF TOTAL": 5.8, "% OF TOTAL.1": null, "% OF TOTAL.2": null}, "Male population: 70 - 74 years": {"Demographic": null, "2020": 31, "2024": 32, "2029": 38, "% OF TOTAL": 4.1, "% OF TOTAL.1": null, "% OF TOTAL.2": null}, "Male population: 75 - 79 years": {"Demographic": null, "2020": 30, "2024": 34, "2029": 33, "% OF TOTAL": 3.6, "% OF TOTAL.1": null, "% OF TOTAL.2": null}, "Male population: 80 - 84 years": {"Demographic": null, "2020": 12, "2024": 12, "2029": 17, "% OF TOTAL": 1.8, "% OF TOTAL.1": null, "% OF TOTAL.2": null}, "Male population: 85 years and over": {"Demographic": null, "2020": 9, "2024": 9, "2029": 10, "% OF TOTAL": 1.1, "% OF TOTAL.1": null, "% OF TOTAL.2": null}, "White alone": {"Demographic": null, "2020": 1073, "2024": 987, "2029": 920, "% OF TOTAL": 51.0, "% OF TOTAL.1": null, "% OF TOTAL.2": null}, "Black alone": {"Demographic": null, "2020": 737, "2024": 690, "2029": 652, "% OF TOTAL": 36.1, "% OF TOTAL.1": null, "% OF TOTAL.2": null}, "American Indian and Alaska Native alone": {"Demographic": null, "2020": 27, "2024": 26, "2029": 25, "% OF TOTAL": 1.4, "% OF TOTAL.1": null, "% OF TOTAL.2": null}, "Asian alone": {"Demographic": null, "2020": 69, "2024": 67, "2029": 63, "% OF TOTAL": 3.5, "% OF TOTAL.1": null, "% OF TOTAL.2": null}, "Native Hawaiian and OPI alone": {"Demographic": null, "2020": 0, "2024": 0, "2029": 0, "% OF TOTAL": 0.0, "% OF TOTAL.1": null, "% OF TOTAL.2": null}, "Some other race alone": {"Demographic": null, "2020": 35, "2024": 33, "2029": 30, "% OF TOTAL": 1.7, "% OF TOTAL.1": null, "% OF TOTAL.2": null}, "Two or more races alone": {"Demographic": null, "2020": 117, "2024": 123, "2029": 115, "% OF TOTAL": 6.4, "% OF TOTAL.1": null, "% OF TOTAL.2": null}, "Not Hispanic: White alone": {"Demographic": null, "2020": 1054, "2024": 967, "2029": 901, "% OF TOTAL": 49.9, "% OF TOTAL.1": null, "% OF TOTAL.2": null}, "Not Hispanic: Black or African American alone": {"Demographic": null, "2020": 736, "2024": 689, "2029": 651, "% OF TOTAL": 36.1, "% OF TOTAL.1": null, "% OF TOTAL.2": null}, "Not Hispanic: American Indian and Alaska Native alone": {"Demographic": null, "2020": 27, "2024": 26, "2029": 25, "% OF TOTAL": 1.4, "% OF TOTAL.1": null, "% OF TOTAL.2": null}, "Not Hispanic: Asian alone": {"Demographic": null, "2020": 69, "2024": 67, "2029": 63, "% OF TOTAL": 3.5, "% OF TOTAL.1": null, "% OF TOTAL.2": null}, "Not Hispanic: Native Hawaiian and OPI alone": {"Demographic": null, "2020": 0, "2024": 0, "2029": 0, "% OF TOTAL": 0.0, "% OF TOTAL.1": null, "% OF TOTAL.2": null}, "Not Hispanic: Some Other Race alone": {"Demographic": null, "2020": 10, "2024": 9, "2029": 8, "% OF TOTAL": 0.4, "% OF TOTAL.1": null, "% OF TOTAL.2": null}, "Not Hispanic: Two or More Races": {"Demographic": null, "2020": 99, "2024": 103, "2029": 96, "% OF TOTAL": 5.3, "% OF TOTAL.1": null, "% OF TOTAL.2": null}, "Hispanic: White alone": {"Demographic": null, "2020": 19, "2024": 20, "2029": 19, "% OF TOTAL": 1.1, "% OF TOTAL.1": null, "% OF TOTAL.2": null}, "Hispanic: Black or African American alone": {"Demographic": null, "2020": 1, "2024": 1, "2029": 1, "% OF TOTAL": 0.1, "% OF TOTAL.1": null, "% OF TOTAL.2": null}, "Hispanic: American Indian and Alaska Native alone": {"Demographic": null, "2020": 0, "2024": 0, "2029": 0, "% OF TOTAL": 0.0, "% OF TOTAL.1": null, "% OF TOTAL.2": null}, "Hispanic: Asian alone": {"Demographic": null, "2020": 0, "2024": 0, "2029": 0, "% OF TOTAL": 0.0, "% OF TOTAL.1": null, "% OF TOTAL.2": null}, "Hispanic: Native Hawaiian and OPI alone": {"Demographic": null, "2020": 0, "2024": 0, "2029": 0, "% OF TOTAL": 0.0, "% OF TOTAL.1": null, "% OF TOTAL.2": null}, "Hispanic: Some Other Race alone": {"Demographic": null, "2020": 25, "2024": 24, "2029": 22, "% OF TOTAL": 1.2, "% OF TOTAL.1": null, "% OF TOTAL.2": null}, "Hispanic: Two or More Races": {"Demographic": null, "2020": 18, "2024": 20, "2029": 19, "% OF TOTAL": 1.1, "% OF TOTAL.1": null, "% OF TOTAL.2": null}, "Educational Attainment: No High School Diploma": {"Demographic": null, "2020": 116, "2024": 109, "2029": null, "% OF TOTAL": null, "% OF TOTAL.1": null, "% OF TOTAL.2": null}, "Educational Attainment: High School Diploma": {"Demographic": null, "2020": 671, "2024": 631, "2029": null, "% OF TOTAL": null, "% OF TOTAL.1": null, "% OF TOTAL.2": null}, "Educational Attainment: Some College": {"Demographic": null, "2020": 189, "2024": 178, "2029": null, "% OF TOTAL": null, "% OF TOTAL.1": null, "% OF TOTAL.2": null}, "Educational Attainment: Associates Degree": {"Demographic": null, "2020": 139, "2024": 131, "2029": null, "% OF TOTAL": null, "% OF TOTAL.1": null, "% OF TOTAL.2": null}, "Educational Attainment: Bachelors Degree": {"Demographic": null, "2020": 212, "2024": 199, "2029": null, "% OF TOTAL": null, "% OF TOTAL.1": null, "% OF TOTAL.2": null}, "Educational Attainment: Advanced Degree": {"Demographic": null, "2020": 76, "2024": 71, "2029": null, "% OF TOTAL": null, "% OF TOTAL.1": null, "% OF TOTAL.2": null}, "Employment Status: Armed Forces": {"Demographic": null, "2020": 0, "2024": 0, "2029": null, "% OF TOTAL": null, "% OF TOTAL.1": null, "% OF TOTAL.2": null}, "Employment Status: Civilian labor force employed": {"Demographic": null, "2020": 715, "2024": 685, "2029": null, "% OF TOTAL": null, "% OF TOTAL.1": null, "% OF TOTAL.2": null}, "Employment Status: Civilian labor force unemployed": {"Demographic": null, "2020": 69, "2024": 66, "2029": null, "% OF TOTAL": null, "% OF TOTAL.1": null, "% OF TOTAL.2": null}, "Employment Status: Not in labor force": {"Demographic": null, "2020": 877, "2024": 839, "2029": null, "% OF TOTAL": null, "% OF TOTAL.1": null, "% OF TOTAL.2": null}, "Employed in Agriculture and Mining Industries": {"Demographic": null, "2020": 97, "2024": 93, "2029": null, "% OF TOTAL": null, "% OF TOTAL.1": null, "% OF TOTAL.2": null}, "Employed in Construction Industries": {"Demographic": null, "2020": 85, "2024": 81, "2029": null, "% OF TOTAL": null, "% OF TOTAL.1": null, "% OF TOTAL.2": null}, "Employed in Manufacturing Industries": {"Demographic": null, "2020": 92, "2024": 88, "2029": null, "% OF TOTAL": null, "% OF TOTAL.1": null, "% OF TOTAL.2": null}, "Employed in Wholesale Industries": {"Demographic": null, "2020": 73, "2024": 70, "2029": null, "% OF TOTAL": null, "% OF TOTAL.1": null, "% OF TOTAL.2": null}, "Employed in Retail Industries": {"Demographic": null, "2020": 0, "2024": 0, "2029": null, "% OF TOTAL": null, "% OF TOTAL.1": null, "% OF TOTAL.2": null}, "Employed in Transportation and Utilities Industries": {"Demographic": null, "2020": 51, "2024": 49, "2029": null, "% OF TOTAL": null, "% OF TOTAL.1": null, "% OF TOTAL.2": null}, "Employed in Information Industries": {"Demographic": null, "2020": 0, "2024": 0, "2029": null, "% OF TOTAL": null, "% OF TOTAL.1": null, "% OF TOTAL.2": null}, "Employed in Real-Estate Industries": {"Demographic": null, "2020": 19, "2024": 18, "2029": null, "% OF TOTAL": null, "% OF TOTAL.1": null, "% OF TOTAL.2": null}, "Employed in Professional Industries": {"Demographic": null, "2020": 21, "2024": 20, "2029": null, "% OF TOTAL": null, "% OF TOTAL.1": null, "% OF TOTAL.2": null}, "Employed in Health and Education Industries": {"Demographic": null, "2020": 108, "2024": 104, "2029": null, "% OF TOTAL": null, "% OF TOTAL.1": null, "% OF TOTAL.2": null}, "Employed in Art Industries": {"Demographic": null, "2020": 73, "2024": 70, "2029": null, "% OF TOTAL": null, "% OF TOTAL.1": null, "% OF TOTAL.2": null}, "Employed in Other Industries": {"Demographic": null, "2020": 83, "2024": 80, "2029": null, "% OF TOTAL": null, "% OF TOTAL.1": null, "% OF TOTAL.2": null}, "Employed in Public Administration Industries": {"Demographic": null, "2020": 13, "2024": 12, "2029": null, "% OF TOTAL": null, "% OF TOTAL.1": null, "% OF TOTAL.2": null}, "Occupation: Management": {"Demographic": null, "2020": 100, "2024": 96, "2029": null, "% OF TOTAL": null, "% OF TOTAL.1": null, "% OF TOTAL.2": null}, "Occupation: Business and financial operations": {"Demographic": null, "2020": 35, "2024": 34, "2029": null, "% OF TOTAL": null, "% OF TOTAL.1": null, "% OF TOTAL.2": null}, "Occupation: Computer and mathematical": {"Demographic": null, "2020": 0, "2024": 0, "2029": null, "% OF TOTAL": null, "% OF TOTAL.1": null, "% OF TOTAL.2": null}, "Occupation: Architecture and engineering": {"Demographic": null, "2020": 23, "2024": 22, "2029": null, "% OF TOTAL": null, "% OF TOTAL.1": null, "% OF TOTAL.2": null}, "Occupation: Life, physical, and social science": {"Demographic": null, "2020": 0, "2024": 0, "2029": null, "% OF TOTAL": null, "% OF TOTAL.1": null, "% OF TOTAL.2": null}, "Occupation: Community and social service": {"Demographic": null, "2020": 1, "2024": 1, "2029": null, "% OF TOTAL": null, "% OF TOTAL.1": null, "% OF TOTAL.2": null}, "Occupation: Legal": {"Demographic": null, "2020": 0, "2024": 0, "2029": null, "% OF TOTAL": null, "% OF TOTAL.1": null, "% OF TOTAL.2": null}, "Occupation: Education, training, and library": {"Demographic": null, "2020": 17, "2024": 16, "2029": null, "% OF TOTAL": null, "% OF TOTAL.1": null, "% OF TOTAL.2": null}, "Occupation: Arts, design, entertainment, sports, and media": {"Demographic": null, "2020": 0, "2024": 0, "2029": null, "% OF TOTAL": null, "% OF TOTAL.1": null, "% OF TOTAL.2": null}, "Occupation: Health diagnosing and treating practitioners": {"Demographic": null, "2020": 0, "2024": 0, "2029": null, "% OF TOTAL": null, "% OF TOTAL.1": null, "% OF TOTAL.2": null}, "Occupation: Health technologists and technicians": {"Demographic": null, "2020": 59, "2024": 57, "2029": null, "% OF TOTAL": null, "% OF TOTAL.1": null, "% OF TOTAL.2": null}, "Occupation: Healthcare support": {"Demographic": null, "2020": 0, "2024": 0, "2029": null, "% OF TOTAL": null, "% OF TOTAL.1": null, "% OF TOTAL.2": null}, "Occupation: Fire fighting and prevention": {"Demographic": null, "2020": 17, "2024": 16, "2029": null, "% OF TOTAL": null, "% OF TOTAL.1": null, "% OF TOTAL.2": null}, "Occupation: Law enforcement workers": {"Demographic": null, "2020": 0, "2024": 0, "2029": null, "% OF TOTAL": null, "% OF TOTAL.1": null, "% OF TOTAL.2": null}, "Occupation: Food preparation and serving related": {"Demographic": null, "2020": 22, "2024": 21, "2029": null, "% OF TOTAL": null, "% OF TOTAL.1": null, "% OF TOTAL.2": null}, "Occupation: Building and grounds cleaning and maintenance": {"Demographic": null, "2020": 0, "2024": 0, "2029": null, "% OF TOTAL": null, "% OF TOTAL.1": null, "% OF TOTAL.2": null}, "Occupation: Personal care and service": {"Demographic": null, "2020": 0, "2024": 0, "2029": null, "% OF TOTAL": null, "% OF TOTAL.1": null, "% OF TOTAL.2": null}, "Occupation: Sales and related": {"Demographic": null, "2020": 42, "2024": 40, "2029": null, "% OF TOTAL": null, "% OF TOTAL.1": null, "% OF TOTAL.2": null}, "Occupation: Office and administrative support": {"Demographic": null, "2020": 112, "2024": 107, "2029": null, "% OF TOTAL": null, "% OF TOTAL.1": null, "% OF TOTAL.2": null}, "Occupation: Farming, fishing, and forestry": {"Demographic": null, "2020": 0, "2024": 0, "2029": null, "% OF TOTAL": null, "% OF TOTAL.1": null, "% OF TOTAL.2": null}, "Occupation: Construction and extraction": {"Demographic": null, "2020": 81, "2024": 78, "2029": null, "% OF TOTAL": null, "% OF TOTAL.1": null, "% OF TOTAL.2": null}, "Occupation: Installation, maintenance, and repair": {"Demographic": null, "2020": 143, "2024": 137, "2029": null, "% OF TOTAL": null, "% OF TOTAL.1": null, "% OF TOTAL.2": null}, "Occupation: Production": {"Demographic": null, "2020": 23, "2024": 22, "2029": null, "% OF TOTAL": null, "% OF TOTAL.1": null, "% OF TOTAL.2": null}, "Occupation: Transportation": {"Demographic": null, "2020": 19, "2024": 18, "2029": null, "% OF TOTAL": null, "% OF TOTAL.1": null, "% OF TOTAL.2": null}, "Occupation: Material moving": {"Demographic": null, "2020": 21, "2024": 20, "2029": null, "% OF TOTAL": null, "% OF TOTAL.1": null, "% OF TOTAL.2": null}, "White collar": {"Demographic": null, "2020": 389, "2024": 373, "2029": null, "% OF TOTAL": null, "% OF TOTAL.1": null, "% OF TOTAL.2": null}, "Blue collar": {"Demographic": null, "2020": 326, "2024": 312, "2029": null, "% OF TOTAL": null, "% OF TOTAL.1": null, "% OF TOTAL.2": null}, "Means of transportation: Car, truck or van": {"Demographic": null, "2020": 643, "2024": 615, "2029": null, "% OF TOTAL": null, "% OF TOTAL.1": null, "% OF TOTAL.2": null}, "Means of transportation: Public transportation": {"Demographic": null, "2020": 0, "2024": 0, "2029": null, "% OF TOTAL": null, "% OF TOTAL.1": null, "% OF TOTAL.2": null}, "Means of transportation: Other": {"Demographic": null, "2020": 0, "2024": 0, "2029": null, "% OF TOTAL": null, "% OF TOTAL.1": null, "% OF TOTAL.2": null}, "Travel time: Average (in minutes)": {"Demographic": null, "2020": 29, "2024": 29, "2029": null, "% OF TOTAL": null, "% OF TOTAL.1": null, "% OF TOTAL.2": null}, "Travel time to work: Less than 30 minutes": {"Demographic": null, "2020": 393, "2024": 376, "2029": null, "% OF TOTAL": null, "% OF TOTAL.1": null, "% OF TOTAL.2": null}, "Travel time to work: 30 to 60 minutes": {"Demographic": null, "2020": 193, "2024": 184, "2029": null, "% OF TOTAL": null, "% OF TOTAL.1": null, "% OF TOTAL.2": null}, "Travel time to work: 60 or more minutes": {"Demographic": null, "2020": 57, "2024": 55, "2029": null, "% OF TOTAL": null, "% OF TOTAL.1": null, "% OF TOTAL.2": null}}, "demographic_snapshot": {"Total Population": {"Demographic": null, "2020": 2058, "2024": 1926, "2029": 1805, "% OF TOTAL": null, "% OF TOTAL.1": null, "% OF TOTAL.2": null}, "Households": {"Demographic": null, "2020": 821, "2024": 778, "2029": 741, "% OF TOTAL": null, "% OF TOTAL.1": null, "% OF TOTAL.2": null}, "Population in Group Quarters": {"Demographic": null, "2020": 0, "2024": 0, "2029": 0, "% OF TOTAL": null, "% OF TOTAL.1": null, "% OF TOTAL.2": null}, "Households Growth": {"Demographic": null, "2020": null, "2024": -5.2, "2029": -4.8, "% OF TOTAL": null, "% OF TOTAL.1": null, "% OF TOTAL.2": null}, "Household Income: Median": {"Demographic": null, "2020": 0, "2024": 66808, "2029": 68165, "% OF TOTAL": null, "% OF TOTAL.1": null, "% OF TOTAL.2": null}, "Home Value: Median": {"Demographic": null, "2020": 112898, "2024": 113003, "2029": null, "% OF TOTAL": null, "% OF TOTAL.1": null, "% OF TOTAL.2": null}, "Population Growth": {"Demographic": null, "2020": null, "2024": -6.4, "2029": -6.3, "% OF TOTAL": null, "% OF TOTAL.1": null, "% OF TOTAL.2": null}, "Total Population: Under 19 years": {"Demographic": null, "2020": 528, "2024": 488, "2029": 425, "% OF TOTAL": 23.5, "% OF TOTAL.1": null, "% OF TOTAL.2": null}, "Total Population: 20 - 64 years": {"Demographic": null, "2020": 1248, "2024": 1149, "2029": 1071, "% OF TOTAL": 59.3, "% OF TOTAL.1": null, "% OF TOTAL.2": null}, "Total Population: 65 years and over": {"Demographic": null, "2020": 282, "2024": 289, "2029": 309, "% OF TOTAL": 17.1, "% OF TOTAL.1": null, "% OF TOTAL.2": null}, "Total population: Median age": {"Demographic": null, "2020": 38, "2024": 39, "2029": 40, "% OF TOTAL": null, "% OF TOTAL.1": null, "% OF TOTAL.2": null}, "Total population: Under 5 years": {"Demographic": null, "2020": 126, "2024": 114, "2029": 101, "% OF TOTAL": 5.6, "% OF TOTAL.1": null, "% OF TOTAL.2": null}, "Total population: 5 - 9 years": {"Demographic": null, "2020": 121, "2024": 115, "2029": 104, "% OF TOTAL": 5.8, "% OF TOTAL.1": null, "% OF TOTAL.2": null}, "Total population: 10 - 14 years": {"Demographic": null, "2020": 118, "2024": 103, "2029": 95, "% OF TOTAL": 5.3, "% OF TOTAL.1": null, "% OF TOTAL.2": null}, "Total population: 15 - 19 years": {"Demographic": null, "2020": 163, "2024": 156, "2029": 125, "% OF TOTAL": 6.9, "% OF TOTAL.1": null, "% OF TOTAL.2": null}, "Total population: 20 - 24 years": {"Demographic": null, "2020": 127, "2024": 119, "2029": 118, "% OF TOTAL": 6.5, "% OF TOTAL.1": null, "% OF TOTAL.2": null}, "Total population: 25 - 29 years": {"Demographic": null, "2020": 137, "2024": 121, "2029": 110, "% OF TOTAL": 6.1, "% OF TOTAL.1": null, "% OF TOTAL.2": null}, "Total population: 30 - 34 years": {"Demographic": null, "2020": 139, "2024": 130, "2029": 113, "% OF TOTAL": 6.3, "% OF TOTAL.1": null, "% OF TOTAL.2": null}, "Total population: 35 - 39 years": {"Demographic": null, "2020": 138, "2024": 131, "2029": 129, "% OF TOTAL": 7.1, "% OF TOTAL.1": null, "% OF TOTAL.2": null}, "Total population: 40 - 44 years": {"Demographic": null, "2020": 127, "2024": 124, "2029": 122, "% OF TOTAL": 6.8, "% OF TOTAL.1": null, "% OF TOTAL.2": null}, "Total population: 45 - 49 years": {"Demographic": null, "2020": 142, "2024": 128, "2029": 124, "% OF TOTAL": 6.9, "% OF TOTAL.1": null, "% OF TOTAL.2": null}, "Total population: 50 - 54 years": {"Demographic": null, "2020": 144, "2024": 135, "2029": 120, "% OF TOTAL": 6.6, "% OF TOTAL.1": null, "% OF TOTAL.2": null}, "Total population: 55 - 59 years": {"Demographic": null, "2020": 156, "2024": 133, "2029": 122, "% OF TOTAL": 6.8, "% OF TOTAL.1": null, "% OF TOTAL.2": null}, "Total population: 60 - 64 years": {"Demographic": null, "2020": 138, "2024": 128, "2029": 113, "% OF TOTAL": 6.3, "% OF TOTAL.1": null, "% OF TOTAL.2": null}, "Total population: 65 - 69 years": {"Demographic": null, "2020": 106, "2024": 107, "2029": 105, "% OF TOTAL": 5.8, "% OF TOTAL.1": null, "% OF TOTAL.2": null}, "Total population: 70 - 74 years": {"Demographic": null, "2020": 61, "2024": 61, "2029": 73, "% OF TOTAL": 4.0, "% OF TOTAL.1": null, "% OF TOTAL.2": null}, "Total population: 75 - 79 years": {"Demographic": null, "2020": 62, "2024": 68, "2029": 66, "% OF TOTAL": 3.7, "% OF TOTAL.1": null, "% OF TOTAL.2": null}, "Total population: 80 - 84 years": {"Demographic": null, "2020": 25, "2024": 26, "2029": 38, "% OF TOTAL": 2.1, "% OF TOTAL.1": null, "% OF TOTAL.2": null}, "Total population: 85 years and over": {"Demographic": null, "2020": 28, "2024": 27, "2029": 27, "% OF TOTAL": 1.5, "% OF TOTAL.1": null, "% OF TOTAL.2": null}, "Householders Age 15-24": {"Demographic": null, "2020": 28, "2024": 27, "2029": 26, "% OF TOTAL": 3.5, "% OF TOTAL.1": null, "% OF TOTAL.2": null}, "Householders Age 25-34": {"Demographic": null, "2020": 124, "2024": 118, "2029": 105, "% OF TOTAL": 14.2, "% OF TOTAL.1": null, "% OF TOTAL.2": null}, "Householders Age 35-44": {"Demographic": null, "2020": 153, "2024": 145, "2029": 142, "% OF TOTAL": 19.2, "% OF TOTAL.1": null, "% OF TOTAL.2": null}, "Householders Age 45-54": {"Demographic": null, "2020": 165, "2024": 157, "2029": 145, "% OF TOTAL": 19.6, "% OF TOTAL.1": null, "% OF TOTAL.2": null}, "Householders Age 55-64": {"Demographic": null, "2020": 150, "2024": 142, "2029": 126, "% OF TOTAL": 17.0, "% OF TOTAL.1": null, "% OF TOTAL.2": null}, "Householders Age 65-74": {"Demographic": null, "2020": 113, "2024": 106, "2029": 111, "% OF TOTAL": 15.0, "% OF TOTAL.1": null, "% OF TOTAL.2": null}, "Householders Age 75+": {"Demographic": null, "2020": 88, "2024": 83, "2029": 86, "% OF TOTAL": 11.6, "% OF TOTAL.1": null, "% OF TOTAL.2": null}, "Household income: Average": {"Demographic": null, "2020": 63605, "2024": 67960, "2029": 73310, "% OF TOTAL": null, "% OF TOTAL.1": null, "% OF TOTAL.2": null}, "Household income: Less than 25k": {"Demographic": null, "2020": 166, "2024": 104, "2029": 69, "% OF TOTAL": 9.3, "% OF TOTAL.1": null, "% OF TOTAL.2": null}, "Household income: 25k - 50k": {"Demographic": null, "2020": 59, "2024": 57, "2029": 53, "% OF TOTAL": 7.2, "% OF TOTAL.1": null, "% OF TOTAL.2": null}, "Household income: 50k - 75k": {"Demographic": null, "2020": 436, "2024": 441, "2029": 418, "% OF TOTAL": 56.4, "% OF TOTAL.1": null, "% OF TOTAL.2": null}, "Household income: 75k - 100k": {"Demographic": null, "2020": 75, "2024": 82, "2029": 85, "% OF TOTAL": 11.5, "% OF TOTAL.1": null, "% OF TOTAL.2": null}, "Household income: 100k - 125k": {"Demographic": null, "2020": 21, "2024": 33, "2029": 27, "% OF TOTAL": 3.6, "% OF TOTAL.1": null, "% OF TOTAL.2": null}, "Household income: 125k - 150k": {"Demographic": null, "2020": 51, "2024": 45, "2029": 68, "% OF TOTAL": 9.2, "% OF TOTAL.1": null, "% OF TOTAL.2": null}, "Household income: 150k - 200k": {"Demographic": null, "2020": 13, "2024": 16, "2029": 21, "% OF TOTAL": 2.8, "% OF TOTAL.1": null, "% OF TOTAL.2": null}, "Household income: Above 200k": {"Demographic": null, "2020": 0, "2024": 0, "2029": 0, "% OF TOTAL": 0.0, "% OF TOTAL.1": null, "% OF TOTAL.2": null}, "White Alone": {"Demographic": null, "2020": 1073, "2024": 987, "2029": 920, "% OF TOTAL": 51.0, "% OF TOTAL.1": null, "% OF TOTAL.2": null}, "Black or African American Alone": {"Demographic": null, "2020": 737, "2024": 690, "2029": 652, "% OF TOTAL": 36.1, "% OF TOTAL.1": null, "% OF TOTAL.2": null}, "American Indian and Alaska Native Alone": {"Demographic": null, "2020": 27, "2024": 26, "2029": 25, "% OF TOTAL": 1.4, "% OF TOTAL.1": null, "% OF TOTAL.2": null}, "Asian Alone": {"Demographic": null, "2020": 69, "2024": 67, "2029": 63, "% OF TOTAL": 3.5, "% OF TOTAL.1": null, "% OF TOTAL.2": null}, "Native Hawaiian and OPI Alone": {"Demographic": null, "2020": 0, "2024": 0, "2029": 0, "% OF TOTAL": 0.0, "% OF TOTAL.1": null, "% OF TOTAL.2": null}, "Some Other Race Alone": {"Demographic": null, "2020": 35, "2024": 33, "2029": 30, "% OF TOTAL": 1.7, "% OF TOTAL.1": null, "% OF TOTAL.2": null}, "Two or More Races Alone": {"Demographic": null, "2020": 117, "2024": 123, "2029": 115, "% OF TOTAL": 6.4, "% OF TOTAL.1": null, "% OF TOTAL.2": null}, "Not Hispanic or Latino": {"Demographic": null, "2020": 1995, "2024": 1861, "2029": 1744, "% OF TOTAL": 96.6, "% OF TOTAL.1": null, "% OF TOTAL.2": null}, "Hispanic or Latino": {"Demographic": null, "2020": 63, "2024": 65, "2029": 61, "% OF TOTAL": 3.4, "% OF TOTAL.1": null, "% OF TOTAL.2": null}, "Total Housing Units": {"Demographic": null, "2020": 951, "2024": null, "2029": null, "% OF TOTAL": null, "% OF TOTAL.1": null, "% OF TOTAL.2": null}, "Owner Occupied Housing Units": {"Demographic": null, "2020": 512, "2024": 485, "2029": null, "% OF TOTAL": null, "% OF TOTAL.1": null, "% OF TOTAL.2": null}, "Renter Occupied Housing Units": {"Demographic": null, "2020": 309, "2024": 293, "2029": null, "% OF TOTAL": null, "% OF TOTAL.1": null, "% OF TOTAL.2": null}, "Housing Units Value Less Than 100k": {"Demographic": null, "2020": 175, "2024": 165, "2029": null, "% OF TOTAL": null, "% OF TOTAL.1": null, "% OF TOTAL.2": null}, "Housing Units Value 100k - 200k": {"Demographic": null, "2020": 310, "2024": 294, "2029": null, "% OF TOTAL": null, "% OF TOTAL.1": null, "% OF TOTAL.2": null}, "Housing Units Value 200k - 250k": {"Demographic": null, "2020": 0, "2024": 0, "2029": null, "% OF TOTAL": null, "% OF TOTAL.1": null, "% OF TOTAL.2": null}, "Housing Units Value 250k - 300k": {"Demographic": null, "2020": 27, "2024": 26, "2029": null, "% OF TOTAL": null, "% OF TOTAL.1": null, "% OF TOTAL.2": null}, "Housing Units Value 300k - 400k": {"Demographic": null, "2020": 0, "2024": 0, "2029": null, "% OF TOTAL": null, "% OF TOTAL.1": null, "% OF TOTAL.2": null}, "Housing Units Value 400k - 500k": {"Demographic": null, "2020": 0, "2024": 0, "2029": null, "% OF TOTAL": null, "% OF TOTAL.1": null, "% OF TOTAL.2": null}, "Housing Units Value 500k - 750k": {"Demographic": null, "2020": 0, "2024": 0, "2029": null, "% OF TOTAL": null, "% OF TOTAL.1": null, "% OF TOTAL.2": null}, "Housing Units Value 750k - 1m": {"Demographic": null, "2020": 0, "2024": 0, "2029": null, "% OF TOTAL": null, "% OF TOTAL.1": null, "% OF TOTAL.2": null}, "Housing Units Value 1m - 1.5m": {"Demographic": null, "2020": 0, "2024": 0, "2029": null, "% OF TOTAL": null, "% OF TOTAL.1": null, "% OF TOTAL.2": null}, "Housing Units Value 1.5m - 2m": {"Demographic": null, "2020": 0, "2024": 0, "2029": null, "% OF TOTAL": null, "% OF TOTAL.1": null, "% OF TOTAL.2": null}, "Housing Units Value >2m": {"Demographic": null, "2020": 0, "2024": 0, "2029": null, "% OF TOTAL": null, "% OF TOTAL.1": null, "% OF TOTAL.2": null}, "Take Car or Truck to Work": {"Demographic": null, "2020": 643, "2024": 615, "2029": null, "% OF TOTAL": null, "% OF TOTAL.1": null, "% OF TOTAL.2": null}, "Take Public Transportation to Work": {"Demographic": null, "2020": 0, "2024": 0, "2029": null, "% OF TOTAL": null, "% OF TOTAL.1": null, "% OF TOTAL.2": null}, "Take Other Means of Transportation to Work": {"Demographic": null, "2020": 0, "2024": 0, "2029": null, "% OF TOTAL": null, "% OF TOTAL.1": null, "% OF TOTAL.2": null}, "Average Travel Time (min)": {"Demographic": null, "2020": 30, "2024": 30, "2029": null, "% OF TOTAL": null, "% OF TOTAL.1": null, "% OF TOTAL.2": null}, "Travel Below 30 Min to Work": {"Demographic": null, "2020": 393, "2024": 376, "2029": null, "% OF TOTAL": null, "% OF TOTAL.1": null, "% OF TOTAL.2": null}, "Travel 30-60 Min to Work": {"Demographic": null, "2020": 193, "2024": 184, "2029": null, "% OF TOTAL": null, "% OF TOTAL.1": null, "% OF TOTAL.2": null}, "Travel Above 60 Min to Work": {"Demographic": null, "2020": 86, "2024": 55, "2029": null, "% OF TOTAL": null, "% OF TOTAL.1": null, "% OF TOTAL.2": null}, "Educational Attainment: No High School Diploma": {"Demographic": null, "2020": 787, "2024": 740, "2029": null, "% OF TOTAL": null, "% OF TOTAL.1": null, "% OF TOTAL.2": null}, "Educational Attainment: High School Diploma": {"Demographic": null, "2020": 671, "2024": 631, "2029": null, "% OF TOTAL": null, "% OF TOTAL.1": null, "% OF TOTAL.2": null}, "Educational Attainment: Some College": {"Demographic": null, "2020": 540, "2024": 508, "2029": null, "% OF TOTAL": null, "% OF TOTAL.1": null, "% OF TOTAL.2": null}, "Educational Attainment: Associate's Degree": {"Demographic": null, "2020": 139, "2024": 131, "2029": null, "% OF TOTAL": null, "% OF TOTAL.1": null, "% OF TOTAL.2": null}, "Educational Attainment: Bachelors Degree": {"Demographic": null, "2020": 212, "2024": 199, "2029": null, "% OF TOTAL": null, "% OF TOTAL.1": null, "% OF TOTAL.2": null}, "Educational Attainment: Advanced Degree": {"Demographic": null, "2020": 76, "2024": 71, "2029": null, "% OF TOTAL": null, "% OF TOTAL.1": null, "% OF TOTAL.2": null}, "Households: Number of vehicles available - Average": {"Demographic": null, "2020": 2, "2024": 2, "2029": null, "% OF TOTAL": null, "% OF TOTAL.1": null, "% OF TOTAL.2": null}, "Households: No Vehicle available": {"Demographic": null, "2020": 74, "2024": 70, "2029": null, "% OF TOTAL": null, "% OF TOTAL.1": null, "% OF TOTAL.2": null}, "Households: 1 Vehicle available": {"Demographic": null, "2020": 162, "2024": 153, "2029": null, "% OF TOTAL": null, "% OF TOTAL.1": null, "% OF TOTAL.2": null}, "Households: 2 Vehicles available": {"Demographic": null, "2020": 244, "2024": 231, "2029": null, "% OF TOTAL": null, "% OF TOTAL.1": null, "% OF TOTAL.2": null}, "Households: 3 Vehicles available": {"Demographic": null, "2020": 213, "2024": 202, "2029": null, "% OF TOTAL": null, "% OF TOTAL.1": null, "% OF TOTAL.2": null}, "Households: 4 or more Vehicles available": {"Demographic": null, "2020": 128, "2024": 122, "2029": null, "% OF TOTAL": null, "% OF TOTAL.1": null, "% OF TOTAL.2": null}}, "household_trends": {"Households": {"Demographic": null, "2020": 821, "2024": 778, "2029": 741, "% OF TOTAL": null, "% OF TOTAL.1": null, "% OF TOTAL.2": null}, "Households Growth": {"Demographic": null, "2020": null, "2024": -5.2, "2029": -4.8, "% OF TOTAL": null, "% OF TOTAL.1": null, "% OF TOTAL.2": null}, "Householder Age 15-24": {"Demographic": null, "2020": 28, "2024": 27, "2029": 26, "% OF TOTAL": 3.5, "% OF TOTAL.1": null, "% OF TOTAL.2": null}, "Householder Age 25-34": {"Demographic": null, "2020": 124, "2024": 118, "2029": 105, "% OF TOTAL": 14.2, "% OF TOTAL.1": null, "% OF TOTAL.2": null}, "Householder Age 35-44": {"Demographic": null, "2020": 153, "2024": 145, "2029": 142, "% OF TOTAL": 19.2, "% OF TOTAL.1": null, "% OF TOTAL.2": null}, "Householder Age 45-54": {"Demographic": null, "2020": 165, "2024": 157, "2029": 145, "% OF TOTAL": 19.6, "% OF TOTAL.1": null, "% OF TOTAL.2": null}, "Householder Age 55-64": {"Demographic": null, "2020": 150, "2024": 142, "2029": 126, "% OF TOTAL": 17.0, "% OF TOTAL.1": null, "% OF TOTAL.2": null}, "Householder Age 65-74": {"Demographic": null, "2020": 113, "2024": 106, "2029": 111, "% OF TOTAL": 15.0, "% OF TOTAL.1": null, "% OF TOTAL.2": null}, "Householder Age 75+": {"Demographic": null, "2020": 88, "2024": 83, "2029": 86, "% OF TOTAL": 11.6, "% OF TOTAL.1": null, "% OF TOTAL.2": null}, "Average Household Size": {"Demographic": null, "2020": 2.5, "2024": 2.5, "2029": 2.4, "% OF TOTAL": null, "% OF TOTAL.1": null, "% OF TOTAL.2": null}, "1 Person Households": {"Demographic": null, "2020": 240, "2024": 225, "2029": 219, "% OF TOTAL": 29.6, "% OF TOTAL.1": null, "% OF TOTAL.2": null}, "2 Person Households": {"Demographic": null, "2020": 266, "2024": 249, "2029": 243, "% OF TOTAL": 32.8, "% OF TOTAL.1": null, "% OF TOTAL.2": null}, "3 Person Households": {"Demographic": null, "2020": 137, "2024": 129, "2029": 126, "% OF TOTAL": 17.0, "% OF TOTAL.1": null, "% OF TOTAL.2": null}, "4 Person Households": {"Demographic": null, "2020": 99, "2024": 97, "2029": 84, "% OF TOTAL": 11.3, "% OF TOTAL.1": null, "% OF TOTAL.2": null}, "5 Person Households": {"Demographic": null, "2020": 49, "2024": 49, "2029": 43, "% OF TOTAL": 5.8, "% OF TOTAL.1": null, "% OF TOTAL.2": null}, "6 Person Households": {"Demographic": null, "2020": 19, "2024": 18, "2029": 16, "% OF TOTAL": 2.2, "% OF TOTAL.1": null, "% OF TOTAL.2": null}, "7+ Person Households": {"Demographic": null, "2020": 11, "2024": 11, "2029": 10, "% OF TOTAL": 1.3, "% OF TOTAL.1": null, "% OF TOTAL.2": null}, "Household Type: Family": {"Demographic": null, "2020": 525, "2024": 498, "2029": null, "% OF TOTAL": null, "% OF TOTAL.1": null, "% OF TOTAL.2": null}, "Household Type: Married Family": {"Demographic": null, "2020": 243, "2024": 230, "2029": null, "% OF TOTAL": null, "% OF TOTAL.1": null, "% OF TOTAL.2": null}, "Household Type: Married Family With Children": {"Demographic": null, "2020": 66, "2024": 62, "2029": null, "% OF TOTAL": null, "% OF TOTAL.1": null, "% OF TOTAL.2": null}, "Household Type: Married Family Without Children": {"Demographic": null, "2020": 177, "2024": 168, "2029": null, "% OF TOTAL": null, "% OF TOTAL.1": null, "% OF TOTAL.2": null}, "Household Type: Other Family": {"Demographic": null, "2020": 282, "2024": 268, "2029": null, "% OF TOTAL": null, "% OF TOTAL.1": null, "% OF TOTAL.2": null}, "Household Type: Male Households, No Wife": {"Demographic": null, "2020": 56, "2024": 54, "2029": null, "% OF TOTAL": null, "% OF TOTAL.1": null, "% OF TOTAL.2": null}, "Household Type: Male Households, No Wife With Children": {"Demographic": null, "2020": 21, "2024": 21, "2029": null, "% OF TOTAL": null, "% OF TOTAL.1": null, "% OF TOTAL.2": null}, "Household Type: Male Households, No Wife Without Children": {"Demographic": null, "2020": 35, "2024": 33, "2029": null, "% OF TOTAL": null, "% OF TOTAL.1": null, "% OF TOTAL.2": null}, "Household Type: Female Households, No Husband": {"Demographic": null, "2020": 226, "2024": 214, "2029": null, "% OF TOTAL": null, "% OF TOTAL.1": null, "% OF TOTAL.2": null}, "Household Type: Female Households, No Husband With Children": {"Demographic": null, "2020": 116, "2024": 110, "2029": null, "% OF TOTAL": null, "% OF TOTAL.1": null, "% OF TOTAL.2": null}, "Household Type: Female Households, No Husband Without Children": {"Demographic": null, "2020": 110, "2024": 104, "2029": null, "% OF TOTAL": null, "% OF TOTAL.1": null, "% OF TOTAL.2": null}, "Household Income: Average": {"Demographic": null, "2020": 63605, "2024": 67960, "2029": 73310, "% OF TOTAL": null, "% OF TOTAL.1": null, "% OF TOTAL.2": null}, "Household Income: Median": {"Demographic": null, "2020": 0, "2024": 66808, "2029": 68165, "% OF TOTAL": null, "% OF TOTAL.1": null, "% OF TOTAL.2": null}, "Household Income: Less than $25k": {"Demographic": null, "2020": 166, "2024": 104, "2029": 69, "% OF TOTAL": 9.3, "% OF TOTAL.1": null, "% OF TOTAL.2": null}, "Household Income: $25k - $50k": {"Demographic": null, "2020": 59, "2024": 57, "2029": 53, "% OF TOTAL": 7.2, "% OF TOTAL.1": null, "% OF TOTAL.2": null}, "Household Income: $50k - $75k": {"Demographic": null, "2020": 436, "2024": 441, "2029": 418, "% OF TOTAL": 56.4, "% OF TOTAL.1": null, "% OF TOTAL.2": null}, "Household Income: $75k - $100k": {"Demographic": null, "2020": 75, "2024": 82, "2029": 85, "% OF TOTAL": 11.5, "% OF TOTAL.1": null, "% OF TOTAL.2": null}, "Household Income: $100k - $125k": {"Demographic": null, "2020": 21, "2024": 33, "2029": 27, "% OF TOTAL": 3.6, "% OF TOTAL.1": null, "% OF TOTAL.2": null}, "Household Income: $125k - $150k": {"Demographic": null, "2020": 51, "2024": 45, "2029": 68, "% OF TOTAL": 9.2, "% OF TOTAL.1": null, "% OF TOTAL.2": null}, "Household Income: $150k - $200k": {"Demographic": null, "2020": 13, "2024": 16, "2029": 21, "% OF TOTAL": 2.8, "% OF TOTAL.1": null, "% OF TOTAL.2": null}, "Household Income: Above $200k": {"Demographic": null, "2020": 0, "2024": 0, "2029": 0, "% OF TOTAL": 0.0, "% OF TOTAL.1": null, "% OF TOTAL.2": null}, "Total Housing Units": {"Demographic": null, "2020": 951, "2024": null, "2029": null, "% OF TOTAL": null, "% OF TOTAL.1": null, "% OF TOTAL.2": null}, "Owner Occupied Housing Units": {"Demographic": null, "2020": 512, "2024": 485, "2029": null, "% OF TOTAL": null, "% OF TOTAL.1": null, "% OF TOTAL.2": null}, "Renter Occupied Housing Units": {"Demographic": null, "2020": 309, "2024": 293, "2029": null, "% OF TOTAL": null, "% OF TOTAL.1": null, "% OF TOTAL.2": null}, "Vacant Housing Units": {"Demographic": null, "2020": 130, "2024": null, "2029": null, "% OF TOTAL": null, "% OF TOTAL.1": null, "% OF TOTAL.2": null}, "Vacant Housing Units: Seasonal": {"Demographic": null, "2020": 2, "2024": null, "2029": null, "% OF TOTAL": null, "% OF TOTAL.1": null, "% OF TOTAL.2": null}, "Vacant Housing Units: Other Usage": {"Demographic": null, "2020": 128, "2024": null, "2029": null, "% OF TOTAL": null, "% OF TOTAL.1": null, "% OF TOTAL.2": null}, "Average Housing Unit Value": {"Demographic": null, "2020": 115552, "2024": 115820, "2029": null, "% OF TOTAL": null, "% OF TOTAL.1": null, "% OF TOTAL.2": null}, "Median Housing Unit Value": {"Demographic": null, "2020": 112898, "2024": 113003, "2029": null, "% OF TOTAL": null, "% OF TOTAL.1": null, "% OF TOTAL.2": null}, "Housing Unit Value Less Than $100k": {"Demographic": null, "2020": 175, "2024": 165, "2029": null, "% OF TOTAL": null, "% OF TOTAL.1": null, "% OF TOTAL.2": null}, "Housing Unit Value $100k-$200k": {"Demographic": null, "2020": 310, "2024": 294, "2029": null, "% OF TOTAL": null, "% OF TOTAL.1": null, "% OF TOTAL.2": null}, "Housing Unit Value $200k-$250k": {"Demographic": null, "2020": 0, "2024": 0, "2029": null, "% OF TOTAL": null, "% OF TOTAL.1": null, "% OF TOTAL.2": null}, "Housing Unit Value $250k-$300k": {"Demographic": null, "2020": 27, "2024": 26, "2029": null, "% OF TOTAL": null, "% OF TOTAL.1": null, "% OF TOTAL.2": null}, "Housing Unit Value $300k-$400k": {"Demographic": null, "2020": 0, "2024": 0, "2029": null, "% OF TOTAL": null, "% OF TOTAL.1": null, "% OF TOTAL.2": null}, "Housing Unit Value $400k-$500k": {"Demographic": null, "2020": 0, "2024": 0, "2029": null, "% OF TOTAL": null, "% OF TOTAL.1": null, "% OF TOTAL.2": null}, "Housing Unit Value $500k-$750k": {"Demographic": null, "2020": 0, "2024": 0, "2029": null, "% OF TOTAL": null, "% OF TOTAL.1": null, "% OF TOTAL.2": null}, "Housing Unit Value $750k-$1m": {"Demographic": null, "2020": 0, "2024": 0, "2029": null, "% OF TOTAL": null, "% OF TOTAL.1": null, "% OF TOTAL.2": null}, "Housing Unit Value $1m-$1.5m": {"Demographic": null, "2020": 0, "2024": 0, "2029": null, "% OF TOTAL": null, "% OF TOTAL.1": null, "% OF TOTAL.2": null}, "Housing Unit Value $1.5m-$2m": {"Demographic": null, "2020": 0, "2024": 0, "2029": null, "% OF TOTAL": null, "% OF TOTAL.1": null, "% OF TOTAL.2": null}, "Housing Unit Value Above $2m": {"Demographic": null, "2020": 0, "2024": 0, "2029": null, "% OF TOTAL": null, "% OF TOTAL.1": null, "% OF TOTAL.2": null}, "Median Housing Unit Year Built": {"Demographic": null, "2020": 1982, "2024": 1982, "2029": null, "% OF TOTAL": null, "% OF TOTAL.1": null, "% OF TOTAL.2": null}, "Housing Units Built 2014 Or After": {"Demographic": null, "2020": 0, "2024": 0, "2029": null, "% OF TOTAL": null, "% OF TOTAL.1": null, "% OF TOTAL.2": null}, "Housing Units Built 2010-2013": {"Demographic": null, "2020": 95, "2024": 90, "2029": null, "% OF TOTAL": null, "% OF TOTAL.1": null, "% OF TOTAL.2": null}, "Housing Units Built 2000-2009": {"Demographic": null, "2020": 47, "2024": 44, "2029": null, "% OF TOTAL": null, "% OF TOTAL.1": null, "% OF TOTAL.2": null}, "Housing Units Built 1990-1999": {"Demographic": null, "2020": 143, "2024": 135, "2029": null, "% OF TOTAL": null, "% OF TOTAL.1": null, "% OF TOTAL.2": null}, "Housing Units Built 1980-1989": {"Demographic": null, "2020": 155, "2024": 147, "2029": null, "% OF TOTAL": null, "% OF TOTAL.1": null, "% OF TOTAL.2": null}, "Housing Units Built 1970-1979": {"Demographic": null, "2020": 177, "2024": 168, "2029": null, "% OF TOTAL": null, "% OF TOTAL.1": null, "% OF TOTAL.2": null}, "Housing Units Built 1960-1969": {"Demographic": null, "2020": 42, "2024": 40, "2029": null, "% OF TOTAL": null, "% OF TOTAL.1": null, "% OF TOTAL.2": null}, "Housing Units Built 1950-1959": {"Demographic": null, "2020": 162, "2024": 154, "2029": null, "% OF TOTAL": null, "% OF TOTAL.1": null, "% OF TOTAL.2": null}, "Housing Units Built 1940-1949": {"Demographic": null, "2020": 0, "2024": 0, "2029": null, "% OF TOTAL": null, "% OF TOTAL.1": null, "% OF TOTAL.2": null}, "Housing Units Built Before 1940": {"Demographic": null, "2020": 0, "2024": 0, "2029": null, "% OF TOTAL": null, "% OF TOTAL.1": null, "% OF TOTAL.2": null}}}, "geometry": {"type": "Polygon", "coordinates": [[[-88.197465, 30.500409], [-88.197821, 30.529448], [-88.164276, 30.529752], [-88.16393, 30.500713], [-88.197465, 30.500409]]]}}, {"type": "Feature", "properties": {"block": "008", "block_num": 8, "CentroidLon": -88.14733302172357, "CentroidLat": 30.515380723009766, "data_status": "usable", "is_anomalous": false, "anomaly_reason": null, "files_present": "DemographicSnapshot-26.08.06.csv;PopulationTrends-26.08.06.csv;HouseholdTrends-26.08.06.csv;HouseholdIncomeByAge-26.08.06.csv;ConsumerSegmentation-26.08.06.csv", "population_2024": 1060, "population_2029": 997, "households_2024": 425, "households_2029": 406, "median_household_income_2024": 82649, "median_household_income_2029": 107500, "mean_household_income_2024": null, "mean_household_income_2029": null, "median_age_2024": 38, "median_age_2029": 39, "median_home_value_2024": 128182, "average_household_size_2024": 2.5, "average_household_size_2029": 2.5, "population_growth_2024_2029": -7.1, "households_growth_2024_2029": -6.0, "consumer_segments": {"Entry Level Suburban": {"households": 92, "pct": 19.7}, "Renters": {"households": 84, "pct": 18.0}, "Entry Level Urban": {"households": 63, "pct": 13.5}, "Renters Near Term Buyers": {"households": 58, "pct": 12.4}, "Active Adult Feature and Location": {"households": 41, "pct": 8.8}, "Active Adult Entry Level": {"households": 33, "pct": 7.1}, "Elite": {"households": 22, "pct": 4.7}, "Feature and Location": {"households": 20, "pct": 4.3}, "Active Adult Elite": {"households": 16, "pct": 3.4}, "Family Life Young Children": {"households": 14, "pct": 3.0}, "Simple Life Affluent No Children": {"households": 10, "pct": 2.1}, "Simple Life Moderate Income With Children": {"households": 7, "pct": 1.5}, "Family Life School Age Children": {"households": 5, "pct": 1.1}, "Simple Life Moderate Income No Children": {"households": 2, "pct": 0.4}}, "income_age": {"2020": {}, "2024": {}, "2029": {}}, "population_trends": {"Total Population": {"Demographic": null, "2020": 1141, "2024": 1060, "2029": 997, "% OF TOTAL": null, "% OF TOTAL.1": null, "% OF TOTAL.2": null}, "Population Growth": {"Demographic": null, "2020": null, "2024": -7.1, "2029": -5.9, "% OF TOTAL": null, "% OF TOTAL.1": null, "% OF TOTAL.2": null}, "Female Population": {"Demographic": null, "2020": 636, "2024": 592, "2029": 557, "% OF TOTAL": 55.9, "% OF TOTAL.1": null, "% OF TOTAL.2": null}, "Male Population": {"Demographic": null, "2020": 505, "2024": 468, "2029": 440, "% OF TOTAL": 44.1, "% OF TOTAL.1": null, "% OF TOTAL.2": null}, "Total population: Median Age": {"Demographic": null, "2020": 37, "2024": 38, "2029": 39, "% OF TOTAL": null, "% OF TOTAL.1": null, "% OF TOTAL.2": null}, "Total population: Under 5 years": {"Demographic": null, "2020": 132, "2024": 118, "2029": 93, "% OF TOTAL": 9.3, "% OF TOTAL.1": null, "% OF TOTAL.2": null}, "Total population: 5 - 9 years": {"Demographic": null, "2020": 77, "2024": 71, "2029": 75, "% OF TOTAL": 7.5, "% OF TOTAL.1": null, "% OF TOTAL.2": null}, "Total population: 10 - 14 years": {"Demographic": null, "2020": 56, "2024": 49, "2029": 50, "% OF TOTAL": 5.0, "% OF TOTAL.1": null, "% OF TOTAL.2": null}, "Total population: 15 - 19 years": {"Demographic": null, "2020": 50, "2024": 47, "2029": 42, "% OF TOTAL": 4.2, "% OF TOTAL.1": null, "% OF TOTAL.2": null}, "Total population: 20 - 24 years": {"Demographic": null, "2020": 99, "2024": 89, "2029": 68, "% OF TOTAL": 6.8, "% OF TOTAL.1": null, "% OF TOTAL.2": null}, "Total population: 25 - 29 years": {"Demographic": null, "2020": 68, "2024": 58, "2029": 63, "% OF TOTAL": 6.3, "% OF TOTAL.1": null, "% OF TOTAL.2": null}, "Total population: 30 - 34 years": {"Demographic": null, "2020": 65, "2024": 64, "2029": 54, "% OF TOTAL": 5.4, "% OF TOTAL.1": null, "% OF TOTAL.2": null}, "Total population: 35 - 39 years": {"Demographic": null, "2020": 54, "2024": 52, "2029": 55, "% OF TOTAL": 5.5, "% OF TOTAL.1": null, "% OF TOTAL.2": null}, "Total population: 40 - 44 years": {"Demographic": null, "2020": 42, "2024": 40, "2029": 41, "% OF TOTAL": 4.1, "% OF TOTAL.1": null, "% OF TOTAL.2": null}, "Total population: 45 - 49 years": {"Demographic": null, "2020": 51, "2024": 49, "2029": 46, "% OF TOTAL": 4.6, "% OF TOTAL.1": null, "% OF TOTAL.2": null}, "Total population: 50 - 54 years": {"Demographic": null, "2020": 99, "2024": 87, "2029": 67, "% OF TOTAL": 6.7, "% OF TOTAL.1": null, "% OF TOTAL.2": null}, "Total population: 55 - 59 years": {"Demographic": null, "2020": 82, "2024": 70, "2029": 72, "% OF TOTAL": 7.2, "% OF TOTAL.1": null, "% OF TOTAL.2": null}, "Total population: 60 - 64 years": {"Demographic": null, "2020": 76, "2024": 70, "2029": 63, "% OF TOTAL": 6.3, "% OF TOTAL.1": null, "% OF TOTAL.2": null}, "Total population: 65 - 69 years": {"Demographic": null, "2020": 70, "2024": 72, "2029": 68, "% OF TOTAL": 6.8, "% OF TOTAL.1": null, "% OF TOTAL.2": null}, "Total population: 70 - 74 years": {"Demographic": null, "2020": 60, "2024": 63, "2029": 64, "% OF TOTAL": 6.4, "% OF TOTAL.1": null, "% OF TOTAL.2": null}, "Total population: 75 - 79 years": {"Demographic": null, "2020": 22, "2024": 24, "2029": 35, "% OF TOTAL": 3.5, "% OF TOTAL.1": null, "% OF TOTAL.2": null}, "Total population: 80 - 84 years": {"Demographic": null, "2020": 20, "2024": 19, "2029": 22, "% OF TOTAL": 2.2, "% OF TOTAL.1": null, "% OF TOTAL.2": null}, "Total population: 85 years and over": {"Demographic": null, "2020": 18, "2024": 18, "2029": 19, "% OF TOTAL": 1.9, "% OF TOTAL.1": null, "% OF TOTAL.2": null}, "Female population: Median Age": {"Demographic": null, "2020": 38, "2024": 39, "2029": 41, "% OF TOTAL": null, "% OF TOTAL.1": null, "% OF TOTAL.2": null}, "Female population: Under 5 years": {"Demographic": null, "2020": 68, "2024": 62, "2029": 49, "% OF TOTAL": 8.8, "% OF TOTAL.1": null, "% OF TOTAL.2": null}, "Female population: 5 - 9 years": {"Demographic": null, "2020": 38, "2024": 34, "2029": 37, "% OF TOTAL": 6.6, "% OF TOTAL.1": null, "% OF TOTAL.2": null}, "Female population: 10 - 14 years": {"Demographic": null, "2020": 34, "2024": 30, "2029": 28, "% OF TOTAL": 5.0, "% OF TOTAL.1": null, "% OF TOTAL.2": null}, "Female population: 15 - 19 years": {"Demographic": null, "2020": 23, "2024": 22, "2029": 22, "% OF TOTAL": 3.9, "% OF TOTAL.1": null, "% OF TOTAL.2": null}, "Female population: 20 - 24 years": {"Demographic": null, "2020": 54, "2024": 47, "2029": 36, "% OF TOTAL": 6.5, "% OF TOTAL.1": null, "% OF TOTAL.2": null}, "Female population: 25 - 29 years": {"Demographic": null, "2020": 44, "2024": 38, "2029": 39, "% OF TOTAL": 7.0, "% OF TOTAL.1": null, "% OF TOTAL.2": null}, "Female population: 30 - 34 years": {"Demographic": null, "2020": 30, "2024": 30, "2029": 28, "% OF TOTAL": 5.0, "% OF TOTAL.1": null, "% OF TOTAL.2": null}, "Female population: 35 - 39 years": {"Demographic": null, "2020": 36, "2024": 34, "2029": 33, "% OF TOTAL": 5.9, "% OF TOTAL.1": null, "% OF TOTAL.2": null}, "Female population: 40 - 44 years": {"Demographic": null, "2020": 28, "2024": 27, "2029": 27, "% OF TOTAL": 4.8, "% OF TOTAL.1": null, "% OF TOTAL.2": null}, "Female population: 45 - 49 years": {"Demographic": null, "2020": 25, "2024": 25, "2029": 24, "% OF TOTAL": 4.3, "% OF TOTAL.1": null, "% OF TOTAL.2": null}, "Female population: 50 - 54 years": {"Demographic": null, "2020": 57, "2024": 50, "2029": 38, "% OF TOTAL": 6.8, "% OF TOTAL.1": null, "% OF TOTAL.2": null}, "Female population: 55 - 59 years": {"Demographic": null, "2020": 53, "2024": 45, "2029": 44, "% OF TOTAL": 7.9, "% OF TOTAL.1": null, "% OF TOTAL.2": null}, "Female population: 60 - 64 years": {"Demographic": null, "2020": 40, "2024": 37, "2029": 35, "% OF TOTAL": 6.3, "% OF TOTAL.1": null, "% OF TOTAL.2": null}, "Female population: 65 - 69 years": {"Demographic": null, "2020": 32, "2024": 34, "2029": 33, "% OF TOTAL": 5.9, "% OF TOTAL.1": null, "% OF TOTAL.2": null}, "Female population: 70 - 74 years": {"Demographic": null, "2020": 37, "2024": 39, "2029": 37, "% OF TOTAL": 6.6, "% OF TOTAL.1": null, "% OF TOTAL.2": null}, "Female population: 75 - 79 years": {"Demographic": null, "2020": 11, "2024": 12, "2029": 20, "% OF TOTAL": 3.6, "% OF TOTAL.1": null, "% OF TOTAL.2": null}, "Female population: 80 - 84 years": {"Demographic": null, "2020": 13, "2024": 13, "2029": 14, "% OF TOTAL": 2.5, "% OF TOTAL.1": null, "% OF TOTAL.2": null}, "Female population: 85 years and over": {"Demographic": null, "2020": 13, "2024": 13, "2029": 13, "% OF TOTAL": 2.3, "% OF TOTAL.1": null, "% OF TOTAL.2": null}, "Male population: Median Age": {"Demographic": null, "2020": 34, "2024": 35, "2029": 38, "% OF TOTAL": null, "% OF TOTAL.1": null, "% OF TOTAL.2": null}, "Male population: Under 5 years": {"Demographic": null, "2020": 64, "2024": 56, "2029": 44, "% OF TOTAL": 10.0, "% OF TOTAL.1": null, "% OF TOTAL.2": null}, "Male population: 5 - 9 years": {"Demographic": null, "2020": 39, "2024": 37, "2029": 38, "% OF TOTAL": 8.6, "% OF TOTAL.1": null, "% OF TOTAL.2": null}, "Male population: 10 - 14 years": {"Demographic": null, "2020": 22, "2024": 19, "2029": 22, "% OF TOTAL": 5.0, "% OF TOTAL.1": null, "% OF TOTAL.2": null}, "Male population: 15 - 19 years": {"Demographic": null, "2020": 27, "2024": 25, "2029": 20, "% OF TOTAL": 4.5, "% OF TOTAL.1": null, "% OF TOTAL.2": null}, "Male population: 20 - 24 years": {"Demographic": null, "2020": 45, "2024": 42, "2029": 32, "% OF TOTAL": 7.3, "% OF TOTAL.1": null, "% OF TOTAL.2": null}, "Male population: 25 - 29 years": {"Demographic": null, "2020": 24, "2024": 20, "2029": 24, "% OF TOTAL": 5.5, "% OF TOTAL.1": null, "% OF TOTAL.2": null}, "Male population: 30 - 34 years": {"Demographic": null, "2020": 35, "2024": 34, "2029": 26, "% OF TOTAL": 5.9, "% OF TOTAL.1": null, "% OF TOTAL.2": null}, "Male population: 35 - 39 years": {"Demographic": null, "2020": 18, "2024": 18, "2029": 22, "% OF TOTAL": 5.0, "% OF TOTAL.1": null, "% OF TOTAL.2": null}, "Male population: 40 - 44 years": {"Demographic": null, "2020": 14, "2024": 13, "2029": 14, "% OF TOTAL": 3.2, "% OF TOTAL.1": null, "% OF TOTAL.2": null}, "Male population: 45 - 49 years": {"Demographic": null, "2020": 26, "2024": 24, "2029": 22, "% OF TOTAL": 5.0, "% OF TOTAL.1": null, "% OF TOTAL.2": null}, "Male population: 50 - 54 years": {"Demographic": null, "2020": 42, "2024": 37, "2029": 29, "% OF TOTAL": 6.6, "% OF TOTAL.1": null, "% OF TOTAL.2": null}, "Male population: 55 - 59 years": {"Demographic": null, "2020": 29, "2024": 25, "2029": 28, "% OF TOTAL": 6.4, "% OF TOTAL.1": null, "% OF TOTAL.2": null}, "Male population: 60 - 64 years": {"Demographic": null, "2020": 36, "2024": 33, "2029": 28, "% OF TOTAL": 6.4, "% OF TOTAL.1": null, "% OF TOTAL.2": null}, "Male population: 65 - 69 years": {"Demographic": null, "2020": 38, "2024": 38, "2029": 35, "% OF TOTAL": 8.0, "% OF TOTAL.1": null, "% OF TOTAL.2": null}, "Male population: 70 - 74 years": {"Demographic": null, "2020": 23, "2024": 24, "2029": 27, "% OF TOTAL": 6.1, "% OF TOTAL.1": null, "% OF TOTAL.2": null}, "Male population: 75 - 79 years": {"Demographic": null, "2020": 11, "2024": 12, "2029": 15, "% OF TOTAL": 3.4, "% OF TOTAL.1": null, "% OF TOTAL.2": null}, "Male population: 80 - 84 years": {"Demographic": null, "2020": 7, "2024": 6, "2029": 8, "% OF TOTAL": 1.8, "% OF TOTAL.1": null, "% OF TOTAL.2": null}, "Male population: 85 years and over": {"Demographic": null, "2020": 5, "2024": 5, "2029": 6, "% OF TOTAL": 1.4, "% OF TOTAL.1": null, "% OF TOTAL.2": null}, "White alone": {"Demographic": null, "2020": 123, "2024": 112, "2029": 104, "% OF TOTAL": 10.4, "% OF TOTAL.1": null, "% OF TOTAL.2": null}, "Black alone": {"Demographic": null, "2020": 957, "2024": 886, "2029": 835, "% OF TOTAL": 83.8, "% OF TOTAL.1": null, "% OF TOTAL.2": null}, "American Indian and Alaska Native alone": {"Demographic": null, "2020": 3, "2024": 3, "2029": 3, "% OF TOTAL": 0.3, "% OF TOTAL.1": null, "% OF TOTAL.2": null}, "Asian alone": {"Demographic": null, "2020": 4, "2024": 4, "2029": 4, "% OF TOTAL": 0.4, "% OF TOTAL.1": null, "% OF TOTAL.2": null}, "Native Hawaiian and OPI alone": {"Demographic": null, "2020": 0, "2024": 0, "2029": 0, "% OF TOTAL": 0.0, "% OF TOTAL.1": null, "% OF TOTAL.2": null}, "Some other race alone": {"Demographic": null, "2020": 8, "2024": 8, "2029": 8, "% OF TOTAL": 0.8, "% OF TOTAL.1": null, "% OF TOTAL.2": null}, "Two or more races alone": {"Demographic": null, "2020": 46, "2024": 47, "2029": 43, "% OF TOTAL": 4.3, "% OF TOTAL.1": null, "% OF TOTAL.2": null}, "Not Hispanic: White alone": {"Demographic": null, "2020": 119, "2024": 108, "2029": 100, "% OF TOTAL": 10.0, "% OF TOTAL.1": null, "% OF TOTAL.2": null}, "Not Hispanic: Black or African American alone": {"Demographic": null, "2020": 956, "2024": 885, "2029": 834, "% OF TOTAL": 83.7, "% OF TOTAL.1": null, "% OF TOTAL.2": null}, "Not Hispanic: American Indian and Alaska Native alone": {"Demographic": null, "2020": 2, "2024": 2, "2029": 2, "% OF TOTAL": 0.2, "% OF TOTAL.1": null, "% OF TOTAL.2": null}, "Not Hispanic: Asian alone": {"Demographic": null, "2020": 4, "2024": 4, "2029": 4, "% OF TOTAL": 0.4, "% OF TOTAL.1": null, "% OF TOTAL.2": null}, "Not Hispanic: Native Hawaiian and OPI alone": {"Demographic": null, "2020": 0, "2024": 0, "2029": 0, "% OF TOTAL": 0.0, "% OF TOTAL.1": null, "% OF TOTAL.2": null}, "Not Hispanic: Some Other Race alone": {"Demographic": null, "2020": 5, "2024": 5, "2029": 5, "% OF TOTAL": 0.5, "% OF TOTAL.1": null, "% OF TOTAL.2": null}, "Not Hispanic: Two or More Races": {"Demographic": null, "2020": 42, "2024": 43, "2029": 40, "% OF TOTAL": 4.0, "% OF TOTAL.1": null, "% OF TOTAL.2": null}, "Hispanic: White alone": {"Demographic": null, "2020": 4, "2024": 4, "2029": 4, "% OF TOTAL": 0.4, "% OF TOTAL.1": null, "% OF TOTAL.2": null}, "Hispanic: Black or African American alone": {"Demographic": null, "2020": 1, "2024": 1, "2029": 1, "% OF TOTAL": 0.1, "% OF TOTAL.1": null, "% OF TOTAL.2": null}, "Hispanic: American Indian and Alaska Native alone": {"Demographic": null, "2020": 1, "2024": 1, "2029": 1, "% OF TOTAL": 0.1, "% OF TOTAL.1": null, "% OF TOTAL.2": null}, "Hispanic: Asian alone": {"Demographic": null, "2020": 0, "2024": 0, "2029": 0, "% OF TOTAL": 0.0, "% OF TOTAL.1": null, "% OF TOTAL.2": null}, "Hispanic: Native Hawaiian and OPI alone": {"Demographic": null, "2020": 0, "2024": 0, "2029": 0, "% OF TOTAL": 0.0, "% OF TOTAL.1": null, "% OF TOTAL.2": null}, "Hispanic: Some Other Race alone": {"Demographic": null, "2020": 3, "2024": 3, "2029": 3, "% OF TOTAL": 0.3, "% OF TOTAL.1": null, "% OF TOTAL.2": null}, "Hispanic: Two or More Races": {"Demographic": null, "2020": 4, "2024": 4, "2029": 3, "% OF TOTAL": 0.3, "% OF TOTAL.1": null, "% OF TOTAL.2": null}, "Educational Attainment: No High School Diploma": {"Demographic": null, "2020": 109, "2024": 103, "2029": null, "% OF TOTAL": null, "% OF TOTAL.1": null, "% OF TOTAL.2": null}, "Educational Attainment: High School Diploma": {"Demographic": null, "2020": 319, "2024": 301, "2029": null, "% OF TOTAL": null, "% OF TOTAL.1": null, "% OF TOTAL.2": null}, "Educational Attainment: Some College": {"Demographic": null, "2020": 96, "2024": 91, "2029": null, "% OF TOTAL": null, "% OF TOTAL.1": null, "% OF TOTAL.2": null}, "Educational Attainment: Associates Degree": {"Demographic": null, "2020": 106, "2024": 100, "2029": null, "% OF TOTAL": null, "% OF TOTAL.1": null, "% OF TOTAL.2": null}, "Educational Attainment: Bachelors Degree": {"Demographic": null, "2020": 10, "2024": 9, "2029": null, "% OF TOTAL": null, "% OF TOTAL.1": null, "% OF TOTAL.2": null}, "Educational Attainment: Advanced Degree": {"Demographic": null, "2020": 87, "2024": 82, "2029": null, "% OF TOTAL": null, "% OF TOTAL.1": null, "% OF TOTAL.2": null}, "Employment Status: Armed Forces": {"Demographic": null, "2020": 0, "2024": 0, "2029": null, "% OF TOTAL": null, "% OF TOTAL.1": null, "% OF TOTAL.2": null}, "Employment Status: Civilian labor force employed": {"Demographic": null, "2020": 463, "2024": 435, "2029": null, "% OF TOTAL": null, "% OF TOTAL.1": null, "% OF TOTAL.2": null}, "Employment Status: Civilian labor force unemployed": {"Demographic": null, "2020": 12, "2024": 11, "2029": null, "% OF TOTAL": null, "% OF TOTAL.1": null, "% OF TOTAL.2": null}, "Employment Status: Not in labor force": {"Demographic": null, "2020": 391, "2024": 367, "2029": null, "% OF TOTAL": null, "% OF TOTAL.1": null, "% OF TOTAL.2": null}, "Employed in Agriculture and Mining Industries": {"Demographic": null, "2020": 0, "2024": 0, "2029": null, "% OF TOTAL": null, "% OF TOTAL.1": null, "% OF TOTAL.2": null}, "Employed in Construction Industries": {"Demographic": null, "2020": 45, "2024": 42, "2029": null, "% OF TOTAL": null, "% OF TOTAL.1": null, "% OF TOTAL.2": null}, "Employed in Manufacturing Industries": {"Demographic": null, "2020": 48, "2024": 45, "2029": null, "% OF TOTAL": null, "% OF TOTAL.1": null, "% OF TOTAL.2": null}, "Employed in Wholesale Industries": {"Demographic": null, "2020": 21, "2024": 20, "2029": null, "% OF TOTAL": null, "% OF TOTAL.1": null, "% OF TOTAL.2": null}, "Employed in Retail Industries": {"Demographic": null, "2020": 26, "2024": 25, "2029": null, "% OF TOTAL": null, "% OF TOTAL.1": null, "% OF TOTAL.2": null}, "Employed in Transportation and Utilities Industries": {"Demographic": null, "2020": 51, "2024": 48, "2029": null, "% OF TOTAL": null, "% OF TOTAL.1": null, "% OF TOTAL.2": null}, "Employed in Information Industries": {"Demographic": null, "2020": 0, "2024": 0, "2029": null, "% OF TOTAL": null, "% OF TOTAL.1": null, "% OF TOTAL.2": null}, "Employed in Real-Estate Industries": {"Demographic": null, "2020": 43, "2024": 40, "2029": null, "% OF TOTAL": null, "% OF TOTAL.1": null, "% OF TOTAL.2": null}, "Employed in Professional Industries": {"Demographic": null, "2020": 45, "2024": 42, "2029": null, "% OF TOTAL": null, "% OF TOTAL.1": null, "% OF TOTAL.2": null}, "Employed in Health and Education Industries": {"Demographic": null, "2020": 132, "2024": 124, "2029": null, "% OF TOTAL": null, "% OF TOTAL.1": null, "% OF TOTAL.2": null}, "Employed in Art Industries": {"Demographic": null, "2020": 0, "2024": 0, "2029": null, "% OF TOTAL": null, "% OF TOTAL.1": null, "% OF TOTAL.2": null}, "Employed in Other Industries": {"Demographic": null, "2020": 0, "2024": 0, "2029": null, "% OF TOTAL": null, "% OF TOTAL.1": null, "% OF TOTAL.2": null}, "Employed in Public Administration Industries": {"Demographic": null, "2020": 52, "2024": 49, "2029": null, "% OF TOTAL": null, "% OF TOTAL.1": null, "% OF TOTAL.2": null}, "Occupation: Management": {"Demographic": null, "2020": 0, "2024": 0, "2029": null, "% OF TOTAL": null, "% OF TOTAL.1": null, "% OF TOTAL.2": null}, "Occupation: Business and financial operations": {"Demographic": null, "2020": 43, "2024": 40, "2029": null, "% OF TOTAL": null, "% OF TOTAL.1": null, "% OF TOTAL.2": null}, "Occupation: Computer and mathematical": {"Demographic": null, "2020": 0, "2024": 0, "2029": null, "% OF TOTAL": null, "% OF TOTAL.1": null, "% OF TOTAL.2": null}, "Occupation: Architecture and engineering": {"Demographic": null, "2020": 0, "2024": 0, "2029": null, "% OF TOTAL": null, "% OF TOTAL.1": null, "% OF TOTAL.2": null}, "Occupation: Life, physical, and social science": {"Demographic": null, "2020": 0, "2024": 0, "2029": null, "% OF TOTAL": null, "% OF TOTAL.1": null, "% OF TOTAL.2": null}, "Occupation: Community and social service": {"Demographic": null, "2020": 52, "2024": 49, "2029": null, "% OF TOTAL": null, "% OF TOTAL.1": null, "% OF TOTAL.2": null}, "Occupation: Legal": {"Demographic": null, "2020": 20, "2024": 19, "2029": null, "% OF TOTAL": null, "% OF TOTAL.1": null, "% OF TOTAL.2": null}, "Occupation: Education, training, and library": {"Demographic": null, "2020": 0, "2024": 0, "2029": null, "% OF TOTAL": null, "% OF TOTAL.1": null, "% OF TOTAL.2": null}, "Occupation: Arts, design, entertainment, sports, and media": {"Demographic": null, "2020": 0, "2024": 0, "2029": null, "% OF TOTAL": null, "% OF TOTAL.1": null, "% OF TOTAL.2": null}, "Occupation: Health diagnosing and treating practitioners": {"Demographic": null, "2020": 46, "2024": 43, "2029": null, "% OF TOTAL": null, "% OF TOTAL.1": null, "% OF TOTAL.2": null}, "Occupation: Health technologists and technicians": {"Demographic": null, "2020": 14, "2024": 13, "2029": null, "% OF TOTAL": null, "% OF TOTAL.1": null, "% OF TOTAL.2": null}, "Occupation: Healthcare support": {"Demographic": null, "2020": 0, "2024": 0, "2029": null, "% OF TOTAL": null, "% OF TOTAL.1": null, "% OF TOTAL.2": null}, "Occupation: Fire fighting and prevention": {"Demographic": null, "2020": 0, "2024": 0, "2029": null, "% OF TOTAL": null, "% OF TOTAL.1": null, "% OF TOTAL.2": null}, "Occupation: Law enforcement workers": {"Demographic": null, "2020": 0, "2024": 0, "2029": null, "% OF TOTAL": null, "% OF TOTAL.1": null, "% OF TOTAL.2": null}, "Occupation: Food preparation and serving related": {"Demographic": null, "2020": 16, "2024": 15, "2029": null, "% OF TOTAL": null, "% OF TOTAL.1": null, "% OF TOTAL.2": null}, "Occupation: Building and grounds cleaning and maintenance": {"Demographic": null, "2020": 9, "2024": 9, "2029": null, "% OF TOTAL": null, "% OF TOTAL.1": null, "% OF TOTAL.2": null}, "Occupation: Personal care and service": {"Demographic": null, "2020": 0, "2024": 0, "2029": null, "% OF TOTAL": null, "% OF TOTAL.1": null, "% OF TOTAL.2": null}, "Occupation: Sales and related": {"Demographic": null, "2020": 21, "2024": 20, "2029": null, "% OF TOTAL": null, "% OF TOTAL.1": null, "% OF TOTAL.2": null}, "Occupation: Office and administrative support": {"Demographic": null, "2020": 47, "2024": 44, "2029": null, "% OF TOTAL": null, "% OF TOTAL.1": null, "% OF TOTAL.2": null}, "Occupation: Farming, fishing, and forestry": {"Demographic": null, "2020": 0, "2024": 0, "2029": null, "% OF TOTAL": null, "% OF TOTAL.1": null, "% OF TOTAL.2": null}, "Occupation: Construction and extraction": {"Demographic": null, "2020": 45, "2024": 42, "2029": null, "% OF TOTAL": null, "% OF TOTAL.1": null, "% OF TOTAL.2": null}, "Occupation: Installation, maintenance, and repair": {"Demographic": null, "2020": 0, "2024": 0, "2029": null, "% OF TOTAL": null, "% OF TOTAL.1": null, "% OF TOTAL.2": null}, "Occupation: Production": {"Demographic": null, "2020": 48, "2024": 45, "2029": null, "% OF TOTAL": null, "% OF TOTAL.1": null, "% OF TOTAL.2": null}, "Occupation: Transportation": {"Demographic": null, "2020": 76, "2024": 71, "2029": null, "% OF TOTAL": null, "% OF TOTAL.1": null, "% OF TOTAL.2": null}, "Occupation: Material moving": {"Demographic": null, "2020": 26, "2024": 25, "2029": null, "% OF TOTAL": null, "% OF TOTAL.1": null, "% OF TOTAL.2": null}, "White collar": {"Demographic": null, "2020": 243, "2024": 228, "2029": null, "% OF TOTAL": null, "% OF TOTAL.1": null, "% OF TOTAL.2": null}, "Blue collar": {"Demographic": null, "2020": 220, "2024": 207, "2029": null, "% OF TOTAL": null, "% OF TOTAL.1": null, "% OF TOTAL.2": null}, "Means of transportation: Car, truck or van": {"Demographic": null, "2020": 463, "2024": 435, "2029": null, "% OF TOTAL": null, "% OF TOTAL.1": null, "% OF TOTAL.2": null}, "Means of transportation: Public transportation": {"Demographic": null, "2020": 0, "2024": 0, "2029": null, "% OF TOTAL": null, "% OF TOTAL.1": null, "% OF TOTAL.2": null}, "Means of transportation: Other": {"Demographic": null, "2020": 0, "2024": 0, "2029": null, "% OF TOTAL": null, "% OF TOTAL.1": null, "% OF TOTAL.2": null}, "Travel time: Average (in minutes)": {"Demographic": null, "2020": 28, "2024": 28, "2029": null, "% OF TOTAL": null, "% OF TOTAL.1": null, "% OF TOTAL.2": null}, "Travel time to work: Less than 30 minutes": {"Demographic": null, "2020": 340, "2024": 319, "2029": null, "% OF TOTAL": null, "% OF TOTAL.1": null, "% OF TOTAL.2": null}, "Travel time to work: 30 to 60 minutes": {"Demographic": null, "2020": 72, "2024": 68, "2029": null, "% OF TOTAL": null, "% OF TOTAL.1": null, "% OF TOTAL.2": null}, "Travel time to work: 60 or more minutes": {"Demographic": null, "2020": 51, "2024": 48, "2029": null, "% OF TOTAL": null, "% OF TOTAL.1": null, "% OF TOTAL.2": null}}, "demographic_snapshot": {"Total Population": {"Demographic": null, "2020": 1141, "2024": 1060, "2029": 997, "% OF TOTAL": null, "% OF TOTAL.1": null, "% OF TOTAL.2": null}, "Households": {"Demographic": null, "2020": 452, "2024": 425, "2029": 406, "% OF TOTAL": null, "% OF TOTAL.1": null, "% OF TOTAL.2": null}, "Population in Group Quarters": {"Demographic": null, "2020": 0, "2024": 0, "2029": 0, "% OF TOTAL": null, "% OF TOTAL.1": null, "% OF TOTAL.2": null}, "Households Growth": {"Demographic": null, "2020": null, "2024": -6.0, "2029": -4.5, "% OF TOTAL": null, "% OF TOTAL.1": null, "% OF TOTAL.2": null}, "Household Income: Median": {"Demographic": null, "2020": 0, "2024": 82649, "2029": 107500, "% OF TOTAL": null, "% OF TOTAL.1": null, "% OF TOTAL.2": null}, "Home Value: Median": {"Demographic": null, "2020": 128017, "2024": 128182, "2029": null, "% OF TOTAL": null, "% OF TOTAL.1": null, "% OF TOTAL.2": null}, "Population Growth": {"Demographic": null, "2020": null, "2024": -7.1, "2029": -5.9, "% OF TOTAL": null, "% OF TOTAL.1": null, "% OF TOTAL.2": null}, "Total Population: Under 19 years": {"Demographic": null, "2020": 315, "2024": 285, "2029": 260, "% OF TOTAL": 26.1, "% OF TOTAL.1": null, "% OF TOTAL.2": null}, "Total Population: 20 - 64 years": {"Demographic": null, "2020": 636, "2024": 579, "2029": 529, "% OF TOTAL": 53.1, "% OF TOTAL.1": null, "% OF TOTAL.2": null}, "Total Population: 65 years and over": {"Demographic": null, "2020": 190, "2024": 196, "2029": 208, "% OF TOTAL": 20.9, "% OF TOTAL.1": null, "% OF TOTAL.2": null}, "Total population: Median age": {"Demographic": null, "2020": 37, "2024": 38, "2029": 39, "% OF TOTAL": null, "% OF TOTAL.1": null, "% OF TOTAL.2": null}, "Total population: Under 5 years": {"Demographic": null, "2020": 132, "2024": 118, "2029": 93, "% OF TOTAL": 9.3, "% OF TOTAL.1": null, "% OF TOTAL.2": null}, "Total population: 5 - 9 years": {"Demographic": null, "2020": 77, "2024": 71, "2029": 75, "% OF TOTAL": 7.5, "% OF TOTAL.1": null, "% OF TOTAL.2": null}, "Total population: 10 - 14 years": {"Demographic": null, "2020": 56, "2024": 49, "2029": 50, "% OF TOTAL": 5.0, "% OF TOTAL.1": null, "% OF TOTAL.2": null}, "Total population: 15 - 19 years": {"Demographic": null, "2020": 50, "2024": 47, "2029": 42, "% OF TOTAL": 4.2, "% OF TOTAL.1": null, "% OF TOTAL.2": null}, "Total population: 20 - 24 years": {"Demographic": null, "2020": 99, "2024": 89, "2029": 68, "% OF TOTAL": 6.8, "% OF TOTAL.1": null, "% OF TOTAL.2": null}, "Total population: 25 - 29 years": {"Demographic": null, "2020": 68, "2024": 58, "2029": 63, "% OF TOTAL": 6.3, "% OF TOTAL.1": null, "% OF TOTAL.2": null}, "Total population: 30 - 34 years": {"Demographic": null, "2020": 65, "2024": 64, "2029": 54, "% OF TOTAL": 5.4, "% OF TOTAL.1": null, "% OF TOTAL.2": null}, "Total population: 35 - 39 years": {"Demographic": null, "2020": 54, "2024": 52, "2029": 55, "% OF TOTAL": 5.5, "% OF TOTAL.1": null, "% OF TOTAL.2": null}, "Total population: 40 - 44 years": {"Demographic": null, "2020": 42, "2024": 40, "2029": 41, "% OF TOTAL": 4.1, "% OF TOTAL.1": null, "% OF TOTAL.2": null}, "Total population: 45 - 49 years": {"Demographic": null, "2020": 51, "2024": 49, "2029": 46, "% OF TOTAL": 4.6, "% OF TOTAL.1": null, "% OF TOTAL.2": null}, "Total population: 50 - 54 years": {"Demographic": null, "2020": 99, "2024": 87, "2029": 67, "% OF TOTAL": 6.7, "% OF TOTAL.1": null, "% OF TOTAL.2": null}, "Total population: 55 - 59 years": {"Demographic": null, "2020": 82, "2024": 70, "2029": 72, "% OF TOTAL": 7.2, "% OF TOTAL.1": null, "% OF TOTAL.2": null}, "Total population: 60 - 64 years": {"Demographic": null, "2020": 76, "2024": 70, "2029": 63, "% OF TOTAL": 6.3, "% OF TOTAL.1": null, "% OF TOTAL.2": null}, "Total population: 65 - 69 years": {"Demographic": null, "2020": 70, "2024": 72, "2029": 68, "% OF TOTAL": 6.8, "% OF TOTAL.1": null, "% OF TOTAL.2": null}, "Total population: 70 - 74 years": {"Demographic": null, "2020": 60, "2024": 63, "2029": 64, "% OF TOTAL": 6.4, "% OF TOTAL.1": null, "% OF TOTAL.2": null}, "Total population: 75 - 79 years": {"Demographic": null, "2020": 22, "2024": 24, "2029": 35, "% OF TOTAL": 3.5, "% OF TOTAL.1": null, "% OF TOTAL.2": null}, "Total population: 80 - 84 years": {"Demographic": null, "2020": 20, "2024": 19, "2029": 22, "% OF TOTAL": 2.2, "% OF TOTAL.1": null, "% OF TOTAL.2": null}, "Total population: 85 years and over": {"Demographic": null, "2020": 18, "2024": 18, "2029": 19, "% OF TOTAL": 1.9, "% OF TOTAL.1": null, "% OF TOTAL.2": null}, "Householders Age 15-24": {"Demographic": null, "2020": 32, "2024": 30, "2029": 25, "% OF TOTAL": 6.2, "% OF TOTAL.1": null, "% OF TOTAL.2": null}, "Householders Age 25-34": {"Demographic": null, "2020": 45, "2024": 42, "2029": 39, "% OF TOTAL": 9.6, "% OF TOTAL.1": null, "% OF TOTAL.2": null}, "Householders Age 35-44": {"Demographic": null, "2020": 55, "2024": 52, "2029": 53, "% OF TOTAL": 13.1, "% OF TOTAL.1": null, "% OF TOTAL.2": null}, "Householders Age 45-54": {"Demographic": null, "2020": 86, "2024": 81, "2029": 66, "% OF TOTAL": 16.3, "% OF TOTAL.1": null, "% OF TOTAL.2": null}, "Householders Age 55-64": {"Demographic": null, "2020": 104, "2024": 97, "2029": 91, "% OF TOTAL": 22.4, "% OF TOTAL.1": null, "% OF TOTAL.2": null}, "Householders Age 65-74": {"Demographic": null, "2020": 78, "2024": 74, "2029": 71, "% OF TOTAL": 17.5, "% OF TOTAL.1": null, "% OF TOTAL.2": null}, "Householders Age 75+": {"Demographic": null, "2020": 52, "2024": 49, "2029": 61, "% OF TOTAL": 15.0, "% OF TOTAL.1": null, "% OF TOTAL.2": null}, "Household income: Average": {"Demographic": null, "2020": 126986, "2024": 143347, "2029": 184193, "% OF TOTAL": null, "% OF TOTAL.1": null, "% OF TOTAL.2": null}, "Household income: Less than 25k": {"Demographic": null, "2020": 77, "2024": 70, "2029": 46, "% OF TOTAL": 11.3, "% OF TOTAL.1": null, "% OF TOTAL.2": null}, "Household income: 25k - 50k": {"Demographic": null, "2020": 119, "2024": 88, "2029": 57, "% OF TOTAL": 14.0, "% OF TOTAL.1": null, "% OF TOTAL.2": null}, "Household income: 50k - 75k": {"Demographic": null, "2020": 44, "2024": 34, "2029": 18, "% OF TOTAL": 4.4, "% OF TOTAL.1": null, "% OF TOTAL.2": null}, "Household income: 75k - 100k": {"Demographic": null, "2020": 58, "2024": 67, "2029": 76, "% OF TOTAL": 18.7, "% OF TOTAL.1": null, "% OF TOTAL.2": null}, "Household income: 100k - 125k": {"Demographic": null, "2020": 23, "2024": 20, "2029": 20, "% OF TOTAL": 4.9, "% OF TOTAL.1": null, "% OF TOTAL.2": null}, "Household income: 125k - 150k": {"Demographic": null, "2020": 0, "2024": 0, "2029": 0, "% OF TOTAL": 0.0, "% OF TOTAL.1": null, "% OF TOTAL.2": null}, "Household income: 150k - 200k": {"Demographic": null, "2020": 27, "2024": 28, "2029": 25, "% OF TOTAL": 6.2, "% OF TOTAL.1": null, "% OF TOTAL.2": null}, "Household income: Above 200k": {"Demographic": null, "2020": 104, "2024": 118, "2029": 164, "% OF TOTAL": 40.4, "% OF TOTAL.1": null, "% OF TOTAL.2": null}, "White Alone": {"Demographic": null, "2020": 123, "2024": 112, "2029": 104, "% OF TOTAL": 10.4, "% OF TOTAL.1": null, "% OF TOTAL.2": null}, "Black or African American Alone": {"Demographic": null, "2020": 957, "2024": 886, "2029": 835, "% OF TOTAL": 83.8, "% OF TOTAL.1": null, "% OF TOTAL.2": null}, "American Indian and Alaska Native Alone": {"Demographic": null, "2020": 3, "2024": 3, "2029": 3, "% OF TOTAL": 0.3, "% OF TOTAL.1": null, "% OF TOTAL.2": null}, "Asian Alone": {"Demographic": null, "2020": 4, "2024": 4, "2029": 4, "% OF TOTAL": 0.4, "% OF TOTAL.1": null, "% OF TOTAL.2": null}, "Native Hawaiian and OPI Alone": {"Demographic": null, "2020": 0, "2024": 0, "2029": 0, "% OF TOTAL": 0.0, "% OF TOTAL.1": null, "% OF TOTAL.2": null}, "Some Other Race Alone": {"Demographic": null, "2020": 8, "2024": 8, "2029": 8, "% OF TOTAL": 0.8, "% OF TOTAL.1": null, "% OF TOTAL.2": null}, "Two or More Races Alone": {"Demographic": null, "2020": 46, "2024": 47, "2029": 43, "% OF TOTAL": 4.3, "% OF TOTAL.1": null, "% OF TOTAL.2": null}, "Not Hispanic or Latino": {"Demographic": null, "2020": 1128, "2024": 1047, "2029": 985, "% OF TOTAL": 98.8, "% OF TOTAL.1": null, "% OF TOTAL.2": null}, "Hispanic or Latino": {"Demographic": null, "2020": 13, "2024": 13, "2029": 12, "% OF TOTAL": 1.2, "% OF TOTAL.1": null, "% OF TOTAL.2": null}, "Total Housing Units": {"Demographic": null, "2020": 484, "2024": null, "2029": null, "% OF TOTAL": null, "% OF TOTAL.1": null, "% OF TOTAL.2": null}, "Owner Occupied Housing Units": {"Demographic": null, "2020": 266, "2024": 250, "2029": null, "% OF TOTAL": null, "% OF TOTAL.1": null, "% OF TOTAL.2": null}, "Renter Occupied Housing Units": {"Demographic": null, "2020": 186, "2024": 175, "2029": null, "% OF TOTAL": null, "% OF TOTAL.1": null, "% OF TOTAL.2": null}, "Housing Units Value Less Than 100k": {"Demographic": null, "2020": 126, "2024": 118, "2029": null, "% OF TOTAL": null, "% OF TOTAL.1": null, "% OF TOTAL.2": null}, "Housing Units Value 100k - 200k": {"Demographic": null, "2020": 58, "2024": 55, "2029": null, "% OF TOTAL": null, "% OF TOTAL.1": null, "% OF TOTAL.2": null}, "Housing Units Value 200k - 250k": {"Demographic": null, "2020": 66, "2024": 62, "2029": null, "% OF TOTAL": null, "% OF TOTAL.1": null, "% OF TOTAL.2": null}, "Housing Units Value 250k - 300k": {"Demographic": null, "2020": 0, "2024": 0, "2029": null, "% OF TOTAL": null, "% OF TOTAL.1": null, "% OF TOTAL.2": null}, "Housing Units Value 300k - 400k": {"Demographic": null, "2020": 0, "2024": 0, "2029": null, "% OF TOTAL": null, "% OF TOTAL.1": null, "% OF TOTAL.2": null}, "Housing Units Value 400k - 500k": {"Demographic": null, "2020": 0, "2024": 0, "2029": null, "% OF TOTAL": null, "% OF TOTAL.1": null, "% OF TOTAL.2": null}, "Housing Units Value 500k - 750k": {"Demographic": null, "2020": 0, "2024": 0, "2029": null, "% OF TOTAL": null, "% OF TOTAL.1": null, "% OF TOTAL.2": null}, "Housing Units Value 750k - 1m": {"Demographic": null, "2020": 16, "2024": 15, "2029": null, "% OF TOTAL": null, "% OF TOTAL.1": null, "% OF TOTAL.2": null}, "Housing Units Value 1m - 1.5m": {"Demographic": null, "2020": 0, "2024": 0, "2029": null, "% OF TOTAL": null, "% OF TOTAL.1": null, "% OF TOTAL.2": null}, "Housing Units Value 1.5m - 2m": {"Demographic": null, "2020": 0, "2024": 0, "2029": null, "% OF TOTAL": null, "% OF TOTAL.1": null, "% OF TOTAL.2": null}, "Housing Units Value >2m": {"Demographic": null, "2020": 0, "2024": 0, "2029": null, "% OF TOTAL": null, "% OF TOTAL.1": null, "% OF TOTAL.2": null}, "Take Car or Truck to Work": {"Demographic": null, "2020": 463, "2024": 435, "2029": null, "% OF TOTAL": null, "% OF TOTAL.1": null, "% OF TOTAL.2": null}, "Take Public Transportation to Work": {"Demographic": null, "2020": 0, "2024": 0, "2029": null, "% OF TOTAL": null, "% OF TOTAL.1": null, "% OF TOTAL.2": null}, "Take Other Means of Transportation to Work": {"Demographic": null, "2020": 0, "2024": 0, "2029": null, "% OF TOTAL": null, "% OF TOTAL.1": null, "% OF TOTAL.2": null}, "Average Travel Time (min)": {"Demographic": null, "2020": 28, "2024": 29, "2029": null, "% OF TOTAL": null, "% OF TOTAL.1": null, "% OF TOTAL.2": null}, "Travel Below 30 Min to Work": {"Demographic": null, "2020": 340, "2024": 319, "2029": null, "% OF TOTAL": null, "% OF TOTAL.1": null, "% OF TOTAL.2": null}, "Travel 30-60 Min to Work": {"Demographic": null, "2020": 72, "2024": 68, "2029": null, "% OF TOTAL": null, "% OF TOTAL.1": null, "% OF TOTAL.2": null}, "Travel Above 60 Min to Work": {"Demographic": null, "2020": 79, "2024": 48, "2029": null, "% OF TOTAL": null, "% OF TOTAL.1": null, "% OF TOTAL.2": null}, "Educational Attainment: No High School Diploma": {"Demographic": null, "2020": 428, "2024": 404, "2029": null, "% OF TOTAL": null, "% OF TOTAL.1": null, "% OF TOTAL.2": null}, "Educational Attainment: High School Diploma": {"Demographic": null, "2020": 319, "2024": 301, "2029": null, "% OF TOTAL": null, "% OF TOTAL.1": null, "% OF TOTAL.2": null}, "Educational Attainment: Some College": {"Demographic": null, "2020": 212, "2024": 200, "2029": null, "% OF TOTAL": null, "% OF TOTAL.1": null, "% OF TOTAL.2": null}, "Educational Attainment: Associate's Degree": {"Demographic": null, "2020": 106, "2024": 100, "2029": null, "% OF TOTAL": null, "% OF TOTAL.1": null, "% OF TOTAL.2": null}, "Educational Attainment: Bachelors Degree": {"Demographic": null, "2020": 10, "2024": 9, "2029": null, "% OF TOTAL": null, "% OF TOTAL.1": null, "% OF TOTAL.2": null}, "Educational Attainment: Advanced Degree": {"Demographic": null, "2020": 87, "2024": 82, "2029": null, "% OF TOTAL": null, "% OF TOTAL.1": null, "% OF TOTAL.2": null}, "Households: Number of vehicles available - Average": {"Demographic": null, "2020": 1, "2024": 1, "2029": null, "% OF TOTAL": null, "% OF TOTAL.1": null, "% OF TOTAL.2": null}, "Households: No Vehicle available": {"Demographic": null, "2020": 95, "2024": 90, "2029": null, "% OF TOTAL": null, "% OF TOTAL.1": null, "% OF TOTAL.2": null}, "Households: 1 Vehicle available": {"Demographic": null, "2020": 95, "2024": 89, "2029": null, "% OF TOTAL": null, "% OF TOTAL.1": null, "% OF TOTAL.2": null}, "Households: 2 Vehicles available": {"Demographic": null, "2020": 262, "2024": 246, "2029": null, "% OF TOTAL": null, "% OF TOTAL.1": null, "% OF TOTAL.2": null}, "Households: 3 Vehicles available": {"Demographic": null, "2020": 0, "2024": 0, "2029": null, "% OF TOTAL": null, "% OF TOTAL.1": null, "% OF TOTAL.2": null}, "Households: 4 or more Vehicles available": {"Demographic": null, "2020": 0, "2024": 0, "2029": null, "% OF TOTAL": null, "% OF TOTAL.1": null, "% OF TOTAL.2": null}}, "household_trends": {"Households": {"Demographic": null, "2020": 452, "2024": 425, "2029": 406, "% OF TOTAL": null, "% OF TOTAL.1": null, "% OF TOTAL.2": null}, "Households Growth": {"Demographic": null, "2020": null, "2024": -6.0, "2029": -4.5, "% OF TOTAL": null, "% OF TOTAL.1": null, "% OF TOTAL.2": null}, "Householder Age 15-24": {"Demographic": null, "2020": 32, "2024": 30, "2029": 25, "% OF TOTAL": 6.2, "% OF TOTAL.1": null, "% OF TOTAL.2": null}, "Householder Age 25-34": {"Demographic": null, "2020": 45, "2024": 42, "2029": 39, "% OF TOTAL": 9.6, "% OF TOTAL.1": null, "% OF TOTAL.2": null}, "Householder Age 35-44": {"Demographic": null, "2020": 55, "2024": 52, "2029": 53, "% OF TOTAL": 13.1, "% OF TOTAL.1": null, "% OF TOTAL.2": null}, "Householder Age 45-54": {"Demographic": null, "2020": 86, "2024": 81, "2029": 66, "% OF TOTAL": 16.3, "% OF TOTAL.1": null, "% OF TOTAL.2": null}, "Householder Age 55-64": {"Demographic": null, "2020": 104, "2024": 97, "2029": 91, "% OF TOTAL": 22.4, "% OF TOTAL.1": null, "% OF TOTAL.2": null}, "Householder Age 65-74": {"Demographic": null, "2020": 78, "2024": 74, "2029": 71, "% OF TOTAL": 17.5, "% OF TOTAL.1": null, "% OF TOTAL.2": null}, "Householder Age 75+": {"Demographic": null, "2020": 52, "2024": 49, "2029": 61, "% OF TOTAL": 15.0, "% OF TOTAL.1": null, "% OF TOTAL.2": null}, "Average Household Size": {"Demographic": null, "2020": 2.5, "2024": 2.5, "2029": 2.5, "% OF TOTAL": null, "% OF TOTAL.1": null, "% OF TOTAL.2": null}, "1 Person Households": {"Demographic": null, "2020": 109, "2024": 107, "2029": 104, "% OF TOTAL": 25.6, "% OF TOTAL.1": null, "% OF TOTAL.2": null}, "2 Person Households": {"Demographic": null, "2020": 149, "2024": 146, "2029": 141, "% OF TOTAL": 34.7, "% OF TOTAL.1": null, "% OF TOTAL.2": null}, "3 Person Households": {"Demographic": null, "2020": 90, "2024": 87, "2029": 84, "% OF TOTAL": 20.7, "% OF TOTAL.1": null, "% OF TOTAL.2": null}, "4 Person Households": {"Demographic": null, "2020": 65, "2024": 54, "2029": 49, "% OF TOTAL": 12.1, "% OF TOTAL.1": null, "% OF TOTAL.2": null}, "5 Person Households": {"Demographic": null, "2020": 24, "2024": 19, "2029": 17, "% OF TOTAL": 4.2, "% OF TOTAL.1": null, "% OF TOTAL.2": null}, "6 Person Households": {"Demographic": null, "2020": 4, "2024": 2, "2029": 1, "% OF TOTAL": 0.2, "% OF TOTAL.1": null, "% OF TOTAL.2": null}, "7+ Person Households": {"Demographic": null, "2020": 11, "2024": 10, "2029": 10, "% OF TOTAL": 2.5, "% OF TOTAL.1": null, "% OF TOTAL.2": null}, "Household Type: Family": {"Demographic": null, "2020": 326, "2024": 307, "2029": null, "% OF TOTAL": null, "% OF TOTAL.1": null, "% OF TOTAL.2": null}, "Household Type: Married Family": {"Demographic": null, "2020": 150, "2024": 141, "2029": null, "% OF TOTAL": null, "% OF TOTAL.1": null, "% OF TOTAL.2": null}, "Household Type: Married Family With Children": {"Demographic": null, "2020": 40, "2024": 37, "2029": null, "% OF TOTAL": null, "% OF TOTAL.1": null, "% OF TOTAL.2": null}, "Household Type: Married Family Without Children": {"Demographic": null, "2020": 110, "2024": 104, "2029": null, "% OF TOTAL": null, "% OF TOTAL.1": null, "% OF TOTAL.2": null}, "Household Type: Other Family": {"Demographic": null, "2020": 176, "2024": 166, "2029": null, "% OF TOTAL": null, "% OF TOTAL.1": null, "% OF TOTAL.2": null}, "Household Type: Male Households, No Wife": {"Demographic": null, "2020": 36, "2024": 34, "2029": null, "% OF TOTAL": null, "% OF TOTAL.1": null, "% OF TOTAL.2": null}, "Household Type: Male Households, No Wife With Children": {"Demographic": null, "2020": 14, "2024": 13, "2029": null, "% OF TOTAL": null, "% OF TOTAL.1": null, "% OF TOTAL.2": null}, "Household Type: Male Households, No Wife Without Children": {"Demographic": null, "2020": 22, "2024": 21, "2029": null, "% OF TOTAL": null, "% OF TOTAL.1": null, "% OF TOTAL.2": null}, "Household Type: Female Households, No Husband": {"Demographic": null, "2020": 140, "2024": 132, "2029": null, "% OF TOTAL": null, "% OF TOTAL.1": null, "% OF TOTAL.2": null}, "Household Type: Female Households, No Husband With Children": {"Demographic": null, "2020": 72, "2024": 68, "2029": null, "% OF TOTAL": null, "% OF TOTAL.1": null, "% OF TOTAL.2": null}, "Household Type: Female Households, No Husband Without Children": {"Demographic": null, "2020": 68, "2024": 64, "2029": null, "% OF TOTAL": null, "% OF TOTAL.1": null, "% OF TOTAL.2": null}, "Household Income: Average": {"Demographic": null, "2020": 126986, "2024": 143347, "2029": 184193, "% OF TOTAL": null, "% OF TOTAL.1": null, "% OF TOTAL.2": null}, "Household Income: Median": {"Demographic": null, "2020": 0, "2024": 82649, "2029": 107500, "% OF TOTAL": null, "% OF TOTAL.1": null, "% OF TOTAL.2": null}, "Household Income: Less than $25k": {"Demographic": null, "2020": 77, "2024": 70, "2029": 46, "% OF TOTAL": 11.3, "% OF TOTAL.1": null, "% OF TOTAL.2": null}, "Household Income: $25k - $50k": {"Demographic": null, "2020": 119, "2024": 88, "2029": 57, "% OF TOTAL": 14.0, "% OF TOTAL.1": null, "% OF TOTAL.2": null}, "Household Income: $50k - $75k": {"Demographic": null, "2020": 44, "2024": 34, "2029": 18, "% OF TOTAL": 4.4, "% OF TOTAL.1": null, "% OF TOTAL.2": null}, "Household Income: $75k - $100k": {"Demographic": null, "2020": 58, "2024": 67, "2029": 76, "% OF TOTAL": 18.7, "% OF TOTAL.1": null, "% OF TOTAL.2": null}, "Household Income: $100k - $125k": {"Demographic": null, "2020": 23, "2024": 20, "2029": 20, "% OF TOTAL": 4.9, "% OF TOTAL.1": null, "% OF TOTAL.2": null}, "Household Income: $125k - $150k": {"Demographic": null, "2020": 0, "2024": 0, "2029": 0, "% OF TOTAL": 0.0, "% OF TOTAL.1": null, "% OF TOTAL.2": null}, "Household Income: $150k - $200k": {"Demographic": null, "2020": 27, "2024": 28, "2029": 25, "% OF TOTAL": 6.2, "% OF TOTAL.1": null, "% OF TOTAL.2": null}, "Household Income: Above $200k": {"Demographic": null, "2020": 104, "2024": 118, "2029": 164, "% OF TOTAL": 40.4, "% OF TOTAL.1": null, "% OF TOTAL.2": null}, "Total Housing Units": {"Demographic": null, "2020": 484, "2024": null, "2029": null, "% OF TOTAL": null, "% OF TOTAL.1": null, "% OF TOTAL.2": null}, "Owner Occupied Housing Units": {"Demographic": null, "2020": 266, "2024": 250, "2029": null, "% OF TOTAL": null, "% OF TOTAL.1": null, "% OF TOTAL.2": null}, "Renter Occupied Housing Units": {"Demographic": null, "2020": 186, "2024": 175, "2029": null, "% OF TOTAL": null, "% OF TOTAL.1": null, "% OF TOTAL.2": null}, "Vacant Housing Units": {"Demographic": null, "2020": 32, "2024": null, "2029": null, "% OF TOTAL": null, "% OF TOTAL.1": null, "% OF TOTAL.2": null}, "Vacant Housing Units: Seasonal": {"Demographic": null, "2020": 1, "2024": null, "2029": null, "% OF TOTAL": null, "% OF TOTAL.1": null, "% OF TOTAL.2": null}, "Vacant Housing Units: Other Usage": {"Demographic": null, "2020": 31, "2024": null, "2029": null, "% OF TOTAL": null, "% OF TOTAL.1": null, "% OF TOTAL.2": null}, "Average Housing Unit Value": {"Demographic": null, "2020": 151711, "2024": 151830, "2029": null, "% OF TOTAL": null, "% OF TOTAL.1": null, "% OF TOTAL.2": null}, "Median Housing Unit Value": {"Demographic": null, "2020": 128017, "2024": 128182, "2029": null, "% OF TOTAL": null, "% OF TOTAL.1": null, "% OF TOTAL.2": null}, "Housing Unit Value Less Than $100k": {"Demographic": null, "2020": 126, "2024": 118, "2029": null, "% OF TOTAL": null, "% OF TOTAL.1": null, "% OF TOTAL.2": null}, "Housing Unit Value $100k-$200k": {"Demographic": null, "2020": 58, "2024": 55, "2029": null, "% OF TOTAL": null, "% OF TOTAL.1": null, "% OF TOTAL.2": null}, "Housing Unit Value $200k-$250k": {"Demographic": null, "2020": 66, "2024": 62, "2029": null, "% OF TOTAL": null, "% OF TOTAL.1": null, "% OF TOTAL.2": null}, "Housing Unit Value $250k-$300k": {"Demographic": null, "2020": 0, "2024": 0, "2029": null, "% OF TOTAL": null, "% OF TOTAL.1": null, "% OF TOTAL.2": null}, "Housing Unit Value $300k-$400k": {"Demographic": null, "2020": 0, "2024": 0, "2029": null, "% OF TOTAL": null, "% OF TOTAL.1": null, "% OF TOTAL.2": null}, "Housing Unit Value $400k-$500k": {"Demographic": null, "2020": 0, "2024": 0, "2029": null, "% OF TOTAL": null, "% OF TOTAL.1": null, "% OF TOTAL.2": null}, "Housing Unit Value $500k-$750k": {"Demographic": null, "2020": 0, "2024": 0, "2029": null, "% OF TOTAL": null, "% OF TOTAL.1": null, "% OF TOTAL.2": null}, "Housing Unit Value $750k-$1m": {"Demographic": null, "2020": 16, "2024": 15, "2029": null, "% OF TOTAL": null, "% OF TOTAL.1": null, "% OF TOTAL.2": null}, "Housing Unit Value $1m-$1.5m": {"Demographic": null, "2020": 0, "2024": 0, "2029": null, "% OF TOTAL": null, "% OF TOTAL.1": null, "% OF TOTAL.2": null}, "Housing Unit Value $1.5m-$2m": {"Demographic": null, "2020": 0, "2024": 0, "2029": null, "% OF TOTAL": null, "% OF TOTAL.1": null, "% OF TOTAL.2": null}, "Housing Unit Value Above $2m": {"Demographic": null, "2020": 0, "2024": 0, "2029": null, "% OF TOTAL": null, "% OF TOTAL.1": null, "% OF TOTAL.2": null}, "Median Housing Unit Year Built": {"Demographic": null, "2020": 1982, "2024": 1982, "2029": null, "% OF TOTAL": null, "% OF TOTAL.1": null, "% OF TOTAL.2": null}, "Housing Units Built 2014 Or After": {"Demographic": null, "2020": 0, "2024": 0, "2029": null, "% OF TOTAL": null, "% OF TOTAL.1": null, "% OF TOTAL.2": null}, "Housing Units Built 2010-2013": {"Demographic": null, "2020": 0, "2024": 0, "2029": null, "% OF TOTAL": null, "% OF TOTAL.1": null, "% OF TOTAL.2": null}, "Housing Units Built 2000-2009": {"Demographic": null, "2020": 38, "2024": 36, "2029": null, "% OF TOTAL": null, "% OF TOTAL.1": null, "% OF TOTAL.2": null}, "Housing Units Built 1990-1999": {"Demographic": null, "2020": 14, "2024": 13, "2029": null, "% OF TOTAL": null, "% OF TOTAL.1": null, "% OF TOTAL.2": null}, "Housing Units Built 1980-1989": {"Demographic": null, "2020": 219, "2024": 206, "2029": null, "% OF TOTAL": null, "% OF TOTAL.1": null, "% OF TOTAL.2": null}, "Housing Units Built 1970-1979": {"Demographic": null, "2020": 170, "2024": 160, "2029": null, "% OF TOTAL": null, "% OF TOTAL.1": null, "% OF TOTAL.2": null}, "Housing Units Built 1960-1969": {"Demographic": null, "2020": 0, "2024": 0, "2029": null, "% OF TOTAL": null, "% OF TOTAL.1": null, "% OF TOTAL.2": null}, "Housing Units Built 1950-1959": {"Demographic": null, "2020": 0, "2024": 0, "2029": null, "% OF TOTAL": null, "% OF TOTAL.1": null, "% OF TOTAL.2": null}, "Housing Units Built 1940-1949": {"Demographic": null, "2020": 11, "2024": 10, "2029": null, "% OF TOTAL": null, "% OF TOTAL.1": null, "% OF TOTAL.2": null}, "Housing Units Built Before 1940": {"Demographic": null, "2020": 0, "2024": 0, "2029": null, "% OF TOTAL": null, "% OF TOTAL.1": null, "% OF TOTAL.2": null}}}, "geometry": {"type": "Polygon", "coordinates": [[[-88.16393, 30.500713], [-88.164276, 30.529752], [-88.130731, 30.530047], [-88.130395, 30.501008], [-88.16393, 30.500713]]]}}, {"type": "Feature", "properties": {"block": "009", "block_num": 9, "CentroidLon": -88.11379241931157, "CentroidLat": 30.51567147268443, "data_status": "no data", "is_anomalous": false, "anomaly_reason": null, "files_present": ""}, "geometry": {"type": "Polygon", "coordinates": [[[-88.130395, 30.501008], [-88.130731, 30.530047], [-88.097185, 30.530334], [-88.096859, 30.501294], [-88.130395, 30.501008]]]}}, {"type": "Feature", "properties": {"block": "010", "block_num": 10, "CentroidLon": -88.21191590745083, "CentroidLat": 30.51085006745506, "data_status": "usable", "is_anomalous": false, "anomaly_reason": null, "files_present": "DemographicSnapshot-26.08.06.csv;PopulationTrends-26.08.06.csv;HouseholdTrends-26.08.06.csv;HouseholdIncomeByAge-26.08.06.csv;ConsumerSegmentation-26.08.06.csv", "population_2024": 888, "population_2029": 835, "households_2024": 319, "households_2029": 304, "median_household_income_2024": 56641, "median_household_income_2029": 77143, "mean_household_income_2024": null, "mean_household_income_2029": null, "median_age_2024": 38, "median_age_2029": 39, "median_home_value_2024": 115341, "average_household_size_2024": 2.8, "average_household_size_2029": 2.7, "population_growth_2024_2029": -6.9, "households_growth_2024_2029": -5.9, "consumer_segments": {"Simple Life Moderate Income No Children": {"households": 89, "pct": 31.9}, "Simple Life Moderate Income With Children": {"households": 80, "pct": 28.7}, "Renters": {"households": 34, "pct": 12.2}, "Active Adult Elite": {"households": 25, "pct": 9.0}, "Simple Life Affluent No Children": {"households": 15, "pct": 5.4}, "Renters Near Term Buyers": {"households": 12, "pct": 4.3}, "Active Adult Entry Level": {"households": 10, "pct": 3.6}, "Family Life Young Children": {"households": 7, "pct": 2.5}, "Active Adult Feature and Location": {"households": 4, "pct": 1.4}, "Elite": {"households": 3, "pct": 1.1}, "Family Life School Age Children": {"households": 0, "pct": 0.0}, "Feature and Location": {"households": 0, "pct": 0.0}, "Entry Level Urban": {"households": 0, "pct": 0.0}, "Entry Level Suburban": {"households": 0, "pct": 0.0}}, "income_age": {"2020": {}, "2024": {}, "2029": {}}, "population_trends": {"Total Population": {"Demographic": null, "2020": 954, "2024": 888, "2029": 835, "% OF TOTAL": null, "% OF TOTAL.1": null, "% OF TOTAL.2": null}, "Population Growth": {"Demographic": null, "2020": null, "2024": -6.9, "2029": -6.0, "% OF TOTAL": null, "% OF TOTAL.1": null, "% OF TOTAL.2": null}, "Female Population": {"Demographic": null, "2020": 478, "2024": 446, "2029": 420, "% OF TOTAL": 50.3, "% OF TOTAL.1": null, "% OF TOTAL.2": null}, "Male Population": {"Demographic": null, "2020": 476, "2024": 442, "2029": 415, "% OF TOTAL": 49.7, "% OF TOTAL.1": null, "% OF TOTAL.2": null}, "Total population: Median Age": {"Demographic": null, "2020": 38, "2024": 38, "2029": 39, "% OF TOTAL": null, "% OF TOTAL.1": null, "% OF TOTAL.2": null}, "Total population: Under 5 years": {"Demographic": null, "2020": 69, "2024": 60, "2029": 53, "% OF TOTAL": 6.3, "% OF TOTAL.1": null, "% OF TOTAL.2": null}, "Total population: 5 - 9 years": {"Demographic": null, "2020": 52, "2024": 52, "2029": 49, "% OF TOTAL": 5.9, "% OF TOTAL.1": null, "% OF TOTAL.2": null}, "Total population: 10 - 14 years": {"Demographic": null, "2020": 59, "2024": 53, "2029": 47, "% OF TOTAL": 5.6, "% OF TOTAL.1": null, "% OF TOTAL.2": null}, "Total population: 15 - 19 years": {"Demographic": null, "2020": 65, "2024": 63, "2029": 54, "% OF TOTAL": 6.5, "% OF TOTAL.1": null, "% OF TOTAL.2": null}, "Total population: 20 - 24 years": {"Demographic": null, "2020": 57, "2024": 53, "2029": 52, "% OF TOTAL": 6.2, "% OF TOTAL.1": null, "% OF TOTAL.2": null}, "Total population: 25 - 29 years": {"Demographic": null, "2020": 79, "2024": 70, "2029": 60, "% OF TOTAL": 7.2, "% OF TOTAL.1": null, "% OF TOTAL.2": null}, "Total population: 30 - 34 years": {"Demographic": null, "2020": 48, "2024": 45, "2029": 47, "% OF TOTAL": 5.6, "% OF TOTAL.1": null, "% OF TOTAL.2": null}, "Total population: 35 - 39 years": {"Demographic": null, "2020": 70, "2024": 65, "2029": 57, "% OF TOTAL": 6.8, "% OF TOTAL.1": null, "% OF TOTAL.2": null}, "Total population: 40 - 44 years": {"Demographic": null, "2020": 60, "2024": 58, "2029": 57, "% OF TOTAL": 6.8, "% OF TOTAL.1": null, "% OF TOTAL.2": null}, "Total population: 45 - 49 years": {"Demographic": null, "2020": 61, "2024": 55, "2029": 55, "% OF TOTAL": 6.6, "% OF TOTAL.1": null, "% OF TOTAL.2": null}, "Total population: 50 - 54 years": {"Demographic": null, "2020": 51, "2024": 48, "2029": 46, "% OF TOTAL": 5.5, "% OF TOTAL.1": null, "% OF TOTAL.2": null}, "Total population: 55 - 59 years": {"Demographic": null, "2020": 73, "2024": 62, "2029": 51, "% OF TOTAL": 6.1, "% OF TOTAL.1": null, "% OF TOTAL.2": null}, "Total population: 60 - 64 years": {"Demographic": null, "2020": 73, "2024": 69, "2029": 59, "% OF TOTAL": 7.1, "% OF TOTAL.1": null, "% OF TOTAL.2": null}, "Total population: 65 - 69 years": {"Demographic": null, "2020": 52, "2024": 50, "2029": 50, "% OF TOTAL": 6.0, "% OF TOTAL.1": null, "% OF TOTAL.2": null}, "Total population: 70 - 74 years": {"Demographic": null, "2020": 42, "2024": 41, "2029": 45, "% OF TOTAL": 5.4, "% OF TOTAL.1": null, "% OF TOTAL.2": null}, "Total population: 75 - 79 years": {"Demographic": null, "2020": 27, "2024": 29, "2029": 32, "% OF TOTAL": 3.8, "% OF TOTAL.1": null, "% OF TOTAL.2": null}, "Total population: 80 - 84 years": {"Demographic": null, "2020": 4, "2024": 4, "2029": 12, "% OF TOTAL": 1.4, "% OF TOTAL.1": null, "% OF TOTAL.2": null}, "Total population: 85 years and over": {"Demographic": null, "2020": 12, "2024": 11, "2029": 9, "% OF TOTAL": 1.1, "% OF TOTAL.1": null, "% OF TOTAL.2": null}, "Female population: Median Age": {"Demographic": null, "2020": 39, "2024": 40, "2029": 41, "% OF TOTAL": null, "% OF TOTAL.1": null, "% OF TOTAL.2": null}, "Female population: Under 5 years": {"Demographic": null, "2020": 33, "2024": 28, "2029": 25, "% OF TOTAL": 6.0, "% OF TOTAL.1": null, "% OF TOTAL.2": null}, "Female population: 5 - 9 years": {"Demographic": null, "2020": 25, "2024": 25, "2029": 24, "% OF TOTAL": 5.7, "% OF TOTAL.1": null, "% OF TOTAL.2": null}, "Female population: 10 - 14 years": {"Demographic": null, "2020": 25, "2024": 23, "2029": 21, "% OF TOTAL": 5.0, "% OF TOTAL.1": null, "% OF TOTAL.2": null}, "Female population: 15 - 19 years": {"Demographic": null, "2020": 35, "2024": 33, "2029": 27, "% OF TOTAL": 6.4, "% OF TOTAL.1": null, "% OF TOTAL.2": null}, "Female population: 20 - 24 years": {"Demographic": null, "2020": 23, "2024": 22, "2029": 24, "% OF TOTAL": 5.7, "% OF TOTAL.1": null, "% OF TOTAL.2": null}, "Female population: 25 - 29 years": {"Demographic": null, "2020": 36, "2024": 32, "2029": 27, "% OF TOTAL": 6.4, "% OF TOTAL.1": null, "% OF TOTAL.2": null}, "Female population: 30 - 34 years": {"Demographic": null, "2020": 22, "2024": 21, "2029": 22, "% OF TOTAL": 5.2, "% OF TOTAL.1": null, "% OF TOTAL.2": null}, "Female population: 35 - 39 years": {"Demographic": null, "2020": 41, "2024": 38, "2029": 31, "% OF TOTAL": 7.4, "% OF TOTAL.1": null, "% OF TOTAL.2": null}, "Female population: 40 - 44 years": {"Demographic": null, "2020": 40, "2024": 39, "2029": 37, "% OF TOTAL": 8.8, "% OF TOTAL.1": null, "% OF TOTAL.2": null}, "Female population: 45 - 49 years": {"Demographic": null, "2020": 24, "2024": 22, "2029": 26, "% OF TOTAL": 6.2, "% OF TOTAL.1": null, "% OF TOTAL.2": null}, "Female population: 50 - 54 years": {"Demographic": null, "2020": 27, "2024": 25, "2029": 22, "% OF TOTAL": 5.2, "% OF TOTAL.1": null, "% OF TOTAL.2": null}, "Female population: 55 - 59 years": {"Demographic": null, "2020": 39, "2024": 33, "2029": 27, "% OF TOTAL": 6.4, "% OF TOTAL.1": null, "% OF TOTAL.2": null}, "Female population: 60 - 64 years": {"Demographic": null, "2020": 40, "2024": 39, "2029": 33, "% OF TOTAL": 7.9, "% OF TOTAL.1": null, "% OF TOTAL.2": null}, "Female population: 65 - 69 years": {"Demographic": null, "2020": 24, "2024": 23, "2029": 25, "% OF TOTAL": 6.0, "% OF TOTAL.1": null, "% OF TOTAL.2": null}, "Female population: 70 - 74 years": {"Demographic": null, "2020": 20, "2024": 19, "2029": 21, "% OF TOTAL": 5.0, "% OF TOTAL.1": null, "% OF TOTAL.2": null}, "Female population: 75 - 79 years": {"Demographic": null, "2020": 16, "2024": 17, "2029": 18, "% OF TOTAL": 4.3, "% OF TOTAL.1": null, "% OF TOTAL.2": null}, "Female population: 80 - 84 years": {"Demographic": null, "2020": 1, "2024": 1, "2029": 6, "% OF TOTAL": 1.4, "% OF TOTAL.1": null, "% OF TOTAL.2": null}, "Female population: 85 years and over": {"Demographic": null, "2020": 7, "2024": 6, "2029": 4, "% OF TOTAL": 1.0, "% OF TOTAL.1": null, "% OF TOTAL.2": null}, "Male population: Median Age": {"Demographic": null, "2020": 36, "2024": 36, "2029": 38, "% OF TOTAL": null, "% OF TOTAL.1": null, "% OF TOTAL.2": null}, "Male population: Under 5 years": {"Demographic": null, "2020": 36, "2024": 32, "2029": 28, "% OF TOTAL": 6.7, "% OF TOTAL.1": null, "% OF TOTAL.2": null}, "Male population: 5 - 9 years": {"Demographic": null, "2020": 27, "2024": 27, "2029": 25, "% OF TOTAL": 6.0, "% OF TOTAL.1": null, "% OF TOTAL.2": null}, "Male population: 10 - 14 years": {"Demographic": null, "2020": 34, "2024": 30, "2029": 26, "% OF TOTAL": 6.3, "% OF TOTAL.1": null, "% OF TOTAL.2": null}, "Male population: 15 - 19 years": {"Demographic": null, "2020": 30, "2024": 30, "2029": 27, "% OF TOTAL": 6.5, "% OF TOTAL.1": null, "% OF TOTAL.2": null}, "Male population: 20 - 24 years": {"Demographic": null, "2020": 34, "2024": 31, "2029": 28, "% OF TOTAL": 6.7, "% OF TOTAL.1": null, "% OF TOTAL.2": null}, "Male population: 25 - 29 years": {"Demographic": null, "2020": 43, "2024": 38, "2029": 33, "% OF TOTAL": 8.0, "% OF TOTAL.1": null, "% OF TOTAL.2": null}, "Male population: 30 - 34 years": {"Demographic": null, "2020": 26, "2024": 24, "2029": 25, "% OF TOTAL": 6.0, "% OF TOTAL.1": null, "% OF TOTAL.2": null}, "Male population: 35 - 39 years": {"Demographic": null, "2020": 29, "2024": 27, "2029": 26, "% OF TOTAL": 6.3, "% OF TOTAL.1": null, "% OF TOTAL.2": null}, "Male population: 40 - 44 years": {"Demographic": null, "2020": 20, "2024": 19, "2029": 20, "% OF TOTAL": 4.8, "% OF TOTAL.1": null, "% OF TOTAL.2": null}, "Male population: 45 - 49 years": {"Demographic": null, "2020": 37, "2024": 33, "2029": 29, "% OF TOTAL": 7.0, "% OF TOTAL.1": null, "% OF TOTAL.2": null}, "Male population: 50 - 54 years": {"Demographic": null, "2020": 24, "2024": 23, "2029": 24, "% OF TOTAL": 5.8, "% OF TOTAL.1": null, "% OF TOTAL.2": null}, "Male population: 55 - 59 years": {"Demographic": null, "2020": 34, "2024": 29, "2029": 24, "% OF TOTAL": 5.8, "% OF TOTAL.1": null, "% OF TOTAL.2": null}, "Male population: 60 - 64 years": {"Demographic": null, "2020": 33, "2024": 30, "2029": 26, "% OF TOTAL": 6.3, "% OF TOTAL.1": null, "% OF TOTAL.2": null}, "Male population: 65 - 69 years": {"Demographic": null, "2020": 28, "2024": 27, "2029": 25, "% OF TOTAL": 6.0, "% OF TOTAL.1": null, "% OF TOTAL.2": null}, "Male population: 70 - 74 years": {"Demographic": null, "2020": 22, "2024": 22, "2029": 24, "% OF TOTAL": 5.8, "% OF TOTAL.1": null, "% OF TOTAL.2": null}, "Male population: 75 - 79 years": {"Demographic": null, "2020": 11, "2024": 12, "2029": 14, "% OF TOTAL": 3.4, "% OF TOTAL.1": null, "% OF TOTAL.2": null}, "Male population: 80 - 84 years": {"Demographic": null, "2020": 3, "2024": 3, "2029": 6, "% OF TOTAL": 1.4, "% OF TOTAL.1": null, "% OF TOTAL.2": null}, "Male population: 85 years and over": {"Demographic": null, "2020": 5, "2024": 5, "2029": 5, "% OF TOTAL": 1.2, "% OF TOTAL.1": null, "% OF TOTAL.2": null}, "White alone": {"Demographic": null, "2020": 708, "2024": 650, "2029": 609, "% OF TOTAL": 72.9, "% OF TOTAL.1": null, "% OF TOTAL.2": null}, "Black alone": {"Demographic": null, "2020": 109, "2024": 102, "2029": 97, "% OF TOTAL": 11.6, "% OF TOTAL.1": null, "% OF TOTAL.2": null}, "American Indian and Alaska Native alone": {"Demographic": null, "2020": 5, "2024": 5, "2029": 5, "% OF TOTAL": 0.6, "% OF TOTAL.1": null, "% OF TOTAL.2": null}, "Asian alone": {"Demographic": null, "2020": 59, "2024": 57, "2029": 54, "% OF TOTAL": 6.5, "% OF TOTAL.1": null, "% OF TOTAL.2": null}, "Native Hawaiian and OPI alone": {"Demographic": null, "2020": 3, "2024": 3, "2029": 3, "% OF TOTAL": 0.4, "% OF TOTAL.1": null, "% OF TOTAL.2": null}, "Some other race alone": {"Demographic": null, "2020": 17, "2024": 16, "2029": 15, "% OF TOTAL": 1.8, "% OF TOTAL.1": null, "% OF TOTAL.2": null}, "Two or more races alone": {"Demographic": null, "2020": 53, "2024": 55, "2029": 52, "% OF TOTAL": 6.2, "% OF TOTAL.1": null, "% OF TOTAL.2": null}, "Not Hispanic: White alone": {"Demographic": null, "2020": 693, "2024": 635, "2029": 595, "% OF TOTAL": 71.3, "% OF TOTAL.1": null, "% OF TOTAL.2": null}, "Not Hispanic: Black or African American alone": {"Demographic": null, "2020": 108, "2024": 101, "2029": 96, "% OF TOTAL": 11.5, "% OF TOTAL.1": null, "% OF TOTAL.2": null}, "Not Hispanic: American Indian and Alaska Native alone": {"Demographic": null, "2020": 4, "2024": 4, "2029": 4, "% OF TOTAL": 0.5, "% OF TOTAL.1": null, "% OF TOTAL.2": null}, "Not Hispanic: Asian alone": {"Demographic": null, "2020": 58, "2024": 56, "2029": 53, "% OF TOTAL": 6.3, "% OF TOTAL.1": null, "% OF TOTAL.2": null}, "Not Hispanic: Native Hawaiian and OPI alone": {"Demographic": null, "2020": 2, "2024": 2, "2029": 2, "% OF TOTAL": 0.2, "% OF TOTAL.1": null, "% OF TOTAL.2": null}, "Not Hispanic: Some Other Race alone": {"Demographic": null, "2020": 3, "2024": 3, "2029": 3, "% OF TOTAL": 0.4, "% OF TOTAL.1": null, "% OF TOTAL.2": null}, "Not Hispanic: Two or More Races": {"Demographic": null, "2020": 41, "2024": 42, "2029": 39, "% OF TOTAL": 4.7, "% OF TOTAL.1": null, "% OF TOTAL.2": null}, "Hispanic: White alone": {"Demographic": null, "2020": 15, "2024": 15, "2029": 14, "% OF TOTAL": 1.7, "% OF TOTAL.1": null, "% OF TOTAL.2": null}, "Hispanic: Black or African American alone": {"Demographic": null, "2020": 1, "2024": 1, "2029": 1, "% OF TOTAL": 0.1, "% OF TOTAL.1": null, "% OF TOTAL.2": null}, "Hispanic: American Indian and Alaska Native alone": {"Demographic": null, "2020": 1, "2024": 1, "2029": 1, "% OF TOTAL": 0.1, "% OF TOTAL.1": null, "% OF TOTAL.2": null}, "Hispanic: Asian alone": {"Demographic": null, "2020": 1, "2024": 1, "2029": 1, "% OF TOTAL": 0.1, "% OF TOTAL.1": null, "% OF TOTAL.2": null}, "Hispanic: Native Hawaiian and OPI alone": {"Demographic": null, "2020": 1, "2024": 1, "2029": 1, "% OF TOTAL": 0.1, "% OF TOTAL.1": null, "% OF TOTAL.2": null}, "Hispanic: Some Other Race alone": {"Demographic": null, "2020": 14, "2024": 13, "2029": 12, "% OF TOTAL": 1.4, "% OF TOTAL.1": null, "% OF TOTAL.2": null}, "Hispanic: Two or More Races": {"Demographic": null, "2020": 12, "2024": 13, "2029": 13, "% OF TOTAL": 1.6, "% OF TOTAL.1": null, "% OF TOTAL.2": null}, "Educational Attainment: No High School Diploma": {"Demographic": null, "2020": 130, "2024": 121, "2029": null, "% OF TOTAL": null, "% OF TOTAL.1": null, "% OF TOTAL.2": null}, "Educational Attainment: High School Diploma": {"Demographic": null, "2020": 218, "2024": 203, "2029": null, "% OF TOTAL": null, "% OF TOTAL.1": null, "% OF TOTAL.2": null}, "Educational Attainment: Some College": {"Demographic": null, "2020": 117, "2024": 109, "2029": null, "% OF TOTAL": null, "% OF TOTAL.1": null, "% OF TOTAL.2": null}, "Educational Attainment: Associates Degree": {"Demographic": null, "2020": 82, "2024": 76, "2029": null, "% OF TOTAL": null, "% OF TOTAL.1": null, "% OF TOTAL.2": null}, "Educational Attainment: Bachelors Degree": {"Demographic": null, "2020": 61, "2024": 57, "2029": null, "% OF TOTAL": null, "% OF TOTAL.1": null, "% OF TOTAL.2": null}, "Educational Attainment: Advanced Degree": {"Demographic": null, "2020": 44, "2024": 41, "2029": null, "% OF TOTAL": null, "% OF TOTAL.1": null, "% OF TOTAL.2": null}, "Employment Status: Armed Forces": {"Demographic": null, "2020": 0, "2024": 0, "2029": null, "% OF TOTAL": null, "% OF TOTAL.1": null, "% OF TOTAL.2": null}, "Employment Status: Civilian labor force employed": {"Demographic": null, "2020": 458, "2024": 422, "2029": null, "% OF TOTAL": null, "% OF TOTAL.1": null, "% OF TOTAL.2": null}, "Employment Status: Civilian labor force unemployed": {"Demographic": null, "2020": 38, "2024": 35, "2029": null, "% OF TOTAL": null, "% OF TOTAL.1": null, "% OF TOTAL.2": null}, "Employment Status: Not in labor force": {"Demographic": null, "2020": 265, "2024": 244, "2029": null, "% OF TOTAL": null, "% OF TOTAL.1": null, "% OF TOTAL.2": null}, "Employed in Agriculture and Mining Industries": {"Demographic": null, "2020": 0, "2024": 0, "2029": null, "% OF TOTAL": null, "% OF TOTAL.1": null, "% OF TOTAL.2": null}, "Employed in Construction Industries": {"Demographic": null, "2020": 65, "2024": 60, "2029": null, "% OF TOTAL": null, "% OF TOTAL.1": null, "% OF TOTAL.2": null}, "Employed in Manufacturing Industries": {"Demographic": null, "2020": 67, "2024": 62, "2029": null, "% OF TOTAL": null, "% OF TOTAL.1": null, "% OF TOTAL.2": null}, "Employed in Wholesale Industries": {"Demographic": null, "2020": 0, "2024": 0, "2029": null, "% OF TOTAL": null, "% OF TOTAL.1": null, "% OF TOTAL.2": null}, "Employed in Retail Industries": {"Demographic": null, "2020": 33, "2024": 30, "2029": null, "% OF TOTAL": null, "% OF TOTAL.1": null, "% OF TOTAL.2": null}, "Employed in Transportation and Utilities Industries": {"Demographic": null, "2020": 0, "2024": 0, "2029": null, "% OF TOTAL": null, "% OF TOTAL.1": null, "% OF TOTAL.2": null}, "Employed in Information Industries": {"Demographic": null, "2020": 0, "2024": 0, "2029": null, "% OF TOTAL": null, "% OF TOTAL.1": null, "% OF TOTAL.2": null}, "Employed in Real-Estate Industries": {"Demographic": null, "2020": 12, "2024": 11, "2029": null, "% OF TOTAL": null, "% OF TOTAL.1": null, "% OF TOTAL.2": null}, "Employed in Professional Industries": {"Demographic": null, "2020": 141, "2024": 130, "2029": null, "% OF TOTAL": null, "% OF TOTAL.1": null, "% OF TOTAL.2": null}, "Employed in Health and Education Industries": {"Demographic": null, "2020": 101, "2024": 93, "2029": null, "% OF TOTAL": null, "% OF TOTAL.1": null, "% OF TOTAL.2": null}, "Employed in Art Industries": {"Demographic": null, "2020": 11, "2024": 10, "2029": null, "% OF TOTAL": null, "% OF TOTAL.1": null, "% OF TOTAL.2": null}, "Employed in Other Industries": {"Demographic": null, "2020": 28, "2024": 26, "2029": null, "% OF TOTAL": null, "% OF TOTAL.1": null, "% OF TOTAL.2": null}, "Employed in Public Administration Industries": {"Demographic": null, "2020": 0, "2024": 0, "2029": null, "% OF TOTAL": null, "% OF TOTAL.1": null, "% OF TOTAL.2": null}, "Occupation: Management": {"Demographic": null, "2020": 22, "2024": 20, "2029": null, "% OF TOTAL": null, "% OF TOTAL.1": null, "% OF TOTAL.2": null}, "Occupation: Business and financial operations": {"Demographic": null, "2020": 0, "2024": 0, "2029": null, "% OF TOTAL": null, "% OF TOTAL.1": null, "% OF TOTAL.2": null}, "Occupation: Computer and mathematical": {"Demographic": null, "2020": 31, "2024": 29, "2029": null, "% OF TOTAL": null, "% OF TOTAL.1": null, "% OF TOTAL.2": null}, "Occupation: Architecture and engineering": {"Demographic": null, "2020": 34, "2024": 31, "2029": null, "% OF TOTAL": null, "% OF TOTAL.1": null, "% OF TOTAL.2": null}, "Occupation: Life, physical, and social science": {"Demographic": null, "2020": 0, "2024": 0, "2029": null, "% OF TOTAL": null, "% OF TOTAL.1": null, "% OF TOTAL.2": null}, "Occupation: Community and social service": {"Demographic": null, "2020": 0, "2024": 0, "2029": null, "% OF TOTAL": null, "% OF TOTAL.1": null, "% OF TOTAL.2": null}, "Occupation: Legal": {"Demographic": null, "2020": 0, "2024": 0, "2029": null, "% OF TOTAL": null, "% OF TOTAL.1": null, "% OF TOTAL.2": null}, "Occupation: Education, training, and library": {"Demographic": null, "2020": 36, "2024": 33, "2029": null, "% OF TOTAL": null, "% OF TOTAL.1": null, "% OF TOTAL.2": null}, "Occupation: Arts, design, entertainment, sports, and media": {"Demographic": null, "2020": 0, "2024": 0, "2029": null, "% OF TOTAL": null, "% OF TOTAL.1": null, "% OF TOTAL.2": null}, "Occupation: Health diagnosing and treating practitioners": {"Demographic": null, "2020": 14, "2024": 13, "2029": null, "% OF TOTAL": null, "% OF TOTAL.1": null, "% OF TOTAL.2": null}, "Occupation: Health technologists and technicians": {"Demographic": null, "2020": 14, "2024": 13, "2029": null, "% OF TOTAL": null, "% OF TOTAL.1": null, "% OF TOTAL.2": null}, "Occupation: Healthcare support": {"Demographic": null, "2020": 10, "2024": 9, "2029": null, "% OF TOTAL": null, "% OF TOTAL.1": null, "% OF TOTAL.2": null}, "Occupation: Fire fighting and prevention": {"Demographic": null, "2020": 0, "2024": 0, "2029": null, "% OF TOTAL": null, "% OF TOTAL.1": null, "% OF TOTAL.2": null}, "Occupation: Law enforcement workers": {"Demographic": null, "2020": 0, "2024": 0, "2029": null, "% OF TOTAL": null, "% OF TOTAL.1": null, "% OF TOTAL.2": null}, "Occupation: Food preparation and serving related": {"Demographic": null, "2020": 12, "2024": 11, "2029": null, "% OF TOTAL": null, "% OF TOTAL.1": null, "% OF TOTAL.2": null}, "Occupation: Building and grounds cleaning and maintenance": {"Demographic": null, "2020": 80, "2024": 74, "2029": null, "% OF TOTAL": null, "% OF TOTAL.1": null, "% OF TOTAL.2": null}, "Occupation: Personal care and service": {"Demographic": null, "2020": 20, "2024": 19, "2029": null, "% OF TOTAL": null, "% OF TOTAL.1": null, "% OF TOTAL.2": null}, "Occupation: Sales and related": {"Demographic": null, "2020": 20, "2024": 18, "2029": null, "% OF TOTAL": null, "% OF TOTAL.1": null, "% OF TOTAL.2": null}, "Occupation: Office and administrative support": {"Demographic": null, "2020": 25, "2024": 23, "2029": null, "% OF TOTAL": null, "% OF TOTAL.1": null, "% OF TOTAL.2": null}, "Occupation: Farming, fishing, and forestry": {"Demographic": null, "2020": 0, "2024": 0, "2029": null, "% OF TOTAL": null, "% OF TOTAL.1": null, "% OF TOTAL.2": null}, "Occupation: Construction and extraction": {"Demographic": null, "2020": 67, "2024": 62, "2029": null, "% OF TOTAL": null, "% OF TOTAL.1": null, "% OF TOTAL.2": null}, "Occupation: Installation, maintenance, and repair": {"Demographic": null, "2020": 51, "2024": 47, "2029": null, "% OF TOTAL": null, "% OF TOTAL.1": null, "% OF TOTAL.2": null}, "Occupation: Production": {"Demographic": null, "2020": 9, "2024": 8, "2029": null, "% OF TOTAL": null, "% OF TOTAL.1": null, "% OF TOTAL.2": null}, "Occupation: Transportation": {"Demographic": null, "2020": 0, "2024": 0, "2029": null, "% OF TOTAL": null, "% OF TOTAL.1": null, "% OF TOTAL.2": null}, "Occupation: Material moving": {"Demographic": null, "2020": 13, "2024": 12, "2029": null, "% OF TOTAL": null, "% OF TOTAL.1": null, "% OF TOTAL.2": null}, "White collar": {"Demographic": null, "2020": 196, "2024": 180, "2029": null, "% OF TOTAL": null, "% OF TOTAL.1": null, "% OF TOTAL.2": null}, "Blue collar": {"Demographic": null, "2020": 262, "2024": 242, "2029": null, "% OF TOTAL": null, "% OF TOTAL.1": null, "% OF TOTAL.2": null}, "Means of transportation: Car, truck or van": {"Demographic": null, "2020": 452, "2024": 416, "2029": null, "% OF TOTAL": null, "% OF TOTAL.1": null, "% OF TOTAL.2": null}, "Means of transportation: Public transportation": {"Demographic": null, "2020": 0, "2024": 0, "2029": null, "% OF TOTAL": null, "% OF TOTAL.1": null, "% OF TOTAL.2": null}, "Means of transportation: Other": {"Demographic": null, "2020": 0, "2024": 0, "2029": null, "% OF TOTAL": null, "% OF TOTAL.1": null, "% OF TOTAL.2": null}, "Travel time: Average (in minutes)": {"Demographic": null, "2020": 29, "2024": 29, "2029": null, "% OF TOTAL": null, "% OF TOTAL.1": null, "% OF TOTAL.2": null}, "Travel time to work: Less than 30 minutes": {"Demographic": null, "2020": 331, "2024": 305, "2029": null, "% OF TOTAL": null, "% OF TOTAL.1": null, "% OF TOTAL.2": null}, "Travel time to work: 30 to 60 minutes": {"Demographic": null, "2020": 87, "2024": 80, "2029": null, "% OF TOTAL": null, "% OF TOTAL.1": null, "% OF TOTAL.2": null}, "Travel time to work: 60 or more minutes": {"Demographic": null, "2020": 34, "2024": 31, "2029": null, "% OF TOTAL": null, "% OF TOTAL.1": null, "% OF TOTAL.2": null}}, "demographic_snapshot": {"Total Population": {"Demographic": null, "2020": 954, "2024": 888, "2029": 835, "% OF TOTAL": null, "% OF TOTAL.1": null, "% OF TOTAL.2": null}, "Households": {"Demographic": null, "2020": 339, "2024": 319, "2029": 304, "% OF TOTAL": null, "% OF TOTAL.1": null, "% OF TOTAL.2": null}, "Population in Group Quarters": {"Demographic": null, "2020": 6, "2024": 6, "2029": 6, "% OF TOTAL": null, "% OF TOTAL.1": null, "% OF TOTAL.2": null}, "Households Growth": {"Demographic": null, "2020": null, "2024": -5.9, "2029": -4.7, "% OF TOTAL": null, "% OF TOTAL.1": null, "% OF TOTAL.2": null}, "Household Income: Median": {"Demographic": null, "2020": 0, "2024": 56641, "2029": 77143, "% OF TOTAL": null, "% OF TOTAL.1": null, "% OF TOTAL.2": null}, "Home Value: Median": {"Demographic": null, "2020": 115692, "2024": 115341, "2029": null, "% OF TOTAL": null, "% OF TOTAL.1": null, "% OF TOTAL.2": null}, "Population Growth": {"Demographic": null, "2020": null, "2024": -6.9, "2029": -6.0, "% OF TOTAL": null, "% OF TOTAL.1": null, "% OF TOTAL.2": null}, "Total Population: Under 19 years": {"Demographic": null, "2020": 245, "2024": 228, "2029": 203, "% OF TOTAL": 24.3, "% OF TOTAL.1": null, "% OF TOTAL.2": null}, "Total Population: 20 - 64 years": {"Demographic": null, "2020": 572, "2024": 525, "2029": 484, "% OF TOTAL": 58.0, "% OF TOTAL.1": null, "% OF TOTAL.2": null}, "Total Population: 65 years and over": {"Demographic": null, "2020": 137, "2024": 135, "2029": 148, "% OF TOTAL": 17.7, "% OF TOTAL.1": null, "% OF TOTAL.2": null}, "Total population: Median age": {"Demographic": null, "2020": 38, "2024": 38, "2029": 39, "% OF TOTAL": null, "% OF TOTAL.1": null, "% OF TOTAL.2": null}, "Total population: Under 5 years": {"Demographic": null, "2020": 69, "2024": 60, "2029": 53, "% OF TOTAL": 6.3, "% OF TOTAL.1": null, "% OF TOTAL.2": null}, "Total population: 5 - 9 years": {"Demographic": null, "2020": 52, "2024": 52, "2029": 49, "% OF TOTAL": 5.9, "% OF TOTAL.1": null, "% OF TOTAL.2": null}, "Total population: 10 - 14 years": {"Demographic": null, "2020": 59, "2024": 53, "2029": 47, "% OF TOTAL": 5.6, "% OF TOTAL.1": null, "% OF TOTAL.2": null}, "Total population: 15 - 19 years": {"Demographic": null, "2020": 65, "2024": 63, "2029": 54, "% OF TOTAL": 6.5, "% OF TOTAL.1": null, "% OF TOTAL.2": null}, "Total population: 20 - 24 years": {"Demographic": null, "2020": 57, "2024": 53, "2029": 52, "% OF TOTAL": 6.2, "% OF TOTAL.1": null, "% OF TOTAL.2": null}, "Total population: 25 - 29 years": {"Demographic": null, "2020": 79, "2024": 70, "2029": 60, "% OF TOTAL": 7.2, "% OF TOTAL.1": null, "% OF TOTAL.2": null}, "Total population: 30 - 34 years": {"Demographic": null, "2020": 48, "2024": 45, "2029": 47, "% OF TOTAL": 5.6, "% OF TOTAL.1": null, "% OF TOTAL.2": null}, "Total population: 35 - 39 years": {"Demographic": null, "2020": 70, "2024": 65, "2029": 57, "% OF TOTAL": 6.8, "% OF TOTAL.1": null, "% OF TOTAL.2": null}, "Total population: 40 - 44 years": {"Demographic": null, "2020": 60, "2024": 58, "2029": 57, "% OF TOTAL": 6.8, "% OF TOTAL.1": null, "% OF TOTAL.2": null}, "Total population: 45 - 49 years": {"Demographic": null, "2020": 61, "2024": 55, "2029": 55, "% OF TOTAL": 6.6, "% OF TOTAL.1": null, "% OF TOTAL.2": null}, "Total population: 50 - 54 years": {"Demographic": null, "2020": 51, "2024": 48, "2029": 46, "% OF TOTAL": 5.5, "% OF TOTAL.1": null, "% OF TOTAL.2": null}, "Total population: 55 - 59 years": {"Demographic": null, "2020": 73, "2024": 62, "2029": 51, "% OF TOTAL": 6.1, "% OF TOTAL.1": null, "% OF TOTAL.2": null}, "Total population: 60 - 64 years": {"Demographic": null, "2020": 73, "2024": 69, "2029": 59, "% OF TOTAL": 7.1, "% OF TOTAL.1": null, "% OF TOTAL.2": null}, "Total population: 65 - 69 years": {"Demographic": null, "2020": 52, "2024": 50, "2029": 50, "% OF TOTAL": 6.0, "% OF TOTAL.1": null, "% OF TOTAL.2": null}, "Total population: 70 - 74 years": {"Demographic": null, "2020": 42, "2024": 41, "2029": 45, "% OF TOTAL": 5.4, "% OF TOTAL.1": null, "% OF TOTAL.2": null}, "Total population: 75 - 79 years": {"Demographic": null, "2020": 27, "2024": 29, "2029": 32, "% OF TOTAL": 3.8, "% OF TOTAL.1": null, "% OF TOTAL.2": null}, "Total population: 80 - 84 years": {"Demographic": null, "2020": 4, "2024": 4, "2029": 12, "% OF TOTAL": 1.4, "% OF TOTAL.1": null, "% OF TOTAL.2": null}, "Total population: 85 years and over": {"Demographic": null, "2020": 12, "2024": 11, "2029": 9, "% OF TOTAL": 1.1, "% OF TOTAL.1": null, "% OF TOTAL.2": null}, "Householders Age 15-24": {"Demographic": null, "2020": 15, "2024": 14, "2029": 13, "% OF TOTAL": 4.3, "% OF TOTAL.1": null, "% OF TOTAL.2": null}, "Householders Age 25-34": {"Demographic": null, "2020": 31, "2024": 29, "2029": 27, "% OF TOTAL": 8.9, "% OF TOTAL.1": null, "% OF TOTAL.2": null}, "Householders Age 35-44": {"Demographic": null, "2020": 56, "2024": 52, "2029": 48, "% OF TOTAL": 15.8, "% OF TOTAL.1": null, "% OF TOTAL.2": null}, "Householders Age 45-54": {"Demographic": null, "2020": 54, "2024": 51, "2029": 50, "% OF TOTAL": 16.4, "% OF TOTAL.1": null, "% OF TOTAL.2": null}, "Householders Age 55-64": {"Demographic": null, "2020": 92, "2024": 88, "2029": 73, "% OF TOTAL": 24.0, "% OF TOTAL.1": null, "% OF TOTAL.2": null}, "Householders Age 65-74": {"Demographic": null, "2020": 56, "2024": 52, "2029": 54, "% OF TOTAL": 17.8, "% OF TOTAL.1": null, "% OF TOTAL.2": null}, "Householders Age 75+": {"Demographic": null, "2020": 35, "2024": 33, "2029": 39, "% OF TOTAL": 12.8, "% OF TOTAL.1": null, "% OF TOTAL.2": null}, "Household income: Average": {"Demographic": null, "2020": 73002, "2024": 85118, "2029": 107508, "% OF TOTAL": null, "% OF TOTAL.1": null, "% OF TOTAL.2": null}, "Household income: Less than 25k": {"Demographic": null, "2020": 32, "2024": 26, "2029": 21, "% OF TOTAL": 6.9, "% OF TOTAL.1": null, "% OF TOTAL.2": null}, "Household income: 25k - 50k": {"Demographic": null, "2020": 92, "2024": 91, "2029": 64, "% OF TOTAL": 21.1, "% OF TOTAL.1": null, "% OF TOTAL.2": null}, "Household income: 50k - 75k": {"Demographic": null, "2020": 84, "2024": 69, "2029": 64, "% OF TOTAL": 21.1, "% OF TOTAL.1": null, "% OF TOTAL.2": null}, "Household income: 75k - 100k": {"Demographic": null, "2020": 39, "2024": 30, "2029": 35, "% OF TOTAL": 11.5, "% OF TOTAL.1": null, "% OF TOTAL.2": null}, "Household income: 100k - 125k": {"Demographic": null, "2020": 61, "2024": 64, "2029": 60, "% OF TOTAL": 19.7, "% OF TOTAL.1": null, "% OF TOTAL.2": null}, "Household income: 125k - 150k": {"Demographic": null, "2020": 23, "2024": 18, "2029": 21, "% OF TOTAL": 6.9, "% OF TOTAL.1": null, "% OF TOTAL.2": null}, "Household income: 150k - 200k": {"Demographic": null, "2020": 0, "2024": 0, "2029": 0, "% OF TOTAL": 0.0, "% OF TOTAL.1": null, "% OF TOTAL.2": null}, "Household income: Above 200k": {"Demographic": null, "2020": 8, "2024": 21, "2029": 39, "% OF TOTAL": 12.8, "% OF TOTAL.1": null, "% OF TOTAL.2": null}, "White Alone": {"Demographic": null, "2020": 708, "2024": 650, "2029": 609, "% OF TOTAL": 72.9, "% OF TOTAL.1": null, "% OF TOTAL.2": null}, "Black or African American Alone": {"Demographic": null, "2020": 109, "2024": 102, "2029": 97, "% OF TOTAL": 11.6, "% OF TOTAL.1": null, "% OF TOTAL.2": null}, "American Indian and Alaska Native Alone": {"Demographic": null, "2020": 5, "2024": 5, "2029": 5, "% OF TOTAL": 0.6, "% OF TOTAL.1": null, "% OF TOTAL.2": null}, "Asian Alone": {"Demographic": null, "2020": 59, "2024": 57, "2029": 54, "% OF TOTAL": 6.5, "% OF TOTAL.1": null, "% OF TOTAL.2": null}, "Native Hawaiian and OPI Alone": {"Demographic": null, "2020": 3, "2024": 3, "2029": 3, "% OF TOTAL": 0.4, "% OF TOTAL.1": null, "% OF TOTAL.2": null}, "Some Other Race Alone": {"Demographic": null, "2020": 17, "2024": 16, "2029": 15, "% OF TOTAL": 1.8, "% OF TOTAL.1": null, "% OF TOTAL.2": null}, "Two or More Races Alone": {"Demographic": null, "2020": 53, "2024": 55, "2029": 52, "% OF TOTAL": 6.2, "% OF TOTAL.1": null, "% OF TOTAL.2": null}, "Not Hispanic or Latino": {"Demographic": null, "2020": 909, "2024": 843, "2029": 792, "% OF TOTAL": 94.9, "% OF TOTAL.1": null, "% OF TOTAL.2": null}, "Hispanic or Latino": {"Demographic": null, "2020": 45, "2024": 45, "2029": 43, "% OF TOTAL": 5.1, "% OF TOTAL.1": null, "% OF TOTAL.2": null}, "Total Housing Units": {"Demographic": null, "2020": 374, "2024": null, "2029": null, "% OF TOTAL": null, "% OF TOTAL.1": null, "% OF TOTAL.2": null}, "Owner Occupied Housing Units": {"Demographic": null, "2020": 289, "2024": 272, "2029": null, "% OF TOTAL": null, "% OF TOTAL.1": null, "% OF TOTAL.2": null}, "Renter Occupied Housing Units": {"Demographic": null, "2020": 50, "2024": 47, "2029": null, "% OF TOTAL": null, "% OF TOTAL.1": null, "% OF TOTAL.2": null}, "Housing Units Value Less Than 100k": {"Demographic": null, "2020": 115, "2024": 109, "2029": null, "% OF TOTAL": null, "% OF TOTAL.1": null, "% OF TOTAL.2": null}, "Housing Units Value 100k - 200k": {"Demographic": null, "2020": 123, "2024": 115, "2029": null, "% OF TOTAL": null, "% OF TOTAL.1": null, "% OF TOTAL.2": null}, "Housing Units Value 200k - 250k": {"Demographic": null, "2020": 9, "2024": 9, "2029": null, "% OF TOTAL": null, "% OF TOTAL.1": null, "% OF TOTAL.2": null}, "Housing Units Value 250k - 300k": {"Demographic": null, "2020": 28, "2024": 26, "2029": null, "% OF TOTAL": null, "% OF TOTAL.1": null, "% OF TOTAL.2": null}, "Housing Units Value 300k - 400k": {"Demographic": null, "2020": 0, "2024": 0, "2029": null, "% OF TOTAL": null, "% OF TOTAL.1": null, "% OF TOTAL.2": null}, "Housing Units Value 400k - 500k": {"Demographic": null, "2020": 14, "2024": 13, "2029": null, "% OF TOTAL": null, "% OF TOTAL.1": null, "% OF TOTAL.2": null}, "Housing Units Value 500k - 750k": {"Demographic": null, "2020": 0, "2024": 0, "2029": null, "% OF TOTAL": null, "% OF TOTAL.1": null, "% OF TOTAL.2": null}, "Housing Units Value 750k - 1m": {"Demographic": null, "2020": 0, "2024": 0, "2029": null, "% OF TOTAL": null, "% OF TOTAL.1": null, "% OF TOTAL.2": null}, "Housing Units Value 1m - 1.5m": {"Demographic": null, "2020": 0, "2024": 0, "2029": null, "% OF TOTAL": null, "% OF TOTAL.1": null, "% OF TOTAL.2": null}, "Housing Units Value 1.5m - 2m": {"Demographic": null, "2020": 0, "2024": 0, "2029": null, "% OF TOTAL": null, "% OF TOTAL.1": null, "% OF TOTAL.2": null}, "Housing Units Value >2m": {"Demographic": null, "2020": 0, "2024": 0, "2029": null, "% OF TOTAL": null, "% OF TOTAL.1": null, "% OF TOTAL.2": null}, "Take Car or Truck to Work": {"Demographic": null, "2020": 452, "2024": 416, "2029": null, "% OF TOTAL": null, "% OF TOTAL.1": null, "% OF TOTAL.2": null}, "Take Public Transportation to Work": {"Demographic": null, "2020": 0, "2024": 0, "2029": null, "% OF TOTAL": null, "% OF TOTAL.1": null, "% OF TOTAL.2": null}, "Take Other Means of Transportation to Work": {"Demographic": null, "2020": 0, "2024": 0, "2029": null, "% OF TOTAL": null, "% OF TOTAL.1": null, "% OF TOTAL.2": null}, "Average Travel Time (min)": {"Demographic": null, "2020": 29, "2024": 29, "2029": null, "% OF TOTAL": null, "% OF TOTAL.1": null, "% OF TOTAL.2": null}, "Travel Below 30 Min to Work": {"Demographic": null, "2020": 331, "2024": 305, "2029": null, "% OF TOTAL": null, "% OF TOTAL.1": null, "% OF TOTAL.2": null}, "Travel 30-60 Min to Work": {"Demographic": null, "2020": 87, "2024": 80, "2029": null, "% OF TOTAL": null, "% OF TOTAL.1": null, "% OF TOTAL.2": null}, "Travel Above 60 Min to Work": {"Demographic": null, "2020": 63, "2024": 31, "2029": null, "% OF TOTAL": null, "% OF TOTAL.1": null, "% OF TOTAL.2": null}, "Educational Attainment: No High School Diploma": {"Demographic": null, "2020": 348, "2024": 324, "2029": null, "% OF TOTAL": null, "% OF TOTAL.1": null, "% OF TOTAL.2": null}, "Educational Attainment: High School Diploma": {"Demographic": null, "2020": 218, "2024": 203, "2029": null, "% OF TOTAL": null, "% OF TOTAL.1": null, "% OF TOTAL.2": null}, "Educational Attainment: Some College": {"Demographic": null, "2020": 260, "2024": 242, "2029": null, "% OF TOTAL": null, "% OF TOTAL.1": null, "% OF TOTAL.2": null}, "Educational Attainment: Associate's Degree": {"Demographic": null, "2020": 82, "2024": 76, "2029": null, "% OF TOTAL": null, "% OF TOTAL.1": null, "% OF TOTAL.2": null}, "Educational Attainment: Bachelors Degree": {"Demographic": null, "2020": 61, "2024": 57, "2029": null, "% OF TOTAL": null, "% OF TOTAL.1": null, "% OF TOTAL.2": null}, "Educational Attainment: Advanced Degree": {"Demographic": null, "2020": 44, "2024": 41, "2029": null, "% OF TOTAL": null, "% OF TOTAL.1": null, "% OF TOTAL.2": null}, "Households: Number of vehicles available - Average": {"Demographic": null, "2020": 2, "2024": 2, "2029": null, "% OF TOTAL": null, "% OF TOTAL.1": null, "% OF TOTAL.2": null}, "Households: No Vehicle available": {"Demographic": null, "2020": 9, "2024": 8, "2029": null, "% OF TOTAL": null, "% OF TOTAL.1": null, "% OF TOTAL.2": null}, "Households: 1 Vehicle available": {"Demographic": null, "2020": 89, "2024": 84, "2029": null, "% OF TOTAL": null, "% OF TOTAL.1": null, "% OF TOTAL.2": null}, "Households: 2 Vehicles available": {"Demographic": null, "2020": 104, "2024": 98, "2029": null, "% OF TOTAL": null, "% OF TOTAL.1": null, "% OF TOTAL.2": null}, "Households: 3 Vehicles available": {"Demographic": null, "2020": 92, "2024": 87, "2029": null, "% OF TOTAL": null, "% OF TOTAL.1": null, "% OF TOTAL.2": null}, "Households: 4 or more Vehicles available": {"Demographic": null, "2020": 45, "2024": 42, "2029": null, "% OF TOTAL": null, "% OF TOTAL.1": null, "% OF TOTAL.2": null}}, "household_trends": {"Households": {"Demographic": null, "2020": 339, "2024": 319, "2029": 304, "% OF TOTAL": null, "% OF TOTAL.1": null, "% OF TOTAL.2": null}, "Households Growth": {"Demographic": null, "2020": null, "2024": -5.9, "2029": -4.7, "% OF TOTAL": null, "% OF TOTAL.1": null, "% OF TOTAL.2": null}, "Householder Age 15-24": {"Demographic": null, "2020": 15, "2024": 14, "2029": 13, "% OF TOTAL": 4.3, "% OF TOTAL.1": null, "% OF TOTAL.2": null}, "Householder Age 25-34": {"Demographic": null, "2020": 31, "2024": 29, "2029": 27, "% OF TOTAL": 8.9, "% OF TOTAL.1": null, "% OF TOTAL.2": null}, "Householder Age 35-44": {"Demographic": null, "2020": 56, "2024": 52, "2029": 48, "% OF TOTAL": 15.8, "% OF TOTAL.1": null, "% OF TOTAL.2": null}, "Householder Age 45-54": {"Demographic": null, "2020": 54, "2024": 51, "2029": 50, "% OF TOTAL": 16.4, "% OF TOTAL.1": null, "% OF TOTAL.2": null}, "Householder Age 55-64": {"Demographic": null, "2020": 92, "2024": 88, "2029": 73, "% OF TOTAL": 24.0, "% OF TOTAL.1": null, "% OF TOTAL.2": null}, "Householder Age 65-74": {"Demographic": null, "2020": 56, "2024": 52, "2029": 54, "% OF TOTAL": 17.8, "% OF TOTAL.1": null, "% OF TOTAL.2": null}, "Householder Age 75+": {"Demographic": null, "2020": 35, "2024": 33, "2029": 39, "% OF TOTAL": 12.8, "% OF TOTAL.1": null, "% OF TOTAL.2": null}, "Average Household Size": {"Demographic": null, "2020": 2.8, "2024": 2.8, "2029": 2.7, "% OF TOTAL": null, "% OF TOTAL.1": null, "% OF TOTAL.2": null}, "1 Person Households": {"Demographic": null, "2020": 51, "2024": 46, "2029": 44, "% OF TOTAL": 14.5, "% OF TOTAL.1": null, "% OF TOTAL.2": null}, "2 Person Households": {"Demographic": null, "2020": 162, "2024": 151, "2029": 145, "% OF TOTAL": 47.7, "% OF TOTAL.1": null, "% OF TOTAL.2": null}, "3 Person Households": {"Demographic": null, "2020": 42, "2024": 39, "2029": 37, "% OF TOTAL": 12.2, "% OF TOTAL.1": null, "% OF TOTAL.2": null}, "4 Person Households": {"Demographic": null, "2020": 30, "2024": 32, "2029": 30, "% OF TOTAL": 9.9, "% OF TOTAL.1": null, "% OF TOTAL.2": null}, "5 Person Households": {"Demographic": null, "2020": 36, "2024": 34, "2029": 32, "% OF TOTAL": 10.5, "% OF TOTAL.1": null, "% OF TOTAL.2": null}, "6 Person Households": {"Demographic": null, "2020": 6, "2024": 6, "2029": 6, "% OF TOTAL": 2.0, "% OF TOTAL.1": null, "% OF TOTAL.2": null}, "7+ Person Households": {"Demographic": null, "2020": 12, "2024": 11, "2029": 10, "% OF TOTAL": 3.3, "% OF TOTAL.1": null, "% OF TOTAL.2": null}, "Household Type: Family": {"Demographic": null, "2020": 264, "2024": 248, "2029": null, "% OF TOTAL": null, "% OF TOTAL.1": null, "% OF TOTAL.2": null}, "Household Type: Married Family": {"Demographic": null, "2020": 173, "2024": 162, "2029": null, "% OF TOTAL": null, "% OF TOTAL.1": null, "% OF TOTAL.2": null}, "Household Type: Married Family With Children": {"Demographic": null, "2020": 57, "2024": 53, "2029": null, "% OF TOTAL": null, "% OF TOTAL.1": null, "% OF TOTAL.2": null}, "Household Type: Married Family Without Children": {"Demographic": null, "2020": 116, "2024": 109, "2029": null, "% OF TOTAL": null, "% OF TOTAL.1": null, "% OF TOTAL.2": null}, "Household Type: Other Family": {"Demographic": null, "2020": 91, "2024": 86, "2029": null, "% OF TOTAL": null, "% OF TOTAL.1": null, "% OF TOTAL.2": null}, "Household Type: Male Households, No Wife": {"Demographic": null, "2020": 32, "2024": 30, "2029": null, "% OF TOTAL": null, "% OF TOTAL.1": null, "% OF TOTAL.2": null}, "Household Type: Male Households, No Wife With Children": {"Demographic": null, "2020": 13, "2024": 12, "2029": null, "% OF TOTAL": null, "% OF TOTAL.1": null, "% OF TOTAL.2": null}, "Household Type: Male Households, No Wife Without Children": {"Demographic": null, "2020": 19, "2024": 18, "2029": null, "% OF TOTAL": null, "% OF TOTAL.1": null, "% OF TOTAL.2": null}, "Household Type: Female Households, No Husband": {"Demographic": null, "2020": 59, "2024": 56, "2029": null, "% OF TOTAL": null, "% OF TOTAL.1": null, "% OF TOTAL.2": null}, "Household Type: Female Households, No Husband With Children": {"Demographic": null, "2020": 20, "2024": 19, "2029": null, "% OF TOTAL": null, "% OF TOTAL.1": null, "% OF TOTAL.2": null}, "Household Type: Female Households, No Husband Without Children": {"Demographic": null, "2020": 39, "2024": 37, "2029": null, "% OF TOTAL": null, "% OF TOTAL.1": null, "% OF TOTAL.2": null}, "Household Income: Average": {"Demographic": null, "2020": 73002, "2024": 85118, "2029": 107508, "% OF TOTAL": null, "% OF TOTAL.1": null, "% OF TOTAL.2": null}, "Household Income: Median": {"Demographic": null, "2020": 0, "2024": 56641, "2029": 77143, "% OF TOTAL": null, "% OF TOTAL.1": null, "% OF TOTAL.2": null}, "Household Income: Less than $25k": {"Demographic": null, "2020": 32, "2024": 26, "2029": 21, "% OF TOTAL": 6.9, "% OF TOTAL.1": null, "% OF TOTAL.2": null}, "Household Income: $25k - $50k": {"Demographic": null, "2020": 92, "2024": 91, "2029": 64, "% OF TOTAL": 21.1, "% OF TOTAL.1": null, "% OF TOTAL.2": null}, "Household Income: $50k - $75k": {"Demographic": null, "2020": 84, "2024": 69, "2029": 64, "% OF TOTAL": 21.1, "% OF TOTAL.1": null, "% OF TOTAL.2": null}, "Household Income: $75k - $100k": {"Demographic": null, "2020": 39, "2024": 30, "2029": 35, "% OF TOTAL": 11.5, "% OF TOTAL.1": null, "% OF TOTAL.2": null}, "Household Income: $100k - $125k": {"Demographic": null, "2020": 61, "2024": 64, "2029": 60, "% OF TOTAL": 19.7, "% OF TOTAL.1": null, "% OF TOTAL.2": null}, "Household Income: $125k - $150k": {"Demographic": null, "2020": 23, "2024": 18, "2029": 21, "% OF TOTAL": 6.9, "% OF TOTAL.1": null, "% OF TOTAL.2": null}, "Household Income: $150k - $200k": {"Demographic": null, "2020": 0, "2024": 0, "2029": 0, "% OF TOTAL": 0.0, "% OF TOTAL.1": null, "% OF TOTAL.2": null}, "Household Income: Above $200k": {"Demographic": null, "2020": 8, "2024": 21, "2029": 39, "% OF TOTAL": 12.8, "% OF TOTAL.1": null, "% OF TOTAL.2": null}, "Total Housing Units": {"Demographic": null, "2020": 374, "2024": null, "2029": null, "% OF TOTAL": null, "% OF TOTAL.1": null, "% OF TOTAL.2": null}, "Owner Occupied Housing Units": {"Demographic": null, "2020": 289, "2024": 272, "2029": null, "% OF TOTAL": null, "% OF TOTAL.1": null, "% OF TOTAL.2": null}, "Renter Occupied Housing Units": {"Demographic": null, "2020": 50, "2024": 47, "2029": null, "% OF TOTAL": null, "% OF TOTAL.1": null, "% OF TOTAL.2": null}, "Vacant Housing Units": {"Demographic": null, "2020": 35, "2024": null, "2029": null, "% OF TOTAL": null, "% OF TOTAL.1": null, "% OF TOTAL.2": null}, "Vacant Housing Units: Seasonal": {"Demographic": null, "2020": 0, "2024": null, "2029": null, "% OF TOTAL": null, "% OF TOTAL.1": null, "% OF TOTAL.2": null}, "Vacant Housing Units: Other Usage": {"Demographic": null, "2020": 35, "2024": null, "2029": null, "% OF TOTAL": null, "% OF TOTAL.1": null, "% OF TOTAL.2": null}, "Average Housing Unit Value": {"Demographic": null, "2020": 137690, "2024": 137252, "2029": null, "% OF TOTAL": null, "% OF TOTAL.1": null, "% OF TOTAL.2": null}, "Median Housing Unit Value": {"Demographic": null, "2020": 115692, "2024": 115341, "2029": null, "% OF TOTAL": null, "% OF TOTAL.1": null, "% OF TOTAL.2": null}, "Housing Unit Value Less Than $100k": {"Demographic": null, "2020": 115, "2024": 109, "2029": null, "% OF TOTAL": null, "% OF TOTAL.1": null, "% OF TOTAL.2": null}, "Housing Unit Value $100k-$200k": {"Demographic": null, "2020": 123, "2024": 115, "2029": null, "% OF TOTAL": null, "% OF TOTAL.1": null, "% OF TOTAL.2": null}, "Housing Unit Value $200k-$250k": {"Demographic": null, "2020": 9, "2024": 9, "2029": null, "% OF TOTAL": null, "% OF TOTAL.1": null, "% OF TOTAL.2": null}, "Housing Unit Value $250k-$300k": {"Demographic": null, "2020": 28, "2024": 26, "2029": null, "% OF TOTAL": null, "% OF TOTAL.1": null, "% OF TOTAL.2": null}, "Housing Unit Value $300k-$400k": {"Demographic": null, "2020": 0, "2024": 0, "2029": null, "% OF TOTAL": null, "% OF TOTAL.1": null, "% OF TOTAL.2": null}, "Housing Unit Value $400k-$500k": {"Demographic": null, "2020": 14, "2024": 13, "2029": null, "% OF TOTAL": null, "% OF TOTAL.1": null, "% OF TOTAL.2": null}, "Housing Unit Value $500k-$750k": {"Demographic": null, "2020": 0, "2024": 0, "2029": null, "% OF TOTAL": null, "% OF TOTAL.1": null, "% OF TOTAL.2": null}, "Housing Unit Value $750k-$1m": {"Demographic": null, "2020": 0, "2024": 0, "2029": null, "% OF TOTAL": null, "% OF TOTAL.1": null, "% OF TOTAL.2": null}, "Housing Unit Value $1m-$1.5m": {"Demographic": null, "2020": 0, "2024": 0, "2029": null, "% OF TOTAL": null, "% OF TOTAL.1": null, "% OF TOTAL.2": null}, "Housing Unit Value $1.5m-$2m": {"Demographic": null, "2020": 0, "2024": 0, "2029": null, "% OF TOTAL": null, "% OF TOTAL.1": null, "% OF TOTAL.2": null}, "Housing Unit Value Above $2m": {"Demographic": null, "2020": 0, "2024": 0, "2029": null, "% OF TOTAL": null, "% OF TOTAL.1": null, "% OF TOTAL.2": null}, "Median Housing Unit Year Built": {"Demographic": null, "2020": 1992, "2024": 1992, "2029": null, "% OF TOTAL": null, "% OF TOTAL.1": null, "% OF TOTAL.2": null}, "Housing Units Built 2014 Or After": {"Demographic": null, "2020": 0, "2024": 0, "2029": null, "% OF TOTAL": null, "% OF TOTAL.1": null, "% OF TOTAL.2": null}, "Housing Units Built 2010-2013": {"Demographic": null, "2020": 0, "2024": 0, "2029": null, "% OF TOTAL": null, "% OF TOTAL.1": null, "% OF TOTAL.2": null}, "Housing Units Built 2000-2009": {"Demographic": null, "2020": 41, "2024": 39, "2029": null, "% OF TOTAL": null, "% OF TOTAL.1": null, "% OF TOTAL.2": null}, "Housing Units Built 1990-1999": {"Demographic": null, "2020": 156, "2024": 147, "2029": null, "% OF TOTAL": null, "% OF TOTAL.1": null, "% OF TOTAL.2": null}, "Housing Units Built 1980-1989": {"Demographic": null, "2020": 30, "2024": 28, "2029": null, "% OF TOTAL": null, "% OF TOTAL.1": null, "% OF TOTAL.2": null}, "Housing Units Built 1970-1979": {"Demographic": null, "2020": 63, "2024": 59, "2029": null, "% OF TOTAL": null, "% OF TOTAL.1": null, "% OF TOTAL.2": null}, "Housing Units Built 1960-1969": {"Demographic": null, "2020": 32, "2024": 30, "2029": null, "% OF TOTAL": null, "% OF TOTAL.1": null, "% OF TOTAL.2": null}, "Housing Units Built 1950-1959": {"Demographic": null, "2020": 8, "2024": 7, "2029": null, "% OF TOTAL": null, "% OF TOTAL.1": null, "% OF TOTAL.2": null}, "Housing Units Built 1940-1949": {"Demographic": null, "2020": 9, "2024": 9, "2029": null, "% OF TOTAL": null, "% OF TOTAL.1": null, "% OF TOTAL.2": null}, "Housing Units Built Before 1940": {"Demographic": null, "2020": 0, "2024": 0, "2029": null, "% OF TOTAL": null, "% OF TOTAL.1": null, "% OF TOTAL.2": null}}}, "geometry": {"type": "Polygon", "coordinates": [[[-88.197821, 30.529448], [-88.197465, 30.500409], [-88.230999, 30.500097], [-88.231155, 30.512408], [-88.213891, 30.519211], [-88.199056, 30.529436], [-88.197821, 30.529448]]]}}, {"type": "Feature", "properties": {"block": "011", "block_num": 11, "CentroidLon": -88.24177715961804, "CentroidLat": 30.504096540444955, "data_status": "no data", "is_anomalous": false, "anomaly_reason": null, "files_present": ""}, "geometry": {"type": "Polygon", "coordinates": [[[-88.230999, 30.500097], [-88.263515, 30.499786], [-88.262051, 30.500224], [-88.231155, 30.512408], [-88.230999, 30.500097]]]}}, {"type": "Feature", "properties": {"block": "012", "block_num": 12, "CentroidLon": -88.09232131865187, "CentroidLat": 30.487496375638944, "data_status": "no data", "is_anomalous": false, "anomaly_reason": null, "files_present": ""}, "geometry": {"type": "Polygon", "coordinates": [[[-88.096533, 30.472255], [-88.096859, 30.501294], [-88.08692, 30.501378], [-88.089059, 30.472317], [-88.096533, 30.472255]]]}}, {"type": "Feature", "properties": {"block": "013", "block_num": 13, "CentroidLon": -88.21405201239115, "CentroidLat": 30.4857342196565, "data_status": "no data", "is_anomalous": false, "anomaly_reason": null, "files_present": ""}, "geometry": {"type": "Polygon", "coordinates": [[[-88.230634, 30.471058], [-88.230999, 30.500097], [-88.197465, 30.500409], [-88.19711, 30.47137], [-88.230634, 30.471058]]]}}, {"type": "Feature", "properties": {"block": "014", "block_num": 14, "CentroidLon": -88.18052251488973, "CentroidLat": 30.48604222068182, "data_status": "no data", "is_anomalous": false, "anomaly_reason": null, "files_present": ""}, "geometry": {"type": "Polygon", "coordinates": [[[-88.19711, 30.47137], [-88.197465, 30.500409], [-88.16393, 30.500713], [-88.163585, 30.471674], [-88.19711, 30.47137]]]}}, {"type": "Feature", "properties": {"block": "015", "block_num": 15, "CentroidLon": -88.14699216409412, "CentroidLat": 30.486341399386816, "data_status": "usable", "is_anomalous": false, "anomaly_reason": null, "files_present": "DemographicSnapshot-26.08.06.csv;PopulationTrends-26.08.06.csv;HouseholdTrends-26.08.06.csv;HouseholdIncomeByAge-26.08.06.csv;ConsumerSegmentation-26.08.06.csv", "population_2024": 1401, "population_2029": 1530, "households_2024": 588, "households_2029": 653, "median_household_income_2024": 80337, "median_household_income_2029": 106466, "mean_household_income_2024": null, "mean_household_income_2029": null, "median_age_2024": 52, "median_age_2029": 53, "median_home_value_2024": 263168, "average_household_size_2024": 2.4, "average_household_size_2029": 2.3, "population_growth_2024_2029": 6.0, "households_growth_2024_2029": 7.3, "consumer_segments": {"Active Adult Elite": {"households": 69, "pct": 19.2}, "Simple Life Moderate Income No Children": {"households": 65, "pct": 18.1}, "Simple Life Moderate Income With Children": {"households": 58, "pct": 16.2}, "Renters": {"households": 50, "pct": 13.9}, "Simple Life Affluent No Children": {"households": 35, "pct": 9.7}, "Family Life Young Children": {"households": 34, "pct": 9.5}, "Renters Near Term Buyers": {"households": 18, "pct": 5.0}, "Active Adult Feature and Location": {"households": 16, "pct": 4.5}, "Active Adult Entry Level": {"households": 14, "pct": 3.9}, "Elite": {"households": 0, "pct": 0.0}, "Family Life School Age Children": {"households": 0, "pct": 0.0}, "Feature and Location": {"households": 0, "pct": 0.0}, "Entry Level Urban": {"households": 0, "pct": 0.0}, "Entry Level Suburban": {"households": 0, "pct": 0.0}}, "income_age": {"2020": {}, "2024": {}, "2029": {}}, "population_trends": {"Total Population": {"Demographic": null, "2020": 1322, "2024": 1401, "2029": 1530, "% OF TOTAL": null, "% OF TOTAL.1": null, "% OF TOTAL.2": null}, "Population Growth": {"Demographic": null, "2020": null, "2024": 6.0, "2029": 9.2, "% OF TOTAL": null, "% OF TOTAL.1": null, "% OF TOTAL.2": null}, "Female Population": {"Demographic": null, "2020": 656, "2024": 697, "2029": 762, "% OF TOTAL": 49.8, "% OF TOTAL.1": null, "% OF TOTAL.2": null}, "Male Population": {"Demographic": null, "2020": 666, "2024": 704, "2029": 768, "% OF TOTAL": 50.2, "% OF TOTAL.1": null, "% OF TOTAL.2": null}, "Total population: Median Age": {"Demographic": null, "2020": 52, "2024": 52, "2029": 53, "% OF TOTAL": null, "% OF TOTAL.1": null, "% OF TOTAL.2": null}, "Total population: Under 5 years": {"Demographic": null, "2020": 47, "2024": 48, "2029": 54, "% OF TOTAL": 3.5, "% OF TOTAL.1": null, "% OF TOTAL.2": null}, "Total population: 5 - 9 years": {"Demographic": null, "2020": 54, "2024": 60, "2029": 59, "% OF TOTAL": 3.9, "% OF TOTAL.1": null, "% OF TOTAL.2": null}, "Total population: 10 - 14 years": {"Demographic": null, "2020": 59, "2024": 61, "2029": 62, "% OF TOTAL": 4.1, "% OF TOTAL.1": null, "% OF TOTAL.2": null}, "Total population: 15 - 19 years": {"Demographic": null, "2020": 74, "2024": 83, "2029": 79, "% OF TOTAL": 5.2, "% OF TOTAL.1": null, "% OF TOTAL.2": null}, "Total population: 20 - 24 years": {"Demographic": null, "2020": 56, "2024": 58, "2029": 72, "% OF TOTAL": 4.7, "% OF TOTAL.1": null, "% OF TOTAL.2": null}, "Total population: 25 - 29 years": {"Demographic": null, "2020": 60, "2024": 60, "2029": 63, "% OF TOTAL": 4.1, "% OF TOTAL.1": null, "% OF TOTAL.2": null}, "Total population: 30 - 34 years": {"Demographic": null, "2020": 63, "2024": 68, "2029": 70, "% OF TOTAL": 4.6, "% OF TOTAL.1": null, "% OF TOTAL.2": null}, "Total population: 35 - 39 years": {"Demographic": null, "2020": 59, "2024": 62, "2029": 72, "% OF TOTAL": 4.7, "% OF TOTAL.1": null, "% OF TOTAL.2": null}, "Total population: 40 - 44 years": {"Demographic": null, "2020": 74, "2024": 81, "2029": 83, "% OF TOTAL": 5.4, "% OF TOTAL.1": null, "% OF TOTAL.2": null}, "Total population: 45 - 49 years": {"Demographic": null, "2020": 62, "2024": 62, "2029": 78, "% OF TOTAL": 5.1, "% OF TOTAL.1": null, "% OF TOTAL.2": null}, "Total population: 50 - 54 years": {"Demographic": null, "2020": 106, "2024": 110, "2029": 101, "% OF TOTAL": 6.6, "% OF TOTAL.1": null, "% OF TOTAL.2": null}, "Total population: 55 - 59 years": {"Demographic": null, "2020": 118, "2024": 112, "2029": 117, "% OF TOTAL": 7.6, "% OF TOTAL.1": null, "% OF TOTAL.2": null}, "Total population: 60 - 64 years": {"Demographic": null, "2020": 155, "2024": 161, "2029": 149, "% OF TOTAL": 9.7, "% OF TOTAL.1": null, "% OF TOTAL.2": null}, "Total population: 65 - 69 years": {"Demographic": null, "2020": 128, "2024": 141, "2029": 161, "% OF TOTAL": 10.5, "% OF TOTAL.1": null, "% OF TOTAL.2": null}, "Total population: 70 - 74 years": {"Demographic": null, "2020": 96, "2024": 103, "2029": 129, "% OF TOTAL": 8.4, "% OF TOTAL.1": null, "% OF TOTAL.2": null}, "Total population: 75 - 79 years": {"Demographic": null, "2020": 59, "2024": 73, "2029": 94, "% OF TOTAL": 6.1, "% OF TOTAL.1": null, "% OF TOTAL.2": null}, "Total population: 80 - 84 years": {"Demographic": null, "2020": 28, "2024": 32, "2029": 53, "% OF TOTAL": 3.5, "% OF TOTAL.1": null, "% OF TOTAL.2": null}, "Total population: 85 years and over": {"Demographic": null, "2020": 24, "2024": 26, "2029": 34, "% OF TOTAL": 2.2, "% OF TOTAL.1": null, "% OF TOTAL.2": null}, "Female population: Median Age": {"Demographic": null, "2020": 52, "2024": 52, "2029": 53, "% OF TOTAL": null, "% OF TOTAL.1": null, "% OF TOTAL.2": null}, "Female population: Under 5 years": {"Demographic": null, "2020": 21, "2024": 21, "2029": 24, "% OF TOTAL": 3.1, "% OF TOTAL.1": null, "% OF TOTAL.2": null}, "Female population: 5 - 9 years": {"Demographic": null, "2020": 22, "2024": 25, "2029": 24, "% OF TOTAL": 3.1, "% OF TOTAL.1": null, "% OF TOTAL.2": null}, "Female population: 10 - 14 years": {"Demographic": null, "2020": 25, "2024": 26, "2029": 26, "% OF TOTAL": 3.4, "% OF TOTAL.1": null, "% OF TOTAL.2": null}, "Female population: 15 - 19 years": {"Demographic": null, "2020": 44, "2024": 48, "2029": 42, "% OF TOTAL": 5.5, "% OF TOTAL.1": null, "% OF TOTAL.2": null}, "Female population: 20 - 24 years": {"Demographic": null, "2020": 25, "2024": 26, "2029": 37, "% OF TOTAL": 4.9, "% OF TOTAL.1": null, "% OF TOTAL.2": null}, "Female population: 25 - 29 years": {"Demographic": null, "2020": 33, "2024": 33, "2029": 33, "% OF TOTAL": 4.3, "% OF TOTAL.1": null, "% OF TOTAL.2": null}, "Female population: 30 - 34 years": {"Demographic": null, "2020": 36, "2024": 38, "2029": 39, "% OF TOTAL": 5.1, "% OF TOTAL.1": null, "% OF TOTAL.2": null}, "Female population: 35 - 39 years": {"Demographic": null, "2020": 31, "2024": 33, "2029": 39, "% OF TOTAL": 5.1, "% OF TOTAL.1": null, "% OF TOTAL.2": null}, "Female population: 40 - 44 years": {"Demographic": null, "2020": 31, "2024": 34, "2029": 37, "% OF TOTAL": 4.9, "% OF TOTAL.1": null, "% OF TOTAL.2": null}, "Female population: 45 - 49 years": {"Demographic": null, "2020": 32, "2024": 32, "2029": 38, "% OF TOTAL": 5.0, "% OF TOTAL.1": null, "% OF TOTAL.2": null}, "Female population: 50 - 54 years": {"Demographic": null, "2020": 58, "2024": 60, "2029": 55, "% OF TOTAL": 7.2, "% OF TOTAL.1": null, "% OF TOTAL.2": null}, "Female population: 55 - 59 years": {"Demographic": null, "2020": 54, "2024": 52, "2029": 58, "% OF TOTAL": 7.6, "% OF TOTAL.1": null, "% OF TOTAL.2": null}, "Female population: 60 - 64 years": {"Demographic": null, "2020": 74, "2024": 78, "2029": 71, "% OF TOTAL": 9.3, "% OF TOTAL.1": null, "% OF TOTAL.2": null}, "Female population: 65 - 69 years": {"Demographic": null, "2020": 68, "2024": 77, "2029": 85, "% OF TOTAL": 11.2, "% OF TOTAL.1": null, "% OF TOTAL.2": null}, "Female population: 70 - 74 years": {"Demographic": null, "2020": 51, "2024": 55, "2029": 70, "% OF TOTAL": 9.2, "% OF TOTAL.1": null, "% OF TOTAL.2": null}, "Female population: 75 - 79 years": {"Demographic": null, "2020": 21, "2024": 26, "2029": 41, "% OF TOTAL": 5.4, "% OF TOTAL.1": null, "% OF TOTAL.2": null}, "Female population: 80 - 84 years": {"Demographic": null, "2020": 13, "2024": 15, "2029": 22, "% OF TOTAL": 2.9, "% OF TOTAL.1": null, "% OF TOTAL.2": null}, "Female population: 85 years and over": {"Demographic": null, "2020": 17, "2024": 18, "2029": 21, "% OF TOTAL": 2.8, "% OF TOTAL.1": null, "% OF TOTAL.2": null}, "Male population: Median Age": {"Demographic": null, "2020": 52, "2024": 52, "2029": 53, "% OF TOTAL": null, "% OF TOTAL.1": null, "% OF TOTAL.2": null}, "Male population: Under 5 years": {"Demographic": null, "2020": 26, "2024": 27, "2029": 30, "% OF TOTAL": 3.9, "% OF TOTAL.1": null, "% OF TOTAL.2": null}, "Male population: 5 - 9 years": {"Demographic": null, "2020": 32, "2024": 35, "2029": 35, "% OF TOTAL": 4.6, "% OF TOTAL.1": null, "% OF TOTAL.2": null}, "Male population: 10 - 14 years": {"Demographic": null, "2020": 34, "2024": 35, "2029": 36, "% OF TOTAL": 4.7, "% OF TOTAL.1": null, "% OF TOTAL.2": null}, "Male population: 15 - 19 years": {"Demographic": null, "2020": 30, "2024": 35, "2029": 37, "% OF TOTAL": 4.8, "% OF TOTAL.1": null, "% OF TOTAL.2": null}, "Male population: 20 - 24 years": {"Demographic": null, "2020": 31, "2024": 32, "2029": 35, "% OF TOTAL": 4.6, "% OF TOTAL.1": null, "% OF TOTAL.2": null}, "Male population: 25 - 29 years": {"Demographic": null, "2020": 27, "2024": 27, "2029": 30, "% OF TOTAL": 3.9, "% OF TOTAL.1": null, "% OF TOTAL.2": null}, "Male population: 30 - 34 years": {"Demographic": null, "2020": 27, "2024": 30, "2029": 31, "% OF TOTAL": 4.0, "% OF TOTAL.1": null, "% OF TOTAL.2": null}, "Male population: 35 - 39 years": {"Demographic": null, "2020": 28, "2024": 29, "2029": 33, "% OF TOTAL": 4.3, "% OF TOTAL.1": null, "% OF TOTAL.2": null}, "Male population: 40 - 44 years": {"Demographic": null, "2020": 43, "2024": 47, "2029": 46, "% OF TOTAL": 6.0, "% OF TOTAL.1": null, "% OF TOTAL.2": null}, "Male population: 45 - 49 years": {"Demographic": null, "2020": 30, "2024": 30, "2029": 40, "% OF TOTAL": 5.2, "% OF TOTAL.1": null, "% OF TOTAL.2": null}, "Male population: 50 - 54 years": {"Demographic": null, "2020": 48, "2024": 50, "2029": 46, "% OF TOTAL": 6.0, "% OF TOTAL.1": null, "% OF TOTAL.2": null}, "Male population: 55 - 59 years": {"Demographic": null, "2020": 64, "2024": 60, "2029": 59, "% OF TOTAL": 7.7, "% OF TOTAL.1": null, "% OF TOTAL.2": null}, "Male population: 60 - 64 years": {"Demographic": null, "2020": 81, "2024": 83, "2029": 78, "% OF TOTAL": 10.2, "% OF TOTAL.1": null, "% OF TOTAL.2": null}, "Male population: 65 - 69 years": {"Demographic": null, "2020": 60, "2024": 64, "2029": 76, "% OF TOTAL": 9.9, "% OF TOTAL.1": null, "% OF TOTAL.2": null}, "Male population: 70 - 74 years": {"Demographic": null, "2020": 45, "2024": 48, "2029": 59, "% OF TOTAL": 7.7, "% OF TOTAL.1": null, "% OF TOTAL.2": null}, "Male population: 75 - 79 years": {"Demographic": null, "2020": 38, "2024": 47, "2029": 53, "% OF TOTAL": 6.9, "% OF TOTAL.1": null, "% OF TOTAL.2": null}, "Male population: 80 - 84 years": {"Demographic": null, "2020": 15, "2024": 17, "2029": 31, "% OF TOTAL": 4.0, "% OF TOTAL.1": null, "% OF TOTAL.2": null}, "Male population: 85 years and over": {"Demographic": null, "2020": 7, "2024": 8, "2029": 13, "% OF TOTAL": 1.7, "% OF TOTAL.1": null, "% OF TOTAL.2": null}, "White alone": {"Demographic": null, "2020": 1020, "2024": 1069, "2029": 1165, "% OF TOTAL": 76.1, "% OF TOTAL.1": null, "% OF TOTAL.2": null}, "Black alone": {"Demographic": null, "2020": 204, "2024": 218, "2029": 241, "% OF TOTAL": 15.8, "% OF TOTAL.1": null, "% OF TOTAL.2": null}, "American Indian and Alaska Native alone": {"Demographic": null, "2020": 5, "2024": 6, "2029": 6, "% OF TOTAL": 0.4, "% OF TOTAL.1": null, "% OF TOTAL.2": null}, "Asian alone": {"Demographic": null, "2020": 19, "2024": 21, "2029": 23, "% OF TOTAL": 1.5, "% OF TOTAL.1": null, "% OF TOTAL.2": null}, "Native Hawaiian and OPI alone": {"Demographic": null, "2020": 0, "2024": 0, "2029": 0, "% OF TOTAL": 0.0, "% OF TOTAL.1": null, "% OF TOTAL.2": null}, "Some other race alone": {"Demographic": null, "2020": 4, "2024": 4, "2029": 4, "% OF TOTAL": 0.3, "% OF TOTAL.1": null, "% OF TOTAL.2": null}, "Two or more races alone": {"Demographic": null, "2020": 70, "2024": 83, "2029": 91, "% OF TOTAL": 5.9, "% OF TOTAL.1": null, "% OF TOTAL.2": null}, "Not Hispanic: White alone": {"Demographic": null, "2020": 1008, "2024": 1055, "2029": 1149, "% OF TOTAL": 75.1, "% OF TOTAL.1": null, "% OF TOTAL.2": null}, "Not Hispanic: Black or African American alone": {"Demographic": null, "2020": 204, "2024": 218, "2029": 241, "% OF TOTAL": 15.8, "% OF TOTAL.1": null, "% OF TOTAL.2": null}, "Not Hispanic: American Indian and Alaska Native alone": {"Demographic": null, "2020": 3, "2024": 4, "2029": 4, "% OF TOTAL": 0.3, "% OF TOTAL.1": null, "% OF TOTAL.2": null}, "Not Hispanic: Asian alone": {"Demographic": null, "2020": 19, "2024": 21, "2029": 23, "% OF TOTAL": 1.5, "% OF TOTAL.1": null, "% OF TOTAL.2": null}, "Not Hispanic: Native Hawaiian and OPI alone": {"Demographic": null, "2020": 0, "2024": 0, "2029": 0, "% OF TOTAL": 0.0, "% OF TOTAL.1": null, "% OF TOTAL.2": null}, "Not Hispanic: Some Other Race alone": {"Demographic": null, "2020": 3, "2024": 3, "2029": 3, "% OF TOTAL": 0.2, "% OF TOTAL.1": null, "% OF TOTAL.2": null}, "Not Hispanic: Two or More Races": {"Demographic": null, "2020": 55, "2024": 65, "2029": 71, "% OF TOTAL": 4.6, "% OF TOTAL.1": null, "% OF TOTAL.2": null}, "Hispanic: White alone": {"Demographic": null, "2020": 12, "2024": 14, "2029": 16, "% OF TOTAL": 1.0, "% OF TOTAL.1": null, "% OF TOTAL.2": null}, "Hispanic: Black or African American alone": {"Demographic": null, "2020": 0, "2024": 0, "2029": 0, "% OF TOTAL": 0.0, "% OF TOTAL.1": null, "% OF TOTAL.2": null}, "Hispanic: American Indian and Alaska Native alone": {"Demographic": null, "2020": 2, "2024": 2, "2029": 2, "% OF TOTAL": 0.1, "% OF TOTAL.1": null, "% OF TOTAL.2": null}, "Hispanic: Asian alone": {"Demographic": null, "2020": 0, "2024": 0, "2029": 0, "% OF TOTAL": 0.0, "% OF TOTAL.1": null, "% OF TOTAL.2": null}, "Hispanic: Native Hawaiian and OPI alone": {"Demographic": null, "2020": 0, "2024": 0, "2029": 0, "% OF TOTAL": 0.0, "% OF TOTAL.1": null, "% OF TOTAL.2": null}, "Hispanic: Some Other Race alone": {"Demographic": null, "2020": 1, "2024": 1, "2029": 1, "% OF TOTAL": 0.1, "% OF TOTAL.1": null, "% OF TOTAL.2": null}, "Hispanic: Two or More Races": {"Demographic": null, "2020": 15, "2024": 18, "2029": 20, "% OF TOTAL": 1.3, "% OF TOTAL.1": null, "% OF TOTAL.2": null}, "Educational Attainment: No High School Diploma": {"Demographic": null, "2020": 87, "2024": 92, "2029": null, "% OF TOTAL": null, "% OF TOTAL.1": null, "% OF TOTAL.2": null}, "Educational Attainment: High School Diploma": {"Demographic": null, "2020": 283, "2024": 299, "2029": null, "% OF TOTAL": null, "% OF TOTAL.1": null, "% OF TOTAL.2": null}, "Educational Attainment: Some College": {"Demographic": null, "2020": 149, "2024": 158, "2029": null, "% OF TOTAL": null, "% OF TOTAL.1": null, "% OF TOTAL.2": null}, "Educational Attainment: Associates Degree": {"Demographic": null, "2020": 123, "2024": 130, "2029": null, "% OF TOTAL": null, "% OF TOTAL.1": null, "% OF TOTAL.2": null}, "Educational Attainment: Bachelors Degree": {"Demographic": null, "2020": 231, "2024": 244, "2029": null, "% OF TOTAL": null, "% OF TOTAL.1": null, "% OF TOTAL.2": null}, "Educational Attainment: Advanced Degree": {"Demographic": null, "2020": 159, "2024": 168, "2029": null, "% OF TOTAL": null, "% OF TOTAL.1": null, "% OF TOTAL.2": null}, "Employment Status: Armed Forces": {"Demographic": null, "2020": 0, "2024": 0, "2029": null, "% OF TOTAL": null, "% OF TOTAL.1": null, "% OF TOTAL.2": null}, "Employment Status: Civilian labor force employed": {"Demographic": null, "2020": 666, "2024": 706, "2029": null, "% OF TOTAL": null, "% OF TOTAL.1": null, "% OF TOTAL.2": null}, "Employment Status: Civilian labor force unemployed": {"Demographic": null, "2020": 12, "2024": 13, "2029": null, "% OF TOTAL": null, "% OF TOTAL.1": null, "% OF TOTAL.2": null}, "Employment Status: Not in labor force": {"Demographic": null, "2020": 470, "2024": 497, "2029": null, "% OF TOTAL": null, "% OF TOTAL.1": null, "% OF TOTAL.2": null}, "Employed in Agriculture and Mining Industries": {"Demographic": null, "2020": 0, "2024": 0, "2029": null, "% OF TOTAL": null, "% OF TOTAL.1": null, "% OF TOTAL.2": null}, "Employed in Construction Industries": {"Demographic": null, "2020": 85, "2024": 90, "2029": null, "% OF TOTAL": null, "% OF TOTAL.1": null, "% OF TOTAL.2": null}, "Employed in Manufacturing Industries": {"Demographic": null, "2020": 30, "2024": 32, "2029": null, "% OF TOTAL": null, "% OF TOTAL.1": null, "% OF TOTAL.2": null}, "Employed in Wholesale Industries": {"Demographic": null, "2020": 20, "2024": 21, "2029": null, "% OF TOTAL": null, "% OF TOTAL.1": null, "% OF TOTAL.2": null}, "Employed in Retail Industries": {"Demographic": null, "2020": 0, "2024": 0, "2029": null, "% OF TOTAL": null, "% OF TOTAL.1": null, "% OF TOTAL.2": null}, "Employed in Transportation and Utilities Industries": {"Demographic": null, "2020": 52, "2024": 55, "2029": null, "% OF TOTAL": null, "% OF TOTAL.1": null, "% OF TOTAL.2": null}, "Employed in Information Industries": {"Demographic": null, "2020": 8, "2024": 8, "2029": null, "% OF TOTAL": null, "% OF TOTAL.1": null, "% OF TOTAL.2": null}, "Employed in Real-Estate Industries": {"Demographic": null, "2020": 92, "2024": 98, "2029": null, "% OF TOTAL": null, "% OF TOTAL.1": null, "% OF TOTAL.2": null}, "Employed in Professional Industries": {"Demographic": null, "2020": 32, "2024": 34, "2029": null, "% OF TOTAL": null, "% OF TOTAL.1": null, "% OF TOTAL.2": null}, "Employed in Health and Education Industries": {"Demographic": null, "2020": 291, "2024": 308, "2029": null, "% OF TOTAL": null, "% OF TOTAL.1": null, "% OF TOTAL.2": null}, "Employed in Art Industries": {"Demographic": null, "2020": 14, "2024": 15, "2029": null, "% OF TOTAL": null, "% OF TOTAL.1": null, "% OF TOTAL.2": null}, "Employed in Other Industries": {"Demographic": null, "2020": 14, "2024": 15, "2029": null, "% OF TOTAL": null, "% OF TOTAL.1": null, "% OF TOTAL.2": null}, "Employed in Public Administration Industries": {"Demographic": null, "2020": 28, "2024": 30, "2029": null, "% OF TOTAL": null, "% OF TOTAL.1": null, "% OF TOTAL.2": null}, "Occupation: Management": {"Demographic": null, "2020": 187, "2024": 198, "2029": null, "% OF TOTAL": null, "% OF TOTAL.1": null, "% OF TOTAL.2": null}, "Occupation: Business and financial operations": {"Demographic": null, "2020": 12, "2024": 13, "2029": null, "% OF TOTAL": null, "% OF TOTAL.1": null, "% OF TOTAL.2": null}, "Occupation: Computer and mathematical": {"Demographic": null, "2020": 0, "2024": 0, "2029": null, "% OF TOTAL": null, "% OF TOTAL.1": null, "% OF TOTAL.2": null}, "Occupation: Architecture and engineering": {"Demographic": null, "2020": 0, "2024": 0, "2029": null, "% OF TOTAL": null, "% OF TOTAL.1": null, "% OF TOTAL.2": null}, "Occupation: Life, physical, and social science": {"Demographic": null, "2020": 0, "2024": 0, "2029": null, "% OF TOTAL": null, "% OF TOTAL.1": null, "% OF TOTAL.2": null}, "Occupation: Community and social service": {"Demographic": null, "2020": 0, "2024": 0, "2029": null, "% OF TOTAL": null, "% OF TOTAL.1": null, "% OF TOTAL.2": null}, "Occupation: Legal": {"Demographic": null, "2020": 0, "2024": 0, "2029": null, "% OF TOTAL": null, "% OF TOTAL.1": null, "% OF TOTAL.2": null}, "Occupation: Education, training, and library": {"Demographic": null, "2020": 53, "2024": 56, "2029": null, "% OF TOTAL": null, "% OF TOTAL.1": null, "% OF TOTAL.2": null}, "Occupation: Arts, design, entertainment, sports, and media": {"Demographic": null, "2020": 0, "2024": 0, "2029": null, "% OF TOTAL": null, "% OF TOTAL.1": null, "% OF TOTAL.2": null}, "Occupation: Health diagnosing and treating practitioners": {"Demographic": null, "2020": 84, "2024": 89, "2029": null, "% OF TOTAL": null, "% OF TOTAL.1": null, "% OF TOTAL.2": null}, "Occupation: Health technologists and technicians": {"Demographic": null, "2020": 0, "2024": 0, "2029": null, "% OF TOTAL": null, "% OF TOTAL.1": null, "% OF TOTAL.2": null}, "Occupation: Healthcare support": {"Demographic": null, "2020": 0, "2024": 0, "2029": null, "% OF TOTAL": null, "% OF TOTAL.1": null, "% OF TOTAL.2": null}, "Occupation: Fire fighting and prevention": {"Demographic": null, "2020": 0, "2024": 0, "2029": null, "% OF TOTAL": null, "% OF TOTAL.1": null, "% OF TOTAL.2": null}, "Occupation: Law enforcement workers": {"Demographic": null, "2020": 12, "2024": 13, "2029": null, "% OF TOTAL": null, "% OF TOTAL.1": null, "% OF TOTAL.2": null}, "Occupation: Food preparation and serving related": {"Demographic": null, "2020": 14, "2024": 15, "2029": null, "% OF TOTAL": null, "% OF TOTAL.1": null, "% OF TOTAL.2": null}, "Occupation: Building and grounds cleaning and maintenance": {"Demographic": null, "2020": 33, "2024": 35, "2029": null, "% OF TOTAL": null, "% OF TOTAL.1": null, "% OF TOTAL.2": null}, "Occupation: Personal care and service": {"Demographic": null, "2020": 0, "2024": 0, "2029": null, "% OF TOTAL": null, "% OF TOTAL.1": null, "% OF TOTAL.2": null}, "Occupation: Sales and related": {"Demographic": null, "2020": 74, "2024": 78, "2029": null, "% OF TOTAL": null, "% OF TOTAL.1": null, "% OF TOTAL.2": null}, "Occupation: Office and administrative support": {"Demographic": null, "2020": 93, "2024": 99, "2029": null, "% OF TOTAL": null, "% OF TOTAL.1": null, "% OF TOTAL.2": null}, "Occupation: Farming, fishing, and forestry": {"Demographic": null, "2020": 0, "2024": 0, "2029": null, "% OF TOTAL": null, "% OF TOTAL.1": null, "% OF TOTAL.2": null}, "Occupation: Construction and extraction": {"Demographic": null, "2020": 0, "2024": 0, "2029": null, "% OF TOTAL": null, "% OF TOTAL.1": null, "% OF TOTAL.2": null}, "Occupation: Installation, maintenance, and repair": {"Demographic": null, "2020": 53, "2024": 56, "2029": null, "% OF TOTAL": null, "% OF TOTAL.1": null, "% OF TOTAL.2": null}, "Occupation: Production": {"Demographic": null, "2020": 16, "2024": 17, "2029": null, "% OF TOTAL": null, "% OF TOTAL.1": null, "% OF TOTAL.2": null}, "Occupation: Transportation": {"Demographic": null, "2020": 13, "2024": 14, "2029": null, "% OF TOTAL": null, "% OF TOTAL.1": null, "% OF TOTAL.2": null}, "Occupation: Material moving": {"Demographic": null, "2020": 22, "2024": 23, "2029": null, "% OF TOTAL": null, "% OF TOTAL.1": null, "% OF TOTAL.2": null}, "White collar": {"Demographic": null, "2020": 503, "2024": 533, "2029": null, "% OF TOTAL": null, "% OF TOTAL.1": null, "% OF TOTAL.2": null}, "Blue collar": {"Demographic": null, "2020": 163, "2024": 173, "2029": null, "% OF TOTAL": null, "% OF TOTAL.1": null, "% OF TOTAL.2": null}, "Means of transportation: Car, truck or van": {"Demographic": null, "2020": 543, "2024": 575, "2029": null, "% OF TOTAL": null, "% OF TOTAL.1": null, "% OF TOTAL.2": null}, "Means of transportation: Public transportation": {"Demographic": null, "2020": 0, "2024": 0, "2029": null, "% OF TOTAL": null, "% OF TOTAL.1": null, "% OF TOTAL.2": null}, "Means of transportation: Other": {"Demographic": null, "2020": 12, "2024": 13, "2029": null, "% OF TOTAL": null, "% OF TOTAL.1": null, "% OF TOTAL.2": null}, "Travel time: Average (in minutes)": {"Demographic": null, "2020": 25, "2024": 25, "2029": null, "% OF TOTAL": null, "% OF TOTAL.1": null, "% OF TOTAL.2": null}, "Travel time to work: Less than 30 minutes": {"Demographic": null, "2020": 390, "2024": 413, "2029": null, "% OF TOTAL": null, "% OF TOTAL.1": null, "% OF TOTAL.2": null}, "Travel time to work: 30 to 60 minutes": {"Demographic": null, "2020": 142, "2024": 151, "2029": null, "% OF TOTAL": null, "% OF TOTAL.1": null, "% OF TOTAL.2": null}, "Travel time to work: 60 or more minutes": {"Demographic": null, "2020": 23, "2024": 24, "2029": null, "% OF TOTAL": null, "% OF TOTAL.1": null, "% OF TOTAL.2": null}}, "demographic_snapshot": {"Total Population": {"Demographic": null, "2020": 1322, "2024": 1401, "2029": 1530, "% OF TOTAL": null, "% OF TOTAL.1": null, "% OF TOTAL.2": null}, "Households": {"Demographic": null, "2020": 548, "2024": 588, "2029": 653, "% OF TOTAL": null, "% OF TOTAL.1": null, "% OF TOTAL.2": null}, "Population in Group Quarters": {"Demographic": null, "2020": 0, "2024": 0, "2029": 0, "% OF TOTAL": null, "% OF TOTAL.1": null, "% OF TOTAL.2": null}, "Households Growth": {"Demographic": null, "2020": null, "2024": 7.3, "2029": 11.1, "% OF TOTAL": null, "% OF TOTAL.1": null, "% OF TOTAL.2": null}, "Household Income: Median": {"Demographic": null, "2020": 0, "2024": 80337, "2029": 106466, "% OF TOTAL": null, "% OF TOTAL.1": null, "% OF TOTAL.2": null}, "Home Value: Median": {"Demographic": null, "2020": 263320, "2024": 263168, "2029": null, "% OF TOTAL": null, "% OF TOTAL.1": null, "% OF TOTAL.2": null}, "Population Growth": {"Demographic": null, "2020": null, "2024": 6.0, "2029": 9.2, "% OF TOTAL": null, "% OF TOTAL.1": null, "% OF TOTAL.2": null}, "Total Population: Under 19 years": {"Demographic": null, "2020": 234, "2024": 252, "2029": 254, "% OF TOTAL": 16.6, "% OF TOTAL.1": null, "% OF TOTAL.2": null}, "Total Population: 20 - 64 years": {"Demographic": null, "2020": 753, "2024": 774, "2029": 805, "% OF TOTAL": 52.6, "% OF TOTAL.1": null, "% OF TOTAL.2": null}, "Total Population: 65 years and over": {"Demographic": null, "2020": 335, "2024": 375, "2029": 471, "% OF TOTAL": 30.8, "% OF TOTAL.1": null, "% OF TOTAL.2": null}, "Total population: Median age": {"Demographic": null, "2020": 52, "2024": 52, "2029": 53, "% OF TOTAL": null, "% OF TOTAL.1": null, "% OF TOTAL.2": null}, "Total population: Under 5 years": {"Demographic": null, "2020": 47, "2024": 48, "2029": 54, "% OF TOTAL": 3.5, "% OF TOTAL.1": null, "% OF TOTAL.2": null}, "Total population: 5 - 9 years": {"Demographic": null, "2020": 54, "2024": 60, "2029": 59, "% OF TOTAL": 3.9, "% OF TOTAL.1": null, "% OF TOTAL.2": null}, "Total population: 10 - 14 years": {"Demographic": null, "2020": 59, "2024": 61, "2029": 62, "% OF TOTAL": 4.1, "% OF TOTAL.1": null, "% OF TOTAL.2": null}, "Total population: 15 - 19 years": {"Demographic": null, "2020": 74, "2024": 83, "2029": 79, "% OF TOTAL": 5.2, "% OF TOTAL.1": null, "% OF TOTAL.2": null}, "Total population: 20 - 24 years": {"Demographic": null, "2020": 56, "2024": 58, "2029": 72, "% OF TOTAL": 4.7, "% OF TOTAL.1": null, "% OF TOTAL.2": null}, "Total population: 25 - 29 years": {"Demographic": null, "2020": 60, "2024": 60, "2029": 63, "% OF TOTAL": 4.1, "% OF TOTAL.1": null, "% OF TOTAL.2": null}, "Total population: 30 - 34 years": {"Demographic": null, "2020": 63, "2024": 68, "2029": 70, "% OF TOTAL": 4.6, "% OF TOTAL.1": null, "% OF TOTAL.2": null}, "Total population: 35 - 39 years": {"Demographic": null, "2020": 59, "2024": 62, "2029": 72, "% OF TOTAL": 4.7, "% OF TOTAL.1": null, "% OF TOTAL.2": null}, "Total population: 40 - 44 years": {"Demographic": null, "2020": 74, "2024": 81, "2029": 83, "% OF TOTAL": 5.4, "% OF TOTAL.1": null, "% OF TOTAL.2": null}, "Total population: 45 - 49 years": {"Demographic": null, "2020": 62, "2024": 62, "2029": 78, "% OF TOTAL": 5.1, "% OF TOTAL.1": null, "% OF TOTAL.2": null}, "Total population: 50 - 54 years": {"Demographic": null, "2020": 106, "2024": 110, "2029": 101, "% OF TOTAL": 6.6, "% OF TOTAL.1": null, "% OF TOTAL.2": null}, "Total population: 55 - 59 years": {"Demographic": null, "2020": 118, "2024": 112, "2029": 117, "% OF TOTAL": 7.6, "% OF TOTAL.1": null, "% OF TOTAL.2": null}, "Total population: 60 - 64 years": {"Demographic": null, "2020": 155, "2024": 161, "2029": 149, "% OF TOTAL": 9.7, "% OF TOTAL.1": null, "% OF TOTAL.2": null}, "Total population: 65 - 69 years": {"Demographic": null, "2020": 128, "2024": 141, "2029": 161, "% OF TOTAL": 10.5, "% OF TOTAL.1": null, "% OF TOTAL.2": null}, "Total population: 70 - 74 years": {"Demographic": null, "2020": 96, "2024": 103, "2029": 129, "% OF TOTAL": 8.4, "% OF TOTAL.1": null, "% OF TOTAL.2": null}, "Total population: 75 - 79 years": {"Demographic": null, "2020": 59, "2024": 73, "2029": 94, "% OF TOTAL": 6.1, "% OF TOTAL.1": null, "% OF TOTAL.2": null}, "Total population: 80 - 84 years": {"Demographic": null, "2020": 28, "2024": 32, "2029": 53, "% OF TOTAL": 3.5, "% OF TOTAL.1": null, "% OF TOTAL.2": null}, "Total population: 85 years and over": {"Demographic": null, "2020": 24, "2024": 26, "2029": 34, "% OF TOTAL": 2.2, "% OF TOTAL.1": null, "% OF TOTAL.2": null}, "Householders Age 15-24": {"Demographic": null, "2020": 7, "2024": 7, "2029": 8, "% OF TOTAL": 1.2, "% OF TOTAL.1": null, "% OF TOTAL.2": null}, "Householders Age 25-34": {"Demographic": null, "2020": 46, "2024": 50, "2029": 53, "% OF TOTAL": 8.1, "% OF TOTAL.1": null, "% OF TOTAL.2": null}, "Householders Age 35-44": {"Demographic": null, "2020": 65, "2024": 70, "2029": 77, "% OF TOTAL": 11.8, "% OF TOTAL.1": null, "% OF TOTAL.2": null}, "Householders Age 45-54": {"Demographic": null, "2020": 73, "2024": 78, "2029": 82, "% OF TOTAL": 12.6, "% OF TOTAL.1": null, "% OF TOTAL.2": null}, "Householders Age 55-64": {"Demographic": null, "2020": 171, "2024": 184, "2029": 182, "% OF TOTAL": 27.9, "% OF TOTAL.1": null, "% OF TOTAL.2": null}, "Householders Age 65-74": {"Demographic": null, "2020": 129, "2024": 138, "2029": 166, "% OF TOTAL": 25.4, "% OF TOTAL.1": null, "% OF TOTAL.2": null}, "Householders Age 75+": {"Demographic": null, "2020": 57, "2024": 61, "2029": 85, "% OF TOTAL": 13.0, "% OF TOTAL.1": null, "% OF TOTAL.2": null}, "Household income: Average": {"Demographic": null, "2020": 106816, "2024": 123601, "2029": 152757, "% OF TOTAL": null, "% OF TOTAL.1": null, "% OF TOTAL.2": null}, "Household income: Less than 25k": {"Demographic": null, "2020": 62, "2024": 54, "2029": 48, "% OF TOTAL": 7.4, "% OF TOTAL.1": null, "% OF TOTAL.2": null}, "Household income: 25k - 50k": {"Demographic": null, "2020": 54, "2024": 59, "2029": 50, "% OF TOTAL": 7.7, "% OF TOTAL.1": null, "% OF TOTAL.2": null}, "Household income: 50k - 75k": {"Demographic": null, "2020": 185, "2024": 162, "2029": 146, "% OF TOTAL": 22.4, "% OF TOTAL.1": null, "% OF TOTAL.2": null}, "Household income: 75k - 100k": {"Demographic": null, "2020": 71, "2024": 89, "2029": 75, "% OF TOTAL": 11.5, "% OF TOTAL.1": null, "% OF TOTAL.2": null}, "Household income: 100k - 125k": {"Demographic": null, "2020": 16, "2024": 20, "2029": 29, "% OF TOTAL": 4.4, "% OF TOTAL.1": null, "% OF TOTAL.2": null}, "Household income: 125k - 150k": {"Demographic": null, "2020": 0, "2024": 0, "2029": 0, "% OF TOTAL": 0.0, "% OF TOTAL.1": null, "% OF TOTAL.2": null}, "Household income: 150k - 200k": {"Demographic": null, "2020": 111, "2024": 124, "2029": 161, "% OF TOTAL": 24.7, "% OF TOTAL.1": null, "% OF TOTAL.2": null}, "Household income: Above 200k": {"Demographic": null, "2020": 49, "2024": 80, "2029": 144, "% OF TOTAL": 22.1, "% OF TOTAL.1": null, "% OF TOTAL.2": null}, "White Alone": {"Demographic": null, "2020": 1020, "2024": 1069, "2029": 1165, "% OF TOTAL": 76.1, "% OF TOTAL.1": null, "% OF TOTAL.2": null}, "Black or African American Alone": {"Demographic": null, "2020": 204, "2024": 218, "2029": 241, "% OF TOTAL": 15.8, "% OF TOTAL.1": null, "% OF TOTAL.2": null}, "American Indian and Alaska Native Alone": {"Demographic": null, "2020": 5, "2024": 6, "2029": 6, "% OF TOTAL": 0.4, "% OF TOTAL.1": null, "% OF TOTAL.2": null}, "Asian Alone": {"Demographic": null, "2020": 19, "2024": 21, "2029": 23, "% OF TOTAL": 1.5, "% OF TOTAL.1": null, "% OF TOTAL.2": null}, "Native Hawaiian and OPI Alone": {"Demographic": null, "2020": 0, "2024": 0, "2029": 0, "% OF TOTAL": 0.0, "% OF TOTAL.1": null, "% OF TOTAL.2": null}, "Some Other Race Alone": {"Demographic": null, "2020": 4, "2024": 4, "2029": 4, "% OF TOTAL": 0.3, "% OF TOTAL.1": null, "% OF TOTAL.2": null}, "Two or More Races Alone": {"Demographic": null, "2020": 70, "2024": 83, "2029": 91, "% OF TOTAL": 5.9, "% OF TOTAL.1": null, "% OF TOTAL.2": null}, "Not Hispanic or Latino": {"Demographic": null, "2020": 1292, "2024": 1366, "2029": 1491, "% OF TOTAL": 97.5, "% OF TOTAL.1": null, "% OF TOTAL.2": null}, "Hispanic or Latino": {"Demographic": null, "2020": 30, "2024": 35, "2029": 39, "% OF TOTAL": 2.5, "% OF TOTAL.1": null, "% OF TOTAL.2": null}, "Total Housing Units": {"Demographic": null, "2020": 633, "2024": null, "2029": null, "% OF TOTAL": null, "% OF TOTAL.1": null, "% OF TOTAL.2": null}, "Owner Occupied Housing Units": {"Demographic": null, "2020": 499, "2024": 535, "2029": null, "% OF TOTAL": null, "% OF TOTAL.1": null, "% OF TOTAL.2": null}, "Renter Occupied Housing Units": {"Demographic": null, "2020": 49, "2024": 53, "2029": null, "% OF TOTAL": null, "% OF TOTAL.1": null, "% OF TOTAL.2": null}, "Housing Units Value Less Than 100k": {"Demographic": null, "2020": 121, "2024": 129, "2029": null, "% OF TOTAL": null, "% OF TOTAL.1": null, "% OF TOTAL.2": null}, "Housing Units Value 100k - 200k": {"Demographic": null, "2020": 61, "2024": 66, "2029": null, "% OF TOTAL": null, "% OF TOTAL.1": null, "% OF TOTAL.2": null}, "Housing Units Value 200k - 250k": {"Demographic": null, "2020": 35, "2024": 38, "2029": null, "% OF TOTAL": null, "% OF TOTAL.1": null, "% OF TOTAL.2": null}, "Housing Units Value 250k - 300k": {"Demographic": null, "2020": 122, "2024": 131, "2029": null, "% OF TOTAL": null, "% OF TOTAL.1": null, "% OF TOTAL.2": null}, "Housing Units Value 300k - 400k": {"Demographic": null, "2020": 71, "2024": 76, "2029": null, "% OF TOTAL": null, "% OF TOTAL.1": null, "% OF TOTAL.2": null}, "Housing Units Value 400k - 500k": {"Demographic": null, "2020": 25, "2024": 27, "2029": null, "% OF TOTAL": null, "% OF TOTAL.1": null, "% OF TOTAL.2": null}, "Housing Units Value 500k - 750k": {"Demographic": null, "2020": 35, "2024": 37, "2029": null, "% OF TOTAL": null, "% OF TOTAL.1": null, "% OF TOTAL.2": null}, "Housing Units Value 750k - 1m": {"Demographic": null, "2020": 16, "2024": 17, "2029": null, "% OF TOTAL": null, "% OF TOTAL.1": null, "% OF TOTAL.2": null}, "Housing Units Value 1m - 1.5m": {"Demographic": null, "2020": 13, "2024": 14, "2029": null, "% OF TOTAL": null, "% OF TOTAL.1": null, "% OF TOTAL.2": null}, "Housing Units Value 1.5m - 2m": {"Demographic": null, "2020": 0, "2024": 0, "2029": null, "% OF TOTAL": null, "% OF TOTAL.1": null, "% OF TOTAL.2": null}, "Housing Units Value >2m": {"Demographic": null, "2020": 0, "2024": 0, "2029": null, "% OF TOTAL": null, "% OF TOTAL.1": null, "% OF TOTAL.2": null}, "Take Car or Truck to Work": {"Demographic": null, "2020": 543, "2024": 575, "2029": null, "% OF TOTAL": null, "% OF TOTAL.1": null, "% OF TOTAL.2": null}, "Take Public Transportation to Work": {"Demographic": null, "2020": 0, "2024": 0, "2029": null, "% OF TOTAL": null, "% OF TOTAL.1": null, "% OF TOTAL.2": null}, "Take Other Means of Transportation to Work": {"Demographic": null, "2020": 12, "2024": 13, "2029": null, "% OF TOTAL": null, "% OF TOTAL.1": null, "% OF TOTAL.2": null}, "Average Travel Time (min)": {"Demographic": null, "2020": 26, "2024": 26, "2029": null, "% OF TOTAL": null, "% OF TOTAL.1": null, "% OF TOTAL.2": null}, "Travel Below 30 Min to Work": {"Demographic": null, "2020": 390, "2024": 413, "2029": null, "% OF TOTAL": null, "% OF TOTAL.1": null, "% OF TOTAL.2": null}, "Travel 30-60 Min to Work": {"Demographic": null, "2020": 142, "2024": 151, "2029": null, "% OF TOTAL": null, "% OF TOTAL.1": null, "% OF TOTAL.2": null}, "Travel Above 60 Min to Work": {"Demographic": null, "2020": 48, "2024": 24, "2029": null, "% OF TOTAL": null, "% OF TOTAL.1": null, "% OF TOTAL.2": null}, "Educational Attainment: No High School Diploma": {"Demographic": null, "2020": 370, "2024": 391, "2029": null, "% OF TOTAL": null, "% OF TOTAL.1": null, "% OF TOTAL.2": null}, "Educational Attainment: High School Diploma": {"Demographic": null, "2020": 283, "2024": 299, "2029": null, "% OF TOTAL": null, "% OF TOTAL.1": null, "% OF TOTAL.2": null}, "Educational Attainment: Some College": {"Demographic": null, "2020": 503, "2024": 532, "2029": null, "% OF TOTAL": null, "% OF TOTAL.1": null, "% OF TOTAL.2": null}, "Educational Attainment: Associate's Degree": {"Demographic": null, "2020": 123, "2024": 130, "2029": null, "% OF TOTAL": null, "% OF TOTAL.1": null, "% OF TOTAL.2": null}, "Educational Attainment: Bachelors Degree": {"Demographic": null, "2020": 231, "2024": 244, "2029": null, "% OF TOTAL": null, "% OF TOTAL.1": null, "% OF TOTAL.2": null}, "Educational Attainment: Advanced Degree": {"Demographic": null, "2020": 159, "2024": 168, "2029": null, "% OF TOTAL": null, "% OF TOTAL.1": null, "% OF TOTAL.2": null}, "Households: Number of vehicles available - Average": {"Demographic": null, "2020": 2, "2024": 2, "2029": null, "% OF TOTAL": null, "% OF TOTAL.1": null, "% OF TOTAL.2": null}, "Households: No Vehicle available": {"Demographic": null, "2020": 58, "2024": 63, "2029": null, "% OF TOTAL": null, "% OF TOTAL.1": null, "% OF TOTAL.2": null}, "Households: 1 Vehicle available": {"Demographic": null, "2020": 46, "2024": 49, "2029": null, "% OF TOTAL": null, "% OF TOTAL.1": null, "% OF TOTAL.2": null}, "Households: 2 Vehicles available": {"Demographic": null, "2020": 339, "2024": 363, "2029": null, "% OF TOTAL": null, "% OF TOTAL.1": null, "% OF TOTAL.2": null}, "Households: 3 Vehicles available": {"Demographic": null, "2020": 70, "2024": 75, "2029": null, "% OF TOTAL": null, "% OF TOTAL.1": null, "% OF TOTAL.2": null}, "Households: 4 or more Vehicles available": {"Demographic": null, "2020": 35, "2024": 38, "2029": null, "% OF TOTAL": null, "% OF TOTAL.1": null, "% OF TOTAL.2": null}}, "household_trends": {"Households": {"Demographic": null, "2020": 548, "2024": 588, "2029": 653, "% OF TOTAL": null, "% OF TOTAL.1": null, "% OF TOTAL.2": null}, "Households Growth": {"Demographic": null, "2020": null, "2024": 7.3, "2029": 11.1, "% OF TOTAL": null, "% OF TOTAL.1": null, "% OF TOTAL.2": null}, "Householder Age 15-24": {"Demographic": null, "2020": 7, "2024": 7, "2029": 8, "% OF TOTAL": 1.2, "% OF TOTAL.1": null, "% OF TOTAL.2": null}, "Householder Age 25-34": {"Demographic": null, "2020": 46, "2024": 50, "2029": 53, "% OF TOTAL": 8.1, "% OF TOTAL.1": null, "% OF TOTAL.2": null}, "Householder Age 35-44": {"Demographic": null, "2020": 65, "2024": 70, "2029": 77, "% OF TOTAL": 11.8, "% OF TOTAL.1": null, "% OF TOTAL.2": null}, "Householder Age 45-54": {"Demographic": null, "2020": 73, "2024": 78, "2029": 82, "% OF TOTAL": 12.6, "% OF TOTAL.1": null, "% OF TOTAL.2": null}, "Householder Age 55-64": {"Demographic": null, "2020": 171, "2024": 184, "2029": 182, "% OF TOTAL": 27.9, "% OF TOTAL.1": null, "% OF TOTAL.2": null}, "Householder Age 65-74": {"Demographic": null, "2020": 129, "2024": 138, "2029": 166, "% OF TOTAL": 25.4, "% OF TOTAL.1": null, "% OF TOTAL.2": null}, "Householder Age 75+": {"Demographic": null, "2020": 57, "2024": 61, "2029": 85, "% OF TOTAL": 13.0, "% OF TOTAL.1": null, "% OF TOTAL.2": null}, "Average Household Size": {"Demographic": null, "2020": 2.4, "2024": 2.4, "2029": 2.3, "% OF TOTAL": null, "% OF TOTAL.1": null, "% OF TOTAL.2": null}, "1 Person Households": {"Demographic": null, "2020": 122, "2024": 127, "2029": 146, "% OF TOTAL": 22.4, "% OF TOTAL.1": null, "% OF TOTAL.2": null}, "2 Person Households": {"Demographic": null, "2020": 253, "2024": 265, "2029": 300, "% OF TOTAL": 45.9, "% OF TOTAL.1": null, "% OF TOTAL.2": null}, "3 Person Households": {"Demographic": null, "2020": 84, "2024": 87, "2029": 100, "% OF TOTAL": 15.3, "% OF TOTAL.1": null, "% OF TOTAL.2": null}, "4 Person Households": {"Demographic": null, "2020": 61, "2024": 73, "2029": 74, "% OF TOTAL": 11.3, "% OF TOTAL.1": null, "% OF TOTAL.2": null}, "5 Person Households": {"Demographic": null, "2020": 18, "2024": 22, "2029": 21, "% OF TOTAL": 3.2, "% OF TOTAL.1": null, "% OF TOTAL.2": null}, "6 Person Households": {"Demographic": null, "2020": 8, "2024": 11, "2029": 10, "% OF TOTAL": 1.5, "% OF TOTAL.1": null, "% OF TOTAL.2": null}, "7+ Person Households": {"Demographic": null, "2020": 2, "2024": 3, "2029": 2, "% OF TOTAL": 0.3, "% OF TOTAL.1": null, "% OF TOTAL.2": null}, "Household Type: Family": {"Demographic": null, "2020": 406, "2024": 436, "2029": null, "% OF TOTAL": null, "% OF TOTAL.1": null, "% OF TOTAL.2": null}, "Household Type: Married Family": {"Demographic": null, "2020": 303, "2024": 326, "2029": null, "% OF TOTAL": null, "% OF TOTAL.1": null, "% OF TOTAL.2": null}, "Household Type: Married Family With Children": {"Demographic": null, "2020": 74, "2024": 80, "2029": null, "% OF TOTAL": null, "% OF TOTAL.1": null, "% OF TOTAL.2": null}, "Household Type: Married Family Without Children": {"Demographic": null, "2020": 229, "2024": 246, "2029": null, "% OF TOTAL": null, "% OF TOTAL.1": null, "% OF TOTAL.2": null}, "Household Type: Other Family": {"Demographic": null, "2020": 103, "2024": 110, "2029": null, "% OF TOTAL": null, "% OF TOTAL.1": null, "% OF TOTAL.2": null}, "Household Type: Male Households, No Wife": {"Demographic": null, "2020": 41, "2024": 44, "2029": null, "% OF TOTAL": null, "% OF TOTAL.1": null, "% OF TOTAL.2": null}, "Household Type: Male Households, No Wife With Children": {"Demographic": null, "2020": 15, "2024": 16, "2029": null, "% OF TOTAL": null, "% OF TOTAL.1": null, "% OF TOTAL.2": null}, "Household Type: Male Households, No Wife Without Children": {"Demographic": null, "2020": 26, "2024": 28, "2029": null, "% OF TOTAL": null, "% OF TOTAL.1": null, "% OF TOTAL.2": null}, "Household Type: Female Households, No Husband": {"Demographic": null, "2020": 62, "2024": 66, "2029": null, "% OF TOTAL": null, "% OF TOTAL.1": null, "% OF TOTAL.2": null}, "Household Type: Female Households, No Husband With Children": {"Demographic": null, "2020": 19, "2024": 20, "2029": null, "% OF TOTAL": null, "% OF TOTAL.1": null, "% OF TOTAL.2": null}, "Household Type: Female Households, No Husband Without Children": {"Demographic": null, "2020": 43, "2024": 46, "2029": null, "% OF TOTAL": null, "% OF TOTAL.1": null, "% OF TOTAL.2": null}, "Household Income: Average": {"Demographic": null, "2020": 106816, "2024": 123601, "2029": 152757, "% OF TOTAL": null, "% OF TOTAL.1": null, "% OF TOTAL.2": null}, "Household Income: Median": {"Demographic": null, "2020": 0, "2024": 80337, "2029": 106466, "% OF TOTAL": null, "% OF TOTAL.1": null, "% OF TOTAL.2": null}, "Household Income: Less than $25k": {"Demographic": null, "2020": 62, "2024": 54, "2029": 48, "% OF TOTAL": 7.4, "% OF TOTAL.1": null, "% OF TOTAL.2": null}, "Household Income: $25k - $50k": {"Demographic": null, "2020": 54, "2024": 59, "2029": 50, "% OF TOTAL": 7.7, "% OF TOTAL.1": null, "% OF TOTAL.2": null}, "Household Income: $50k - $75k": {"Demographic": null, "2020": 185, "2024": 162, "2029": 146, "% OF TOTAL": 22.4, "% OF TOTAL.1": null, "% OF TOTAL.2": null}, "Household Income: $75k - $100k": {"Demographic": null, "2020": 71, "2024": 89, "2029": 75, "% OF TOTAL": 11.5, "% OF TOTAL.1": null, "% OF TOTAL.2": null}, "Household Income: $100k - $125k": {"Demographic": null, "2020": 16, "2024": 20, "2029": 29, "% OF TOTAL": 4.4, "% OF TOTAL.1": null, "% OF TOTAL.2": null}, "Household Income: $125k - $150k": {"Demographic": null, "2020": 0, "2024": 0, "2029": 0, "% OF TOTAL": 0.0, "% OF TOTAL.1": null, "% OF TOTAL.2": null}, "Household Income: $150k - $200k": {"Demographic": null, "2020": 111, "2024": 124, "2029": 161, "% OF TOTAL": 24.7, "% OF TOTAL.1": null, "% OF TOTAL.2": null}, "Household Income: Above $200k": {"Demographic": null, "2020": 49, "2024": 80, "2029": 144, "% OF TOTAL": 22.1, "% OF TOTAL.1": null, "% OF TOTAL.2": null}, "Total Housing Units": {"Demographic": null, "2020": 633, "2024": null, "2029": null, "% OF TOTAL": null, "% OF TOTAL.1": null, "% OF TOTAL.2": null}, "Owner Occupied Housing Units": {"Demographic": null, "2020": 499, "2024": 535, "2029": null, "% OF TOTAL": null, "% OF TOTAL.1": null, "% OF TOTAL.2": null}, "Renter Occupied Housing Units": {"Demographic": null, "2020": 49, "2024": 53, "2029": null, "% OF TOTAL": null, "% OF TOTAL.1": null, "% OF TOTAL.2": null}, "Vacant Housing Units": {"Demographic": null, "2020": 85, "2024": null, "2029": null, "% OF TOTAL": null, "% OF TOTAL.1": null, "% OF TOTAL.2": null}, "Vacant Housing Units: Seasonal": {"Demographic": null, "2020": 24, "2024": null, "2029": null, "% OF TOTAL": null, "% OF TOTAL.1": null, "% OF TOTAL.2": null}, "Vacant Housing Units: Other Usage": {"Demographic": null, "2020": 61, "2024": null, "2029": null, "% OF TOTAL": null, "% OF TOTAL.1": null, "% OF TOTAL.2": null}, "Average Housing Unit Value": {"Demographic": null, "2020": 301819, "2024": 301551, "2029": null, "% OF TOTAL": null, "% OF TOTAL.1": null, "% OF TOTAL.2": null}, "Median Housing Unit Value": {"Demographic": null, "2020": 263320, "2024": 263168, "2029": null, "% OF TOTAL": null, "% OF TOTAL.1": null, "% OF TOTAL.2": null}, "Housing Unit Value Less Than $100k": {"Demographic": null, "2020": 121, "2024": 129, "2029": null, "% OF TOTAL": null, "% OF TOTAL.1": null, "% OF TOTAL.2": null}, "Housing Unit Value $100k-$200k": {"Demographic": null, "2020": 61, "2024": 66, "2029": null, "% OF TOTAL": null, "% OF TOTAL.1": null, "% OF TOTAL.2": null}, "Housing Unit Value $200k-$250k": {"Demographic": null, "2020": 35, "2024": 38, "2029": null, "% OF TOTAL": null, "% OF TOTAL.1": null, "% OF TOTAL.2": null}, "Housing Unit Value $250k-$300k": {"Demographic": null, "2020": 122, "2024": 131, "2029": null, "% OF TOTAL": null, "% OF TOTAL.1": null, "% OF TOTAL.2": null}, "Housing Unit Value $300k-$400k": {"Demographic": null, "2020": 71, "2024": 76, "2029": null, "% OF TOTAL": null, "% OF TOTAL.1": null, "% OF TOTAL.2": null}, "Housing Unit Value $400k-$500k": {"Demographic": null, "2020": 25, "2024": 27, "2029": null, "% OF TOTAL": null, "% OF TOTAL.1": null, "% OF TOTAL.2": null}, "Housing Unit Value $500k-$750k": {"Demographic": null, "2020": 35, "2024": 37, "2029": null, "% OF TOTAL": null, "% OF TOTAL.1": null, "% OF TOTAL.2": null}, "Housing Unit Value $750k-$1m": {"Demographic": null, "2020": 16, "2024": 17, "2029": null, "% OF TOTAL": null, "% OF TOTAL.1": null, "% OF TOTAL.2": null}, "Housing Unit Value $1m-$1.5m": {"Demographic": null, "2020": 13, "2024": 14, "2029": null, "% OF TOTAL": null, "% OF TOTAL.1": null, "% OF TOTAL.2": null}, "Housing Unit Value $1.5m-$2m": {"Demographic": null, "2020": 0, "2024": 0, "2029": null, "% OF TOTAL": null, "% OF TOTAL.1": null, "% OF TOTAL.2": null}, "Housing Unit Value Above $2m": {"Demographic": null, "2020": 0, "2024": 0, "2029": null, "% OF TOTAL": null, "% OF TOTAL.1": null, "% OF TOTAL.2": null}, "Median Housing Unit Year Built": {"Demographic": null, "2020": 1996, "2024": 1996, "2029": null, "% OF TOTAL": null, "% OF TOTAL.1": null, "% OF TOTAL.2": null}, "Housing Units Built 2014 Or After": {"Demographic": null, "2020": 5, "2024": 5, "2029": null, "% OF TOTAL": null, "% OF TOTAL.1": null, "% OF TOTAL.2": null}, "Housing Units Built 2010-2013": {"Demographic": null, "2020": 39, "2024": 42, "2029": null, "% OF TOTAL": null, "% OF TOTAL.1": null, "% OF TOTAL.2": null}, "Housing Units Built 2000-2009": {"Demographic": null, "2020": 212, "2024": 227, "2029": null, "% OF TOTAL": null, "% OF TOTAL.1": null, "% OF TOTAL.2": null}, "Housing Units Built 1990-1999": {"Demographic": null, "2020": 43, "2024": 46, "2029": null, "% OF TOTAL": null, "% OF TOTAL.1": null, "% OF TOTAL.2": null}, "Housing Units Built 1980-1989": {"Demographic": null, "2020": 118, "2024": 127, "2029": null, "% OF TOTAL": null, "% OF TOTAL.1": null, "% OF TOTAL.2": null}, "Housing Units Built 1970-1979": {"Demographic": null, "2020": 34, "2024": 36, "2029": null, "% OF TOTAL": null, "% OF TOTAL.1": null, "% OF TOTAL.2": null}, "Housing Units Built 1960-1969": {"Demographic": null, "2020": 77, "2024": 83, "2029": null, "% OF TOTAL": null, "% OF TOTAL.1": null, "% OF TOTAL.2": null}, "Housing Units Built 1950-1959": {"Demographic": null, "2020": 13, "2024": 14, "2029": null, "% OF TOTAL": null, "% OF TOTAL.1": null, "% OF TOTAL.2": null}, "Housing Units Built 1940-1949": {"Demographic": null, "2020": 0, "2024": 0, "2029": null, "% OF TOTAL": null, "% OF TOTAL.1": null, "% OF TOTAL.2": null}, "Housing Units Built Before 1940": {"Demographic": null, "2020": 7, "2024": 8, "2029": null, "% OF TOTAL": null, "% OF TOTAL.1": null, "% OF TOTAL.2": null}}}, "geometry": {"type": "Polygon", "coordinates": [[[-88.163585, 30.471674], [-88.16393, 30.500713], [-88.130395, 30.501008], [-88.130059, 30.471968], [-88.163585, 30.471674]]]}}, {"type": "Feature", "properties": {"block": "016", "block_num": 16, "CentroidLon": -88.11346161369315, "CentroidLat": 30.486631970286524, "data_status": "usable", "is_anomalous": false, "anomaly_reason": null, "files_present": "DemographicSnapshot-26.08.06.csv;PopulationTrends-26.08.06.csv;HouseholdTrends-26.08.06.csv;HouseholdIncomeByAge-26.08.06.csv;ConsumerSegmentation-26.08.06.csv", "population_2024": 2007, "population_2029": 2086, "households_2024": 856, "households_2029": 903, "median_household_income_2024": 75595, "median_household_income_2029": 87281, "mean_household_income_2024": null, "mean_household_income_2029": null, "median_age_2024": 47, "median_age_2029": 48, "median_home_value_2024": 179808, "average_household_size_2024": 2.3, "average_household_size_2029": 2.3, "population_growth_2024_2029": -2.2, "households_growth_2024_2029": -1.0, "consumer_segments": {"Simple Life Moderate Income No Children": {"households": 181, "pct": 28.4}, "Renters": {"households": 124, "pct": 19.5}, "Simple Life Moderate Income With Children": {"households": 108, "pct": 17.0}, "Active Adult Elite": {"households": 88, "pct": 13.8}, "Simple Life Affluent No Children": {"households": 38, "pct": 6.0}, "Family Life Young Children": {"households": 29, "pct": 4.6}, "Active Adult Feature and Location": {"households": 25, "pct": 3.9}, "Active Adult Entry Level": {"households": 20, "pct": 3.1}, "Elite": {"households": 14, "pct": 2.2}, "Renters Near Term Buyers": {"households": 10, "pct": 1.6}, "Family Life School Age Children": {"households": 0, "pct": 0.0}, "Feature and Location": {"households": 0, "pct": 0.0}, "Entry Level Urban": {"households": 0, "pct": 0.0}, "Entry Level Suburban": {"households": 0, "pct": 0.0}}, "income_age": {"2020": {}, "2024": {}, "2029": {}}, "population_trends": {"Total Population": {"Demographic": null, "2020": 2053, "2024": 2007, "2029": 2086, "% OF TOTAL": null, "% OF TOTAL.1": null, "% OF TOTAL.2": null}, "Population Growth": {"Demographic": null, "2020": null, "2024": -2.2, "2029": 3.9, "% OF TOTAL": null, "% OF TOTAL.1": null, "% OF TOTAL.2": null}, "Female Population": {"Demographic": null, "2020": 1019, "2024": 997, "2029": 1036, "% OF TOTAL": 49.7, "% OF TOTAL.1": null, "% OF TOTAL.2": null}, "Male Population": {"Demographic": null, "2020": 1034, "2024": 1010, "2029": 1050, "% OF TOTAL": 50.3, "% OF TOTAL.1": null, "% OF TOTAL.2": null}, "Total population: Median Age": {"Demographic": null, "2020": 47, "2024": 47, "2029": 48, "% OF TOTAL": null, "% OF TOTAL.1": null, "% OF TOTAL.2": null}, "Total population: Under 5 years": {"Demographic": null, "2020": 96, "2024": 89, "2029": 88, "% OF TOTAL": 4.2, "% OF TOTAL.1": null, "% OF TOTAL.2": null}, "Total population: 5 - 9 years": {"Demographic": null, "2020": 107, "2024": 108, "2029": 101, "% OF TOTAL": 4.8, "% OF TOTAL.1": null, "% OF TOTAL.2": null}, "Total population: 10 - 14 years": {"Demographic": null, "2020": 121, "2024": 111, "2029": 108, "% OF TOTAL": 5.2, "% OF TOTAL.1": null, "% OF TOTAL.2": null}, "Total population: 15 - 19 years": {"Demographic": null, "2020": 95, "2024": 95, "2029": 97, "% OF TOTAL": 4.7, "% OF TOTAL.1": null, "% OF TOTAL.2": null}, "Total population: 20 - 24 years": {"Demographic": null, "2020": 91, "2024": 91, "2029": 97, "% OF TOTAL": 4.7, "% OF TOTAL.1": null, "% OF TOTAL.2": null}, "Total population: 25 - 29 years": {"Demographic": null, "2020": 99, "2024": 95, "2029": 98, "% OF TOTAL": 4.7, "% OF TOTAL.1": null, "% OF TOTAL.2": null}, "Total population: 30 - 34 years": {"Demographic": null, "2020": 121, "2024": 121, "2029": 115, "% OF TOTAL": 5.5, "% OF TOTAL.1": null, "% OF TOTAL.2": null}, "Total population: 35 - 39 years": {"Demographic": null, "2020": 104, "2024": 100, "2029": 114, "% OF TOTAL": 5.5, "% OF TOTAL.1": null, "% OF TOTAL.2": null}, "Total population: 40 - 44 years": {"Demographic": null, "2020": 96, "2024": 102, "2029": 104, "% OF TOTAL": 5.0, "% OF TOTAL.1": null, "% OF TOTAL.2": null}, "Total population: 45 - 49 years": {"Demographic": null, "2020": 123, "2024": 116, "2029": 124, "% OF TOTAL": 5.9, "% OF TOTAL.1": null, "% OF TOTAL.2": null}, "Total population: 50 - 54 years": {"Demographic": null, "2020": 152, "2024": 149, "2029": 141, "% OF TOTAL": 6.8, "% OF TOTAL.1": null, "% OF TOTAL.2": null}, "Total population: 55 - 59 years": {"Demographic": null, "2020": 204, "2024": 180, "2029": 171, "% OF TOTAL": 8.2, "% OF TOTAL.1": null, "% OF TOTAL.2": null}, "Total population: 60 - 64 years": {"Demographic": null, "2020": 188, "2024": 175, "2029": 166, "% OF TOTAL": 8.0, "% OF TOTAL.1": null, "% OF TOTAL.2": null}, "Total population: 65 - 69 years": {"Demographic": null, "2020": 161, "2024": 162, "2029": 172, "% OF TOTAL": 8.2, "% OF TOTAL.1": null, "% OF TOTAL.2": null}, "Total population: 70 - 74 years": {"Demographic": null, "2020": 120, "2024": 119, "2029": 143, "% OF TOTAL": 6.9, "% OF TOTAL.1": null, "% OF TOTAL.2": null}, "Total population: 75 - 79 years": {"Demographic": null, "2020": 86, "2024": 99, "2029": 115, "% OF TOTAL": 5.5, "% OF TOTAL.1": null, "% OF TOTAL.2": null}, "Total population: 80 - 84 years": {"Demographic": null, "2020": 59, "2024": 65, "2029": 84, "% OF TOTAL": 4.0, "% OF TOTAL.1": null, "% OF TOTAL.2": null}, "Total population: 85 years and over": {"Demographic": null, "2020": 30, "2024": 30, "2029": 48, "% OF TOTAL": 2.3, "% OF TOTAL.1": null, "% OF TOTAL.2": null}, "Female population: Median Age": {"Demographic": null, "2020": 46, "2024": 46, "2029": 47, "% OF TOTAL": null, "% OF TOTAL.1": null, "% OF TOTAL.2": null}, "Female population: Under 5 years": {"Demographic": null, "2020": 49, "2024": 44, "2029": 43, "% OF TOTAL": 4.2, "% OF TOTAL.1": null, "% OF TOTAL.2": null}, "Female population: 5 - 9 years": {"Demographic": null, "2020": 63, "2024": 61, "2029": 55, "% OF TOTAL": 5.3, "% OF TOTAL.1": null, "% OF TOTAL.2": null}, "Female population: 10 - 14 years": {"Demographic": null, "2020": 62, "2024": 57, "2029": 57, "% OF TOTAL": 5.5, "% OF TOTAL.1": null, "% OF TOTAL.2": null}, "Female population: 15 - 19 years": {"Demographic": null, "2020": 45, "2024": 47, "2029": 50, "% OF TOTAL": 4.8, "% OF TOTAL.1": null, "% OF TOTAL.2": null}, "Female population: 20 - 24 years": {"Demographic": null, "2020": 48, "2024": 47, "2029": 50, "% OF TOTAL": 4.8, "% OF TOTAL.1": null, "% OF TOTAL.2": null}, "Female population: 25 - 29 years": {"Demographic": null, "2020": 45, "2024": 44, "2029": 48, "% OF TOTAL": 4.6, "% OF TOTAL.1": null, "% OF TOTAL.2": null}, "Female population: 30 - 34 years": {"Demographic": null, "2020": 64, "2024": 65, "2029": 60, "% OF TOTAL": 5.8, "% OF TOTAL.1": null, "% OF TOTAL.2": null}, "Female population: 35 - 39 years": {"Demographic": null, "2020": 50, "2024": 48, "2029": 55, "% OF TOTAL": 5.3, "% OF TOTAL.1": null, "% OF TOTAL.2": null}, "Female population: 40 - 44 years": {"Demographic": null, "2020": 43, "2024": 47, "2029": 49, "% OF TOTAL": 4.7, "% OF TOTAL.1": null, "% OF TOTAL.2": null}, "Female population: 45 - 49 years": {"Demographic": null, "2020": 56, "2024": 54, "2029": 56, "% OF TOTAL": 5.4, "% OF TOTAL.1": null, "% OF TOTAL.2": null}, "Female population: 50 - 54 years": {"Demographic": null, "2020": 86, "2024": 83, "2029": 77, "% OF TOTAL": 7.4, "% OF TOTAL.1": null, "% OF TOTAL.2": null}, "Female population: 55 - 59 years": {"Demographic": null, "2020": 102, "2024": 89, "2029": 87, "% OF TOTAL": 8.4, "% OF TOTAL.1": null, "% OF TOTAL.2": null}, "Female population: 60 - 64 years": {"Demographic": null, "2020": 93, "2024": 89, "2029": 85, "% OF TOTAL": 8.2, "% OF TOTAL.1": null, "% OF TOTAL.2": null}, "Female population: 65 - 69 years": {"Demographic": null, "2020": 70, "2024": 72, "2029": 79, "% OF TOTAL": 7.6, "% OF TOTAL.1": null, "% OF TOTAL.2": null}, "Female population: 70 - 74 years": {"Demographic": null, "2020": 57, "2024": 57, "2029": 67, "% OF TOTAL": 6.5, "% OF TOTAL.1": null, "% OF TOTAL.2": null}, "Female population: 75 - 79 years": {"Demographic": null, "2020": 36, "2024": 40, "2029": 50, "% OF TOTAL": 4.8, "% OF TOTAL.1": null, "% OF TOTAL.2": null}, "Female population: 80 - 84 years": {"Demographic": null, "2020": 31, "2024": 34, "2029": 41, "% OF TOTAL": 4.0, "% OF TOTAL.1": null, "% OF TOTAL.2": null}, "Female population: 85 years and over": {"Demographic": null, "2020": 19, "2024": 19, "2029": 27, "% OF TOTAL": 2.6, "% OF TOTAL.1": null, "% OF TOTAL.2": null}, "Male population: Median Age": {"Demographic": null, "2020": 48, "2024": 48, "2029": 49, "% OF TOTAL": null, "% OF TOTAL.1": null, "% OF TOTAL.2": null}, "Male population: Under 5 years": {"Demographic": null, "2020": 47, "2024": 45, "2029": 45, "% OF TOTAL": 4.3, "% OF TOTAL.1": null, "% OF TOTAL.2": null}, "Male population: 5 - 9 years": {"Demographic": null, "2020": 44, "2024": 47, "2029": 46, "% OF TOTAL": 4.4, "% OF TOTAL.1": null, "% OF TOTAL.2": null}, "Male population: 10 - 14 years": {"Demographic": null, "2020": 59, "2024": 54, "2029": 51, "% OF TOTAL": 4.9, "% OF TOTAL.1": null, "% OF TOTAL.2": null}, "Male population: 15 - 19 years": {"Demographic": null, "2020": 50, "2024": 48, "2029": 47, "% OF TOTAL": 4.5, "% OF TOTAL.1": null, "% OF TOTAL.2": null}, "Male population: 20 - 24 years": {"Demographic": null, "2020": 43, "2024": 44, "2029": 47, "% OF TOTAL": 4.5, "% OF TOTAL.1": null, "% OF TOTAL.2": null}, "Male population: 25 - 29 years": {"Demographic": null, "2020": 54, "2024": 51, "2029": 50, "% OF TOTAL": 4.8, "% OF TOTAL.1": null, "% OF TOTAL.2": null}, "Male population: 30 - 34 years": {"Demographic": null, "2020": 57, "2024": 56, "2029": 55, "% OF TOTAL": 5.2, "% OF TOTAL.1": null, "% OF TOTAL.2": null}, "Male population: 35 - 39 years": {"Demographic": null, "2020": 54, "2024": 52, "2029": 59, "% OF TOTAL": 5.6, "% OF TOTAL.1": null, "% OF TOTAL.2": null}, "Male population: 40 - 44 years": {"Demographic": null, "2020": 53, "2024": 55, "2029": 55, "% OF TOTAL": 5.2, "% OF TOTAL.1": null, "% OF TOTAL.2": null}, "Male population: 45 - 49 years": {"Demographic": null, "2020": 67, "2024": 62, "2029": 68, "% OF TOTAL": 6.5, "% OF TOTAL.1": null, "% OF TOTAL.2": null}, "Male population: 50 - 54 years": {"Demographic": null, "2020": 66, "2024": 66, "2029": 64, "% OF TOTAL": 6.1, "% OF TOTAL.1": null, "% OF TOTAL.2": null}, "Male population: 55 - 59 years": {"Demographic": null, "2020": 102, "2024": 91, "2029": 84, "% OF TOTAL": 8.0, "% OF TOTAL.1": null, "% OF TOTAL.2": null}, "Male population: 60 - 64 years": {"Demographic": null, "2020": 95, "2024": 86, "2029": 81, "% OF TOTAL": 7.7, "% OF TOTAL.1": null, "% OF TOTAL.2": null}, "Male population: 65 - 69 years": {"Demographic": null, "2020": 91, "2024": 90, "2029": 93, "% OF TOTAL": 8.9, "% OF TOTAL.1": null, "% OF TOTAL.2": null}, "Male population: 70 - 74 years": {"Demographic": null, "2020": 63, "2024": 62, "2029": 76, "% OF TOTAL": 7.2, "% OF TOTAL.1": null, "% OF TOTAL.2": null}, "Male population: 75 - 79 years": {"Demographic": null, "2020": 50, "2024": 59, "2029": 65, "% OF TOTAL": 6.2, "% OF TOTAL.1": null, "% OF TOTAL.2": null}, "Male population: 80 - 84 years": {"Demographic": null, "2020": 28, "2024": 31, "2029": 43, "% OF TOTAL": 4.1, "% OF TOTAL.1": null, "% OF TOTAL.2": null}, "Male population: 85 years and over": {"Demographic": null, "2020": 11, "2024": 11, "2029": 21, "% OF TOTAL": 2.0, "% OF TOTAL.1": null, "% OF TOTAL.2": null}, "White alone": {"Demographic": null, "2020": 1811, "2024": 1756, "2029": 1828, "% OF TOTAL": 87.6, "% OF TOTAL.1": null, "% OF TOTAL.2": null}, "Black alone": {"Demographic": null, "2020": 69, "2024": 66, "2029": 66, "% OF TOTAL": 3.2, "% OF TOTAL.1": null, "% OF TOTAL.2": null}, "American Indian and Alaska Native alone": {"Demographic": null, "2020": 14, "2024": 15, "2029": 16, "% OF TOTAL": 0.8, "% OF TOTAL.1": null, "% OF TOTAL.2": null}, "Asian alone": {"Demographic": null, "2020": 13, "2024": 14, "2029": 15, "% OF TOTAL": 0.7, "% OF TOTAL.1": null, "% OF TOTAL.2": null}, "Native Hawaiian and OPI alone": {"Demographic": null, "2020": 1, "2024": 1, "2029": 1, "% OF TOTAL": 0.0, "% OF TOTAL.1": null, "% OF TOTAL.2": null}, "Some other race alone": {"Demographic": null, "2020": 13, "2024": 13, "2029": 14, "% OF TOTAL": 0.7, "% OF TOTAL.1": null, "% OF TOTAL.2": null}, "Two or more races alone": {"Demographic": null, "2020": 132, "2024": 142, "2029": 146, "% OF TOTAL": 7.0, "% OF TOTAL.1": null, "% OF TOTAL.2": null}, "Not Hispanic: White alone": {"Demographic": null, "2020": 1788, "2024": 1731, "2029": 1801, "% OF TOTAL": 86.3, "% OF TOTAL.1": null, "% OF TOTAL.2": null}, "Not Hispanic: Black or African American alone": {"Demographic": null, "2020": 69, "2024": 66, "2029": 66, "% OF TOTAL": 3.2, "% OF TOTAL.1": null, "% OF TOTAL.2": null}, "Not Hispanic: American Indian and Alaska Native alone": {"Demographic": null, "2020": 14, "2024": 15, "2029": 16, "% OF TOTAL": 0.8, "% OF TOTAL.1": null, "% OF TOTAL.2": null}, "Not Hispanic: Asian alone": {"Demographic": null, "2020": 13, "2024": 14, "2029": 15, "% OF TOTAL": 0.7, "% OF TOTAL.1": null, "% OF TOTAL.2": null}, "Not Hispanic: Native Hawaiian and OPI alone": {"Demographic": null, "2020": 1, "2024": 1, "2029": 1, "% OF TOTAL": 0.0, "% OF TOTAL.1": null, "% OF TOTAL.2": null}, "Not Hispanic: Some Other Race alone": {"Demographic": null, "2020": 7, "2024": 7, "2029": 8, "% OF TOTAL": 0.4, "% OF TOTAL.1": null, "% OF TOTAL.2": null}, "Not Hispanic: Two or More Races": {"Demographic": null, "2020": 102, "2024": 110, "2029": 113, "% OF TOTAL": 5.4, "% OF TOTAL.1": null, "% OF TOTAL.2": null}, "Hispanic: White alone": {"Demographic": null, "2020": 23, "2024": 25, "2029": 27, "% OF TOTAL": 1.3, "% OF TOTAL.1": null, "% OF TOTAL.2": null}, "Hispanic: Black or African American alone": {"Demographic": null, "2020": 0, "2024": 0, "2029": 0, "% OF TOTAL": 0.0, "% OF TOTAL.1": null, "% OF TOTAL.2": null}, "Hispanic: American Indian and Alaska Native alone": {"Demographic": null, "2020": 0, "2024": 0, "2029": 0, "% OF TOTAL": 0.0, "% OF TOTAL.1": null, "% OF TOTAL.2": null}, "Hispanic: Asian alone": {"Demographic": null, "2020": 0, "2024": 0, "2029": 0, "% OF TOTAL": 0.0, "% OF TOTAL.1": null, "% OF TOTAL.2": null}, "Hispanic: Native Hawaiian and OPI alone": {"Demographic": null, "2020": 0, "2024": 0, "2029": 0, "% OF TOTAL": 0.0, "% OF TOTAL.1": null, "% OF TOTAL.2": null}, "Hispanic: Some Other Race alone": {"Demographic": null, "2020": 6, "2024": 6, "2029": 6, "% OF TOTAL": 0.3, "% OF TOTAL.1": null, "% OF TOTAL.2": null}, "Hispanic: Two or More Races": {"Demographic": null, "2020": 30, "2024": 32, "2029": 33, "% OF TOTAL": 1.6, "% OF TOTAL.1": null, "% OF TOTAL.2": null}, "Educational Attainment: No High School Diploma": {"Demographic": null, "2020": 203, "2024": 196, "2029": null, "% OF TOTAL": null, "% OF TOTAL.1": null, "% OF TOTAL.2": null}, "Educational Attainment: High School Diploma": {"Demographic": null, "2020": 464, "2024": 450, "2029": null, "% OF TOTAL": null, "% OF TOTAL.1": null, "% OF TOTAL.2": null}, "Educational Attainment: Some College": {"Demographic": null, "2020": 296, "2024": 289, "2029": null, "% OF TOTAL": null, "% OF TOTAL.1": null, "% OF TOTAL.2": null}, "Educational Attainment: Associates Degree": {"Demographic": null, "2020": 100, "2024": 98, "2029": null, "% OF TOTAL": null, "% OF TOTAL.1": null, "% OF TOTAL.2": null}, "Educational Attainment: Bachelors Degree": {"Demographic": null, "2020": 304, "2024": 304, "2029": null, "% OF TOTAL": null, "% OF TOTAL.1": null, "% OF TOTAL.2": null}, "Educational Attainment: Advanced Degree": {"Demographic": null, "2020": 176, "2024": 176, "2029": null, "% OF TOTAL": null, "% OF TOTAL.1": null, "% OF TOTAL.2": null}, "Employment Status: Armed Forces": {"Demographic": null, "2020": 0, "2024": 0, "2029": null, "% OF TOTAL": null, "% OF TOTAL.1": null, "% OF TOTAL.2": null}, "Employment Status: Civilian labor force employed": {"Demographic": null, "2020": 705, "2024": 689, "2029": null, "% OF TOTAL": null, "% OF TOTAL.1": null, "% OF TOTAL.2": null}, "Employment Status: Civilian labor force unemployed": {"Demographic": null, "2020": 78, "2024": 78, "2029": null, "% OF TOTAL": null, "% OF TOTAL.1": null, "% OF TOTAL.2": null}, "Employment Status: Not in labor force": {"Demographic": null, "2020": 932, "2024": 919, "2029": null, "% OF TOTAL": null, "% OF TOTAL.1": null, "% OF TOTAL.2": null}, "Employed in Agriculture and Mining Industries": {"Demographic": null, "2020": 17, "2024": 17, "2029": null, "% OF TOTAL": null, "% OF TOTAL.1": null, "% OF TOTAL.2": null}, "Employed in Construction Industries": {"Demographic": null, "2020": 81, "2024": 81, "2029": null, "% OF TOTAL": null, "% OF TOTAL.1": null, "% OF TOTAL.2": null}, "Employed in Manufacturing Industries": {"Demographic": null, "2020": 101, "2024": 99, "2029": null, "% OF TOTAL": null, "% OF TOTAL.1": null, "% OF TOTAL.2": null}, "Employed in Wholesale Industries": {"Demographic": null, "2020": 16, "2024": 16, "2029": null, "% OF TOTAL": null, "% OF TOTAL.1": null, "% OF TOTAL.2": null}, "Employed in Retail Industries": {"Demographic": null, "2020": 46, "2024": 43, "2029": null, "% OF TOTAL": null, "% OF TOTAL.1": null, "% OF TOTAL.2": null}, "Employed in Transportation and Utilities Industries": {"Demographic": null, "2020": 0, "2024": 0, "2029": null, "% OF TOTAL": null, "% OF TOTAL.1": null, "% OF TOTAL.2": null}, "Employed in Information Industries": {"Demographic": null, "2020": 0, "2024": 0, "2029": null, "% OF TOTAL": null, "% OF TOTAL.1": null, "% OF TOTAL.2": null}, "Employed in Real-Estate Industries": {"Demographic": null, "2020": 26, "2024": 26, "2029": null, "% OF TOTAL": null, "% OF TOTAL.1": null, "% OF TOTAL.2": null}, "Employed in Professional Industries": {"Demographic": null, "2020": 54, "2024": 52, "2029": null, "% OF TOTAL": null, "% OF TOTAL.1": null, "% OF TOTAL.2": null}, "Employed in Health and Education Industries": {"Demographic": null, "2020": 144, "2024": 137, "2029": null, "% OF TOTAL": null, "% OF TOTAL.1": null, "% OF TOTAL.2": null}, "Employed in Art Industries": {"Demographic": null, "2020": 165, "2024": 166, "2029": null, "% OF TOTAL": null, "% OF TOTAL.1": null, "% OF TOTAL.2": null}, "Employed in Other Industries": {"Demographic": null, "2020": 28, "2024": 27, "2029": null, "% OF TOTAL": null, "% OF TOTAL.1": null, "% OF TOTAL.2": null}, "Employed in Public Administration Industries": {"Demographic": null, "2020": 27, "2024": 25, "2029": null, "% OF TOTAL": null, "% OF TOTAL.1": null, "% OF TOTAL.2": null}, "Occupation: Management": {"Demographic": null, "2020": 48, "2024": 47, "2029": null, "% OF TOTAL": null, "% OF TOTAL.1": null, "% OF TOTAL.2": null}, "Occupation: Business and financial operations": {"Demographic": null, "2020": 5, "2024": 5, "2029": null, "% OF TOTAL": null, "% OF TOTAL.1": null, "% OF TOTAL.2": null}, "Occupation: Computer and mathematical": {"Demographic": null, "2020": 16, "2024": 16, "2029": null, "% OF TOTAL": null, "% OF TOTAL.1": null, "% OF TOTAL.2": null}, "Occupation: Architecture and engineering": {"Demographic": null, "2020": 23, "2024": 22, "2029": null, "% OF TOTAL": null, "% OF TOTAL.1": null, "% OF TOTAL.2": null}, "Occupation: Life, physical, and social science": {"Demographic": null, "2020": 0, "2024": 0, "2029": null, "% OF TOTAL": null, "% OF TOTAL.1": null, "% OF TOTAL.2": null}, "Occupation: Community and social service": {"Demographic": null, "2020": 0, "2024": 0, "2029": null, "% OF TOTAL": null, "% OF TOTAL.1": null, "% OF TOTAL.2": null}, "Occupation: Legal": {"Demographic": null, "2020": 0, "2024": 0, "2029": null, "% OF TOTAL": null, "% OF TOTAL.1": null, "% OF TOTAL.2": null}, "Occupation: Education, training, and library": {"Demographic": null, "2020": 44, "2024": 41, "2029": null, "% OF TOTAL": null, "% OF TOTAL.1": null, "% OF TOTAL.2": null}, "Occupation: Arts, design, entertainment, sports, and media": {"Demographic": null, "2020": 0, "2024": 0, "2029": null, "% OF TOTAL": null, "% OF TOTAL.1": null, "% OF TOTAL.2": null}, "Occupation: Health diagnosing and treating practitioners": {"Demographic": null, "2020": 6, "2024": 6, "2029": null, "% OF TOTAL": null, "% OF TOTAL.1": null, "% OF TOTAL.2": null}, "Occupation: Health technologists and technicians": {"Demographic": null, "2020": 0, "2024": 0, "2029": null, "% OF TOTAL": null, "% OF TOTAL.1": null, "% OF TOTAL.2": null}, "Occupation: Healthcare support": {"Demographic": null, "2020": 17, "2024": 17, "2029": null, "% OF TOTAL": null, "% OF TOTAL.1": null, "% OF TOTAL.2": null}, "Occupation: Fire fighting and prevention": {"Demographic": null, "2020": 0, "2024": 0, "2029": null, "% OF TOTAL": null, "% OF TOTAL.1": null, "% OF TOTAL.2": null}, "Occupation: Law enforcement workers": {"Demographic": null, "2020": 18, "2024": 17, "2029": null, "% OF TOTAL": null, "% OF TOTAL.1": null, "% OF TOTAL.2": null}, "Occupation: Food preparation and serving related": {"Demographic": null, "2020": 25, "2024": 23, "2029": null, "% OF TOTAL": null, "% OF TOTAL.1": null, "% OF TOTAL.2": null}, "Occupation: Building and grounds cleaning and maintenance": {"Demographic": null, "2020": 21, "2024": 21, "2029": null, "% OF TOTAL": null, "% OF TOTAL.1": null, "% OF TOTAL.2": null}, "Occupation: Personal care and service": {"Demographic": null, "2020": 165, "2024": 166, "2029": null, "% OF TOTAL": null, "% OF TOTAL.1": null, "% OF TOTAL.2": null}, "Occupation: Sales and related": {"Demographic": null, "2020": 40, "2024": 37, "2029": null, "% OF TOTAL": null, "% OF TOTAL.1": null, "% OF TOTAL.2": null}, "Occupation: Office and administrative support": {"Demographic": null, "2020": 119, "2024": 116, "2029": null, "% OF TOTAL": null, "% OF TOTAL.1": null, "% OF TOTAL.2": null}, "Occupation: Farming, fishing, and forestry": {"Demographic": null, "2020": 0, "2024": 0, "2029": null, "% OF TOTAL": null, "% OF TOTAL.1": null, "% OF TOTAL.2": null}, "Occupation: Construction and extraction": {"Demographic": null, "2020": 52, "2024": 52, "2029": null, "% OF TOTAL": null, "% OF TOTAL.1": null, "% OF TOTAL.2": null}, "Occupation: Installation, maintenance, and repair": {"Demographic": null, "2020": 32, "2024": 31, "2029": null, "% OF TOTAL": null, "% OF TOTAL.1": null, "% OF TOTAL.2": null}, "Occupation: Production": {"Demographic": null, "2020": 70, "2024": 68, "2029": null, "% OF TOTAL": null, "% OF TOTAL.1": null, "% OF TOTAL.2": null}, "Occupation: Transportation": {"Demographic": null, "2020": 0, "2024": 0, "2029": null, "% OF TOTAL": null, "% OF TOTAL.1": null, "% OF TOTAL.2": null}, "Occupation: Material moving": {"Demographic": null, "2020": 4, "2024": 4, "2029": null, "% OF TOTAL": null, "% OF TOTAL.1": null, "% OF TOTAL.2": null}, "White collar": {"Demographic": null, "2020": 301, "2024": 290, "2029": null, "% OF TOTAL": null, "% OF TOTAL.1": null, "% OF TOTAL.2": null}, "Blue collar": {"Demographic": null, "2020": 404, "2024": 399, "2029": null, "% OF TOTAL": null, "% OF TOTAL.1": null, "% OF TOTAL.2": null}, "Means of transportation: Car, truck or van": {"Demographic": null, "2020": 562, "2024": 551, "2029": null, "% OF TOTAL": null, "% OF TOTAL.1": null, "% OF TOTAL.2": null}, "Means of transportation: Public transportation": {"Demographic": null, "2020": 0, "2024": 0, "2029": null, "% OF TOTAL": null, "% OF TOTAL.1": null, "% OF TOTAL.2": null}, "Means of transportation: Other": {"Demographic": null, "2020": 0, "2024": 0, "2029": null, "% OF TOTAL": null, "% OF TOTAL.1": null, "% OF TOTAL.2": null}, "Travel time: Average (in minutes)": {"Demographic": null, "2020": 37, "2024": 37, "2029": null, "% OF TOTAL": null, "% OF TOTAL.1": null, "% OF TOTAL.2": null}, "Travel time to work: Less than 30 minutes": {"Demographic": null, "2020": 238, "2024": 230, "2029": null, "% OF TOTAL": null, "% OF TOTAL.1": null, "% OF TOTAL.2": null}, "Travel time to work: 30 to 60 minutes": {"Demographic": null, "2020": 155, "2024": 150, "2029": null, "% OF TOTAL": null, "% OF TOTAL.1": null, "% OF TOTAL.2": null}, "Travel time to work: 60 or more minutes": {"Demographic": null, "2020": 169, "2024": 171, "2029": null, "% OF TOTAL": null, "% OF TOTAL.1": null, "% OF TOTAL.2": null}}, "demographic_snapshot": {"Total Population": {"Demographic": null, "2020": 2053, "2024": 2007, "2029": 2086, "% OF TOTAL": null, "% OF TOTAL.1": null, "% OF TOTAL.2": null}, "Households": {"Demographic": null, "2020": 865, "2024": 856, "2029": 903, "% OF TOTAL": null, "% OF TOTAL.1": null, "% OF TOTAL.2": null}, "Population in Group Quarters": {"Demographic": null, "2020": 0, "2024": 0, "2029": 0, "% OF TOTAL": null, "% OF TOTAL.1": null, "% OF TOTAL.2": null}, "Households Growth": {"Demographic": null, "2020": null, "2024": -1.0, "2029": 5.5, "% OF TOTAL": null, "% OF TOTAL.1": null, "% OF TOTAL.2": null}, "Household Income: Median": {"Demographic": null, "2020": 0, "2024": 75595, "2029": 87281, "% OF TOTAL": null, "% OF TOTAL.1": null, "% OF TOTAL.2": null}, "Home Value: Median": {"Demographic": null, "2020": 181250, "2024": 179808, "2029": null, "% OF TOTAL": null, "% OF TOTAL.1": null, "% OF TOTAL.2": null}, "Population Growth": {"Demographic": null, "2020": null, "2024": -2.2, "2029": 3.9, "% OF TOTAL": null, "% OF TOTAL.1": null, "% OF TOTAL.2": null}, "Total Population: Under 19 years": {"Demographic": null, "2020": 419, "2024": 403, "2029": 394, "% OF TOTAL": 18.9, "% OF TOTAL.1": null, "% OF TOTAL.2": null}, "Total Population: 20 - 64 years": {"Demographic": null, "2020": 1178, "2024": 1129, "2029": 1130, "% OF TOTAL": 54.2, "% OF TOTAL.1": null, "% OF TOTAL.2": null}, "Total Population: 65 years and over": {"Demographic": null, "2020": 456, "2024": 475, "2029": 562, "% OF TOTAL": 26.9, "% OF TOTAL.1": null, "% OF TOTAL.2": null}, "Total population: Median age": {"Demographic": null, "2020": 47, "2024": 47, "2029": 48, "% OF TOTAL": null, "% OF TOTAL.1": null, "% OF TOTAL.2": null}, "Total population: Under 5 years": {"Demographic": null, "2020": 96, "2024": 89, "2029": 88, "% OF TOTAL": 4.2, "% OF TOTAL.1": null, "% OF TOTAL.2": null}, "Total population: 5 - 9 years": {"Demographic": null, "2020": 107, "2024": 108, "2029": 101, "% OF TOTAL": 4.8, "% OF TOTAL.1": null, "% OF TOTAL.2": null}, "Total population: 10 - 14 years": {"Demographic": null, "2020": 121, "2024": 111, "2029": 108, "% OF TOTAL": 5.2, "% OF TOTAL.1": null, "% OF TOTAL.2": null}, "Total population: 15 - 19 years": {"Demographic": null, "2020": 95, "2024": 95, "2029": 97, "% OF TOTAL": 4.7, "% OF TOTAL.1": null, "% OF TOTAL.2": null}, "Total population: 20 - 24 years": {"Demographic": null, "2020": 91, "2024": 91, "2029": 97, "% OF TOTAL": 4.7, "% OF TOTAL.1": null, "% OF TOTAL.2": null}, "Total population: 25 - 29 years": {"Demographic": null, "2020": 99, "2024": 95, "2029": 98, "% OF TOTAL": 4.7, "% OF TOTAL.1": null, "% OF TOTAL.2": null}, "Total population: 30 - 34 years": {"Demographic": null, "2020": 121, "2024": 121, "2029": 115, "% OF TOTAL": 5.5, "% OF TOTAL.1": null, "% OF TOTAL.2": null}, "Total population: 35 - 39 years": {"Demographic": null, "2020": 104, "2024": 100, "2029": 114, "% OF TOTAL": 5.5, "% OF TOTAL.1": null, "% OF TOTAL.2": null}, "Total population: 40 - 44 years": {"Demographic": null, "2020": 96, "2024": 102, "2029": 104, "% OF TOTAL": 5.0, "% OF TOTAL.1": null, "% OF TOTAL.2": null}, "Total population: 45 - 49 years": {"Demographic": null, "2020": 123, "2024": 116, "2029": 124, "% OF TOTAL": 5.9, "% OF TOTAL.1": null, "% OF TOTAL.2": null}, "Total population: 50 - 54 years": {"Demographic": null, "2020": 152, "2024": 149, "2029": 141, "% OF TOTAL": 6.8, "% OF TOTAL.1": null, "% OF TOTAL.2": null}, "Total population: 55 - 59 years": {"Demographic": null, "2020": 204, "2024": 180, "2029": 171, "% OF TOTAL": 8.2, "% OF TOTAL.1": null, "% OF TOTAL.2": null}, "Total population: 60 - 64 years": {"Demographic": null, "2020": 188, "2024": 175, "2029": 166, "% OF TOTAL": 8.0, "% OF TOTAL.1": null, "% OF TOTAL.2": null}, "Total population: 65 - 69 years": {"Demographic": null, "2020": 161, "2024": 162, "2029": 172, "% OF TOTAL": 8.2, "% OF TOTAL.1": null, "% OF TOTAL.2": null}, "Total population: 70 - 74 years": {"Demographic": null, "2020": 120, "2024": 119, "2029": 143, "% OF TOTAL": 6.9, "% OF TOTAL.1": null, "% OF TOTAL.2": null}, "Total population: 75 - 79 years": {"Demographic": null, "2020": 86, "2024": 99, "2029": 115, "% OF TOTAL": 5.5, "% OF TOTAL.1": null, "% OF TOTAL.2": null}, "Total population: 80 - 84 years": {"Demographic": null, "2020": 59, "2024": 65, "2029": 84, "% OF TOTAL": 4.0, "% OF TOTAL.1": null, "% OF TOTAL.2": null}, "Total population: 85 years and over": {"Demographic": null, "2020": 30, "2024": 30, "2029": 48, "% OF TOTAL": 2.3, "% OF TOTAL.1": null, "% OF TOTAL.2": null}, "Householders Age 15-24": {"Demographic": null, "2020": 25, "2024": 25, "2029": 27, "% OF TOTAL": 3.0, "% OF TOTAL.1": null, "% OF TOTAL.2": null}, "Householders Age 25-34": {"Demographic": null, "2020": 95, "2024": 94, "2029": 91, "% OF TOTAL": 10.1, "% OF TOTAL.1": null, "% OF TOTAL.2": null}, "Householders Age 35-44": {"Demographic": null, "2020": 98, "2024": 98, "2029": 105, "% OF TOTAL": 11.6, "% OF TOTAL.1": null, "% OF TOTAL.2": null}, "Householders Age 45-54": {"Demographic": null, "2020": 141, "2024": 139, "2029": 140, "% OF TOTAL": 15.5, "% OF TOTAL.1": null, "% OF TOTAL.2": null}, "Householders Age 55-64": {"Demographic": null, "2020": 230, "2024": 228, "2029": 218, "% OF TOTAL": 24.1, "% OF TOTAL.1": null, "% OF TOTAL.2": null}, "Householders Age 65-74": {"Demographic": null, "2020": 166, "2024": 164, "2029": 184, "% OF TOTAL": 20.4, "% OF TOTAL.1": null, "% OF TOTAL.2": null}, "Householders Age 75+": {"Demographic": null, "2020": 110, "2024": 108, "2029": 138, "% OF TOTAL": 15.3, "% OF TOTAL.1": null, "% OF TOTAL.2": null}, "Household income: Average": {"Demographic": null, "2020": 86986, "2024": 88764, "2029": 107843, "% OF TOTAL": null, "% OF TOTAL.1": null, "% OF TOTAL.2": null}, "Household income: Less than 25k": {"Demographic": null, "2020": 254, "2024": 248, "2029": 174, "% OF TOTAL": 19.3, "% OF TOTAL.1": null, "% OF TOTAL.2": null}, "Household income: 25k - 50k": {"Demographic": null, "2020": 90, "2024": 70, "2029": 68, "% OF TOTAL": 7.5, "% OF TOTAL.1": null, "% OF TOTAL.2": null}, "Household income: 50k - 75k": {"Demographic": null, "2020": 58, "2024": 55, "2029": 53, "% OF TOTAL": 5.9, "% OF TOTAL.1": null, "% OF TOTAL.2": null}, "Household income: 75k - 100k": {"Demographic": null, "2020": 92, "2024": 102, "2029": 104, "% OF TOTAL": 11.5, "% OF TOTAL.1": null, "% OF TOTAL.2": null}, "Household income: 100k - 125k": {"Demographic": null, "2020": 86, "2024": 98, "2029": 102, "% OF TOTAL": 11.3, "% OF TOTAL.1": null, "% OF TOTAL.2": null}, "Household income: 125k - 150k": {"Demographic": null, "2020": 71, "2024": 70, "2029": 94, "% OF TOTAL": 10.4, "% OF TOTAL.1": null, "% OF TOTAL.2": null}, "Household income: 150k - 200k": {"Demographic": null, "2020": 190, "2024": 186, "2029": 253, "% OF TOTAL": 28.0, "% OF TOTAL.1": null, "% OF TOTAL.2": null}, "Household income: Above 200k": {"Demographic": null, "2020": 24, "2024": 27, "2029": 55, "% OF TOTAL": 6.1, "% OF TOTAL.1": null, "% OF TOTAL.2": null}, "White Alone": {"Demographic": null, "2020": 1811, "2024": 1756, "2029": 1828, "% OF TOTAL": 87.6, "% OF TOTAL.1": null, "% OF TOTAL.2": null}, "Black or African American Alone": {"Demographic": null, "2020": 69, "2024": 66, "2029": 66, "% OF TOTAL": 3.2, "% OF TOTAL.1": null, "% OF TOTAL.2": null}, "American Indian and Alaska Native Alone": {"Demographic": null, "2020": 14, "2024": 15, "2029": 16, "% OF TOTAL": 0.8, "% OF TOTAL.1": null, "% OF TOTAL.2": null}, "Asian Alone": {"Demographic": null, "2020": 13, "2024": 14, "2029": 15, "% OF TOTAL": 0.7, "% OF TOTAL.1": null, "% OF TOTAL.2": null}, "Native Hawaiian and OPI Alone": {"Demographic": null, "2020": 1, "2024": 1, "2029": 1, "% OF TOTAL": 0.0, "% OF TOTAL.1": null, "% OF TOTAL.2": null}, "Some Other Race Alone": {"Demographic": null, "2020": 13, "2024": 13, "2029": 14, "% OF TOTAL": 0.7, "% OF TOTAL.1": null, "% OF TOTAL.2": null}, "Two or More Races Alone": {"Demographic": null, "2020": 132, "2024": 142, "2029": 146, "% OF TOTAL": 7.0, "% OF TOTAL.1": null, "% OF TOTAL.2": null}, "Not Hispanic or Latino": {"Demographic": null, "2020": 1994, "2024": 1944, "2029": 2020, "% OF TOTAL": 96.8, "% OF TOTAL.1": null, "% OF TOTAL.2": null}, "Hispanic or Latino": {"Demographic": null, "2020": 59, "2024": 63, "2029": 66, "% OF TOTAL": 3.2, "% OF TOTAL.1": null, "% OF TOTAL.2": null}, "Total Housing Units": {"Demographic": null, "2020": 972, "2024": null, "2029": null, "% OF TOTAL": null, "% OF TOTAL.1": null, "% OF TOTAL.2": null}, "Owner Occupied Housing Units": {"Demographic": null, "2020": 694, "2024": 687, "2029": null, "% OF TOTAL": null, "% OF TOTAL.1": null, "% OF TOTAL.2": null}, "Renter Occupied Housing Units": {"Demographic": null, "2020": 171, "2024": 169, "2029": null, "% OF TOTAL": null, "% OF TOTAL.1": null, "% OF TOTAL.2": null}, "Housing Units Value Less Than 100k": {"Demographic": null, "2020": 132, "2024": 131, "2029": null, "% OF TOTAL": null, "% OF TOTAL.1": null, "% OF TOTAL.2": null}, "Housing Units Value 100k - 200k": {"Demographic": null, "2020": 167, "2024": 163, "2029": null, "% OF TOTAL": null, "% OF TOTAL.1": null, "% OF TOTAL.2": null}, "Housing Units Value 200k - 250k": {"Demographic": null, "2020": 67, "2024": 66, "2029": null, "% OF TOTAL": null, "% OF TOTAL.1": null, "% OF TOTAL.2": null}, "Housing Units Value 250k - 300k": {"Demographic": null, "2020": 72, "2024": 68, "2029": null, "% OF TOTAL": null, "% OF TOTAL.1": null, "% OF TOTAL.2": null}, "Housing Units Value 300k - 400k": {"Demographic": null, "2020": 11, "2024": 11, "2029": null, "% OF TOTAL": null, "% OF TOTAL.1": null, "% OF TOTAL.2": null}, "Housing Units Value 400k - 500k": {"Demographic": null, "2020": 41, "2024": 42, "2029": null, "% OF TOTAL": null, "% OF TOTAL.1": null, "% OF TOTAL.2": null}, "Housing Units Value 500k - 750k": {"Demographic": null, "2020": 185, "2024": 188, "2029": null, "% OF TOTAL": null, "% OF TOTAL.1": null, "% OF TOTAL.2": null}, "Housing Units Value 750k - 1m": {"Demographic": null, "2020": 19, "2024": 18, "2029": null, "% OF TOTAL": null, "% OF TOTAL.1": null, "% OF TOTAL.2": null}, "Housing Units Value 1m - 1.5m": {"Demographic": null, "2020": 0, "2024": 0, "2029": null, "% OF TOTAL": null, "% OF TOTAL.1": null, "% OF TOTAL.2": null}, "Housing Units Value 1.5m - 2m": {"Demographic": null, "2020": 0, "2024": 0, "2029": null, "% OF TOTAL": null, "% OF TOTAL.1": null, "% OF TOTAL.2": null}, "Housing Units Value >2m": {"Demographic": null, "2020": 0, "2024": 0, "2029": null, "% OF TOTAL": null, "% OF TOTAL.1": null, "% OF TOTAL.2": null}, "Take Car or Truck to Work": {"Demographic": null, "2020": 562, "2024": 551, "2029": null, "% OF TOTAL": null, "% OF TOTAL.1": null, "% OF TOTAL.2": null}, "Take Public Transportation to Work": {"Demographic": null, "2020": 0, "2024": 0, "2029": null, "% OF TOTAL": null, "% OF TOTAL.1": null, "% OF TOTAL.2": null}, "Take Other Means of Transportation to Work": {"Demographic": null, "2020": 0, "2024": 0, "2029": null, "% OF TOTAL": null, "% OF TOTAL.1": null, "% OF TOTAL.2": null}, "Average Travel Time (min)": {"Demographic": null, "2020": 38, "2024": 38, "2029": null, "% OF TOTAL": null, "% OF TOTAL.1": null, "% OF TOTAL.2": null}, "Travel Below 30 Min to Work": {"Demographic": null, "2020": 238, "2024": 230, "2029": null, "% OF TOTAL": null, "% OF TOTAL.1": null, "% OF TOTAL.2": null}, "Travel 30-60 Min to Work": {"Demographic": null, "2020": 155, "2024": 150, "2029": null, "% OF TOTAL": null, "% OF TOTAL.1": null, "% OF TOTAL.2": null}, "Travel Above 60 Min to Work": {"Demographic": null, "2020": 244, "2024": 171, "2029": null, "% OF TOTAL": null, "% OF TOTAL.1": null, "% OF TOTAL.2": null}, "Educational Attainment: No High School Diploma": {"Demographic": null, "2020": 667, "2024": 646, "2029": null, "% OF TOTAL": null, "% OF TOTAL.1": null, "% OF TOTAL.2": null}, "Educational Attainment: High School Diploma": {"Demographic": null, "2020": 464, "2024": 450, "2029": null, "% OF TOTAL": null, "% OF TOTAL.1": null, "% OF TOTAL.2": null}, "Educational Attainment: Some College": {"Demographic": null, "2020": 700, "2024": 691, "2029": null, "% OF TOTAL": null, "% OF TOTAL.1": null, "% OF TOTAL.2": null}, "Educational Attainment: Associate's Degree": {"Demographic": null, "2020": 100, "2024": 98, "2029": null, "% OF TOTAL": null, "% OF TOTAL.1": null, "% OF TOTAL.2": null}, "Educational Attainment: Bachelors Degree": {"Demographic": null, "2020": 304, "2024": 304, "2029": null, "% OF TOTAL": null, "% OF TOTAL.1": null, "% OF TOTAL.2": null}, "Educational Attainment: Advanced Degree": {"Demographic": null, "2020": 176, "2024": 176, "2029": null, "% OF TOTAL": null, "% OF TOTAL.1": null, "% OF TOTAL.2": null}, "Households: Number of vehicles available - Average": {"Demographic": null, "2020": 2, "2024": 2, "2029": null, "% OF TOTAL": null, "% OF TOTAL.1": null, "% OF TOTAL.2": null}, "Households: No Vehicle available": {"Demographic": null, "2020": 37, "2024": 35, "2029": null, "% OF TOTAL": null, "% OF TOTAL.1": null, "% OF TOTAL.2": null}, "Households: 1 Vehicle available": {"Demographic": null, "2020": 247, "2024": 246, "2029": null, "% OF TOTAL": null, "% OF TOTAL.1": null, "% OF TOTAL.2": null}, "Households: 2 Vehicles available": {"Demographic": null, "2020": 331, "2024": 332, "2029": null, "% OF TOTAL": null, "% OF TOTAL.1": null, "% OF TOTAL.2": null}, "Households: 3 Vehicles available": {"Demographic": null, "2020": 186, "2024": 180, "2029": null, "% OF TOTAL": null, "% OF TOTAL.1": null, "% OF TOTAL.2": null}, "Households: 4 or more Vehicles available": {"Demographic": null, "2020": 64, "2024": 63, "2029": null, "% OF TOTAL": null, "% OF TOTAL.1": null, "% OF TOTAL.2": null}}, "household_trends": {"Households": {"Demographic": null, "2020": 865, "2024": 856, "2029": 903, "% OF TOTAL": null, "% OF TOTAL.1": null, "% OF TOTAL.2": null}, "Households Growth": {"Demographic": null, "2020": null, "2024": -1.0, "2029": 5.5, "% OF TOTAL": null, "% OF TOTAL.1": null, "% OF TOTAL.2": null}, "Householder Age 15-24": {"Demographic": null, "2020": 25, "2024": 25, "2029": 27, "% OF TOTAL": 3.0, "% OF TOTAL.1": null, "% OF TOTAL.2": null}, "Householder Age 25-34": {"Demographic": null, "2020": 95, "2024": 94, "2029": 91, "% OF TOTAL": 10.1, "% OF TOTAL.1": null, "% OF TOTAL.2": null}, "Householder Age 35-44": {"Demographic": null, "2020": 98, "2024": 98, "2029": 105, "% OF TOTAL": 11.6, "% OF TOTAL.1": null, "% OF TOTAL.2": null}, "Householder Age 45-54": {"Demographic": null, "2020": 141, "2024": 139, "2029": 140, "% OF TOTAL": 15.5, "% OF TOTAL.1": null, "% OF TOTAL.2": null}, "Householder Age 55-64": {"Demographic": null, "2020": 230, "2024": 228, "2029": 218, "% OF TOTAL": 24.1, "% OF TOTAL.1": null, "% OF TOTAL.2": null}, "Householder Age 65-74": {"Demographic": null, "2020": 166, "2024": 164, "2029": 184, "% OF TOTAL": 20.4, "% OF TOTAL.1": null, "% OF TOTAL.2": null}, "Householder Age 75+": {"Demographic": null, "2020": 110, "2024": 108, "2029": 138, "% OF TOTAL": 15.3, "% OF TOTAL.1": null, "% OF TOTAL.2": null}, "Average Household Size": {"Demographic": null, "2020": 2.4, "2024": 2.3, "2029": 2.3, "% OF TOTAL": null, "% OF TOTAL.1": null, "% OF TOTAL.2": null}, "1 Person Households": {"Demographic": null, "2020": 235, "2024": 237, "2029": 253, "% OF TOTAL": 28.0, "% OF TOTAL.1": null, "% OF TOTAL.2": null}, "2 Person Households": {"Demographic": null, "2020": 333, "2024": 337, "2029": 359, "% OF TOTAL": 39.8, "% OF TOTAL.1": null, "% OF TOTAL.2": null}, "3 Person Households": {"Demographic": null, "2020": 143, "2024": 144, "2029": 154, "% OF TOTAL": 17.1, "% OF TOTAL.1": null, "% OF TOTAL.2": null}, "4 Person Households": {"Demographic": null, "2020": 82, "2024": 74, "2029": 75, "% OF TOTAL": 8.3, "% OF TOTAL.1": null, "% OF TOTAL.2": null}, "5 Person Households": {"Demographic": null, "2020": 37, "2024": 33, "2029": 33, "% OF TOTAL": 3.7, "% OF TOTAL.1": null, "% OF TOTAL.2": null}, "6 Person Households": {"Demographic": null, "2020": 27, "2024": 24, "2029": 23, "% OF TOTAL": 2.5, "% OF TOTAL.1": null, "% OF TOTAL.2": null}, "7+ Person Households": {"Demographic": null, "2020": 8, "2024": 7, "2029": 6, "% OF TOTAL": 0.7, "% OF TOTAL.1": null, "% OF TOTAL.2": null}, "Household Type: Family": {"Demographic": null, "2020": 582, "2024": 576, "2029": null, "% OF TOTAL": null, "% OF TOTAL.1": null, "% OF TOTAL.2": null}, "Household Type: Married Family": {"Demographic": null, "2020": 433, "2024": 428, "2029": null, "% OF TOTAL": null, "% OF TOTAL.1": null, "% OF TOTAL.2": null}, "Household Type: Married Family With Children": {"Demographic": null, "2020": 105, "2024": 104, "2029": null, "% OF TOTAL": null, "% OF TOTAL.1": null, "% OF TOTAL.2": null}, "Household Type: Married Family Without Children": {"Demographic": null, "2020": 328, "2024": 324, "2029": null, "% OF TOTAL": null, "% OF TOTAL.1": null, "% OF TOTAL.2": null}, "Household Type: Other Family": {"Demographic": null, "2020": 149, "2024": 148, "2029": null, "% OF TOTAL": null, "% OF TOTAL.1": null, "% OF TOTAL.2": null}, "Household Type: Male Households, No Wife": {"Demographic": null, "2020": 60, "2024": 60, "2029": null, "% OF TOTAL": null, "% OF TOTAL.1": null, "% OF TOTAL.2": null}, "Household Type: Male Households, No Wife With Children": {"Demographic": null, "2020": 22, "2024": 22, "2029": null, "% OF TOTAL": null, "% OF TOTAL.1": null, "% OF TOTAL.2": null}, "Household Type: Male Households, No Wife Without Children": {"Demographic": null, "2020": 38, "2024": 38, "2029": null, "% OF TOTAL": null, "% OF TOTAL.1": null, "% OF TOTAL.2": null}, "Household Type: Female Households, No Husband": {"Demographic": null, "2020": 89, "2024": 88, "2029": null, "% OF TOTAL": null, "% OF TOTAL.1": null, "% OF TOTAL.2": null}, "Household Type: Female Households, No Husband With Children": {"Demographic": null, "2020": 27, "2024": 26, "2029": null, "% OF TOTAL": null, "% OF TOTAL.1": null, "% OF TOTAL.2": null}, "Household Type: Female Households, No Husband Without Children": {"Demographic": null, "2020": 62, "2024": 62, "2029": null, "% OF TOTAL": null, "% OF TOTAL.1": null, "% OF TOTAL.2": null}, "Household Income: Average": {"Demographic": null, "2020": 86986, "2024": 88764, "2029": 107843, "% OF TOTAL": null, "% OF TOTAL.1": null, "% OF TOTAL.2": null}, "Household Income: Median": {"Demographic": null, "2020": 0, "2024": 75595, "2029": 87281, "% OF TOTAL": null, "% OF TOTAL.1": null, "% OF TOTAL.2": null}, "Household Income: Less than $25k": {"Demographic": null, "2020": 254, "2024": 248, "2029": 174, "% OF TOTAL": 19.3, "% OF TOTAL.1": null, "% OF TOTAL.2": null}, "Household Income: $25k - $50k": {"Demographic": null, "2020": 90, "2024": 70, "2029": 68, "% OF TOTAL": 7.5, "% OF TOTAL.1": null, "% OF TOTAL.2": null}, "Household Income: $50k - $75k": {"Demographic": null, "2020": 58, "2024": 55, "2029": 53, "% OF TOTAL": 5.9, "% OF TOTAL.1": null, "% OF TOTAL.2": null}, "Household Income: $75k - $100k": {"Demographic": null, "2020": 92, "2024": 102, "2029": 104, "% OF TOTAL": 11.5, "% OF TOTAL.1": null, "% OF TOTAL.2": null}, "Household Income: $100k - $125k": {"Demographic": null, "2020": 86, "2024": 98, "2029": 102, "% OF TOTAL": 11.3, "% OF TOTAL.1": null, "% OF TOTAL.2": null}, "Household Income: $125k - $150k": {"Demographic": null, "2020": 71, "2024": 70, "2029": 94, "% OF TOTAL": 10.4, "% OF TOTAL.1": null, "% OF TOTAL.2": null}, "Household Income: $150k - $200k": {"Demographic": null, "2020": 190, "2024": 186, "2029": 253, "% OF TOTAL": 28.0, "% OF TOTAL.1": null, "% OF TOTAL.2": null}, "Household Income: Above $200k": {"Demographic": null, "2020": 24, "2024": 27, "2029": 55, "% OF TOTAL": 6.1, "% OF TOTAL.1": null, "% OF TOTAL.2": null}, "Total Housing Units": {"Demographic": null, "2020": 972, "2024": null, "2029": null, "% OF TOTAL": null, "% OF TOTAL.1": null, "% OF TOTAL.2": null}, "Owner Occupied Housing Units": {"Demographic": null, "2020": 694, "2024": 687, "2029": null, "% OF TOTAL": null, "% OF TOTAL.1": null, "% OF TOTAL.2": null}, "Renter Occupied Housing Units": {"Demographic": null, "2020": 171, "2024": 169, "2029": null, "% OF TOTAL": null, "% OF TOTAL.1": null, "% OF TOTAL.2": null}, "Vacant Housing Units": {"Demographic": null, "2020": 107, "2024": null, "2029": null, "% OF TOTAL": null, "% OF TOTAL.1": null, "% OF TOTAL.2": null}, "Vacant Housing Units: Seasonal": {"Demographic": null, "2020": 33, "2024": null, "2029": null, "% OF TOTAL": null, "% OF TOTAL.1": null, "% OF TOTAL.2": null}, "Vacant Housing Units: Other Usage": {"Demographic": null, "2020": 74, "2024": null, "2029": null, "% OF TOTAL": null, "% OF TOTAL.1": null, "% OF TOTAL.2": null}, "Average Housing Unit Value": {"Demographic": null, "2020": 293234, "2024": 292930, "2029": null, "% OF TOTAL": null, "% OF TOTAL.1": null, "% OF TOTAL.2": null}, "Median Housing Unit Value": {"Demographic": null, "2020": 181250, "2024": 179808, "2029": null, "% OF TOTAL": null, "% OF TOTAL.1": null, "% OF TOTAL.2": null}, "Housing Unit Value Less Than $100k": {"Demographic": null, "2020": 132, "2024": 131, "2029": null, "% OF TOTAL": null, "% OF TOTAL.1": null, "% OF TOTAL.2": null}, "Housing Unit Value $100k-$200k": {"Demographic": null, "2020": 167, "2024": 163, "2029": null, "% OF TOTAL": null, "% OF TOTAL.1": null, "% OF TOTAL.2": null}, "Housing Unit Value $200k-$250k": {"Demographic": null, "2020": 67, "2024": 66, "2029": null, "% OF TOTAL": null, "% OF TOTAL.1": null, "% OF TOTAL.2": null}, "Housing Unit Value $250k-$300k": {"Demographic": null, "2020": 72, "2024": 68, "2029": null, "% OF TOTAL": null, "% OF TOTAL.1": null, "% OF TOTAL.2": null}, "Housing Unit Value $300k-$400k": {"Demographic": null, "2020": 11, "2024": 11, "2029": null, "% OF TOTAL": null, "% OF TOTAL.1": null, "% OF TOTAL.2": null}, "Housing Unit Value $400k-$500k": {"Demographic": null, "2020": 41, "2024": 42, "2029": null, "% OF TOTAL": null, "% OF TOTAL.1": null, "% OF TOTAL.2": null}, "Housing Unit Value $500k-$750k": {"Demographic": null, "2020": 185, "2024": 188, "2029": null, "% OF TOTAL": null, "% OF TOTAL.1": null, "% OF TOTAL.2": null}, "Housing Unit Value $750k-$1m": {"Demographic": null, "2020": 19, "2024": 18, "2029": null, "% OF TOTAL": null, "% OF TOTAL.1": null, "% OF TOTAL.2": null}, "Housing Unit Value $1m-$1.5m": {"Demographic": null, "2020": 0, "2024": 0, "2029": null, "% OF TOTAL": null, "% OF TOTAL.1": null, "% OF TOTAL.2": null}, "Housing Unit Value $1.5m-$2m": {"Demographic": null, "2020": 0, "2024": 0, "2029": null, "% OF TOTAL": null, "% OF TOTAL.1": null, "% OF TOTAL.2": null}, "Housing Unit Value Above $2m": {"Demographic": null, "2020": 0, "2024": 0, "2029": null, "% OF TOTAL": null, "% OF TOTAL.1": null, "% OF TOTAL.2": null}, "Median Housing Unit Year Built": {"Demographic": null, "2020": 1978, "2024": 1978, "2029": null, "% OF TOTAL": null, "% OF TOTAL.1": null, "% OF TOTAL.2": null}, "Housing Units Built 2014 Or After": {"Demographic": null, "2020": 0, "2024": 0, "2029": null, "% OF TOTAL": null, "% OF TOTAL.1": null, "% OF TOTAL.2": null}, "Housing Units Built 2010-2013": {"Demographic": null, "2020": 15, "2024": 15, "2029": null, "% OF TOTAL": null, "% OF TOTAL.1": null, "% OF TOTAL.2": null}, "Housing Units Built 2000-2009": {"Demographic": null, "2020": 108, "2024": 106, "2029": null, "% OF TOTAL": null, "% OF TOTAL.1": null, "% OF TOTAL.2": null}, "Housing Units Built 1990-1999": {"Demographic": null, "2020": 112, "2024": 110, "2029": null, "% OF TOTAL": null, "% OF TOTAL.1": null, "% OF TOTAL.2": null}, "Housing Units Built 1980-1989": {"Demographic": null, "2020": 178, "2024": 177, "2029": null, "% OF TOTAL": null, "% OF TOTAL.1": null, "% OF TOTAL.2": null}, "Housing Units Built 1970-1979": {"Demographic": null, "2020": 131, "2024": 130, "2029": null, "% OF TOTAL": null, "% OF TOTAL.1": null, "% OF TOTAL.2": null}, "Housing Units Built 1960-1969": {"Demographic": null, "2020": 19, "2024": 18, "2029": null, "% OF TOTAL": null, "% OF TOTAL.1": null, "% OF TOTAL.2": null}, "Housing Units Built 1950-1959": {"Demographic": null, "2020": 213, "2024": 215, "2029": null, "% OF TOTAL": null, "% OF TOTAL.1": null, "% OF TOTAL.2": null}, "Housing Units Built 1940-1949": {"Demographic": null, "2020": 26, "2024": 25, "2029": null, "% OF TOTAL": null, "% OF TOTAL.1": null, "% OF TOTAL.2": null}, "Housing Units Built Before 1940": {"Demographic": null, "2020": 63, "2024": 60, "2029": null, "% OF TOTAL": null, "% OF TOTAL.1": null, "% OF TOTAL.2": null}}}, "geometry": {"type": "Polygon", "coordinates": [[[-88.130059, 30.471968], [-88.130395, 30.501008], [-88.096859, 30.501294], [-88.096533, 30.472255], [-88.130059, 30.471968]]]}}, {"type": "Feature", "properties": {"block": "017", "block_num": 17, "CentroidLon": -88.24757834342057, "CentroidLat": 30.485415831163593, "data_status": "usable", "is_anomalous": false, "anomaly_reason": null, "files_present": "DemographicSnapshot-26.08.06.csv;PopulationTrends-26.08.06.csv;HouseholdTrends-26.08.06.csv;HouseholdIncomeByAge-26.08.06.csv;ConsumerSegmentation-26.08.06.csv", "population_2024": 2648, "population_2029": 2678, "households_2024": 936, "households_2029": 959, "median_household_income_2024": 51177, "median_household_income_2029": 53679, "mean_household_income_2024": null, "mean_household_income_2029": null, "median_age_2024": 36, "median_age_2029": 37, "median_home_value_2024": 99688, "average_household_size_2024": 2.8, "average_household_size_2029": 2.8, "population_growth_2024_2029": -2.4, "households_growth_2024_2029": -1.5, "consumer_segments": {"Simple Life Moderate Income No Children": {"households": 205, "pct": 29.8}, "Simple Life Moderate Income With Children": {"households": 137, "pct": 19.9}, "Renters": {"households": 134, "pct": 19.5}, "Active Adult Elite": {"households": 60, "pct": 8.7}, "Renters Near Term Buyers": {"households": 40, "pct": 5.8}, "Family Life Young Children": {"households": 31, "pct": 4.5}, "Active Adult Entry Level": {"households": 28, "pct": 4.1}, "Simple Life Affluent No Children": {"households": 26, "pct": 3.8}, "Elite": {"households": 16, "pct": 2.3}, "Active Adult Feature and Location": {"households": 10, "pct": 1.5}, "Family Life School Age Children": {"households": 0, "pct": 0.0}, "Feature and Location": {"households": 0, "pct": 0.0}, "Entry Level Urban": {"households": 0, "pct": 0.0}, "Entry Level Suburban": {"households": 0, "pct": 0.0}}, "income_age": {"2020": {}, "2024": {}, "2029": {}}, "population_trends": {"Total Population": {"Demographic": null, "2020": 2714, "2024": 2648, "2029": 2678, "% OF TOTAL": null, "% OF TOTAL.1": null, "% OF TOTAL.2": null}, "Population Growth": {"Demographic": null, "2020": null, "2024": -2.4, "2029": 1.1, "% OF TOTAL": null, "% OF TOTAL.1": null, "% OF TOTAL.2": null}, "Female Population": {"Demographic": null, "2020": 1369, "2024": 1338, "2029": 1353, "% OF TOTAL": 50.5, "% OF TOTAL.1": null, "% OF TOTAL.2": null}, "Male Population": {"Demographic": null, "2020": 1345, "2024": 1310, "2029": 1325, "% OF TOTAL": 49.5, "% OF TOTAL.1": null, "% OF TOTAL.2": null}, "Total population: Median Age": {"Demographic": null, "2020": 35, "2024": 36, "2029": 37, "% OF TOTAL": null, "% OF TOTAL.1": null, "% OF TOTAL.2": null}, "Total population: Under 5 years": {"Demographic": null, "2020": 159, "2024": 152, "2029": 152, "% OF TOTAL": 5.7, "% OF TOTAL.1": null, "% OF TOTAL.2": null}, "Total population: 5 - 9 years": {"Demographic": null, "2020": 173, "2024": 174, "2029": 161, "% OF TOTAL": 6.0, "% OF TOTAL.1": null, "% OF TOTAL.2": null}, "Total population: 10 - 14 years": {"Demographic": null, "2020": 225, "2024": 208, "2029": 192, "% OF TOTAL": 7.2, "% OF TOTAL.1": null, "% OF TOTAL.2": null}, "Total population: 15 - 19 years": {"Demographic": null, "2020": 203, "2024": 207, "2029": 198, "% OF TOTAL": 7.4, "% OF TOTAL.1": null, "% OF TOTAL.2": null}, "Total population: 20 - 24 years": {"Demographic": null, "2020": 173, "2024": 174, "2029": 185, "% OF TOTAL": 6.9, "% OF TOTAL.1": null, "% OF TOTAL.2": null}, "Total population: 25 - 29 years": {"Demographic": null, "2020": 170, "2024": 158, "2029": 162, "% OF TOTAL": 6.0, "% OF TOTAL.1": null, "% OF TOTAL.2": null}, "Total population: 30 - 34 years": {"Demographic": null, "2020": 179, "2024": 170, "2029": 161, "% OF TOTAL": 6.0, "% OF TOTAL.1": null, "% OF TOTAL.2": null}, "Total population: 35 - 39 years": {"Demographic": null, "2020": 156, "2024": 147, "2029": 160, "% OF TOTAL": 6.0, "% OF TOTAL.1": null, "% OF TOTAL.2": null}, "Total population: 40 - 44 years": {"Demographic": null, "2020": 180, "2024": 185, "2029": 177, "% OF TOTAL": 6.6, "% OF TOTAL.1": null, "% OF TOTAL.2": null}, "Total population: 45 - 49 years": {"Demographic": null, "2020": 191, "2024": 176, "2029": 191, "% OF TOTAL": 7.1, "% OF TOTAL.1": null, "% OF TOTAL.2": null}, "Total population: 50 - 54 years": {"Demographic": null, "2020": 183, "2024": 177, "2029": 176, "% OF TOTAL": 6.6, "% OF TOTAL.1": null, "% OF TOTAL.2": null}, "Total population: 55 - 59 years": {"Demographic": null, "2020": 176, "2024": 166, "2029": 166, "% OF TOTAL": 6.2, "% OF TOTAL.1": null, "% OF TOTAL.2": null}, "Total population: 60 - 64 years": {"Demographic": null, "2020": 180, "2024": 177, "2029": 161, "% OF TOTAL": 6.0, "% OF TOTAL.1": null, "% OF TOTAL.2": null}, "Total population: 65 - 69 years": {"Demographic": null, "2020": 136, "2024": 134, "2029": 148, "% OF TOTAL": 5.5, "% OF TOTAL.1": null, "% OF TOTAL.2": null}, "Total population: 70 - 74 years": {"Demographic": null, "2020": 111, "2024": 111, "2029": 122, "% OF TOTAL": 4.6, "% OF TOTAL.1": null, "% OF TOTAL.2": null}, "Total population: 75 - 79 years": {"Demographic": null, "2020": 64, "2024": 74, "2029": 89, "% OF TOTAL": 3.3, "% OF TOTAL.1": null, "% OF TOTAL.2": null}, "Total population: 80 - 84 years": {"Demographic": null, "2020": 24, "2024": 26, "2029": 43, "% OF TOTAL": 1.6, "% OF TOTAL.1": null, "% OF TOTAL.2": null}, "Total population: 85 years and over": {"Demographic": null, "2020": 31, "2024": 32, "2029": 34, "% OF TOTAL": 1.3, "% OF TOTAL.1": null, "% OF TOTAL.2": null}, "Female population: Median Age": {"Demographic": null, "2020": 37, "2024": 37, "2029": 38, "% OF TOTAL": null, "% OF TOTAL.1": null, "% OF TOTAL.2": null}, "Female population: Under 5 years": {"Demographic": null, "2020": 69, "2024": 63, "2029": 65, "% OF TOTAL": 4.8, "% OF TOTAL.1": null, "% OF TOTAL.2": null}, "Female population: 5 - 9 years": {"Demographic": null, "2020": 77, "2024": 77, "2029": 70, "% OF TOTAL": 5.2, "% OF TOTAL.1": null, "% OF TOTAL.2": null}, "Female population: 10 - 14 years": {"Demographic": null, "2020": 118, "2024": 110, "2029": 97, "% OF TOTAL": 7.2, "% OF TOTAL.1": null, "% OF TOTAL.2": null}, "Female population: 15 - 19 years": {"Demographic": null, "2020": 98, "2024": 98, "2029": 97, "% OF TOTAL": 7.2, "% OF TOTAL.1": null, "% OF TOTAL.2": null}, "Female population: 20 - 24 years": {"Demographic": null, "2020": 94, "2024": 93, "2029": 97, "% OF TOTAL": 7.2, "% OF TOTAL.1": null, "% OF TOTAL.2": null}, "Female population: 25 - 29 years": {"Demographic": null, "2020": 84, "2024": 79, "2029": 83, "% OF TOTAL": 6.1, "% OF TOTAL.1": null, "% OF TOTAL.2": null}, "Female population: 30 - 34 years": {"Demographic": null, "2020": 81, "2024": 78, "2029": 76, "% OF TOTAL": 5.6, "% OF TOTAL.1": null, "% OF TOTAL.2": null}, "Female population: 35 - 39 years": {"Demographic": null, "2020": 83, "2024": 81, "2029": 83, "% OF TOTAL": 6.1, "% OF TOTAL.1": null, "% OF TOTAL.2": null}, "Female population: 40 - 44 years": {"Demographic": null, "2020": 100, "2024": 104, "2029": 100, "% OF TOTAL": 7.4, "% OF TOTAL.1": null, "% OF TOTAL.2": null}, "Female population: 45 - 49 years": {"Demographic": null, "2020": 85, "2024": 79, "2029": 91, "% OF TOTAL": 6.7, "% OF TOTAL.1": null, "% OF TOTAL.2": null}, "Female population: 50 - 54 years": {"Demographic": null, "2020": 100, "2024": 94, "2029": 89, "% OF TOTAL": 6.6, "% OF TOTAL.1": null, "% OF TOTAL.2": null}, "Female population: 55 - 59 years": {"Demographic": null, "2020": 96, "2024": 87, "2029": 86, "% OF TOTAL": 6.4, "% OF TOTAL.1": null, "% OF TOTAL.2": null}, "Female population: 60 - 64 years": {"Demographic": null, "2020": 97, "2024": 98, "2029": 89, "% OF TOTAL": 6.6, "% OF TOTAL.1": null, "% OF TOTAL.2": null}, "Female population: 65 - 69 years": {"Demographic": null, "2020": 66, "2024": 67, "2029": 77, "% OF TOTAL": 5.7, "% OF TOTAL.1": null, "% OF TOTAL.2": null}, "Female population: 70 - 74 years": {"Demographic": null, "2020": 61, "2024": 62, "2029": 66, "% OF TOTAL": 4.9, "% OF TOTAL.1": null, "% OF TOTAL.2": null}, "Female population: 75 - 79 years": {"Demographic": null, "2020": 27, "2024": 32, "2029": 44, "% OF TOTAL": 3.3, "% OF TOTAL.1": null, "% OF TOTAL.2": null}, "Female population: 80 - 84 years": {"Demographic": null, "2020": 14, "2024": 16, "2029": 22, "% OF TOTAL": 1.6, "% OF TOTAL.1": null, "% OF TOTAL.2": null}, "Female population: 85 years and over": {"Demographic": null, "2020": 19, "2024": 20, "2029": 21, "% OF TOTAL": 1.6, "% OF TOTAL.1": null, "% OF TOTAL.2": null}, "Male population: Median Age": {"Demographic": null, "2020": 34, "2024": 34, "2029": 36, "% OF TOTAL": null, "% OF TOTAL.1": null, "% OF TOTAL.2": null}, "Male population: Under 5 years": {"Demographic": null, "2020": 90, "2024": 89, "2029": 87, "% OF TOTAL": 6.6, "% OF TOTAL.1": null, "% OF TOTAL.2": null}, "Male population: 5 - 9 years": {"Demographic": null, "2020": 96, "2024": 97, "2029": 91, "% OF TOTAL": 6.9, "% OF TOTAL.1": null, "% OF TOTAL.2": null}, "Male population: 10 - 14 years": {"Demographic": null, "2020": 107, "2024": 98, "2029": 95, "% OF TOTAL": 7.2, "% OF TOTAL.1": null, "% OF TOTAL.2": null}, "Male population: 15 - 19 years": {"Demographic": null, "2020": 105, "2024": 109, "2029": 101, "% OF TOTAL": 7.6, "% OF TOTAL.1": null, "% OF TOTAL.2": null}, "Male population: 20 - 24 years": {"Demographic": null, "2020": 79, "2024": 81, "2029": 88, "% OF TOTAL": 6.6, "% OF TOTAL.1": null, "% OF TOTAL.2": null}, "Male population: 25 - 29 years": {"Demographic": null, "2020": 86, "2024": 79, "2029": 79, "% OF TOTAL": 6.0, "% OF TOTAL.1": null, "% OF TOTAL.2": null}, "Male population: 30 - 34 years": {"Demographic": null, "2020": 98, "2024": 92, "2029": 85, "% OF TOTAL": 6.4, "% OF TOTAL.1": null, "% OF TOTAL.2": null}, "Male population: 35 - 39 years": {"Demographic": null, "2020": 73, "2024": 66, "2029": 77, "% OF TOTAL": 5.8, "% OF TOTAL.1": null, "% OF TOTAL.2": null}, "Male population: 40 - 44 years": {"Demographic": null, "2020": 80, "2024": 81, "2029": 77, "% OF TOTAL": 5.8, "% OF TOTAL.1": null, "% OF TOTAL.2": null}, "Male population: 45 - 49 years": {"Demographic": null, "2020": 106, "2024": 97, "2029": 100, "% OF TOTAL": 7.5, "% OF TOTAL.1": null, "% OF TOTAL.2": null}, "Male population: 50 - 54 years": {"Demographic": null, "2020": 83, "2024": 83, "2029": 87, "% OF TOTAL": 6.6, "% OF TOTAL.1": null, "% OF TOTAL.2": null}, "Male population: 55 - 59 years": {"Demographic": null, "2020": 80, "2024": 79, "2029": 80, "% OF TOTAL": 6.0, "% OF TOTAL.1": null, "% OF TOTAL.2": null}, "Male population: 60 - 64 years": {"Demographic": null, "2020": 83, "2024": 79, "2029": 72, "% OF TOTAL": 5.4, "% OF TOTAL.1": null, "% OF TOTAL.2": null}, "Male population: 65 - 69 years": {"Demographic": null, "2020": 70, "2024": 67, "2029": 71, "% OF TOTAL": 5.4, "% OF TOTAL.1": null, "% OF TOTAL.2": null}, "Male population: 70 - 74 years": {"Demographic": null, "2020": 50, "2024": 49, "2029": 56, "% OF TOTAL": 4.2, "% OF TOTAL.1": null, "% OF TOTAL.2": null}, "Male population: 75 - 79 years": {"Demographic": null, "2020": 37, "2024": 42, "2029": 45, "% OF TOTAL": 3.4, "% OF TOTAL.1": null, "% OF TOTAL.2": null}, "Male population: 80 - 84 years": {"Demographic": null, "2020": 10, "2024": 10, "2029": 21, "% OF TOTAL": 1.6, "% OF TOTAL.1": null, "% OF TOTAL.2": null}, "Male population: 85 years and over": {"Demographic": null, "2020": 12, "2024": 12, "2029": 13, "% OF TOTAL": 1.0, "% OF TOTAL.1": null, "% OF TOTAL.2": null}, "White alone": {"Demographic": null, "2020": 1930, "2024": 1843, "2029": 1851, "% OF TOTAL": 69.1, "% OF TOTAL.1": null, "% OF TOTAL.2": null}, "Black alone": {"Demographic": null, "2020": 166, "2024": 162, "2029": 166, "% OF TOTAL": 6.2, "% OF TOTAL.1": null, "% OF TOTAL.2": null}, "American Indian and Alaska Native alone": {"Demographic": null, "2020": 34, "2024": 39, "2029": 40, "% OF TOTAL": 1.5, "% OF TOTAL.1": null, "% OF TOTAL.2": null}, "Asian alone": {"Demographic": null, "2020": 279, "2024": 281, "2029": 290, "% OF TOTAL": 10.8, "% OF TOTAL.1": null, "% OF TOTAL.2": null}, "Native Hawaiian and OPI alone": {"Demographic": null, "2020": 1, "2024": 1, "2029": 1, "% OF TOTAL": 0.0, "% OF TOTAL.1": null, "% OF TOTAL.2": null}, "Some other race alone": {"Demographic": null, "2020": 183, "2024": 189, "2029": 194, "% OF TOTAL": 7.2, "% OF TOTAL.1": null, "% OF TOTAL.2": null}, "Two or more races alone": {"Demographic": null, "2020": 121, "2024": 133, "2029": 136, "% OF TOTAL": 5.1, "% OF TOTAL.1": null, "% OF TOTAL.2": null}, "Not Hispanic: White alone": {"Demographic": null, "2020": 1904, "2024": 1814, "2029": 1821, "% OF TOTAL": 68.0, "% OF TOTAL.1": null, "% OF TOTAL.2": null}, "Not Hispanic: Black or African American alone": {"Demographic": null, "2020": 162, "2024": 158, "2029": 162, "% OF TOTAL": 6.0, "% OF TOTAL.1": null, "% OF TOTAL.2": null}, "Not Hispanic: American Indian and Alaska Native alone": {"Demographic": null, "2020": 16, "2024": 16, "2029": 16, "% OF TOTAL": 0.6, "% OF TOTAL.1": null, "% OF TOTAL.2": null}, "Not Hispanic: Asian alone": {"Demographic": null, "2020": 276, "2024": 278, "2029": 287, "% OF TOTAL": 10.7, "% OF TOTAL.1": null, "% OF TOTAL.2": null}, "Not Hispanic: Native Hawaiian and OPI alone": {"Demographic": null, "2020": 1, "2024": 1, "2029": 1, "% OF TOTAL": 0.0, "% OF TOTAL.1": null, "% OF TOTAL.2": null}, "Not Hispanic: Some Other Race alone": {"Demographic": null, "2020": 9, "2024": 9, "2029": 9, "% OF TOTAL": 0.3, "% OF TOTAL.1": null, "% OF TOTAL.2": null}, "Not Hispanic: Two or More Races": {"Demographic": null, "2020": 93, "2024": 101, "2029": 103, "% OF TOTAL": 3.8, "% OF TOTAL.1": null, "% OF TOTAL.2": null}, "Hispanic: White alone": {"Demographic": null, "2020": 26, "2024": 29, "2029": 30, "% OF TOTAL": 1.1, "% OF TOTAL.1": null, "% OF TOTAL.2": null}, "Hispanic: Black or African American alone": {"Demographic": null, "2020": 4, "2024": 4, "2029": 4, "% OF TOTAL": 0.1, "% OF TOTAL.1": null, "% OF TOTAL.2": null}, "Hispanic: American Indian and Alaska Native alone": {"Demographic": null, "2020": 18, "2024": 23, "2029": 24, "% OF TOTAL": 0.9, "% OF TOTAL.1": null, "% OF TOTAL.2": null}, "Hispanic: Asian alone": {"Demographic": null, "2020": 3, "2024": 3, "2029": 3, "% OF TOTAL": 0.1, "% OF TOTAL.1": null, "% OF TOTAL.2": null}, "Hispanic: Native Hawaiian and OPI alone": {"Demographic": null, "2020": 0, "2024": 0, "2029": 0, "% OF TOTAL": 0.0, "% OF TOTAL.1": null, "% OF TOTAL.2": null}, "Hispanic: Some Other Race alone": {"Demographic": null, "2020": 174, "2024": 180, "2029": 185, "% OF TOTAL": 6.9, "% OF TOTAL.1": null, "% OF TOTAL.2": null}, "Hispanic: Two or More Races": {"Demographic": null, "2020": 28, "2024": 32, "2029": 33, "% OF TOTAL": 1.2, "% OF TOTAL.1": null, "% OF TOTAL.2": null}, "Educational Attainment: No High School Diploma": {"Demographic": null, "2020": 649, "2024": 636, "2029": null, "% OF TOTAL": null, "% OF TOTAL.1": null, "% OF TOTAL.2": null}, "Educational Attainment: High School Diploma": {"Demographic": null, "2020": 608, "2024": 586, "2029": null, "% OF TOTAL": null, "% OF TOTAL.1": null, "% OF TOTAL.2": null}, "Educational Attainment: Some College": {"Demographic": null, "2020": 338, "2024": 331, "2029": null, "% OF TOTAL": null, "% OF TOTAL.1": null, "% OF TOTAL.2": null}, "Educational Attainment: Associates Degree": {"Demographic": null, "2020": 57, "2024": 56, "2029": null, "% OF TOTAL": null, "% OF TOTAL.1": null, "% OF TOTAL.2": null}, "Educational Attainment: Bachelors Degree": {"Demographic": null, "2020": 99, "2024": 94, "2029": null, "% OF TOTAL": null, "% OF TOTAL.1": null, "% OF TOTAL.2": null}, "Educational Attainment: Advanced Degree": {"Demographic": null, "2020": 30, "2024": 30, "2029": null, "% OF TOTAL": null, "% OF TOTAL.1": null, "% OF TOTAL.2": null}, "Employment Status: Armed Forces": {"Demographic": null, "2020": 0, "2024": 0, "2029": null, "% OF TOTAL": null, "% OF TOTAL.1": null, "% OF TOTAL.2": null}, "Employment Status: Civilian labor force employed": {"Demographic": null, "2020": 1267, "2024": 1229, "2029": null, "% OF TOTAL": null, "% OF TOTAL.1": null, "% OF TOTAL.2": null}, "Employment Status: Civilian labor force unemployed": {"Demographic": null, "2020": 10, "2024": 10, "2029": null, "% OF TOTAL": null, "% OF TOTAL.1": null, "% OF TOTAL.2": null}, "Employment Status: Not in labor force": {"Demographic": null, "2020": 836, "2024": 805, "2029": null, "% OF TOTAL": null, "% OF TOTAL.1": null, "% OF TOTAL.2": null}, "Employed in Agriculture and Mining Industries": {"Demographic": null, "2020": 9, "2024": 9, "2029": null, "% OF TOTAL": null, "% OF TOTAL.1": null, "% OF TOTAL.2": null}, "Employed in Construction Industries": {"Demographic": null, "2020": 92, "2024": 89, "2029": null, "% OF TOTAL": null, "% OF TOTAL.1": null, "% OF TOTAL.2": null}, "Employed in Manufacturing Industries": {"Demographic": null, "2020": 401, "2024": 386, "2029": null, "% OF TOTAL": null, "% OF TOTAL.1": null, "% OF TOTAL.2": null}, "Employed in Wholesale Industries": {"Demographic": null, "2020": 85, "2024": 82, "2029": null, "% OF TOTAL": null, "% OF TOTAL.1": null, "% OF TOTAL.2": null}, "Employed in Retail Industries": {"Demographic": null, "2020": 223, "2024": 216, "2029": null, "% OF TOTAL": null, "% OF TOTAL.1": null, "% OF TOTAL.2": null}, "Employed in Transportation and Utilities Industries": {"Demographic": null, "2020": 31, "2024": 29, "2029": null, "% OF TOTAL": null, "% OF TOTAL.1": null, "% OF TOTAL.2": null}, "Employed in Information Industries": {"Demographic": null, "2020": 0, "2024": 0, "2029": null, "% OF TOTAL": null, "% OF TOTAL.1": null, "% OF TOTAL.2": null}, "Employed in Real-Estate Industries": {"Demographic": null, "2020": 26, "2024": 26, "2029": null, "% OF TOTAL": null, "% OF TOTAL.1": null, "% OF TOTAL.2": null}, "Employed in Professional Industries": {"Demographic": null, "2020": 54, "2024": 53, "2029": null, "% OF TOTAL": null, "% OF TOTAL.1": null, "% OF TOTAL.2": null}, "Employed in Health and Education Industries": {"Demographic": null, "2020": 108, "2024": 106, "2029": null, "% OF TOTAL": null, "% OF TOTAL.1": null, "% OF TOTAL.2": null}, "Employed in Art Industries": {"Demographic": null, "2020": 30, "2024": 29, "2029": null, "% OF TOTAL": null, "% OF TOTAL.1": null, "% OF TOTAL.2": null}, "Employed in Other Industries": {"Demographic": null, "2020": 189, "2024": 185, "2029": null, "% OF TOTAL": null, "% OF TOTAL.1": null, "% OF TOTAL.2": null}, "Employed in Public Administration Industries": {"Demographic": null, "2020": 19, "2024": 19, "2029": null, "% OF TOTAL": null, "% OF TOTAL.1": null, "% OF TOTAL.2": null}, "Occupation: Management": {"Demographic": null, "2020": 15, "2024": 15, "2029": null, "% OF TOTAL": null, "% OF TOTAL.1": null, "% OF TOTAL.2": null}, "Occupation: Business and financial operations": {"Demographic": null, "2020": 16, "2024": 16, "2029": null, "% OF TOTAL": null, "% OF TOTAL.1": null, "% OF TOTAL.2": null}, "Occupation: Computer and mathematical": {"Demographic": null, "2020": 0, "2024": 0, "2029": null, "% OF TOTAL": null, "% OF TOTAL.1": null, "% OF TOTAL.2": null}, "Occupation: Architecture and engineering": {"Demographic": null, "2020": 0, "2024": 0, "2029": null, "% OF TOTAL": null, "% OF TOTAL.1": null, "% OF TOTAL.2": null}, "Occupation: Life, physical, and social science": {"Demographic": null, "2020": 0, "2024": 0, "2029": null, "% OF TOTAL": null, "% OF TOTAL.1": null, "% OF TOTAL.2": null}, "Occupation: Community and social service": {"Demographic": null, "2020": 0, "2024": 0, "2029": null, "% OF TOTAL": null, "% OF TOTAL.1": null, "% OF TOTAL.2": null}, "Occupation: Legal": {"Demographic": null, "2020": 0, "2024": 0, "2029": null, "% OF TOTAL": null, "% OF TOTAL.1": null, "% OF TOTAL.2": null}, "Occupation: Education, training, and library": {"Demographic": null, "2020": 3, "2024": 3, "2029": null, "% OF TOTAL": null, "% OF TOTAL.1": null, "% OF TOTAL.2": null}, "Occupation: Arts, design, entertainment, sports, and media": {"Demographic": null, "2020": 16, "2024": 16, "2029": null, "% OF TOTAL": null, "% OF TOTAL.1": null, "% OF TOTAL.2": null}, "Occupation: Health diagnosing and treating practitioners": {"Demographic": null, "2020": 7, "2024": 7, "2029": null, "% OF TOTAL": null, "% OF TOTAL.1": null, "% OF TOTAL.2": null}, "Occupation: Health technologists and technicians": {"Demographic": null, "2020": 0, "2024": 0, "2029": null, "% OF TOTAL": null, "% OF TOTAL.1": null, "% OF TOTAL.2": null}, "Occupation: Healthcare support": {"Demographic": null, "2020": 61, "2024": 60, "2029": null, "% OF TOTAL": null, "% OF TOTAL.1": null, "% OF TOTAL.2": null}, "Occupation: Fire fighting and prevention": {"Demographic": null, "2020": 0, "2024": 0, "2029": null, "% OF TOTAL": null, "% OF TOTAL.1": null, "% OF TOTAL.2": null}, "Occupation: Law enforcement workers": {"Demographic": null, "2020": 0, "2024": 0, "2029": null, "% OF TOTAL": null, "% OF TOTAL.1": null, "% OF TOTAL.2": null}, "Occupation: Food preparation and serving related": {"Demographic": null, "2020": 70, "2024": 68, "2029": null, "% OF TOTAL": null, "% OF TOTAL.1": null, "% OF TOTAL.2": null}, "Occupation: Building and grounds cleaning and maintenance": {"Demographic": null, "2020": 26, "2024": 25, "2029": null, "% OF TOTAL": null, "% OF TOTAL.1": null, "% OF TOTAL.2": null}, "Occupation: Personal care and service": {"Demographic": null, "2020": 162, "2024": 159, "2029": null, "% OF TOTAL": null, "% OF TOTAL.1": null, "% OF TOTAL.2": null}, "Occupation: Sales and related": {"Demographic": null, "2020": 79, "2024": 76, "2029": null, "% OF TOTAL": null, "% OF TOTAL.1": null, "% OF TOTAL.2": null}, "Occupation: Office and administrative support": {"Demographic": null, "2020": 94, "2024": 91, "2029": null, "% OF TOTAL": null, "% OF TOTAL.1": null, "% OF TOTAL.2": null}, "Occupation: Farming, fishing, and forestry": {"Demographic": null, "2020": 0, "2024": 0, "2029": null, "% OF TOTAL": null, "% OF TOTAL.1": null, "% OF TOTAL.2": null}, "Occupation: Construction and extraction": {"Demographic": null, "2020": 118, "2024": 115, "2029": null, "% OF TOTAL": null, "% OF TOTAL.1": null, "% OF TOTAL.2": null}, "Occupation: Installation, maintenance, and repair": {"Demographic": null, "2020": 34, "2024": 33, "2029": null, "% OF TOTAL": null, "% OF TOTAL.1": null, "% OF TOTAL.2": null}, "Occupation: Production": {"Demographic": null, "2020": 346, "2024": 334, "2029": null, "% OF TOTAL": null, "% OF TOTAL.1": null, "% OF TOTAL.2": null}, "Occupation: Transportation": {"Demographic": null, "2020": 33, "2024": 31, "2029": null, "% OF TOTAL": null, "% OF TOTAL.1": null, "% OF TOTAL.2": null}, "Occupation: Material moving": {"Demographic": null, "2020": 187, "2024": 180, "2029": null, "% OF TOTAL": null, "% OF TOTAL.1": null, "% OF TOTAL.2": null}, "White collar": {"Demographic": null, "2020": 230, "2024": 224, "2029": null, "% OF TOTAL": null, "% OF TOTAL.1": null, "% OF TOTAL.2": null}, "Blue collar": {"Demographic": null, "2020": 1037, "2024": 1005, "2029": null, "% OF TOTAL": null, "% OF TOTAL.1": null, "% OF TOTAL.2": null}, "Means of transportation: Car, truck or van": {"Demographic": null, "2020": 1267, "2024": 1229, "2029": null, "% OF TOTAL": null, "% OF TOTAL.1": null, "% OF TOTAL.2": null}, "Means of transportation: Public transportation": {"Demographic": null, "2020": 0, "2024": 0, "2029": null, "% OF TOTAL": null, "% OF TOTAL.1": null, "% OF TOTAL.2": null}, "Means of transportation: Other": {"Demographic": null, "2020": 0, "2024": 0, "2029": null, "% OF TOTAL": null, "% OF TOTAL.1": null, "% OF TOTAL.2": null}, "Travel time: Average (in minutes)": {"Demographic": null, "2020": 25, "2024": 25, "2029": null, "% OF TOTAL": null, "% OF TOTAL.1": null, "% OF TOTAL.2": null}, "Travel time to work: Less than 30 minutes": {"Demographic": null, "2020": 791, "2024": 768, "2029": null, "% OF TOTAL": null, "% OF TOTAL.1": null, "% OF TOTAL.2": null}, "Travel time to work: 30 to 60 minutes": {"Demographic": null, "2020": 433, "2024": 419, "2029": null, "% OF TOTAL": null, "% OF TOTAL.1": null, "% OF TOTAL.2": null}, "Travel time to work: 60 or more minutes": {"Demographic": null, "2020": 43, "2024": 42, "2029": null, "% OF TOTAL": null, "% OF TOTAL.1": null, "% OF TOTAL.2": null}}, "demographic_snapshot": {"Total Population": {"Demographic": null, "2020": 2714, "2024": 2648, "2029": 2678, "% OF TOTAL": null, "% OF TOTAL.1": null, "% OF TOTAL.2": null}, "Households": {"Demographic": null, "2020": 950, "2024": 936, "2029": 959, "% OF TOTAL": null, "% OF TOTAL.1": null, "% OF TOTAL.2": null}, "Population in Group Quarters": {"Demographic": null, "2020": 0, "2024": 0, "2029": 0, "% OF TOTAL": null, "% OF TOTAL.1": null, "% OF TOTAL.2": null}, "Households Growth": {"Demographic": null, "2020": null, "2024": -1.5, "2029": 2.5, "% OF TOTAL": null, "% OF TOTAL.1": null, "% OF TOTAL.2": null}, "Household Income: Median": {"Demographic": null, "2020": 0, "2024": 51177, "2029": 53679, "% OF TOTAL": null, "% OF TOTAL.1": null, "% OF TOTAL.2": null}, "Home Value: Median": {"Demographic": null, "2020": 99697, "2024": 99688, "2029": null, "% OF TOTAL": null, "% OF TOTAL.1": null, "% OF TOTAL.2": null}, "Population Growth": {"Demographic": null, "2020": null, "2024": -2.4, "2029": 1.1, "% OF TOTAL": null, "% OF TOTAL.1": null, "% OF TOTAL.2": null}, "Total Population: Under 19 years": {"Demographic": null, "2020": 760, "2024": 741, "2029": 703, "% OF TOTAL": 26.3, "% OF TOTAL.1": null, "% OF TOTAL.2": null}, "Total Population: 20 - 64 years": {"Demographic": null, "2020": 1588, "2024": 1530, "2029": 1539, "% OF TOTAL": 57.5, "% OF TOTAL.1": null, "% OF TOTAL.2": null}, "Total Population: 65 years and over": {"Demographic": null, "2020": 366, "2024": 377, "2029": 436, "% OF TOTAL": 16.3, "% OF TOTAL.1": null, "% OF TOTAL.2": null}, "Total population: Median age": {"Demographic": null, "2020": 35, "2024": 36, "2029": 37, "% OF TOTAL": null, "% OF TOTAL.1": null, "% OF TOTAL.2": null}, "Total population: Under 5 years": {"Demographic": null, "2020": 159, "2024": 152, "2029": 152, "% OF TOTAL": 5.7, "% OF TOTAL.1": null, "% OF TOTAL.2": null}, "Total population: 5 - 9 years": {"Demographic": null, "2020": 173, "2024": 174, "2029": 161, "% OF TOTAL": 6.0, "% OF TOTAL.1": null, "% OF TOTAL.2": null}, "Total population: 10 - 14 years": {"Demographic": null, "2020": 225, "2024": 208, "2029": 192, "% OF TOTAL": 7.2, "% OF TOTAL.1": null, "% OF TOTAL.2": null}, "Total population: 15 - 19 years": {"Demographic": null, "2020": 203, "2024": 207, "2029": 198, "% OF TOTAL": 7.4, "% OF TOTAL.1": null, "% OF TOTAL.2": null}, "Total population: 20 - 24 years": {"Demographic": null, "2020": 173, "2024": 174, "2029": 185, "% OF TOTAL": 6.9, "% OF TOTAL.1": null, "% OF TOTAL.2": null}, "Total population: 25 - 29 years": {"Demographic": null, "2020": 170, "2024": 158, "2029": 162, "% OF TOTAL": 6.0, "% OF TOTAL.1": null, "% OF TOTAL.2": null}, "Total population: 30 - 34 years": {"Demographic": null, "2020": 179, "2024": 170, "2029": 161, "% OF TOTAL": 6.0, "% OF TOTAL.1": null, "% OF TOTAL.2": null}, "Total population: 35 - 39 years": {"Demographic": null, "2020": 156, "2024": 147, "2029": 160, "% OF TOTAL": 6.0, "% OF TOTAL.1": null, "% OF TOTAL.2": null}, "Total population: 40 - 44 years": {"Demographic": null, "2020": 180, "2024": 185, "2029": 177, "% OF TOTAL": 6.6, "% OF TOTAL.1": null, "% OF TOTAL.2": null}, "Total population: 45 - 49 years": {"Demographic": null, "2020": 191, "2024": 176, "2029": 191, "% OF TOTAL": 7.1, "% OF TOTAL.1": null, "% OF TOTAL.2": null}, "Total population: 50 - 54 years": {"Demographic": null, "2020": 183, "2024": 177, "2029": 176, "% OF TOTAL": 6.6, "% OF TOTAL.1": null, "% OF TOTAL.2": null}, "Total population: 55 - 59 years": {"Demographic": null, "2020": 176, "2024": 166, "2029": 166, "% OF TOTAL": 6.2, "% OF TOTAL.1": null, "% OF TOTAL.2": null}, "Total population: 60 - 64 years": {"Demographic": null, "2020": 180, "2024": 177, "2029": 161, "% OF TOTAL": 6.0, "% OF TOTAL.1": null, "% OF TOTAL.2": null}, "Total population: 65 - 69 years": {"Demographic": null, "2020": 136, "2024": 134, "2029": 148, "% OF TOTAL": 5.5, "% OF TOTAL.1": null, "% OF TOTAL.2": null}, "Total population: 70 - 74 years": {"Demographic": null, "2020": 111, "2024": 111, "2029": 122, "% OF TOTAL": 4.6, "% OF TOTAL.1": null, "% OF TOTAL.2": null}, "Total population: 75 - 79 years": {"Demographic": null, "2020": 64, "2024": 74, "2029": 89, "% OF TOTAL": 3.3, "% OF TOTAL.1": null, "% OF TOTAL.2": null}, "Total population: 80 - 84 years": {"Demographic": null, "2020": 24, "2024": 26, "2029": 43, "% OF TOTAL": 1.6, "% OF TOTAL.1": null, "% OF TOTAL.2": null}, "Total population: 85 years and over": {"Demographic": null, "2020": 31, "2024": 32, "2029": 34, "% OF TOTAL": 1.3, "% OF TOTAL.1": null, "% OF TOTAL.2": null}, "Householders Age 15-24": {"Demographic": null, "2020": 21, "2024": 21, "2029": 22, "% OF TOTAL": 2.3, "% OF TOTAL.1": null, "% OF TOTAL.2": null}, "Householders Age 25-34": {"Demographic": null, "2020": 146, "2024": 143, "2029": 138, "% OF TOTAL": 14.4, "% OF TOTAL.1": null, "% OF TOTAL.2": null}, "Householders Age 35-44": {"Demographic": null, "2020": 173, "2024": 171, "2029": 171, "% OF TOTAL": 17.8, "% OF TOTAL.1": null, "% OF TOTAL.2": null}, "Householders Age 45-54": {"Demographic": null, "2020": 182, "2024": 180, "2029": 186, "% OF TOTAL": 19.4, "% OF TOTAL.1": null, "% OF TOTAL.2": null}, "Householders Age 55-64": {"Demographic": null, "2020": 178, "2024": 175, "2029": 165, "% OF TOTAL": 17.2, "% OF TOTAL.1": null, "% OF TOTAL.2": null}, "Householders Age 65-74": {"Demographic": null, "2020": 181, "2024": 178, "2029": 192, "% OF TOTAL": 20.0, "% OF TOTAL.1": null, "% OF TOTAL.2": null}, "Householders Age 75+": {"Demographic": null, "2020": 69, "2024": 68, "2029": 85, "% OF TOTAL": 8.9, "% OF TOTAL.1": null, "% OF TOTAL.2": null}, "Household income: Average": {"Demographic": null, "2020": 55189, "2024": 56912, "2029": 63645, "% OF TOTAL": null, "% OF TOTAL.1": null, "% OF TOTAL.2": null}, "Household income: Less than 25k": {"Demographic": null, "2020": 329, "2024": 341, "2029": 298, "% OF TOTAL": 31.1, "% OF TOTAL.1": null, "% OF TOTAL.2": null}, "Household income: 25k - 50k": {"Demographic": null, "2020": 125, "2024": 82, "2029": 66, "% OF TOTAL": 6.9, "% OF TOTAL.1": null, "% OF TOTAL.2": null}, "Household income: 50k - 75k": {"Demographic": null, "2020": 175, "2024": 174, "2029": 149, "% OF TOTAL": 15.5, "% OF TOTAL.1": null, "% OF TOTAL.2": null}, "Household income: 75k - 100k": {"Demographic": null, "2020": 105, "2024": 110, "2029": 140, "% OF TOTAL": 14.6, "% OF TOTAL.1": null, "% OF TOTAL.2": null}, "Household income: 100k - 125k": {"Demographic": null, "2020": 126, "2024": 119, "2029": 181, "% OF TOTAL": 18.9, "% OF TOTAL.1": null, "% OF TOTAL.2": null}, "Household income: 125k - 150k": {"Demographic": null, "2020": 0, "2024": 0, "2029": 0, "% OF TOTAL": 0.0, "% OF TOTAL.1": null, "% OF TOTAL.2": null}, "Household income: 150k - 200k": {"Demographic": null, "2020": 90, "2024": 110, "2029": 125, "% OF TOTAL": 13.0, "% OF TOTAL.1": null, "% OF TOTAL.2": null}, "Household income: Above 200k": {"Demographic": null, "2020": 0, "2024": 0, "2029": 0, "% OF TOTAL": 0.0, "% OF TOTAL.1": null, "% OF TOTAL.2": null}, "White Alone": {"Demographic": null, "2020": 1930, "2024": 1843, "2029": 1851, "% OF TOTAL": 69.1, "% OF TOTAL.1": null, "% OF TOTAL.2": null}, "Black or African American Alone": {"Demographic": null, "2020": 166, "2024": 162, "2029": 166, "% OF TOTAL": 6.2, "% OF TOTAL.1": null, "% OF TOTAL.2": null}, "American Indian and Alaska Native Alone": {"Demographic": null, "2020": 34, "2024": 39, "2029": 40, "% OF TOTAL": 1.5, "% OF TOTAL.1": null, "% OF TOTAL.2": null}, "Asian Alone": {"Demographic": null, "2020": 279, "2024": 281, "2029": 290, "% OF TOTAL": 10.8, "% OF TOTAL.1": null, "% OF TOTAL.2": null}, "Native Hawaiian and OPI Alone": {"Demographic": null, "2020": 1, "2024": 1, "2029": 1, "% OF TOTAL": 0.0, "% OF TOTAL.1": null, "% OF TOTAL.2": null}, "Some Other Race Alone": {"Demographic": null, "2020": 183, "2024": 189, "2029": 194, "% OF TOTAL": 7.2, "% OF TOTAL.1": null, "% OF TOTAL.2": null}, "Two or More Races Alone": {"Demographic": null, "2020": 121, "2024": 133, "2029": 136, "% OF TOTAL": 5.1, "% OF TOTAL.1": null, "% OF TOTAL.2": null}, "Not Hispanic or Latino": {"Demographic": null, "2020": 2461, "2024": 2377, "2029": 2399, "% OF TOTAL": 89.6, "% OF TOTAL.1": null, "% OF TOTAL.2": null}, "Hispanic or Latino": {"Demographic": null, "2020": 253, "2024": 271, "2029": 279, "% OF TOTAL": 10.4, "% OF TOTAL.1": null, "% OF TOTAL.2": null}, "Total Housing Units": {"Demographic": null, "2020": 1019, "2024": null, "2029": null, "% OF TOTAL": null, "% OF TOTAL.1": null, "% OF TOTAL.2": null}, "Owner Occupied Housing Units": {"Demographic": null, "2020": 773, "2024": 761, "2029": null, "% OF TOTAL": null, "% OF TOTAL.1": null, "% OF TOTAL.2": null}, "Renter Occupied Housing Units": {"Demographic": null, "2020": 177, "2024": 175, "2029": null, "% OF TOTAL": null, "% OF TOTAL.1": null, "% OF TOTAL.2": null}, "Housing Units Value Less Than 100k": {"Demographic": null, "2020": 255, "2024": 248, "2029": null, "% OF TOTAL": null, "% OF TOTAL.1": null, "% OF TOTAL.2": null}, "Housing Units Value 100k - 200k": {"Demographic": null, "2020": 282, "2024": 281, "2029": null, "% OF TOTAL": null, "% OF TOTAL.1": null, "% OF TOTAL.2": null}, "Housing Units Value 200k - 250k": {"Demographic": null, "2020": 118, "2024": 115, "2029": null, "% OF TOTAL": null, "% OF TOTAL.1": null, "% OF TOTAL.2": null}, "Housing Units Value 250k - 300k": {"Demographic": null, "2020": 10, "2024": 10, "2029": null, "% OF TOTAL": null, "% OF TOTAL.1": null, "% OF TOTAL.2": null}, "Housing Units Value 300k - 400k": {"Demographic": null, "2020": 41, "2024": 41, "2029": null, "% OF TOTAL": null, "% OF TOTAL.1": null, "% OF TOTAL.2": null}, "Housing Units Value 400k - 500k": {"Demographic": null, "2020": 67, "2024": 66, "2029": null, "% OF TOTAL": null, "% OF TOTAL.1": null, "% OF TOTAL.2": null}, "Housing Units Value 500k - 750k": {"Demographic": null, "2020": 0, "2024": 0, "2029": null, "% OF TOTAL": null, "% OF TOTAL.1": null, "% OF TOTAL.2": null}, "Housing Units Value 750k - 1m": {"Demographic": null, "2020": 0, "2024": 0, "2029": null, "% OF TOTAL": null, "% OF TOTAL.1": null, "% OF TOTAL.2": null}, "Housing Units Value 1m - 1.5m": {"Demographic": null, "2020": 0, "2024": 0, "2029": null, "% OF TOTAL": null, "% OF TOTAL.1": null, "% OF TOTAL.2": null}, "Housing Units Value 1.5m - 2m": {"Demographic": null, "2020": 0, "2024": 0, "2029": null, "% OF TOTAL": null, "% OF TOTAL.1": null, "% OF TOTAL.2": null}, "Housing Units Value >2m": {"Demographic": null, "2020": 0, "2024": 0, "2029": null, "% OF TOTAL": null, "% OF TOTAL.1": null, "% OF TOTAL.2": null}, "Take Car or Truck to Work": {"Demographic": null, "2020": 1267, "2024": 1229, "2029": null, "% OF TOTAL": null, "% OF TOTAL.1": null, "% OF TOTAL.2": null}, "Take Public Transportation to Work": {"Demographic": null, "2020": 0, "2024": 0, "2029": null, "% OF TOTAL": null, "% OF TOTAL.1": null, "% OF TOTAL.2": null}, "Take Other Means of Transportation to Work": {"Demographic": null, "2020": 0, "2024": 0, "2029": null, "% OF TOTAL": null, "% OF TOTAL.1": null, "% OF TOTAL.2": null}, "Average Travel Time (min)": {"Demographic": null, "2020": 25, "2024": 25, "2029": null, "% OF TOTAL": null, "% OF TOTAL.1": null, "% OF TOTAL.2": null}, "Travel Below 30 Min to Work": {"Demographic": null, "2020": 791, "2024": 768, "2029": null, "% OF TOTAL": null, "% OF TOTAL.1": null, "% OF TOTAL.2": null}, "Travel 30-60 Min to Work": {"Demographic": null, "2020": 433, "2024": 419, "2029": null, "% OF TOTAL": null, "% OF TOTAL.1": null, "% OF TOTAL.2": null}, "Travel Above 60 Min to Work": {"Demographic": null, "2020": 93, "2024": 42, "2029": null, "% OF TOTAL": null, "% OF TOTAL.1": null, "% OF TOTAL.2": null}, "Educational Attainment: No High School Diploma": {"Demographic": null, "2020": 1257, "2024": 1222, "2029": null, "% OF TOTAL": null, "% OF TOTAL.1": null, "% OF TOTAL.2": null}, "Educational Attainment: High School Diploma": {"Demographic": null, "2020": 608, "2024": 586, "2029": null, "% OF TOTAL": null, "% OF TOTAL.1": null, "% OF TOTAL.2": null}, "Educational Attainment: Some College": {"Demographic": null, "2020": 494, "2024": 481, "2029": null, "% OF TOTAL": null, "% OF TOTAL.1": null, "% OF TOTAL.2": null}, "Educational Attainment: Associate's Degree": {"Demographic": null, "2020": 57, "2024": 56, "2029": null, "% OF TOTAL": null, "% OF TOTAL.1": null, "% OF TOTAL.2": null}, "Educational Attainment: Bachelors Degree": {"Demographic": null, "2020": 99, "2024": 94, "2029": null, "% OF TOTAL": null, "% OF TOTAL.1": null, "% OF TOTAL.2": null}, "Educational Attainment: Advanced Degree": {"Demographic": null, "2020": 30, "2024": 30, "2029": null, "% OF TOTAL": null, "% OF TOTAL.1": null, "% OF TOTAL.2": null}, "Households: Number of vehicles available - Average": {"Demographic": null, "2020": 2, "2024": 2, "2029": null, "% OF TOTAL": null, "% OF TOTAL.1": null, "% OF TOTAL.2": null}, "Households: No Vehicle available": {"Demographic": null, "2020": 27, "2024": 26, "2029": null, "% OF TOTAL": null, "% OF TOTAL.1": null, "% OF TOTAL.2": null}, "Households: 1 Vehicle available": {"Demographic": null, "2020": 193, "2024": 189, "2029": null, "% OF TOTAL": null, "% OF TOTAL.1": null, "% OF TOTAL.2": null}, "Households: 2 Vehicles available": {"Demographic": null, "2020": 339, "2024": 332, "2029": null, "% OF TOTAL": null, "% OF TOTAL.1": null, "% OF TOTAL.2": null}, "Households: 3 Vehicles available": {"Demographic": null, "2020": 325, "2024": 323, "2029": null, "% OF TOTAL": null, "% OF TOTAL.1": null, "% OF TOTAL.2": null}, "Households: 4 or more Vehicles available": {"Demographic": null, "2020": 66, "2024": 66, "2029": null, "% OF TOTAL": null, "% OF TOTAL.1": null, "% OF TOTAL.2": null}}, "household_trends": {"Households": {"Demographic": null, "2020": 950, "2024": 936, "2029": 959, "% OF TOTAL": null, "% OF TOTAL.1": null, "% OF TOTAL.2": null}, "Households Growth": {"Demographic": null, "2020": null, "2024": -1.5, "2029": 2.5, "% OF TOTAL": null, "% OF TOTAL.1": null, "% OF TOTAL.2": null}, "Householder Age 15-24": {"Demographic": null, "2020": 21, "2024": 21, "2029": 22, "% OF TOTAL": 2.3, "% OF TOTAL.1": null, "% OF TOTAL.2": null}, "Householder Age 25-34": {"Demographic": null, "2020": 146, "2024": 143, "2029": 138, "% OF TOTAL": 14.4, "% OF TOTAL.1": null, "% OF TOTAL.2": null}, "Householder Age 35-44": {"Demographic": null, "2020": 173, "2024": 171, "2029": 171, "% OF TOTAL": 17.8, "% OF TOTAL.1": null, "% OF TOTAL.2": null}, "Householder Age 45-54": {"Demographic": null, "2020": 182, "2024": 180, "2029": 186, "% OF TOTAL": 19.4, "% OF TOTAL.1": null, "% OF TOTAL.2": null}, "Householder Age 55-64": {"Demographic": null, "2020": 178, "2024": 175, "2029": 165, "% OF TOTAL": 17.2, "% OF TOTAL.1": null, "% OF TOTAL.2": null}, "Householder Age 65-74": {"Demographic": null, "2020": 181, "2024": 178, "2029": 192, "% OF TOTAL": 20.0, "% OF TOTAL.1": null, "% OF TOTAL.2": null}, "Householder Age 75+": {"Demographic": null, "2020": 69, "2024": 68, "2029": 85, "% OF TOTAL": 8.9, "% OF TOTAL.1": null, "% OF TOTAL.2": null}, "Average Household Size": {"Demographic": null, "2020": 2.8, "2024": 2.8, "2029": 2.8, "% OF TOTAL": null, "% OF TOTAL.1": null, "% OF TOTAL.2": null}, "1 Person Households": {"Demographic": null, "2020": 193, "2024": 183, "2029": 191, "% OF TOTAL": 19.9, "% OF TOTAL.1": null, "% OF TOTAL.2": null}, "2 Person Households": {"Demographic": null, "2020": 296, "2024": 280, "2029": 290, "% OF TOTAL": 30.2, "% OF TOTAL.1": null, "% OF TOTAL.2": null}, "3 Person Households": {"Demographic": null, "2020": 198, "2024": 192, "2029": 202, "% OF TOTAL": 21.1, "% OF TOTAL.1": null, "% OF TOTAL.2": null}, "4 Person Households": {"Demographic": null, "2020": 145, "2024": 156, "2029": 153, "% OF TOTAL": 16.0, "% OF TOTAL.1": null, "% OF TOTAL.2": null}, "5 Person Households": {"Demographic": null, "2020": 62, "2024": 67, "2029": 66, "% OF TOTAL": 6.9, "% OF TOTAL.1": null, "% OF TOTAL.2": null}, "6 Person Households": {"Demographic": null, "2020": 39, "2024": 41, "2029": 40, "% OF TOTAL": 4.2, "% OF TOTAL.1": null, "% OF TOTAL.2": null}, "7+ Person Households": {"Demographic": null, "2020": 17, "2024": 17, "2029": 17, "% OF TOTAL": 1.8, "% OF TOTAL.1": null, "% OF TOTAL.2": null}, "Household Type: Family": {"Demographic": null, "2020": 705, "2024": 695, "2029": null, "% OF TOTAL": null, "% OF TOTAL.1": null, "% OF TOTAL.2": null}, "Household Type: Married Family": {"Demographic": null, "2020": 455, "2024": 449, "2029": null, "% OF TOTAL": null, "% OF TOTAL.1": null, "% OF TOTAL.2": null}, "Household Type: Married Family With Children": {"Demographic": null, "2020": 168, "2024": 165, "2029": null, "% OF TOTAL": null, "% OF TOTAL.1": null, "% OF TOTAL.2": null}, "Household Type: Married Family Without Children": {"Demographic": null, "2020": 287, "2024": 284, "2029": null, "% OF TOTAL": null, "% OF TOTAL.1": null, "% OF TOTAL.2": null}, "Household Type: Other Family": {"Demographic": null, "2020": 250, "2024": 246, "2029": null, "% OF TOTAL": null, "% OF TOTAL.1": null, "% OF TOTAL.2": null}, "Household Type: Male Households, No Wife": {"Demographic": null, "2020": 61, "2024": 60, "2029": null, "% OF TOTAL": null, "% OF TOTAL.1": null, "% OF TOTAL.2": null}, "Household Type: Male Households, No Wife With Children": {"Demographic": null, "2020": 31, "2024": 31, "2029": null, "% OF TOTAL": null, "% OF TOTAL.1": null, "% OF TOTAL.2": null}, "Household Type: Male Households, No Wife Without Children": {"Demographic": null, "2020": 30, "2024": 29, "2029": null, "% OF TOTAL": null, "% OF TOTAL.1": null, "% OF TOTAL.2": null}, "Household Type: Female Households, No Husband": {"Demographic": null, "2020": 189, "2024": 186, "2029": null, "% OF TOTAL": null, "% OF TOTAL.1": null, "% OF TOTAL.2": null}, "Household Type: Female Households, No Husband With Children": {"Demographic": null, "2020": 77, "2024": 76, "2029": null, "% OF TOTAL": null, "% OF TOTAL.1": null, "% OF TOTAL.2": null}, "Household Type: Female Households, No Husband Without Children": {"Demographic": null, "2020": 112, "2024": 110, "2029": null, "% OF TOTAL": null, "% OF TOTAL.1": null, "% OF TOTAL.2": null}, "Household Income: Average": {"Demographic": null, "2020": 55189, "2024": 56912, "2029": 63645, "% OF TOTAL": null, "% OF TOTAL.1": null, "% OF TOTAL.2": null}, "Household Income: Median": {"Demographic": null, "2020": 0, "2024": 51177, "2029": 53679, "% OF TOTAL": null, "% OF TOTAL.1": null, "% OF TOTAL.2": null}, "Household Income: Less than $25k": {"Demographic": null, "2020": 329, "2024": 341, "2029": 298, "% OF TOTAL": 31.1, "% OF TOTAL.1": null, "% OF TOTAL.2": null}, "Household Income: $25k - $50k": {"Demographic": null, "2020": 125, "2024": 82, "2029": 66, "% OF TOTAL": 6.9, "% OF TOTAL.1": null, "% OF TOTAL.2": null}, "Household Income: $50k - $75k": {"Demographic": null, "2020": 175, "2024": 174, "2029": 149, "% OF TOTAL": 15.5, "% OF TOTAL.1": null, "% OF TOTAL.2": null}, "Household Income: $75k - $100k": {"Demographic": null, "2020": 105, "2024": 110, "2029": 140, "% OF TOTAL": 14.6, "% OF TOTAL.1": null, "% OF TOTAL.2": null}, "Household Income: $100k - $125k": {"Demographic": null, "2020": 126, "2024": 119, "2029": 181, "% OF TOTAL": 18.9, "% OF TOTAL.1": null, "% OF TOTAL.2": null}, "Household Income: $125k - $150k": {"Demographic": null, "2020": 0, "2024": 0, "2029": 0, "% OF TOTAL": 0.0, "% OF TOTAL.1": null, "% OF TOTAL.2": null}, "Household Income: $150k - $200k": {"Demographic": null, "2020": 90, "2024": 110, "2029": 125, "% OF TOTAL": 13.0, "% OF TOTAL.1": null, "% OF TOTAL.2": null}, "Household Income: Above $200k": {"Demographic": null, "2020": 0, "2024": 0, "2029": 0, "% OF TOTAL": 0.0, "% OF TOTAL.1": null, "% OF TOTAL.2": null}, "Total Housing Units": {"Demographic": null, "2020": 1019, "2024": null, "2029": null, "% OF TOTAL": null, "% OF TOTAL.1": null, "% OF TOTAL.2": null}, "Owner Occupied Housing Units": {"Demographic": null, "2020": 773, "2024": 761, "2029": null, "% OF TOTAL": null, "% OF TOTAL.1": null, "% OF TOTAL.2": null}, "Renter Occupied Housing Units": {"Demographic": null, "2020": 177, "2024": 175, "2029": null, "% OF TOTAL": null, "% OF TOTAL.1": null, "% OF TOTAL.2": null}, "Vacant Housing Units": {"Demographic": null, "2020": 69, "2024": null, "2029": null, "% OF TOTAL": null, "% OF TOTAL.1": null, "% OF TOTAL.2": null}, "Vacant Housing Units: Seasonal": {"Demographic": null, "2020": 10, "2024": null, "2029": null, "% OF TOTAL": null, "% OF TOTAL.1": null, "% OF TOTAL.2": null}, "Vacant Housing Units: Other Usage": {"Demographic": null, "2020": 59, "2024": null, "2029": null, "% OF TOTAL": null, "% OF TOTAL.1": null, "% OF TOTAL.2": null}, "Average Housing Unit Value": {"Demographic": null, "2020": 167729, "2024": 167920, "2029": null, "% OF TOTAL": null, "% OF TOTAL.1": null, "% OF TOTAL.2": null}, "Median Housing Unit Value": {"Demographic": null, "2020": 99697, "2024": 99688, "2029": null, "% OF TOTAL": null, "% OF TOTAL.1": null, "% OF TOTAL.2": null}, "Housing Unit Value Less Than $100k": {"Demographic": null, "2020": 255, "2024": 248, "2029": null, "% OF TOTAL": null, "% OF TOTAL.1": null, "% OF TOTAL.2": null}, "Housing Unit Value $100k-$200k": {"Demographic": null, "2020": 282, "2024": 281, "2029": null, "% OF TOTAL": null, "% OF TOTAL.1": null, "% OF TOTAL.2": null}, "Housing Unit Value $200k-$250k": {"Demographic": null, "2020": 118, "2024": 115, "2029": null, "% OF TOTAL": null, "% OF TOTAL.1": null, "% OF TOTAL.2": null}, "Housing Unit Value $250k-$300k": {"Demographic": null, "2020": 10, "2024": 10, "2029": null, "% OF TOTAL": null, "% OF TOTAL.1": null, "% OF TOTAL.2": null}, "Housing Unit Value $300k-$400k": {"Demographic": null, "2020": 41, "2024": 41, "2029": null, "% OF TOTAL": null, "% OF TOTAL.1": null, "% OF TOTAL.2": null}, "Housing Unit Value $400k-$500k": {"Demographic": null, "2020": 67, "2024": 66, "2029": null, "% OF TOTAL": null, "% OF TOTAL.1": null, "% OF TOTAL.2": null}, "Housing Unit Value $500k-$750k": {"Demographic": null, "2020": 0, "2024": 0, "2029": null, "% OF TOTAL": null, "% OF TOTAL.1": null, "% OF TOTAL.2": null}, "Housing Unit Value $750k-$1m": {"Demographic": null, "2020": 0, "2024": 0, "2029": null, "% OF TOTAL": null, "% OF TOTAL.1": null, "% OF TOTAL.2": null}, "Housing Unit Value $1m-$1.5m": {"Demographic": null, "2020": 0, "2024": 0, "2029": null, "% OF TOTAL": null, "% OF TOTAL.1": null, "% OF TOTAL.2": null}, "Housing Unit Value $1.5m-$2m": {"Demographic": null, "2020": 0, "2024": 0, "2029": null, "% OF TOTAL": null, "% OF TOTAL.1": null, "% OF TOTAL.2": null}, "Housing Unit Value Above $2m": {"Demographic": null, "2020": 0, "2024": 0, "2029": null, "% OF TOTAL": null, "% OF TOTAL.1": null, "% OF TOTAL.2": null}, "Median Housing Unit Year Built": {"Demographic": null, "2020": 1994, "2024": 1994, "2029": null, "% OF TOTAL": null, "% OF TOTAL.1": null, "% OF TOTAL.2": null}, "Housing Units Built 2014 Or After": {"Demographic": null, "2020": 0, "2024": 0, "2029": null, "% OF TOTAL": null, "% OF TOTAL.1": null, "% OF TOTAL.2": null}, "Housing Units Built 2010-2013": {"Demographic": null, "2020": 44, "2024": 43, "2029": null, "% OF TOTAL": null, "% OF TOTAL.1": null, "% OF TOTAL.2": null}, "Housing Units Built 2000-2009": {"Demographic": null, "2020": 406, "2024": 405, "2029": null, "% OF TOTAL": null, "% OF TOTAL.1": null, "% OF TOTAL.2": null}, "Housing Units Built 1990-1999": {"Demographic": null, "2020": 294, "2024": 288, "2029": null, "% OF TOTAL": null, "% OF TOTAL.1": null, "% OF TOTAL.2": null}, "Housing Units Built 1980-1989": {"Demographic": null, "2020": 83, "2024": 80, "2029": null, "% OF TOTAL": null, "% OF TOTAL.1": null, "% OF TOTAL.2": null}, "Housing Units Built 1970-1979": {"Demographic": null, "2020": 86, "2024": 83, "2029": null, "% OF TOTAL": null, "% OF TOTAL.1": null, "% OF TOTAL.2": null}, "Housing Units Built 1960-1969": {"Demographic": null, "2020": 0, "2024": 0, "2029": null, "% OF TOTAL": null, "% OF TOTAL.1": null, "% OF TOTAL.2": null}, "Housing Units Built 1950-1959": {"Demographic": null, "2020": 0, "2024": 0, "2029": null, "% OF TOTAL": null, "% OF TOTAL.1": null, "% OF TOTAL.2": null}, "Housing Units Built 1940-1949": {"Demographic": null, "2020": 0, "2024": 0, "2029": null, "% OF TOTAL": null, "% OF TOTAL.1": null, "% OF TOTAL.2": null}, "Housing Units Built Before 1940": {"Demographic": null, "2020": 37, "2024": 37, "2029": null, "% OF TOTAL": null, "% OF TOTAL.1": null, "% OF TOTAL.2": null}}}, "geometry": {"type": "Polygon", "coordinates": [[[-88.230999, 30.500097], [-88.230634, 30.471058], [-88.264158, 30.470738], [-88.264529, 30.499482], [-88.263515, 30.499786], [-88.230999, 30.500097]]]}}, {"type": "Feature", "properties": {"block": "018", "block_num": 18, "CentroidLon": -88.27994735596913, "CentroidLat": 30.482701413767806, "data_status": "no data", "is_anomalous": false, "anomaly_reason": null, "files_present": ""}, "geometry": {"type": "Polygon", "coordinates": [[[-88.264158, 30.470738], [-88.297681, 30.470408], [-88.297934, 30.489479], [-88.264529, 30.499482], [-88.264158, 30.470738]]]}}, {"type": "Feature", "properties": {"block": "019", "block_num": 19, "CentroidLon": -88.31264304488373, "CentroidLat": 30.477649408481277, "data_status": "usable", "is_anomalous": false, "anomaly_reason": null, "files_present": "DemographicSnapshot-26.08.06.csv;PopulationTrends-26.08.06.csv;HouseholdTrends-26.08.06.csv;HouseholdIncomeByAge-26.08.06.csv;ConsumerSegmentation-26.08.06.csv", "population_2024": 1380, "population_2029": 1602, "households_2024": 526, "households_2029": 620, "median_household_income_2024": 92901, "median_household_income_2029": 109007, "mean_household_income_2024": null, "mean_household_income_2029": null, "median_age_2024": 42, "median_age_2029": 43, "median_home_value_2024": 138235, "average_household_size_2024": 2.6, "average_household_size_2029": 2.6, "population_growth_2024_2029": 3.4, "households_growth_2024_2029": 4.6, "consumer_segments": {"Renters": {"households": 81, "pct": 21.3}, "Simple Life Moderate Income No Children": {"households": 81, "pct": 21.3}, "Simple Life Moderate Income With Children": {"households": 75, "pct": 19.7}, "Active Adult Elite": {"households": 46, "pct": 12.1}, "Simple Life Affluent No Children": {"households": 32, "pct": 8.4}, "Family Life Young Children": {"households": 28, "pct": 7.4}, "Elite": {"households": 12, "pct": 3.2}, "Renters Near Term Buyers": {"households": 10, "pct": 2.6}, "Active Adult Feature and Location": {"households": 9, "pct": 2.4}, "Active Adult Entry Level": {"households": 6, "pct": 1.6}, "Family Life School Age Children": {"households": 0, "pct": 0.0}, "Feature and Location": {"households": 0, "pct": 0.0}, "Entry Level Urban": {"households": 0, "pct": 0.0}, "Entry Level Suburban": {"households": 0, "pct": 0.0}}, "income_age": {"2020": {}, "2024": {}, "2029": {}}, "population_trends": {"Total Population": {"Demographic": null, "2020": 1335, "2024": 1380, "2029": 1602, "% OF TOTAL": null, "% OF TOTAL.1": null, "% OF TOTAL.2": null}, "Population Growth": {"Demographic": null, "2020": null, "2024": 3.4, "2029": 16.1, "% OF TOTAL": null, "% OF TOTAL.1": null, "% OF TOTAL.2": null}, "Female Population": {"Demographic": null, "2020": 666, "2024": 690, "2029": 801, "% OF TOTAL": 50.0, "% OF TOTAL.1": null, "% OF TOTAL.2": null}, "Male Population": {"Demographic": null, "2020": 669, "2024": 690, "2029": 801, "% OF TOTAL": 50.0, "% OF TOTAL.1": null, "% OF TOTAL.2": null}, "Total population: Median Age": {"Demographic": null, "2020": 41, "2024": 42, "2029": 43, "% OF TOTAL": null, "% OF TOTAL.1": null, "% OF TOTAL.2": null}, "Total population: Under 5 years": {"Demographic": null, "2020": 62, "2024": 59, "2029": 69, "% OF TOTAL": 4.3, "% OF TOTAL.1": null, "% OF TOTAL.2": null}, "Total population: 5 - 9 years": {"Demographic": null, "2020": 93, "2024": 98, "2029": 94, "% OF TOTAL": 5.9, "% OF TOTAL.1": null, "% OF TOTAL.2": null}, "Total population: 10 - 14 years": {"Demographic": null, "2020": 78, "2024": 78, "2029": 93, "% OF TOTAL": 5.8, "% OF TOTAL.1": null, "% OF TOTAL.2": null}, "Total population: 15 - 19 years": {"Demographic": null, "2020": 100, "2024": 105, "2029": 105, "% OF TOTAL": 6.6, "% OF TOTAL.1": null, "% OF TOTAL.2": null}, "Total population: 20 - 24 years": {"Demographic": null, "2020": 77, "2024": 81, "2029": 101, "% OF TOTAL": 6.3, "% OF TOTAL.1": null, "% OF TOTAL.2": null}, "Total population: 25 - 29 years": {"Demographic": null, "2020": 54, "2024": 52, "2029": 70, "% OF TOTAL": 4.4, "% OF TOTAL.1": null, "% OF TOTAL.2": null}, "Total population: 30 - 34 years": {"Demographic": null, "2020": 86, "2024": 89, "2029": 88, "% OF TOTAL": 5.5, "% OF TOTAL.1": null, "% OF TOTAL.2": null}, "Total population: 35 - 39 years": {"Demographic": null, "2020": 92, "2024": 96, "2029": 111, "% OF TOTAL": 6.9, "% OF TOTAL.1": null, "% OF TOTAL.2": null}, "Total population: 40 - 44 years": {"Demographic": null, "2020": 74, "2024": 80, "2029": 98, "% OF TOTAL": 6.1, "% OF TOTAL.1": null, "% OF TOTAL.2": null}, "Total population: 45 - 49 years": {"Demographic": null, "2020": 67, "2024": 69, "2029": 90, "% OF TOTAL": 5.6, "% OF TOTAL.1": null, "% OF TOTAL.2": null}, "Total population: 50 - 54 years": {"Demographic": null, "2020": 79, "2024": 82, "2029": 89, "% OF TOTAL": 5.6, "% OF TOTAL.1": null, "% OF TOTAL.2": null}, "Total population: 55 - 59 years": {"Demographic": null, "2020": 82, "2024": 80, "2029": 92, "% OF TOTAL": 5.7, "% OF TOTAL.1": null, "% OF TOTAL.2": null}, "Total population: 60 - 64 years": {"Demographic": null, "2020": 122, "2024": 119, "2029": 115, "% OF TOTAL": 7.2, "% OF TOTAL.1": null, "% OF TOTAL.2": null}, "Total population: 65 - 69 years": {"Demographic": null, "2020": 99, "2024": 105, "2029": 125, "% OF TOTAL": 7.8, "% OF TOTAL.1": null, "% OF TOTAL.2": null}, "Total population: 70 - 74 years": {"Demographic": null, "2020": 82, "2024": 86, "2029": 111, "% OF TOTAL": 6.9, "% OF TOTAL.1": null, "% OF TOTAL.2": null}, "Total population: 75 - 79 years": {"Demographic": null, "2020": 45, "2024": 54, "2029": 76, "% OF TOTAL": 4.7, "% OF TOTAL.1": null, "% OF TOTAL.2": null}, "Total population: 80 - 84 years": {"Demographic": null, "2020": 28, "2024": 32, "2029": 49, "% OF TOTAL": 3.1, "% OF TOTAL.1": null, "% OF TOTAL.2": null}, "Total population: 85 years and over": {"Demographic": null, "2020": 15, "2024": 15, "2029": 26, "% OF TOTAL": 1.6, "% OF TOTAL.1": null, "% OF TOTAL.2": null}, "Female population: Median Age": {"Demographic": null, "2020": 43, "2024": 43, "2029": 44, "% OF TOTAL": null, "% OF TOTAL.1": null, "% OF TOTAL.2": null}, "Female population: Under 5 years": {"Demographic": null, "2020": 36, "2024": 34, "2029": 38, "% OF TOTAL": 4.7, "% OF TOTAL.1": null, "% OF TOTAL.2": null}, "Female population: 5 - 9 years": {"Demographic": null, "2020": 41, "2024": 43, "2029": 43, "% OF TOTAL": 5.4, "% OF TOTAL.1": null, "% OF TOTAL.2": null}, "Female population: 10 - 14 years": {"Demographic": null, "2020": 33, "2024": 32, "2029": 39, "% OF TOTAL": 4.9, "% OF TOTAL.1": null, "% OF TOTAL.2": null}, "Female population: 15 - 19 years": {"Demographic": null, "2020": 47, "2024": 51, "2029": 49, "% OF TOTAL": 6.1, "% OF TOTAL.1": null, "% OF TOTAL.2": null}, "Female population: 20 - 24 years": {"Demographic": null, "2020": 33, "2024": 35, "2029": 47, "% OF TOTAL": 5.9, "% OF TOTAL.1": null, "% OF TOTAL.2": null}, "Female population: 25 - 29 years": {"Demographic": null, "2020": 29, "2024": 28, "2029": 34, "% OF TOTAL": 4.2, "% OF TOTAL.1": null, "% OF TOTAL.2": null}, "Female population: 30 - 34 years": {"Demographic": null, "2020": 38, "2024": 39, "2029": 41, "% OF TOTAL": 5.1, "% OF TOTAL.1": null, "% OF TOTAL.2": null}, "Female population: 35 - 39 years": {"Demographic": null, "2020": 50, "2024": 53, "2029": 58, "% OF TOTAL": 7.2, "% OF TOTAL.1": null, "% OF TOTAL.2": null}, "Female population: 40 - 44 years": {"Demographic": null, "2020": 44, "2024": 48, "2029": 57, "% OF TOTAL": 7.1, "% OF TOTAL.1": null, "% OF TOTAL.2": null}, "Female population: 45 - 49 years": {"Demographic": null, "2020": 31, "2024": 32, "2029": 45, "% OF TOTAL": 5.6, "% OF TOTAL.1": null, "% OF TOTAL.2": null}, "Female population: 50 - 54 years": {"Demographic": null, "2020": 38, "2024": 39, "2029": 42, "% OF TOTAL": 5.2, "% OF TOTAL.1": null, "% OF TOTAL.2": null}, "Female population: 55 - 59 years": {"Demographic": null, "2020": 48, "2024": 46, "2029": 49, "% OF TOTAL": 6.1, "% OF TOTAL.1": null, "% OF TOTAL.2": null}, "Female population: 60 - 64 years": {"Demographic": null, "2020": 55, "2024": 55, "2029": 57, "% OF TOTAL": 7.1, "% OF TOTAL.1": null, "% OF TOTAL.2": null}, "Female population: 65 - 69 years": {"Demographic": null, "2020": 59, "2024": 63, "2029": 69, "% OF TOTAL": 8.6, "% OF TOTAL.1": null, "% OF TOTAL.2": null}, "Female population: 70 - 74 years": {"Demographic": null, "2020": 36, "2024": 37, "2029": 54, "% OF TOTAL": 6.7, "% OF TOTAL.1": null, "% OF TOTAL.2": null}, "Female population: 75 - 79 years": {"Demographic": null, "2020": 25, "2024": 30, "2029": 39, "% OF TOTAL": 4.9, "% OF TOTAL.1": null, "% OF TOTAL.2": null}, "Female population: 80 - 84 years": {"Demographic": null, "2020": 13, "2024": 15, "2029": 25, "% OF TOTAL": 3.1, "% OF TOTAL.1": null, "% OF TOTAL.2": null}, "Female population: 85 years and over": {"Demographic": null, "2020": 10, "2024": 10, "2029": 15, "% OF TOTAL": 1.9, "% OF TOTAL.1": null, "% OF TOTAL.2": null}, "Male population: Median Age": {"Demographic": null, "2020": 39, "2024": 40, "2029": 42, "% OF TOTAL": null, "% OF TOTAL.1": null, "% OF TOTAL.2": null}, "Male population: Under 5 years": {"Demographic": null, "2020": 26, "2024": 25, "2029": 31, "% OF TOTAL": 3.9, "% OF TOTAL.1": null, "% OF TOTAL.2": null}, "Male population: 5 - 9 years": {"Demographic": null, "2020": 52, "2024": 55, "2029": 51, "% OF TOTAL": 6.4, "% OF TOTAL.1": null, "% OF TOTAL.2": null}, "Male population: 10 - 14 years": {"Demographic": null, "2020": 45, "2024": 46, "2029": 54, "% OF TOTAL": 6.7, "% OF TOTAL.1": null, "% OF TOTAL.2": null}, "Male population: 15 - 19 years": {"Demographic": null, "2020": 53, "2024": 54, "2029": 56, "% OF TOTAL": 7.0, "% OF TOTAL.1": null, "% OF TOTAL.2": null}, "Male population: 20 - 24 years": {"Demographic": null, "2020": 44, "2024": 46, "2029": 54, "% OF TOTAL": 6.7, "% OF TOTAL.1": null, "% OF TOTAL.2": null}, "Male population: 25 - 29 years": {"Demographic": null, "2020": 25, "2024": 24, "2029": 36, "% OF TOTAL": 4.5, "% OF TOTAL.1": null, "% OF TOTAL.2": null}, "Male population: 30 - 34 years": {"Demographic": null, "2020": 48, "2024": 50, "2029": 47, "% OF TOTAL": 5.9, "% OF TOTAL.1": null, "% OF TOTAL.2": null}, "Male population: 35 - 39 years": {"Demographic": null, "2020": 42, "2024": 43, "2029": 53, "% OF TOTAL": 6.6, "% OF TOTAL.1": null, "% OF TOTAL.2": null}, "Male population: 40 - 44 years": {"Demographic": null, "2020": 30, "2024": 32, "2029": 41, "% OF TOTAL": 5.1, "% OF TOTAL.1": null, "% OF TOTAL.2": null}, "Male population: 45 - 49 years": {"Demographic": null, "2020": 36, "2024": 37, "2029": 45, "% OF TOTAL": 5.6, "% OF TOTAL.1": null, "% OF TOTAL.2": null}, "Male population: 50 - 54 years": {"Demographic": null, "2020": 41, "2024": 43, "2029": 47, "% OF TOTAL": 5.9, "% OF TOTAL.1": null, "% OF TOTAL.2": null}, "Male population: 55 - 59 years": {"Demographic": null, "2020": 34, "2024": 34, "2029": 43, "% OF TOTAL": 5.4, "% OF TOTAL.1": null, "% OF TOTAL.2": null}, "Male population: 60 - 64 years": {"Demographic": null, "2020": 67, "2024": 64, "2029": 58, "% OF TOTAL": 7.2, "% OF TOTAL.1": null, "% OF TOTAL.2": null}, "Male population: 65 - 69 years": {"Demographic": null, "2020": 40, "2024": 42, "2029": 56, "% OF TOTAL": 7.0, "% OF TOTAL.1": null, "% OF TOTAL.2": null}, "Male population: 70 - 74 years": {"Demographic": null, "2020": 46, "2024": 49, "2029": 57, "% OF TOTAL": 7.1, "% OF TOTAL.1": null, "% OF TOTAL.2": null}, "Male population: 75 - 79 years": {"Demographic": null, "2020": 20, "2024": 24, "2029": 37, "% OF TOTAL": 4.6, "% OF TOTAL.1": null, "% OF TOTAL.2": null}, "Male population: 80 - 84 years": {"Demographic": null, "2020": 15, "2024": 17, "2029": 24, "% OF TOTAL": 3.0, "% OF TOTAL.1": null, "% OF TOTAL.2": null}, "Male population: 85 years and over": {"Demographic": null, "2020": 5, "2024": 5, "2029": 11, "% OF TOTAL": 1.4, "% OF TOTAL.1": null, "% OF TOTAL.2": null}, "White alone": {"Demographic": null, "2020": 1094, "2024": 1120, "2029": 1297, "% OF TOTAL": 81.0, "% OF TOTAL.1": null, "% OF TOTAL.2": null}, "Black alone": {"Demographic": null, "2020": 132, "2024": 138, "2029": 162, "% OF TOTAL": 10.1, "% OF TOTAL.1": null, "% OF TOTAL.2": null}, "American Indian and Alaska Native alone": {"Demographic": null, "2020": 4, "2024": 4, "2029": 5, "% OF TOTAL": 0.3, "% OF TOTAL.1": null, "% OF TOTAL.2": null}, "Asian alone": {"Demographic": null, "2020": 27, "2024": 29, "2029": 34, "% OF TOTAL": 2.1, "% OF TOTAL.1": null, "% OF TOTAL.2": null}, "Native Hawaiian and OPI alone": {"Demographic": null, "2020": 0, "2024": 0, "2029": 0, "% OF TOTAL": 0.0, "% OF TOTAL.1": null, "% OF TOTAL.2": null}, "Some other race alone": {"Demographic": null, "2020": 9, "2024": 9, "2029": 10, "% OF TOTAL": 0.6, "% OF TOTAL.1": null, "% OF TOTAL.2": null}, "Two or more races alone": {"Demographic": null, "2020": 69, "2024": 80, "2029": 94, "% OF TOTAL": 5.9, "% OF TOTAL.1": null, "% OF TOTAL.2": null}, "Not Hispanic: White alone": {"Demographic": null, "2020": 1088, "2024": 1113, "2029": 1289, "% OF TOTAL": 80.5, "% OF TOTAL.1": null, "% OF TOTAL.2": null}, "Not Hispanic: Black or African American alone": {"Demographic": null, "2020": 132, "2024": 138, "2029": 162, "% OF TOTAL": 10.1, "% OF TOTAL.1": null, "% OF TOTAL.2": null}, "Not Hispanic: American Indian and Alaska Native alone": {"Demographic": null, "2020": 4, "2024": 4, "2029": 5, "% OF TOTAL": 0.3, "% OF TOTAL.1": null, "% OF TOTAL.2": null}, "Not Hispanic: Asian alone": {"Demographic": null, "2020": 27, "2024": 29, "2029": 34, "% OF TOTAL": 2.1, "% OF TOTAL.1": null, "% OF TOTAL.2": null}, "Not Hispanic: Native Hawaiian and OPI alone": {"Demographic": null, "2020": 0, "2024": 0, "2029": 0, "% OF TOTAL": 0.0, "% OF TOTAL.1": null, "% OF TOTAL.2": null}, "Not Hispanic: Some Other Race alone": {"Demographic": null, "2020": 3, "2024": 3, "2029": 3, "% OF TOTAL": 0.2, "% OF TOTAL.1": null, "% OF TOTAL.2": null}, "Not Hispanic: Two or More Races": {"Demographic": null, "2020": 57, "2024": 66, "2029": 77, "% OF TOTAL": 4.8, "% OF TOTAL.1": null, "% OF TOTAL.2": null}, "Hispanic: White alone": {"Demographic": null, "2020": 6, "2024": 7, "2029": 8, "% OF TOTAL": 0.5, "% OF TOTAL.1": null, "% OF TOTAL.2": null}, "Hispanic: Black or African American alone": {"Demographic": null, "2020": 0, "2024": 0, "2029": 0, "% OF TOTAL": 0.0, "% OF TOTAL.1": null, "% OF TOTAL.2": null}, "Hispanic: American Indian and Alaska Native alone": {"Demographic": null, "2020": 0, "2024": 0, "2029": 0, "% OF TOTAL": 0.0, "% OF TOTAL.1": null, "% OF TOTAL.2": null}, "Hispanic: Asian alone": {"Demographic": null, "2020": 0, "2024": 0, "2029": 0, "% OF TOTAL": 0.0, "% OF TOTAL.1": null, "% OF TOTAL.2": null}, "Hispanic: Native Hawaiian and OPI alone": {"Demographic": null, "2020": 0, "2024": 0, "2029": 0, "% OF TOTAL": 0.0, "% OF TOTAL.1": null, "% OF TOTAL.2": null}, "Hispanic: Some Other Race alone": {"Demographic": null, "2020": 6, "2024": 6, "2029": 7, "% OF TOTAL": 0.4, "% OF TOTAL.1": null, "% OF TOTAL.2": null}, "Hispanic: Two or More Races": {"Demographic": null, "2020": 12, "2024": 14, "2029": 17, "% OF TOTAL": 1.1, "% OF TOTAL.1": null, "% OF TOTAL.2": null}, "Educational Attainment: No High School Diploma": {"Demographic": null, "2020": 102, "2024": 106, "2029": null, "% OF TOTAL": null, "% OF TOTAL.1": null, "% OF TOTAL.2": null}, "Educational Attainment: High School Diploma": {"Demographic": null, "2020": 485, "2024": 503, "2029": null, "% OF TOTAL": null, "% OF TOTAL.1": null, "% OF TOTAL.2": null}, "Educational Attainment: Some College": {"Demographic": null, "2020": 166, "2024": 172, "2029": null, "% OF TOTAL": null, "% OF TOTAL.1": null, "% OF TOTAL.2": null}, "Educational Attainment: Associates Degree": {"Demographic": null, "2020": 36, "2024": 37, "2029": null, "% OF TOTAL": null, "% OF TOTAL.1": null, "% OF TOTAL.2": null}, "Educational Attainment: Bachelors Degree": {"Demographic": null, "2020": 103, "2024": 107, "2029": null, "% OF TOTAL": null, "% OF TOTAL.1": null, "% OF TOTAL.2": null}, "Educational Attainment: Advanced Degree": {"Demographic": null, "2020": 33, "2024": 34, "2029": null, "% OF TOTAL": null, "% OF TOTAL.1": null, "% OF TOTAL.2": null}, "Employment Status: Armed Forces": {"Demographic": null, "2020": 15, "2024": 17, "2029": null, "% OF TOTAL": null, "% OF TOTAL.1": null, "% OF TOTAL.2": null}, "Employment Status: Civilian labor force employed": {"Demographic": null, "2020": 803, "2024": 845, "2029": null, "% OF TOTAL": null, "% OF TOTAL.1": null, "% OF TOTAL.2": null}, "Employment Status: Civilian labor force unemployed": {"Demographic": null, "2020": 29, "2024": 30, "2029": null, "% OF TOTAL": null, "% OF TOTAL.1": null, "% OF TOTAL.2": null}, "Employment Status: Not in labor force": {"Demographic": null, "2020": 237, "2024": 249, "2029": null, "% OF TOTAL": null, "% OF TOTAL.1": null, "% OF TOTAL.2": null}, "Employed in Agriculture and Mining Industries": {"Demographic": null, "2020": 27, "2024": 28, "2029": null, "% OF TOTAL": null, "% OF TOTAL.1": null, "% OF TOTAL.2": null}, "Employed in Construction Industries": {"Demographic": null, "2020": 143, "2024": 150, "2029": null, "% OF TOTAL": null, "% OF TOTAL.1": null, "% OF TOTAL.2": null}, "Employed in Manufacturing Industries": {"Demographic": null, "2020": 35, "2024": 37, "2029": null, "% OF TOTAL": null, "% OF TOTAL.1": null, "% OF TOTAL.2": null}, "Employed in Wholesale Industries": {"Demographic": null, "2020": 32, "2024": 34, "2029": null, "% OF TOTAL": null, "% OF TOTAL.1": null, "% OF TOTAL.2": null}, "Employed in Retail Industries": {"Demographic": null, "2020": 91, "2024": 96, "2029": null, "% OF TOTAL": null, "% OF TOTAL.1": null, "% OF TOTAL.2": null}, "Employed in Transportation and Utilities Industries": {"Demographic": null, "2020": 271, "2024": 285, "2029": null, "% OF TOTAL": null, "% OF TOTAL.1": null, "% OF TOTAL.2": null}, "Employed in Information Industries": {"Demographic": null, "2020": 0, "2024": 0, "2029": null, "% OF TOTAL": null, "% OF TOTAL.1": null, "% OF TOTAL.2": null}, "Employed in Real-Estate Industries": {"Demographic": null, "2020": 0, "2024": 0, "2029": null, "% OF TOTAL": null, "% OF TOTAL.1": null, "% OF TOTAL.2": null}, "Employed in Professional Industries": {"Demographic": null, "2020": 0, "2024": 0, "2029": null, "% OF TOTAL": null, "% OF TOTAL.1": null, "% OF TOTAL.2": null}, "Employed in Health and Education Industries": {"Demographic": null, "2020": 128, "2024": 135, "2029": null, "% OF TOTAL": null, "% OF TOTAL.1": null, "% OF TOTAL.2": null}, "Employed in Art Industries": {"Demographic": null, "2020": 76, "2024": 80, "2029": null, "% OF TOTAL": null, "% OF TOTAL.1": null, "% OF TOTAL.2": null}, "Employed in Other Industries": {"Demographic": null, "2020": 0, "2024": 0, "2029": null, "% OF TOTAL": null, "% OF TOTAL.1": null, "% OF TOTAL.2": null}, "Employed in Public Administration Industries": {"Demographic": null, "2020": 0, "2024": 0, "2029": null, "% OF TOTAL": null, "% OF TOTAL.1": null, "% OF TOTAL.2": null}, "Occupation: Management": {"Demographic": null, "2020": 124, "2024": 130, "2029": null, "% OF TOTAL": null, "% OF TOTAL.1": null, "% OF TOTAL.2": null}, "Occupation: Business and financial operations": {"Demographic": null, "2020": 0, "2024": 0, "2029": null, "% OF TOTAL": null, "% OF TOTAL.1": null, "% OF TOTAL.2": null}, "Occupation: Computer and mathematical": {"Demographic": null, "2020": 8, "2024": 8, "2029": null, "% OF TOTAL": null, "% OF TOTAL.1": null, "% OF TOTAL.2": null}, "Occupation: Architecture and engineering": {"Demographic": null, "2020": 15, "2024": 16, "2029": null, "% OF TOTAL": null, "% OF TOTAL.1": null, "% OF TOTAL.2": null}, "Occupation: Life, physical, and social science": {"Demographic": null, "2020": 0, "2024": 0, "2029": null, "% OF TOTAL": null, "% OF TOTAL.1": null, "% OF TOTAL.2": null}, "Occupation: Community and social service": {"Demographic": null, "2020": 0, "2024": 0, "2029": null, "% OF TOTAL": null, "% OF TOTAL.1": null, "% OF TOTAL.2": null}, "Occupation: Legal": {"Demographic": null, "2020": 0, "2024": 0, "2029": null, "% OF TOTAL": null, "% OF TOTAL.1": null, "% OF TOTAL.2": null}, "Occupation: Education, training, and library": {"Demographic": null, "2020": 81, "2024": 85, "2029": null, "% OF TOTAL": null, "% OF TOTAL.1": null, "% OF TOTAL.2": null}, "Occupation: Arts, design, entertainment, sports, and media": {"Demographic": null, "2020": 0, "2024": 0, "2029": null, "% OF TOTAL": null, "% OF TOTAL.1": null, "% OF TOTAL.2": null}, "Occupation: Health diagnosing and treating practitioners": {"Demographic": null, "2020": 0, "2024": 0, "2029": null, "% OF TOTAL": null, "% OF TOTAL.1": null, "% OF TOTAL.2": null}, "Occupation: Health technologists and technicians": {"Demographic": null, "2020": 18, "2024": 19, "2029": null, "% OF TOTAL": null, "% OF TOTAL.1": null, "% OF TOTAL.2": null}, "Occupation: Healthcare support": {"Demographic": null, "2020": 29, "2024": 31, "2029": null, "% OF TOTAL": null, "% OF TOTAL.1": null, "% OF TOTAL.2": null}, "Occupation: Fire fighting and prevention": {"Demographic": null, "2020": 0, "2024": 0, "2029": null, "% OF TOTAL": null, "% OF TOTAL.1": null, "% OF TOTAL.2": null}, "Occupation: Law enforcement workers": {"Demographic": null, "2020": 0, "2024": 0, "2029": null, "% OF TOTAL": null, "% OF TOTAL.1": null, "% OF TOTAL.2": null}, "Occupation: Food preparation and serving related": {"Demographic": null, "2020": 76, "2024": 80, "2029": null, "% OF TOTAL": null, "% OF TOTAL.1": null, "% OF TOTAL.2": null}, "Occupation: Building and grounds cleaning and maintenance": {"Demographic": null, "2020": 0, "2024": 0, "2029": null, "% OF TOTAL": null, "% OF TOTAL.1": null, "% OF TOTAL.2": null}, "Occupation: Personal care and service": {"Demographic": null, "2020": 0, "2024": 0, "2029": null, "% OF TOTAL": null, "% OF TOTAL.1": null, "% OF TOTAL.2": null}, "Occupation: Sales and related": {"Demographic": null, "2020": 68, "2024": 72, "2029": null, "% OF TOTAL": null, "% OF TOTAL.1": null, "% OF TOTAL.2": null}, "Occupation: Office and administrative support": {"Demographic": null, "2020": 12, "2024": 13, "2029": null, "% OF TOTAL": null, "% OF TOTAL.1": null, "% OF TOTAL.2": null}, "Occupation: Farming, fishing, and forestry": {"Demographic": null, "2020": 0, "2024": 0, "2029": null, "% OF TOTAL": null, "% OF TOTAL.1": null, "% OF TOTAL.2": null}, "Occupation: Construction and extraction": {"Demographic": null, "2020": 15, "2024": 16, "2029": null, "% OF TOTAL": null, "% OF TOTAL.1": null, "% OF TOTAL.2": null}, "Occupation: Installation, maintenance, and repair": {"Demographic": null, "2020": 82, "2024": 86, "2029": null, "% OF TOTAL": null, "% OF TOTAL.1": null, "% OF TOTAL.2": null}, "Occupation: Production": {"Demographic": null, "2020": 47, "2024": 49, "2029": null, "% OF TOTAL": null, "% OF TOTAL.1": null, "% OF TOTAL.2": null}, "Occupation: Transportation": {"Demographic": null, "2020": 30, "2024": 32, "2029": null, "% OF TOTAL": null, "% OF TOTAL.1": null, "% OF TOTAL.2": null}, "Occupation: Material moving": {"Demographic": null, "2020": 198, "2024": 208, "2029": null, "% OF TOTAL": null, "% OF TOTAL.1": null, "% OF TOTAL.2": null}, "White collar": {"Demographic": null, "2020": 326, "2024": 343, "2029": null, "% OF TOTAL": null, "% OF TOTAL.1": null, "% OF TOTAL.2": null}, "Blue collar": {"Demographic": null, "2020": 477, "2024": 502, "2029": null, "% OF TOTAL": null, "% OF TOTAL.1": null, "% OF TOTAL.2": null}, "Means of transportation: Car, truck or van": {"Demographic": null, "2020": 781, "2024": 822, "2029": null, "% OF TOTAL": null, "% OF TOTAL.1": null, "% OF TOTAL.2": null}, "Means of transportation: Public transportation": {"Demographic": null, "2020": 0, "2024": 0, "2029": null, "% OF TOTAL": null, "% OF TOTAL.1": null, "% OF TOTAL.2": null}, "Means of transportation: Other": {"Demographic": null, "2020": 0, "2024": 0, "2029": null, "% OF TOTAL": null, "% OF TOTAL.1": null, "% OF TOTAL.2": null}, "Travel time: Average (in minutes)": {"Demographic": null, "2020": 33, "2024": 33, "2029": null, "% OF TOTAL": null, "% OF TOTAL.1": null, "% OF TOTAL.2": null}, "Travel time to work: Less than 30 minutes": {"Demographic": null, "2020": 355, "2024": 374, "2029": null, "% OF TOTAL": null, "% OF TOTAL.1": null, "% OF TOTAL.2": null}, "Travel time to work: 30 to 60 minutes": {"Demographic": null, "2020": 382, "2024": 402, "2029": null, "% OF TOTAL": null, "% OF TOTAL.1": null, "% OF TOTAL.2": null}, "Travel time to work: 60 or more minutes": {"Demographic": null, "2020": 44, "2024": 46, "2029": null, "% OF TOTAL": null, "% OF TOTAL.1": null, "% OF TOTAL.2": null}}, "demographic_snapshot": {"Total Population": {"Demographic": null, "2020": 1335, "2024": 1380, "2029": 1602, "% OF TOTAL": null, "% OF TOTAL.1": null, "% OF TOTAL.2": null}, "Households": {"Demographic": null, "2020": 503, "2024": 526, "2029": 620, "% OF TOTAL": null, "% OF TOTAL.1": null, "% OF TOTAL.2": null}, "Population in Group Quarters": {"Demographic": null, "2020": 0, "2024": 0, "2029": 0, "% OF TOTAL": null, "% OF TOTAL.1": null, "% OF TOTAL.2": null}, "Households Growth": {"Demographic": null, "2020": null, "2024": 4.6, "2029": 17.9, "% OF TOTAL": null, "% OF TOTAL.1": null, "% OF TOTAL.2": null}, "Household Income: Median": {"Demographic": null, "2020": 0, "2024": 92901, "2029": 109007, "% OF TOTAL": null, "% OF TOTAL.1": null, "% OF TOTAL.2": null}, "Home Value: Median": {"Demographic": null, "2020": 138636, "2024": 138235, "2029": null, "% OF TOTAL": null, "% OF TOTAL.1": null, "% OF TOTAL.2": null}, "Population Growth": {"Demographic": null, "2020": null, "2024": 3.4, "2029": 16.1, "% OF TOTAL": null, "% OF TOTAL.1": null, "% OF TOTAL.2": null}, "Total Population: Under 19 years": {"Demographic": null, "2020": 333, "2024": 340, "2029": 361, "% OF TOTAL": 22.5, "% OF TOTAL.1": null, "% OF TOTAL.2": null}, "Total Population: 20 - 64 years": {"Demographic": null, "2020": 733, "2024": 748, "2029": 854, "% OF TOTAL": 53.3, "% OF TOTAL.1": null, "% OF TOTAL.2": null}, "Total Population: 65 years and over": {"Demographic": null, "2020": 269, "2024": 292, "2029": 387, "% OF TOTAL": 24.2, "% OF TOTAL.1": null, "% OF TOTAL.2": null}, "Total population: Median age": {"Demographic": null, "2020": 41, "2024": 42, "2029": 43, "% OF TOTAL": null, "% OF TOTAL.1": null, "% OF TOTAL.2": null}, "Total population: Under 5 years": {"Demographic": null, "2020": 62, "2024": 59, "2029": 69, "% OF TOTAL": 4.3, "% OF TOTAL.1": null, "% OF TOTAL.2": null}, "Total population: 5 - 9 years": {"Demographic": null, "2020": 93, "2024": 98, "2029": 94, "% OF TOTAL": 5.9, "% OF TOTAL.1": null, "% OF TOTAL.2": null}, "Total population: 10 - 14 years": {"Demographic": null, "2020": 78, "2024": 78, "2029": 93, "% OF TOTAL": 5.8, "% OF TOTAL.1": null, "% OF TOTAL.2": null}, "Total population: 15 - 19 years": {"Demographic": null, "2020": 100, "2024": 105, "2029": 105, "% OF TOTAL": 6.6, "% OF TOTAL.1": null, "% OF TOTAL.2": null}, "Total population: 20 - 24 years": {"Demographic": null, "2020": 77, "2024": 81, "2029": 101, "% OF TOTAL": 6.3, "% OF TOTAL.1": null, "% OF TOTAL.2": null}, "Total population: 25 - 29 years": {"Demographic": null, "2020": 54, "2024": 52, "2029": 70, "% OF TOTAL": 4.4, "% OF TOTAL.1": null, "% OF TOTAL.2": null}, "Total population: 30 - 34 years": {"Demographic": null, "2020": 86, "2024": 89, "2029": 88, "% OF TOTAL": 5.5, "% OF TOTAL.1": null, "% OF TOTAL.2": null}, "Total population: 35 - 39 years": {"Demographic": null, "2020": 92, "2024": 96, "2029": 111, "% OF TOTAL": 6.9, "% OF TOTAL.1": null, "% OF TOTAL.2": null}, "Total population: 40 - 44 years": {"Demographic": null, "2020": 74, "2024": 80, "2029": 98, "% OF TOTAL": 6.1, "% OF TOTAL.1": null, "% OF TOTAL.2": null}, "Total population: 45 - 49 years": {"Demographic": null, "2020": 67, "2024": 69, "2029": 90, "% OF TOTAL": 5.6, "% OF TOTAL.1": null, "% OF TOTAL.2": null}, "Total population: 50 - 54 years": {"Demographic": null, "2020": 79, "2024": 82, "2029": 89, "% OF TOTAL": 5.6, "% OF TOTAL.1": null, "% OF TOTAL.2": null}, "Total population: 55 - 59 years": {"Demographic": null, "2020": 82, "2024": 80, "2029": 92, "% OF TOTAL": 5.7, "% OF TOTAL.1": null, "% OF TOTAL.2": null}, "Total population: 60 - 64 years": {"Demographic": null, "2020": 122, "2024": 119, "2029": 115, "% OF TOTAL": 7.2, "% OF TOTAL.1": null, "% OF TOTAL.2": null}, "Total population: 65 - 69 years": {"Demographic": null, "2020": 99, "2024": 105, "2029": 125, "% OF TOTAL": 7.8, "% OF TOTAL.1": null, "% OF TOTAL.2": null}, "Total population: 70 - 74 years": {"Demographic": null, "2020": 82, "2024": 86, "2029": 111, "% OF TOTAL": 6.9, "% OF TOTAL.1": null, "% OF TOTAL.2": null}, "Total population: 75 - 79 years": {"Demographic": null, "2020": 45, "2024": 54, "2029": 76, "% OF TOTAL": 4.7, "% OF TOTAL.1": null, "% OF TOTAL.2": null}, "Total population: 80 - 84 years": {"Demographic": null, "2020": 28, "2024": 32, "2029": 49, "% OF TOTAL": 3.1, "% OF TOTAL.1": null, "% OF TOTAL.2": null}, "Total population: 85 years and over": {"Demographic": null, "2020": 15, "2024": 15, "2029": 26, "% OF TOTAL": 1.6, "% OF TOTAL.1": null, "% OF TOTAL.2": null}, "Householders Age 15-24": {"Demographic": null, "2020": 17, "2024": 17, "2029": 19, "% OF TOTAL": 3.1, "% OF TOTAL.1": null, "% OF TOTAL.2": null}, "Householders Age 25-34": {"Demographic": null, "2020": 58, "2024": 61, "2029": 68, "% OF TOTAL": 11.0, "% OF TOTAL.1": null, "% OF TOTAL.2": null}, "Householders Age 35-44": {"Demographic": null, "2020": 87, "2024": 91, "2029": 107, "% OF TOTAL": 17.3, "% OF TOTAL.1": null, "% OF TOTAL.2": null}, "Householders Age 45-54": {"Demographic": null, "2020": 80, "2024": 84, "2029": 99, "% OF TOTAL": 16.0, "% OF TOTAL.1": null, "% OF TOTAL.2": null}, "Householders Age 55-64": {"Demographic": null, "2020": 102, "2024": 107, "2029": 111, "% OF TOTAL": 17.9, "% OF TOTAL.1": null, "% OF TOTAL.2": null}, "Householders Age 65-74": {"Demographic": null, "2020": 102, "2024": 107, "2029": 130, "% OF TOTAL": 21.0, "% OF TOTAL.1": null, "% OF TOTAL.2": null}, "Householders Age 75+": {"Demographic": null, "2020": 57, "2024": 59, "2029": 86, "% OF TOTAL": 13.9, "% OF TOTAL.1": null, "% OF TOTAL.2": null}, "Household income: Average": {"Demographic": null, "2020": 86745, "2024": 98712, "2029": 124137, "% OF TOTAL": null, "% OF TOTAL.1": null, "% OF TOTAL.2": null}, "Household income: Less than 25k": {"Demographic": null, "2020": 38, "2024": 31, "2029": 25, "% OF TOTAL": 4.0, "% OF TOTAL.1": null, "% OF TOTAL.2": null}, "Household income: 25k - 50k": {"Demographic": null, "2020": 72, "2024": 61, "2029": 45, "% OF TOTAL": 7.3, "% OF TOTAL.1": null, "% OF TOTAL.2": null}, "Household income: 50k - 75k": {"Demographic": null, "2020": 121, "2024": 113, "2029": 98, "% OF TOTAL": 15.8, "% OF TOTAL.1": null, "% OF TOTAL.2": null}, "Household income: 75k - 100k": {"Demographic": null, "2020": 75, "2024": 81, "2029": 93, "% OF TOTAL": 15.0, "% OF TOTAL.1": null, "% OF TOTAL.2": null}, "Household income: 100k - 125k": {"Demographic": null, "2020": 102, "2024": 122, "2029": 136, "% OF TOTAL": 21.9, "% OF TOTAL.1": null, "% OF TOTAL.2": null}, "Household income: 125k - 150k": {"Demographic": null, "2020": 60, "2024": 65, "2029": 100, "% OF TOTAL": 16.1, "% OF TOTAL.1": null, "% OF TOTAL.2": null}, "Household income: 150k - 200k": {"Demographic": null, "2020": 29, "2024": 32, "2029": 62, "% OF TOTAL": 10.0, "% OF TOTAL.1": null, "% OF TOTAL.2": null}, "Household income: Above 200k": {"Demographic": null, "2020": 6, "2024": 21, "2029": 61, "% OF TOTAL": 9.8, "% OF TOTAL.1": null, "% OF TOTAL.2": null}, "White Alone": {"Demographic": null, "2020": 1094, "2024": 1120, "2029": 1297, "% OF TOTAL": 81.0, "% OF TOTAL.1": null, "% OF TOTAL.2": null}, "Black or African American Alone": {"Demographic": null, "2020": 132, "2024": 138, "2029": 162, "% OF TOTAL": 10.1, "% OF TOTAL.1": null, "% OF TOTAL.2": null}, "American Indian and Alaska Native Alone": {"Demographic": null, "2020": 4, "2024": 4, "2029": 5, "% OF TOTAL": 0.3, "% OF TOTAL.1": null, "% OF TOTAL.2": null}, "Asian Alone": {"Demographic": null, "2020": 27, "2024": 29, "2029": 34, "% OF TOTAL": 2.1, "% OF TOTAL.1": null, "% OF TOTAL.2": null}, "Native Hawaiian and OPI Alone": {"Demographic": null, "2020": 0, "2024": 0, "2029": 0, "% OF TOTAL": 0.0, "% OF TOTAL.1": null, "% OF TOTAL.2": null}, "Some Other Race Alone": {"Demographic": null, "2020": 9, "2024": 9, "2029": 10, "% OF TOTAL": 0.6, "% OF TOTAL.1": null, "% OF TOTAL.2": null}, "Two or More Races Alone": {"Demographic": null, "2020": 69, "2024": 80, "2029": 94, "% OF TOTAL": 5.9, "% OF TOTAL.1": null, "% OF TOTAL.2": null}, "Not Hispanic or Latino": {"Demographic": null, "2020": 1311, "2024": 1353, "2029": 1570, "% OF TOTAL": 98.0, "% OF TOTAL.1": null, "% OF TOTAL.2": null}, "Hispanic or Latino": {"Demographic": null, "2020": 24, "2024": 27, "2029": 32, "% OF TOTAL": 2.0, "% OF TOTAL.1": null, "% OF TOTAL.2": null}, "Total Housing Units": {"Demographic": null, "2020": 590, "2024": null, "2029": null, "% OF TOTAL": null, "% OF TOTAL.1": null, "% OF TOTAL.2": null}, "Owner Occupied Housing Units": {"Demographic": null, "2020": 354, "2024": 370, "2029": null, "% OF TOTAL": null, "% OF TOTAL.1": null, "% OF TOTAL.2": null}, "Renter Occupied Housing Units": {"Demographic": null, "2020": 149, "2024": 156, "2029": null, "% OF TOTAL": null, "% OF TOTAL.1": null, "% OF TOTAL.2": null}, "Housing Units Value Less Than 100k": {"Demographic": null, "2020": 151, "2024": 159, "2029": null, "% OF TOTAL": null, "% OF TOTAL.1": null, "% OF TOTAL.2": null}, "Housing Units Value 100k - 200k": {"Demographic": null, "2020": 159, "2024": 165, "2029": null, "% OF TOTAL": null, "% OF TOTAL.1": null, "% OF TOTAL.2": null}, "Housing Units Value 200k - 250k": {"Demographic": null, "2020": 8, "2024": 8, "2029": null, "% OF TOTAL": null, "% OF TOTAL.1": null, "% OF TOTAL.2": null}, "Housing Units Value 250k - 300k": {"Demographic": null, "2020": 21, "2024": 22, "2029": null, "% OF TOTAL": null, "% OF TOTAL.1": null, "% OF TOTAL.2": null}, "Housing Units Value 300k - 400k": {"Demographic": null, "2020": 0, "2024": 0, "2029": null, "% OF TOTAL": null, "% OF TOTAL.1": null, "% OF TOTAL.2": null}, "Housing Units Value 400k - 500k": {"Demographic": null, "2020": 0, "2024": 0, "2029": null, "% OF TOTAL": null, "% OF TOTAL.1": null, "% OF TOTAL.2": null}, "Housing Units Value 500k - 750k": {"Demographic": null, "2020": 15, "2024": 16, "2029": null, "% OF TOTAL": null, "% OF TOTAL.1": null, "% OF TOTAL.2": null}, "Housing Units Value 750k - 1m": {"Demographic": null, "2020": 0, "2024": 0, "2029": null, "% OF TOTAL": null, "% OF TOTAL.1": null, "% OF TOTAL.2": null}, "Housing Units Value 1m - 1.5m": {"Demographic": null, "2020": 0, "2024": 0, "2029": null, "% OF TOTAL": null, "% OF TOTAL.1": null, "% OF TOTAL.2": null}, "Housing Units Value 1.5m - 2m": {"Demographic": null, "2020": 0, "2024": 0, "2029": null, "% OF TOTAL": null, "% OF TOTAL.1": null, "% OF TOTAL.2": null}, "Housing Units Value >2m": {"Demographic": null, "2020": 0, "2024": 0, "2029": null, "% OF TOTAL": null, "% OF TOTAL.1": null, "% OF TOTAL.2": null}, "Take Car or Truck to Work": {"Demographic": null, "2020": 781, "2024": 822, "2029": null, "% OF TOTAL": null, "% OF TOTAL.1": null, "% OF TOTAL.2": null}, "Take Public Transportation to Work": {"Demographic": null, "2020": 0, "2024": 0, "2029": null, "% OF TOTAL": null, "% OF TOTAL.1": null, "% OF TOTAL.2": null}, "Take Other Means of Transportation to Work": {"Demographic": null, "2020": 0, "2024": 0, "2029": null, "% OF TOTAL": null, "% OF TOTAL.1": null, "% OF TOTAL.2": null}, "Average Travel Time (min)": {"Demographic": null, "2020": 33, "2024": 33, "2029": null, "% OF TOTAL": null, "% OF TOTAL.1": null, "% OF TOTAL.2": null}, "Travel Below 30 Min to Work": {"Demographic": null, "2020": 355, "2024": 374, "2029": null, "% OF TOTAL": null, "% OF TOTAL.1": null, "% OF TOTAL.2": null}, "Travel 30-60 Min to Work": {"Demographic": null, "2020": 382, "2024": 402, "2029": null, "% OF TOTAL": null, "% OF TOTAL.1": null, "% OF TOTAL.2": null}, "Travel Above 60 Min to Work": {"Demographic": null, "2020": 77, "2024": 46, "2029": null, "% OF TOTAL": null, "% OF TOTAL.1": null, "% OF TOTAL.2": null}, "Educational Attainment: No High School Diploma": {"Demographic": null, "2020": 587, "2024": 609, "2029": null, "% OF TOTAL": null, "% OF TOTAL.1": null, "% OF TOTAL.2": null}, "Educational Attainment: High School Diploma": {"Demographic": null, "2020": 485, "2024": 503, "2029": null, "% OF TOTAL": null, "% OF TOTAL.1": null, "% OF TOTAL.2": null}, "Educational Attainment: Some College": {"Demographic": null, "2020": 305, "2024": 316, "2029": null, "% OF TOTAL": null, "% OF TOTAL.1": null, "% OF TOTAL.2": null}, "Educational Attainment: Associate's Degree": {"Demographic": null, "2020": 36, "2024": 37, "2029": null, "% OF TOTAL": null, "% OF TOTAL.1": null, "% OF TOTAL.2": null}, "Educational Attainment: Bachelors Degree": {"Demographic": null, "2020": 103, "2024": 107, "2029": null, "% OF TOTAL": null, "% OF TOTAL.1": null, "% OF TOTAL.2": null}, "Educational Attainment: Advanced Degree": {"Demographic": null, "2020": 33, "2024": 34, "2029": null, "% OF TOTAL": null, "% OF TOTAL.1": null, "% OF TOTAL.2": null}, "Households: Number of vehicles available - Average": {"Demographic": null, "2020": 1, "2024": 1, "2029": null, "% OF TOTAL": null, "% OF TOTAL.1": null, "% OF TOTAL.2": null}, "Households: No Vehicle available": {"Demographic": null, "2020": 42, "2024": 44, "2029": null, "% OF TOTAL": null, "% OF TOTAL.1": null, "% OF TOTAL.2": null}, "Households: 1 Vehicle available": {"Demographic": null, "2020": 178, "2024": 186, "2029": null, "% OF TOTAL": null, "% OF TOTAL.1": null, "% OF TOTAL.2": null}, "Households: 2 Vehicles available": {"Demographic": null, "2020": 188, "2024": 196, "2029": null, "% OF TOTAL": null, "% OF TOTAL.1": null, "% OF TOTAL.2": null}, "Households: 3 Vehicles available": {"Demographic": null, "2020": 87, "2024": 91, "2029": null, "% OF TOTAL": null, "% OF TOTAL.1": null, "% OF TOTAL.2": null}, "Households: 4 or more Vehicles available": {"Demographic": null, "2020": 8, "2024": 9, "2029": null, "% OF TOTAL": null, "% OF TOTAL.1": null, "% OF TOTAL.2": null}}, "household_trends": {"Households": {"Demographic": null, "2020": 503, "2024": 526, "2029": 620, "% OF TOTAL": null, "% OF TOTAL.1": null, "% OF TOTAL.2": null}, "Households Growth": {"Demographic": null, "2020": null, "2024": 4.6, "2029": 17.9, "% OF TOTAL": null, "% OF TOTAL.1": null, "% OF TOTAL.2": null}, "Householder Age 15-24": {"Demographic": null, "2020": 17, "2024": 17, "2029": 19, "% OF TOTAL": 3.1, "% OF TOTAL.1": null, "% OF TOTAL.2": null}, "Householder Age 25-34": {"Demographic": null, "2020": 58, "2024": 61, "2029": 68, "% OF TOTAL": 11.0, "% OF TOTAL.1": null, "% OF TOTAL.2": null}, "Householder Age 35-44": {"Demographic": null, "2020": 87, "2024": 91, "2029": 107, "% OF TOTAL": 17.3, "% OF TOTAL.1": null, "% OF TOTAL.2": null}, "Householder Age 45-54": {"Demographic": null, "2020": 80, "2024": 84, "2029": 99, "% OF TOTAL": 16.0, "% OF TOTAL.1": null, "% OF TOTAL.2": null}, "Householder Age 55-64": {"Demographic": null, "2020": 102, "2024": 107, "2029": 111, "% OF TOTAL": 17.9, "% OF TOTAL.1": null, "% OF TOTAL.2": null}, "Householder Age 65-74": {"Demographic": null, "2020": 102, "2024": 107, "2029": 130, "% OF TOTAL": 21.0, "% OF TOTAL.1": null, "% OF TOTAL.2": null}, "Householder Age 75+": {"Demographic": null, "2020": 57, "2024": 59, "2029": 86, "% OF TOTAL": 13.9, "% OF TOTAL.1": null, "% OF TOTAL.2": null}, "Average Household Size": {"Demographic": null, "2020": 2.7, "2024": 2.6, "2029": 2.6, "% OF TOTAL": null, "% OF TOTAL.1": null, "% OF TOTAL.2": null}, "1 Person Households": {"Demographic": null, "2020": 107, "2024": 108, "2029": 131, "% OF TOTAL": 21.1, "% OF TOTAL.1": null, "% OF TOTAL.2": null}, "2 Person Households": {"Demographic": null, "2020": 205, "2024": 209, "2029": 251, "% OF TOTAL": 40.5, "% OF TOTAL.1": null, "% OF TOTAL.2": null}, "3 Person Households": {"Demographic": null, "2020": 81, "2024": 81, "2029": 98, "% OF TOTAL": 15.8, "% OF TOTAL.1": null, "% OF TOTAL.2": null}, "4 Person Households": {"Demographic": null, "2020": 57, "2024": 67, "2029": 73, "% OF TOTAL": 11.8, "% OF TOTAL.1": null, "% OF TOTAL.2": null}, "5 Person Households": {"Demographic": null, "2020": 26, "2024": 30, "2029": 32, "% OF TOTAL": 5.2, "% OF TOTAL.1": null, "% OF TOTAL.2": null}, "6 Person Households": {"Demographic": null, "2020": 18, "2024": 21, "2029": 24, "% OF TOTAL": 3.9, "% OF TOTAL.1": null, "% OF TOTAL.2": null}, "7+ Person Households": {"Demographic": null, "2020": 9, "2024": 10, "2029": 11, "% OF TOTAL": 1.8, "% OF TOTAL.1": null, "% OF TOTAL.2": null}, "Household Type: Family": {"Demographic": null, "2020": 376, "2024": 393, "2029": null, "% OF TOTAL": null, "% OF TOTAL.1": null, "% OF TOTAL.2": null}, "Household Type: Married Family": {"Demographic": null, "2020": 266, "2024": 278, "2029": null, "% OF TOTAL": null, "% OF TOTAL.1": null, "% OF TOTAL.2": null}, "Household Type: Married Family With Children": {"Demographic": null, "2020": 88, "2024": 92, "2029": null, "% OF TOTAL": null, "% OF TOTAL.1": null, "% OF TOTAL.2": null}, "Household Type: Married Family Without Children": {"Demographic": null, "2020": 178, "2024": 186, "2029": null, "% OF TOTAL": null, "% OF TOTAL.1": null, "% OF TOTAL.2": null}, "Household Type: Other Family": {"Demographic": null, "2020": 110, "2024": 115, "2029": null, "% OF TOTAL": null, "% OF TOTAL.1": null, "% OF TOTAL.2": null}, "Household Type: Male Households, No Wife": {"Demographic": null, "2020": 35, "2024": 37, "2029": null, "% OF TOTAL": null, "% OF TOTAL.1": null, "% OF TOTAL.2": null}, "Household Type: Male Households, No Wife With Children": {"Demographic": null, "2020": 14, "2024": 15, "2029": null, "% OF TOTAL": null, "% OF TOTAL.1": null, "% OF TOTAL.2": null}, "Household Type: Male Households, No Wife Without Children": {"Demographic": null, "2020": 21, "2024": 22, "2029": null, "% OF TOTAL": null, "% OF TOTAL.1": null, "% OF TOTAL.2": null}, "Household Type: Female Households, No Husband": {"Demographic": null, "2020": 75, "2024": 78, "2029": null, "% OF TOTAL": null, "% OF TOTAL.1": null, "% OF TOTAL.2": null}, "Household Type: Female Households, No Husband With Children": {"Demographic": null, "2020": 30, "2024": 31, "2029": null, "% OF TOTAL": null, "% OF TOTAL.1": null, "% OF TOTAL.2": null}, "Household Type: Female Households, No Husband Without Children": {"Demographic": null, "2020": 45, "2024": 47, "2029": null, "% OF TOTAL": null, "% OF TOTAL.1": null, "% OF TOTAL.2": null}, "Household Income: Average": {"Demographic": null, "2020": 86745, "2024": 98712, "2029": 124137, "% OF TOTAL": null, "% OF TOTAL.1": null, "% OF TOTAL.2": null}, "Household Income: Median": {"Demographic": null, "2020": 0, "2024": 92901, "2029": 109007, "% OF TOTAL": null, "% OF TOTAL.1": null, "% OF TOTAL.2": null}, "Household Income: Less than $25k": {"Demographic": null, "2020": 38, "2024": 31, "2029": 25, "% OF TOTAL": 4.0, "% OF TOTAL.1": null, "% OF TOTAL.2": null}, "Household Income: $25k - $50k": {"Demographic": null, "2020": 72, "2024": 61, "2029": 45, "% OF TOTAL": 7.3, "% OF TOTAL.1": null, "% OF TOTAL.2": null}, "Household Income: $50k - $75k": {"Demographic": null, "2020": 121, "2024": 113, "2029": 98, "% OF TOTAL": 15.8, "% OF TOTAL.1": null, "% OF TOTAL.2": null}, "Household Income: $75k - $100k": {"Demographic": null, "2020": 75, "2024": 81, "2029": 93, "% OF TOTAL": 15.0, "% OF TOTAL.1": null, "% OF TOTAL.2": null}, "Household Income: $100k - $125k": {"Demographic": null, "2020": 102, "2024": 122, "2029": 136, "% OF TOTAL": 21.9, "% OF TOTAL.1": null, "% OF TOTAL.2": null}, "Household Income: $125k - $150k": {"Demographic": null, "2020": 60, "2024": 65, "2029": 100, "% OF TOTAL": 16.1, "% OF TOTAL.1": null, "% OF TOTAL.2": null}, "Household Income: $150k - $200k": {"Demographic": null, "2020": 29, "2024": 32, "2029": 62, "% OF TOTAL": 10.0, "% OF TOTAL.1": null, "% OF TOTAL.2": null}, "Household Income: Above $200k": {"Demographic": null, "2020": 6, "2024": 21, "2029": 61, "% OF TOTAL": 9.8, "% OF TOTAL.1": null, "% OF TOTAL.2": null}, "Total Housing Units": {"Demographic": null, "2020": 590, "2024": null, "2029": null, "% OF TOTAL": null, "% OF TOTAL.1": null, "% OF TOTAL.2": null}, "Owner Occupied Housing Units": {"Demographic": null, "2020": 354, "2024": 370, "2029": null, "% OF TOTAL": null, "% OF TOTAL.1": null, "% OF TOTAL.2": null}, "Renter Occupied Housing Units": {"Demographic": null, "2020": 149, "2024": 156, "2029": null, "% OF TOTAL": null, "% OF TOTAL.1": null, "% OF TOTAL.2": null}, "Vacant Housing Units": {"Demographic": null, "2020": 87, "2024": null, "2029": null, "% OF TOTAL": null, "% OF TOTAL.1": null, "% OF TOTAL.2": null}, "Vacant Housing Units: Seasonal": {"Demographic": null, "2020": 0, "2024": null, "2029": null, "% OF TOTAL": null, "% OF TOTAL.1": null, "% OF TOTAL.2": null}, "Vacant Housing Units: Other Usage": {"Demographic": null, "2020": 87, "2024": null, "2029": null, "% OF TOTAL": null, "% OF TOTAL.1": null, "% OF TOTAL.2": null}, "Average Housing Unit Value": {"Demographic": null, "2020": 137726, "2024": 137892, "2029": null, "% OF TOTAL": null, "% OF TOTAL.1": null, "% OF TOTAL.2": null}, "Median Housing Unit Value": {"Demographic": null, "2020": 138636, "2024": 138235, "2029": null, "% OF TOTAL": null, "% OF TOTAL.1": null, "% OF TOTAL.2": null}, "Housing Unit Value Less Than $100k": {"Demographic": null, "2020": 151, "2024": 159, "2029": null, "% OF TOTAL": null, "% OF TOTAL.1": null, "% OF TOTAL.2": null}, "Housing Unit Value $100k-$200k": {"Demographic": null, "2020": 159, "2024": 165, "2029": null, "% OF TOTAL": null, "% OF TOTAL.1": null, "% OF TOTAL.2": null}, "Housing Unit Value $200k-$250k": {"Demographic": null, "2020": 8, "2024": 8, "2029": null, "% OF TOTAL": null, "% OF TOTAL.1": null, "% OF TOTAL.2": null}, "Housing Unit Value $250k-$300k": {"Demographic": null, "2020": 21, "2024": 22, "2029": null, "% OF TOTAL": null, "% OF TOTAL.1": null, "% OF TOTAL.2": null}, "Housing Unit Value $300k-$400k": {"Demographic": null, "2020": 0, "2024": 0, "2029": null, "% OF TOTAL": null, "% OF TOTAL.1": null, "% OF TOTAL.2": null}, "Housing Unit Value $400k-$500k": {"Demographic": null, "2020": 0, "2024": 0, "2029": null, "% OF TOTAL": null, "% OF TOTAL.1": null, "% OF TOTAL.2": null}, "Housing Unit Value $500k-$750k": {"Demographic": null, "2020": 15, "2024": 16, "2029": null, "% OF TOTAL": null, "% OF TOTAL.1": null, "% OF TOTAL.2": null}, "Housing Unit Value $750k-$1m": {"Demographic": null, "2020": 0, "2024": 0, "2029": null, "% OF TOTAL": null, "% OF TOTAL.1": null, "% OF TOTAL.2": null}, "Housing Unit Value $1m-$1.5m": {"Demographic": null, "2020": 0, "2024": 0, "2029": null, "% OF TOTAL": null, "% OF TOTAL.1": null, "% OF TOTAL.2": null}, "Housing Unit Value $1.5m-$2m": {"Demographic": null, "2020": 0, "2024": 0, "2029": null, "% OF TOTAL": null, "% OF TOTAL.1": null, "% OF TOTAL.2": null}, "Housing Unit Value Above $2m": {"Demographic": null, "2020": 0, "2024": 0, "2029": null, "% OF TOTAL": null, "% OF TOTAL.1": null, "% OF TOTAL.2": null}, "Median Housing Unit Year Built": {"Demographic": null, "2020": 1997, "2024": 1997, "2029": null, "% OF TOTAL": null, "% OF TOTAL.1": null, "% OF TOTAL.2": null}, "Housing Units Built 2014 Or After": {"Demographic": null, "2020": 0, "2024": 0, "2029": null, "% OF TOTAL": null, "% OF TOTAL.1": null, "% OF TOTAL.2": null}, "Housing Units Built 2010-2013": {"Demographic": null, "2020": 106, "2024": 111, "2029": null, "% OF TOTAL": null, "% OF TOTAL.1": null, "% OF TOTAL.2": null}, "Housing Units Built 2000-2009": {"Demographic": null, "2020": 118, "2024": 123, "2029": null, "% OF TOTAL": null, "% OF TOTAL.1": null, "% OF TOTAL.2": null}, "Housing Units Built 1990-1999": {"Demographic": null, "2020": 84, "2024": 88, "2029": null, "% OF TOTAL": null, "% OF TOTAL.1": null, "% OF TOTAL.2": null}, "Housing Units Built 1980-1989": {"Demographic": null, "2020": 99, "2024": 103, "2029": null, "% OF TOTAL": null, "% OF TOTAL.1": null, "% OF TOTAL.2": null}, "Housing Units Built 1970-1979": {"Demographic": null, "2020": 15, "2024": 16, "2029": null, "% OF TOTAL": null, "% OF TOTAL.1": null, "% OF TOTAL.2": null}, "Housing Units Built 1960-1969": {"Demographic": null, "2020": 19, "2024": 20, "2029": null, "% OF TOTAL": null, "% OF TOTAL.1": null, "% OF TOTAL.2": null}, "Housing Units Built 1950-1959": {"Demographic": null, "2020": 12, "2024": 13, "2029": null, "% OF TOTAL": null, "% OF TOTAL.1": null, "% OF TOTAL.2": null}, "Housing Units Built 1940-1949": {"Demographic": null, "2020": 17, "2024": 18, "2029": null, "% OF TOTAL": null, "% OF TOTAL.1": null, "% OF TOTAL.2": null}, "Housing Units Built Before 1940": {"Demographic": null, "2020": 33, "2024": 34, "2029": null, "% OF TOTAL": null, "% OF TOTAL.1": null, "% OF TOTAL.2": null}}}, "geometry": {"type": "Polygon", "coordinates": [[[-88.297681, 30.470408], [-88.331204, 30.47007], [-88.331332, 30.479468], [-88.297934, 30.489479], [-88.297681, 30.470408]]]}}, {"type": "Feature", "properties": {"block": "020", "block_num": 20, "CentroidLon": -88.34210236967375, "CentroidLat": 30.473090679177034, "data_status": "no data", "is_anomalous": false, "anomaly_reason": null, "files_present": ""}, "geometry": {"type": "Polygon", "coordinates": [[[-88.331204, 30.47007], [-88.363771, 30.469734], [-88.331332, 30.479468], [-88.331204, 30.47007]]]}}, {"type": "Feature", "properties": {"block": "021", "block_num": 21, "CentroidLon": -88.3983054221536, "CentroidLat": 30.469490391521422, "data_status": "no data", "is_anomalous": false, "anomaly_reason": null, "files_present": ""}, "geometry": {"type": "Polygon", "coordinates": [[[-88.398247, 30.469369], [-88.39825, 30.469513], [-88.397795, 30.469374], [-88.398247, 30.469369]]]}}, {"type": "Feature", "properties": {"block": "022", "block_num": 22, "CentroidLon": -88.09321949705975, "CentroidLat": 30.45871616927996, "data_status": "no data", "is_anomalous": false, "anomaly_reason": null, "files_present": ""}, "geometry": {"type": "Polygon", "coordinates": [[[-88.096208, 30.443215], [-88.096533, 30.472255], [-88.089059, 30.472317], [-88.091197, 30.443257], [-88.096208, 30.443215]]]}}, {"type": "Feature", "properties": {"block": "023", "block_num": 23, "CentroidLon": -88.31424741840195, "CentroidLat": 30.455720972019055, "data_status": "no data", "is_anomalous": false, "anomaly_reason": null, "files_present": ""}, "geometry": {"type": "Polygon", "coordinates": [[[-88.330809, 30.441033], [-88.331204, 30.47007], [-88.297681, 30.470408], [-88.297296, 30.44137], [-88.330809, 30.441033]]]}}, {"type": "Feature", "properties": {"block": "024", "block_num": 24, "CentroidLon": -88.2807294265433, "CentroidLat": 30.45605447498282, "data_status": "usable", "is_anomalous": false, "anomaly_reason": null, "files_present": "DemographicSnapshot-26.08.06.csv;PopulationTrends-26.08.06.csv;HouseholdTrends-26.08.06.csv;HouseholdIncomeByAge-26.08.06.csv;ConsumerSegmentation-26.08.06.csv", "population_2024": 1409, "population_2029": 1324, "households_2024": 510, "households_2029": 486, "median_household_income_2024": 68634, "median_household_income_2029": 72195, "mean_household_income_2024": null, "mean_household_income_2029": null, "median_age_2024": 38, "median_age_2029": 39, "median_home_value_2024": 135735, "average_household_size_2024": 2.8, "average_household_size_2029": 2.7, "population_growth_2024_2029": -6.1, "households_growth_2024_2029": -5.0, "consumer_segments": {"Renters": {"households": 134, "pct": 30.5}, "Simple Life Moderate Income No Children": {"households": 125, "pct": 28.5}, "Simple Life Moderate Income With Children": {"households": 81, "pct": 18.5}, "Active Adult Elite": {"households": 26, "pct": 5.9}, "Renters Near Term Buyers": {"households": 24, "pct": 5.5}, "Simple Life Affluent No Children": {"households": 14, "pct": 3.2}, "Active Adult Entry Level": {"households": 14, "pct": 3.2}, "Family Life Young Children": {"households": 12, "pct": 2.7}, "Elite": {"households": 6, "pct": 1.4}, "Active Adult Feature and Location": {"households": 3, "pct": 0.7}, "Family Life School Age Children": {"households": 0, "pct": 0.0}, "Feature and Location": {"households": 0, "pct": 0.0}, "Entry Level Urban": {"households": 0, "pct": 0.0}, "Entry Level Suburban": {"households": 0, "pct": 0.0}}, "income_age": {"2020": {}, "2024": {}, "2029": {}}, "population_trends": {"Total Population": {"Demographic": null, "2020": 1500, "2024": 1409, "2029": 1324, "% OF TOTAL": null, "% OF TOTAL.1": null, "% OF TOTAL.2": null}, "Population Growth": {"Demographic": null, "2020": null, "2024": -6.1, "2029": -6.0, "% OF TOTAL": null, "% OF TOTAL.1": null, "% OF TOTAL.2": null}, "Female Population": {"Demographic": null, "2020": 764, "2024": 719, "2029": 676, "% OF TOTAL": 51.1, "% OF TOTAL.1": null, "% OF TOTAL.2": null}, "Male Population": {"Demographic": null, "2020": 736, "2024": 690, "2029": 648, "% OF TOTAL": 48.9, "% OF TOTAL.1": null, "% OF TOTAL.2": null}, "Total population: Median Age": {"Demographic": null, "2020": 37, "2024": 38, "2029": 39, "% OF TOTAL": null, "% OF TOTAL.1": null, "% OF TOTAL.2": null}, "Total population: Under 5 years": {"Demographic": null, "2020": 91, "2024": 80, "2029": 72, "% OF TOTAL": 5.4, "% OF TOTAL.1": null, "% OF TOTAL.2": null}, "Total population: 5 - 9 years": {"Demographic": null, "2020": 110, "2024": 104, "2029": 87, "% OF TOTAL": 6.6, "% OF TOTAL.1": null, "% OF TOTAL.2": null}, "Total population: 10 - 14 years": {"Demographic": null, "2020": 128, "2024": 115, "2029": 101, "% OF TOTAL": 7.6, "% OF TOTAL.1": null, "% OF TOTAL.2": null}, "Total population: 15 - 19 years": {"Demographic": null, "2020": 96, "2024": 95, "2029": 89, "% OF TOTAL": 6.7, "% OF TOTAL.1": null, "% OF TOTAL.2": null}, "Total population: 20 - 24 years": {"Demographic": null, "2020": 70, "2024": 67, "2029": 69, "% OF TOTAL": 5.2, "% OF TOTAL.1": null, "% OF TOTAL.2": null}, "Total population: 25 - 29 years": {"Demographic": null, "2020": 92, "2024": 82, "2029": 73, "% OF TOTAL": 5.5, "% OF TOTAL.1": null, "% OF TOTAL.2": null}, "Total population: 30 - 34 years": {"Demographic": null, "2020": 107, "2024": 102, "2029": 85, "% OF TOTAL": 6.4, "% OF TOTAL.1": null, "% OF TOTAL.2": null}, "Total population: 35 - 39 years": {"Demographic": null, "2020": 95, "2024": 87, "2029": 88, "% OF TOTAL": 6.6, "% OF TOTAL.1": null, "% OF TOTAL.2": null}, "Total population: 40 - 44 years": {"Demographic": null, "2020": 88, "2024": 87, "2029": 84, "% OF TOTAL": 6.3, "% OF TOTAL.1": null, "% OF TOTAL.2": null}, "Total population: 45 - 49 years": {"Demographic": null, "2020": 108, "2024": 98, "2029": 93, "% OF TOTAL": 7.0, "% OF TOTAL.1": null, "% OF TOTAL.2": null}, "Total population: 50 - 54 years": {"Demographic": null, "2020": 77, "2024": 73, "2029": 74, "% OF TOTAL": 5.6, "% OF TOTAL.1": null, "% OF TOTAL.2": null}, "Total population: 55 - 59 years": {"Demographic": null, "2020": 101, "2024": 89, "2029": 76, "% OF TOTAL": 5.7, "% OF TOTAL.1": null, "% OF TOTAL.2": null}, "Total population: 60 - 64 years": {"Demographic": null, "2020": 126, "2024": 115, "2029": 94, "% OF TOTAL": 7.1, "% OF TOTAL.1": null, "% OF TOTAL.2": null}, "Total population: 65 - 69 years": {"Demographic": null, "2020": 80, "2024": 78, "2029": 84, "% OF TOTAL": 6.3, "% OF TOTAL.1": null, "% OF TOTAL.2": null}, "Total population: 70 - 74 years": {"Demographic": null, "2020": 58, "2024": 58, "2029": 62, "% OF TOTAL": 4.7, "% OF TOTAL.1": null, "% OF TOTAL.2": null}, "Total population: 75 - 79 years": {"Demographic": null, "2020": 40, "2024": 44, "2029": 48, "% OF TOTAL": 3.6, "% OF TOTAL.1": null, "% OF TOTAL.2": null}, "Total population: 80 - 84 years": {"Demographic": null, "2020": 21, "2024": 23, "2029": 30, "% OF TOTAL": 2.3, "% OF TOTAL.1": null, "% OF TOTAL.2": null}, "Total population: 85 years and over": {"Demographic": null, "2020": 12, "2024": 12, "2029": 15, "% OF TOTAL": 1.1, "% OF TOTAL.1": null, "% OF TOTAL.2": null}, "Female population: Median Age": {"Demographic": null, "2020": 38, "2024": 39, "2029": 41, "% OF TOTAL": null, "% OF TOTAL.1": null, "% OF TOTAL.2": null}, "Female population: Under 5 years": {"Demographic": null, "2020": 41, "2024": 36, "2029": 32, "% OF TOTAL": 4.7, "% OF TOTAL.1": null, "% OF TOTAL.2": null}, "Female population: 5 - 9 years": {"Demographic": null, "2020": 54, "2024": 50, "2029": 42, "% OF TOTAL": 6.2, "% OF TOTAL.1": null, "% OF TOTAL.2": null}, "Female population: 10 - 14 years": {"Demographic": null, "2020": 64, "2024": 58, "2029": 49, "% OF TOTAL": 7.2, "% OF TOTAL.1": null, "% OF TOTAL.2": null}, "Female population: 15 - 19 years": {"Demographic": null, "2020": 52, "2024": 51, "2029": 46, "% OF TOTAL": 6.8, "% OF TOTAL.1": null, "% OF TOTAL.2": null}, "Female population: 20 - 24 years": {"Demographic": null, "2020": 29, "2024": 28, "2029": 33, "% OF TOTAL": 4.9, "% OF TOTAL.1": null, "% OF TOTAL.2": null}, "Female population: 25 - 29 years": {"Demographic": null, "2020": 50, "2024": 44, "2029": 37, "% OF TOTAL": 5.5, "% OF TOTAL.1": null, "% OF TOTAL.2": null}, "Female population: 30 - 34 years": {"Demographic": null, "2020": 60, "2024": 56, "2029": 47, "% OF TOTAL": 7.0, "% OF TOTAL.1": null, "% OF TOTAL.2": null}, "Female population: 35 - 39 years": {"Demographic": null, "2020": 46, "2024": 41, "2029": 44, "% OF TOTAL": 6.5, "% OF TOTAL.1": null, "% OF TOTAL.2": null}, "Female population: 40 - 44 years": {"Demographic": null, "2020": 40, "2024": 41, "2029": 40, "% OF TOTAL": 5.9, "% OF TOTAL.1": null, "% OF TOTAL.2": null}, "Female population: 45 - 49 years": {"Demographic": null, "2020": 52, "2024": 48, "2029": 44, "% OF TOTAL": 6.5, "% OF TOTAL.1": null, "% OF TOTAL.2": null}, "Female population: 50 - 54 years": {"Demographic": null, "2020": 35, "2024": 33, "2029": 35, "% OF TOTAL": 5.2, "% OF TOTAL.1": null, "% OF TOTAL.2": null}, "Female population: 55 - 59 years": {"Demographic": null, "2020": 52, "2024": 46, "2029": 38, "% OF TOTAL": 5.6, "% OF TOTAL.1": null, "% OF TOTAL.2": null}, "Female population: 60 - 64 years": {"Demographic": null, "2020": 68, "2024": 63, "2029": 51, "% OF TOTAL": 7.5, "% OF TOTAL.1": null, "% OF TOTAL.2": null}, "Female population: 65 - 69 years": {"Demographic": null, "2020": 52, "2024": 51, "2029": 51, "% OF TOTAL": 7.5, "% OF TOTAL.1": null, "% OF TOTAL.2": null}, "Female population: 70 - 74 years": {"Demographic": null, "2020": 29, "2024": 29, "2029": 35, "% OF TOTAL": 5.2, "% OF TOTAL.1": null, "% OF TOTAL.2": null}, "Female population: 75 - 79 years": {"Demographic": null, "2020": 26, "2024": 29, "2029": 29, "% OF TOTAL": 4.3, "% OF TOTAL.1": null, "% OF TOTAL.2": null}, "Female population: 80 - 84 years": {"Demographic": null, "2020": 10, "2024": 11, "2029": 17, "% OF TOTAL": 2.5, "% OF TOTAL.1": null, "% OF TOTAL.2": null}, "Female population: 85 years and over": {"Demographic": null, "2020": 4, "2024": 4, "2029": 6, "% OF TOTAL": 0.9, "% OF TOTAL.1": null, "% OF TOTAL.2": null}, "Male population: Median Age": {"Demographic": null, "2020": 37, "2024": 37, "2029": 38, "% OF TOTAL": null, "% OF TOTAL.1": null, "% OF TOTAL.2": null}, "Male population: Under 5 years": {"Demographic": null, "2020": 50, "2024": 44, "2029": 40, "% OF TOTAL": 6.2, "% OF TOTAL.1": null, "% OF TOTAL.2": null}, "Male population: 5 - 9 years": {"Demographic": null, "2020": 56, "2024": 54, "2029": 45, "% OF TOTAL": 6.9, "% OF TOTAL.1": null, "% OF TOTAL.2": null}, "Male population: 10 - 14 years": {"Demographic": null, "2020": 64, "2024": 57, "2029": 52, "% OF TOTAL": 8.0, "% OF TOTAL.1": null, "% OF TOTAL.2": null}, "Male population: 15 - 19 years": {"Demographic": null, "2020": 44, "2024": 44, "2029": 43, "% OF TOTAL": 6.6, "% OF TOTAL.1": null, "% OF TOTAL.2": null}, "Male population: 20 - 24 years": {"Demographic": null, "2020": 41, "2024": 39, "2029": 36, "% OF TOTAL": 5.6, "% OF TOTAL.1": null, "% OF TOTAL.2": null}, "Male population: 25 - 29 years": {"Demographic": null, "2020": 42, "2024": 38, "2029": 36, "% OF TOTAL": 5.6, "% OF TOTAL.1": null, "% OF TOTAL.2": null}, "Male population: 30 - 34 years": {"Demographic": null, "2020": 47, "2024": 46, "2029": 38, "% OF TOTAL": 5.9, "% OF TOTAL.1": null, "% OF TOTAL.2": null}, "Male population: 35 - 39 years": {"Demographic": null, "2020": 49, "2024": 46, "2029": 44, "% OF TOTAL": 6.8, "% OF TOTAL.1": null, "% OF TOTAL.2": null}, "Male population: 40 - 44 years": {"Demographic": null, "2020": 48, "2024": 46, "2029": 44, "% OF TOTAL": 6.8, "% OF TOTAL.1": null, "% OF TOTAL.2": null}, "Male population: 45 - 49 years": {"Demographic": null, "2020": 56, "2024": 50, "2029": 49, "% OF TOTAL": 7.6, "% OF TOTAL.1": null, "% OF TOTAL.2": null}, "Male population: 50 - 54 years": {"Demographic": null, "2020": 42, "2024": 40, "2029": 39, "% OF TOTAL": 6.0, "% OF TOTAL.1": null, "% OF TOTAL.2": null}, "Male population: 55 - 59 years": {"Demographic": null, "2020": 49, "2024": 43, "2029": 38, "% OF TOTAL": 5.9, "% OF TOTAL.1": null, "% OF TOTAL.2": null}, "Male population: 60 - 64 years": {"Demographic": null, "2020": 58, "2024": 52, "2029": 43, "% OF TOTAL": 6.6, "% OF TOTAL.1": null, "% OF TOTAL.2": null}, "Male population: 65 - 69 years": {"Demographic": null, "2020": 28, "2024": 27, "2029": 33, "% OF TOTAL": 5.1, "% OF TOTAL.1": null, "% OF TOTAL.2": null}, "Male population: 70 - 74 years": {"Demographic": null, "2020": 29, "2024": 29, "2029": 27, "% OF TOTAL": 4.2, "% OF TOTAL.1": null, "% OF TOTAL.2": null}, "Male population: 75 - 79 years": {"Demographic": null, "2020": 14, "2024": 15, "2029": 19, "% OF TOTAL": 2.9, "% OF TOTAL.1": null, "% OF TOTAL.2": null}, "Male population: 80 - 84 years": {"Demographic": null, "2020": 11, "2024": 12, "2029": 13, "% OF TOTAL": 2.0, "% OF TOTAL.1": null, "% OF TOTAL.2": null}, "Male population: 85 years and over": {"Demographic": null, "2020": 8, "2024": 8, "2029": 9, "% OF TOTAL": 1.4, "% OF TOTAL.1": null, "% OF TOTAL.2": null}, "White alone": {"Demographic": null, "2020": 792, "2024": 731, "2029": 683, "% OF TOTAL": 51.6, "% OF TOTAL.1": null, "% OF TOTAL.2": null}, "Black alone": {"Demographic": null, "2020": 511, "2024": 481, "2029": 456, "% OF TOTAL": 34.4, "% OF TOTAL.1": null, "% OF TOTAL.2": null}, "American Indian and Alaska Native alone": {"Demographic": null, "2020": 5, "2024": 5, "2029": 5, "% OF TOTAL": 0.4, "% OF TOTAL.1": null, "% OF TOTAL.2": null}, "Asian alone": {"Demographic": null, "2020": 92, "2024": 88, "2029": 83, "% OF TOTAL": 6.3, "% OF TOTAL.1": null, "% OF TOTAL.2": null}, "Native Hawaiian and OPI alone": {"Demographic": null, "2020": 3, "2024": 3, "2029": 3, "% OF TOTAL": 0.2, "% OF TOTAL.1": null, "% OF TOTAL.2": null}, "Some other race alone": {"Demographic": null, "2020": 20, "2024": 20, "2029": 19, "% OF TOTAL": 1.4, "% OF TOTAL.1": null, "% OF TOTAL.2": null}, "Two or more races alone": {"Demographic": null, "2020": 77, "2024": 81, "2029": 75, "% OF TOTAL": 5.7, "% OF TOTAL.1": null, "% OF TOTAL.2": null}, "Not Hispanic: White alone": {"Demographic": null, "2020": 784, "2024": 722, "2029": 674, "% OF TOTAL": 50.9, "% OF TOTAL.1": null, "% OF TOTAL.2": null}, "Not Hispanic: Black or African American alone": {"Demographic": null, "2020": 511, "2024": 481, "2029": 456, "% OF TOTAL": 34.4, "% OF TOTAL.1": null, "% OF TOTAL.2": null}, "Not Hispanic: American Indian and Alaska Native alone": {"Demographic": null, "2020": 3, "2024": 3, "2029": 3, "% OF TOTAL": 0.2, "% OF TOTAL.1": null, "% OF TOTAL.2": null}, "Not Hispanic: Asian alone": {"Demographic": null, "2020": 90, "2024": 87, "2029": 82, "% OF TOTAL": 6.2, "% OF TOTAL.1": null, "% OF TOTAL.2": null}, "Not Hispanic: Native Hawaiian and OPI alone": {"Demographic": null, "2020": 3, "2024": 3, "2029": 3, "% OF TOTAL": 0.2, "% OF TOTAL.1": null, "% OF TOTAL.2": null}, "Not Hispanic: Some Other Race alone": {"Demographic": null, "2020": 5, "2024": 5, "2029": 5, "% OF TOTAL": 0.4, "% OF TOTAL.1": null, "% OF TOTAL.2": null}, "Not Hispanic: Two or More Races": {"Demographic": null, "2020": 68, "2024": 71, "2029": 66, "% OF TOTAL": 5.0, "% OF TOTAL.1": null, "% OF TOTAL.2": null}, "Hispanic: White alone": {"Demographic": null, "2020": 8, "2024": 9, "2029": 9, "% OF TOTAL": 0.7, "% OF TOTAL.1": null, "% OF TOTAL.2": null}, "Hispanic: Black or African American alone": {"Demographic": null, "2020": 0, "2024": 0, "2029": 0, "% OF TOTAL": 0.0, "% OF TOTAL.1": null, "% OF TOTAL.2": null}, "Hispanic: American Indian and Alaska Native alone": {"Demographic": null, "2020": 2, "2024": 2, "2029": 2, "% OF TOTAL": 0.2, "% OF TOTAL.1": null, "% OF TOTAL.2": null}, "Hispanic: Asian alone": {"Demographic": null, "2020": 2, "2024": 1, "2029": 1, "% OF TOTAL": 0.1, "% OF TOTAL.1": null, "% OF TOTAL.2": null}, "Hispanic: Native Hawaiian and OPI alone": {"Demographic": null, "2020": 0, "2024": 0, "2029": 0, "% OF TOTAL": 0.0, "% OF TOTAL.1": null, "% OF TOTAL.2": null}, "Hispanic: Some Other Race alone": {"Demographic": null, "2020": 15, "2024": 15, "2029": 14, "% OF TOTAL": 1.1, "% OF TOTAL.1": null, "% OF TOTAL.2": null}, "Hispanic: Two or More Races": {"Demographic": null, "2020": 9, "2024": 10, "2029": 9, "% OF TOTAL": 0.7, "% OF TOTAL.1": null, "% OF TOTAL.2": null}, "Educational Attainment: No High School Diploma": {"Demographic": null, "2020": 87, "2024": 82, "2029": null, "% OF TOTAL": null, "% OF TOTAL.1": null, "% OF TOTAL.2": null}, "Educational Attainment: High School Diploma": {"Demographic": null, "2020": 400, "2024": 377, "2029": null, "% OF TOTAL": null, "% OF TOTAL.1": null, "% OF TOTAL.2": null}, "Educational Attainment: Some College": {"Demographic": null, "2020": 497, "2024": 469, "2029": null, "% OF TOTAL": null, "% OF TOTAL.1": null, "% OF TOTAL.2": null}, "Educational Attainment: Associates Degree": {"Demographic": null, "2020": 21, "2024": 20, "2029": null, "% OF TOTAL": null, "% OF TOTAL.1": null, "% OF TOTAL.2": null}, "Educational Attainment: Bachelors Degree": {"Demographic": null, "2020": 0, "2024": 0, "2029": null, "% OF TOTAL": null, "% OF TOTAL.1": null, "% OF TOTAL.2": null}, "Educational Attainment: Advanced Degree": {"Demographic": null, "2020": 0, "2024": 0, "2029": null, "% OF TOTAL": null, "% OF TOTAL.1": null, "% OF TOTAL.2": null}, "Employment Status: Armed Forces": {"Demographic": null, "2020": 0, "2024": 0, "2029": null, "% OF TOTAL": null, "% OF TOTAL.1": null, "% OF TOTAL.2": null}, "Employment Status: Civilian labor force employed": {"Demographic": null, "2020": 271, "2024": 260, "2029": null, "% OF TOTAL": null, "% OF TOTAL.1": null, "% OF TOTAL.2": null}, "Employment Status: Civilian labor force unemployed": {"Demographic": null, "2020": 105, "2024": 101, "2029": null, "% OF TOTAL": null, "% OF TOTAL.1": null, "% OF TOTAL.2": null}, "Employment Status: Not in labor force": {"Demographic": null, "2020": 773, "2024": 742, "2029": null, "% OF TOTAL": null, "% OF TOTAL.1": null, "% OF TOTAL.2": null}, "Employed in Agriculture and Mining Industries": {"Demographic": null, "2020": 11, "2024": 11, "2029": null, "% OF TOTAL": null, "% OF TOTAL.1": null, "% OF TOTAL.2": null}, "Employed in Construction Industries": {"Demographic": null, "2020": 0, "2024": 0, "2029": null, "% OF TOTAL": null, "% OF TOTAL.1": null, "% OF TOTAL.2": null}, "Employed in Manufacturing Industries": {"Demographic": null, "2020": 12, "2024": 12, "2029": null, "% OF TOTAL": null, "% OF TOTAL.1": null, "% OF TOTAL.2": null}, "Employed in Wholesale Industries": {"Demographic": null, "2020": 18, "2024": 17, "2029": null, "% OF TOTAL": null, "% OF TOTAL.1": null, "% OF TOTAL.2": null}, "Employed in Retail Industries": {"Demographic": null, "2020": 19, "2024": 18, "2029": null, "% OF TOTAL": null, "% OF TOTAL.1": null, "% OF TOTAL.2": null}, "Employed in Transportation and Utilities Industries": {"Demographic": null, "2020": 44, "2024": 42, "2029": null, "% OF TOTAL": null, "% OF TOTAL.1": null, "% OF TOTAL.2": null}, "Employed in Information Industries": {"Demographic": null, "2020": 0, "2024": 0, "2029": null, "% OF TOTAL": null, "% OF TOTAL.1": null, "% OF TOTAL.2": null}, "Employed in Real-Estate Industries": {"Demographic": null, "2020": 111, "2024": 107, "2029": null, "% OF TOTAL": null, "% OF TOTAL.1": null, "% OF TOTAL.2": null}, "Employed in Professional Industries": {"Demographic": null, "2020": 0, "2024": 0, "2029": null, "% OF TOTAL": null, "% OF TOTAL.1": null, "% OF TOTAL.2": null}, "Employed in Health and Education Industries": {"Demographic": null, "2020": 22, "2024": 21, "2029": null, "% OF TOTAL": null, "% OF TOTAL.1": null, "% OF TOTAL.2": null}, "Employed in Art Industries": {"Demographic": null, "2020": 0, "2024": 0, "2029": null, "% OF TOTAL": null, "% OF TOTAL.1": null, "% OF TOTAL.2": null}, "Employed in Other Industries": {"Demographic": null, "2020": 15, "2024": 14, "2029": null, "% OF TOTAL": null, "% OF TOTAL.1": null, "% OF TOTAL.2": null}, "Employed in Public Administration Industries": {"Demographic": null, "2020": 19, "2024": 18, "2029": null, "% OF TOTAL": null, "% OF TOTAL.1": null, "% OF TOTAL.2": null}, "Occupation: Management": {"Demographic": null, "2020": 0, "2024": 0, "2029": null, "% OF TOTAL": null, "% OF TOTAL.1": null, "% OF TOTAL.2": null}, "Occupation: Business and financial operations": {"Demographic": null, "2020": 0, "2024": 0, "2029": null, "% OF TOTAL": null, "% OF TOTAL.1": null, "% OF TOTAL.2": null}, "Occupation: Computer and mathematical": {"Demographic": null, "2020": 0, "2024": 0, "2029": null, "% OF TOTAL": null, "% OF TOTAL.1": null, "% OF TOTAL.2": null}, "Occupation: Architecture and engineering": {"Demographic": null, "2020": 0, "2024": 0, "2029": null, "% OF TOTAL": null, "% OF TOTAL.1": null, "% OF TOTAL.2": null}, "Occupation: Life, physical, and social science": {"Demographic": null, "2020": 0, "2024": 0, "2029": null, "% OF TOTAL": null, "% OF TOTAL.1": null, "% OF TOTAL.2": null}, "Occupation: Community and social service": {"Demographic": null, "2020": 0, "2024": 0, "2029": null, "% OF TOTAL": null, "% OF TOTAL.1": null, "% OF TOTAL.2": null}, "Occupation: Legal": {"Demographic": null, "2020": 0, "2024": 0, "2029": null, "% OF TOTAL": null, "% OF TOTAL.1": null, "% OF TOTAL.2": null}, "Occupation: Education, training, and library": {"Demographic": null, "2020": 0, "2024": 0, "2029": null, "% OF TOTAL": null, "% OF TOTAL.1": null, "% OF TOTAL.2": null}, "Occupation: Arts, design, entertainment, sports, and media": {"Demographic": null, "2020": 0, "2024": 0, "2029": null, "% OF TOTAL": null, "% OF TOTAL.1": null, "% OF TOTAL.2": null}, "Occupation: Health diagnosing and treating practitioners": {"Demographic": null, "2020": 0, "2024": 0, "2029": null, "% OF TOTAL": null, "% OF TOTAL.1": null, "% OF TOTAL.2": null}, "Occupation: Health technologists and technicians": {"Demographic": null, "2020": 0, "2024": 0, "2029": null, "% OF TOTAL": null, "% OF TOTAL.1": null, "% OF TOTAL.2": null}, "Occupation: Healthcare support": {"Demographic": null, "2020": 0, "2024": 0, "2029": null, "% OF TOTAL": null, "% OF TOTAL.1": null, "% OF TOTAL.2": null}, "Occupation: Fire fighting and prevention": {"Demographic": null, "2020": 19, "2024": 18, "2029": null, "% OF TOTAL": null, "% OF TOTAL.1": null, "% OF TOTAL.2": null}, "Occupation: Law enforcement workers": {"Demographic": null, "2020": 0, "2024": 0, "2029": null, "% OF TOTAL": null, "% OF TOTAL.1": null, "% OF TOTAL.2": null}, "Occupation: Food preparation and serving related": {"Demographic": null, "2020": 0, "2024": 0, "2029": null, "% OF TOTAL": null, "% OF TOTAL.1": null, "% OF TOTAL.2": null}, "Occupation: Building and grounds cleaning and maintenance": {"Demographic": null, "2020": 0, "2024": 0, "2029": null, "% OF TOTAL": null, "% OF TOTAL.1": null, "% OF TOTAL.2": null}, "Occupation: Personal care and service": {"Demographic": null, "2020": 0, "2024": 0, "2029": null, "% OF TOTAL": null, "% OF TOTAL.1": null, "% OF TOTAL.2": null}, "Occupation: Sales and related": {"Demographic": null, "2020": 148, "2024": 142, "2029": null, "% OF TOTAL": null, "% OF TOTAL.1": null, "% OF TOTAL.2": null}, "Occupation: Office and administrative support": {"Demographic": null, "2020": 48, "2024": 46, "2029": null, "% OF TOTAL": null, "% OF TOTAL.1": null, "% OF TOTAL.2": null}, "Occupation: Farming, fishing, and forestry": {"Demographic": null, "2020": 0, "2024": 0, "2029": null, "% OF TOTAL": null, "% OF TOTAL.1": null, "% OF TOTAL.2": null}, "Occupation: Construction and extraction": {"Demographic": null, "2020": 0, "2024": 0, "2029": null, "% OF TOTAL": null, "% OF TOTAL.1": null, "% OF TOTAL.2": null}, "Occupation: Installation, maintenance, and repair": {"Demographic": null, "2020": 0, "2024": 0, "2029": null, "% OF TOTAL": null, "% OF TOTAL.1": null, "% OF TOTAL.2": null}, "Occupation: Production": {"Demographic": null, "2020": 12, "2024": 12, "2029": null, "% OF TOTAL": null, "% OF TOTAL.1": null, "% OF TOTAL.2": null}, "Occupation: Transportation": {"Demographic": null, "2020": 21, "2024": 20, "2029": null, "% OF TOTAL": null, "% OF TOTAL.1": null, "% OF TOTAL.2": null}, "Occupation: Material moving": {"Demographic": null, "2020": 23, "2024": 22, "2029": null, "% OF TOTAL": null, "% OF TOTAL.1": null, "% OF TOTAL.2": null}, "White collar": {"Demographic": null, "2020": 196, "2024": 188, "2029": null, "% OF TOTAL": null, "% OF TOTAL.1": null, "% OF TOTAL.2": null}, "Blue collar": {"Demographic": null, "2020": 75, "2024": 72, "2029": null, "% OF TOTAL": null, "% OF TOTAL.1": null, "% OF TOTAL.2": null}, "Means of transportation: Car, truck or van": {"Demographic": null, "2020": 271, "2024": 260, "2029": null, "% OF TOTAL": null, "% OF TOTAL.1": null, "% OF TOTAL.2": null}, "Means of transportation: Public transportation": {"Demographic": null, "2020": 0, "2024": 0, "2029": null, "% OF TOTAL": null, "% OF TOTAL.1": null, "% OF TOTAL.2": null}, "Means of transportation: Other": {"Demographic": null, "2020": 0, "2024": 0, "2029": null, "% OF TOTAL": null, "% OF TOTAL.1": null, "% OF TOTAL.2": null}, "Travel time: Average (in minutes)": {"Demographic": null, "2020": 23, "2024": 23, "2029": null, "% OF TOTAL": null, "% OF TOTAL.1": null, "% OF TOTAL.2": null}, "Travel time to work: Less than 30 minutes": {"Demographic": null, "2020": 197, "2024": 189, "2029": null, "% OF TOTAL": null, "% OF TOTAL.1": null, "% OF TOTAL.2": null}, "Travel time to work: 30 to 60 minutes": {"Demographic": null, "2020": 74, "2024": 71, "2029": null, "% OF TOTAL": null, "% OF TOTAL.1": null, "% OF TOTAL.2": null}, "Travel time to work: 60 or more minutes": {"Demographic": null, "2020": 0, "2024": 0, "2029": null, "% OF TOTAL": null, "% OF TOTAL.1": null, "% OF TOTAL.2": null}}, "demographic_snapshot": {"Total Population": {"Demographic": null, "2020": 1500, "2024": 1409, "2029": 1324, "% OF TOTAL": null, "% OF TOTAL.1": null, "% OF TOTAL.2": null}, "Households": {"Demographic": null, "2020": 537, "2024": 510, "2029": 486, "% OF TOTAL": null, "% OF TOTAL.1": null, "% OF TOTAL.2": null}, "Population in Group Quarters": {"Demographic": null, "2020": 0, "2024": 0, "2029": 0, "% OF TOTAL": null, "% OF TOTAL.1": null, "% OF TOTAL.2": null}, "Households Growth": {"Demographic": null, "2020": null, "2024": -5.0, "2029": -4.7, "% OF TOTAL": null, "% OF TOTAL.1": null, "% OF TOTAL.2": null}, "Household Income: Median": {"Demographic": null, "2020": 0, "2024": 68634, "2029": 72195, "% OF TOTAL": null, "% OF TOTAL.1": null, "% OF TOTAL.2": null}, "Home Value: Median": {"Demographic": null, "2020": 135753, "2024": 135735, "2029": null, "% OF TOTAL": null, "% OF TOTAL.1": null, "% OF TOTAL.2": null}, "Population Growth": {"Demographic": null, "2020": null, "2024": -6.1, "2029": -6.0, "% OF TOTAL": null, "% OF TOTAL.1": null, "% OF TOTAL.2": null}, "Total Population: Under 19 years": {"Demographic": null, "2020": 425, "2024": 394, "2029": 349, "% OF TOTAL": 26.4, "% OF TOTAL.1": null, "% OF TOTAL.2": null}, "Total Population: 20 - 64 years": {"Demographic": null, "2020": 864, "2024": 800, "2029": 736, "% OF TOTAL": 55.6, "% OF TOTAL.1": null, "% OF TOTAL.2": null}, "Total Population: 65 years and over": {"Demographic": null, "2020": 211, "2024": 215, "2029": 239, "% OF TOTAL": 18.1, "% OF TOTAL.1": null, "% OF TOTAL.2": null}, "Total population: Median age": {"Demographic": null, "2020": 37, "2024": 38, "2029": 39, "% OF TOTAL": null, "% OF TOTAL.1": null, "% OF TOTAL.2": null}, "Total population: Under 5 years": {"Demographic": null, "2020": 91, "2024": 80, "2029": 72, "% OF TOTAL": 5.4, "% OF TOTAL.1": null, "% OF TOTAL.2": null}, "Total population: 5 - 9 years": {"Demographic": null, "2020": 110, "2024": 104, "2029": 87, "% OF TOTAL": 6.6, "% OF TOTAL.1": null, "% OF TOTAL.2": null}, "Total population: 10 - 14 years": {"Demographic": null, "2020": 128, "2024": 115, "2029": 101, "% OF TOTAL": 7.6, "% OF TOTAL.1": null, "% OF TOTAL.2": null}, "Total population: 15 - 19 years": {"Demographic": null, "2020": 96, "2024": 95, "2029": 89, "% OF TOTAL": 6.7, "% OF TOTAL.1": null, "% OF TOTAL.2": null}, "Total population: 20 - 24 years": {"Demographic": null, "2020": 70, "2024": 67, "2029": 69, "% OF TOTAL": 5.2, "% OF TOTAL.1": null, "% OF TOTAL.2": null}, "Total population: 25 - 29 years": {"Demographic": null, "2020": 92, "2024": 82, "2029": 73, "% OF TOTAL": 5.5, "% OF TOTAL.1": null, "% OF TOTAL.2": null}, "Total population: 30 - 34 years": {"Demographic": null, "2020": 107, "2024": 102, "2029": 85, "% OF TOTAL": 6.4, "% OF TOTAL.1": null, "% OF TOTAL.2": null}, "Total population: 35 - 39 years": {"Demographic": null, "2020": 95, "2024": 87, "2029": 88, "% OF TOTAL": 6.6, "% OF TOTAL.1": null, "% OF TOTAL.2": null}, "Total population: 40 - 44 years": {"Demographic": null, "2020": 88, "2024": 87, "2029": 84, "% OF TOTAL": 6.3, "% OF TOTAL.1": null, "% OF TOTAL.2": null}, "Total population: 45 - 49 years": {"Demographic": null, "2020": 108, "2024": 98, "2029": 93, "% OF TOTAL": 7.0, "% OF TOTAL.1": null, "% OF TOTAL.2": null}, "Total population: 50 - 54 years": {"Demographic": null, "2020": 77, "2024": 73, "2029": 74, "% OF TOTAL": 5.6, "% OF TOTAL.1": null, "% OF TOTAL.2": null}, "Total population: 55 - 59 years": {"Demographic": null, "2020": 101, "2024": 89, "2029": 76, "% OF TOTAL": 5.7, "% OF TOTAL.1": null, "% OF TOTAL.2": null}, "Total population: 60 - 64 years": {"Demographic": null, "2020": 126, "2024": 115, "2029": 94, "% OF TOTAL": 7.1, "% OF TOTAL.1": null, "% OF TOTAL.2": null}, "Total population: 65 - 69 years": {"Demographic": null, "2020": 80, "2024": 78, "2029": 84, "% OF TOTAL": 6.3, "% OF TOTAL.1": null, "% OF TOTAL.2": null}, "Total population: 70 - 74 years": {"Demographic": null, "2020": 58, "2024": 58, "2029": 62, "% OF TOTAL": 4.7, "% OF TOTAL.1": null, "% OF TOTAL.2": null}, "Total population: 75 - 79 years": {"Demographic": null, "2020": 40, "2024": 44, "2029": 48, "% OF TOTAL": 3.6, "% OF TOTAL.1": null, "% OF TOTAL.2": null}, "Total population: 80 - 84 years": {"Demographic": null, "2020": 21, "2024": 23, "2029": 30, "% OF TOTAL": 2.3, "% OF TOTAL.1": null, "% OF TOTAL.2": null}, "Total population: 85 years and over": {"Demographic": null, "2020": 12, "2024": 12, "2029": 15, "% OF TOTAL": 1.1, "% OF TOTAL.1": null, "% OF TOTAL.2": null}, "Householders Age 15-24": {"Demographic": null, "2020": 15, "2024": 15, "2029": 15, "% OF TOTAL": 3.1, "% OF TOTAL.1": null, "% OF TOTAL.2": null}, "Householders Age 25-34": {"Demographic": null, "2020": 67, "2024": 64, "2029": 54, "% OF TOTAL": 11.1, "% OF TOTAL.1": null, "% OF TOTAL.2": null}, "Householders Age 35-44": {"Demographic": null, "2020": 100, "2024": 95, "2029": 92, "% OF TOTAL": 18.9, "% OF TOTAL.1": null, "% OF TOTAL.2": null}, "Householders Age 45-54": {"Demographic": null, "2020": 102, "2024": 97, "2029": 93, "% OF TOTAL": 19.1, "% OF TOTAL.1": null, "% OF TOTAL.2": null}, "Householders Age 55-64": {"Demographic": null, "2020": 113, "2024": 107, "2029": 88, "% OF TOTAL": 18.1, "% OF TOTAL.1": null, "% OF TOTAL.2": null}, "Householders Age 65-74": {"Demographic": null, "2020": 86, "2024": 81, "2029": 85, "% OF TOTAL": 17.5, "% OF TOTAL.1": null, "% OF TOTAL.2": null}, "Householders Age 75+": {"Demographic": null, "2020": 54, "2024": 51, "2029": 59, "% OF TOTAL": 12.1, "% OF TOTAL.1": null, "% OF TOTAL.2": null}, "Household income: Average": {"Demographic": null, "2020": 66248, "2024": 66353, "2029": 68791, "% OF TOTAL": null, "% OF TOTAL.1": null, "% OF TOTAL.2": null}, "Household income: Less than 25k": {"Demographic": null, "2020": 59, "2024": 42, "2029": 52, "% OF TOTAL": 10.7, "% OF TOTAL.1": null, "% OF TOTAL.2": null}, "Household income: 25k - 50k": {"Demographic": null, "2020": 61, "2024": 58, "2029": 34, "% OF TOTAL": 7.0, "% OF TOTAL.1": null, "% OF TOTAL.2": null}, "Household income: 50k - 75k": {"Demographic": null, "2020": 207, "2024": 228, "2029": 180, "% OF TOTAL": 37.0, "% OF TOTAL.1": null, "% OF TOTAL.2": null}, "Household income: 75k - 100k": {"Demographic": null, "2020": 187, "2024": 161, "2029": 191, "% OF TOTAL": 39.3, "% OF TOTAL.1": null, "% OF TOTAL.2": null}, "Household income: 100k - 125k": {"Demographic": null, "2020": 23, "2024": 21, "2029": 29, "% OF TOTAL": 6.0, "% OF TOTAL.1": null, "% OF TOTAL.2": null}, "Household income: 125k - 150k": {"Demographic": null, "2020": 0, "2024": 0, "2029": 0, "% OF TOTAL": 0.0, "% OF TOTAL.1": null, "% OF TOTAL.2": null}, "Household income: 150k - 200k": {"Demographic": null, "2020": 0, "2024": 0, "2029": 0, "% OF TOTAL": 0.0, "% OF TOTAL.1": null, "% OF TOTAL.2": null}, "Household income: Above 200k": {"Demographic": null, "2020": 0, "2024": 0, "2029": 0, "% OF TOTAL": 0.0, "% OF TOTAL.1": null, "% OF TOTAL.2": null}, "White Alone": {"Demographic": null, "2020": 792, "2024": 731, "2029": 683, "% OF TOTAL": 51.6, "% OF TOTAL.1": null, "% OF TOTAL.2": null}, "Black or African American Alone": {"Demographic": null, "2020": 511, "2024": 481, "2029": 456, "% OF TOTAL": 34.4, "% OF TOTAL.1": null, "% OF TOTAL.2": null}, "American Indian and Alaska Native Alone": {"Demographic": null, "2020": 5, "2024": 5, "2029": 5, "% OF TOTAL": 0.4, "% OF TOTAL.1": null, "% OF TOTAL.2": null}, "Asian Alone": {"Demographic": null, "2020": 92, "2024": 88, "2029": 83, "% OF TOTAL": 6.3, "% OF TOTAL.1": null, "% OF TOTAL.2": null}, "Native Hawaiian and OPI Alone": {"Demographic": null, "2020": 3, "2024": 3, "2029": 3, "% OF TOTAL": 0.2, "% OF TOTAL.1": null, "% OF TOTAL.2": null}, "Some Other Race Alone": {"Demographic": null, "2020": 20, "2024": 20, "2029": 19, "% OF TOTAL": 1.4, "% OF TOTAL.1": null, "% OF TOTAL.2": null}, "Two or More Races Alone": {"Demographic": null, "2020": 77, "2024": 81, "2029": 75, "% OF TOTAL": 5.7, "% OF TOTAL.1": null, "% OF TOTAL.2": null}, "Not Hispanic or Latino": {"Demographic": null, "2020": 1464, "2024": 1372, "2029": 1289, "% OF TOTAL": 97.4, "% OF TOTAL.1": null, "% OF TOTAL.2": null}, "Hispanic or Latino": {"Demographic": null, "2020": 36, "2024": 37, "2029": 35, "% OF TOTAL": 2.6, "% OF TOTAL.1": null, "% OF TOTAL.2": null}, "Total Housing Units": {"Demographic": null, "2020": 600, "2024": null, "2029": null, "% OF TOTAL": null, "% OF TOTAL.1": null, "% OF TOTAL.2": null}, "Owner Occupied Housing Units": {"Demographic": null, "2020": 432, "2024": 410, "2029": null, "% OF TOTAL": null, "% OF TOTAL.1": null, "% OF TOTAL.2": null}, "Renter Occupied Housing Units": {"Demographic": null, "2020": 105, "2024": 100, "2029": null, "% OF TOTAL": null, "% OF TOTAL.1": null, "% OF TOTAL.2": null}, "Housing Units Value Less Than 100k": {"Demographic": null, "2020": 114, "2024": 108, "2029": null, "% OF TOTAL": null, "% OF TOTAL.1": null, "% OF TOTAL.2": null}, "Housing Units Value 100k - 200k": {"Demographic": null, "2020": 238, "2024": 226, "2029": null, "% OF TOTAL": null, "% OF TOTAL.1": null, "% OF TOTAL.2": null}, "Housing Units Value 200k - 250k": {"Demographic": null, "2020": 20, "2024": 19, "2029": null, "% OF TOTAL": null, "% OF TOTAL.1": null, "% OF TOTAL.2": null}, "Housing Units Value 250k - 300k": {"Demographic": null, "2020": 32, "2024": 30, "2029": null, "% OF TOTAL": null, "% OF TOTAL.1": null, "% OF TOTAL.2": null}, "Housing Units Value 300k - 400k": {"Demographic": null, "2020": 21, "2024": 20, "2029": null, "% OF TOTAL": null, "% OF TOTAL.1": null, "% OF TOTAL.2": null}, "Housing Units Value 400k - 500k": {"Demographic": null, "2020": 0, "2024": 0, "2029": null, "% OF TOTAL": null, "% OF TOTAL.1": null, "% OF TOTAL.2": null}, "Housing Units Value 500k - 750k": {"Demographic": null, "2020": 0, "2024": 0, "2029": null, "% OF TOTAL": null, "% OF TOTAL.1": null, "% OF TOTAL.2": null}, "Housing Units Value 750k - 1m": {"Demographic": null, "2020": 0, "2024": 0, "2029": null, "% OF TOTAL": null, "% OF TOTAL.1": null, "% OF TOTAL.2": null}, "Housing Units Value 1m - 1.5m": {"Demographic": null, "2020": 7, "2024": 7, "2029": null, "% OF TOTAL": null, "% OF TOTAL.1": null, "% OF TOTAL.2": null}, "Housing Units Value 1.5m - 2m": {"Demographic": null, "2020": 0, "2024": 0, "2029": null, "% OF TOTAL": null, "% OF TOTAL.1": null, "% OF TOTAL.2": null}, "Housing Units Value >2m": {"Demographic": null, "2020": 0, "2024": 0, "2029": null, "% OF TOTAL": null, "% OF TOTAL.1": null, "% OF TOTAL.2": null}, "Take Car or Truck to Work": {"Demographic": null, "2020": 271, "2024": 260, "2029": null, "% OF TOTAL": null, "% OF TOTAL.1": null, "% OF TOTAL.2": null}, "Take Public Transportation to Work": {"Demographic": null, "2020": 0, "2024": 0, "2029": null, "% OF TOTAL": null, "% OF TOTAL.1": null, "% OF TOTAL.2": null}, "Take Other Means of Transportation to Work": {"Demographic": null, "2020": 0, "2024": 0, "2029": null, "% OF TOTAL": null, "% OF TOTAL.1": null, "% OF TOTAL.2": null}, "Average Travel Time (min)": {"Demographic": null, "2020": 23, "2024": 23, "2029": null, "% OF TOTAL": null, "% OF TOTAL.1": null, "% OF TOTAL.2": null}, "Travel Below 30 Min to Work": {"Demographic": null, "2020": 197, "2024": 189, "2029": null, "% OF TOTAL": null, "% OF TOTAL.1": null, "% OF TOTAL.2": null}, "Travel 30-60 Min to Work": {"Demographic": null, "2020": 74, "2024": 71, "2029": null, "% OF TOTAL": null, "% OF TOTAL.1": null, "% OF TOTAL.2": null}, "Travel Above 60 Min to Work": {"Demographic": null, "2020": 23, "2024": 0, "2029": null, "% OF TOTAL": null, "% OF TOTAL.1": null, "% OF TOTAL.2": null}, "Educational Attainment: No High School Diploma": {"Demographic": null, "2020": 487, "2024": 459, "2029": null, "% OF TOTAL": null, "% OF TOTAL.1": null, "% OF TOTAL.2": null}, "Educational Attainment: High School Diploma": {"Demographic": null, "2020": 400, "2024": 377, "2029": null, "% OF TOTAL": null, "% OF TOTAL.1": null, "% OF TOTAL.2": null}, "Educational Attainment: Some College": {"Demographic": null, "2020": 518, "2024": 489, "2029": null, "% OF TOTAL": null, "% OF TOTAL.1": null, "% OF TOTAL.2": null}, "Educational Attainment: Associate's Degree": {"Demographic": null, "2020": 21, "2024": 20, "2029": null, "% OF TOTAL": null, "% OF TOTAL.1": null, "% OF TOTAL.2": null}, "Educational Attainment: Bachelors Degree": {"Demographic": null, "2020": 0, "2024": 0, "2029": null, "% OF TOTAL": null, "% OF TOTAL.1": null, "% OF TOTAL.2": null}, "Educational Attainment: Advanced Degree": {"Demographic": null, "2020": 0, "2024": 0, "2029": null, "% OF TOTAL": null, "% OF TOTAL.1": null, "% OF TOTAL.2": null}, "Households: Number of vehicles available - Average": {"Demographic": null, "2020": 1, "2024": 1, "2029": null, "% OF TOTAL": null, "% OF TOTAL.1": null, "% OF TOTAL.2": null}, "Households: No Vehicle available": {"Demographic": null, "2020": 36, "2024": 34, "2029": null, "% OF TOTAL": null, "% OF TOTAL.1": null, "% OF TOTAL.2": null}, "Households: 1 Vehicle available": {"Demographic": null, "2020": 130, "2024": 123, "2029": null, "% OF TOTAL": null, "% OF TOTAL.1": null, "% OF TOTAL.2": null}, "Households: 2 Vehicles available": {"Demographic": null, "2020": 266, "2024": 253, "2029": null, "% OF TOTAL": null, "% OF TOTAL.1": null, "% OF TOTAL.2": null}, "Households: 3 Vehicles available": {"Demographic": null, "2020": 82, "2024": 78, "2029": null, "% OF TOTAL": null, "% OF TOTAL.1": null, "% OF TOTAL.2": null}, "Households: 4 or more Vehicles available": {"Demographic": null, "2020": 23, "2024": 22, "2029": null, "% OF TOTAL": null, "% OF TOTAL.1": null, "% OF TOTAL.2": null}}, "household_trends": {"Households": {"Demographic": null, "2020": 537, "2024": 510, "2029": 486, "% OF TOTAL": null, "% OF TOTAL.1": null, "% OF TOTAL.2": null}, "Households Growth": {"Demographic": null, "2020": null, "2024": -5.0, "2029": -4.7, "% OF TOTAL": null, "% OF TOTAL.1": null, "% OF TOTAL.2": null}, "Householder Age 15-24": {"Demographic": null, "2020": 15, "2024": 15, "2029": 15, "% OF TOTAL": 3.1, "% OF TOTAL.1": null, "% OF TOTAL.2": null}, "Householder Age 25-34": {"Demographic": null, "2020": 67, "2024": 64, "2029": 54, "% OF TOTAL": 11.1, "% OF TOTAL.1": null, "% OF TOTAL.2": null}, "Householder Age 35-44": {"Demographic": null, "2020": 100, "2024": 95, "2029": 92, "% OF TOTAL": 18.9, "% OF TOTAL.1": null, "% OF TOTAL.2": null}, "Householder Age 45-54": {"Demographic": null, "2020": 102, "2024": 97, "2029": 93, "% OF TOTAL": 19.1, "% OF TOTAL.1": null, "% OF TOTAL.2": null}, "Householder Age 55-64": {"Demographic": null, "2020": 113, "2024": 107, "2029": 88, "% OF TOTAL": 18.1, "% OF TOTAL.1": null, "% OF TOTAL.2": null}, "Householder Age 65-74": {"Demographic": null, "2020": 86, "2024": 81, "2029": 85, "% OF TOTAL": 17.5, "% OF TOTAL.1": null, "% OF TOTAL.2": null}, "Householder Age 75+": {"Demographic": null, "2020": 54, "2024": 51, "2029": 59, "% OF TOTAL": 12.1, "% OF TOTAL.1": null, "% OF TOTAL.2": null}, "Average Household Size": {"Demographic": null, "2020": 2.8, "2024": 2.8, "2029": 2.7, "% OF TOTAL": null, "% OF TOTAL.1": null, "% OF TOTAL.2": null}, "1 Person Households": {"Demographic": null, "2020": 122, "2024": 113, "2029": 111, "% OF TOTAL": 22.8, "% OF TOTAL.1": null, "% OF TOTAL.2": null}, "2 Person Households": {"Demographic": null, "2020": 166, "2024": 153, "2029": 149, "% OF TOTAL": 30.7, "% OF TOTAL.1": null, "% OF TOTAL.2": null}, "3 Person Households": {"Demographic": null, "2020": 109, "2024": 102, "2029": 98, "% OF TOTAL": 20.2, "% OF TOTAL.1": null, "% OF TOTAL.2": null}, "4 Person Households": {"Demographic": null, "2020": 77, "2024": 78, "2029": 70, "% OF TOTAL": 14.4, "% OF TOTAL.1": null, "% OF TOTAL.2": null}, "5 Person Households": {"Demographic": null, "2020": 28, "2024": 29, "2029": 26, "% OF TOTAL": 5.3, "% OF TOTAL.1": null, "% OF TOTAL.2": null}, "6 Person Households": {"Demographic": null, "2020": 17, "2024": 17, "2029": 15, "% OF TOTAL": 3.1, "% OF TOTAL.1": null, "% OF TOTAL.2": null}, "7+ Person Households": {"Demographic": null, "2020": 18, "2024": 18, "2029": 17, "% OF TOTAL": 3.5, "% OF TOTAL.1": null, "% OF TOTAL.2": null}, "Household Type: Family": {"Demographic": null, "2020": 382, "2024": 363, "2029": null, "% OF TOTAL": null, "% OF TOTAL.1": null, "% OF TOTAL.2": null}, "Household Type: Married Family": {"Demographic": null, "2020": 247, "2024": 234, "2029": null, "% OF TOTAL": null, "% OF TOTAL.1": null, "% OF TOTAL.2": null}, "Household Type: Married Family With Children": {"Demographic": null, "2020": 91, "2024": 86, "2029": null, "% OF TOTAL": null, "% OF TOTAL.1": null, "% OF TOTAL.2": null}, "Household Type: Married Family Without Children": {"Demographic": null, "2020": 156, "2024": 148, "2029": null, "% OF TOTAL": null, "% OF TOTAL.1": null, "% OF TOTAL.2": null}, "Household Type: Other Family": {"Demographic": null, "2020": 135, "2024": 129, "2029": null, "% OF TOTAL": null, "% OF TOTAL.1": null, "% OF TOTAL.2": null}, "Household Type: Male Households, No Wife": {"Demographic": null, "2020": 32, "2024": 30, "2029": null, "% OF TOTAL": null, "% OF TOTAL.1": null, "% OF TOTAL.2": null}, "Household Type: Male Households, No Wife With Children": {"Demographic": null, "2020": 16, "2024": 15, "2029": null, "% OF TOTAL": null, "% OF TOTAL.1": null, "% OF TOTAL.2": null}, "Household Type: Male Households, No Wife Without Children": {"Demographic": null, "2020": 16, "2024": 15, "2029": null, "% OF TOTAL": null, "% OF TOTAL.1": null, "% OF TOTAL.2": null}, "Household Type: Female Households, No Husband": {"Demographic": null, "2020": 103, "2024": 99, "2029": null, "% OF TOTAL": null, "% OF TOTAL.1": null, "% OF TOTAL.2": null}, "Household Type: Female Households, No Husband With Children": {"Demographic": null, "2020": 42, "2024": 41, "2029": null, "% OF TOTAL": null, "% OF TOTAL.1": null, "% OF TOTAL.2": null}, "Household Type: Female Households, No Husband Without Children": {"Demographic": null, "2020": 61, "2024": 58, "2029": null, "% OF TOTAL": null, "% OF TOTAL.1": null, "% OF TOTAL.2": null}, "Household Income: Average": {"Demographic": null, "2020": 66248, "2024": 66353, "2029": 68791, "% OF TOTAL": null, "% OF TOTAL.1": null, "% OF TOTAL.2": null}, "Household Income: Median": {"Demographic": null, "2020": 0, "2024": 68634, "2029": 72195, "% OF TOTAL": null, "% OF TOTAL.1": null, "% OF TOTAL.2": null}, "Household Income: Less than $25k": {"Demographic": null, "2020": 59, "2024": 42, "2029": 52, "% OF TOTAL": 10.7, "% OF TOTAL.1": null, "% OF TOTAL.2": null}, "Household Income: $25k - $50k": {"Demographic": null, "2020": 61, "2024": 58, "2029": 34, "% OF TOTAL": 7.0, "% OF TOTAL.1": null, "% OF TOTAL.2": null}, "Household Income: $50k - $75k": {"Demographic": null, "2020": 207, "2024": 228, "2029": 180, "% OF TOTAL": 37.0, "% OF TOTAL.1": null, "% OF TOTAL.2": null}, "Household Income: $75k - $100k": {"Demographic": null, "2020": 187, "2024": 161, "2029": 191, "% OF TOTAL": 39.3, "% OF TOTAL.1": null, "% OF TOTAL.2": null}, "Household Income: $100k - $125k": {"Demographic": null, "2020": 23, "2024": 21, "2029": 29, "% OF TOTAL": 6.0, "% OF TOTAL.1": null, "% OF TOTAL.2": null}, "Household Income: $125k - $150k": {"Demographic": null, "2020": 0, "2024": 0, "2029": 0, "% OF TOTAL": 0.0, "% OF TOTAL.1": null, "% OF TOTAL.2": null}, "Household Income: $150k - $200k": {"Demographic": null, "2020": 0, "2024": 0, "2029": 0, "% OF TOTAL": 0.0, "% OF TOTAL.1": null, "% OF TOTAL.2": null}, "Household Income: Above $200k": {"Demographic": null, "2020": 0, "2024": 0, "2029": 0, "% OF TOTAL": 0.0, "% OF TOTAL.1": null, "% OF TOTAL.2": null}, "Total Housing Units": {"Demographic": null, "2020": 600, "2024": null, "2029": null, "% OF TOTAL": null, "% OF TOTAL.1": null, "% OF TOTAL.2": null}, "Owner Occupied Housing Units": {"Demographic": null, "2020": 432, "2024": 410, "2029": null, "% OF TOTAL": null, "% OF TOTAL.1": null, "% OF TOTAL.2": null}, "Renter Occupied Housing Units": {"Demographic": null, "2020": 105, "2024": 100, "2029": null, "% OF TOTAL": null, "% OF TOTAL.1": null, "% OF TOTAL.2": null}, "Vacant Housing Units": {"Demographic": null, "2020": 63, "2024": null, "2029": null, "% OF TOTAL": null, "% OF TOTAL.1": null, "% OF TOTAL.2": null}, "Vacant Housing Units: Seasonal": {"Demographic": null, "2020": 4, "2024": null, "2029": null, "% OF TOTAL": null, "% OF TOTAL.1": null, "% OF TOTAL.2": null}, "Vacant Housing Units: Other Usage": {"Demographic": null, "2020": 59, "2024": null, "2029": null, "% OF TOTAL": null, "% OF TOTAL.1": null, "% OF TOTAL.2": null}, "Average Housing Unit Value": {"Demographic": null, "2020": 161302, "2024": 162177, "2029": null, "% OF TOTAL": null, "% OF TOTAL.1": null, "% OF TOTAL.2": null}, "Median Housing Unit Value": {"Demographic": null, "2020": 135753, "2024": 135735, "2029": null, "% OF TOTAL": null, "% OF TOTAL.1": null, "% OF TOTAL.2": null}, "Housing Unit Value Less Than $100k": {"Demographic": null, "2020": 114, "2024": 108, "2029": null, "% OF TOTAL": null, "% OF TOTAL.1": null, "% OF TOTAL.2": null}, "Housing Unit Value $100k-$200k": {"Demographic": null, "2020": 238, "2024": 226, "2029": null, "% OF TOTAL": null, "% OF TOTAL.1": null, "% OF TOTAL.2": null}, "Housing Unit Value $200k-$250k": {"Demographic": null, "2020": 20, "2024": 19, "2029": null, "% OF TOTAL": null, "% OF TOTAL.1": null, "% OF TOTAL.2": null}, "Housing Unit Value $250k-$300k": {"Demographic": null, "2020": 32, "2024": 30, "2029": null, "% OF TOTAL": null, "% OF TOTAL.1": null, "% OF TOTAL.2": null}, "Housing Unit Value $300k-$400k": {"Demographic": null, "2020": 21, "2024": 20, "2029": null, "% OF TOTAL": null, "% OF TOTAL.1": null, "% OF TOTAL.2": null}, "Housing Unit Value $400k-$500k": {"Demographic": null, "2020": 0, "2024": 0, "2029": null, "% OF TOTAL": null, "% OF TOTAL.1": null, "% OF TOTAL.2": null}, "Housing Unit Value $500k-$750k": {"Demographic": null, "2020": 0, "2024": 0, "2029": null, "% OF TOTAL": null, "% OF TOTAL.1": null, "% OF TOTAL.2": null}, "Housing Unit Value $750k-$1m": {"Demographic": null, "2020": 0, "2024": 0, "2029": null, "% OF TOTAL": null, "% OF TOTAL.1": null, "% OF TOTAL.2": null}, "Housing Unit Value $1m-$1.5m": {"Demographic": null, "2020": 7, "2024": 7, "2029": null, "% OF TOTAL": null, "% OF TOTAL.1": null, "% OF TOTAL.2": null}, "Housing Unit Value $1.5m-$2m": {"Demographic": null, "2020": 0, "2024": 0, "2029": null, "% OF TOTAL": null, "% OF TOTAL.1": null, "% OF TOTAL.2": null}, "Housing Unit Value Above $2m": {"Demographic": null, "2020": 0, "2024": 0, "2029": null, "% OF TOTAL": null, "% OF TOTAL.1": null, "% OF TOTAL.2": null}, "Median Housing Unit Year Built": {"Demographic": null, "2020": 2003, "2024": 2003, "2029": null, "% OF TOTAL": null, "% OF TOTAL.1": null, "% OF TOTAL.2": null}, "Housing Units Built 2014 Or After": {"Demographic": null, "2020": 0, "2024": 0, "2029": null, "% OF TOTAL": null, "% OF TOTAL.1": null, "% OF TOTAL.2": null}, "Housing Units Built 2010-2013": {"Demographic": null, "2020": 202, "2024": 192, "2029": null, "% OF TOTAL": null, "% OF TOTAL.1": null, "% OF TOTAL.2": null}, "Housing Units Built 2000-2009": {"Demographic": null, "2020": 95, "2024": 90, "2029": null, "% OF TOTAL": null, "% OF TOTAL.1": null, "% OF TOTAL.2": null}, "Housing Units Built 1990-1999": {"Demographic": null, "2020": 120, "2024": 114, "2029": null, "% OF TOTAL": null, "% OF TOTAL.1": null, "% OF TOTAL.2": null}, "Housing Units Built 1980-1989": {"Demographic": null, "2020": 39, "2024": 37, "2029": null, "% OF TOTAL": null, "% OF TOTAL.1": null, "% OF TOTAL.2": null}, "Housing Units Built 1970-1979": {"Demographic": null, "2020": 53, "2024": 50, "2029": null, "% OF TOTAL": null, "% OF TOTAL.1": null, "% OF TOTAL.2": null}, "Housing Units Built 1960-1969": {"Demographic": null, "2020": 24, "2024": 23, "2029": null, "% OF TOTAL": null, "% OF TOTAL.1": null, "% OF TOTAL.2": null}, "Housing Units Built 1950-1959": {"Demographic": null, "2020": 3, "2024": 3, "2029": null, "% OF TOTAL": null, "% OF TOTAL.1": null, "% OF TOTAL.2": null}, "Housing Units Built 1940-1949": {"Demographic": null, "2020": 0, "2024": 0, "2029": null, "% OF TOTAL": null, "% OF TOTAL.1": null, "% OF TOTAL.2": null}, "Housing Units Built Before 1940": {"Demographic": null, "2020": 1, "2024": 1, "2029": null, "% OF TOTAL": null, "% OF TOTAL.1": null, "% OF TOTAL.2": null}}}, "geometry": {"type": "Polygon", "coordinates": [[[-88.297296, 30.44137], [-88.297681, 30.470408], [-88.264158, 30.470738], [-88.263783, 30.441699], [-88.297296, 30.44137]]]}}, {"type": "Feature", "properties": {"block": "025", "block_num": 25, "CentroidLon": -88.24721111571904, "CentroidLat": 30.456379470324414, "data_status": "no data", "is_anomalous": false, "anomaly_reason": null, "files_present": ""}, "geometry": {"type": "Polygon", "coordinates": [[[-88.263783, 30.441699], [-88.264158, 30.470738], [-88.230634, 30.471058], [-88.230269, 30.44202], [-88.263783, 30.441699]]]}}, {"type": "Feature", "properties": {"block": "026", "block_num": 26, "CentroidLon": -88.21369192006556, "CentroidLat": 30.45669547298691, "data_status": "usable", "is_anomalous": false, "anomaly_reason": null, "files_present": "DemographicSnapshot-26.08.06.csv;PopulationTrends-26.08.06.csv;HouseholdTrends-26.08.06.csv;HouseholdIncomeByAge-26.08.06.csv;ConsumerSegmentation-26.08.06.csv", "population_2024": 3040, "population_2029": 2877, "households_2024": 1088, "households_2029": 1044, "median_household_income_2024": 60099, "median_household_income_2029": 91319, "mean_household_income_2024": null, "mean_household_income_2029": null, "median_age_2024": 39, "median_age_2029": 41, "median_home_value_2024": 99257, "average_household_size_2024": 2.8, "average_household_size_2029": 2.7, "population_growth_2024_2029": -5.2, "households_growth_2024_2029": -4.2, "consumer_segments": {"Simple Life Moderate Income No Children": {"households": 247, "pct": 29.3}, "Simple Life Moderate Income With Children": {"households": 194, "pct": 23.0}, "Renters": {"households": 188, "pct": 22.3}, "Active Adult Elite": {"households": 67, "pct": 7.9}, "Simple Life Affluent No Children": {"households": 33, "pct": 3.9}, "Renters Near Term Buyers": {"households": 30, "pct": 3.6}, "Active Adult Entry Level": {"households": 29, "pct": 3.4}, "Family Life Young Children": {"households": 28, "pct": 3.3}, "Elite": {"households": 20, "pct": 2.4}, "Active Adult Feature and Location": {"households": 8, "pct": 0.9}, "Family Life School Age Children": {"households": 0, "pct": 0.0}, "Feature and Location": {"households": 0, "pct": 0.0}, "Entry Level Urban": {"households": 0, "pct": 0.0}, "Entry Level Suburban": {"households": 0, "pct": 0.0}}, "income_age": {"2020": {}, "2024": {}, "2029": {}}, "population_trends": {"Total Population": {"Demographic": null, "2020": 3207, "2024": 3040, "2029": 2877, "% OF TOTAL": null, "% OF TOTAL.1": null, "% OF TOTAL.2": null}, "Population Growth": {"Demographic": null, "2020": null, "2024": -5.2, "2029": -5.4, "% OF TOTAL": null, "% OF TOTAL.1": null, "% OF TOTAL.2": null}, "Female Population": {"Demographic": null, "2020": 1590, "2024": 1511, "2029": 1431, "% OF TOTAL": 49.7, "% OF TOTAL.1": null, "% OF TOTAL.2": null}, "Male Population": {"Demographic": null, "2020": 1617, "2024": 1529, "2029": 1446, "% OF TOTAL": 50.3, "% OF TOTAL.1": null, "% OF TOTAL.2": null}, "Total population: Median Age": {"Demographic": null, "2020": 39, "2024": 39, "2029": 41, "% OF TOTAL": null, "% OF TOTAL.1": null, "% OF TOTAL.2": null}, "Total population: Under 5 years": {"Demographic": null, "2020": 185, "2024": 163, "2029": 148, "% OF TOTAL": 5.1, "% OF TOTAL.1": null, "% OF TOTAL.2": null}, "Total population: 5 - 9 years": {"Demographic": null, "2020": 193, "2024": 194, "2029": 166, "% OF TOTAL": 5.8, "% OF TOTAL.1": null, "% OF TOTAL.2": null}, "Total population: 10 - 14 years": {"Demographic": null, "2020": 264, "2024": 239, "2029": 203, "% OF TOTAL": 7.1, "% OF TOTAL.1": null, "% OF TOTAL.2": null}, "Total population: 15 - 19 years": {"Demographic": null, "2020": 205, "2024": 200, "2029": 193, "% OF TOTAL": 6.7, "% OF TOTAL.1": null, "% OF TOTAL.2": null}, "Total population: 20 - 24 years": {"Demographic": null, "2020": 177, "2024": 168, "2029": 166, "% OF TOTAL": 5.8, "% OF TOTAL.1": null, "% OF TOTAL.2": null}, "Total population: 25 - 29 years": {"Demographic": null, "2020": 171, "2024": 154, "2029": 145, "% OF TOTAL": 5.0, "% OF TOTAL.1": null, "% OF TOTAL.2": null}, "Total population: 30 - 34 years": {"Demographic": null, "2020": 199, "2024": 187, "2029": 160, "% OF TOTAL": 5.6, "% OF TOTAL.1": null, "% OF TOTAL.2": null}, "Total population: 35 - 39 years": {"Demographic": null, "2020": 216, "2024": 202, "2029": 191, "% OF TOTAL": 6.6, "% OF TOTAL.1": null, "% OF TOTAL.2": null}, "Total population: 40 - 44 years": {"Demographic": null, "2020": 198, "2024": 203, "2029": 195, "% OF TOTAL": 6.8, "% OF TOTAL.1": null, "% OF TOTAL.2": null}, "Total population: 45 - 49 years": {"Demographic": null, "2020": 181, "2024": 164, "2029": 176, "% OF TOTAL": 6.1, "% OF TOTAL.1": null, "% OF TOTAL.2": null}, "Total population: 50 - 54 years": {"Demographic": null, "2020": 213, "2024": 201, "2029": 178, "% OF TOTAL": 6.2, "% OF TOTAL.1": null, "% OF TOTAL.2": null}, "Total population: 55 - 59 years": {"Demographic": null, "2020": 215, "2024": 193, "2029": 180, "% OF TOTAL": 6.3, "% OF TOTAL.1": null, "% OF TOTAL.2": null}, "Total population: 60 - 64 years": {"Demographic": null, "2020": 270, "2024": 250, "2029": 202, "% OF TOTAL": 7.0, "% OF TOTAL.1": null, "% OF TOTAL.2": null}, "Total population: 65 - 69 years": {"Demographic": null, "2020": 218, "2024": 212, "2029": 208, "% OF TOTAL": 7.2, "% OF TOTAL.1": null, "% OF TOTAL.2": null}, "Total population: 70 - 74 years": {"Demographic": null, "2020": 156, "2024": 155, "2029": 172, "% OF TOTAL": 6.0, "% OF TOTAL.1": null, "% OF TOTAL.2": null}, "Total population: 75 - 79 years": {"Demographic": null, "2020": 74, "2024": 81, "2029": 102, "% OF TOTAL": 3.5, "% OF TOTAL.1": null, "% OF TOTAL.2": null}, "Total population: 80 - 84 years": {"Demographic": null, "2020": 42, "2024": 45, "2029": 57, "% OF TOTAL": 2.0, "% OF TOTAL.1": null, "% OF TOTAL.2": null}, "Total population: 85 years and over": {"Demographic": null, "2020": 30, "2024": 29, "2029": 35, "% OF TOTAL": 1.2, "% OF TOTAL.1": null, "% OF TOTAL.2": null}, "Female population: Median Age": {"Demographic": null, "2020": 38, "2024": 39, "2029": 40, "% OF TOTAL": null, "% OF TOTAL.1": null, "% OF TOTAL.2": null}, "Female population: Under 5 years": {"Demographic": null, "2020": 91, "2024": 78, "2029": 71, "% OF TOTAL": 5.0, "% OF TOTAL.1": null, "% OF TOTAL.2": null}, "Female population: 5 - 9 years": {"Demographic": null, "2020": 104, "2024": 104, "2029": 88, "% OF TOTAL": 6.1, "% OF TOTAL.1": null, "% OF TOTAL.2": null}, "Female population: 10 - 14 years": {"Demographic": null, "2020": 119, "2024": 108, "2029": 95, "% OF TOTAL": 6.6, "% OF TOTAL.1": null, "% OF TOTAL.2": null}, "Female population: 15 - 19 years": {"Demographic": null, "2020": 99, "2024": 96, "2029": 91, "% OF TOTAL": 6.4, "% OF TOTAL.1": null, "% OF TOTAL.2": null}, "Female population: 20 - 24 years": {"Demographic": null, "2020": 82, "2024": 79, "2029": 81, "% OF TOTAL": 5.7, "% OF TOTAL.1": null, "% OF TOTAL.2": null}, "Female population: 25 - 29 years": {"Demographic": null, "2020": 86, "2024": 78, "2029": 72, "% OF TOTAL": 5.0, "% OF TOTAL.1": null, "% OF TOTAL.2": null}, "Female population: 30 - 34 years": {"Demographic": null, "2020": 101, "2024": 97, "2029": 83, "% OF TOTAL": 5.8, "% OF TOTAL.1": null, "% OF TOTAL.2": null}, "Female population: 35 - 39 years": {"Demographic": null, "2020": 108, "2024": 102, "2029": 97, "% OF TOTAL": 6.8, "% OF TOTAL.1": null, "% OF TOTAL.2": null}, "Female population: 40 - 44 years": {"Demographic": null, "2020": 99, "2024": 105, "2029": 101, "% OF TOTAL": 7.1, "% OF TOTAL.1": null, "% OF TOTAL.2": null}, "Female population: 45 - 49 years": {"Demographic": null, "2020": 102, "2024": 94, "2029": 96, "% OF TOTAL": 6.7, "% OF TOTAL.1": null, "% OF TOTAL.2": null}, "Female population: 50 - 54 years": {"Demographic": null, "2020": 95, "2024": 88, "2029": 83, "% OF TOTAL": 5.8, "% OF TOTAL.1": null, "% OF TOTAL.2": null}, "Female population: 55 - 59 years": {"Demographic": null, "2020": 115, "2024": 103, "2029": 91, "% OF TOTAL": 6.4, "% OF TOTAL.1": null, "% OF TOTAL.2": null}, "Female population: 60 - 64 years": {"Demographic": null, "2020": 134, "2024": 127, "2029": 105, "% OF TOTAL": 7.3, "% OF TOTAL.1": null, "% OF TOTAL.2": null}, "Female population: 65 - 69 years": {"Demographic": null, "2020": 106, "2024": 104, "2029": 103, "% OF TOTAL": 7.2, "% OF TOTAL.1": null, "% OF TOTAL.2": null}, "Female population: 70 - 74 years": {"Demographic": null, "2020": 74, "2024": 70, "2029": 79, "% OF TOTAL": 5.5, "% OF TOTAL.1": null, "% OF TOTAL.2": null}, "Female population: 75 - 79 years": {"Demographic": null, "2020": 31, "2024": 33, "2029": 45, "% OF TOTAL": 3.1, "% OF TOTAL.1": null, "% OF TOTAL.2": null}, "Female population: 80 - 84 years": {"Demographic": null, "2020": 23, "2024": 25, "2029": 28, "% OF TOTAL": 2.0, "% OF TOTAL.1": null, "% OF TOTAL.2": null}, "Female population: 85 years and over": {"Demographic": null, "2020": 21, "2024": 20, "2029": 22, "% OF TOTAL": 1.5, "% OF TOTAL.1": null, "% OF TOTAL.2": null}, "Male population: Median Age": {"Demographic": null, "2020": 39, "2024": 39, "2029": 41, "% OF TOTAL": null, "% OF TOTAL.1": null, "% OF TOTAL.2": null}, "Male population: Under 5 years": {"Demographic": null, "2020": 94, "2024": 85, "2029": 77, "% OF TOTAL": 5.3, "% OF TOTAL.1": null, "% OF TOTAL.2": null}, "Male population: 5 - 9 years": {"Demographic": null, "2020": 89, "2024": 90, "2029": 78, "% OF TOTAL": 5.4, "% OF TOTAL.1": null, "% OF TOTAL.2": null}, "Male population: 10 - 14 years": {"Demographic": null, "2020": 145, "2024": 131, "2029": 108, "% OF TOTAL": 7.5, "% OF TOTAL.1": null, "% OF TOTAL.2": null}, "Male population: 15 - 19 years": {"Demographic": null, "2020": 106, "2024": 104, "2029": 102, "% OF TOTAL": 7.1, "% OF TOTAL.1": null, "% OF TOTAL.2": null}, "Male population: 20 - 24 years": {"Demographic": null, "2020": 95, "2024": 89, "2029": 85, "% OF TOTAL": 5.9, "% OF TOTAL.1": null, "% OF TOTAL.2": null}, "Male population: 25 - 29 years": {"Demographic": null, "2020": 85, "2024": 76, "2029": 73, "% OF TOTAL": 5.0, "% OF TOTAL.1": null, "% OF TOTAL.2": null}, "Male population: 30 - 34 years": {"Demographic": null, "2020": 98, "2024": 90, "2029": 77, "% OF TOTAL": 5.3, "% OF TOTAL.1": null, "% OF TOTAL.2": null}, "Male population: 35 - 39 years": {"Demographic": null, "2020": 108, "2024": 100, "2029": 94, "% OF TOTAL": 6.5, "% OF TOTAL.1": null, "% OF TOTAL.2": null}, "Male population: 40 - 44 years": {"Demographic": null, "2020": 99, "2024": 98, "2029": 94, "% OF TOTAL": 6.5, "% OF TOTAL.1": null, "% OF TOTAL.2": null}, "Male population: 45 - 49 years": {"Demographic": null, "2020": 79, "2024": 70, "2029": 80, "% OF TOTAL": 5.5, "% OF TOTAL.1": null, "% OF TOTAL.2": null}, "Male population: 50 - 54 years": {"Demographic": null, "2020": 118, "2024": 113, "2029": 95, "% OF TOTAL": 6.6, "% OF TOTAL.1": null, "% OF TOTAL.2": null}, "Male population: 55 - 59 years": {"Demographic": null, "2020": 100, "2024": 90, "2029": 89, "% OF TOTAL": 6.2, "% OF TOTAL.1": null, "% OF TOTAL.2": null}, "Male population: 60 - 64 years": {"Demographic": null, "2020": 136, "2024": 123, "2029": 97, "% OF TOTAL": 6.7, "% OF TOTAL.1": null, "% OF TOTAL.2": null}, "Male population: 65 - 69 years": {"Demographic": null, "2020": 112, "2024": 108, "2029": 105, "% OF TOTAL": 7.3, "% OF TOTAL.1": null, "% OF TOTAL.2": null}, "Male population: 70 - 74 years": {"Demographic": null, "2020": 82, "2024": 85, "2029": 93, "% OF TOTAL": 6.4, "% OF TOTAL.1": null, "% OF TOTAL.2": null}, "Male population: 75 - 79 years": {"Demographic": null, "2020": 43, "2024": 48, "2029": 57, "% OF TOTAL": 3.9, "% OF TOTAL.1": null, "% OF TOTAL.2": null}, "Male population: 80 - 84 years": {"Demographic": null, "2020": 19, "2024": 20, "2029": 29, "% OF TOTAL": 2.0, "% OF TOTAL.1": null, "% OF TOTAL.2": null}, "Male population: 85 years and over": {"Demographic": null, "2020": 9, "2024": 9, "2029": 13, "% OF TOTAL": 0.9, "% OF TOTAL.1": null, "% OF TOTAL.2": null}, "White alone": {"Demographic": null, "2020": 2381, "2024": 2225, "2029": 2100, "% OF TOTAL": 73.0, "% OF TOTAL.1": null, "% OF TOTAL.2": null}, "Black alone": {"Demographic": null, "2020": 232, "2024": 218, "2029": 208, "% OF TOTAL": 7.2, "% OF TOTAL.1": null, "% OF TOTAL.2": null}, "American Indian and Alaska Native alone": {"Demographic": null, "2020": 22, "2024": 22, "2029": 20, "% OF TOTAL": 0.7, "% OF TOTAL.1": null, "% OF TOTAL.2": null}, "Asian alone": {"Demographic": null, "2020": 382, "2024": 377, "2029": 362, "% OF TOTAL": 12.6, "% OF TOTAL.1": null, "% OF TOTAL.2": null}, "Native Hawaiian and OPI alone": {"Demographic": null, "2020": 1, "2024": 1, "2029": 1, "% OF TOTAL": 0.0, "% OF TOTAL.1": null, "% OF TOTAL.2": null}, "Some other race alone": {"Demographic": null, "2020": 37, "2024": 36, "2029": 34, "% OF TOTAL": 1.2, "% OF TOTAL.1": null, "% OF TOTAL.2": null}, "Two or more races alone": {"Demographic": null, "2020": 152, "2024": 161, "2029": 152, "% OF TOTAL": 5.3, "% OF TOTAL.1": null, "% OF TOTAL.2": null}, "Not Hispanic: White alone": {"Demographic": null, "2020": 2357, "2024": 2200, "2029": 2076, "% OF TOTAL": 72.2, "% OF TOTAL.1": null, "% OF TOTAL.2": null}, "Not Hispanic: Black or African American alone": {"Demographic": null, "2020": 229, "2024": 215, "2029": 205, "% OF TOTAL": 7.1, "% OF TOTAL.1": null, "% OF TOTAL.2": null}, "Not Hispanic: American Indian and Alaska Native alone": {"Demographic": null, "2020": 21, "2024": 21, "2029": 19, "% OF TOTAL": 0.7, "% OF TOTAL.1": null, "% OF TOTAL.2": null}, "Not Hispanic: Asian alone": {"Demographic": null, "2020": 382, "2024": 377, "2029": 362, "% OF TOTAL": 12.6, "% OF TOTAL.1": null, "% OF TOTAL.2": null}, "Not Hispanic: Native Hawaiian and OPI alone": {"Demographic": null, "2020": 1, "2024": 1, "2029": 1, "% OF TOTAL": 0.0, "% OF TOTAL.1": null, "% OF TOTAL.2": null}, "Not Hispanic: Some Other Race alone": {"Demographic": null, "2020": 3, "2024": 3, "2029": 3, "% OF TOTAL": 0.1, "% OF TOTAL.1": null, "% OF TOTAL.2": null}, "Not Hispanic: Two or More Races": {"Demographic": null, "2020": 136, "2024": 143, "2029": 135, "% OF TOTAL": 4.7, "% OF TOTAL.1": null, "% OF TOTAL.2": null}, "Hispanic: White alone": {"Demographic": null, "2020": 24, "2024": 25, "2029": 24, "% OF TOTAL": 0.8, "% OF TOTAL.1": null, "% OF TOTAL.2": null}, "Hispanic: Black or African American alone": {"Demographic": null, "2020": 3, "2024": 3, "2029": 3, "% OF TOTAL": 0.1, "% OF TOTAL.1": null, "% OF TOTAL.2": null}, "Hispanic: American Indian and Alaska Native alone": {"Demographic": null, "2020": 1, "2024": 1, "2029": 1, "% OF TOTAL": 0.0, "% OF TOTAL.1": null, "% OF TOTAL.2": null}, "Hispanic: Asian alone": {"Demographic": null, "2020": 0, "2024": 0, "2029": 0, "% OF TOTAL": 0.0, "% OF TOTAL.1": null, "% OF TOTAL.2": null}, "Hispanic: Native Hawaiian and OPI alone": {"Demographic": null, "2020": 0, "2024": 0, "2029": 0, "% OF TOTAL": 0.0, "% OF TOTAL.1": null, "% OF TOTAL.2": null}, "Hispanic: Some Other Race alone": {"Demographic": null, "2020": 34, "2024": 33, "2029": 31, "% OF TOTAL": 1.1, "% OF TOTAL.1": null, "% OF TOTAL.2": null}, "Hispanic: Two or More Races": {"Demographic": null, "2020": 16, "2024": 18, "2029": 17, "% OF TOTAL": 0.6, "% OF TOTAL.1": null, "% OF TOTAL.2": null}, "Educational Attainment: No High School Diploma": {"Demographic": null, "2020": 575, "2024": 550, "2029": null, "% OF TOTAL": null, "% OF TOTAL.1": null, "% OF TOTAL.2": null}, "Educational Attainment: High School Diploma": {"Demographic": null, "2020": 1031, "2024": 976, "2029": null, "% OF TOTAL": null, "% OF TOTAL.1": null, "% OF TOTAL.2": null}, "Educational Attainment: Some College": {"Demographic": null, "2020": 305, "2024": 290, "2029": null, "% OF TOTAL": null, "% OF TOTAL.1": null, "% OF TOTAL.2": null}, "Educational Attainment: Associates Degree": {"Demographic": null, "2020": 126, "2024": 121, "2029": null, "% OF TOTAL": null, "% OF TOTAL.1": null, "% OF TOTAL.2": null}, "Educational Attainment: Bachelors Degree": {"Demographic": null, "2020": 119, "2024": 113, "2029": null, "% OF TOTAL": null, "% OF TOTAL.1": null, "% OF TOTAL.2": null}, "Educational Attainment: Advanced Degree": {"Demographic": null, "2020": 27, "2024": 26, "2029": null, "% OF TOTAL": null, "% OF TOTAL.1": null, "% OF TOTAL.2": null}, "Employment Status: Armed Forces": {"Demographic": null, "2020": 10, "2024": 9, "2029": null, "% OF TOTAL": null, "% OF TOTAL.1": null, "% OF TOTAL.2": null}, "Employment Status: Civilian labor force employed": {"Demographic": null, "2020": 1415, "2024": 1339, "2029": null, "% OF TOTAL": null, "% OF TOTAL.1": null, "% OF TOTAL.2": null}, "Employment Status: Civilian labor force unemployed": {"Demographic": null, "2020": 114, "2024": 108, "2029": null, "% OF TOTAL": null, "% OF TOTAL.1": null, "% OF TOTAL.2": null}, "Employment Status: Not in labor force": {"Demographic": null, "2020": 979, "2024": 929, "2029": null, "% OF TOTAL": null, "% OF TOTAL.1": null, "% OF TOTAL.2": null}, "Employed in Agriculture and Mining Industries": {"Demographic": null, "2020": 63, "2024": 59, "2029": null, "% OF TOTAL": null, "% OF TOTAL.1": null, "% OF TOTAL.2": null}, "Employed in Construction Industries": {"Demographic": null, "2020": 94, "2024": 89, "2029": null, "% OF TOTAL": null, "% OF TOTAL.1": null, "% OF TOTAL.2": null}, "Employed in Manufacturing Industries": {"Demographic": null, "2020": 374, "2024": 353, "2029": null, "% OF TOTAL": null, "% OF TOTAL.1": null, "% OF TOTAL.2": null}, "Employed in Wholesale Industries": {"Demographic": null, "2020": 144, "2024": 137, "2029": null, "% OF TOTAL": null, "% OF TOTAL.1": null, "% OF TOTAL.2": null}, "Employed in Retail Industries": {"Demographic": null, "2020": 57, "2024": 54, "2029": null, "% OF TOTAL": null, "% OF TOTAL.1": null, "% OF TOTAL.2": null}, "Employed in Transportation and Utilities Industries": {"Demographic": null, "2020": 85, "2024": 81, "2029": null, "% OF TOTAL": null, "% OF TOTAL.1": null, "% OF TOTAL.2": null}, "Employed in Information Industries": {"Demographic": null, "2020": 0, "2024": 0, "2029": null, "% OF TOTAL": null, "% OF TOTAL.1": null, "% OF TOTAL.2": null}, "Employed in Real-Estate Industries": {"Demographic": null, "2020": 71, "2024": 68, "2029": null, "% OF TOTAL": null, "% OF TOTAL.1": null, "% OF TOTAL.2": null}, "Employed in Professional Industries": {"Demographic": null, "2020": 93, "2024": 89, "2029": null, "% OF TOTAL": null, "% OF TOTAL.1": null, "% OF TOTAL.2": null}, "Employed in Health and Education Industries": {"Demographic": null, "2020": 245, "2024": 232, "2029": null, "% OF TOTAL": null, "% OF TOTAL.1": null, "% OF TOTAL.2": null}, "Employed in Art Industries": {"Demographic": null, "2020": 107, "2024": 100, "2029": null, "% OF TOTAL": null, "% OF TOTAL.1": null, "% OF TOTAL.2": null}, "Employed in Other Industries": {"Demographic": null, "2020": 67, "2024": 63, "2029": null, "% OF TOTAL": null, "% OF TOTAL.1": null, "% OF TOTAL.2": null}, "Employed in Public Administration Industries": {"Demographic": null, "2020": 15, "2024": 14, "2029": null, "% OF TOTAL": null, "% OF TOTAL.1": null, "% OF TOTAL.2": null}, "Occupation: Management": {"Demographic": null, "2020": 163, "2024": 153, "2029": null, "% OF TOTAL": null, "% OF TOTAL.1": null, "% OF TOTAL.2": null}, "Occupation: Business and financial operations": {"Demographic": null, "2020": 22, "2024": 21, "2029": null, "% OF TOTAL": null, "% OF TOTAL.1": null, "% OF TOTAL.2": null}, "Occupation: Computer and mathematical": {"Demographic": null, "2020": 15, "2024": 14, "2029": null, "% OF TOTAL": null, "% OF TOTAL.1": null, "% OF TOTAL.2": null}, "Occupation: Architecture and engineering": {"Demographic": null, "2020": 53, "2024": 51, "2029": null, "% OF TOTAL": null, "% OF TOTAL.1": null, "% OF TOTAL.2": null}, "Occupation: Life, physical, and social science": {"Demographic": null, "2020": 36, "2024": 34, "2029": null, "% OF TOTAL": null, "% OF TOTAL.1": null, "% OF TOTAL.2": null}, "Occupation: Community and social service": {"Demographic": null, "2020": 10, "2024": 10, "2029": null, "% OF TOTAL": null, "% OF TOTAL.1": null, "% OF TOTAL.2": null}, "Occupation: Legal": {"Demographic": null, "2020": 0, "2024": 0, "2029": null, "% OF TOTAL": null, "% OF TOTAL.1": null, "% OF TOTAL.2": null}, "Occupation: Education, training, and library": {"Demographic": null, "2020": 21, "2024": 20, "2029": null, "% OF TOTAL": null, "% OF TOTAL.1": null, "% OF TOTAL.2": null}, "Occupation: Arts, design, entertainment, sports, and media": {"Demographic": null, "2020": 0, "2024": 0, "2029": null, "% OF TOTAL": null, "% OF TOTAL.1": null, "% OF TOTAL.2": null}, "Occupation: Health diagnosing and treating practitioners": {"Demographic": null, "2020": 40, "2024": 38, "2029": null, "% OF TOTAL": null, "% OF TOTAL.1": null, "% OF TOTAL.2": null}, "Occupation: Health technologists and technicians": {"Demographic": null, "2020": 24, "2024": 23, "2029": null, "% OF TOTAL": null, "% OF TOTAL.1": null, "% OF TOTAL.2": null}, "Occupation: Healthcare support": {"Demographic": null, "2020": 21, "2024": 20, "2029": null, "% OF TOTAL": null, "% OF TOTAL.1": null, "% OF TOTAL.2": null}, "Occupation: Fire fighting and prevention": {"Demographic": null, "2020": 15, "2024": 14, "2029": null, "% OF TOTAL": null, "% OF TOTAL.1": null, "% OF TOTAL.2": null}, "Occupation: Law enforcement workers": {"Demographic": null, "2020": 0, "2024": 0, "2029": null, "% OF TOTAL": null, "% OF TOTAL.1": null, "% OF TOTAL.2": null}, "Occupation: Food preparation and serving related": {"Demographic": null, "2020": 92, "2024": 87, "2029": null, "% OF TOTAL": null, "% OF TOTAL.1": null, "% OF TOTAL.2": null}, "Occupation: Building and grounds cleaning and maintenance": {"Demographic": null, "2020": 53, "2024": 50, "2029": null, "% OF TOTAL": null, "% OF TOTAL.1": null, "% OF TOTAL.2": null}, "Occupation: Personal care and service": {"Demographic": null, "2020": 30, "2024": 28, "2029": null, "% OF TOTAL": null, "% OF TOTAL.1": null, "% OF TOTAL.2": null}, "Occupation: Sales and related": {"Demographic": null, "2020": 58, "2024": 55, "2029": null, "% OF TOTAL": null, "% OF TOTAL.1": null, "% OF TOTAL.2": null}, "Occupation: Office and administrative support": {"Demographic": null, "2020": 200, "2024": 189, "2029": null, "% OF TOTAL": null, "% OF TOTAL.1": null, "% OF TOTAL.2": null}, "Occupation: Farming, fishing, and forestry": {"Demographic": null, "2020": 0, "2024": 0, "2029": null, "% OF TOTAL": null, "% OF TOTAL.1": null, "% OF TOTAL.2": null}, "Occupation: Construction and extraction": {"Demographic": null, "2020": 87, "2024": 83, "2029": null, "% OF TOTAL": null, "% OF TOTAL.1": null, "% OF TOTAL.2": null}, "Occupation: Installation, maintenance, and repair": {"Demographic": null, "2020": 48, "2024": 45, "2029": null, "% OF TOTAL": null, "% OF TOTAL.1": null, "% OF TOTAL.2": null}, "Occupation: Production": {"Demographic": null, "2020": 294, "2024": 278, "2029": null, "% OF TOTAL": null, "% OF TOTAL.1": null, "% OF TOTAL.2": null}, "Occupation: Transportation": {"Demographic": null, "2020": 57, "2024": 54, "2029": null, "% OF TOTAL": null, "% OF TOTAL.1": null, "% OF TOTAL.2": null}, "Occupation: Material moving": {"Demographic": null, "2020": 76, "2024": 72, "2029": null, "% OF TOTAL": null, "% OF TOTAL.1": null, "% OF TOTAL.2": null}, "White collar": {"Demographic": null, "2020": 642, "2024": 608, "2029": null, "% OF TOTAL": null, "% OF TOTAL.1": null, "% OF TOTAL.2": null}, "Blue collar": {"Demographic": null, "2020": 773, "2024": 731, "2029": null, "% OF TOTAL": null, "% OF TOTAL.1": null, "% OF TOTAL.2": null}, "Means of transportation: Car, truck or van": {"Demographic": null, "2020": 1339, "2024": 1267, "2029": null, "% OF TOTAL": null, "% OF TOTAL.1": null, "% OF TOTAL.2": null}, "Means of transportation: Public transportation": {"Demographic": null, "2020": 0, "2024": 0, "2029": null, "% OF TOTAL": null, "% OF TOTAL.1": null, "% OF TOTAL.2": null}, "Means of transportation: Other": {"Demographic": null, "2020": 0, "2024": 0, "2029": null, "% OF TOTAL": null, "% OF TOTAL.1": null, "% OF TOTAL.2": null}, "Travel time: Average (in minutes)": {"Demographic": null, "2020": 25, "2024": 25, "2029": null, "% OF TOTAL": null, "% OF TOTAL.1": null, "% OF TOTAL.2": null}, "Travel time to work: Less than 30 minutes": {"Demographic": null, "2020": 779, "2024": 738, "2029": null, "% OF TOTAL": null, "% OF TOTAL.1": null, "% OF TOTAL.2": null}, "Travel time to work: 30 to 60 minutes": {"Demographic": null, "2020": 551, "2024": 520, "2029": null, "% OF TOTAL": null, "% OF TOTAL.1": null, "% OF TOTAL.2": null}, "Travel time to work: 60 or more minutes": {"Demographic": null, "2020": 9, "2024": 9, "2029": null, "% OF TOTAL": null, "% OF TOTAL.1": null, "% OF TOTAL.2": null}}, "demographic_snapshot": {"Total Population": {"Demographic": null, "2020": 3207, "2024": 3040, "2029": 2877, "% OF TOTAL": null, "% OF TOTAL.1": null, "% OF TOTAL.2": null}, "Households": {"Demographic": null, "2020": 1136, "2024": 1088, "2029": 1044, "% OF TOTAL": null, "% OF TOTAL.1": null, "% OF TOTAL.2": null}, "Population in Group Quarters": {"Demographic": null, "2020": 0, "2024": 0, "2029": 0, "% OF TOTAL": null, "% OF TOTAL.1": null, "% OF TOTAL.2": null}, "Households Growth": {"Demographic": null, "2020": null, "2024": -4.2, "2029": -4.0, "% OF TOTAL": null, "% OF TOTAL.1": null, "% OF TOTAL.2": null}, "Household Income: Median": {"Demographic": null, "2020": 0, "2024": 60099, "2029": 91319, "% OF TOTAL": null, "% OF TOTAL.1": null, "% OF TOTAL.2": null}, "Home Value: Median": {"Demographic": null, "2020": 99276, "2024": 99257, "2029": null, "% OF TOTAL": null, "% OF TOTAL.1": null, "% OF TOTAL.2": null}, "Population Growth": {"Demographic": null, "2020": null, "2024": -5.2, "2029": -5.4, "% OF TOTAL": null, "% OF TOTAL.1": null, "% OF TOTAL.2": null}, "Total Population: Under 19 years": {"Demographic": null, "2020": 847, "2024": 796, "2029": 710, "% OF TOTAL": 24.7, "% OF TOTAL.1": null, "% OF TOTAL.2": null}, "Total Population: 20 - 64 years": {"Demographic": null, "2020": 1840, "2024": 1722, "2029": 1593, "% OF TOTAL": 55.4, "% OF TOTAL.1": null, "% OF TOTAL.2": null}, "Total Population: 65 years and over": {"Demographic": null, "2020": 520, "2024": 522, "2029": 574, "% OF TOTAL": 20.0, "% OF TOTAL.1": null, "% OF TOTAL.2": null}, "Total population: Median age": {"Demographic": null, "2020": 39, "2024": 39, "2029": 41, "% OF TOTAL": null, "% OF TOTAL.1": null, "% OF TOTAL.2": null}, "Total population: Under 5 years": {"Demographic": null, "2020": 185, "2024": 163, "2029": 148, "% OF TOTAL": 5.1, "% OF TOTAL.1": null, "% OF TOTAL.2": null}, "Total population: 5 - 9 years": {"Demographic": null, "2020": 193, "2024": 194, "2029": 166, "% OF TOTAL": 5.8, "% OF TOTAL.1": null, "% OF TOTAL.2": null}, "Total population: 10 - 14 years": {"Demographic": null, "2020": 264, "2024": 239, "2029": 203, "% OF TOTAL": 7.1, "% OF TOTAL.1": null, "% OF TOTAL.2": null}, "Total population: 15 - 19 years": {"Demographic": null, "2020": 205, "2024": 200, "2029": 193, "% OF TOTAL": 6.7, "% OF TOTAL.1": null, "% OF TOTAL.2": null}, "Total population: 20 - 24 years": {"Demographic": null, "2020": 177, "2024": 168, "2029": 166, "% OF TOTAL": 5.8, "% OF TOTAL.1": null, "% OF TOTAL.2": null}, "Total population: 25 - 29 years": {"Demographic": null, "2020": 171, "2024": 154, "2029": 145, "% OF TOTAL": 5.0, "% OF TOTAL.1": null, "% OF TOTAL.2": null}, "Total population: 30 - 34 years": {"Demographic": null, "2020": 199, "2024": 187, "2029": 160, "% OF TOTAL": 5.6, "% OF TOTAL.1": null, "% OF TOTAL.2": null}, "Total population: 35 - 39 years": {"Demographic": null, "2020": 216, "2024": 202, "2029": 191, "% OF TOTAL": 6.6, "% OF TOTAL.1": null, "% OF TOTAL.2": null}, "Total population: 40 - 44 years": {"Demographic": null, "2020": 198, "2024": 203, "2029": 195, "% OF TOTAL": 6.8, "% OF TOTAL.1": null, "% OF TOTAL.2": null}, "Total population: 45 - 49 years": {"Demographic": null, "2020": 181, "2024": 164, "2029": 176, "% OF TOTAL": 6.1, "% OF TOTAL.1": null, "% OF TOTAL.2": null}, "Total population: 50 - 54 years": {"Demographic": null, "2020": 213, "2024": 201, "2029": 178, "% OF TOTAL": 6.2, "% OF TOTAL.1": null, "% OF TOTAL.2": null}, "Total population: 55 - 59 years": {"Demographic": null, "2020": 215, "2024": 193, "2029": 180, "% OF TOTAL": 6.3, "% OF TOTAL.1": null, "% OF TOTAL.2": null}, "Total population: 60 - 64 years": {"Demographic": null, "2020": 270, "2024": 250, "2029": 202, "% OF TOTAL": 7.0, "% OF TOTAL.1": null, "% OF TOTAL.2": null}, "Total population: 65 - 69 years": {"Demographic": null, "2020": 218, "2024": 212, "2029": 208, "% OF TOTAL": 7.2, "% OF TOTAL.1": null, "% OF TOTAL.2": null}, "Total population: 70 - 74 years": {"Demographic": null, "2020": 156, "2024": 155, "2029": 172, "% OF TOTAL": 6.0, "% OF TOTAL.1": null, "% OF TOTAL.2": null}, "Total population: 75 - 79 years": {"Demographic": null, "2020": 74, "2024": 81, "2029": 102, "% OF TOTAL": 3.5, "% OF TOTAL.1": null, "% OF TOTAL.2": null}, "Total population: 80 - 84 years": {"Demographic": null, "2020": 42, "2024": 45, "2029": 57, "% OF TOTAL": 2.0, "% OF TOTAL.1": null, "% OF TOTAL.2": null}, "Total population: 85 years and over": {"Demographic": null, "2020": 30, "2024": 29, "2029": 35, "% OF TOTAL": 1.2, "% OF TOTAL.1": null, "% OF TOTAL.2": null}, "Householders Age 15-24": {"Demographic": null, "2020": 29, "2024": 29, "2029": 28, "% OF TOTAL": 2.7, "% OF TOTAL.1": null, "% OF TOTAL.2": null}, "Householders Age 25-34": {"Demographic": null, "2020": 130, "2024": 126, "2029": 112, "% OF TOTAL": 10.7, "% OF TOTAL.1": null, "% OF TOTAL.2": null}, "Householders Age 35-44": {"Demographic": null, "2020": 210, "2024": 201, "2029": 187, "% OF TOTAL": 17.9, "% OF TOTAL.1": null, "% OF TOTAL.2": null}, "Householders Age 45-54": {"Demographic": null, "2020": 192, "2024": 183, "2029": 173, "% OF TOTAL": 16.6, "% OF TOTAL.1": null, "% OF TOTAL.2": null}, "Householders Age 55-64": {"Demographic": null, "2020": 229, "2024": 219, "2029": 187, "% OF TOTAL": 17.9, "% OF TOTAL.1": null, "% OF TOTAL.2": null}, "Householders Age 65-74": {"Demographic": null, "2020": 221, "2024": 210, "2029": 212, "% OF TOTAL": 20.3, "% OF TOTAL.1": null, "% OF TOTAL.2": null}, "Householders Age 75+": {"Demographic": null, "2020": 125, "2024": 120, "2029": 145, "% OF TOTAL": 13.9, "% OF TOTAL.1": null, "% OF TOTAL.2": null}, "Household income: Average": {"Demographic": null, "2020": 89962, "2024": 100877, "2029": 131782, "% OF TOTAL": null, "% OF TOTAL.1": null, "% OF TOTAL.2": null}, "Household income: Less than 25k": {"Demographic": null, "2020": 253, "2024": 218, "2029": 148, "% OF TOTAL": 14.2, "% OF TOTAL.1": null, "% OF TOTAL.2": null}, "Household income: 25k - 50k": {"Demographic": null, "2020": 182, "2024": 125, "2029": 106, "% OF TOTAL": 10.2, "% OF TOTAL.1": null, "% OF TOTAL.2": null}, "Household income: 50k - 75k": {"Demographic": null, "2020": 163, "2024": 209, "2029": 119, "% OF TOTAL": 11.4, "% OF TOTAL.1": null, "% OF TOTAL.2": null}, "Household income: 75k - 100k": {"Demographic": null, "2020": 186, "2024": 155, "2029": 150, "% OF TOTAL": 14.4, "% OF TOTAL.1": null, "% OF TOTAL.2": null}, "Household income: 100k - 125k": {"Demographic": null, "2020": 78, "2024": 78, "2029": 94, "% OF TOTAL": 9.0, "% OF TOTAL.1": null, "% OF TOTAL.2": null}, "Household income: 125k - 150k": {"Demographic": null, "2020": 133, "2024": 114, "2029": 133, "% OF TOTAL": 12.7, "% OF TOTAL.1": null, "% OF TOTAL.2": null}, "Household income: 150k - 200k": {"Demographic": null, "2020": 93, "2024": 107, "2029": 133, "% OF TOTAL": 12.7, "% OF TOTAL.1": null, "% OF TOTAL.2": null}, "Household income: Above 200k": {"Demographic": null, "2020": 48, "2024": 82, "2029": 161, "% OF TOTAL": 15.4, "% OF TOTAL.1": null, "% OF TOTAL.2": null}, "White Alone": {"Demographic": null, "2020": 2381, "2024": 2225, "2029": 2100, "% OF TOTAL": 73.0, "% OF TOTAL.1": null, "% OF TOTAL.2": null}, "Black or African American Alone": {"Demographic": null, "2020": 232, "2024": 218, "2029": 208, "% OF TOTAL": 7.2, "% OF TOTAL.1": null, "% OF TOTAL.2": null}, "American Indian and Alaska Native Alone": {"Demographic": null, "2020": 22, "2024": 22, "2029": 20, "% OF TOTAL": 0.7, "% OF TOTAL.1": null, "% OF TOTAL.2": null}, "Asian Alone": {"Demographic": null, "2020": 382, "2024": 377, "2029": 362, "% OF TOTAL": 12.6, "% OF TOTAL.1": null, "% OF TOTAL.2": null}, "Native Hawaiian and OPI Alone": {"Demographic": null, "2020": 1, "2024": 1, "2029": 1, "% OF TOTAL": 0.0, "% OF TOTAL.1": null, "% OF TOTAL.2": null}, "Some Other Race Alone": {"Demographic": null, "2020": 37, "2024": 36, "2029": 34, "% OF TOTAL": 1.2, "% OF TOTAL.1": null, "% OF TOTAL.2": null}, "Two or More Races Alone": {"Demographic": null, "2020": 152, "2024": 161, "2029": 152, "% OF TOTAL": 5.3, "% OF TOTAL.1": null, "% OF TOTAL.2": null}, "Not Hispanic or Latino": {"Demographic": null, "2020": 3129, "2024": 2960, "2029": 2801, "% OF TOTAL": 97.4, "% OF TOTAL.1": null, "% OF TOTAL.2": null}, "Hispanic or Latino": {"Demographic": null, "2020": 78, "2024": 80, "2029": 76, "% OF TOTAL": 2.6, "% OF TOTAL.1": null, "% OF TOTAL.2": null}, "Total Housing Units": {"Demographic": null, "2020": 1222, "2024": null, "2029": null, "% OF TOTAL": null, "% OF TOTAL.1": null, "% OF TOTAL.2": null}, "Owner Occupied Housing Units": {"Demographic": null, "2020": 883, "2024": 845, "2029": null, "% OF TOTAL": null, "% OF TOTAL.1": null, "% OF TOTAL.2": null}, "Renter Occupied Housing Units": {"Demographic": null, "2020": 253, "2024": 243, "2029": null, "% OF TOTAL": null, "% OF TOTAL.1": null, "% OF TOTAL.2": null}, "Housing Units Value Less Than 100k": {"Demographic": null, "2020": 302, "2024": 291, "2029": null, "% OF TOTAL": null, "% OF TOTAL.1": null, "% OF TOTAL.2": null}, "Housing Units Value 100k - 200k": {"Demographic": null, "2020": 294, "2024": 280, "2029": null, "% OF TOTAL": null, "% OF TOTAL.1": null, "% OF TOTAL.2": null}, "Housing Units Value 200k - 250k": {"Demographic": null, "2020": 83, "2024": 80, "2029": null, "% OF TOTAL": null, "% OF TOTAL.1": null, "% OF TOTAL.2": null}, "Housing Units Value 250k - 300k": {"Demographic": null, "2020": 160, "2024": 151, "2029": null, "% OF TOTAL": null, "% OF TOTAL.1": null, "% OF TOTAL.2": null}, "Housing Units Value 300k - 400k": {"Demographic": null, "2020": 30, "2024": 29, "2029": null, "% OF TOTAL": null, "% OF TOTAL.1": null, "% OF TOTAL.2": null}, "Housing Units Value 400k - 500k": {"Demographic": null, "2020": 0, "2024": 0, "2029": null, "% OF TOTAL": null, "% OF TOTAL.1": null, "% OF TOTAL.2": null}, "Housing Units Value 500k - 750k": {"Demographic": null, "2020": 0, "2024": 0, "2029": null, "% OF TOTAL": null, "% OF TOTAL.1": null, "% OF TOTAL.2": null}, "Housing Units Value 750k - 1m": {"Demographic": null, "2020": 0, "2024": 0, "2029": null, "% OF TOTAL": null, "% OF TOTAL.1": null, "% OF TOTAL.2": null}, "Housing Units Value 1m - 1.5m": {"Demographic": null, "2020": 7, "2024": 7, "2029": null, "% OF TOTAL": null, "% OF TOTAL.1": null, "% OF TOTAL.2": null}, "Housing Units Value 1.5m - 2m": {"Demographic": null, "2020": 7, "2024": 7, "2029": null, "% OF TOTAL": null, "% OF TOTAL.1": null, "% OF TOTAL.2": null}, "Housing Units Value >2m": {"Demographic": null, "2020": 0, "2024": 0, "2029": null, "% OF TOTAL": null, "% OF TOTAL.1": null, "% OF TOTAL.2": null}, "Take Car or Truck to Work": {"Demographic": null, "2020": 1339, "2024": 1267, "2029": null, "% OF TOTAL": null, "% OF TOTAL.1": null, "% OF TOTAL.2": null}, "Take Public Transportation to Work": {"Demographic": null, "2020": 0, "2024": 0, "2029": null, "% OF TOTAL": null, "% OF TOTAL.1": null, "% OF TOTAL.2": null}, "Take Other Means of Transportation to Work": {"Demographic": null, "2020": 0, "2024": 0, "2029": null, "% OF TOTAL": null, "% OF TOTAL.1": null, "% OF TOTAL.2": null}, "Average Travel Time (min)": {"Demographic": null, "2020": 26, "2024": 26, "2029": null, "% OF TOTAL": null, "% OF TOTAL.1": null, "% OF TOTAL.2": null}, "Travel Below 30 Min to Work": {"Demographic": null, "2020": 779, "2024": 738, "2029": null, "% OF TOTAL": null, "% OF TOTAL.1": null, "% OF TOTAL.2": null}, "Travel 30-60 Min to Work": {"Demographic": null, "2020": 551, "2024": 520, "2029": null, "% OF TOTAL": null, "% OF TOTAL.1": null, "% OF TOTAL.2": null}, "Travel Above 60 Min to Work": {"Demographic": null, "2020": 60, "2024": 9, "2029": null, "% OF TOTAL": null, "% OF TOTAL.1": null, "% OF TOTAL.2": null}, "Educational Attainment: No High School Diploma": {"Demographic": null, "2020": 1606, "2024": 1526, "2029": null, "% OF TOTAL": null, "% OF TOTAL.1": null, "% OF TOTAL.2": null}, "Educational Attainment: High School Diploma": {"Demographic": null, "2020": 1031, "2024": 976, "2029": null, "% OF TOTAL": null, "% OF TOTAL.1": null, "% OF TOTAL.2": null}, "Educational Attainment: Some College": {"Demographic": null, "2020": 550, "2024": 524, "2029": null, "% OF TOTAL": null, "% OF TOTAL.1": null, "% OF TOTAL.2": null}, "Educational Attainment: Associate's Degree": {"Demographic": null, "2020": 126, "2024": 121, "2029": null, "% OF TOTAL": null, "% OF TOTAL.1": null, "% OF TOTAL.2": null}, "Educational Attainment: Bachelors Degree": {"Demographic": null, "2020": 119, "2024": 113, "2029": null, "% OF TOTAL": null, "% OF TOTAL.1": null, "% OF TOTAL.2": null}, "Educational Attainment: Advanced Degree": {"Demographic": null, "2020": 27, "2024": 26, "2029": null, "% OF TOTAL": null, "% OF TOTAL.1": null, "% OF TOTAL.2": null}, "Households: Number of vehicles available - Average": {"Demographic": null, "2020": 1, "2024": 1, "2029": null, "% OF TOTAL": null, "% OF TOTAL.1": null, "% OF TOTAL.2": null}, "Households: No Vehicle available": {"Demographic": null, "2020": 125, "2024": 120, "2029": null, "% OF TOTAL": null, "% OF TOTAL.1": null, "% OF TOTAL.2": null}, "Households: 1 Vehicle available": {"Demographic": null, "2020": 199, "2024": 189, "2029": null, "% OF TOTAL": null, "% OF TOTAL.1": null, "% OF TOTAL.2": null}, "Households: 2 Vehicles available": {"Demographic": null, "2020": 533, "2024": 513, "2029": null, "% OF TOTAL": null, "% OF TOTAL.1": null, "% OF TOTAL.2": null}, "Households: 3 Vehicles available": {"Demographic": null, "2020": 201, "2024": 192, "2029": null, "% OF TOTAL": null, "% OF TOTAL.1": null, "% OF TOTAL.2": null}, "Households: 4 or more Vehicles available": {"Demographic": null, "2020": 78, "2024": 74, "2029": null, "% OF TOTAL": null, "% OF TOTAL.1": null, "% OF TOTAL.2": null}}, "household_trends": {"Households": {"Demographic": null, "2020": 1136, "2024": 1088, "2029": 1044, "% OF TOTAL": null, "% OF TOTAL.1": null, "% OF TOTAL.2": null}, "Households Growth": {"Demographic": null, "2020": null, "2024": -4.2, "2029": -4.0, "% OF TOTAL": null, "% OF TOTAL.1": null, "% OF TOTAL.2": null}, "Householder Age 15-24": {"Demographic": null, "2020": 29, "2024": 29, "2029": 28, "% OF TOTAL": 2.7, "% OF TOTAL.1": null, "% OF TOTAL.2": null}, "Householder Age 25-34": {"Demographic": null, "2020": 130, "2024": 126, "2029": 112, "% OF TOTAL": 10.7, "% OF TOTAL.1": null, "% OF TOTAL.2": null}, "Householder Age 35-44": {"Demographic": null, "2020": 210, "2024": 201, "2029": 187, "% OF TOTAL": 17.9, "% OF TOTAL.1": null, "% OF TOTAL.2": null}, "Householder Age 45-54": {"Demographic": null, "2020": 192, "2024": 183, "2029": 173, "% OF TOTAL": 16.6, "% OF TOTAL.1": null, "% OF TOTAL.2": null}, "Householder Age 55-64": {"Demographic": null, "2020": 229, "2024": 219, "2029": 187, "% OF TOTAL": 17.9, "% OF TOTAL.1": null, "% OF TOTAL.2": null}, "Householder Age 65-74": {"Demographic": null, "2020": 221, "2024": 210, "2029": 212, "% OF TOTAL": 20.3, "% OF TOTAL.1": null, "% OF TOTAL.2": null}, "Householder Age 75+": {"Demographic": null, "2020": 125, "2024": 120, "2029": 145, "% OF TOTAL": 13.9, "% OF TOTAL.1": null, "% OF TOTAL.2": null}, "Average Household Size": {"Demographic": null, "2020": 2.8, "2024": 2.8, "2029": 2.7, "% OF TOTAL": null, "% OF TOTAL.1": null, "% OF TOTAL.2": null}, "1 Person Households": {"Demographic": null, "2020": 251, "2024": 224, "2029": 220, "% OF TOTAL": 21.1, "% OF TOTAL.1": null, "% OF TOTAL.2": null}, "2 Person Households": {"Demographic": null, "2020": 372, "2024": 335, "2029": 328, "% OF TOTAL": 31.4, "% OF TOTAL.1": null, "% OF TOTAL.2": null}, "3 Person Households": {"Demographic": null, "2020": 215, "2024": 195, "2029": 190, "% OF TOTAL": 18.2, "% OF TOTAL.1": null, "% OF TOTAL.2": null}, "4 Person Households": {"Demographic": null, "2020": 171, "2024": 191, "2029": 175, "% OF TOTAL": 16.8, "% OF TOTAL.1": null, "% OF TOTAL.2": null}, "5 Person Households": {"Demographic": null, "2020": 75, "2024": 85, "2029": 78, "% OF TOTAL": 7.5, "% OF TOTAL.1": null, "% OF TOTAL.2": null}, "6 Person Households": {"Demographic": null, "2020": 31, "2024": 34, "2029": 31, "% OF TOTAL": 3.0, "% OF TOTAL.1": null, "% OF TOTAL.2": null}, "7+ Person Households": {"Demographic": null, "2020": 21, "2024": 24, "2029": 22, "% OF TOTAL": 2.1, "% OF TOTAL.1": null, "% OF TOTAL.2": null}, "Household Type: Family": {"Demographic": null, "2020": 817, "2024": 783, "2029": null, "% OF TOTAL": null, "% OF TOTAL.1": null, "% OF TOTAL.2": null}, "Household Type: Married Family": {"Demographic": null, "2020": 562, "2024": 537, "2029": null, "% OF TOTAL": null, "% OF TOTAL.1": null, "% OF TOTAL.2": null}, "Household Type: Married Family With Children": {"Demographic": null, "2020": 162, "2024": 154, "2029": null, "% OF TOTAL": null, "% OF TOTAL.1": null, "% OF TOTAL.2": null}, "Household Type: Married Family Without Children": {"Demographic": null, "2020": 400, "2024": 383, "2029": null, "% OF TOTAL": null, "% OF TOTAL.1": null, "% OF TOTAL.2": null}, "Household Type: Other Family": {"Demographic": null, "2020": 255, "2024": 246, "2029": null, "% OF TOTAL": null, "% OF TOTAL.1": null, "% OF TOTAL.2": null}, "Household Type: Male Households, No Wife": {"Demographic": null, "2020": 88, "2024": 85, "2029": null, "% OF TOTAL": null, "% OF TOTAL.1": null, "% OF TOTAL.2": null}, "Household Type: Male Households, No Wife With Children": {"Demographic": null, "2020": 45, "2024": 44, "2029": null, "% OF TOTAL": null, "% OF TOTAL.1": null, "% OF TOTAL.2": null}, "Household Type: Male Households, No Wife Without Children": {"Demographic": null, "2020": 43, "2024": 41, "2029": null, "% OF TOTAL": null, "% OF TOTAL.1": null, "% OF TOTAL.2": null}, "Household Type: Female Households, No Husband": {"Demographic": null, "2020": 167, "2024": 161, "2029": null, "% OF TOTAL": null, "% OF TOTAL.1": null, "% OF TOTAL.2": null}, "Household Type: Female Households, No Husband With Children": {"Demographic": null, "2020": 79, "2024": 77, "2029": null, "% OF TOTAL": null, "% OF TOTAL.1": null, "% OF TOTAL.2": null}, "Household Type: Female Households, No Husband Without Children": {"Demographic": null, "2020": 88, "2024": 84, "2029": null, "% OF TOTAL": null, "% OF TOTAL.1": null, "% OF TOTAL.2": null}, "Household Income: Average": {"Demographic": null, "2020": 89962, "2024": 100877, "2029": 131782, "% OF TOTAL": null, "% OF TOTAL.1": null, "% OF TOTAL.2": null}, "Household Income: Median": {"Demographic": null, "2020": 0, "2024": 60099, "2029": 91319, "% OF TOTAL": null, "% OF TOTAL.1": null, "% OF TOTAL.2": null}, "Household Income: Less than $25k": {"Demographic": null, "2020": 253, "2024": 218, "2029": 148, "% OF TOTAL": 14.2, "% OF TOTAL.1": null, "% OF TOTAL.2": null}, "Household Income: $25k - $50k": {"Demographic": null, "2020": 182, "2024": 125, "2029": 106, "% OF TOTAL": 10.2, "% OF TOTAL.1": null, "% OF TOTAL.2": null}, "Household Income: $50k - $75k": {"Demographic": null, "2020": 163, "2024": 209, "2029": 119, "% OF TOTAL": 11.4, "% OF TOTAL.1": null, "% OF TOTAL.2": null}, "Household Income: $75k - $100k": {"Demographic": null, "2020": 186, "2024": 155, "2029": 150, "% OF TOTAL": 14.4, "% OF TOTAL.1": null, "% OF TOTAL.2": null}, "Household Income: $100k - $125k": {"Demographic": null, "2020": 78, "2024": 78, "2029": 94, "% OF TOTAL": 9.0, "% OF TOTAL.1": null, "% OF TOTAL.2": null}, "Household Income: $125k - $150k": {"Demographic": null, "2020": 133, "2024": 114, "2029": 133, "% OF TOTAL": 12.7, "% OF TOTAL.1": null, "% OF TOTAL.2": null}, "Household Income: $150k - $200k": {"Demographic": null, "2020": 93, "2024": 107, "2029": 133, "% OF TOTAL": 12.7, "% OF TOTAL.1": null, "% OF TOTAL.2": null}, "Household Income: Above $200k": {"Demographic": null, "2020": 48, "2024": 82, "2029": 161, "% OF TOTAL": 15.4, "% OF TOTAL.1": null, "% OF TOTAL.2": null}, "Total Housing Units": {"Demographic": null, "2020": 1222, "2024": null, "2029": null, "% OF TOTAL": null, "% OF TOTAL.1": null, "% OF TOTAL.2": null}, "Owner Occupied Housing Units": {"Demographic": null, "2020": 883, "2024": 845, "2029": null, "% OF TOTAL": null, "% OF TOTAL.1": null, "% OF TOTAL.2": null}, "Renter Occupied Housing Units": {"Demographic": null, "2020": 253, "2024": 243, "2029": null, "% OF TOTAL": null, "% OF TOTAL.1": null, "% OF TOTAL.2": null}, "Vacant Housing Units": {"Demographic": null, "2020": 86, "2024": null, "2029": null, "% OF TOTAL": null, "% OF TOTAL.1": null, "% OF TOTAL.2": null}, "Vacant Housing Units: Seasonal": {"Demographic": null, "2020": 0, "2024": null, "2029": null, "% OF TOTAL": null, "% OF TOTAL.1": null, "% OF TOTAL.2": null}, "Vacant Housing Units: Other Usage": {"Demographic": null, "2020": 86, "2024": null, "2029": null, "% OF TOTAL": null, "% OF TOTAL.1": null, "% OF TOTAL.2": null}, "Average Housing Unit Value": {"Demographic": null, "2020": 184143, "2024": 185168, "2029": null, "% OF TOTAL": null, "% OF TOTAL.1": null, "% OF TOTAL.2": null}, "Median Housing Unit Value": {"Demographic": null, "2020": 99276, "2024": 99257, "2029": null, "% OF TOTAL": null, "% OF TOTAL.1": null, "% OF TOTAL.2": null}, "Housing Unit Value Less Than $100k": {"Demographic": null, "2020": 302, "2024": 291, "2029": null, "% OF TOTAL": null, "% OF TOTAL.1": null, "% OF TOTAL.2": null}, "Housing Unit Value $100k-$200k": {"Demographic": null, "2020": 294, "2024": 280, "2029": null, "% OF TOTAL": null, "% OF TOTAL.1": null, "% OF TOTAL.2": null}, "Housing Unit Value $200k-$250k": {"Demographic": null, "2020": 83, "2024": 80, "2029": null, "% OF TOTAL": null, "% OF TOTAL.1": null, "% OF TOTAL.2": null}, "Housing Unit Value $250k-$300k": {"Demographic": null, "2020": 160, "2024": 151, "2029": null, "% OF TOTAL": null, "% OF TOTAL.1": null, "% OF TOTAL.2": null}, "Housing Unit Value $300k-$400k": {"Demographic": null, "2020": 30, "2024": 29, "2029": null, "% OF TOTAL": null, "% OF TOTAL.1": null, "% OF TOTAL.2": null}, "Housing Unit Value $400k-$500k": {"Demographic": null, "2020": 0, "2024": 0, "2029": null, "% OF TOTAL": null, "% OF TOTAL.1": null, "% OF TOTAL.2": null}, "Housing Unit Value $500k-$750k": {"Demographic": null, "2020": 0, "2024": 0, "2029": null, "% OF TOTAL": null, "% OF TOTAL.1": null, "% OF TOTAL.2": null}, "Housing Unit Value $750k-$1m": {"Demographic": null, "2020": 0, "2024": 0, "2029": null, "% OF TOTAL": null, "% OF TOTAL.1": null, "% OF TOTAL.2": null}, "Housing Unit Value $1m-$1.5m": {"Demographic": null, "2020": 7, "2024": 7, "2029": null, "% OF TOTAL": null, "% OF TOTAL.1": null, "% OF TOTAL.2": null}, "Housing Unit Value $1.5m-$2m": {"Demographic": null, "2020": 7, "2024": 7, "2029": null, "% OF TOTAL": null, "% OF TOTAL.1": null, "% OF TOTAL.2": null}, "Housing Unit Value Above $2m": {"Demographic": null, "2020": 0, "2024": 0, "2029": null, "% OF TOTAL": null, "% OF TOTAL.1": null, "% OF TOTAL.2": null}, "Median Housing Unit Year Built": {"Demographic": null, "2020": 1990, "2024": 1990, "2029": null, "% OF TOTAL": null, "% OF TOTAL.1": null, "% OF TOTAL.2": null}, "Housing Units Built 2014 Or After": {"Demographic": null, "2020": 0, "2024": 0, "2029": null, "% OF TOTAL": null, "% OF TOTAL.1": null, "% OF TOTAL.2": null}, "Housing Units Built 2010-2013": {"Demographic": null, "2020": 23, "2024": 22, "2029": null, "% OF TOTAL": null, "% OF TOTAL.1": null, "% OF TOTAL.2": null}, "Housing Units Built 2000-2009": {"Demographic": null, "2020": 281, "2024": 270, "2029": null, "% OF TOTAL": null, "% OF TOTAL.1": null, "% OF TOTAL.2": null}, "Housing Units Built 1990-1999": {"Demographic": null, "2020": 378, "2024": 360, "2029": null, "% OF TOTAL": null, "% OF TOTAL.1": null, "% OF TOTAL.2": null}, "Housing Units Built 1980-1989": {"Demographic": null, "2020": 183, "2024": 176, "2029": null, "% OF TOTAL": null, "% OF TOTAL.1": null, "% OF TOTAL.2": null}, "Housing Units Built 1970-1979": {"Demographic": null, "2020": 192, "2024": 183, "2029": null, "% OF TOTAL": null, "% OF TOTAL.1": null, "% OF TOTAL.2": null}, "Housing Units Built 1960-1969": {"Demographic": null, "2020": 45, "2024": 44, "2029": null, "% OF TOTAL": null, "% OF TOTAL.1": null, "% OF TOTAL.2": null}, "Housing Units Built 1950-1959": {"Demographic": null, "2020": 19, "2024": 19, "2029": null, "% OF TOTAL": null, "% OF TOTAL.1": null, "% OF TOTAL.2": null}, "Housing Units Built 1940-1949": {"Demographic": null, "2020": 15, "2024": 14, "2029": null, "% OF TOTAL": null, "% OF TOTAL.1": null, "% OF TOTAL.2": null}, "Housing Units Built Before 1940": {"Demographic": null, "2020": 0, "2024": 0, "2029": null, "% OF TOTAL": null, "% OF TOTAL.1": null, "% OF TOTAL.2": null}}}, "geometry": {"type": "Polygon", "coordinates": [[[-88.230269, 30.44202], [-88.230634, 30.471058], [-88.19711, 30.47137], [-88.196755, 30.442331], [-88.230269, 30.44202]]]}}, {"type": "Feature", "properties": {"block": "027", "block_num": 27, "CentroidLon": -88.18017242473066, "CentroidLat": 30.45700297472987, "data_status": "usable", "is_anomalous": false, "anomaly_reason": null, "files_present": "DemographicSnapshot-26.08.06.csv;PopulationTrends-26.08.06.csv;HouseholdTrends-26.08.06.csv;HouseholdIncomeByAge-26.08.06.csv;ConsumerSegmentation-26.08.06.csv", "population_2024": 856, "population_2029": 844, "households_2024": 318, "households_2029": 318, "median_household_income_2024": 80556, "median_household_income_2029": 118214, "mean_household_income_2024": null, "mean_household_income_2029": null, "median_age_2024": 47, "median_age_2029": 48, "median_home_value_2024": 303846, "average_household_size_2024": 2.7, "average_household_size_2029": 2.7, "population_growth_2024_2029": -1.4, "households_growth_2024_2029": -0.3, "consumer_segments": {"Simple Life Moderate Income No Children": {"households": 54, "pct": 28.6}, "Simple Life Moderate Income With Children": {"households": 36, "pct": 19.0}, "Active Adult Elite": {"households": 30, "pct": 15.9}, "Family Life Young Children": {"households": 22, "pct": 11.6}, "Renters": {"households": 19, "pct": 10.1}, "Simple Life Affluent No Children": {"households": 11, "pct": 5.8}, "Renters Near Term Buyers": {"households": 7, "pct": 3.7}, "Active Adult Entry Level": {"households": 6, "pct": 3.2}, "Active Adult Feature and Location": {"households": 4, "pct": 2.1}, "Elite": {"households": 0, "pct": 0.0}, "Family Life School Age Children": {"households": 0, "pct": 0.0}, "Feature and Location": {"households": 0, "pct": 0.0}, "Entry Level Urban": {"households": 0, "pct": 0.0}, "Entry Level Suburban": {"households": 0, "pct": 0.0}}, "income_age": {"2020": {}, "2024": {}, "2029": {}}, "population_trends": {"Total Population": {"Demographic": null, "2020": 868, "2024": 856, "2029": 844, "% OF TOTAL": null, "% OF TOTAL.1": null, "% OF TOTAL.2": null}, "Population Growth": {"Demographic": null, "2020": null, "2024": -1.4, "2029": -1.4, "% OF TOTAL": null, "% OF TOTAL.1": null, "% OF TOTAL.2": null}, "Female Population": {"Demographic": null, "2020": 419, "2024": 414, "2029": 408, "% OF TOTAL": 48.3, "% OF TOTAL.1": null, "% OF TOTAL.2": null}, "Male Population": {"Demographic": null, "2020": 449, "2024": 442, "2029": 436, "% OF TOTAL": 51.7, "% OF TOTAL.1": null, "% OF TOTAL.2": null}, "Total population: Median Age": {"Demographic": null, "2020": 47, "2024": 47, "2029": 48, "% OF TOTAL": null, "% OF TOTAL.1": null, "% OF TOTAL.2": null}, "Total population: Under 5 years": {"Demographic": null, "2020": 38, "2024": 38, "2029": 37, "% OF TOTAL": 4.4, "% OF TOTAL.1": null, "% OF TOTAL.2": null}, "Total population: 5 - 9 years": {"Demographic": null, "2020": 33, "2024": 34, "2029": 31, "% OF TOTAL": 3.7, "% OF TOTAL.1": null, "% OF TOTAL.2": null}, "Total population: 10 - 14 years": {"Demographic": null, "2020": 58, "2024": 54, "2029": 44, "% OF TOTAL": 5.2, "% OF TOTAL.1": null, "% OF TOTAL.2": null}, "Total population: 15 - 19 years": {"Demographic": null, "2020": 60, "2024": 60, "2029": 55, "% OF TOTAL": 6.5, "% OF TOTAL.1": null, "% OF TOTAL.2": null}, "Total population: 20 - 24 years": {"Demographic": null, "2020": 39, "2024": 39, "2029": 44, "% OF TOTAL": 5.2, "% OF TOTAL.1": null, "% OF TOTAL.2": null}, "Total population: 25 - 29 years": {"Demographic": null, "2020": 41, "2024": 39, "2029": 39, "% OF TOTAL": 4.6, "% OF TOTAL.1": null, "% OF TOTAL.2": null}, "Total population: 30 - 34 years": {"Demographic": null, "2020": 44, "2024": 42, "2029": 39, "% OF TOTAL": 4.6, "% OF TOTAL.1": null, "% OF TOTAL.2": null}, "Total population: 35 - 39 years": {"Demographic": null, "2020": 47, "2024": 47, "2029": 46, "% OF TOTAL": 5.5, "% OF TOTAL.1": null, "% OF TOTAL.2": null}, "Total population: 40 - 44 years": {"Demographic": null, "2020": 48, "2024": 49, "2029": 49, "% OF TOTAL": 5.8, "% OF TOTAL.1": null, "% OF TOTAL.2": null}, "Total population: 45 - 49 years": {"Demographic": null, "2020": 61, "2024": 58, "2029": 58, "% OF TOTAL": 6.9, "% OF TOTAL.1": null, "% OF TOTAL.2": null}, "Total population: 50 - 54 years": {"Demographic": null, "2020": 57, "2024": 56, "2029": 54, "% OF TOTAL": 6.4, "% OF TOTAL.1": null, "% OF TOTAL.2": null}, "Total population: 55 - 59 years": {"Demographic": null, "2020": 80, "2024": 72, "2029": 63, "% OF TOTAL": 7.5, "% OF TOTAL.1": null, "% OF TOTAL.2": null}, "Total population: 60 - 64 years": {"Demographic": null, "2020": 74, "2024": 71, "2029": 66, "% OF TOTAL": 7.8, "% OF TOTAL.1": null, "% OF TOTAL.2": null}, "Total population: 65 - 69 years": {"Demographic": null, "2020": 66, "2024": 66, "2029": 66, "% OF TOTAL": 7.8, "% OF TOTAL.1": null, "% OF TOTAL.2": null}, "Total population: 70 - 74 years": {"Demographic": null, "2020": 52, "2024": 52, "2029": 58, "% OF TOTAL": 6.9, "% OF TOTAL.1": null, "% OF TOTAL.2": null}, "Total population: 75 - 79 years": {"Demographic": null, "2020": 22, "2024": 26, "2029": 36, "% OF TOTAL": 4.3, "% OF TOTAL.1": null, "% OF TOTAL.2": null}, "Total population: 80 - 84 years": {"Demographic": null, "2020": 31, "2024": 35, "2029": 35, "% OF TOTAL": 4.1, "% OF TOTAL.1": null, "% OF TOTAL.2": null}, "Total population: 85 years and over": {"Demographic": null, "2020": 17, "2024": 18, "2029": 24, "% OF TOTAL": 2.8, "% OF TOTAL.1": null, "% OF TOTAL.2": null}, "Female population: Median Age": {"Demographic": null, "2020": 48, "2024": 48, "2029": 48, "% OF TOTAL": null, "% OF TOTAL.1": null, "% OF TOTAL.2": null}, "Female population: Under 5 years": {"Demographic": null, "2020": 11, "2024": 13, "2029": 14, "% OF TOTAL": 3.4, "% OF TOTAL.1": null, "% OF TOTAL.2": null}, "Female population: 5 - 9 years": {"Demographic": null, "2020": 13, "2024": 13, "2029": 12, "% OF TOTAL": 2.9, "% OF TOTAL.1": null, "% OF TOTAL.2": null}, "Female population: 10 - 14 years": {"Demographic": null, "2020": 34, "2024": 31, "2029": 24, "% OF TOTAL": 5.9, "% OF TOTAL.1": null, "% OF TOTAL.2": null}, "Female population: 15 - 19 years": {"Demographic": null, "2020": 25, "2024": 26, "2029": 26, "% OF TOTAL": 6.4, "% OF TOTAL.1": null, "% OF TOTAL.2": null}, "Female population: 20 - 24 years": {"Demographic": null, "2020": 16, "2024": 16, "2029": 19, "% OF TOTAL": 4.7, "% OF TOTAL.1": null, "% OF TOTAL.2": null}, "Female population: 25 - 29 years": {"Demographic": null, "2020": 16, "2024": 15, "2029": 15, "% OF TOTAL": 3.7, "% OF TOTAL.1": null, "% OF TOTAL.2": null}, "Female population: 30 - 34 years": {"Demographic": null, "2020": 26, "2024": 25, "2029": 21, "% OF TOTAL": 5.1, "% OF TOTAL.1": null, "% OF TOTAL.2": null}, "Female population: 35 - 39 years": {"Demographic": null, "2020": 28, "2024": 28, "2029": 27, "% OF TOTAL": 6.6, "% OF TOTAL.1": null, "% OF TOTAL.2": null}, "Female population: 40 - 44 years": {"Demographic": null, "2020": 21, "2024": 22, "2029": 24, "% OF TOTAL": 5.9, "% OF TOTAL.1": null, "% OF TOTAL.2": null}, "Female population: 45 - 49 years": {"Demographic": null, "2020": 31, "2024": 29, "2029": 28, "% OF TOTAL": 6.9, "% OF TOTAL.1": null, "% OF TOTAL.2": null}, "Female population: 50 - 54 years": {"Demographic": null, "2020": 28, "2024": 28, "2029": 27, "% OF TOTAL": 6.6, "% OF TOTAL.1": null, "% OF TOTAL.2": null}, "Female population: 55 - 59 years": {"Demographic": null, "2020": 40, "2024": 36, "2029": 31, "% OF TOTAL": 7.6, "% OF TOTAL.1": null, "% OF TOTAL.2": null}, "Female population: 60 - 64 years": {"Demographic": null, "2020": 35, "2024": 34, "2029": 32, "% OF TOTAL": 7.8, "% OF TOTAL.1": null, "% OF TOTAL.2": null}, "Female population: 65 - 69 years": {"Demographic": null, "2020": 42, "2024": 42, "2029": 38, "% OF TOTAL": 9.3, "% OF TOTAL.1": null, "% OF TOTAL.2": null}, "Female population: 70 - 74 years": {"Demographic": null, "2020": 21, "2024": 21, "2029": 28, "% OF TOTAL": 6.9, "% OF TOTAL.1": null, "% OF TOTAL.2": null}, "Female population: 75 - 79 years": {"Demographic": null, "2020": 15, "2024": 17, "2029": 19, "% OF TOTAL": 4.7, "% OF TOTAL.1": null, "% OF TOTAL.2": null}, "Female population: 80 - 84 years": {"Demographic": null, "2020": 11, "2024": 12, "2029": 15, "% OF TOTAL": 3.7, "% OF TOTAL.1": null, "% OF TOTAL.2": null}, "Female population: 85 years and over": {"Demographic": null, "2020": 6, "2024": 6, "2029": 8, "% OF TOTAL": 2.0, "% OF TOTAL.1": null, "% OF TOTAL.2": null}, "Male population: Median Age": {"Demographic": null, "2020": 46, "2024": 46, "2029": 47, "% OF TOTAL": null, "% OF TOTAL.1": null, "% OF TOTAL.2": null}, "Male population: Under 5 years": {"Demographic": null, "2020": 27, "2024": 25, "2029": 23, "% OF TOTAL": 5.3, "% OF TOTAL.1": null, "% OF TOTAL.2": null}, "Male population: 5 - 9 years": {"Demographic": null, "2020": 20, "2024": 21, "2029": 19, "% OF TOTAL": 4.4, "% OF TOTAL.1": null, "% OF TOTAL.2": null}, "Male population: 10 - 14 years": {"Demographic": null, "2020": 24, "2024": 23, "2029": 20, "% OF TOTAL": 4.6, "% OF TOTAL.1": null, "% OF TOTAL.2": null}, "Male population: 15 - 19 years": {"Demographic": null, "2020": 35, "2024": 34, "2029": 29, "% OF TOTAL": 6.7, "% OF TOTAL.1": null, "% OF TOTAL.2": null}, "Male population: 20 - 24 years": {"Demographic": null, "2020": 23, "2024": 23, "2029": 25, "% OF TOTAL": 5.7, "% OF TOTAL.1": null, "% OF TOTAL.2": null}, "Male population: 25 - 29 years": {"Demographic": null, "2020": 25, "2024": 24, "2029": 24, "% OF TOTAL": 5.5, "% OF TOTAL.1": null, "% OF TOTAL.2": null}, "Male population: 30 - 34 years": {"Demographic": null, "2020": 18, "2024": 17, "2029": 18, "% OF TOTAL": 4.1, "% OF TOTAL.1": null, "% OF TOTAL.2": null}, "Male population: 35 - 39 years": {"Demographic": null, "2020": 19, "2024": 19, "2029": 19, "% OF TOTAL": 4.4, "% OF TOTAL.1": null, "% OF TOTAL.2": null}, "Male population: 40 - 44 years": {"Demographic": null, "2020": 27, "2024": 27, "2029": 25, "% OF TOTAL": 5.7, "% OF TOTAL.1": null, "% OF TOTAL.2": null}, "Male population: 45 - 49 years": {"Demographic": null, "2020": 30, "2024": 29, "2029": 30, "% OF TOTAL": 6.9, "% OF TOTAL.1": null, "% OF TOTAL.2": null}, "Male population: 50 - 54 years": {"Demographic": null, "2020": 29, "2024": 28, "2029": 27, "% OF TOTAL": 6.2, "% OF TOTAL.1": null, "% OF TOTAL.2": null}, "Male population: 55 - 59 years": {"Demographic": null, "2020": 40, "2024": 36, "2029": 32, "% OF TOTAL": 7.3, "% OF TOTAL.1": null, "% OF TOTAL.2": null}, "Male population: 60 - 64 years": {"Demographic": null, "2020": 39, "2024": 37, "2029": 34, "% OF TOTAL": 7.8, "% OF TOTAL.1": null, "% OF TOTAL.2": null}, "Male population: 65 - 69 years": {"Demographic": null, "2020": 24, "2024": 24, "2029": 28, "% OF TOTAL": 6.4, "% OF TOTAL.1": null, "% OF TOTAL.2": null}, "Male population: 70 - 74 years": {"Demographic": null, "2020": 31, "2024": 31, "2029": 30, "% OF TOTAL": 6.9, "% OF TOTAL.1": null, "% OF TOTAL.2": null}, "Male population: 75 - 79 years": {"Demographic": null, "2020": 7, "2024": 9, "2029": 17, "% OF TOTAL": 3.9, "% OF TOTAL.1": null, "% OF TOTAL.2": null}, "Male population: 80 - 84 years": {"Demographic": null, "2020": 20, "2024": 23, "2029": 20, "% OF TOTAL": 4.6, "% OF TOTAL.1": null, "% OF TOTAL.2": null}, "Male population: 85 years and over": {"Demographic": null, "2020": 11, "2024": 12, "2029": 16, "% OF TOTAL": 3.7, "% OF TOTAL.1": null, "% OF TOTAL.2": null}, "White alone": {"Demographic": null, "2020": 758, "2024": 741, "2029": 730, "% OF TOTAL": 86.5, "% OF TOTAL.1": null, "% OF TOTAL.2": null}, "Black alone": {"Demographic": null, "2020": 48, "2024": 48, "2029": 48, "% OF TOTAL": 5.7, "% OF TOTAL.1": null, "% OF TOTAL.2": null}, "American Indian and Alaska Native alone": {"Demographic": null, "2020": 13, "2024": 14, "2029": 14, "% OF TOTAL": 1.7, "% OF TOTAL.1": null, "% OF TOTAL.2": null}, "Asian alone": {"Demographic": null, "2020": 7, "2024": 7, "2029": 7, "% OF TOTAL": 0.8, "% OF TOTAL.1": null, "% OF TOTAL.2": null}, "Native Hawaiian and OPI alone": {"Demographic": null, "2020": 0, "2024": 0, "2029": 0, "% OF TOTAL": 0.0, "% OF TOTAL.1": null, "% OF TOTAL.2": null}, "Some other race alone": {"Demographic": null, "2020": 3, "2024": 3, "2029": 3, "% OF TOTAL": 0.4, "% OF TOTAL.1": null, "% OF TOTAL.2": null}, "Two or more races alone": {"Demographic": null, "2020": 39, "2024": 43, "2029": 42, "% OF TOTAL": 5.0, "% OF TOTAL.1": null, "% OF TOTAL.2": null}, "Not Hispanic: White alone": {"Demographic": null, "2020": 741, "2024": 723, "2029": 712, "% OF TOTAL": 84.4, "% OF TOTAL.1": null, "% OF TOTAL.2": null}, "Not Hispanic: Black or African American alone": {"Demographic": null, "2020": 48, "2024": 48, "2029": 48, "% OF TOTAL": 5.7, "% OF TOTAL.1": null, "% OF TOTAL.2": null}, "Not Hispanic: American Indian and Alaska Native alone": {"Demographic": null, "2020": 13, "2024": 14, "2029": 14, "% OF TOTAL": 1.7, "% OF TOTAL.1": null, "% OF TOTAL.2": null}, "Not Hispanic: Asian alone": {"Demographic": null, "2020": 7, "2024": 7, "2029": 7, "% OF TOTAL": 0.8, "% OF TOTAL.1": null, "% OF TOTAL.2": null}, "Not Hispanic: Native Hawaiian and OPI alone": {"Demographic": null, "2020": 0, "2024": 0, "2029": 0, "% OF TOTAL": 0.0, "% OF TOTAL.1": null, "% OF TOTAL.2": null}, "Not Hispanic: Some Other Race alone": {"Demographic": null, "2020": 2, "2024": 2, "2029": 2, "% OF TOTAL": 0.2, "% OF TOTAL.1": null, "% OF TOTAL.2": null}, "Not Hispanic: Two or More Races": {"Demographic": null, "2020": 33, "2024": 36, "2029": 35, "% OF TOTAL": 4.1, "% OF TOTAL.1": null, "% OF TOTAL.2": null}, "Hispanic: White alone": {"Demographic": null, "2020": 17, "2024": 18, "2029": 18, "% OF TOTAL": 2.1, "% OF TOTAL.1": null, "% OF TOTAL.2": null}, "Hispanic: Black or African American alone": {"Demographic": null, "2020": 0, "2024": 0, "2029": 0, "% OF TOTAL": 0.0, "% OF TOTAL.1": null, "% OF TOTAL.2": null}, "Hispanic: American Indian and Alaska Native alone": {"Demographic": null, "2020": 0, "2024": 0, "2029": 0, "% OF TOTAL": 0.0, "% OF TOTAL.1": null, "% OF TOTAL.2": null}, "Hispanic: Asian alone": {"Demographic": null, "2020": 0, "2024": 0, "2029": 0, "% OF TOTAL": 0.0, "% OF TOTAL.1": null, "% OF TOTAL.2": null}, "Hispanic: Native Hawaiian and OPI alone": {"Demographic": null, "2020": 0, "2024": 0, "2029": 0, "% OF TOTAL": 0.0, "% OF TOTAL.1": null, "% OF TOTAL.2": null}, "Hispanic: Some Other Race alone": {"Demographic": null, "2020": 1, "2024": 1, "2029": 1, "% OF TOTAL": 0.1, "% OF TOTAL.1": null, "% OF TOTAL.2": null}, "Hispanic: Two or More Races": {"Demographic": null, "2020": 6, "2024": 7, "2029": 7, "% OF TOTAL": 0.8, "% OF TOTAL.1": null, "% OF TOTAL.2": null}, "Educational Attainment: No High School Diploma": {"Demographic": null, "2020": 43, "2024": 42, "2029": null, "% OF TOTAL": null, "% OF TOTAL.1": null, "% OF TOTAL.2": null}, "Educational Attainment: High School Diploma": {"Demographic": null, "2020": 209, "2024": 206, "2029": null, "% OF TOTAL": null, "% OF TOTAL.1": null, "% OF TOTAL.2": null}, "Educational Attainment: Some College": {"Demographic": null, "2020": 236, "2024": 233, "2029": null, "% OF TOTAL": null, "% OF TOTAL.1": null, "% OF TOTAL.2": null}, "Educational Attainment: Associates Degree": {"Demographic": null, "2020": 71, "2024": 70, "2029": null, "% OF TOTAL": null, "% OF TOTAL.1": null, "% OF TOTAL.2": null}, "Educational Attainment: Bachelors Degree": {"Demographic": null, "2020": 54, "2024": 53, "2029": null, "% OF TOTAL": null, "% OF TOTAL.1": null, "% OF TOTAL.2": null}, "Educational Attainment: Advanced Degree": {"Demographic": null, "2020": 27, "2024": 27, "2029": null, "% OF TOTAL": null, "% OF TOTAL.1": null, "% OF TOTAL.2": null}, "Employment Status: Armed Forces": {"Demographic": null, "2020": 0, "2024": 0, "2029": null, "% OF TOTAL": null, "% OF TOTAL.1": null, "% OF TOTAL.2": null}, "Employment Status: Civilian labor force employed": {"Demographic": null, "2020": 416, "2024": 412, "2029": null, "% OF TOTAL": null, "% OF TOTAL.1": null, "% OF TOTAL.2": null}, "Employment Status: Civilian labor force unemployed": {"Demographic": null, "2020": 0, "2024": 0, "2029": null, "% OF TOTAL": null, "% OF TOTAL.1": null, "% OF TOTAL.2": null}, "Employment Status: Not in labor force": {"Demographic": null, "2020": 318, "2024": 314, "2029": null, "% OF TOTAL": null, "% OF TOTAL.1": null, "% OF TOTAL.2": null}, "Employed in Agriculture and Mining Industries": {"Demographic": null, "2020": 0, "2024": 0, "2029": null, "% OF TOTAL": null, "% OF TOTAL.1": null, "% OF TOTAL.2": null}, "Employed in Construction Industries": {"Demographic": null, "2020": 31, "2024": 31, "2029": null, "% OF TOTAL": null, "% OF TOTAL.1": null, "% OF TOTAL.2": null}, "Employed in Manufacturing Industries": {"Demographic": null, "2020": 98, "2024": 97, "2029": null, "% OF TOTAL": null, "% OF TOTAL.1": null, "% OF TOTAL.2": null}, "Employed in Wholesale Industries": {"Demographic": null, "2020": 6, "2024": 6, "2029": null, "% OF TOTAL": null, "% OF TOTAL.1": null, "% OF TOTAL.2": null}, "Employed in Retail Industries": {"Demographic": null, "2020": 34, "2024": 34, "2029": null, "% OF TOTAL": null, "% OF TOTAL.1": null, "% OF TOTAL.2": null}, "Employed in Transportation and Utilities Industries": {"Demographic": null, "2020": 38, "2024": 37, "2029": null, "% OF TOTAL": null, "% OF TOTAL.1": null, "% OF TOTAL.2": null}, "Employed in Information Industries": {"Demographic": null, "2020": 0, "2024": 0, "2029": null, "% OF TOTAL": null, "% OF TOTAL.1": null, "% OF TOTAL.2": null}, "Employed in Real-Estate Industries": {"Demographic": null, "2020": 49, "2024": 48, "2029": null, "% OF TOTAL": null, "% OF TOTAL.1": null, "% OF TOTAL.2": null}, "Employed in Professional Industries": {"Demographic": null, "2020": 31, "2024": 31, "2029": null, "% OF TOTAL": null, "% OF TOTAL.1": null, "% OF TOTAL.2": null}, "Employed in Health and Education Industries": {"Demographic": null, "2020": 90, "2024": 89, "2029": null, "% OF TOTAL": null, "% OF TOTAL.1": null, "% OF TOTAL.2": null}, "Employed in Art Industries": {"Demographic": null, "2020": 7, "2024": 7, "2029": null, "% OF TOTAL": null, "% OF TOTAL.1": null, "% OF TOTAL.2": null}, "Employed in Other Industries": {"Demographic": null, "2020": 0, "2024": 0, "2029": null, "% OF TOTAL": null, "% OF TOTAL.1": null, "% OF TOTAL.2": null}, "Employed in Public Administration Industries": {"Demographic": null, "2020": 32, "2024": 32, "2029": null, "% OF TOTAL": null, "% OF TOTAL.1": null, "% OF TOTAL.2": null}, "Occupation: Management": {"Demographic": null, "2020": 20, "2024": 20, "2029": null, "% OF TOTAL": null, "% OF TOTAL.1": null, "% OF TOTAL.2": null}, "Occupation: Business and financial operations": {"Demographic": null, "2020": 20, "2024": 20, "2029": null, "% OF TOTAL": null, "% OF TOTAL.1": null, "% OF TOTAL.2": null}, "Occupation: Computer and mathematical": {"Demographic": null, "2020": 4, "2024": 4, "2029": null, "% OF TOTAL": null, "% OF TOTAL.1": null, "% OF TOTAL.2": null}, "Occupation: Architecture and engineering": {"Demographic": null, "2020": 0, "2024": 0, "2029": null, "% OF TOTAL": null, "% OF TOTAL.1": null, "% OF TOTAL.2": null}, "Occupation: Life, physical, and social science": {"Demographic": null, "2020": 0, "2024": 0, "2029": null, "% OF TOTAL": null, "% OF TOTAL.1": null, "% OF TOTAL.2": null}, "Occupation: Community and social service": {"Demographic": null, "2020": 34, "2024": 33, "2029": null, "% OF TOTAL": null, "% OF TOTAL.1": null, "% OF TOTAL.2": null}, "Occupation: Legal": {"Demographic": null, "2020": 22, "2024": 22, "2029": null, "% OF TOTAL": null, "% OF TOTAL.1": null, "% OF TOTAL.2": null}, "Occupation: Education, training, and library": {"Demographic": null, "2020": 8, "2024": 8, "2029": null, "% OF TOTAL": null, "% OF TOTAL.1": null, "% OF TOTAL.2": null}, "Occupation: Arts, design, entertainment, sports, and media": {"Demographic": null, "2020": 5, "2024": 5, "2029": null, "% OF TOTAL": null, "% OF TOTAL.1": null, "% OF TOTAL.2": null}, "Occupation: Health diagnosing and treating practitioners": {"Demographic": null, "2020": 0, "2024": 0, "2029": null, "% OF TOTAL": null, "% OF TOTAL.1": null, "% OF TOTAL.2": null}, "Occupation: Health technologists and technicians": {"Demographic": null, "2020": 19, "2024": 19, "2029": null, "% OF TOTAL": null, "% OF TOTAL.1": null, "% OF TOTAL.2": null}, "Occupation: Healthcare support": {"Demographic": null, "2020": 8, "2024": 8, "2029": null, "% OF TOTAL": null, "% OF TOTAL.1": null, "% OF TOTAL.2": null}, "Occupation: Fire fighting and prevention": {"Demographic": null, "2020": 32, "2024": 31, "2029": null, "% OF TOTAL": null, "% OF TOTAL.1": null, "% OF TOTAL.2": null}, "Occupation: Law enforcement workers": {"Demographic": null, "2020": 0, "2024": 0, "2029": null, "% OF TOTAL": null, "% OF TOTAL.1": null, "% OF TOTAL.2": null}, "Occupation: Food preparation and serving related": {"Demographic": null, "2020": 0, "2024": 0, "2029": null, "% OF TOTAL": null, "% OF TOTAL.1": null, "% OF TOTAL.2": null}, "Occupation: Building and grounds cleaning and maintenance": {"Demographic": null, "2020": 0, "2024": 0, "2029": null, "% OF TOTAL": null, "% OF TOTAL.1": null, "% OF TOTAL.2": null}, "Occupation: Personal care and service": {"Demographic": null, "2020": 0, "2024": 0, "2029": null, "% OF TOTAL": null, "% OF TOTAL.1": null, "% OF TOTAL.2": null}, "Occupation: Sales and related": {"Demographic": null, "2020": 52, "2024": 51, "2029": null, "% OF TOTAL": null, "% OF TOTAL.1": null, "% OF TOTAL.2": null}, "Occupation: Office and administrative support": {"Demographic": null, "2020": 27, "2024": 27, "2029": null, "% OF TOTAL": null, "% OF TOTAL.1": null, "% OF TOTAL.2": null}, "Occupation: Farming, fishing, and forestry": {"Demographic": null, "2020": 0, "2024": 0, "2029": null, "% OF TOTAL": null, "% OF TOTAL.1": null, "% OF TOTAL.2": null}, "Occupation: Construction and extraction": {"Demographic": null, "2020": 21, "2024": 21, "2029": null, "% OF TOTAL": null, "% OF TOTAL.1": null, "% OF TOTAL.2": null}, "Occupation: Installation, maintenance, and repair": {"Demographic": null, "2020": 22, "2024": 22, "2029": null, "% OF TOTAL": null, "% OF TOTAL.1": null, "% OF TOTAL.2": null}, "Occupation: Production": {"Demographic": null, "2020": 30, "2024": 30, "2029": null, "% OF TOTAL": null, "% OF TOTAL.1": null, "% OF TOTAL.2": null}, "Occupation: Transportation": {"Demographic": null, "2020": 30, "2024": 30, "2029": null, "% OF TOTAL": null, "% OF TOTAL.1": null, "% OF TOTAL.2": null}, "Occupation: Material moving": {"Demographic": null, "2020": 62, "2024": 61, "2029": null, "% OF TOTAL": null, "% OF TOTAL.1": null, "% OF TOTAL.2": null}, "White collar": {"Demographic": null, "2020": 211, "2024": 209, "2029": null, "% OF TOTAL": null, "% OF TOTAL.1": null, "% OF TOTAL.2": null}, "Blue collar": {"Demographic": null, "2020": 205, "2024": 203, "2029": null, "% OF TOTAL": null, "% OF TOTAL.1": null, "% OF TOTAL.2": null}, "Means of transportation: Car, truck or van": {"Demographic": null, "2020": 285, "2024": 282, "2029": null, "% OF TOTAL": null, "% OF TOTAL.1": null, "% OF TOTAL.2": null}, "Means of transportation: Public transportation": {"Demographic": null, "2020": 0, "2024": 0, "2029": null, "% OF TOTAL": null, "% OF TOTAL.1": null, "% OF TOTAL.2": null}, "Means of transportation: Other": {"Demographic": null, "2020": 0, "2024": 0, "2029": null, "% OF TOTAL": null, "% OF TOTAL.1": null, "% OF TOTAL.2": null}, "Travel time: Average (in minutes)": {"Demographic": null, "2020": 29, "2024": 29, "2029": null, "% OF TOTAL": null, "% OF TOTAL.1": null, "% OF TOTAL.2": null}, "Travel time to work: Less than 30 minutes": {"Demographic": null, "2020": 120, "2024": 119, "2029": null, "% OF TOTAL": null, "% OF TOTAL.1": null, "% OF TOTAL.2": null}, "Travel time to work: 30 to 60 minutes": {"Demographic": null, "2020": 165, "2024": 163, "2029": null, "% OF TOTAL": null, "% OF TOTAL.1": null, "% OF TOTAL.2": null}, "Travel time to work: 60 or more minutes": {"Demographic": null, "2020": 0, "2024": 0, "2029": null, "% OF TOTAL": null, "% OF TOTAL.1": null, "% OF TOTAL.2": null}}, "demographic_snapshot": {"Total Population": {"Demographic": null, "2020": 868, "2024": 856, "2029": 844, "% OF TOTAL": null, "% OF TOTAL.1": null, "% OF TOTAL.2": null}, "Households": {"Demographic": null, "2020": 319, "2024": 318, "2029": 318, "% OF TOTAL": null, "% OF TOTAL.1": null, "% OF TOTAL.2": null}, "Population in Group Quarters": {"Demographic": null, "2020": 0, "2024": 0, "2029": 0, "% OF TOTAL": null, "% OF TOTAL.1": null, "% OF TOTAL.2": null}, "Households Growth": {"Demographic": null, "2020": null, "2024": -0.3, "2029": 0.0, "% OF TOTAL": null, "% OF TOTAL.1": null, "% OF TOTAL.2": null}, "Household Income: Median": {"Demographic": null, "2020": 0, "2024": 80556, "2029": 118214, "% OF TOTAL": null, "% OF TOTAL.1": null, "% OF TOTAL.2": null}, "Home Value: Median": {"Demographic": null, "2020": 304348, "2024": 303846, "2029": null, "% OF TOTAL": null, "% OF TOTAL.1": null, "% OF TOTAL.2": null}, "Population Growth": {"Demographic": null, "2020": null, "2024": -1.4, "2029": -1.4, "% OF TOTAL": null, "% OF TOTAL.1": null, "% OF TOTAL.2": null}, "Total Population: Under 19 years": {"Demographic": null, "2020": 189, "2024": 186, "2029": 167, "% OF TOTAL": 19.8, "% OF TOTAL.1": null, "% OF TOTAL.2": null}, "Total Population: 20 - 64 years": {"Demographic": null, "2020": 491, "2024": 473, "2029": 458, "% OF TOTAL": 54.3, "% OF TOTAL.1": null, "% OF TOTAL.2": null}, "Total Population: 65 years and over": {"Demographic": null, "2020": 188, "2024": 197, "2029": 219, "% OF TOTAL": 25.9, "% OF TOTAL.1": null, "% OF TOTAL.2": null}, "Total population: Median age": {"Demographic": null, "2020": 47, "2024": 47, "2029": 48, "% OF TOTAL": null, "% OF TOTAL.1": null, "% OF TOTAL.2": null}, "Total population: Under 5 years": {"Demographic": null, "2020": 38, "2024": 38, "2029": 37, "% OF TOTAL": 4.4, "% OF TOTAL.1": null, "% OF TOTAL.2": null}, "Total population: 5 - 9 years": {"Demographic": null, "2020": 33, "2024": 34, "2029": 31, "% OF TOTAL": 3.7, "% OF TOTAL.1": null, "% OF TOTAL.2": null}, "Total population: 10 - 14 years": {"Demographic": null, "2020": 58, "2024": 54, "2029": 44, "% OF TOTAL": 5.2, "% OF TOTAL.1": null, "% OF TOTAL.2": null}, "Total population: 15 - 19 years": {"Demographic": null, "2020": 60, "2024": 60, "2029": 55, "% OF TOTAL": 6.5, "% OF TOTAL.1": null, "% OF TOTAL.2": null}, "Total population: 20 - 24 years": {"Demographic": null, "2020": 39, "2024": 39, "2029": 44, "% OF TOTAL": 5.2, "% OF TOTAL.1": null, "% OF TOTAL.2": null}, "Total population: 25 - 29 years": {"Demographic": null, "2020": 41, "2024": 39, "2029": 39, "% OF TOTAL": 4.6, "% OF TOTAL.1": null, "% OF TOTAL.2": null}, "Total population: 30 - 34 years": {"Demographic": null, "2020": 44, "2024": 42, "2029": 39, "% OF TOTAL": 4.6, "% OF TOTAL.1": null, "% OF TOTAL.2": null}, "Total population: 35 - 39 years": {"Demographic": null, "2020": 47, "2024": 47, "2029": 46, "% OF TOTAL": 5.5, "% OF TOTAL.1": null, "% OF TOTAL.2": null}, "Total population: 40 - 44 years": {"Demographic": null, "2020": 48, "2024": 49, "2029": 49, "% OF TOTAL": 5.8, "% OF TOTAL.1": null, "% OF TOTAL.2": null}, "Total population: 45 - 49 years": {"Demographic": null, "2020": 61, "2024": 58, "2029": 58, "% OF TOTAL": 6.9, "% OF TOTAL.1": null, "% OF TOTAL.2": null}, "Total population: 50 - 54 years": {"Demographic": null, "2020": 57, "2024": 56, "2029": 54, "% OF TOTAL": 6.4, "% OF TOTAL.1": null, "% OF TOTAL.2": null}, "Total population: 55 - 59 years": {"Demographic": null, "2020": 80, "2024": 72, "2029": 63, "% OF TOTAL": 7.5, "% OF TOTAL.1": null, "% OF TOTAL.2": null}, "Total population: 60 - 64 years": {"Demographic": null, "2020": 74, "2024": 71, "2029": 66, "% OF TOTAL": 7.8, "% OF TOTAL.1": null, "% OF TOTAL.2": null}, "Total population: 65 - 69 years": {"Demographic": null, "2020": 66, "2024": 66, "2029": 66, "% OF TOTAL": 7.8, "% OF TOTAL.1": null, "% OF TOTAL.2": null}, "Total population: 70 - 74 years": {"Demographic": null, "2020": 52, "2024": 52, "2029": 58, "% OF TOTAL": 6.9, "% OF TOTAL.1": null, "% OF TOTAL.2": null}, "Total population: 75 - 79 years": {"Demographic": null, "2020": 22, "2024": 26, "2029": 36, "% OF TOTAL": 4.3, "% OF TOTAL.1": null, "% OF TOTAL.2": null}, "Total population: 80 - 84 years": {"Demographic": null, "2020": 31, "2024": 35, "2029": 35, "% OF TOTAL": 4.1, "% OF TOTAL.1": null, "% OF TOTAL.2": null}, "Total population: 85 years and over": {"Demographic": null, "2020": 17, "2024": 18, "2029": 24, "% OF TOTAL": 2.8, "% OF TOTAL.1": null, "% OF TOTAL.2": null}, "Householders Age 15-24": {"Demographic": null, "2020": 5, "2024": 5, "2029": 5, "% OF TOTAL": 1.6, "% OF TOTAL.1": null, "% OF TOTAL.2": null}, "Householders Age 25-34": {"Demographic": null, "2020": 19, "2024": 19, "2029": 18, "% OF TOTAL": 5.7, "% OF TOTAL.1": null, "% OF TOTAL.2": null}, "Householders Age 35-44": {"Demographic": null, "2020": 43, "2024": 43, "2029": 43, "% OF TOTAL": 13.5, "% OF TOTAL.1": null, "% OF TOTAL.2": null}, "Householders Age 45-54": {"Demographic": null, "2020": 46, "2024": 46, "2029": 45, "% OF TOTAL": 14.2, "% OF TOTAL.1": null, "% OF TOTAL.2": null}, "Householders Age 55-64": {"Demographic": null, "2020": 93, "2024": 93, "2029": 83, "% OF TOTAL": 26.1, "% OF TOTAL.1": null, "% OF TOTAL.2": null}, "Householders Age 65-74": {"Demographic": null, "2020": 77, "2024": 76, "2029": 80, "% OF TOTAL": 25.2, "% OF TOTAL.1": null, "% OF TOTAL.2": null}, "Householders Age 75+": {"Demographic": null, "2020": 36, "2024": 36, "2029": 44, "% OF TOTAL": 13.8, "% OF TOTAL.1": null, "% OF TOTAL.2": null}, "Household income: Average": {"Demographic": null, "2020": 91403, "2024": 106620, "2029": 154363, "% OF TOTAL": null, "% OF TOTAL.1": null, "% OF TOTAL.2": null}, "Household income: Less than 25k": {"Demographic": null, "2020": 78, "2024": 72, "2029": 42, "% OF TOTAL": 13.2, "% OF TOTAL.1": null, "% OF TOTAL.2": null}, "Household income: 25k - 50k": {"Demographic": null, "2020": 27, "2024": 29, "2029": 22, "% OF TOTAL": 6.9, "% OF TOTAL.1": null, "% OF TOTAL.2": null}, "Household income: 50k - 75k": {"Demographic": null, "2020": 58, "2024": 56, "2029": 36, "% OF TOTAL": 11.3, "% OF TOTAL.1": null, "% OF TOTAL.2": null}, "Household income: 75k - 100k": {"Demographic": null, "2020": 10, "2024": 9, "2029": 8, "% OF TOTAL": 2.5, "% OF TOTAL.1": null, "% OF TOTAL.2": null}, "Household income: 100k - 125k": {"Demographic": null, "2020": 74, "2024": 70, "2029": 70, "% OF TOTAL": 22.0, "% OF TOTAL.1": null, "% OF TOTAL.2": null}, "Household income: 125k - 150k": {"Demographic": null, "2020": 33, "2024": 26, "2029": 37, "% OF TOTAL": 11.6, "% OF TOTAL.1": null, "% OF TOTAL.2": null}, "Household income: 150k - 200k": {"Demographic": null, "2020": 23, "2024": 21, "2029": 25, "% OF TOTAL": 7.9, "% OF TOTAL.1": null, "% OF TOTAL.2": null}, "Household income: Above 200k": {"Demographic": null, "2020": 16, "2024": 35, "2029": 78, "% OF TOTAL": 24.5, "% OF TOTAL.1": null, "% OF TOTAL.2": null}, "White Alone": {"Demographic": null, "2020": 758, "2024": 741, "2029": 730, "% OF TOTAL": 86.5, "% OF TOTAL.1": null, "% OF TOTAL.2": null}, "Black or African American Alone": {"Demographic": null, "2020": 48, "2024": 48, "2029": 48, "% OF TOTAL": 5.7, "% OF TOTAL.1": null, "% OF TOTAL.2": null}, "American Indian and Alaska Native Alone": {"Demographic": null, "2020": 13, "2024": 14, "2029": 14, "% OF TOTAL": 1.7, "% OF TOTAL.1": null, "% OF TOTAL.2": null}, "Asian Alone": {"Demographic": null, "2020": 7, "2024": 7, "2029": 7, "% OF TOTAL": 0.8, "% OF TOTAL.1": null, "% OF TOTAL.2": null}, "Native Hawaiian and OPI Alone": {"Demographic": null, "2020": 0, "2024": 0, "2029": 0, "% OF TOTAL": 0.0, "% OF TOTAL.1": null, "% OF TOTAL.2": null}, "Some Other Race Alone": {"Demographic": null, "2020": 3, "2024": 3, "2029": 3, "% OF TOTAL": 0.4, "% OF TOTAL.1": null, "% OF TOTAL.2": null}, "Two or More Races Alone": {"Demographic": null, "2020": 39, "2024": 43, "2029": 42, "% OF TOTAL": 5.0, "% OF TOTAL.1": null, "% OF TOTAL.2": null}, "Not Hispanic or Latino": {"Demographic": null, "2020": 844, "2024": 830, "2029": 818, "% OF TOTAL": 96.9, "% OF TOTAL.1": null, "% OF TOTAL.2": null}, "Hispanic or Latino": {"Demographic": null, "2020": 24, "2024": 26, "2029": 26, "% OF TOTAL": 3.1, "% OF TOTAL.1": null, "% OF TOTAL.2": null}, "Total Housing Units": {"Demographic": null, "2020": 367, "2024": null, "2029": null, "% OF TOTAL": null, "% OF TOTAL.1": null, "% OF TOTAL.2": null}, "Owner Occupied Housing Units": {"Demographic": null, "2020": 300, "2024": 299, "2029": null, "% OF TOTAL": null, "% OF TOTAL.1": null, "% OF TOTAL.2": null}, "Renter Occupied Housing Units": {"Demographic": null, "2020": 19, "2024": 19, "2029": null, "% OF TOTAL": null, "% OF TOTAL.1": null, "% OF TOTAL.2": null}, "Housing Units Value Less Than 100k": {"Demographic": null, "2020": 32, "2024": 32, "2029": null, "% OF TOTAL": null, "% OF TOTAL.1": null, "% OF TOTAL.2": null}, "Housing Units Value 100k - 200k": {"Demographic": null, "2020": 86, "2024": 86, "2029": null, "% OF TOTAL": null, "% OF TOTAL.1": null, "% OF TOTAL.2": null}, "Housing Units Value 200k - 250k": {"Demographic": null, "2020": 22, "2024": 22, "2029": null, "% OF TOTAL": null, "% OF TOTAL.1": null, "% OF TOTAL.2": null}, "Housing Units Value 250k - 300k": {"Demographic": null, "2020": 6, "2024": 6, "2029": null, "% OF TOTAL": null, "% OF TOTAL.1": null, "% OF TOTAL.2": null}, "Housing Units Value 300k - 400k": {"Demographic": null, "2020": 92, "2024": 91, "2029": null, "% OF TOTAL": null, "% OF TOTAL.1": null, "% OF TOTAL.2": null}, "Housing Units Value 400k - 500k": {"Demographic": null, "2020": 6, "2024": 6, "2029": null, "% OF TOTAL": null, "% OF TOTAL.1": null, "% OF TOTAL.2": null}, "Housing Units Value 500k - 750k": {"Demographic": null, "2020": 29, "2024": 29, "2029": null, "% OF TOTAL": null, "% OF TOTAL.1": null, "% OF TOTAL.2": null}, "Housing Units Value 750k - 1m": {"Demographic": null, "2020": 8, "2024": 8, "2029": null, "% OF TOTAL": null, "% OF TOTAL.1": null, "% OF TOTAL.2": null}, "Housing Units Value 1m - 1.5m": {"Demographic": null, "2020": 19, "2024": 19, "2029": null, "% OF TOTAL": null, "% OF TOTAL.1": null, "% OF TOTAL.2": null}, "Housing Units Value 1.5m - 2m": {"Demographic": null, "2020": 0, "2024": 0, "2029": null, "% OF TOTAL": null, "% OF TOTAL.1": null, "% OF TOTAL.2": null}, "Housing Units Value >2m": {"Demographic": null, "2020": 0, "2024": 0, "2029": null, "% OF TOTAL": null, "% OF TOTAL.1": null, "% OF TOTAL.2": null}, "Take Car or Truck to Work": {"Demographic": null, "2020": 285, "2024": 282, "2029": null, "% OF TOTAL": null, "% OF TOTAL.1": null, "% OF TOTAL.2": null}, "Take Public Transportation to Work": {"Demographic": null, "2020": 0, "2024": 0, "2029": null, "% OF TOTAL": null, "% OF TOTAL.1": null, "% OF TOTAL.2": null}, "Take Other Means of Transportation to Work": {"Demographic": null, "2020": 0, "2024": 0, "2029": null, "% OF TOTAL": null, "% OF TOTAL.1": null, "% OF TOTAL.2": null}, "Average Travel Time (min)": {"Demographic": null, "2020": 29, "2024": 29, "2029": null, "% OF TOTAL": null, "% OF TOTAL.1": null, "% OF TOTAL.2": null}, "Travel Below 30 Min to Work": {"Demographic": null, "2020": 120, "2024": 119, "2029": null, "% OF TOTAL": null, "% OF TOTAL.1": null, "% OF TOTAL.2": null}, "Travel 30-60 Min to Work": {"Demographic": null, "2020": 165, "2024": 163, "2029": null, "% OF TOTAL": null, "% OF TOTAL.1": null, "% OF TOTAL.2": null}, "Travel Above 60 Min to Work": {"Demographic": null, "2020": 29, "2024": 0, "2029": null, "% OF TOTAL": null, "% OF TOTAL.1": null, "% OF TOTAL.2": null}, "Educational Attainment: No High School Diploma": {"Demographic": null, "2020": 252, "2024": 248, "2029": null, "% OF TOTAL": null, "% OF TOTAL.1": null, "% OF TOTAL.2": null}, "Educational Attainment: High School Diploma": {"Demographic": null, "2020": 209, "2024": 206, "2029": null, "% OF TOTAL": null, "% OF TOTAL.1": null, "% OF TOTAL.2": null}, "Educational Attainment: Some College": {"Demographic": null, "2020": 361, "2024": 356, "2029": null, "% OF TOTAL": null, "% OF TOTAL.1": null, "% OF TOTAL.2": null}, "Educational Attainment: Associate's Degree": {"Demographic": null, "2020": 71, "2024": 70, "2029": null, "% OF TOTAL": null, "% OF TOTAL.1": null, "% OF TOTAL.2": null}, "Educational Attainment: Bachelors Degree": {"Demographic": null, "2020": 54, "2024": 53, "2029": null, "% OF TOTAL": null, "% OF TOTAL.1": null, "% OF TOTAL.2": null}, "Educational Attainment: Advanced Degree": {"Demographic": null, "2020": 27, "2024": 27, "2029": null, "% OF TOTAL": null, "% OF TOTAL.1": null, "% OF TOTAL.2": null}, "Households: Number of vehicles available - Average": {"Demographic": null, "2020": 2, "2024": 2, "2029": null, "% OF TOTAL": null, "% OF TOTAL.1": null, "% OF TOTAL.2": null}, "Households: No Vehicle available": {"Demographic": null, "2020": 0, "2024": 0, "2029": null, "% OF TOTAL": null, "% OF TOTAL.1": null, "% OF TOTAL.2": null}, "Households: 1 Vehicle available": {"Demographic": null, "2020": 84, "2024": 84, "2029": null, "% OF TOTAL": null, "% OF TOTAL.1": null, "% OF TOTAL.2": null}, "Households: 2 Vehicles available": {"Demographic": null, "2020": 118, "2024": 117, "2029": null, "% OF TOTAL": null, "% OF TOTAL.1": null, "% OF TOTAL.2": null}, "Households: 3 Vehicles available": {"Demographic": null, "2020": 60, "2024": 60, "2029": null, "% OF TOTAL": null, "% OF TOTAL.1": null, "% OF TOTAL.2": null}, "Households: 4 or more Vehicles available": {"Demographic": null, "2020": 57, "2024": 57, "2029": null, "% OF TOTAL": null, "% OF TOTAL.1": null, "% OF TOTAL.2": null}}, "household_trends": {"Households": {"Demographic": null, "2020": 319, "2024": 318, "2029": 318, "% OF TOTAL": null, "% OF TOTAL.1": null, "% OF TOTAL.2": null}, "Households Growth": {"Demographic": null, "2020": null, "2024": -0.3, "2029": 0.0, "% OF TOTAL": null, "% OF TOTAL.1": null, "% OF TOTAL.2": null}, "Householder Age 15-24": {"Demographic": null, "2020": 5, "2024": 5, "2029": 5, "% OF TOTAL": 1.6, "% OF TOTAL.1": null, "% OF TOTAL.2": null}, "Householder Age 25-34": {"Demographic": null, "2020": 19, "2024": 19, "2029": 18, "% OF TOTAL": 5.7, "% OF TOTAL.1": null, "% OF TOTAL.2": null}, "Householder Age 35-44": {"Demographic": null, "2020": 43, "2024": 43, "2029": 43, "% OF TOTAL": 13.5, "% OF TOTAL.1": null, "% OF TOTAL.2": null}, "Householder Age 45-54": {"Demographic": null, "2020": 46, "2024": 46, "2029": 45, "% OF TOTAL": 14.2, "% OF TOTAL.1": null, "% OF TOTAL.2": null}, "Householder Age 55-64": {"Demographic": null, "2020": 93, "2024": 93, "2029": 83, "% OF TOTAL": 26.1, "% OF TOTAL.1": null, "% OF TOTAL.2": null}, "Householder Age 65-74": {"Demographic": null, "2020": 77, "2024": 76, "2029": 80, "% OF TOTAL": 25.2, "% OF TOTAL.1": null, "% OF TOTAL.2": null}, "Householder Age 75+": {"Demographic": null, "2020": 36, "2024": 36, "2029": 44, "% OF TOTAL": 13.8, "% OF TOTAL.1": null, "% OF TOTAL.2": null}, "Average Household Size": {"Demographic": null, "2020": 2.7, "2024": 2.7, "2029": 2.7, "% OF TOTAL": null, "% OF TOTAL.1": null, "% OF TOTAL.2": null}, "1 Person Households": {"Demographic": null, "2020": 55, "2024": 54, "2029": 55, "% OF TOTAL": 17.3, "% OF TOTAL.1": null, "% OF TOTAL.2": null}, "2 Person Households": {"Demographic": null, "2020": 124, "2024": 122, "2029": 124, "% OF TOTAL": 39.0, "% OF TOTAL.1": null, "% OF TOTAL.2": null}, "3 Person Households": {"Demographic": null, "2020": 70, "2024": 69, "2029": 70, "% OF TOTAL": 22.0, "% OF TOTAL.1": null, "% OF TOTAL.2": null}, "4 Person Households": {"Demographic": null, "2020": 35, "2024": 37, "2029": 35, "% OF TOTAL": 11.0, "% OF TOTAL.1": null, "% OF TOTAL.2": null}, "5 Person Households": {"Demographic": null, "2020": 21, "2024": 22, "2029": 21, "% OF TOTAL": 6.6, "% OF TOTAL.1": null, "% OF TOTAL.2": null}, "6 Person Households": {"Demographic": null, "2020": 6, "2024": 6, "2029": 5, "% OF TOTAL": 1.6, "% OF TOTAL.1": null, "% OF TOTAL.2": null}, "7+ Person Households": {"Demographic": null, "2020": 8, "2024": 8, "2029": 8, "% OF TOTAL": 2.5, "% OF TOTAL.1": null, "% OF TOTAL.2": null}, "Household Type: Family": {"Demographic": null, "2020": 254, "2024": 253, "2029": null, "% OF TOTAL": null, "% OF TOTAL.1": null, "% OF TOTAL.2": null}, "Household Type: Married Family": {"Demographic": null, "2020": 177, "2024": 176, "2029": null, "% OF TOTAL": null, "% OF TOTAL.1": null, "% OF TOTAL.2": null}, "Household Type: Married Family With Children": {"Demographic": null, "2020": 52, "2024": 52, "2029": null, "% OF TOTAL": null, "% OF TOTAL.1": null, "% OF TOTAL.2": null}, "Household Type: Married Family Without Children": {"Demographic": null, "2020": 125, "2024": 124, "2029": null, "% OF TOTAL": null, "% OF TOTAL.1": null, "% OF TOTAL.2": null}, "Household Type: Other Family": {"Demographic": null, "2020": 77, "2024": 77, "2029": null, "% OF TOTAL": null, "% OF TOTAL.1": null, "% OF TOTAL.2": null}, "Household Type: Male Households, No Wife": {"Demographic": null, "2020": 27, "2024": 27, "2029": null, "% OF TOTAL": null, "% OF TOTAL.1": null, "% OF TOTAL.2": null}, "Household Type: Male Households, No Wife With Children": {"Demographic": null, "2020": 14, "2024": 14, "2029": null, "% OF TOTAL": null, "% OF TOTAL.1": null, "% OF TOTAL.2": null}, "Household Type: Male Households, No Wife Without Children": {"Demographic": null, "2020": 13, "2024": 13, "2029": null, "% OF TOTAL": null, "% OF TOTAL.1": null, "% OF TOTAL.2": null}, "Household Type: Female Households, No Husband": {"Demographic": null, "2020": 50, "2024": 50, "2029": null, "% OF TOTAL": null, "% OF TOTAL.1": null, "% OF TOTAL.2": null}, "Household Type: Female Households, No Husband With Children": {"Demographic": null, "2020": 23, "2024": 23, "2029": null, "% OF TOTAL": null, "% OF TOTAL.1": null, "% OF TOTAL.2": null}, "Household Type: Female Households, No Husband Without Children": {"Demographic": null, "2020": 27, "2024": 27, "2029": null, "% OF TOTAL": null, "% OF TOTAL.1": null, "% OF TOTAL.2": null}, "Household Income: Average": {"Demographic": null, "2020": 91403, "2024": 106620, "2029": 154363, "% OF TOTAL": null, "% OF TOTAL.1": null, "% OF TOTAL.2": null}, "Household Income: Median": {"Demographic": null, "2020": 0, "2024": 80556, "2029": 118214, "% OF TOTAL": null, "% OF TOTAL.1": null, "% OF TOTAL.2": null}, "Household Income: Less than $25k": {"Demographic": null, "2020": 78, "2024": 72, "2029": 42, "% OF TOTAL": 13.2, "% OF TOTAL.1": null, "% OF TOTAL.2": null}, "Household Income: $25k - $50k": {"Demographic": null, "2020": 27, "2024": 29, "2029": 22, "% OF TOTAL": 6.9, "% OF TOTAL.1": null, "% OF TOTAL.2": null}, "Household Income: $50k - $75k": {"Demographic": null, "2020": 58, "2024": 56, "2029": 36, "% OF TOTAL": 11.3, "% OF TOTAL.1": null, "% OF TOTAL.2": null}, "Household Income: $75k - $100k": {"Demographic": null, "2020": 10, "2024": 9, "2029": 8, "% OF TOTAL": 2.5, "% OF TOTAL.1": null, "% OF TOTAL.2": null}, "Household Income: $100k - $125k": {"Demographic": null, "2020": 74, "2024": 70, "2029": 70, "% OF TOTAL": 22.0, "% OF TOTAL.1": null, "% OF TOTAL.2": null}, "Household Income: $125k - $150k": {"Demographic": null, "2020": 33, "2024": 26, "2029": 37, "% OF TOTAL": 11.6, "% OF TOTAL.1": null, "% OF TOTAL.2": null}, "Household Income: $150k - $200k": {"Demographic": null, "2020": 23, "2024": 21, "2029": 25, "% OF TOTAL": 7.9, "% OF TOTAL.1": null, "% OF TOTAL.2": null}, "Household Income: Above $200k": {"Demographic": null, "2020": 16, "2024": 35, "2029": 78, "% OF TOTAL": 24.5, "% OF TOTAL.1": null, "% OF TOTAL.2": null}, "Total Housing Units": {"Demographic": null, "2020": 367, "2024": null, "2029": null, "% OF TOTAL": null, "% OF TOTAL.1": null, "% OF TOTAL.2": null}, "Owner Occupied Housing Units": {"Demographic": null, "2020": 300, "2024": 299, "2029": null, "% OF TOTAL": null, "% OF TOTAL.1": null, "% OF TOTAL.2": null}, "Renter Occupied Housing Units": {"Demographic": null, "2020": 19, "2024": 19, "2029": null, "% OF TOTAL": null, "% OF TOTAL.1": null, "% OF TOTAL.2": null}, "Vacant Housing Units": {"Demographic": null, "2020": 48, "2024": null, "2029": null, "% OF TOTAL": null, "% OF TOTAL.1": null, "% OF TOTAL.2": null}, "Vacant Housing Units: Seasonal": {"Demographic": null, "2020": 10, "2024": null, "2029": null, "% OF TOTAL": null, "% OF TOTAL.1": null, "% OF TOTAL.2": null}, "Vacant Housing Units: Other Usage": {"Demographic": null, "2020": 38, "2024": null, "2029": null, "% OF TOTAL": null, "% OF TOTAL.1": null, "% OF TOTAL.2": null}, "Average Housing Unit Value": {"Demographic": null, "2020": 350550, "2024": 350552, "2029": null, "% OF TOTAL": null, "% OF TOTAL.1": null, "% OF TOTAL.2": null}, "Median Housing Unit Value": {"Demographic": null, "2020": 304348, "2024": 303846, "2029": null, "% OF TOTAL": null, "% OF TOTAL.1": null, "% OF TOTAL.2": null}, "Housing Unit Value Less Than $100k": {"Demographic": null, "2020": 32, "2024": 32, "2029": null, "% OF TOTAL": null, "% OF TOTAL.1": null, "% OF TOTAL.2": null}, "Housing Unit Value $100k-$200k": {"Demographic": null, "2020": 86, "2024": 86, "2029": null, "% OF TOTAL": null, "% OF TOTAL.1": null, "% OF TOTAL.2": null}, "Housing Unit Value $200k-$250k": {"Demographic": null, "2020": 22, "2024": 22, "2029": null, "% OF TOTAL": null, "% OF TOTAL.1": null, "% OF TOTAL.2": null}, "Housing Unit Value $250k-$300k": {"Demographic": null, "2020": 6, "2024": 6, "2029": null, "% OF TOTAL": null, "% OF TOTAL.1": null, "% OF TOTAL.2": null}, "Housing Unit Value $300k-$400k": {"Demographic": null, "2020": 92, "2024": 91, "2029": null, "% OF TOTAL": null, "% OF TOTAL.1": null, "% OF TOTAL.2": null}, "Housing Unit Value $400k-$500k": {"Demographic": null, "2020": 6, "2024": 6, "2029": null, "% OF TOTAL": null, "% OF TOTAL.1": null, "% OF TOTAL.2": null}, "Housing Unit Value $500k-$750k": {"Demographic": null, "2020": 29, "2024": 29, "2029": null, "% OF TOTAL": null, "% OF TOTAL.1": null, "% OF TOTAL.2": null}, "Housing Unit Value $750k-$1m": {"Demographic": null, "2020": 8, "2024": 8, "2029": null, "% OF TOTAL": null, "% OF TOTAL.1": null, "% OF TOTAL.2": null}, "Housing Unit Value $1m-$1.5m": {"Demographic": null, "2020": 19, "2024": 19, "2029": null, "% OF TOTAL": null, "% OF TOTAL.1": null, "% OF TOTAL.2": null}, "Housing Unit Value $1.5m-$2m": {"Demographic": null, "2020": 0, "2024": 0, "2029": null, "% OF TOTAL": null, "% OF TOTAL.1": null, "% OF TOTAL.2": null}, "Housing Unit Value Above $2m": {"Demographic": null, "2020": 0, "2024": 0, "2029": null, "% OF TOTAL": null, "% OF TOTAL.1": null, "% OF TOTAL.2": null}, "Median Housing Unit Year Built": {"Demographic": null, "2020": 1989, "2024": 1989, "2029": null, "% OF TOTAL": null, "% OF TOTAL.1": null, "% OF TOTAL.2": null}, "Housing Units Built 2014 Or After": {"Demographic": null, "2020": 0, "2024": 0, "2029": null, "% OF TOTAL": null, "% OF TOTAL.1": null, "% OF TOTAL.2": null}, "Housing Units Built 2010-2013": {"Demographic": null, "2020": 40, "2024": 40, "2029": null, "% OF TOTAL": null, "% OF TOTAL.1": null, "% OF TOTAL.2": null}, "Housing Units Built 2000-2009": {"Demographic": null, "2020": 78, "2024": 78, "2029": null, "% OF TOTAL": null, "% OF TOTAL.1": null, "% OF TOTAL.2": null}, "Housing Units Built 1990-1999": {"Demographic": null, "2020": 32, "2024": 32, "2029": null, "% OF TOTAL": null, "% OF TOTAL.1": null, "% OF TOTAL.2": null}, "Housing Units Built 1980-1989": {"Demographic": null, "2020": 107, "2024": 106, "2029": null, "% OF TOTAL": null, "% OF TOTAL.1": null, "% OF TOTAL.2": null}, "Housing Units Built 1970-1979": {"Demographic": null, "2020": 42, "2024": 42, "2029": null, "% OF TOTAL": null, "% OF TOTAL.1": null, "% OF TOTAL.2": null}, "Housing Units Built 1960-1969": {"Demographic": null, "2020": 9, "2024": 9, "2029": null, "% OF TOTAL": null, "% OF TOTAL.1": null, "% OF TOTAL.2": null}, "Housing Units Built 1950-1959": {"Demographic": null, "2020": 11, "2024": 11, "2029": null, "% OF TOTAL": null, "% OF TOTAL.1": null, "% OF TOTAL.2": null}, "Housing Units Built 1940-1949": {"Demographic": null, "2020": 0, "2024": 0, "2029": null, "% OF TOTAL": null, "% OF TOTAL.1": null, "% OF TOTAL.2": null}, "Housing Units Built Before 1940": {"Demographic": null, "2020": 0, "2024": 0, "2029": null, "% OF TOTAL": null, "% OF TOTAL.1": null, "% OF TOTAL.2": null}}}, "geometry": {"type": "Polygon", "coordinates": [[[-88.196755, 30.442331], [-88.19711, 30.47137], [-88.163585, 30.471674], [-88.16324, 30.442634], [-88.196755, 30.442331]]]}}, {"type": "Feature", "properties": {"block": "028", "block_num": 28, "CentroidLon": -88.1466521164088, "CentroidLat": 30.457301971239435, "data_status": "no data", "is_anomalous": false, "anomaly_reason": null, "files_present": ""}, "geometry": {"type": "Polygon", "coordinates": [[[-88.16324, 30.442634], [-88.163585, 30.471674], [-88.130059, 30.471968], [-88.129724, 30.442929], [-88.16324, 30.442634]]]}}, {"type": "Feature", "properties": {"block": "029", "block_num": 29, "CentroidLon": -88.11313091609054, "CentroidLat": 30.457592471990875, "data_status": "no data", "is_anomalous": false, "anomaly_reason": null, "files_present": ""}, "geometry": {"type": "Polygon", "coordinates": [[[-88.129724, 30.442929], [-88.130059, 30.471968], [-88.096533, 30.472255], [-88.096208, 30.443215], [-88.129724, 30.442929]]]}}, {"type": "Feature", "properties": {"block": "030", "block_num": 30, "CentroidLon": -88.34776273216123, "CentroidLat": 30.45537731299554, "data_status": "usable", "is_anomalous": false, "anomaly_reason": null, "files_present": "DemographicSnapshot-26.08.06.csv;PopulationTrends-26.08.06.csv;HouseholdTrends-26.08.06.csv;HouseholdIncomeByAge-26.08.06.csv;ConsumerSegmentation-26.08.06.csv", "population_2024": 1148, "population_2029": 1092, "households_2024": 441, "households_2029": 426, "median_household_income_2024": 82684, "median_household_income_2029": 92176, "mean_household_income_2024": null, "mean_household_income_2029": null, "median_age_2024": 39, "median_age_2029": 41, "median_home_value_2024": 135563, "average_household_size_2024": 2.6, "average_household_size_2029": 2.6, "population_growth_2024_2029": -4.2, "households_growth_2024_2029": -3.1, "consumer_segments": {"Simple Life Moderate Income No Children": {"households": 86, "pct": 25.2}, "Simple Life Moderate Income With Children": {"households": 56, "pct": 16.4}, "Renters": {"households": 52, "pct": 15.2}, "Active Adult Elite": {"households": 38, "pct": 11.1}, "Simple Life Affluent No Children": {"households": 31, "pct": 9.1}, "Family Life Young Children": {"households": 30, "pct": 8.8}, "Active Adult Entry Level": {"households": 26, "pct": 7.6}, "Renters Near Term Buyers": {"households": 14, "pct": 4.1}, "Active Adult Feature and Location": {"households": 8, "pct": 2.3}, "Elite": {"households": 0, "pct": 0.0}, "Family Life School Age Children": {"households": 0, "pct": 0.0}, "Feature and Location": {"households": 0, "pct": 0.0}, "Entry Level Urban": {"households": 0, "pct": 0.0}, "Entry Level Suburban": {"households": 0, "pct": 0.0}}, "income_age": {"2020": {}, "2024": {}, "2029": {}}, "population_trends": {"Total Population": {"Demographic": null, "2020": 1198, "2024": 1148, "2029": 1092, "% OF TOTAL": null, "% OF TOTAL.1": null, "% OF TOTAL.2": null}, "Population Growth": {"Demographic": null, "2020": null, "2024": -4.2, "2029": -4.9, "% OF TOTAL": null, "% OF TOTAL.1": null, "% OF TOTAL.2": null}, "Female Population": {"Demographic": null, "2020": 608, "2024": 584, "2029": 556, "% OF TOTAL": 50.9, "% OF TOTAL.1": null, "% OF TOTAL.2": null}, "Male Population": {"Demographic": null, "2020": 590, "2024": 564, "2029": 536, "% OF TOTAL": 49.1, "% OF TOTAL.1": null, "% OF TOTAL.2": null}, "Total population: Median Age": {"Demographic": null, "2020": 39, "2024": 39, "2029": 41, "% OF TOTAL": null, "% OF TOTAL.1": null, "% OF TOTAL.2": null}, "Total population: Under 5 years": {"Demographic": null, "2020": 64, "2024": 59, "2029": 54, "% OF TOTAL": 4.9, "% OF TOTAL.1": null, "% OF TOTAL.2": null}, "Total population: 5 - 9 years": {"Demographic": null, "2020": 79, "2024": 77, "2029": 65, "% OF TOTAL": 6.0, "% OF TOTAL.1": null, "% OF TOTAL.2": null}, "Total population: 10 - 14 years": {"Demographic": null, "2020": 94, "2024": 85, "2029": 75, "% OF TOTAL": 6.9, "% OF TOTAL.1": null, "% OF TOTAL.2": null}, "Total population: 15 - 19 years": {"Demographic": null, "2020": 76, "2024": 76, "2029": 70, "% OF TOTAL": 6.4, "% OF TOTAL.1": null, "% OF TOTAL.2": null}, "Total population: 20 - 24 years": {"Demographic": null, "2020": 70, "2024": 68, "2029": 68, "% OF TOTAL": 6.2, "% OF TOTAL.1": null, "% OF TOTAL.2": null}, "Total population: 25 - 29 years": {"Demographic": null, "2020": 67, "2024": 61, "2029": 60, "% OF TOTAL": 5.5, "% OF TOTAL.1": null, "% OF TOTAL.2": null}, "Total population: 30 - 34 years": {"Demographic": null, "2020": 78, "2024": 74, "2029": 65, "% OF TOTAL": 6.0, "% OF TOTAL.1": null, "% OF TOTAL.2": null}, "Total population: 35 - 39 years": {"Demographic": null, "2020": 77, "2024": 75, "2029": 72, "% OF TOTAL": 6.6, "% OF TOTAL.1": null, "% OF TOTAL.2": null}, "Total population: 40 - 44 years": {"Demographic": null, "2020": 75, "2024": 75, "2029": 70, "% OF TOTAL": 6.4, "% OF TOTAL.1": null, "% OF TOTAL.2": null}, "Total population: 45 - 49 years": {"Demographic": null, "2020": 70, "2024": 65, "2029": 69, "% OF TOTAL": 6.3, "% OF TOTAL.1": null, "% OF TOTAL.2": null}, "Total population: 50 - 54 years": {"Demographic": null, "2020": 74, "2024": 70, "2029": 62, "% OF TOTAL": 5.7, "% OF TOTAL.1": null, "% OF TOTAL.2": null}, "Total population: 55 - 59 years": {"Demographic": null, "2020": 95, "2024": 83, "2029": 73, "% OF TOTAL": 6.7, "% OF TOTAL.1": null, "% OF TOTAL.2": null}, "Total population: 60 - 64 years": {"Demographic": null, "2020": 73, "2024": 69, "2029": 64, "% OF TOTAL": 5.9, "% OF TOTAL.1": null, "% OF TOTAL.2": null}, "Total population: 65 - 69 years": {"Demographic": null, "2020": 60, "2024": 58, "2029": 57, "% OF TOTAL": 5.2, "% OF TOTAL.1": null, "% OF TOTAL.2": null}, "Total population: 70 - 74 years": {"Demographic": null, "2020": 48, "2024": 47, "2029": 51, "% OF TOTAL": 4.7, "% OF TOTAL.1": null, "% OF TOTAL.2": null}, "Total population: 75 - 79 years": {"Demographic": null, "2020": 48, "2024": 54, "2029": 51, "% OF TOTAL": 4.7, "% OF TOTAL.1": null, "% OF TOTAL.2": null}, "Total population: 80 - 84 years": {"Demographic": null, "2020": 34, "2024": 36, "2029": 42, "% OF TOTAL": 3.8, "% OF TOTAL.1": null, "% OF TOTAL.2": null}, "Total population: 85 years and over": {"Demographic": null, "2020": 16, "2024": 16, "2029": 24, "% OF TOTAL": 2.2, "% OF TOTAL.1": null, "% OF TOTAL.2": null}, "Female population: Median Age": {"Demographic": null, "2020": 41, "2024": 41, "2029": 42, "% OF TOTAL": null, "% OF TOTAL.1": null, "% OF TOTAL.2": null}, "Female population: Under 5 years": {"Demographic": null, "2020": 38, "2024": 35, "2029": 31, "% OF TOTAL": 5.6, "% OF TOTAL.1": null, "% OF TOTAL.2": null}, "Female population: 5 - 9 years": {"Demographic": null, "2020": 33, "2024": 32, "2029": 30, "% OF TOTAL": 5.4, "% OF TOTAL.1": null, "% OF TOTAL.2": null}, "Female population: 10 - 14 years": {"Demographic": null, "2020": 36, "2024": 32, "2029": 29, "% OF TOTAL": 5.2, "% OF TOTAL.1": null, "% OF TOTAL.2": null}, "Female population: 15 - 19 years": {"Demographic": null, "2020": 43, "2024": 44, "2029": 36, "% OF TOTAL": 6.5, "% OF TOTAL.1": null, "% OF TOTAL.2": null}, "Female population: 20 - 24 years": {"Demographic": null, "2020": 31, "2024": 30, "2029": 33, "% OF TOTAL": 5.9, "% OF TOTAL.1": null, "% OF TOTAL.2": null}, "Female population: 25 - 29 years": {"Demographic": null, "2020": 35, "2024": 32, "2029": 29, "% OF TOTAL": 5.2, "% OF TOTAL.1": null, "% OF TOTAL.2": null}, "Female population: 30 - 34 years": {"Demographic": null, "2020": 39, "2024": 37, "2029": 33, "% OF TOTAL": 5.9, "% OF TOTAL.1": null, "% OF TOTAL.2": null}, "Female population: 35 - 39 years": {"Demographic": null, "2020": 42, "2024": 41, "2029": 38, "% OF TOTAL": 6.8, "% OF TOTAL.1": null, "% OF TOTAL.2": null}, "Female population: 40 - 44 years": {"Demographic": null, "2020": 35, "2024": 35, "2029": 34, "% OF TOTAL": 6.1, "% OF TOTAL.1": null, "% OF TOTAL.2": null}, "Female population: 45 - 49 years": {"Demographic": null, "2020": 40, "2024": 37, "2029": 37, "% OF TOTAL": 6.7, "% OF TOTAL.1": null, "% OF TOTAL.2": null}, "Female population: 50 - 54 years": {"Demographic": null, "2020": 37, "2024": 34, "2029": 31, "% OF TOTAL": 5.6, "% OF TOTAL.1": null, "% OF TOTAL.2": null}, "Female population: 55 - 59 years": {"Demographic": null, "2020": 39, "2024": 34, "2029": 32, "% OF TOTAL": 5.8, "% OF TOTAL.1": null, "% OF TOTAL.2": null}, "Female population: 60 - 64 years": {"Demographic": null, "2020": 44, "2024": 42, "2029": 35, "% OF TOTAL": 6.3, "% OF TOTAL.1": null, "% OF TOTAL.2": null}, "Female population: 65 - 69 years": {"Demographic": null, "2020": 26, "2024": 26, "2029": 29, "% OF TOTAL": 5.2, "% OF TOTAL.1": null, "% OF TOTAL.2": null}, "Female population: 70 - 74 years": {"Demographic": null, "2020": 27, "2024": 26, "2029": 26, "% OF TOTAL": 4.7, "% OF TOTAL.1": null, "% OF TOTAL.2": null}, "Female population: 75 - 79 years": {"Demographic": null, "2020": 28, "2024": 31, "2029": 30, "% OF TOTAL": 5.4, "% OF TOTAL.1": null, "% OF TOTAL.2": null}, "Female population: 80 - 84 years": {"Demographic": null, "2020": 20, "2024": 21, "2029": 25, "% OF TOTAL": 4.5, "% OF TOTAL.1": null, "% OF TOTAL.2": null}, "Female population: 85 years and over": {"Demographic": null, "2020": 15, "2024": 15, "2029": 18, "% OF TOTAL": 3.2, "% OF TOTAL.1": null, "% OF TOTAL.2": null}, "Male population: Median Age": {"Demographic": null, "2020": 38, "2024": 38, "2029": 39, "% OF TOTAL": null, "% OF TOTAL.1": null, "% OF TOTAL.2": null}, "Male population: Under 5 years": {"Demographic": null, "2020": 26, "2024": 24, "2029": 23, "% OF TOTAL": 4.3, "% OF TOTAL.1": null, "% OF TOTAL.2": null}, "Male population: 5 - 9 years": {"Demographic": null, "2020": 46, "2024": 45, "2029": 35, "% OF TOTAL": 6.5, "% OF TOTAL.1": null, "% OF TOTAL.2": null}, "Male population: 10 - 14 years": {"Demographic": null, "2020": 58, "2024": 53, "2029": 46, "% OF TOTAL": 8.6, "% OF TOTAL.1": null, "% OF TOTAL.2": null}, "Male population: 15 - 19 years": {"Demographic": null, "2020": 33, "2024": 32, "2029": 34, "% OF TOTAL": 6.3, "% OF TOTAL.1": null, "% OF TOTAL.2": null}, "Male population: 20 - 24 years": {"Demographic": null, "2020": 39, "2024": 38, "2029": 35, "% OF TOTAL": 6.5, "% OF TOTAL.1": null, "% OF TOTAL.2": null}, "Male population: 25 - 29 years": {"Demographic": null, "2020": 32, "2024": 29, "2029": 31, "% OF TOTAL": 5.8, "% OF TOTAL.1": null, "% OF TOTAL.2": null}, "Male population: 30 - 34 years": {"Demographic": null, "2020": 39, "2024": 37, "2029": 32, "% OF TOTAL": 6.0, "% OF TOTAL.1": null, "% OF TOTAL.2": null}, "Male population: 35 - 39 years": {"Demographic": null, "2020": 35, "2024": 34, "2029": 34, "% OF TOTAL": 6.3, "% OF TOTAL.1": null, "% OF TOTAL.2": null}, "Male population: 40 - 44 years": {"Demographic": null, "2020": 40, "2024": 40, "2029": 36, "% OF TOTAL": 6.7, "% OF TOTAL.1": null, "% OF TOTAL.2": null}, "Male population: 45 - 49 years": {"Demographic": null, "2020": 30, "2024": 28, "2029": 32, "% OF TOTAL": 6.0, "% OF TOTAL.1": null, "% OF TOTAL.2": null}, "Male population: 50 - 54 years": {"Demographic": null, "2020": 37, "2024": 36, "2029": 31, "% OF TOTAL": 5.8, "% OF TOTAL.1": null, "% OF TOTAL.2": null}, "Male population: 55 - 59 years": {"Demographic": null, "2020": 56, "2024": 49, "2029": 41, "% OF TOTAL": 7.6, "% OF TOTAL.1": null, "% OF TOTAL.2": null}, "Male population: 60 - 64 years": {"Demographic": null, "2020": 29, "2024": 27, "2029": 29, "% OF TOTAL": 5.4, "% OF TOTAL.1": null, "% OF TOTAL.2": null}, "Male population: 65 - 69 years": {"Demographic": null, "2020": 34, "2024": 32, "2029": 28, "% OF TOTAL": 5.2, "% OF TOTAL.1": null, "% OF TOTAL.2": null}, "Male population: 70 - 74 years": {"Demographic": null, "2020": 21, "2024": 21, "2029": 25, "% OF TOTAL": 4.7, "% OF TOTAL.1": null, "% OF TOTAL.2": null}, "Male population: 75 - 79 years": {"Demographic": null, "2020": 20, "2024": 23, "2029": 21, "% OF TOTAL": 3.9, "% OF TOTAL.1": null, "% OF TOTAL.2": null}, "Male population: 80 - 84 years": {"Demographic": null, "2020": 14, "2024": 15, "2029": 17, "% OF TOTAL": 3.2, "% OF TOTAL.1": null, "% OF TOTAL.2": null}, "Male population: 85 years and over": {"Demographic": null, "2020": 1, "2024": 1, "2029": 6, "% OF TOTAL": 1.1, "% OF TOTAL.1": null, "% OF TOTAL.2": null}, "White alone": {"Demographic": null, "2020": 1081, "2024": 1029, "2029": 978, "% OF TOTAL": 89.6, "% OF TOTAL.1": null, "% OF TOTAL.2": null}, "Black alone": {"Demographic": null, "2020": 45, "2024": 44, "2029": 42, "% OF TOTAL": 3.8, "% OF TOTAL.1": null, "% OF TOTAL.2": null}, "American Indian and Alaska Native alone": {"Demographic": null, "2020": 7, "2024": 7, "2029": 7, "% OF TOTAL": 0.6, "% OF TOTAL.1": null, "% OF TOTAL.2": null}, "Asian alone": {"Demographic": null, "2020": 9, "2024": 9, "2029": 9, "% OF TOTAL": 0.8, "% OF TOTAL.1": null, "% OF TOTAL.2": null}, "Native Hawaiian and OPI alone": {"Demographic": null, "2020": 0, "2024": 0, "2029": 0, "% OF TOTAL": 0.0, "% OF TOTAL.1": null, "% OF TOTAL.2": null}, "Some other race alone": {"Demographic": null, "2020": 15, "2024": 15, "2029": 14, "% OF TOTAL": 1.3, "% OF TOTAL.1": null, "% OF TOTAL.2": null}, "Two or more races alone": {"Demographic": null, "2020": 41, "2024": 44, "2029": 42, "% OF TOTAL": 3.8, "% OF TOTAL.1": null, "% OF TOTAL.2": null}, "Not Hispanic: White alone": {"Demographic": null, "2020": 1076, "2024": 1024, "2029": 973, "% OF TOTAL": 89.1, "% OF TOTAL.1": null, "% OF TOTAL.2": null}, "Not Hispanic: Black or African American alone": {"Demographic": null, "2020": 45, "2024": 44, "2029": 42, "% OF TOTAL": 3.8, "% OF TOTAL.1": null, "% OF TOTAL.2": null}, "Not Hispanic: American Indian and Alaska Native alone": {"Demographic": null, "2020": 7, "2024": 7, "2029": 7, "% OF TOTAL": 0.6, "% OF TOTAL.1": null, "% OF TOTAL.2": null}, "Not Hispanic: Asian alone": {"Demographic": null, "2020": 9, "2024": 9, "2029": 9, "% OF TOTAL": 0.8, "% OF TOTAL.1": null, "% OF TOTAL.2": null}, "Not Hispanic: Native Hawaiian and OPI alone": {"Demographic": null, "2020": 0, "2024": 0, "2029": 0, "% OF TOTAL": 0.0, "% OF TOTAL.1": null, "% OF TOTAL.2": null}, "Not Hispanic: Some Other Race alone": {"Demographic": null, "2020": 5, "2024": 5, "2029": 5, "% OF TOTAL": 0.5, "% OF TOTAL.1": null, "% OF TOTAL.2": null}, "Not Hispanic: Two or More Races": {"Demographic": null, "2020": 34, "2024": 36, "2029": 34, "% OF TOTAL": 3.1, "% OF TOTAL.1": null, "% OF TOTAL.2": null}, "Hispanic: White alone": {"Demographic": null, "2020": 5, "2024": 5, "2029": 5, "% OF TOTAL": 0.5, "% OF TOTAL.1": null, "% OF TOTAL.2": null}, "Hispanic: Black or African American alone": {"Demographic": null, "2020": 0, "2024": 0, "2029": 0, "% OF TOTAL": 0.0, "% OF TOTAL.1": null, "% OF TOTAL.2": null}, "Hispanic: American Indian and Alaska Native alone": {"Demographic": null, "2020": 0, "2024": 0, "2029": 0, "% OF TOTAL": 0.0, "% OF TOTAL.1": null, "% OF TOTAL.2": null}, "Hispanic: Asian alone": {"Demographic": null, "2020": 0, "2024": 0, "2029": 0, "% OF TOTAL": 0.0, "% OF TOTAL.1": null, "% OF TOTAL.2": null}, "Hispanic: Native Hawaiian and OPI alone": {"Demographic": null, "2020": 0, "2024": 0, "2029": 0, "% OF TOTAL": 0.0, "% OF TOTAL.1": null, "% OF TOTAL.2": null}, "Hispanic: Some Other Race alone": {"Demographic": null, "2020": 10, "2024": 10, "2029": 9, "% OF TOTAL": 0.8, "% OF TOTAL.1": null, "% OF TOTAL.2": null}, "Hispanic: Two or More Races": {"Demographic": null, "2020": 7, "2024": 8, "2029": 8, "% OF TOTAL": 0.7, "% OF TOTAL.1": null, "% OF TOTAL.2": null}, "Educational Attainment: No High School Diploma": {"Demographic": null, "2020": 170, "2024": 163, "2029": null, "% OF TOTAL": null, "% OF TOTAL.1": null, "% OF TOTAL.2": null}, "Educational Attainment: High School Diploma": {"Demographic": null, "2020": 228, "2024": 219, "2029": null, "% OF TOTAL": null, "% OF TOTAL.1": null, "% OF TOTAL.2": null}, "Educational Attainment: Some College": {"Demographic": null, "2020": 223, "2024": 214, "2029": null, "% OF TOTAL": null, "% OF TOTAL.1": null, "% OF TOTAL.2": null}, "Educational Attainment: Associates Degree": {"Demographic": null, "2020": 50, "2024": 48, "2029": null, "% OF TOTAL": null, "% OF TOTAL.1": null, "% OF TOTAL.2": null}, "Educational Attainment: Bachelors Degree": {"Demographic": null, "2020": 132, "2024": 127, "2029": null, "% OF TOTAL": null, "% OF TOTAL.1": null, "% OF TOTAL.2": null}, "Educational Attainment: Advanced Degree": {"Demographic": null, "2020": 12, "2024": 12, "2029": null, "% OF TOTAL": null, "% OF TOTAL.1": null, "% OF TOTAL.2": null}, "Employment Status: Armed Forces": {"Demographic": null, "2020": 0, "2024": 0, "2029": null, "% OF TOTAL": null, "% OF TOTAL.1": null, "% OF TOTAL.2": null}, "Employment Status: Civilian labor force employed": {"Demographic": null, "2020": 532, "2024": 518, "2029": null, "% OF TOTAL": null, "% OF TOTAL.1": null, "% OF TOTAL.2": null}, "Employment Status: Civilian labor force unemployed": {"Demographic": null, "2020": 9, "2024": 8, "2029": null, "% OF TOTAL": null, "% OF TOTAL.1": null, "% OF TOTAL.2": null}, "Employment Status: Not in labor force": {"Demographic": null, "2020": 403, "2024": 393, "2029": null, "% OF TOTAL": null, "% OF TOTAL.1": null, "% OF TOTAL.2": null}, "Employed in Agriculture and Mining Industries": {"Demographic": null, "2020": 11, "2024": 11, "2029": null, "% OF TOTAL": null, "% OF TOTAL.1": null, "% OF TOTAL.2": null}, "Employed in Construction Industries": {"Demographic": null, "2020": 115, "2024": 112, "2029": null, "% OF TOTAL": null, "% OF TOTAL.1": null, "% OF TOTAL.2": null}, "Employed in Manufacturing Industries": {"Demographic": null, "2020": 122, "2024": 119, "2029": null, "% OF TOTAL": null, "% OF TOTAL.1": null, "% OF TOTAL.2": null}, "Employed in Wholesale Industries": {"Demographic": null, "2020": 0, "2024": 0, "2029": null, "% OF TOTAL": null, "% OF TOTAL.1": null, "% OF TOTAL.2": null}, "Employed in Retail Industries": {"Demographic": null, "2020": 88, "2024": 85, "2029": null, "% OF TOTAL": null, "% OF TOTAL.1": null, "% OF TOTAL.2": null}, "Employed in Transportation and Utilities Industries": {"Demographic": null, "2020": 0, "2024": 0, "2029": null, "% OF TOTAL": null, "% OF TOTAL.1": null, "% OF TOTAL.2": null}, "Employed in Information Industries": {"Demographic": null, "2020": 0, "2024": 0, "2029": null, "% OF TOTAL": null, "% OF TOTAL.1": null, "% OF TOTAL.2": null}, "Employed in Real-Estate Industries": {"Demographic": null, "2020": 0, "2024": 0, "2029": null, "% OF TOTAL": null, "% OF TOTAL.1": null, "% OF TOTAL.2": null}, "Employed in Professional Industries": {"Demographic": null, "2020": 0, "2024": 0, "2029": null, "% OF TOTAL": null, "% OF TOTAL.1": null, "% OF TOTAL.2": null}, "Employed in Health and Education Industries": {"Demographic": null, "2020": 66, "2024": 64, "2029": null, "% OF TOTAL": null, "% OF TOTAL.1": null, "% OF TOTAL.2": null}, "Employed in Art Industries": {"Demographic": null, "2020": 69, "2024": 67, "2029": null, "% OF TOTAL": null, "% OF TOTAL.1": null, "% OF TOTAL.2": null}, "Employed in Other Industries": {"Demographic": null, "2020": 49, "2024": 48, "2029": null, "% OF TOTAL": null, "% OF TOTAL.1": null, "% OF TOTAL.2": null}, "Employed in Public Administration Industries": {"Demographic": null, "2020": 12, "2024": 12, "2029": null, "% OF TOTAL": null, "% OF TOTAL.1": null, "% OF TOTAL.2": null}, "Occupation: Management": {"Demographic": null, "2020": 101, "2024": 98, "2029": null, "% OF TOTAL": null, "% OF TOTAL.1": null, "% OF TOTAL.2": null}, "Occupation: Business and financial operations": {"Demographic": null, "2020": 0, "2024": 0, "2029": null, "% OF TOTAL": null, "% OF TOTAL.1": null, "% OF TOTAL.2": null}, "Occupation: Computer and mathematical": {"Demographic": null, "2020": 0, "2024": 0, "2029": null, "% OF TOTAL": null, "% OF TOTAL.1": null, "% OF TOTAL.2": null}, "Occupation: Architecture and engineering": {"Demographic": null, "2020": 0, "2024": 0, "2029": null, "% OF TOTAL": null, "% OF TOTAL.1": null, "% OF TOTAL.2": null}, "Occupation: Life, physical, and social science": {"Demographic": null, "2020": 12, "2024": 12, "2029": null, "% OF TOTAL": null, "% OF TOTAL.1": null, "% OF TOTAL.2": null}, "Occupation: Community and social service": {"Demographic": null, "2020": 0, "2024": 0, "2029": null, "% OF TOTAL": null, "% OF TOTAL.1": null, "% OF TOTAL.2": null}, "Occupation: Legal": {"Demographic": null, "2020": 0, "2024": 0, "2029": null, "% OF TOTAL": null, "% OF TOTAL.1": null, "% OF TOTAL.2": null}, "Occupation: Education, training, and library": {"Demographic": null, "2020": 38, "2024": 37, "2029": null, "% OF TOTAL": null, "% OF TOTAL.1": null, "% OF TOTAL.2": null}, "Occupation: Arts, design, entertainment, sports, and media": {"Demographic": null, "2020": 0, "2024": 0, "2029": null, "% OF TOTAL": null, "% OF TOTAL.1": null, "% OF TOTAL.2": null}, "Occupation: Health diagnosing and treating practitioners": {"Demographic": null, "2020": 0, "2024": 0, "2029": null, "% OF TOTAL": null, "% OF TOTAL.1": null, "% OF TOTAL.2": null}, "Occupation: Health technologists and technicians": {"Demographic": null, "2020": 0, "2024": 0, "2029": null, "% OF TOTAL": null, "% OF TOTAL.1": null, "% OF TOTAL.2": null}, "Occupation: Healthcare support": {"Demographic": null, "2020": 0, "2024": 0, "2029": null, "% OF TOTAL": null, "% OF TOTAL.1": null, "% OF TOTAL.2": null}, "Occupation: Fire fighting and prevention": {"Demographic": null, "2020": 0, "2024": 0, "2029": null, "% OF TOTAL": null, "% OF TOTAL.1": null, "% OF TOTAL.2": null}, "Occupation: Law enforcement workers": {"Demographic": null, "2020": 0, "2024": 0, "2029": null, "% OF TOTAL": null, "% OF TOTAL.1": null, "% OF TOTAL.2": null}, "Occupation: Food preparation and serving related": {"Demographic": null, "2020": 69, "2024": 67, "2029": null, "% OF TOTAL": null, "% OF TOTAL.1": null, "% OF TOTAL.2": null}, "Occupation: Building and grounds cleaning and maintenance": {"Demographic": null, "2020": 0, "2024": 0, "2029": null, "% OF TOTAL": null, "% OF TOTAL.1": null, "% OF TOTAL.2": null}, "Occupation: Personal care and service": {"Demographic": null, "2020": 29, "2024": 28, "2029": null, "% OF TOTAL": null, "% OF TOTAL.1": null, "% OF TOTAL.2": null}, "Occupation: Sales and related": {"Demographic": null, "2020": 73, "2024": 71, "2029": null, "% OF TOTAL": null, "% OF TOTAL.1": null, "% OF TOTAL.2": null}, "Occupation: Office and administrative support": {"Demographic": null, "2020": 0, "2024": 0, "2029": null, "% OF TOTAL": null, "% OF TOTAL.1": null, "% OF TOTAL.2": null}, "Occupation: Farming, fishing, and forestry": {"Demographic": null, "2020": 11, "2024": 11, "2029": null, "% OF TOTAL": null, "% OF TOTAL.1": null, "% OF TOTAL.2": null}, "Occupation: Construction and extraction": {"Demographic": null, "2020": 83, "2024": 81, "2029": null, "% OF TOTAL": null, "% OF TOTAL.1": null, "% OF TOTAL.2": null}, "Occupation: Installation, maintenance, and repair": {"Demographic": null, "2020": 26, "2024": 25, "2029": null, "% OF TOTAL": null, "% OF TOTAL.1": null, "% OF TOTAL.2": null}, "Occupation: Production": {"Demographic": null, "2020": 20, "2024": 19, "2029": null, "% OF TOTAL": null, "% OF TOTAL.1": null, "% OF TOTAL.2": null}, "Occupation: Transportation": {"Demographic": null, "2020": 55, "2024": 54, "2029": null, "% OF TOTAL": null, "% OF TOTAL.1": null, "% OF TOTAL.2": null}, "Occupation: Material moving": {"Demographic": null, "2020": 15, "2024": 15, "2029": null, "% OF TOTAL": null, "% OF TOTAL.1": null, "% OF TOTAL.2": null}, "White collar": {"Demographic": null, "2020": 224, "2024": 218, "2029": null, "% OF TOTAL": null, "% OF TOTAL.1": null, "% OF TOTAL.2": null}, "Blue collar": {"Demographic": null, "2020": 308, "2024": 300, "2029": null, "% OF TOTAL": null, "% OF TOTAL.1": null, "% OF TOTAL.2": null}, "Means of transportation: Car, truck or van": {"Demographic": null, "2020": 499, "2024": 485, "2029": null, "% OF TOTAL": null, "% OF TOTAL.1": null, "% OF TOTAL.2": null}, "Means of transportation: Public transportation": {"Demographic": null, "2020": 0, "2024": 0, "2029": null, "% OF TOTAL": null, "% OF TOTAL.1": null, "% OF TOTAL.2": null}, "Means of transportation: Other": {"Demographic": null, "2020": 0, "2024": 0, "2029": null, "% OF TOTAL": null, "% OF TOTAL.1": null, "% OF TOTAL.2": null}, "Travel time: Average (in minutes)": {"Demographic": null, "2020": 62, "2024": 62, "2029": null, "% OF TOTAL": null, "% OF TOTAL.1": null, "% OF TOTAL.2": null}, "Travel time to work: Less than 30 minutes": {"Demographic": null, "2020": 87, "2024": 85, "2029": null, "% OF TOTAL": null, "% OF TOTAL.1": null, "% OF TOTAL.2": null}, "Travel time to work: 30 to 60 minutes": {"Demographic": null, "2020": 185, "2024": 180, "2029": null, "% OF TOTAL": null, "% OF TOTAL.1": null, "% OF TOTAL.2": null}, "Travel time to work: 60 or more minutes": {"Demographic": null, "2020": 227, "2024": 220, "2029": null, "% OF TOTAL": null, "% OF TOTAL.1": null, "% OF TOTAL.2": null}}, "demographic_snapshot": {"Total Population": {"Demographic": null, "2020": 1198, "2024": 1148, "2029": 1092, "% OF TOTAL": null, "% OF TOTAL.1": null, "% OF TOTAL.2": null}, "Households": {"Demographic": null, "2020": 455, "2024": 441, "2029": 426, "% OF TOTAL": null, "% OF TOTAL.1": null, "% OF TOTAL.2": null}, "Population in Group Quarters": {"Demographic": null, "2020": 0, "2024": 0, "2029": 0, "% OF TOTAL": null, "% OF TOTAL.1": null, "% OF TOTAL.2": null}, "Households Growth": {"Demographic": null, "2020": null, "2024": -3.1, "2029": -3.4, "% OF TOTAL": null, "% OF TOTAL.1": null, "% OF TOTAL.2": null}, "Household Income: Median": {"Demographic": null, "2020": 0, "2024": 82684, "2029": 92176, "% OF TOTAL": null, "% OF TOTAL.1": null, "% OF TOTAL.2": null}, "Home Value: Median": {"Demographic": null, "2020": 135616, "2024": 135563, "2029": null, "% OF TOTAL": null, "% OF TOTAL.1": null, "% OF TOTAL.2": null}, "Population Growth": {"Demographic": null, "2020": null, "2024": -4.2, "2029": -4.9, "% OF TOTAL": null, "% OF TOTAL.1": null, "% OF TOTAL.2": null}, "Total Population: Under 19 years": {"Demographic": null, "2020": 313, "2024": 297, "2029": 264, "% OF TOTAL": 24.2, "% OF TOTAL.1": null, "% OF TOTAL.2": null}, "Total Population: 20 - 64 years": {"Demographic": null, "2020": 679, "2024": 640, "2029": 603, "% OF TOTAL": 55.2, "% OF TOTAL.1": null, "% OF TOTAL.2": null}, "Total Population: 65 years and over": {"Demographic": null, "2020": 206, "2024": 211, "2029": 225, "% OF TOTAL": 20.6, "% OF TOTAL.1": null, "% OF TOTAL.2": null}, "Total population: Median age": {"Demographic": null, "2020": 39, "2024": 39, "2029": 41, "% OF TOTAL": null, "% OF TOTAL.1": null, "% OF TOTAL.2": null}, "Total population: Under 5 years": {"Demographic": null, "2020": 64, "2024": 59, "2029": 54, "% OF TOTAL": 4.9, "% OF TOTAL.1": null, "% OF TOTAL.2": null}, "Total population: 5 - 9 years": {"Demographic": null, "2020": 79, "2024": 77, "2029": 65, "% OF TOTAL": 6.0, "% OF TOTAL.1": null, "% OF TOTAL.2": null}, "Total population: 10 - 14 years": {"Demographic": null, "2020": 94, "2024": 85, "2029": 75, "% OF TOTAL": 6.9, "% OF TOTAL.1": null, "% OF TOTAL.2": null}, "Total population: 15 - 19 years": {"Demographic": null, "2020": 76, "2024": 76, "2029": 70, "% OF TOTAL": 6.4, "% OF TOTAL.1": null, "% OF TOTAL.2": null}, "Total population: 20 - 24 years": {"Demographic": null, "2020": 70, "2024": 68, "2029": 68, "% OF TOTAL": 6.2, "% OF TOTAL.1": null, "% OF TOTAL.2": null}, "Total population: 25 - 29 years": {"Demographic": null, "2020": 67, "2024": 61, "2029": 60, "% OF TOTAL": 5.5, "% OF TOTAL.1": null, "% OF TOTAL.2": null}, "Total population: 30 - 34 years": {"Demographic": null, "2020": 78, "2024": 74, "2029": 65, "% OF TOTAL": 6.0, "% OF TOTAL.1": null, "% OF TOTAL.2": null}, "Total population: 35 - 39 years": {"Demographic": null, "2020": 77, "2024": 75, "2029": 72, "% OF TOTAL": 6.6, "% OF TOTAL.1": null, "% OF TOTAL.2": null}, "Total population: 40 - 44 years": {"Demographic": null, "2020": 75, "2024": 75, "2029": 70, "% OF TOTAL": 6.4, "% OF TOTAL.1": null, "% OF TOTAL.2": null}, "Total population: 45 - 49 years": {"Demographic": null, "2020": 70, "2024": 65, "2029": 69, "% OF TOTAL": 6.3, "% OF TOTAL.1": null, "% OF TOTAL.2": null}, "Total population: 50 - 54 years": {"Demographic": null, "2020": 74, "2024": 70, "2029": 62, "% OF TOTAL": 5.7, "% OF TOTAL.1": null, "% OF TOTAL.2": null}, "Total population: 55 - 59 years": {"Demographic": null, "2020": 95, "2024": 83, "2029": 73, "% OF TOTAL": 6.7, "% OF TOTAL.1": null, "% OF TOTAL.2": null}, "Total population: 60 - 64 years": {"Demographic": null, "2020": 73, "2024": 69, "2029": 64, "% OF TOTAL": 5.9, "% OF TOTAL.1": null, "% OF TOTAL.2": null}, "Total population: 65 - 69 years": {"Demographic": null, "2020": 60, "2024": 58, "2029": 57, "% OF TOTAL": 5.2, "% OF TOTAL.1": null, "% OF TOTAL.2": null}, "Total population: 70 - 74 years": {"Demographic": null, "2020": 48, "2024": 47, "2029": 51, "% OF TOTAL": 4.7, "% OF TOTAL.1": null, "% OF TOTAL.2": null}, "Total population: 75 - 79 years": {"Demographic": null, "2020": 48, "2024": 54, "2029": 51, "% OF TOTAL": 4.7, "% OF TOTAL.1": null, "% OF TOTAL.2": null}, "Total population: 80 - 84 years": {"Demographic": null, "2020": 34, "2024": 36, "2029": 42, "% OF TOTAL": 3.8, "% OF TOTAL.1": null, "% OF TOTAL.2": null}, "Total population: 85 years and over": {"Demographic": null, "2020": 16, "2024": 16, "2029": 24, "% OF TOTAL": 2.2, "% OF TOTAL.1": null, "% OF TOTAL.2": null}, "Householders Age 15-24": {"Demographic": null, "2020": 10, "2024": 10, "2029": 11, "% OF TOTAL": 2.6, "% OF TOTAL.1": null, "% OF TOTAL.2": null}, "Householders Age 25-34": {"Demographic": null, "2020": 53, "2024": 51, "2029": 48, "% OF TOTAL": 11.3, "% OF TOTAL.1": null, "% OF TOTAL.2": null}, "Householders Age 35-44": {"Demographic": null, "2020": 85, "2024": 83, "2029": 78, "% OF TOTAL": 18.3, "% OF TOTAL.1": null, "% OF TOTAL.2": null}, "Householders Age 45-54": {"Demographic": null, "2020": 80, "2024": 77, "2029": 74, "% OF TOTAL": 17.4, "% OF TOTAL.1": null, "% OF TOTAL.2": null}, "Householders Age 55-64": {"Demographic": null, "2020": 83, "2024": 81, "2029": 72, "% OF TOTAL": 16.9, "% OF TOTAL.1": null, "% OF TOTAL.2": null}, "Householders Age 65-74": {"Demographic": null, "2020": 71, "2024": 69, "2029": 69, "% OF TOTAL": 16.2, "% OF TOTAL.1": null, "% OF TOTAL.2": null}, "Householders Age 75+": {"Demographic": null, "2020": 73, "2024": 70, "2029": 74, "% OF TOTAL": 17.4, "% OF TOTAL.1": null, "% OF TOTAL.2": null}, "Household income: Average": {"Demographic": null, "2020": 88137, "2024": 100096, "2029": 129971, "% OF TOTAL": null, "% OF TOTAL.1": null, "% OF TOTAL.2": null}, "Household income: Less than 25k": {"Demographic": null, "2020": 17, "2024": 8, "2029": 7, "% OF TOTAL": 1.6, "% OF TOTAL.1": null, "% OF TOTAL.2": null}, "Household income: 25k - 50k": {"Demographic": null, "2020": 191, "2024": 173, "2029": 113, "% OF TOTAL": 26.5, "% OF TOTAL.1": null, "% OF TOTAL.2": null}, "Household income: 50k - 75k": {"Demographic": null, "2020": 4, "2024": 2, "2029": 3, "% OF TOTAL": 0.7, "% OF TOTAL.1": null, "% OF TOTAL.2": null}, "Household income: 75k - 100k": {"Demographic": null, "2020": 132, "2024": 122, "2029": 131, "% OF TOTAL": 30.8, "% OF TOTAL.1": null, "% OF TOTAL.2": null}, "Household income: 100k - 125k": {"Demographic": null, "2020": 24, "2024": 24, "2029": 20, "% OF TOTAL": 4.7, "% OF TOTAL.1": null, "% OF TOTAL.2": null}, "Household income: 125k - 150k": {"Demographic": null, "2020": 26, "2024": 23, "2029": 19, "% OF TOTAL": 4.5, "% OF TOTAL.1": null, "% OF TOTAL.2": null}, "Household income: 150k - 200k": {"Demographic": null, "2020": 38, "2024": 58, "2029": 69, "% OF TOTAL": 16.2, "% OF TOTAL.1": null, "% OF TOTAL.2": null}, "Household income: Above 200k": {"Demographic": null, "2020": 23, "2024": 31, "2029": 64, "% OF TOTAL": 15.0, "% OF TOTAL.1": null, "% OF TOTAL.2": null}, "White Alone": {"Demographic": null, "2020": 1081, "2024": 1029, "2029": 978, "% OF TOTAL": 89.6, "% OF TOTAL.1": null, "% OF TOTAL.2": null}, "Black or African American Alone": {"Demographic": null, "2020": 45, "2024": 44, "2029": 42, "% OF TOTAL": 3.8, "% OF TOTAL.1": null, "% OF TOTAL.2": null}, "American Indian and Alaska Native Alone": {"Demographic": null, "2020": 7, "2024": 7, "2029": 7, "% OF TOTAL": 0.6, "% OF TOTAL.1": null, "% OF TOTAL.2": null}, "Asian Alone": {"Demographic": null, "2020": 9, "2024": 9, "2029": 9, "% OF TOTAL": 0.8, "% OF TOTAL.1": null, "% OF TOTAL.2": null}, "Native Hawaiian and OPI Alone": {"Demographic": null, "2020": 0, "2024": 0, "2029": 0, "% OF TOTAL": 0.0, "% OF TOTAL.1": null, "% OF TOTAL.2": null}, "Some Other Race Alone": {"Demographic": null, "2020": 15, "2024": 15, "2029": 14, "% OF TOTAL": 1.3, "% OF TOTAL.1": null, "% OF TOTAL.2": null}, "Two or More Races Alone": {"Demographic": null, "2020": 41, "2024": 44, "2029": 42, "% OF TOTAL": 3.8, "% OF TOTAL.1": null, "% OF TOTAL.2": null}, "Not Hispanic or Latino": {"Demographic": null, "2020": 1176, "2024": 1125, "2029": 1070, "% OF TOTAL": 98.0, "% OF TOTAL.1": null, "% OF TOTAL.2": null}, "Hispanic or Latino": {"Demographic": null, "2020": 22, "2024": 23, "2029": 22, "% OF TOTAL": 2.0, "% OF TOTAL.1": null, "% OF TOTAL.2": null}, "Total Housing Units": {"Demographic": null, "2020": 520, "2024": null, "2029": null, "% OF TOTAL": null, "% OF TOTAL.1": null, "% OF TOTAL.2": null}, "Owner Occupied Housing Units": {"Demographic": null, "2020": 382, "2024": 370, "2029": null, "% OF TOTAL": null, "% OF TOTAL.1": null, "% OF TOTAL.2": null}, "Renter Occupied Housing Units": {"Demographic": null, "2020": 73, "2024": 71, "2029": null, "% OF TOTAL": null, "% OF TOTAL.1": null, "% OF TOTAL.2": null}, "Housing Units Value Less Than 100k": {"Demographic": null, "2020": 139, "2024": 135, "2029": null, "% OF TOTAL": null, "% OF TOTAL.1": null, "% OF TOTAL.2": null}, "Housing Units Value 100k - 200k": {"Demographic": null, "2020": 175, "2024": 169, "2029": null, "% OF TOTAL": null, "% OF TOTAL.1": null, "% OF TOTAL.2": null}, "Housing Units Value 200k - 250k": {"Demographic": null, "2020": 35, "2024": 34, "2029": null, "% OF TOTAL": null, "% OF TOTAL.1": null, "% OF TOTAL.2": null}, "Housing Units Value 250k - 300k": {"Demographic": null, "2020": 18, "2024": 17, "2029": null, "% OF TOTAL": null, "% OF TOTAL.1": null, "% OF TOTAL.2": null}, "Housing Units Value 300k - 400k": {"Demographic": null, "2020": 15, "2024": 15, "2029": null, "% OF TOTAL": null, "% OF TOTAL.1": null, "% OF TOTAL.2": null}, "Housing Units Value 400k - 500k": {"Demographic": null, "2020": 0, "2024": 0, "2029": null, "% OF TOTAL": null, "% OF TOTAL.1": null, "% OF TOTAL.2": null}, "Housing Units Value 500k - 750k": {"Demographic": null, "2020": 0, "2024": 0, "2029": null, "% OF TOTAL": null, "% OF TOTAL.1": null, "% OF TOTAL.2": null}, "Housing Units Value 750k - 1m": {"Demographic": null, "2020": 0, "2024": 0, "2029": null, "% OF TOTAL": null, "% OF TOTAL.1": null, "% OF TOTAL.2": null}, "Housing Units Value 1m - 1.5m": {"Demographic": null, "2020": 0, "2024": 0, "2029": null, "% OF TOTAL": null, "% OF TOTAL.1": null, "% OF TOTAL.2": null}, "Housing Units Value 1.5m - 2m": {"Demographic": null, "2020": 0, "2024": 0, "2029": null, "% OF TOTAL": null, "% OF TOTAL.1": null, "% OF TOTAL.2": null}, "Housing Units Value >2m": {"Demographic": null, "2020": 0, "2024": 0, "2029": null, "% OF TOTAL": null, "% OF TOTAL.1": null, "% OF TOTAL.2": null}, "Take Car or Truck to Work": {"Demographic": null, "2020": 499, "2024": 485, "2029": null, "% OF TOTAL": null, "% OF TOTAL.1": null, "% OF TOTAL.2": null}, "Take Public Transportation to Work": {"Demographic": null, "2020": 0, "2024": 0, "2029": null, "% OF TOTAL": null, "% OF TOTAL.1": null, "% OF TOTAL.2": null}, "Take Other Means of Transportation to Work": {"Demographic": null, "2020": 0, "2024": 0, "2029": null, "% OF TOTAL": null, "% OF TOTAL.1": null, "% OF TOTAL.2": null}, "Average Travel Time (min)": {"Demographic": null, "2020": 63, "2024": 63, "2029": null, "% OF TOTAL": null, "% OF TOTAL.1": null, "% OF TOTAL.2": null}, "Travel Below 30 Min to Work": {"Demographic": null, "2020": 87, "2024": 85, "2029": null, "% OF TOTAL": null, "% OF TOTAL.1": null, "% OF TOTAL.2": null}, "Travel 30-60 Min to Work": {"Demographic": null, "2020": 185, "2024": 180, "2029": null, "% OF TOTAL": null, "% OF TOTAL.1": null, "% OF TOTAL.2": null}, "Travel Above 60 Min to Work": {"Demographic": null, "2020": 289, "2024": 220, "2029": null, "% OF TOTAL": null, "% OF TOTAL.1": null, "% OF TOTAL.2": null}, "Educational Attainment: No High School Diploma": {"Demographic": null, "2020": 398, "2024": 382, "2029": null, "% OF TOTAL": null, "% OF TOTAL.1": null, "% OF TOTAL.2": null}, "Educational Attainment: High School Diploma": {"Demographic": null, "2020": 228, "2024": 219, "2029": null, "% OF TOTAL": null, "% OF TOTAL.1": null, "% OF TOTAL.2": null}, "Educational Attainment: Some College": {"Demographic": null, "2020": 405, "2024": 389, "2029": null, "% OF TOTAL": null, "% OF TOTAL.1": null, "% OF TOTAL.2": null}, "Educational Attainment: Associate's Degree": {"Demographic": null, "2020": 50, "2024": 48, "2029": null, "% OF TOTAL": null, "% OF TOTAL.1": null, "% OF TOTAL.2": null}, "Educational Attainment: Bachelors Degree": {"Demographic": null, "2020": 132, "2024": 127, "2029": null, "% OF TOTAL": null, "% OF TOTAL.1": null, "% OF TOTAL.2": null}, "Educational Attainment: Advanced Degree": {"Demographic": null, "2020": 12, "2024": 12, "2029": null, "% OF TOTAL": null, "% OF TOTAL.1": null, "% OF TOTAL.2": null}, "Households: Number of vehicles available - Average": {"Demographic": null, "2020": 2, "2024": 2, "2029": null, "% OF TOTAL": null, "% OF TOTAL.1": null, "% OF TOTAL.2": null}, "Households: No Vehicle available": {"Demographic": null, "2020": 9, "2024": 9, "2029": null, "% OF TOTAL": null, "% OF TOTAL.1": null, "% OF TOTAL.2": null}, "Households: 1 Vehicle available": {"Demographic": null, "2020": 140, "2024": 136, "2029": null, "% OF TOTAL": null, "% OF TOTAL.1": null, "% OF TOTAL.2": null}, "Households: 2 Vehicles available": {"Demographic": null, "2020": 109, "2024": 106, "2029": null, "% OF TOTAL": null, "% OF TOTAL.1": null, "% OF TOTAL.2": null}, "Households: 3 Vehicles available": {"Demographic": null, "2020": 143, "2024": 138, "2029": null, "% OF TOTAL": null, "% OF TOTAL.1": null, "% OF TOTAL.2": null}, "Households: 4 or more Vehicles available": {"Demographic": null, "2020": 54, "2024": 52, "2029": null, "% OF TOTAL": null, "% OF TOTAL.1": null, "% OF TOTAL.2": null}}, "household_trends": {"Households": {"Demographic": null, "2020": 455, "2024": 441, "2029": 426, "% OF TOTAL": null, "% OF TOTAL.1": null, "% OF TOTAL.2": null}, "Households Growth": {"Demographic": null, "2020": null, "2024": -3.1, "2029": -3.4, "% OF TOTAL": null, "% OF TOTAL.1": null, "% OF TOTAL.2": null}, "Householder Age 15-24": {"Demographic": null, "2020": 10, "2024": 10, "2029": 11, "% OF TOTAL": 2.6, "% OF TOTAL.1": null, "% OF TOTAL.2": null}, "Householder Age 25-34": {"Demographic": null, "2020": 53, "2024": 51, "2029": 48, "% OF TOTAL": 11.3, "% OF TOTAL.1": null, "% OF TOTAL.2": null}, "Householder Age 35-44": {"Demographic": null, "2020": 85, "2024": 83, "2029": 78, "% OF TOTAL": 18.3, "% OF TOTAL.1": null, "% OF TOTAL.2": null}, "Householder Age 45-54": {"Demographic": null, "2020": 80, "2024": 77, "2029": 74, "% OF TOTAL": 17.4, "% OF TOTAL.1": null, "% OF TOTAL.2": null}, "Householder Age 55-64": {"Demographic": null, "2020": 83, "2024": 81, "2029": 72, "% OF TOTAL": 16.9, "% OF TOTAL.1": null, "% OF TOTAL.2": null}, "Householder Age 65-74": {"Demographic": null, "2020": 71, "2024": 69, "2029": 69, "% OF TOTAL": 16.2, "% OF TOTAL.1": null, "% OF TOTAL.2": null}, "Householder Age 75+": {"Demographic": null, "2020": 73, "2024": 70, "2029": 74, "% OF TOTAL": 17.4, "% OF TOTAL.1": null, "% OF TOTAL.2": null}, "Average Household Size": {"Demographic": null, "2020": 2.6, "2024": 2.6, "2029": 2.6, "% OF TOTAL": null, "% OF TOTAL.1": null, "% OF TOTAL.2": null}, "1 Person Households": {"Demographic": null, "2020": 100, "2024": 96, "2029": 95, "% OF TOTAL": 22.3, "% OF TOTAL.1": null, "% OF TOTAL.2": null}, "2 Person Households": {"Demographic": null, "2020": 157, "2024": 151, "2029": 148, "% OF TOTAL": 34.7, "% OF TOTAL.1": null, "% OF TOTAL.2": null}, "3 Person Households": {"Demographic": null, "2020": 97, "2024": 93, "2029": 91, "% OF TOTAL": 21.4, "% OF TOTAL.1": null, "% OF TOTAL.2": null}, "4 Person Households": {"Demographic": null, "2020": 59, "2024": 59, "2029": 54, "% OF TOTAL": 12.7, "% OF TOTAL.1": null, "% OF TOTAL.2": null}, "5 Person Households": {"Demographic": null, "2020": 27, "2024": 27, "2029": 25, "% OF TOTAL": 5.9, "% OF TOTAL.1": null, "% OF TOTAL.2": null}, "6 Person Households": {"Demographic": null, "2020": 6, "2024": 6, "2029": 5, "% OF TOTAL": 1.2, "% OF TOTAL.1": null, "% OF TOTAL.2": null}, "7+ Person Households": {"Demographic": null, "2020": 9, "2024": 9, "2029": 8, "% OF TOTAL": 1.9, "% OF TOTAL.1": null, "% OF TOTAL.2": null}, "Household Type: Family": {"Demographic": null, "2020": 330, "2024": 320, "2029": null, "% OF TOTAL": null, "% OF TOTAL.1": null, "% OF TOTAL.2": null}, "Household Type: Married Family": {"Demographic": null, "2020": 233, "2024": 226, "2029": null, "% OF TOTAL": null, "% OF TOTAL.1": null, "% OF TOTAL.2": null}, "Household Type: Married Family With Children": {"Demographic": null, "2020": 77, "2024": 75, "2029": null, "% OF TOTAL": null, "% OF TOTAL.1": null, "% OF TOTAL.2": null}, "Household Type: Married Family Without Children": {"Demographic": null, "2020": 156, "2024": 151, "2029": null, "% OF TOTAL": null, "% OF TOTAL.1": null, "% OF TOTAL.2": null}, "Household Type: Other Family": {"Demographic": null, "2020": 97, "2024": 94, "2029": null, "% OF TOTAL": null, "% OF TOTAL.1": null, "% OF TOTAL.2": null}, "Household Type: Male Households, No Wife": {"Demographic": null, "2020": 31, "2024": 30, "2029": null, "% OF TOTAL": null, "% OF TOTAL.1": null, "% OF TOTAL.2": null}, "Household Type: Male Households, No Wife With Children": {"Demographic": null, "2020": 13, "2024": 13, "2029": null, "% OF TOTAL": null, "% OF TOTAL.1": null, "% OF TOTAL.2": null}, "Household Type: Male Households, No Wife Without Children": {"Demographic": null, "2020": 18, "2024": 17, "2029": null, "% OF TOTAL": null, "% OF TOTAL.1": null, "% OF TOTAL.2": null}, "Household Type: Female Households, No Husband": {"Demographic": null, "2020": 66, "2024": 64, "2029": null, "% OF TOTAL": null, "% OF TOTAL.1": null, "% OF TOTAL.2": null}, "Household Type: Female Households, No Husband With Children": {"Demographic": null, "2020": 27, "2024": 26, "2029": null, "% OF TOTAL": null, "% OF TOTAL.1": null, "% OF TOTAL.2": null}, "Household Type: Female Households, No Husband Without Children": {"Demographic": null, "2020": 39, "2024": 38, "2029": null, "% OF TOTAL": null, "% OF TOTAL.1": null, "% OF TOTAL.2": null}, "Household Income: Average": {"Demographic": null, "2020": 88137, "2024": 100096, "2029": 129971, "% OF TOTAL": null, "% OF TOTAL.1": null, "% OF TOTAL.2": null}, "Household Income: Median": {"Demographic": null, "2020": 0, "2024": 82684, "2029": 92176, "% OF TOTAL": null, "% OF TOTAL.1": null, "% OF TOTAL.2": null}, "Household Income: Less than $25k": {"Demographic": null, "2020": 17, "2024": 8, "2029": 7, "% OF TOTAL": 1.6, "% OF TOTAL.1": null, "% OF TOTAL.2": null}, "Household Income: $25k - $50k": {"Demographic": null, "2020": 191, "2024": 173, "2029": 113, "% OF TOTAL": 26.5, "% OF TOTAL.1": null, "% OF TOTAL.2": null}, "Household Income: $50k - $75k": {"Demographic": null, "2020": 4, "2024": 2, "2029": 3, "% OF TOTAL": 0.7, "% OF TOTAL.1": null, "% OF TOTAL.2": null}, "Household Income: $75k - $100k": {"Demographic": null, "2020": 132, "2024": 122, "2029": 131, "% OF TOTAL": 30.8, "% OF TOTAL.1": null, "% OF TOTAL.2": null}, "Household Income: $100k - $125k": {"Demographic": null, "2020": 24, "2024": 24, "2029": 20, "% OF TOTAL": 4.7, "% OF TOTAL.1": null, "% OF TOTAL.2": null}, "Household Income: $125k - $150k": {"Demographic": null, "2020": 26, "2024": 23, "2029": 19, "% OF TOTAL": 4.5, "% OF TOTAL.1": null, "% OF TOTAL.2": null}, "Household Income: $150k - $200k": {"Demographic": null, "2020": 38, "2024": 58, "2029": 69, "% OF TOTAL": 16.2, "% OF TOTAL.1": null, "% OF TOTAL.2": null}, "Household Income: Above $200k": {"Demographic": null, "2020": 23, "2024": 31, "2029": 64, "% OF TOTAL": 15.0, "% OF TOTAL.1": null, "% OF TOTAL.2": null}, "Total Housing Units": {"Demographic": null, "2020": 520, "2024": null, "2029": null, "% OF TOTAL": null, "% OF TOTAL.1": null, "% OF TOTAL.2": null}, "Owner Occupied Housing Units": {"Demographic": null, "2020": 382, "2024": 370, "2029": null, "% OF TOTAL": null, "% OF TOTAL.1": null, "% OF TOTAL.2": null}, "Renter Occupied Housing Units": {"Demographic": null, "2020": 73, "2024": 71, "2029": null, "% OF TOTAL": null, "% OF TOTAL.1": null, "% OF TOTAL.2": null}, "Vacant Housing Units": {"Demographic": null, "2020": 65, "2024": null, "2029": null, "% OF TOTAL": null, "% OF TOTAL.1": null, "% OF TOTAL.2": null}, "Vacant Housing Units: Seasonal": {"Demographic": null, "2020": 0, "2024": null, "2029": null, "% OF TOTAL": null, "% OF TOTAL.1": null, "% OF TOTAL.2": null}, "Vacant Housing Units: Other Usage": {"Demographic": null, "2020": 65, "2024": null, "2029": null, "% OF TOTAL": null, "% OF TOTAL.1": null, "% OF TOTAL.2": null}, "Average Housing Unit Value": {"Demographic": null, "2020": 139346, "2024": 139372, "2029": null, "% OF TOTAL": null, "% OF TOTAL.1": null, "% OF TOTAL.2": null}, "Median Housing Unit Value": {"Demographic": null, "2020": 135616, "2024": 135563, "2029": null, "% OF TOTAL": null, "% OF TOTAL.1": null, "% OF TOTAL.2": null}, "Housing Unit Value Less Than $100k": {"Demographic": null, "2020": 139, "2024": 135, "2029": null, "% OF TOTAL": null, "% OF TOTAL.1": null, "% OF TOTAL.2": null}, "Housing Unit Value $100k-$200k": {"Demographic": null, "2020": 175, "2024": 169, "2029": null, "% OF TOTAL": null, "% OF TOTAL.1": null, "% OF TOTAL.2": null}, "Housing Unit Value $200k-$250k": {"Demographic": null, "2020": 35, "2024": 34, "2029": null, "% OF TOTAL": null, "% OF TOTAL.1": null, "% OF TOTAL.2": null}, "Housing Unit Value $250k-$300k": {"Demographic": null, "2020": 18, "2024": 17, "2029": null, "% OF TOTAL": null, "% OF TOTAL.1": null, "% OF TOTAL.2": null}, "Housing Unit Value $300k-$400k": {"Demographic": null, "2020": 15, "2024": 15, "2029": null, "% OF TOTAL": null, "% OF TOTAL.1": null, "% OF TOTAL.2": null}, "Housing Unit Value $400k-$500k": {"Demographic": null, "2020": 0, "2024": 0, "2029": null, "% OF TOTAL": null, "% OF TOTAL.1": null, "% OF TOTAL.2": null}, "Housing Unit Value $500k-$750k": {"Demographic": null, "2020": 0, "2024": 0, "2029": null, "% OF TOTAL": null, "% OF TOTAL.1": null, "% OF TOTAL.2": null}, "Housing Unit Value $750k-$1m": {"Demographic": null, "2020": 0, "2024": 0, "2029": null, "% OF TOTAL": null, "% OF TOTAL.1": null, "% OF TOTAL.2": null}, "Housing Unit Value $1m-$1.5m": {"Demographic": null, "2020": 0, "2024": 0, "2029": null, "% OF TOTAL": null, "% OF TOTAL.1": null, "% OF TOTAL.2": null}, "Housing Unit Value $1.5m-$2m": {"Demographic": null, "2020": 0, "2024": 0, "2029": null, "% OF TOTAL": null, "% OF TOTAL.1": null, "% OF TOTAL.2": null}, "Housing Unit Value Above $2m": {"Demographic": null, "2020": 0, "2024": 0, "2029": null, "% OF TOTAL": null, "% OF TOTAL.1": null, "% OF TOTAL.2": null}, "Median Housing Unit Year Built": {"Demographic": null, "2020": 1983, "2024": 1984, "2029": null, "% OF TOTAL": null, "% OF TOTAL.1": null, "% OF TOTAL.2": null}, "Housing Units Built 2014 Or After": {"Demographic": null, "2020": 0, "2024": 0, "2029": null, "% OF TOTAL": null, "% OF TOTAL.1": null, "% OF TOTAL.2": null}, "Housing Units Built 2010-2013": {"Demographic": null, "2020": 8, "2024": 8, "2029": null, "% OF TOTAL": null, "% OF TOTAL.1": null, "% OF TOTAL.2": null}, "Housing Units Built 2000-2009": {"Demographic": null, "2020": 105, "2024": 102, "2029": null, "% OF TOTAL": null, "% OF TOTAL.1": null, "% OF TOTAL.2": null}, "Housing Units Built 1990-1999": {"Demographic": null, "2020": 26, "2024": 25, "2029": null, "% OF TOTAL": null, "% OF TOTAL.1": null, "% OF TOTAL.2": null}, "Housing Units Built 1980-1989": {"Demographic": null, "2020": 135, "2024": 131, "2029": null, "% OF TOTAL": null, "% OF TOTAL.1": null, "% OF TOTAL.2": null}, "Housing Units Built 1970-1979": {"Demographic": null, "2020": 55, "2024": 53, "2029": null, "% OF TOTAL": null, "% OF TOTAL.1": null, "% OF TOTAL.2": null}, "Housing Units Built 1960-1969": {"Demographic": null, "2020": 65, "2024": 63, "2029": null, "% OF TOTAL": null, "% OF TOTAL.1": null, "% OF TOTAL.2": null}, "Housing Units Built 1950-1959": {"Demographic": null, "2020": 61, "2024": 59, "2029": null, "% OF TOTAL": null, "% OF TOTAL.1": null, "% OF TOTAL.2": null}, "Housing Units Built 1940-1949": {"Demographic": null, "2020": 0, "2024": 0, "2029": null, "% OF TOTAL": null, "% OF TOTAL.1": null, "% OF TOTAL.2": null}, "Housing Units Built Before 1940": {"Demographic": null, "2020": 0, "2024": 0, "2029": null, "% OF TOTAL": null, "% OF TOTAL.1": null, "% OF TOTAL.2": null}}}, "geometry": {"type": "Polygon", "coordinates": [[[-88.331204, 30.47007], [-88.330809, 30.441033], [-88.364321, 30.440687], [-88.364722, 30.469448], [-88.363771, 30.469734], [-88.331204, 30.47007]]]}}, {"type": "Feature", "properties": {"block": "031", "block_num": 31, "CentroidLon": -88.38128288607145, "CentroidLat": 30.453766788023575, "data_status": "no data", "is_anomalous": false, "anomaly_reason": null, "files_present": ""}, "geometry": {"type": "Polygon", "coordinates": [[[-88.364321, 30.440687], [-88.397761, 30.440333], [-88.398247, 30.469369], [-88.397795, 30.469374], [-88.381574, 30.464387], [-88.364722, 30.469448], [-88.364321, 30.440687]]]}}, {"type": "Feature", "properties": {"block": "032", "block_num": 32, "CentroidLon": -88.09410678270764, "CentroidLat": 30.43028731602453, "data_status": "no data", "is_anomalous": false, "anomaly_reason": null, "files_present": ""}, "geometry": {"type": "Polygon", "coordinates": [[[-88.095884, 30.414174], [-88.096208, 30.443215], [-88.091197, 30.443257], [-88.093335, 30.414196], [-88.095884, 30.414174]]]}}, {"type": "Feature", "properties": {"block": "033", "block_num": 33, "CentroidLon": -88.38081883007575, "CentroidLat": 30.425997619890417, "data_status": "no data", "is_anomalous": false, "anomaly_reason": null, "files_present": ""}, "geometry": {"type": "Polygon", "coordinates": [[[-88.364321, 30.440687], [-88.363917, 30.41165], [-88.397276, 30.411297], [-88.397761, 30.440333], [-88.364321, 30.440687]]]}}, {"type": "Feature", "properties": {"block": "034", "block_num": 34, "CentroidLon": -88.34736542299068, "CentroidLat": 30.426341973709132, "data_status": "no data", "is_anomalous": false, "anomaly_reason": null, "files_present": ""}, "geometry": {"type": "Polygon", "coordinates": [[[-88.363917, 30.41165], [-88.364321, 30.440687], [-88.330809, 30.441033], [-88.330415, 30.411995], [-88.363917, 30.41165]]]}}, {"type": "Feature", "properties": {"block": "035", "block_num": 35, "CentroidLon": -88.3138580238459, "CentroidLat": 30.426683223522, "data_status": "no data", "is_anomalous": false, "anomaly_reason": null, "files_present": ""}, "geometry": {"type": "Polygon", "coordinates": [[[-88.330415, 30.411995], [-88.330809, 30.441033], [-88.297296, 30.44137], [-88.296912, 30.412332], [-88.330415, 30.411995]]]}}, {"type": "Feature", "properties": {"block": "036", "block_num": 36, "CentroidLon": -88.28035002134406, "CentroidLat": 30.427016222833352, "data_status": "usable", "is_anomalous": false, "anomaly_reason": null, "files_present": "DemographicSnapshot-26.08.06.csv;PopulationTrends-26.08.06.csv;HouseholdTrends-26.08.06.csv;HouseholdIncomeByAge-26.08.06.csv;ConsumerSegmentation-26.08.06.csv", "population_2024": 1287, "population_2029": 1240, "households_2024": 524, "households_2029": 513, "median_household_income_2024": 24575, "median_household_income_2029": 24095, "mean_household_income_2024": null, "mean_household_income_2029": null, "median_age_2024": 36, "median_age_2029": 38, "median_home_value_2024": 89211, "average_household_size_2024": 2.5, "average_household_size_2029": 2.4, "population_growth_2024_2029": 0.3, "households_growth_2024_2029": 1.6, "consumer_segments": {"Renters": {"households": 176, "pct": 42.9}, "Simple Life Moderate Income No Children": {"households": 95, "pct": 23.2}, "Simple Life Moderate Income With Children": {"households": 45, "pct": 11.0}, "Active Adult Elite": {"households": 20, "pct": 4.9}, "Renters Near Term Buyers": {"households": 19, "pct": 4.6}, "Simple Life Affluent No Children": {"households": 17, "pct": 4.1}, "Active Adult Entry Level": {"households": 16, "pct": 3.9}, "Family Life Young Children": {"households": 9, "pct": 2.2}, "Active Adult Feature and Location": {"households": 7, "pct": 1.7}, "Elite": {"households": 6, "pct": 1.5}, "Family Life School Age Children": {"households": 0, "pct": 0.0}, "Feature and Location": {"households": 0, "pct": 0.0}, "Entry Level Urban": {"households": 0, "pct": 0.0}, "Entry Level Suburban": {"households": 0, "pct": 0.0}}, "income_age": {"2020": {}, "2024": {}, "2029": {}}, "population_trends": {"Total Population": {"Demographic": null, "2020": 1283, "2024": 1287, "2029": 1240, "% OF TOTAL": null, "% OF TOTAL.1": null, "% OF TOTAL.2": null}, "Population Growth": {"Demographic": null, "2020": null, "2024": 0.3, "2029": -3.7, "% OF TOTAL": null, "% OF TOTAL.1": null, "% OF TOTAL.2": null}, "Female Population": {"Demographic": null, "2020": 672, "2024": 675, "2029": 651, "% OF TOTAL": 52.5, "% OF TOTAL.1": null, "% OF TOTAL.2": null}, "Male Population": {"Demographic": null, "2020": 611, "2024": 612, "2029": 589, "% OF TOTAL": 47.5, "% OF TOTAL.1": null, "% OF TOTAL.2": null}, "Total population: Median Age": {"Demographic": null, "2020": 36, "2024": 36, "2029": 38, "% OF TOTAL": null, "% OF TOTAL.1": null, "% OF TOTAL.2": null}, "Total population: Under 5 years": {"Demographic": null, "2020": 96, "2024": 92, "2029": 84, "% OF TOTAL": 6.8, "% OF TOTAL.1": null, "% OF TOTAL.2": null}, "Total population: 5 - 9 years": {"Demographic": null, "2020": 87, "2024": 89, "2029": 82, "% OF TOTAL": 6.6, "% OF TOTAL.1": null, "% OF TOTAL.2": null}, "Total population: 10 - 14 years": {"Demographic": null, "2020": 92, "2024": 86, "2029": 78, "% OF TOTAL": 6.3, "% OF TOTAL.1": null, "% OF TOTAL.2": null}, "Total population: 15 - 19 years": {"Demographic": null, "2020": 104, "2024": 107, "2029": 93, "% OF TOTAL": 7.5, "% OF TOTAL.1": null, "% OF TOTAL.2": null}, "Total population: 20 - 24 years": {"Demographic": null, "2020": 94, "2024": 96, "2029": 95, "% OF TOTAL": 7.7, "% OF TOTAL.1": null, "% OF TOTAL.2": null}, "Total population: 25 - 29 years": {"Demographic": null, "2020": 70, "2024": 65, "2029": 68, "% OF TOTAL": 5.5, "% OF TOTAL.1": null, "% OF TOTAL.2": null}, "Total population: 30 - 34 years": {"Demographic": null, "2020": 72, "2024": 74, "2029": 66, "% OF TOTAL": 5.3, "% OF TOTAL.1": null, "% OF TOTAL.2": null}, "Total population: 35 - 39 years": {"Demographic": null, "2020": 99, "2024": 99, "2029": 90, "% OF TOTAL": 7.3, "% OF TOTAL.1": null, "% OF TOTAL.2": null}, "Total population: 40 - 44 years": {"Demographic": null, "2020": 74, "2024": 78, "2029": 82, "% OF TOTAL": 6.6, "% OF TOTAL.1": null, "% OF TOTAL.2": null}, "Total population: 45 - 49 years": {"Demographic": null, "2020": 82, "2024": 80, "2029": 78, "% OF TOTAL": 6.3, "% OF TOTAL.1": null, "% OF TOTAL.2": null}, "Total population: 50 - 54 years": {"Demographic": null, "2020": 76, "2024": 73, "2029": 69, "% OF TOTAL": 5.6, "% OF TOTAL.1": null, "% OF TOTAL.2": null}, "Total population: 55 - 59 years": {"Demographic": null, "2020": 81, "2024": 82, "2029": 76, "% OF TOTAL": 6.1, "% OF TOTAL.1": null, "% OF TOTAL.2": null}, "Total population: 60 - 64 years": {"Demographic": null, "2020": 78, "2024": 77, "2029": 71, "% OF TOTAL": 5.7, "% OF TOTAL.1": null, "% OF TOTAL.2": null}, "Total population: 65 - 69 years": {"Demographic": null, "2020": 61, "2024": 62, "2029": 64, "% OF TOTAL": 5.2, "% OF TOTAL.1": null, "% OF TOTAL.2": null}, "Total population: 70 - 74 years": {"Demographic": null, "2020": 57, "2024": 59, "2029": 60, "% OF TOTAL": 4.8, "% OF TOTAL.1": null, "% OF TOTAL.2": null}, "Total population: 75 - 79 years": {"Demographic": null, "2020": 33, "2024": 39, "2029": 45, "% OF TOTAL": 3.6, "% OF TOTAL.1": null, "% OF TOTAL.2": null}, "Total population: 80 - 84 years": {"Demographic": null, "2020": 20, "2024": 22, "2029": 28, "% OF TOTAL": 2.3, "% OF TOTAL.1": null, "% OF TOTAL.2": null}, "Total population: 85 years and over": {"Demographic": null, "2020": 7, "2024": 7, "2029": 11, "% OF TOTAL": 0.9, "% OF TOTAL.1": null, "% OF TOTAL.2": null}, "Female population: Median Age": {"Demographic": null, "2020": 36, "2024": 37, "2029": 38, "% OF TOTAL": null, "% OF TOTAL.1": null, "% OF TOTAL.2": null}, "Female population: Under 5 years": {"Demographic": null, "2020": 44, "2024": 43, "2029": 40, "% OF TOTAL": 6.1, "% OF TOTAL.1": null, "% OF TOTAL.2": null}, "Female population: 5 - 9 years": {"Demographic": null, "2020": 43, "2024": 42, "2029": 40, "% OF TOTAL": 6.1, "% OF TOTAL.1": null, "% OF TOTAL.2": null}, "Female population: 10 - 14 years": {"Demographic": null, "2020": 49, "2024": 46, "2029": 40, "% OF TOTAL": 6.1, "% OF TOTAL.1": null, "% OF TOTAL.2": null}, "Female population: 15 - 19 years": {"Demographic": null, "2020": 41, "2024": 43, "2029": 40, "% OF TOTAL": 6.1, "% OF TOTAL.1": null, "% OF TOTAL.2": null}, "Female population: 20 - 24 years": {"Demographic": null, "2020": 49, "2024": 51, "2029": 47, "% OF TOTAL": 7.2, "% OF TOTAL.1": null, "% OF TOTAL.2": null}, "Female population: 25 - 29 years": {"Demographic": null, "2020": 48, "2024": 44, "2029": 43, "% OF TOTAL": 6.6, "% OF TOTAL.1": null, "% OF TOTAL.2": null}, "Female population: 30 - 34 years": {"Demographic": null, "2020": 42, "2024": 42, "2029": 40, "% OF TOTAL": 6.1, "% OF TOTAL.1": null, "% OF TOTAL.2": null}, "Female population: 35 - 39 years": {"Demographic": null, "2020": 56, "2024": 58, "2029": 52, "% OF TOTAL": 8.0, "% OF TOTAL.1": null, "% OF TOTAL.2": null}, "Female population: 40 - 44 years": {"Demographic": null, "2020": 36, "2024": 40, "2029": 44, "% OF TOTAL": 6.8, "% OF TOTAL.1": null, "% OF TOTAL.2": null}, "Female population: 45 - 49 years": {"Demographic": null, "2020": 48, "2024": 46, "2029": 43, "% OF TOTAL": 6.6, "% OF TOTAL.1": null, "% OF TOTAL.2": null}, "Female population: 50 - 54 years": {"Demographic": null, "2020": 40, "2024": 38, "2029": 37, "% OF TOTAL": 5.7, "% OF TOTAL.1": null, "% OF TOTAL.2": null}, "Female population: 55 - 59 years": {"Demographic": null, "2020": 38, "2024": 38, "2029": 36, "% OF TOTAL": 5.5, "% OF TOTAL.1": null, "% OF TOTAL.2": null}, "Female population: 60 - 64 years": {"Demographic": null, "2020": 47, "2024": 48, "2029": 41, "% OF TOTAL": 6.3, "% OF TOTAL.1": null, "% OF TOTAL.2": null}, "Female population: 65 - 69 years": {"Demographic": null, "2020": 38, "2024": 39, "2029": 40, "% OF TOTAL": 6.1, "% OF TOTAL.1": null, "% OF TOTAL.2": null}, "Female population: 70 - 74 years": {"Demographic": null, "2020": 28, "2024": 29, "2029": 32, "% OF TOTAL": 4.9, "% OF TOTAL.1": null, "% OF TOTAL.2": null}, "Female population: 75 - 79 years": {"Demographic": null, "2020": 13, "2024": 15, "2029": 19, "% OF TOTAL": 2.9, "% OF TOTAL.1": null, "% OF TOTAL.2": null}, "Female population: 80 - 84 years": {"Demographic": null, "2020": 12, "2024": 13, "2029": 14, "% OF TOTAL": 2.2, "% OF TOTAL.1": null, "% OF TOTAL.2": null}, "Female population: 85 years and over": {"Demographic": null, "2020": 0, "2024": 0, "2029": 3, "% OF TOTAL": 0.5, "% OF TOTAL.1": null, "% OF TOTAL.2": null}, "Male population: Median Age": {"Demographic": null, "2020": 35, "2024": 36, "2029": 37, "% OF TOTAL": null, "% OF TOTAL.1": null, "% OF TOTAL.2": null}, "Male population: Under 5 years": {"Demographic": null, "2020": 52, "2024": 49, "2029": 44, "% OF TOTAL": 7.5, "% OF TOTAL.1": null, "% OF TOTAL.2": null}, "Male population: 5 - 9 years": {"Demographic": null, "2020": 44, "2024": 47, "2029": 42, "% OF TOTAL": 7.1, "% OF TOTAL.1": null, "% OF TOTAL.2": null}, "Male population: 10 - 14 years": {"Demographic": null, "2020": 43, "2024": 40, "2029": 38, "% OF TOTAL": 6.5, "% OF TOTAL.1": null, "% OF TOTAL.2": null}, "Male population: 15 - 19 years": {"Demographic": null, "2020": 63, "2024": 64, "2029": 53, "% OF TOTAL": 9.0, "% OF TOTAL.1": null, "% OF TOTAL.2": null}, "Male population: 20 - 24 years": {"Demographic": null, "2020": 45, "2024": 45, "2029": 48, "% OF TOTAL": 8.1, "% OF TOTAL.1": null, "% OF TOTAL.2": null}, "Male population: 25 - 29 years": {"Demographic": null, "2020": 22, "2024": 21, "2029": 25, "% OF TOTAL": 4.2, "% OF TOTAL.1": null, "% OF TOTAL.2": null}, "Male population: 30 - 34 years": {"Demographic": null, "2020": 30, "2024": 32, "2029": 26, "% OF TOTAL": 4.4, "% OF TOTAL.1": null, "% OF TOTAL.2": null}, "Male population: 35 - 39 years": {"Demographic": null, "2020": 43, "2024": 41, "2029": 38, "% OF TOTAL": 6.5, "% OF TOTAL.1": null, "% OF TOTAL.2": null}, "Male population: 40 - 44 years": {"Demographic": null, "2020": 38, "2024": 38, "2029": 38, "% OF TOTAL": 6.5, "% OF TOTAL.1": null, "% OF TOTAL.2": null}, "Male population: 45 - 49 years": {"Demographic": null, "2020": 34, "2024": 34, "2029": 35, "% OF TOTAL": 5.9, "% OF TOTAL.1": null, "% OF TOTAL.2": null}, "Male population: 50 - 54 years": {"Demographic": null, "2020": 36, "2024": 35, "2029": 32, "% OF TOTAL": 5.4, "% OF TOTAL.1": null, "% OF TOTAL.2": null}, "Male population: 55 - 59 years": {"Demographic": null, "2020": 43, "2024": 44, "2029": 40, "% OF TOTAL": 6.8, "% OF TOTAL.1": null, "% OF TOTAL.2": null}, "Male population: 60 - 64 years": {"Demographic": null, "2020": 31, "2024": 29, "2029": 30, "% OF TOTAL": 5.1, "% OF TOTAL.1": null, "% OF TOTAL.2": null}, "Male population: 65 - 69 years": {"Demographic": null, "2020": 23, "2024": 23, "2029": 24, "% OF TOTAL": 4.1, "% OF TOTAL.1": null, "% OF TOTAL.2": null}, "Male population: 70 - 74 years": {"Demographic": null, "2020": 29, "2024": 30, "2029": 28, "% OF TOTAL": 4.8, "% OF TOTAL.1": null, "% OF TOTAL.2": null}, "Male population: 75 - 79 years": {"Demographic": null, "2020": 20, "2024": 24, "2029": 26, "% OF TOTAL": 4.4, "% OF TOTAL.1": null, "% OF TOTAL.2": null}, "Male population: 80 - 84 years": {"Demographic": null, "2020": 8, "2024": 9, "2029": 14, "% OF TOTAL": 2.4, "% OF TOTAL.1": null, "% OF TOTAL.2": null}, "Male population: 85 years and over": {"Demographic": null, "2020": 7, "2024": 7, "2029": 8, "% OF TOTAL": 1.4, "% OF TOTAL.1": null, "% OF TOTAL.2": null}, "White alone": {"Demographic": null, "2020": 831, "2024": 818, "2029": 785, "% OF TOTAL": 63.3, "% OF TOTAL.1": null, "% OF TOTAL.2": null}, "Black alone": {"Demographic": null, "2020": 194, "2024": 195, "2029": 190, "% OF TOTAL": 15.3, "% OF TOTAL.1": null, "% OF TOTAL.2": null}, "American Indian and Alaska Native alone": {"Demographic": null, "2020": 4, "2024": 5, "2029": 5, "% OF TOTAL": 0.4, "% OF TOTAL.1": null, "% OF TOTAL.2": null}, "Asian alone": {"Demographic": null, "2020": 134, "2024": 138, "2029": 134, "% OF TOTAL": 10.8, "% OF TOTAL.1": null, "% OF TOTAL.2": null}, "Native Hawaiian and OPI alone": {"Demographic": null, "2020": 0, "2024": 0, "2029": 0, "% OF TOTAL": 0.0, "% OF TOTAL.1": null, "% OF TOTAL.2": null}, "Some other race alone": {"Demographic": null, "2020": 43, "2024": 45, "2029": 43, "% OF TOTAL": 3.5, "% OF TOTAL.1": null, "% OF TOTAL.2": null}, "Two or more races alone": {"Demographic": null, "2020": 77, "2024": 86, "2029": 83, "% OF TOTAL": 6.7, "% OF TOTAL.1": null, "% OF TOTAL.2": null}, "Not Hispanic: White alone": {"Demographic": null, "2020": 825, "2024": 811, "2029": 778, "% OF TOTAL": 62.7, "% OF TOTAL.1": null, "% OF TOTAL.2": null}, "Not Hispanic: Black or African American alone": {"Demographic": null, "2020": 194, "2024": 195, "2029": 190, "% OF TOTAL": 15.3, "% OF TOTAL.1": null, "% OF TOTAL.2": null}, "Not Hispanic: American Indian and Alaska Native alone": {"Demographic": null, "2020": 2, "2024": 2, "2029": 2, "% OF TOTAL": 0.2, "% OF TOTAL.1": null, "% OF TOTAL.2": null}, "Not Hispanic: Asian alone": {"Demographic": null, "2020": 133, "2024": 137, "2029": 133, "% OF TOTAL": 10.7, "% OF TOTAL.1": null, "% OF TOTAL.2": null}, "Not Hispanic: Native Hawaiian and OPI alone": {"Demographic": null, "2020": 0, "2024": 0, "2029": 0, "% OF TOTAL": 0.0, "% OF TOTAL.1": null, "% OF TOTAL.2": null}, "Not Hispanic: Some Other Race alone": {"Demographic": null, "2020": 6, "2024": 6, "2029": 6, "% OF TOTAL": 0.5, "% OF TOTAL.1": null, "% OF TOTAL.2": null}, "Not Hispanic: Two or More Races": {"Demographic": null, "2020": 70, "2024": 78, "2029": 75, "% OF TOTAL": 6.0, "% OF TOTAL.1": null, "% OF TOTAL.2": null}, "Hispanic: White alone": {"Demographic": null, "2020": 6, "2024": 7, "2029": 7, "% OF TOTAL": 0.6, "% OF TOTAL.1": null, "% OF TOTAL.2": null}, "Hispanic: Black or African American alone": {"Demographic": null, "2020": 0, "2024": 0, "2029": 0, "% OF TOTAL": 0.0, "% OF TOTAL.1": null, "% OF TOTAL.2": null}, "Hispanic: American Indian and Alaska Native alone": {"Demographic": null, "2020": 2, "2024": 3, "2029": 3, "% OF TOTAL": 0.2, "% OF TOTAL.1": null, "% OF TOTAL.2": null}, "Hispanic: Asian alone": {"Demographic": null, "2020": 1, "2024": 1, "2029": 1, "% OF TOTAL": 0.1, "% OF TOTAL.1": null, "% OF TOTAL.2": null}, "Hispanic: Native Hawaiian and OPI alone": {"Demographic": null, "2020": 0, "2024": 0, "2029": 0, "% OF TOTAL": 0.0, "% OF TOTAL.1": null, "% OF TOTAL.2": null}, "Hispanic: Some Other Race alone": {"Demographic": null, "2020": 37, "2024": 39, "2029": 37, "% OF TOTAL": 3.0, "% OF TOTAL.1": null, "% OF TOTAL.2": null}, "Hispanic: Two or More Races": {"Demographic": null, "2020": 7, "2024": 8, "2029": 8, "% OF TOTAL": 0.6, "% OF TOTAL.1": null, "% OF TOTAL.2": null}, "Educational Attainment: No High School Diploma": {"Demographic": null, "2020": 394, "2024": 398, "2029": null, "% OF TOTAL": null, "% OF TOTAL.1": null, "% OF TOTAL.2": null}, "Educational Attainment: High School Diploma": {"Demographic": null, "2020": 238, "2024": 240, "2029": null, "% OF TOTAL": null, "% OF TOTAL.1": null, "% OF TOTAL.2": null}, "Educational Attainment: Some College": {"Demographic": null, "2020": 108, "2024": 109, "2029": null, "% OF TOTAL": null, "% OF TOTAL.1": null, "% OF TOTAL.2": null}, "Educational Attainment: Associates Degree": {"Demographic": null, "2020": 23, "2024": 23, "2029": null, "% OF TOTAL": null, "% OF TOTAL.1": null, "% OF TOTAL.2": null}, "Educational Attainment: Bachelors Degree": {"Demographic": null, "2020": 41, "2024": 41, "2029": null, "% OF TOTAL": null, "% OF TOTAL.1": null, "% OF TOTAL.2": null}, "Educational Attainment: Advanced Degree": {"Demographic": null, "2020": 6, "2024": 6, "2029": null, "% OF TOTAL": null, "% OF TOTAL.1": null, "% OF TOTAL.2": null}, "Employment Status: Armed Forces": {"Demographic": null, "2020": 0, "2024": 0, "2029": null, "% OF TOTAL": null, "% OF TOTAL.1": null, "% OF TOTAL.2": null}, "Employment Status: Civilian labor force employed": {"Demographic": null, "2020": 440, "2024": 439, "2029": null, "% OF TOTAL": null, "% OF TOTAL.1": null, "% OF TOTAL.2": null}, "Employment Status: Civilian labor force unemployed": {"Demographic": null, "2020": 11, "2024": 11, "2029": null, "% OF TOTAL": null, "% OF TOTAL.1": null, "% OF TOTAL.2": null}, "Employment Status: Not in labor force": {"Demographic": null, "2020": 536, "2024": 535, "2029": null, "% OF TOTAL": null, "% OF TOTAL.1": null, "% OF TOTAL.2": null}, "Employed in Agriculture and Mining Industries": {"Demographic": null, "2020": 28, "2024": 28, "2029": null, "% OF TOTAL": null, "% OF TOTAL.1": null, "% OF TOTAL.2": null}, "Employed in Construction Industries": {"Demographic": null, "2020": 5, "2024": 5, "2029": null, "% OF TOTAL": null, "% OF TOTAL.1": null, "% OF TOTAL.2": null}, "Employed in Manufacturing Industries": {"Demographic": null, "2020": 93, "2024": 93, "2029": null, "% OF TOTAL": null, "% OF TOTAL.1": null, "% OF TOTAL.2": null}, "Employed in Wholesale Industries": {"Demographic": null, "2020": 28, "2024": 28, "2029": null, "% OF TOTAL": null, "% OF TOTAL.1": null, "% OF TOTAL.2": null}, "Employed in Retail Industries": {"Demographic": null, "2020": 12, "2024": 12, "2029": null, "% OF TOTAL": null, "% OF TOTAL.1": null, "% OF TOTAL.2": null}, "Employed in Transportation and Utilities Industries": {"Demographic": null, "2020": 9, "2024": 9, "2029": null, "% OF TOTAL": null, "% OF TOTAL.1": null, "% OF TOTAL.2": null}, "Employed in Information Industries": {"Demographic": null, "2020": 0, "2024": 0, "2029": null, "% OF TOTAL": null, "% OF TOTAL.1": null, "% OF TOTAL.2": null}, "Employed in Real-Estate Industries": {"Demographic": null, "2020": 3, "2024": 3, "2029": null, "% OF TOTAL": null, "% OF TOTAL.1": null, "% OF TOTAL.2": null}, "Employed in Professional Industries": {"Demographic": null, "2020": 41, "2024": 41, "2029": null, "% OF TOTAL": null, "% OF TOTAL.1": null, "% OF TOTAL.2": null}, "Employed in Health and Education Industries": {"Demographic": null, "2020": 55, "2024": 55, "2029": null, "% OF TOTAL": null, "% OF TOTAL.1": null, "% OF TOTAL.2": null}, "Employed in Art Industries": {"Demographic": null, "2020": 152, "2024": 151, "2029": null, "% OF TOTAL": null, "% OF TOTAL.1": null, "% OF TOTAL.2": null}, "Employed in Other Industries": {"Demographic": null, "2020": 7, "2024": 7, "2029": null, "% OF TOTAL": null, "% OF TOTAL.1": null, "% OF TOTAL.2": null}, "Employed in Public Administration Industries": {"Demographic": null, "2020": 7, "2024": 7, "2029": null, "% OF TOTAL": null, "% OF TOTAL.1": null, "% OF TOTAL.2": null}, "Occupation: Management": {"Demographic": null, "2020": 5, "2024": 5, "2029": null, "% OF TOTAL": null, "% OF TOTAL.1": null, "% OF TOTAL.2": null}, "Occupation: Business and financial operations": {"Demographic": null, "2020": 9, "2024": 9, "2029": null, "% OF TOTAL": null, "% OF TOTAL.1": null, "% OF TOTAL.2": null}, "Occupation: Computer and mathematical": {"Demographic": null, "2020": 0, "2024": 0, "2029": null, "% OF TOTAL": null, "% OF TOTAL.1": null, "% OF TOTAL.2": null}, "Occupation: Architecture and engineering": {"Demographic": null, "2020": 16, "2024": 16, "2029": null, "% OF TOTAL": null, "% OF TOTAL.1": null, "% OF TOTAL.2": null}, "Occupation: Life, physical, and social science": {"Demographic": null, "2020": 0, "2024": 0, "2029": null, "% OF TOTAL": null, "% OF TOTAL.1": null, "% OF TOTAL.2": null}, "Occupation: Community and social service": {"Demographic": null, "2020": 0, "2024": 0, "2029": null, "% OF TOTAL": null, "% OF TOTAL.1": null, "% OF TOTAL.2": null}, "Occupation: Legal": {"Demographic": null, "2020": 0, "2024": 0, "2029": null, "% OF TOTAL": null, "% OF TOTAL.1": null, "% OF TOTAL.2": null}, "Occupation: Education, training, and library": {"Demographic": null, "2020": 12, "2024": 12, "2029": null, "% OF TOTAL": null, "% OF TOTAL.1": null, "% OF TOTAL.2": null}, "Occupation: Arts, design, entertainment, sports, and media": {"Demographic": null, "2020": 0, "2024": 0, "2029": null, "% OF TOTAL": null, "% OF TOTAL.1": null, "% OF TOTAL.2": null}, "Occupation: Health diagnosing and treating practitioners": {"Demographic": null, "2020": 9, "2024": 9, "2029": null, "% OF TOTAL": null, "% OF TOTAL.1": null, "% OF TOTAL.2": null}, "Occupation: Health technologists and technicians": {"Demographic": null, "2020": 0, "2024": 0, "2029": null, "% OF TOTAL": null, "% OF TOTAL.1": null, "% OF TOTAL.2": null}, "Occupation: Healthcare support": {"Demographic": null, "2020": 0, "2024": 0, "2029": null, "% OF TOTAL": null, "% OF TOTAL.1": null, "% OF TOTAL.2": null}, "Occupation: Fire fighting and prevention": {"Demographic": null, "2020": 0, "2024": 0, "2029": null, "% OF TOTAL": null, "% OF TOTAL.1": null, "% OF TOTAL.2": null}, "Occupation: Law enforcement workers": {"Demographic": null, "2020": 0, "2024": 0, "2029": null, "% OF TOTAL": null, "% OF TOTAL.1": null, "% OF TOTAL.2": null}, "Occupation: Food preparation and serving related": {"Demographic": null, "2020": 152, "2024": 151, "2029": null, "% OF TOTAL": null, "% OF TOTAL.1": null, "% OF TOTAL.2": null}, "Occupation: Building and grounds cleaning and maintenance": {"Demographic": null, "2020": 3, "2024": 3, "2029": null, "% OF TOTAL": null, "% OF TOTAL.1": null, "% OF TOTAL.2": null}, "Occupation: Personal care and service": {"Demographic": null, "2020": 3, "2024": 3, "2029": null, "% OF TOTAL": null, "% OF TOTAL.1": null, "% OF TOTAL.2": null}, "Occupation: Sales and related": {"Demographic": null, "2020": 20, "2024": 20, "2029": null, "% OF TOTAL": null, "% OF TOTAL.1": null, "% OF TOTAL.2": null}, "Occupation: Office and administrative support": {"Demographic": null, "2020": 10, "2024": 10, "2029": null, "% OF TOTAL": null, "% OF TOTAL.1": null, "% OF TOTAL.2": null}, "Occupation: Farming, fishing, and forestry": {"Demographic": null, "2020": 31, "2024": 31, "2029": null, "% OF TOTAL": null, "% OF TOTAL.1": null, "% OF TOTAL.2": null}, "Occupation: Construction and extraction": {"Demographic": null, "2020": 14, "2024": 14, "2029": null, "% OF TOTAL": null, "% OF TOTAL.1": null, "% OF TOTAL.2": null}, "Occupation: Installation, maintenance, and repair": {"Demographic": null, "2020": 7, "2024": 7, "2029": null, "% OF TOTAL": null, "% OF TOTAL.1": null, "% OF TOTAL.2": null}, "Occupation: Production": {"Demographic": null, "2020": 50, "2024": 50, "2029": null, "% OF TOTAL": null, "% OF TOTAL.1": null, "% OF TOTAL.2": null}, "Occupation: Transportation": {"Demographic": null, "2020": 48, "2024": 48, "2029": null, "% OF TOTAL": null, "% OF TOTAL.1": null, "% OF TOTAL.2": null}, "Occupation: Material moving": {"Demographic": null, "2020": 51, "2024": 51, "2029": null, "% OF TOTAL": null, "% OF TOTAL.1": null, "% OF TOTAL.2": null}, "White collar": {"Demographic": null, "2020": 81, "2024": 81, "2029": null, "% OF TOTAL": null, "% OF TOTAL.1": null, "% OF TOTAL.2": null}, "Blue collar": {"Demographic": null, "2020": 359, "2024": 358, "2029": null, "% OF TOTAL": null, "% OF TOTAL.1": null, "% OF TOTAL.2": null}, "Means of transportation: Car, truck or van": {"Demographic": null, "2020": 407, "2024": 406, "2029": null, "% OF TOTAL": null, "% OF TOTAL.1": null, "% OF TOTAL.2": null}, "Means of transportation: Public transportation": {"Demographic": null, "2020": 0, "2024": 0, "2029": null, "% OF TOTAL": null, "% OF TOTAL.1": null, "% OF TOTAL.2": null}, "Means of transportation: Other": {"Demographic": null, "2020": 0, "2024": 0, "2029": null, "% OF TOTAL": null, "% OF TOTAL.1": null, "% OF TOTAL.2": null}, "Travel time: Average (in minutes)": {"Demographic": null, "2020": 20, "2024": 20, "2029": null, "% OF TOTAL": null, "% OF TOTAL.1": null, "% OF TOTAL.2": null}, "Travel time to work: Less than 30 minutes": {"Demographic": null, "2020": 283, "2024": 282, "2029": null, "% OF TOTAL": null, "% OF TOTAL.1": null, "% OF TOTAL.2": null}, "Travel time to work: 30 to 60 minutes": {"Demographic": null, "2020": 124, "2024": 124, "2029": null, "% OF TOTAL": null, "% OF TOTAL.1": null, "% OF TOTAL.2": null}, "Travel time to work: 60 or more minutes": {"Demographic": null, "2020": 0, "2024": 0, "2029": null, "% OF TOTAL": null, "% OF TOTAL.1": null, "% OF TOTAL.2": null}}, "demographic_snapshot": {"Total Population": {"Demographic": null, "2020": 1283, "2024": 1287, "2029": 1240, "% OF TOTAL": null, "% OF TOTAL.1": null, "% OF TOTAL.2": null}, "Households": {"Demographic": null, "2020": 516, "2024": 524, "2029": 513, "% OF TOTAL": null, "% OF TOTAL.1": null, "% OF TOTAL.2": null}, "Population in Group Quarters": {"Demographic": null, "2020": 0, "2024": 0, "2029": 0, "% OF TOTAL": null, "% OF TOTAL.1": null, "% OF TOTAL.2": null}, "Households Growth": {"Demographic": null, "2020": null, "2024": 1.6, "2029": -2.1, "% OF TOTAL": null, "% OF TOTAL.1": null, "% OF TOTAL.2": null}, "Household Income: Median": {"Demographic": null, "2020": 0, "2024": 24575, "2029": 24095, "% OF TOTAL": null, "% OF TOTAL.1": null, "% OF TOTAL.2": null}, "Home Value: Median": {"Demographic": null, "2020": 89200, "2024": 89211, "2029": null, "% OF TOTAL": null, "% OF TOTAL.1": null, "% OF TOTAL.2": null}, "Population Growth": {"Demographic": null, "2020": null, "2024": 0.3, "2029": -3.7, "% OF TOTAL": null, "% OF TOTAL.1": null, "% OF TOTAL.2": null}, "Total Population: Under 19 years": {"Demographic": null, "2020": 379, "2024": 374, "2029": 337, "% OF TOTAL": 27.2, "% OF TOTAL.1": null, "% OF TOTAL.2": null}, "Total Population: 20 - 64 years": {"Demographic": null, "2020": 726, "2024": 724, "2029": 695, "% OF TOTAL": 56.0, "% OF TOTAL.1": null, "% OF TOTAL.2": null}, "Total Population: 65 years and over": {"Demographic": null, "2020": 178, "2024": 189, "2029": 208, "% OF TOTAL": 16.8, "% OF TOTAL.1": null, "% OF TOTAL.2": null}, "Total population: Median age": {"Demographic": null, "2020": 36, "2024": 36, "2029": 38, "% OF TOTAL": null, "% OF TOTAL.1": null, "% OF TOTAL.2": null}, "Total population: Under 5 years": {"Demographic": null, "2020": 96, "2024": 92, "2029": 84, "% OF TOTAL": 6.8, "% OF TOTAL.1": null, "% OF TOTAL.2": null}, "Total population: 5 - 9 years": {"Demographic": null, "2020": 87, "2024": 89, "2029": 82, "% OF TOTAL": 6.6, "% OF TOTAL.1": null, "% OF TOTAL.2": null}, "Total population: 10 - 14 years": {"Demographic": null, "2020": 92, "2024": 86, "2029": 78, "% OF TOTAL": 6.3, "% OF TOTAL.1": null, "% OF TOTAL.2": null}, "Total population: 15 - 19 years": {"Demographic": null, "2020": 104, "2024": 107, "2029": 93, "% OF TOTAL": 7.5, "% OF TOTAL.1": null, "% OF TOTAL.2": null}, "Total population: 20 - 24 years": {"Demographic": null, "2020": 94, "2024": 96, "2029": 95, "% OF TOTAL": 7.7, "% OF TOTAL.1": null, "% OF TOTAL.2": null}, "Total population: 25 - 29 years": {"Demographic": null, "2020": 70, "2024": 65, "2029": 68, "% OF TOTAL": 5.5, "% OF TOTAL.1": null, "% OF TOTAL.2": null}, "Total population: 30 - 34 years": {"Demographic": null, "2020": 72, "2024": 74, "2029": 66, "% OF TOTAL": 5.3, "% OF TOTAL.1": null, "% OF TOTAL.2": null}, "Total population: 35 - 39 years": {"Demographic": null, "2020": 99, "2024": 99, "2029": 90, "% OF TOTAL": 7.3, "% OF TOTAL.1": null, "% OF TOTAL.2": null}, "Total population: 40 - 44 years": {"Demographic": null, "2020": 74, "2024": 78, "2029": 82, "% OF TOTAL": 6.6, "% OF TOTAL.1": null, "% OF TOTAL.2": null}, "Total population: 45 - 49 years": {"Demographic": null, "2020": 82, "2024": 80, "2029": 78, "% OF TOTAL": 6.3, "% OF TOTAL.1": null, "% OF TOTAL.2": null}, "Total population: 50 - 54 years": {"Demographic": null, "2020": 76, "2024": 73, "2029": 69, "% OF TOTAL": 5.6, "% OF TOTAL.1": null, "% OF TOTAL.2": null}, "Total population: 55 - 59 years": {"Demographic": null, "2020": 81, "2024": 82, "2029": 76, "% OF TOTAL": 6.1, "% OF TOTAL.1": null, "% OF TOTAL.2": null}, "Total population: 60 - 64 years": {"Demographic": null, "2020": 78, "2024": 77, "2029": 71, "% OF TOTAL": 5.7, "% OF TOTAL.1": null, "% OF TOTAL.2": null}, "Total population: 65 - 69 years": {"Demographic": null, "2020": 61, "2024": 62, "2029": 64, "% OF TOTAL": 5.2, "% OF TOTAL.1": null, "% OF TOTAL.2": null}, "Total population: 70 - 74 years": {"Demographic": null, "2020": 57, "2024": 59, "2029": 60, "% OF TOTAL": 4.8, "% OF TOTAL.1": null, "% OF TOTAL.2": null}, "Total population: 75 - 79 years": {"Demographic": null, "2020": 33, "2024": 39, "2029": 45, "% OF TOTAL": 3.6, "% OF TOTAL.1": null, "% OF TOTAL.2": null}, "Total population: 80 - 84 years": {"Demographic": null, "2020": 20, "2024": 22, "2029": 28, "% OF TOTAL": 2.3, "% OF TOTAL.1": null, "% OF TOTAL.2": null}, "Total population: 85 years and over": {"Demographic": null, "2020": 7, "2024": 7, "2029": 11, "% OF TOTAL": 0.9, "% OF TOTAL.1": null, "% OF TOTAL.2": null}, "Householders Age 15-24": {"Demographic": null, "2020": 23, "2024": 23, "2029": 24, "% OF TOTAL": 4.7, "% OF TOTAL.1": null, "% OF TOTAL.2": null}, "Householders Age 25-34": {"Demographic": null, "2020": 70, "2024": 71, "2029": 69, "% OF TOTAL": 13.5, "% OF TOTAL.1": null, "% OF TOTAL.2": null}, "Householders Age 35-44": {"Demographic": null, "2020": 91, "2024": 93, "2029": 90, "% OF TOTAL": 17.5, "% OF TOTAL.1": null, "% OF TOTAL.2": null}, "Householders Age 45-54": {"Demographic": null, "2020": 97, "2024": 99, "2029": 94, "% OF TOTAL": 18.3, "% OF TOTAL.1": null, "% OF TOTAL.2": null}, "Householders Age 55-64": {"Demographic": null, "2020": 94, "2024": 95, "2029": 88, "% OF TOTAL": 17.2, "% OF TOTAL.1": null, "% OF TOTAL.2": null}, "Householders Age 65-74": {"Demographic": null, "2020": 86, "2024": 88, "2029": 89, "% OF TOTAL": 17.3, "% OF TOTAL.1": null, "% OF TOTAL.2": null}, "Householders Age 75+": {"Demographic": null, "2020": 55, "2024": 55, "2029": 59, "% OF TOTAL": 11.5, "% OF TOTAL.1": null, "% OF TOTAL.2": null}, "Household income: Average": {"Demographic": null, "2020": 34608, "2024": 33931, "2029": 38519, "% OF TOTAL": null, "% OF TOTAL.1": null, "% OF TOTAL.2": null}, "Household income: Less than 25k": {"Demographic": null, "2020": 241, "2024": 266, "2029": 267, "% OF TOTAL": 52.0, "% OF TOTAL.1": null, "% OF TOTAL.2": null}, "Household income: 25k - 50k": {"Demographic": null, "2020": 173, "2024": 160, "2029": 129, "% OF TOTAL": 25.1, "% OF TOTAL.1": null, "% OF TOTAL.2": null}, "Household income: 50k - 75k": {"Demographic": null, "2020": 66, "2024": 66, "2029": 70, "% OF TOTAL": 13.6, "% OF TOTAL.1": null, "% OF TOTAL.2": null}, "Household income: 75k - 100k": {"Demographic": null, "2020": 30, "2024": 24, "2029": 30, "% OF TOTAL": 5.8, "% OF TOTAL.1": null, "% OF TOTAL.2": null}, "Household income: 100k - 125k": {"Demographic": null, "2020": 0, "2024": 0, "2029": 0, "% OF TOTAL": 0.0, "% OF TOTAL.1": null, "% OF TOTAL.2": null}, "Household income: 125k - 150k": {"Demographic": null, "2020": 0, "2024": 0, "2029": 0, "% OF TOTAL": 0.0, "% OF TOTAL.1": null, "% OF TOTAL.2": null}, "Household income: 150k - 200k": {"Demographic": null, "2020": 4, "2024": 5, "2029": 8, "% OF TOTAL": 1.6, "% OF TOTAL.1": null, "% OF TOTAL.2": null}, "Household income: Above 200k": {"Demographic": null, "2020": 2, "2024": 3, "2029": 9, "% OF TOTAL": 1.8, "% OF TOTAL.1": null, "% OF TOTAL.2": null}, "White Alone": {"Demographic": null, "2020": 831, "2024": 818, "2029": 785, "% OF TOTAL": 63.3, "% OF TOTAL.1": null, "% OF TOTAL.2": null}, "Black or African American Alone": {"Demographic": null, "2020": 194, "2024": 195, "2029": 190, "% OF TOTAL": 15.3, "% OF TOTAL.1": null, "% OF TOTAL.2": null}, "American Indian and Alaska Native Alone": {"Demographic": null, "2020": 4, "2024": 5, "2029": 5, "% OF TOTAL": 0.4, "% OF TOTAL.1": null, "% OF TOTAL.2": null}, "Asian Alone": {"Demographic": null, "2020": 134, "2024": 138, "2029": 134, "% OF TOTAL": 10.8, "% OF TOTAL.1": null, "% OF TOTAL.2": null}, "Native Hawaiian and OPI Alone": {"Demographic": null, "2020": 0, "2024": 0, "2029": 0, "% OF TOTAL": 0.0, "% OF TOTAL.1": null, "% OF TOTAL.2": null}, "Some Other Race Alone": {"Demographic": null, "2020": 43, "2024": 45, "2029": 43, "% OF TOTAL": 3.5, "% OF TOTAL.1": null, "% OF TOTAL.2": null}, "Two or More Races Alone": {"Demographic": null, "2020": 77, "2024": 86, "2029": 83, "% OF TOTAL": 6.7, "% OF TOTAL.1": null, "% OF TOTAL.2": null}, "Not Hispanic or Latino": {"Demographic": null, "2020": 1230, "2024": 1229, "2029": 1184, "% OF TOTAL": 95.5, "% OF TOTAL.1": null, "% OF TOTAL.2": null}, "Hispanic or Latino": {"Demographic": null, "2020": 53, "2024": 58, "2029": 56, "% OF TOTAL": 4.5, "% OF TOTAL.1": null, "% OF TOTAL.2": null}, "Total Housing Units": {"Demographic": null, "2020": 564, "2024": null, "2029": null, "% OF TOTAL": null, "% OF TOTAL.1": null, "% OF TOTAL.2": null}, "Owner Occupied Housing Units": {"Demographic": null, "2020": 248, "2024": 252, "2029": null, "% OF TOTAL": null, "% OF TOTAL.1": null, "% OF TOTAL.2": null}, "Renter Occupied Housing Units": {"Demographic": null, "2020": 268, "2024": 272, "2029": null, "% OF TOTAL": null, "% OF TOTAL.1": null, "% OF TOTAL.2": null}, "Housing Units Value Less Than 100k": {"Demographic": null, "2020": 148, "2024": 150, "2029": null, "% OF TOTAL": null, "% OF TOTAL.1": null, "% OF TOTAL.2": null}, "Housing Units Value 100k - 200k": {"Demographic": null, "2020": 40, "2024": 41, "2029": null, "% OF TOTAL": null, "% OF TOTAL.1": null, "% OF TOTAL.2": null}, "Housing Units Value 200k - 250k": {"Demographic": null, "2020": 50, "2024": 51, "2029": null, "% OF TOTAL": null, "% OF TOTAL.1": null, "% OF TOTAL.2": null}, "Housing Units Value 250k - 300k": {"Demographic": null, "2020": 10, "2024": 10, "2029": null, "% OF TOTAL": null, "% OF TOTAL.1": null, "% OF TOTAL.2": null}, "Housing Units Value 300k - 400k": {"Demographic": null, "2020": 0, "2024": 0, "2029": null, "% OF TOTAL": null, "% OF TOTAL.1": null, "% OF TOTAL.2": null}, "Housing Units Value 400k - 500k": {"Demographic": null, "2020": 0, "2024": 0, "2029": null, "% OF TOTAL": null, "% OF TOTAL.1": null, "% OF TOTAL.2": null}, "Housing Units Value 500k - 750k": {"Demographic": null, "2020": 0, "2024": 0, "2029": null, "% OF TOTAL": null, "% OF TOTAL.1": null, "% OF TOTAL.2": null}, "Housing Units Value 750k - 1m": {"Demographic": null, "2020": 0, "2024": 0, "2029": null, "% OF TOTAL": null, "% OF TOTAL.1": null, "% OF TOTAL.2": null}, "Housing Units Value 1m - 1.5m": {"Demographic": null, "2020": 0, "2024": 0, "2029": null, "% OF TOTAL": null, "% OF TOTAL.1": null, "% OF TOTAL.2": null}, "Housing Units Value 1.5m - 2m": {"Demographic": null, "2020": 0, "2024": 0, "2029": null, "% OF TOTAL": null, "% OF TOTAL.1": null, "% OF TOTAL.2": null}, "Housing Units Value >2m": {"Demographic": null, "2020": 0, "2024": 0, "2029": null, "% OF TOTAL": null, "% OF TOTAL.1": null, "% OF TOTAL.2": null}, "Take Car or Truck to Work": {"Demographic": null, "2020": 407, "2024": 406, "2029": null, "% OF TOTAL": null, "% OF TOTAL.1": null, "% OF TOTAL.2": null}, "Take Public Transportation to Work": {"Demographic": null, "2020": 0, "2024": 0, "2029": null, "% OF TOTAL": null, "% OF TOTAL.1": null, "% OF TOTAL.2": null}, "Take Other Means of Transportation to Work": {"Demographic": null, "2020": 0, "2024": 0, "2029": null, "% OF TOTAL": null, "% OF TOTAL.1": null, "% OF TOTAL.2": null}, "Average Travel Time (min)": {"Demographic": null, "2020": 20, "2024": 20, "2029": null, "% OF TOTAL": null, "% OF TOTAL.1": null, "% OF TOTAL.2": null}, "Travel Below 30 Min to Work": {"Demographic": null, "2020": 283, "2024": 282, "2029": null, "% OF TOTAL": null, "% OF TOTAL.1": null, "% OF TOTAL.2": null}, "Travel 30-60 Min to Work": {"Demographic": null, "2020": 124, "2024": 124, "2029": null, "% OF TOTAL": null, "% OF TOTAL.1": null, "% OF TOTAL.2": null}, "Travel Above 60 Min to Work": {"Demographic": null, "2020": 20, "2024": 0, "2029": null, "% OF TOTAL": null, "% OF TOTAL.1": null, "% OF TOTAL.2": null}, "Educational Attainment: No High School Diploma": {"Demographic": null, "2020": 632, "2024": 638, "2029": null, "% OF TOTAL": null, "% OF TOTAL.1": null, "% OF TOTAL.2": null}, "Educational Attainment: High School Diploma": {"Demographic": null, "2020": 238, "2024": 240, "2029": null, "% OF TOTAL": null, "% OF TOTAL.1": null, "% OF TOTAL.2": null}, "Educational Attainment: Some College": {"Demographic": null, "2020": 172, "2024": 173, "2029": null, "% OF TOTAL": null, "% OF TOTAL.1": null, "% OF TOTAL.2": null}, "Educational Attainment: Associate's Degree": {"Demographic": null, "2020": 23, "2024": 23, "2029": null, "% OF TOTAL": null, "% OF TOTAL.1": null, "% OF TOTAL.2": null}, "Educational Attainment: Bachelors Degree": {"Demographic": null, "2020": 41, "2024": 41, "2029": null, "% OF TOTAL": null, "% OF TOTAL.1": null, "% OF TOTAL.2": null}, "Educational Attainment: Advanced Degree": {"Demographic": null, "2020": 6, "2024": 6, "2029": null, "% OF TOTAL": null, "% OF TOTAL.1": null, "% OF TOTAL.2": null}, "Households: Number of vehicles available - Average": {"Demographic": null, "2020": 1, "2024": 1, "2029": null, "% OF TOTAL": null, "% OF TOTAL.1": null, "% OF TOTAL.2": null}, "Households: No Vehicle available": {"Demographic": null, "2020": 139, "2024": 141, "2029": null, "% OF TOTAL": null, "% OF TOTAL.1": null, "% OF TOTAL.2": null}, "Households: 1 Vehicle available": {"Demographic": null, "2020": 205, "2024": 208, "2029": null, "% OF TOTAL": null, "% OF TOTAL.1": null, "% OF TOTAL.2": null}, "Households: 2 Vehicles available": {"Demographic": null, "2020": 93, "2024": 95, "2029": null, "% OF TOTAL": null, "% OF TOTAL.1": null, "% OF TOTAL.2": null}, "Households: 3 Vehicles available": {"Demographic": null, "2020": 64, "2024": 65, "2029": null, "% OF TOTAL": null, "% OF TOTAL.1": null, "% OF TOTAL.2": null}, "Households: 4 or more Vehicles available": {"Demographic": null, "2020": 15, "2024": 15, "2029": null, "% OF TOTAL": null, "% OF TOTAL.1": null, "% OF TOTAL.2": null}}, "household_trends": {"Households": {"Demographic": null, "2020": 516, "2024": 524, "2029": 513, "% OF TOTAL": null, "% OF TOTAL.1": null, "% OF TOTAL.2": null}, "Households Growth": {"Demographic": null, "2020": null, "2024": 1.6, "2029": -2.1, "% OF TOTAL": null, "% OF TOTAL.1": null, "% OF TOTAL.2": null}, "Householder Age 15-24": {"Demographic": null, "2020": 23, "2024": 23, "2029": 24, "% OF TOTAL": 4.7, "% OF TOTAL.1": null, "% OF TOTAL.2": null}, "Householder Age 25-34": {"Demographic": null, "2020": 70, "2024": 71, "2029": 69, "% OF TOTAL": 13.5, "% OF TOTAL.1": null, "% OF TOTAL.2": null}, "Householder Age 35-44": {"Demographic": null, "2020": 91, "2024": 93, "2029": 90, "% OF TOTAL": 17.5, "% OF TOTAL.1": null, "% OF TOTAL.2": null}, "Householder Age 45-54": {"Demographic": null, "2020": 97, "2024": 99, "2029": 94, "% OF TOTAL": 18.3, "% OF TOTAL.1": null, "% OF TOTAL.2": null}, "Householder Age 55-64": {"Demographic": null, "2020": 94, "2024": 95, "2029": 88, "% OF TOTAL": 17.2, "% OF TOTAL.1": null, "% OF TOTAL.2": null}, "Householder Age 65-74": {"Demographic": null, "2020": 86, "2024": 88, "2029": 89, "% OF TOTAL": 17.3, "% OF TOTAL.1": null, "% OF TOTAL.2": null}, "Householder Age 75+": {"Demographic": null, "2020": 55, "2024": 55, "2029": 59, "% OF TOTAL": 11.5, "% OF TOTAL.1": null, "% OF TOTAL.2": null}, "Average Household Size": {"Demographic": null, "2020": 2.5, "2024": 2.5, "2029": 2.4, "% OF TOTAL": null, "% OF TOTAL.1": null, "% OF TOTAL.2": null}, "1 Person Households": {"Demographic": null, "2020": 138, "2024": 157, "2029": 154, "% OF TOTAL": 30.0, "% OF TOTAL.1": null, "% OF TOTAL.2": null}, "2 Person Households": {"Demographic": null, "2020": 155, "2024": 175, "2029": 170, "% OF TOTAL": 33.1, "% OF TOTAL.1": null, "% OF TOTAL.2": null}, "3 Person Households": {"Demographic": null, "2020": 87, "2024": 97, "2029": 95, "% OF TOTAL": 18.5, "% OF TOTAL.1": null, "% OF TOTAL.2": null}, "4 Person Households": {"Demographic": null, "2020": 67, "2024": 46, "2029": 46, "% OF TOTAL": 9.0, "% OF TOTAL.1": null, "% OF TOTAL.2": null}, "5 Person Households": {"Demographic": null, "2020": 31, "2024": 20, "2029": 20, "% OF TOTAL": 3.9, "% OF TOTAL.1": null, "% OF TOTAL.2": null}, "6 Person Households": {"Demographic": null, "2020": 26, "2024": 21, "2029": 20, "% OF TOTAL": 3.9, "% OF TOTAL.1": null, "% OF TOTAL.2": null}, "7+ Person Households": {"Demographic": null, "2020": 12, "2024": 8, "2029": 8, "% OF TOTAL": 1.6, "% OF TOTAL.1": null, "% OF TOTAL.2": null}, "Household Type: Family": {"Demographic": null, "2020": 344, "2024": 349, "2029": null, "% OF TOTAL": null, "% OF TOTAL.1": null, "% OF TOTAL.2": null}, "Household Type: Married Family": {"Demographic": null, "2020": 207, "2024": 210, "2029": null, "% OF TOTAL": null, "% OF TOTAL.1": null, "% OF TOTAL.2": null}, "Household Type: Married Family With Children": {"Demographic": null, "2020": 66, "2024": 67, "2029": null, "% OF TOTAL": null, "% OF TOTAL.1": null, "% OF TOTAL.2": null}, "Household Type: Married Family Without Children": {"Demographic": null, "2020": 141, "2024": 143, "2029": null, "% OF TOTAL": null, "% OF TOTAL.1": null, "% OF TOTAL.2": null}, "Household Type: Other Family": {"Demographic": null, "2020": 137, "2024": 139, "2029": null, "% OF TOTAL": null, "% OF TOTAL.1": null, "% OF TOTAL.2": null}, "Household Type: Male Households, No Wife": {"Demographic": null, "2020": 43, "2024": 44, "2029": null, "% OF TOTAL": null, "% OF TOTAL.1": null, "% OF TOTAL.2": null}, "Household Type: Male Households, No Wife With Children": {"Demographic": null, "2020": 17, "2024": 17, "2029": null, "% OF TOTAL": null, "% OF TOTAL.1": null, "% OF TOTAL.2": null}, "Household Type: Male Households, No Wife Without Children": {"Demographic": null, "2020": 26, "2024": 27, "2029": null, "% OF TOTAL": null, "% OF TOTAL.1": null, "% OF TOTAL.2": null}, "Household Type: Female Households, No Husband": {"Demographic": null, "2020": 94, "2024": 95, "2029": null, "% OF TOTAL": null, "% OF TOTAL.1": null, "% OF TOTAL.2": null}, "Household Type: Female Households, No Husband With Children": {"Demographic": null, "2020": 49, "2024": 49, "2029": null, "% OF TOTAL": null, "% OF TOTAL.1": null, "% OF TOTAL.2": null}, "Household Type: Female Households, No Husband Without Children": {"Demographic": null, "2020": 45, "2024": 46, "2029": null, "% OF TOTAL": null, "% OF TOTAL.1": null, "% OF TOTAL.2": null}, "Household Income: Average": {"Demographic": null, "2020": 34608, "2024": 33931, "2029": 38519, "% OF TOTAL": null, "% OF TOTAL.1": null, "% OF TOTAL.2": null}, "Household Income: Median": {"Demographic": null, "2020": 0, "2024": 24575, "2029": 24095, "% OF TOTAL": null, "% OF TOTAL.1": null, "% OF TOTAL.2": null}, "Household Income: Less than $25k": {"Demographic": null, "2020": 241, "2024": 266, "2029": 267, "% OF TOTAL": 52.0, "% OF TOTAL.1": null, "% OF TOTAL.2": null}, "Household Income: $25k - $50k": {"Demographic": null, "2020": 173, "2024": 160, "2029": 129, "% OF TOTAL": 25.1, "% OF TOTAL.1": null, "% OF TOTAL.2": null}, "Household Income: $50k - $75k": {"Demographic": null, "2020": 66, "2024": 66, "2029": 70, "% OF TOTAL": 13.6, "% OF TOTAL.1": null, "% OF TOTAL.2": null}, "Household Income: $75k - $100k": {"Demographic": null, "2020": 30, "2024": 24, "2029": 30, "% OF TOTAL": 5.8, "% OF TOTAL.1": null, "% OF TOTAL.2": null}, "Household Income: $100k - $125k": {"Demographic": null, "2020": 0, "2024": 0, "2029": 0, "% OF TOTAL": 0.0, "% OF TOTAL.1": null, "% OF TOTAL.2": null}, "Household Income: $125k - $150k": {"Demographic": null, "2020": 0, "2024": 0, "2029": 0, "% OF TOTAL": 0.0, "% OF TOTAL.1": null, "% OF TOTAL.2": null}, "Household Income: $150k - $200k": {"Demographic": null, "2020": 4, "2024": 5, "2029": 8, "% OF TOTAL": 1.6, "% OF TOTAL.1": null, "% OF TOTAL.2": null}, "Household Income: Above $200k": {"Demographic": null, "2020": 2, "2024": 3, "2029": 9, "% OF TOTAL": 1.8, "% OF TOTAL.1": null, "% OF TOTAL.2": null}, "Total Housing Units": {"Demographic": null, "2020": 564, "2024": null, "2029": null, "% OF TOTAL": null, "% OF TOTAL.1": null, "% OF TOTAL.2": null}, "Owner Occupied Housing Units": {"Demographic": null, "2020": 248, "2024": 252, "2029": null, "% OF TOTAL": null, "% OF TOTAL.1": null, "% OF TOTAL.2": null}, "Renter Occupied Housing Units": {"Demographic": null, "2020": 268, "2024": 272, "2029": null, "% OF TOTAL": null, "% OF TOTAL.1": null, "% OF TOTAL.2": null}, "Vacant Housing Units": {"Demographic": null, "2020": 48, "2024": null, "2029": null, "% OF TOTAL": null, "% OF TOTAL.1": null, "% OF TOTAL.2": null}, "Vacant Housing Units: Seasonal": {"Demographic": null, "2020": 0, "2024": null, "2029": null, "% OF TOTAL": null, "% OF TOTAL.1": null, "% OF TOTAL.2": null}, "Vacant Housing Units: Other Usage": {"Demographic": null, "2020": 48, "2024": null, "2029": null, "% OF TOTAL": null, "% OF TOTAL.1": null, "% OF TOTAL.2": null}, "Average Housing Unit Value": {"Demographic": null, "2020": 113055, "2024": 113006, "2029": null, "% OF TOTAL": null, "% OF TOTAL.1": null, "% OF TOTAL.2": null}, "Median Housing Unit Value": {"Demographic": null, "2020": 89200, "2024": 89211, "2029": null, "% OF TOTAL": null, "% OF TOTAL.1": null, "% OF TOTAL.2": null}, "Housing Unit Value Less Than $100k": {"Demographic": null, "2020": 148, "2024": 150, "2029": null, "% OF TOTAL": null, "% OF TOTAL.1": null, "% OF TOTAL.2": null}, "Housing Unit Value $100k-$200k": {"Demographic": null, "2020": 40, "2024": 41, "2029": null, "% OF TOTAL": null, "% OF TOTAL.1": null, "% OF TOTAL.2": null}, "Housing Unit Value $200k-$250k": {"Demographic": null, "2020": 50, "2024": 51, "2029": null, "% OF TOTAL": null, "% OF TOTAL.1": null, "% OF TOTAL.2": null}, "Housing Unit Value $250k-$300k": {"Demographic": null, "2020": 10, "2024": 10, "2029": null, "% OF TOTAL": null, "% OF TOTAL.1": null, "% OF TOTAL.2": null}, "Housing Unit Value $300k-$400k": {"Demographic": null, "2020": 0, "2024": 0, "2029": null, "% OF TOTAL": null, "% OF TOTAL.1": null, "% OF TOTAL.2": null}, "Housing Unit Value $400k-$500k": {"Demographic": null, "2020": 0, "2024": 0, "2029": null, "% OF TOTAL": null, "% OF TOTAL.1": null, "% OF TOTAL.2": null}, "Housing Unit Value $500k-$750k": {"Demographic": null, "2020": 0, "2024": 0, "2029": null, "% OF TOTAL": null, "% OF TOTAL.1": null, "% OF TOTAL.2": null}, "Housing Unit Value $750k-$1m": {"Demographic": null, "2020": 0, "2024": 0, "2029": null, "% OF TOTAL": null, "% OF TOTAL.1": null, "% OF TOTAL.2": null}, "Housing Unit Value $1m-$1.5m": {"Demographic": null, "2020": 0, "2024": 0, "2029": null, "% OF TOTAL": null, "% OF TOTAL.1": null, "% OF TOTAL.2": null}, "Housing Unit Value $1.5m-$2m": {"Demographic": null, "2020": 0, "2024": 0, "2029": null, "% OF TOTAL": null, "% OF TOTAL.1": null, "% OF TOTAL.2": null}, "Housing Unit Value Above $2m": {"Demographic": null, "2020": 0, "2024": 0, "2029": null, "% OF TOTAL": null, "% OF TOTAL.1": null, "% OF TOTAL.2": null}, "Median Housing Unit Year Built": {"Demographic": null, "2020": 1984, "2024": 1984, "2029": null, "% OF TOTAL": null, "% OF TOTAL.1": null, "% OF TOTAL.2": null}, "Housing Units Built 2014 Or After": {"Demographic": null, "2020": 0, "2024": 0, "2029": null, "% OF TOTAL": null, "% OF TOTAL.1": null, "% OF TOTAL.2": null}, "Housing Units Built 2010-2013": {"Demographic": null, "2020": 9, "2024": 9, "2029": null, "% OF TOTAL": null, "% OF TOTAL.1": null, "% OF TOTAL.2": null}, "Housing Units Built 2000-2009": {"Demographic": null, "2020": 159, "2024": 162, "2029": null, "% OF TOTAL": null, "% OF TOTAL.1": null, "% OF TOTAL.2": null}, "Housing Units Built 1990-1999": {"Demographic": null, "2020": 43, "2024": 44, "2029": null, "% OF TOTAL": null, "% OF TOTAL.1": null, "% OF TOTAL.2": null}, "Housing Units Built 1980-1989": {"Demographic": null, "2020": 82, "2024": 83, "2029": null, "% OF TOTAL": null, "% OF TOTAL.1": null, "% OF TOTAL.2": null}, "Housing Units Built 1970-1979": {"Demographic": null, "2020": 24, "2024": 24, "2029": null, "% OF TOTAL": null, "% OF TOTAL.1": null, "% OF TOTAL.2": null}, "Housing Units Built 1960-1969": {"Demographic": null, "2020": 103, "2024": 105, "2029": null, "% OF TOTAL": null, "% OF TOTAL.1": null, "% OF TOTAL.2": null}, "Housing Units Built 1950-1959": {"Demographic": null, "2020": 20, "2024": 20, "2029": null, "% OF TOTAL": null, "% OF TOTAL.1": null, "% OF TOTAL.2": null}, "Housing Units Built 1940-1949": {"Demographic": null, "2020": 17, "2024": 17, "2029": null, "% OF TOTAL": null, "% OF TOTAL.1": null, "% OF TOTAL.2": null}, "Housing Units Built Before 1940": {"Demographic": null, "2020": 59, "2024": 60, "2029": null, "% OF TOTAL": null, "% OF TOTAL.1": null, "% OF TOTAL.2": null}}}, "geometry": {"type": "Polygon", "coordinates": [[[-88.296912, 30.412332], [-88.297296, 30.44137], [-88.263783, 30.441699], [-88.263409, 30.412661], [-88.296912, 30.412332]]]}}, {"type": "Feature", "properties": {"block": "037", "block_num": 37, "CentroidLon": -88.24684141440915, "CentroidLat": 30.427340971114237, "data_status": "usable", "is_anomalous": false, "anomaly_reason": null, "files_present": "DemographicSnapshot-26.08.06.csv;PopulationTrends-26.08.06.csv;HouseholdTrends-26.08.06.csv;HouseholdIncomeByAge-26.08.06.csv;ConsumerSegmentation-26.08.06.csv", "population_2024": 1442, "population_2029": 1418, "households_2024": 572, "households_2029": 571, "median_household_income_2024": 52143, "median_household_income_2029": 57622, "mean_household_income_2024": null, "mean_household_income_2029": null, "median_age_2024": 43, "median_age_2029": 44, "median_home_value_2024": 82500, "average_household_size_2024": 2.5, "average_household_size_2029": 2.5, "population_growth_2024_2029": -0.1, "households_growth_2024_2029": 1.1, "consumer_segments": {"Entry Level Suburban": {"households": 125, "pct": 29.6}, "Active Adult Entry Level": {"households": 59, "pct": 14.0}, "Renters": {"households": 41, "pct": 9.7}, "Active Adult Feature and Location": {"households": 31, "pct": 7.3}, "Renters Near Term Buyers": {"households": 27, "pct": 6.4}, "Active Adult Elite": {"households": 25, "pct": 5.9}, "Feature and Location": {"households": 24, "pct": 5.7}, "Simple Life Affluent No Children": {"households": 22, "pct": 5.2}, "Elite": {"households": 20, "pct": 4.7}, "Family Life School Age Children": {"households": 18, "pct": 4.3}, "Family Life Young Children": {"households": 12, "pct": 2.8}, "Simple Life Moderate Income No Children": {"households": 11, "pct": 2.6}, "Simple Life Moderate Income With Children": {"households": 7, "pct": 1.7}, "Entry Level Urban": {"households": 0, "pct": 0.0}}, "income_age": {"2020": {}, "2024": {}, "2029": {}}, "population_trends": {"Total Population": {"Demographic": null, "2020": 1444, "2024": 1442, "2029": 1418, "% OF TOTAL": null, "% OF TOTAL.1": null, "% OF TOTAL.2": null}, "Population Growth": {"Demographic": null, "2020": null, "2024": -0.1, "2029": -1.7, "% OF TOTAL": null, "% OF TOTAL.1": null, "% OF TOTAL.2": null}, "Female Population": {"Demographic": null, "2020": 755, "2024": 755, "2029": 743, "% OF TOTAL": 52.4, "% OF TOTAL.1": null, "% OF TOTAL.2": null}, "Male Population": {"Demographic": null, "2020": 689, "2024": 687, "2029": 675, "% OF TOTAL": 47.6, "% OF TOTAL.1": null, "% OF TOTAL.2": null}, "Total population: Median Age": {"Demographic": null, "2020": 42, "2024": 43, "2029": 44, "% OF TOTAL": null, "% OF TOTAL.1": null, "% OF TOTAL.2": null}, "Total population: Under 5 years": {"Demographic": null, "2020": 67, "2024": 64, "2029": 62, "% OF TOTAL": 4.4, "% OF TOTAL.1": null, "% OF TOTAL.2": null}, "Total population: 5 - 9 years": {"Demographic": null, "2020": 97, "2024": 98, "2029": 82, "% OF TOTAL": 5.8, "% OF TOTAL.1": null, "% OF TOTAL.2": null}, "Total population: 10 - 14 years": {"Demographic": null, "2020": 102, "2024": 95, "2029": 91, "% OF TOTAL": 6.4, "% OF TOTAL.1": null, "% OF TOTAL.2": null}, "Total population: 15 - 19 years": {"Demographic": null, "2020": 109, "2024": 112, "2029": 100, "% OF TOTAL": 7.1, "% OF TOTAL.1": null, "% OF TOTAL.2": null}, "Total population: 20 - 24 years": {"Demographic": null, "2020": 81, "2024": 83, "2029": 89, "% OF TOTAL": 6.3, "% OF TOTAL.1": null, "% OF TOTAL.2": null}, "Total population: 25 - 29 years": {"Demographic": null, "2020": 75, "2024": 70, "2029": 72, "% OF TOTAL": 5.1, "% OF TOTAL.1": null, "% OF TOTAL.2": null}, "Total population: 30 - 34 years": {"Demographic": null, "2020": 68, "2024": 68, "2029": 65, "% OF TOTAL": 4.6, "% OF TOTAL.1": null, "% OF TOTAL.2": null}, "Total population: 35 - 39 years": {"Demographic": null, "2020": 82, "2024": 81, "2029": 77, "% OF TOTAL": 5.4, "% OF TOTAL.1": null, "% OF TOTAL.2": null}, "Total population: 40 - 44 years": {"Demographic": null, "2020": 74, "2024": 80, "2029": 80, "% OF TOTAL": 5.6, "% OF TOTAL.1": null, "% OF TOTAL.2": null}, "Total population: 45 - 49 years": {"Demographic": null, "2020": 87, "2024": 84, "2029": 84, "% OF TOTAL": 5.9, "% OF TOTAL.1": null, "% OF TOTAL.2": null}, "Total population: 50 - 54 years": {"Demographic": null, "2020": 78, "2024": 79, "2029": 76, "% OF TOTAL": 5.4, "% OF TOTAL.1": null, "% OF TOTAL.2": null}, "Total population: 55 - 59 years": {"Demographic": null, "2020": 96, "2024": 88, "2029": 83, "% OF TOTAL": 5.9, "% OF TOTAL.1": null, "% OF TOTAL.2": null}, "Total population: 60 - 64 years": {"Demographic": null, "2020": 120, "2024": 116, "2029": 100, "% OF TOTAL": 7.1, "% OF TOTAL.1": null, "% OF TOTAL.2": null}, "Total population: 65 - 69 years": {"Demographic": null, "2020": 119, "2024": 123, "2029": 119, "% OF TOTAL": 8.4, "% OF TOTAL.1": null, "% OF TOTAL.2": null}, "Total population: 70 - 74 years": {"Demographic": null, "2020": 82, "2024": 81, "2029": 95, "% OF TOTAL": 6.7, "% OF TOTAL.1": null, "% OF TOTAL.2": null}, "Total population: 75 - 79 years": {"Demographic": null, "2020": 49, "2024": 57, "2029": 65, "% OF TOTAL": 4.6, "% OF TOTAL.1": null, "% OF TOTAL.2": null}, "Total population: 80 - 84 years": {"Demographic": null, "2020": 30, "2024": 34, "2029": 45, "% OF TOTAL": 3.2, "% OF TOTAL.1": null, "% OF TOTAL.2": null}, "Total population: 85 years and over": {"Demographic": null, "2020": 28, "2024": 29, "2029": 33, "% OF TOTAL": 2.3, "% OF TOTAL.1": null, "% OF TOTAL.2": null}, "Female population: Median Age": {"Demographic": null, "2020": 43, "2024": 43, "2029": 45, "% OF TOTAL": null, "% OF TOTAL.1": null, "% OF TOTAL.2": null}, "Female population: Under 5 years": {"Demographic": null, "2020": 34, "2024": 31, "2029": 30, "% OF TOTAL": 4.0, "% OF TOTAL.1": null, "% OF TOTAL.2": null}, "Female population: 5 - 9 years": {"Demographic": null, "2020": 47, "2024": 47, "2029": 40, "% OF TOTAL": 5.4, "% OF TOTAL.1": null, "% OF TOTAL.2": null}, "Female population: 10 - 14 years": {"Demographic": null, "2020": 57, "2024": 54, "2029": 49, "% OF TOTAL": 6.6, "% OF TOTAL.1": null, "% OF TOTAL.2": null}, "Female population: 15 - 19 years": {"Demographic": null, "2020": 50, "2024": 51, "2029": 49, "% OF TOTAL": 6.6, "% OF TOTAL.1": null, "% OF TOTAL.2": null}, "Female population: 20 - 24 years": {"Demographic": null, "2020": 40, "2024": 42, "2029": 44, "% OF TOTAL": 5.9, "% OF TOTAL.1": null, "% OF TOTAL.2": null}, "Female population: 25 - 29 years": {"Demographic": null, "2020": 37, "2024": 35, "2029": 36, "% OF TOTAL": 4.8, "% OF TOTAL.1": null, "% OF TOTAL.2": null}, "Female population: 30 - 34 years": {"Demographic": null, "2020": 34, "2024": 33, "2029": 32, "% OF TOTAL": 4.3, "% OF TOTAL.1": null, "% OF TOTAL.2": null}, "Female population: 35 - 39 years": {"Demographic": null, "2020": 46, "2024": 46, "2029": 42, "% OF TOTAL": 5.7, "% OF TOTAL.1": null, "% OF TOTAL.2": null}, "Female population: 40 - 44 years": {"Demographic": null, "2020": 45, "2024": 50, "2029": 48, "% OF TOTAL": 6.5, "% OF TOTAL.1": null, "% OF TOTAL.2": null}, "Female population: 45 - 49 years": {"Demographic": null, "2020": 42, "2024": 42, "2029": 45, "% OF TOTAL": 6.1, "% OF TOTAL.1": null, "% OF TOTAL.2": null}, "Female population: 50 - 54 years": {"Demographic": null, "2020": 44, "2024": 43, "2029": 40, "% OF TOTAL": 5.4, "% OF TOTAL.1": null, "% OF TOTAL.2": null}, "Female population: 55 - 59 years": {"Demographic": null, "2020": 50, "2024": 44, "2029": 42, "% OF TOTAL": 5.7, "% OF TOTAL.1": null, "% OF TOTAL.2": null}, "Female population: 60 - 64 years": {"Demographic": null, "2020": 68, "2024": 66, "2029": 55, "% OF TOTAL": 7.4, "% OF TOTAL.1": null, "% OF TOTAL.2": null}, "Female population: 65 - 69 years": {"Demographic": null, "2020": 57, "2024": 60, "2029": 61, "% OF TOTAL": 8.2, "% OF TOTAL.1": null, "% OF TOTAL.2": null}, "Female population: 70 - 74 years": {"Demographic": null, "2020": 44, "2024": 44, "2029": 50, "% OF TOTAL": 6.7, "% OF TOTAL.1": null, "% OF TOTAL.2": null}, "Female population: 75 - 79 years": {"Demographic": null, "2020": 23, "2024": 27, "2029": 33, "% OF TOTAL": 4.4, "% OF TOTAL.1": null, "% OF TOTAL.2": null}, "Female population: 80 - 84 years": {"Demographic": null, "2020": 20, "2024": 23, "2029": 27, "% OF TOTAL": 3.6, "% OF TOTAL.1": null, "% OF TOTAL.2": null}, "Female population: 85 years and over": {"Demographic": null, "2020": 17, "2024": 17, "2029": 20, "% OF TOTAL": 2.7, "% OF TOTAL.1": null, "% OF TOTAL.2": null}, "Male population: Median Age": {"Demographic": null, "2020": 41, "2024": 41, "2029": 43, "% OF TOTAL": null, "% OF TOTAL.1": null, "% OF TOTAL.2": null}, "Male population: Under 5 years": {"Demographic": null, "2020": 33, "2024": 33, "2029": 32, "% OF TOTAL": 4.7, "% OF TOTAL.1": null, "% OF TOTAL.2": null}, "Male population: 5 - 9 years": {"Demographic": null, "2020": 50, "2024": 51, "2029": 42, "% OF TOTAL": 6.2, "% OF TOTAL.1": null, "% OF TOTAL.2": null}, "Male population: 10 - 14 years": {"Demographic": null, "2020": 45, "2024": 41, "2029": 42, "% OF TOTAL": 6.2, "% OF TOTAL.1": null, "% OF TOTAL.2": null}, "Male population: 15 - 19 years": {"Demographic": null, "2020": 59, "2024": 61, "2029": 51, "% OF TOTAL": 7.6, "% OF TOTAL.1": null, "% OF TOTAL.2": null}, "Male population: 20 - 24 years": {"Demographic": null, "2020": 41, "2024": 41, "2029": 45, "% OF TOTAL": 6.7, "% OF TOTAL.1": null, "% OF TOTAL.2": null}, "Male population: 25 - 29 years": {"Demographic": null, "2020": 38, "2024": 35, "2029": 36, "% OF TOTAL": 5.3, "% OF TOTAL.1": null, "% OF TOTAL.2": null}, "Male population: 30 - 34 years": {"Demographic": null, "2020": 34, "2024": 35, "2029": 33, "% OF TOTAL": 4.9, "% OF TOTAL.1": null, "% OF TOTAL.2": null}, "Male population: 35 - 39 years": {"Demographic": null, "2020": 36, "2024": 35, "2029": 35, "% OF TOTAL": 5.2, "% OF TOTAL.1": null, "% OF TOTAL.2": null}, "Male population: 40 - 44 years": {"Demographic": null, "2020": 29, "2024": 30, "2029": 32, "% OF TOTAL": 4.7, "% OF TOTAL.1": null, "% OF TOTAL.2": null}, "Male population: 45 - 49 years": {"Demographic": null, "2020": 45, "2024": 42, "2029": 39, "% OF TOTAL": 5.8, "% OF TOTAL.1": null, "% OF TOTAL.2": null}, "Male population: 50 - 54 years": {"Demographic": null, "2020": 34, "2024": 36, "2029": 36, "% OF TOTAL": 5.3, "% OF TOTAL.1": null, "% OF TOTAL.2": null}, "Male population: 55 - 59 years": {"Demographic": null, "2020": 46, "2024": 44, "2029": 41, "% OF TOTAL": 6.1, "% OF TOTAL.1": null, "% OF TOTAL.2": null}, "Male population: 60 - 64 years": {"Demographic": null, "2020": 52, "2024": 50, "2029": 45, "% OF TOTAL": 6.7, "% OF TOTAL.1": null, "% OF TOTAL.2": null}, "Male population: 65 - 69 years": {"Demographic": null, "2020": 62, "2024": 63, "2029": 58, "% OF TOTAL": 8.6, "% OF TOTAL.1": null, "% OF TOTAL.2": null}, "Male population: 70 - 74 years": {"Demographic": null, "2020": 38, "2024": 37, "2029": 45, "% OF TOTAL": 6.7, "% OF TOTAL.1": null, "% OF TOTAL.2": null}, "Male population: 75 - 79 years": {"Demographic": null, "2020": 26, "2024": 30, "2029": 32, "% OF TOTAL": 4.7, "% OF TOTAL.1": null, "% OF TOTAL.2": null}, "Male population: 80 - 84 years": {"Demographic": null, "2020": 10, "2024": 11, "2029": 18, "% OF TOTAL": 2.7, "% OF TOTAL.1": null, "% OF TOTAL.2": null}, "Male population: 85 years and over": {"Demographic": null, "2020": 11, "2024": 12, "2029": 13, "% OF TOTAL": 1.9, "% OF TOTAL.1": null, "% OF TOTAL.2": null}, "White alone": {"Demographic": null, "2020": 983, "2024": 969, "2029": 949, "% OF TOTAL": 66.9, "% OF TOTAL.1": null, "% OF TOTAL.2": null}, "Black alone": {"Demographic": null, "2020": 282, "2024": 283, "2029": 281, "% OF TOTAL": 19.8, "% OF TOTAL.1": null, "% OF TOTAL.2": null}, "American Indian and Alaska Native alone": {"Demographic": null, "2020": 2, "2024": 2, "2029": 2, "% OF TOTAL": 0.1, "% OF TOTAL.1": null, "% OF TOTAL.2": null}, "Asian alone": {"Demographic": null, "2020": 115, "2024": 119, "2029": 118, "% OF TOTAL": 8.3, "% OF TOTAL.1": null, "% OF TOTAL.2": null}, "Native Hawaiian and OPI alone": {"Demographic": null, "2020": 0, "2024": 0, "2029": 0, "% OF TOTAL": 0.0, "% OF TOTAL.1": null, "% OF TOTAL.2": null}, "Some other race alone": {"Demographic": null, "2020": 7, "2024": 7, "2029": 7, "% OF TOTAL": 0.5, "% OF TOTAL.1": null, "% OF TOTAL.2": null}, "Two or more races alone": {"Demographic": null, "2020": 55, "2024": 62, "2029": 61, "% OF TOTAL": 4.3, "% OF TOTAL.1": null, "% OF TOTAL.2": null}, "Not Hispanic: White alone": {"Demographic": null, "2020": 967, "2024": 951, "2029": 931, "% OF TOTAL": 65.7, "% OF TOTAL.1": null, "% OF TOTAL.2": null}, "Not Hispanic: Black or African American alone": {"Demographic": null, "2020": 282, "2024": 283, "2029": 281, "% OF TOTAL": 19.8, "% OF TOTAL.1": null, "% OF TOTAL.2": null}, "Not Hispanic: American Indian and Alaska Native alone": {"Demographic": null, "2020": 2, "2024": 2, "2029": 2, "% OF TOTAL": 0.1, "% OF TOTAL.1": null, "% OF TOTAL.2": null}, "Not Hispanic: Asian alone": {"Demographic": null, "2020": 115, "2024": 119, "2029": 118, "% OF TOTAL": 8.3, "% OF TOTAL.1": null, "% OF TOTAL.2": null}, "Not Hispanic: Native Hawaiian and OPI alone": {"Demographic": null, "2020": 0, "2024": 0, "2029": 0, "% OF TOTAL": 0.0, "% OF TOTAL.1": null, "% OF TOTAL.2": null}, "Not Hispanic: Some Other Race alone": {"Demographic": null, "2020": 0, "2024": 0, "2029": 0, "% OF TOTAL": 0.0, "% OF TOTAL.1": null, "% OF TOTAL.2": null}, "Not Hispanic: Two or More Races": {"Demographic": null, "2020": 52, "2024": 58, "2029": 57, "% OF TOTAL": 4.0, "% OF TOTAL.1": null, "% OF TOTAL.2": null}, "Hispanic: White alone": {"Demographic": null, "2020": 16, "2024": 18, "2029": 18, "% OF TOTAL": 1.3, "% OF TOTAL.1": null, "% OF TOTAL.2": null}, "Hispanic: Black or African American alone": {"Demographic": null, "2020": 0, "2024": 0, "2029": 0, "% OF TOTAL": 0.0, "% OF TOTAL.1": null, "% OF TOTAL.2": null}, "Hispanic: American Indian and Alaska Native alone": {"Demographic": null, "2020": 0, "2024": 0, "2029": 0, "% OF TOTAL": 0.0, "% OF TOTAL.1": null, "% OF TOTAL.2": null}, "Hispanic: Asian alone": {"Demographic": null, "2020": 0, "2024": 0, "2029": 0, "% OF TOTAL": 0.0, "% OF TOTAL.1": null, "% OF TOTAL.2": null}, "Hispanic: Native Hawaiian and OPI alone": {"Demographic": null, "2020": 0, "2024": 0, "2029": 0, "% OF TOTAL": 0.0, "% OF TOTAL.1": null, "% OF TOTAL.2": null}, "Hispanic: Some Other Race alone": {"Demographic": null, "2020": 7, "2024": 7, "2029": 7, "% OF TOTAL": 0.5, "% OF TOTAL.1": null, "% OF TOTAL.2": null}, "Hispanic: Two or More Races": {"Demographic": null, "2020": 3, "2024": 4, "2029": 4, "% OF TOTAL": 0.3, "% OF TOTAL.1": null, "% OF TOTAL.2": null}, "Educational Attainment: No High School Diploma": {"Demographic": null, "2020": 182, "2024": 182, "2029": null, "% OF TOTAL": null, "% OF TOTAL.1": null, "% OF TOTAL.2": null}, "Educational Attainment: High School Diploma": {"Demographic": null, "2020": 420, "2024": 421, "2029": null, "% OF TOTAL": null, "% OF TOTAL.1": null, "% OF TOTAL.2": null}, "Educational Attainment: Some College": {"Demographic": null, "2020": 133, "2024": 133, "2029": null, "% OF TOTAL": null, "% OF TOTAL.1": null, "% OF TOTAL.2": null}, "Educational Attainment: Associates Degree": {"Demographic": null, "2020": 88, "2024": 88, "2029": null, "% OF TOTAL": null, "% OF TOTAL.1": null, "% OF TOTAL.2": null}, "Educational Attainment: Bachelors Degree": {"Demographic": null, "2020": 150, "2024": 151, "2029": null, "% OF TOTAL": null, "% OF TOTAL.1": null, "% OF TOTAL.2": null}, "Educational Attainment: Advanced Degree": {"Demographic": null, "2020": 15, "2024": 15, "2029": null, "% OF TOTAL": null, "% OF TOTAL.1": null, "% OF TOTAL.2": null}, "Employment Status: Armed Forces": {"Demographic": null, "2020": 0, "2024": 0, "2029": null, "% OF TOTAL": null, "% OF TOTAL.1": null, "% OF TOTAL.2": null}, "Employment Status: Civilian labor force employed": {"Demographic": null, "2020": 674, "2024": 677, "2029": null, "% OF TOTAL": null, "% OF TOTAL.1": null, "% OF TOTAL.2": null}, "Employment Status: Civilian labor force unemployed": {"Demographic": null, "2020": 57, "2024": 57, "2029": null, "% OF TOTAL": null, "% OF TOTAL.1": null, "% OF TOTAL.2": null}, "Employment Status: Not in labor force": {"Demographic": null, "2020": 427, "2024": 429, "2029": null, "% OF TOTAL": null, "% OF TOTAL.1": null, "% OF TOTAL.2": null}, "Employed in Agriculture and Mining Industries": {"Demographic": null, "2020": 31, "2024": 31, "2029": null, "% OF TOTAL": null, "% OF TOTAL.1": null, "% OF TOTAL.2": null}, "Employed in Construction Industries": {"Demographic": null, "2020": 89, "2024": 90, "2029": null, "% OF TOTAL": null, "% OF TOTAL.1": null, "% OF TOTAL.2": null}, "Employed in Manufacturing Industries": {"Demographic": null, "2020": 56, "2024": 56, "2029": null, "% OF TOTAL": null, "% OF TOTAL.1": null, "% OF TOTAL.2": null}, "Employed in Wholesale Industries": {"Demographic": null, "2020": 0, "2024": 0, "2029": null, "% OF TOTAL": null, "% OF TOTAL.1": null, "% OF TOTAL.2": null}, "Employed in Retail Industries": {"Demographic": null, "2020": 76, "2024": 77, "2029": null, "% OF TOTAL": null, "% OF TOTAL.1": null, "% OF TOTAL.2": null}, "Employed in Transportation and Utilities Industries": {"Demographic": null, "2020": 75, "2024": 75, "2029": null, "% OF TOTAL": null, "% OF TOTAL.1": null, "% OF TOTAL.2": null}, "Employed in Information Industries": {"Demographic": null, "2020": 0, "2024": 0, "2029": null, "% OF TOTAL": null, "% OF TOTAL.1": null, "% OF TOTAL.2": null}, "Employed in Real-Estate Industries": {"Demographic": null, "2020": 2, "2024": 2, "2029": null, "% OF TOTAL": null, "% OF TOTAL.1": null, "% OF TOTAL.2": null}, "Employed in Professional Industries": {"Demographic": null, "2020": 19, "2024": 19, "2029": null, "% OF TOTAL": null, "% OF TOTAL.1": null, "% OF TOTAL.2": null}, "Employed in Health and Education Industries": {"Demographic": null, "2020": 235, "2024": 236, "2029": null, "% OF TOTAL": null, "% OF TOTAL.1": null, "% OF TOTAL.2": null}, "Employed in Art Industries": {"Demographic": null, "2020": 67, "2024": 67, "2029": null, "% OF TOTAL": null, "% OF TOTAL.1": null, "% OF TOTAL.2": null}, "Employed in Other Industries": {"Demographic": null, "2020": 11, "2024": 11, "2029": null, "% OF TOTAL": null, "% OF TOTAL.1": null, "% OF TOTAL.2": null}, "Employed in Public Administration Industries": {"Demographic": null, "2020": 13, "2024": 13, "2029": null, "% OF TOTAL": null, "% OF TOTAL.1": null, "% OF TOTAL.2": null}, "Occupation: Management": {"Demographic": null, "2020": 91, "2024": 92, "2029": null, "% OF TOTAL": null, "% OF TOTAL.1": null, "% OF TOTAL.2": null}, "Occupation: Business and financial operations": {"Demographic": null, "2020": 0, "2024": 0, "2029": null, "% OF TOTAL": null, "% OF TOTAL.1": null, "% OF TOTAL.2": null}, "Occupation: Computer and mathematical": {"Demographic": null, "2020": 18, "2024": 18, "2029": null, "% OF TOTAL": null, "% OF TOTAL.1": null, "% OF TOTAL.2": null}, "Occupation: Architecture and engineering": {"Demographic": null, "2020": 0, "2024": 0, "2029": null, "% OF TOTAL": null, "% OF TOTAL.1": null, "% OF TOTAL.2": null}, "Occupation: Life, physical, and social science": {"Demographic": null, "2020": 0, "2024": 0, "2029": null, "% OF TOTAL": null, "% OF TOTAL.1": null, "% OF TOTAL.2": null}, "Occupation: Community and social service": {"Demographic": null, "2020": 0, "2024": 0, "2029": null, "% OF TOTAL": null, "% OF TOTAL.1": null, "% OF TOTAL.2": null}, "Occupation: Legal": {"Demographic": null, "2020": 0, "2024": 0, "2029": null, "% OF TOTAL": null, "% OF TOTAL.1": null, "% OF TOTAL.2": null}, "Occupation: Education, training, and library": {"Demographic": null, "2020": 21, "2024": 21, "2029": null, "% OF TOTAL": null, "% OF TOTAL.1": null, "% OF TOTAL.2": null}, "Occupation: Arts, design, entertainment, sports, and media": {"Demographic": null, "2020": 50, "2024": 50, "2029": null, "% OF TOTAL": null, "% OF TOTAL.1": null, "% OF TOTAL.2": null}, "Occupation: Health diagnosing and treating practitioners": {"Demographic": null, "2020": 26, "2024": 26, "2029": null, "% OF TOTAL": null, "% OF TOTAL.1": null, "% OF TOTAL.2": null}, "Occupation: Health technologists and technicians": {"Demographic": null, "2020": 0, "2024": 0, "2029": null, "% OF TOTAL": null, "% OF TOTAL.1": null, "% OF TOTAL.2": null}, "Occupation: Healthcare support": {"Demographic": null, "2020": 18, "2024": 18, "2029": null, "% OF TOTAL": null, "% OF TOTAL.1": null, "% OF TOTAL.2": null}, "Occupation: Fire fighting and prevention": {"Demographic": null, "2020": 13, "2024": 13, "2029": null, "% OF TOTAL": null, "% OF TOTAL.1": null, "% OF TOTAL.2": null}, "Occupation: Law enforcement workers": {"Demographic": null, "2020": 0, "2024": 0, "2029": null, "% OF TOTAL": null, "% OF TOTAL.1": null, "% OF TOTAL.2": null}, "Occupation: Food preparation and serving related": {"Demographic": null, "2020": 121, "2024": 122, "2029": null, "% OF TOTAL": null, "% OF TOTAL.1": null, "% OF TOTAL.2": null}, "Occupation: Building and grounds cleaning and maintenance": {"Demographic": null, "2020": 10, "2024": 10, "2029": null, "% OF TOTAL": null, "% OF TOTAL.1": null, "% OF TOTAL.2": null}, "Occupation: Personal care and service": {"Demographic": null, "2020": 11, "2024": 11, "2029": null, "% OF TOTAL": null, "% OF TOTAL.1": null, "% OF TOTAL.2": null}, "Occupation: Sales and related": {"Demographic": null, "2020": 68, "2024": 68, "2029": null, "% OF TOTAL": null, "% OF TOTAL.1": null, "% OF TOTAL.2": null}, "Occupation: Office and administrative support": {"Demographic": null, "2020": 138, "2024": 139, "2029": null, "% OF TOTAL": null, "% OF TOTAL.1": null, "% OF TOTAL.2": null}, "Occupation: Farming, fishing, and forestry": {"Demographic": null, "2020": 18, "2024": 18, "2029": null, "% OF TOTAL": null, "% OF TOTAL.1": null, "% OF TOTAL.2": null}, "Occupation: Construction and extraction": {"Demographic": null, "2020": 19, "2024": 19, "2029": null, "% OF TOTAL": null, "% OF TOTAL.1": null, "% OF TOTAL.2": null}, "Occupation: Installation, maintenance, and repair": {"Demographic": null, "2020": 7, "2024": 7, "2029": null, "% OF TOTAL": null, "% OF TOTAL.1": null, "% OF TOTAL.2": null}, "Occupation: Production": {"Demographic": null, "2020": 45, "2024": 45, "2029": null, "% OF TOTAL": null, "% OF TOTAL.1": null, "% OF TOTAL.2": null}, "Occupation: Transportation": {"Demographic": null, "2020": 0, "2024": 0, "2029": null, "% OF TOTAL": null, "% OF TOTAL.1": null, "% OF TOTAL.2": null}, "Occupation: Material moving": {"Demographic": null, "2020": 0, "2024": 0, "2029": null, "% OF TOTAL": null, "% OF TOTAL.1": null, "% OF TOTAL.2": null}, "White collar": {"Demographic": null, "2020": 412, "2024": 414, "2029": null, "% OF TOTAL": null, "% OF TOTAL.1": null, "% OF TOTAL.2": null}, "Blue collar": {"Demographic": null, "2020": 262, "2024": 263, "2029": null, "% OF TOTAL": null, "% OF TOTAL.1": null, "% OF TOTAL.2": null}, "Means of transportation: Car, truck or van": {"Demographic": null, "2020": 519, "2024": 521, "2029": null, "% OF TOTAL": null, "% OF TOTAL.1": null, "% OF TOTAL.2": null}, "Means of transportation: Public transportation": {"Demographic": null, "2020": 0, "2024": 0, "2029": null, "% OF TOTAL": null, "% OF TOTAL.1": null, "% OF TOTAL.2": null}, "Means of transportation: Other": {"Demographic": null, "2020": 53, "2024": 53, "2029": null, "% OF TOTAL": null, "% OF TOTAL.1": null, "% OF TOTAL.2": null}, "Travel time: Average (in minutes)": {"Demographic": null, "2020": 29, "2024": 29, "2029": null, "% OF TOTAL": null, "% OF TOTAL.1": null, "% OF TOTAL.2": null}, "Travel time to work: Less than 30 minutes": {"Demographic": null, "2020": 304, "2024": 305, "2029": null, "% OF TOTAL": null, "% OF TOTAL.1": null, "% OF TOTAL.2": null}, "Travel time to work: 30 to 60 minutes": {"Demographic": null, "2020": 202, "2024": 203, "2029": null, "% OF TOTAL": null, "% OF TOTAL.1": null, "% OF TOTAL.2": null}, "Travel time to work: 60 or more minutes": {"Demographic": null, "2020": 66, "2024": 66, "2029": null, "% OF TOTAL": null, "% OF TOTAL.1": null, "% OF TOTAL.2": null}}, "demographic_snapshot": {"Total Population": {"Demographic": null, "2020": 1444, "2024": 1442, "2029": 1418, "% OF TOTAL": null, "% OF TOTAL.1": null, "% OF TOTAL.2": null}, "Households": {"Demographic": null, "2020": 566, "2024": 572, "2029": 571, "% OF TOTAL": null, "% OF TOTAL.1": null, "% OF TOTAL.2": null}, "Population in Group Quarters": {"Demographic": null, "2020": 13, "2024": 13, "2029": 14, "% OF TOTAL": null, "% OF TOTAL.1": null, "% OF TOTAL.2": null}, "Households Growth": {"Demographic": null, "2020": null, "2024": 1.1, "2029": -0.2, "% OF TOTAL": null, "% OF TOTAL.1": null, "% OF TOTAL.2": null}, "Household Income: Median": {"Demographic": null, "2020": 0, "2024": 52143, "2029": 57622, "% OF TOTAL": null, "% OF TOTAL.1": null, "% OF TOTAL.2": null}, "Home Value: Median": {"Demographic": null, "2020": 82546, "2024": 82500, "2029": null, "% OF TOTAL": null, "% OF TOTAL.1": null, "% OF TOTAL.2": null}, "Population Growth": {"Demographic": null, "2020": null, "2024": -0.1, "2029": -1.7, "% OF TOTAL": null, "% OF TOTAL.1": null, "% OF TOTAL.2": null}, "Total Population: Under 19 years": {"Demographic": null, "2020": 375, "2024": 369, "2029": 335, "% OF TOTAL": 23.6, "% OF TOTAL.1": null, "% OF TOTAL.2": null}, "Total Population: 20 - 64 years": {"Demographic": null, "2020": 761, "2024": 749, "2029": 726, "% OF TOTAL": 51.2, "% OF TOTAL.1": null, "% OF TOTAL.2": null}, "Total Population: 65 years and over": {"Demographic": null, "2020": 308, "2024": 324, "2029": 357, "% OF TOTAL": 25.2, "% OF TOTAL.1": null, "% OF TOTAL.2": null}, "Total population: Median age": {"Demographic": null, "2020": 42, "2024": 43, "2029": 44, "% OF TOTAL": null, "% OF TOTAL.1": null, "% OF TOTAL.2": null}, "Total population: Under 5 years": {"Demographic": null, "2020": 67, "2024": 64, "2029": 62, "% OF TOTAL": 4.4, "% OF TOTAL.1": null, "% OF TOTAL.2": null}, "Total population: 5 - 9 years": {"Demographic": null, "2020": 97, "2024": 98, "2029": 82, "% OF TOTAL": 5.8, "% OF TOTAL.1": null, "% OF TOTAL.2": null}, "Total population: 10 - 14 years": {"Demographic": null, "2020": 102, "2024": 95, "2029": 91, "% OF TOTAL": 6.4, "% OF TOTAL.1": null, "% OF TOTAL.2": null}, "Total population: 15 - 19 years": {"Demographic": null, "2020": 109, "2024": 112, "2029": 100, "% OF TOTAL": 7.1, "% OF TOTAL.1": null, "% OF TOTAL.2": null}, "Total population: 20 - 24 years": {"Demographic": null, "2020": 81, "2024": 83, "2029": 89, "% OF TOTAL": 6.3, "% OF TOTAL.1": null, "% OF TOTAL.2": null}, "Total population: 25 - 29 years": {"Demographic": null, "2020": 75, "2024": 70, "2029": 72, "% OF TOTAL": 5.1, "% OF TOTAL.1": null, "% OF TOTAL.2": null}, "Total population: 30 - 34 years": {"Demographic": null, "2020": 68, "2024": 68, "2029": 65, "% OF TOTAL": 4.6, "% OF TOTAL.1": null, "% OF TOTAL.2": null}, "Total population: 35 - 39 years": {"Demographic": null, "2020": 82, "2024": 81, "2029": 77, "% OF TOTAL": 5.4, "% OF TOTAL.1": null, "% OF TOTAL.2": null}, "Total population: 40 - 44 years": {"Demographic": null, "2020": 74, "2024": 80, "2029": 80, "% OF TOTAL": 5.6, "% OF TOTAL.1": null, "% OF TOTAL.2": null}, "Total population: 45 - 49 years": {"Demographic": null, "2020": 87, "2024": 84, "2029": 84, "% OF TOTAL": 5.9, "% OF TOTAL.1": null, "% OF TOTAL.2": null}, "Total population: 50 - 54 years": {"Demographic": null, "2020": 78, "2024": 79, "2029": 76, "% OF TOTAL": 5.4, "% OF TOTAL.1": null, "% OF TOTAL.2": null}, "Total population: 55 - 59 years": {"Demographic": null, "2020": 96, "2024": 88, "2029": 83, "% OF TOTAL": 5.9, "% OF TOTAL.1": null, "% OF TOTAL.2": null}, "Total population: 60 - 64 years": {"Demographic": null, "2020": 120, "2024": 116, "2029": 100, "% OF TOTAL": 7.1, "% OF TOTAL.1": null, "% OF TOTAL.2": null}, "Total population: 65 - 69 years": {"Demographic": null, "2020": 119, "2024": 123, "2029": 119, "% OF TOTAL": 8.4, "% OF TOTAL.1": null, "% OF TOTAL.2": null}, "Total population: 70 - 74 years": {"Demographic": null, "2020": 82, "2024": 81, "2029": 95, "% OF TOTAL": 6.7, "% OF TOTAL.1": null, "% OF TOTAL.2": null}, "Total population: 75 - 79 years": {"Demographic": null, "2020": 49, "2024": 57, "2029": 65, "% OF TOTAL": 4.6, "% OF TOTAL.1": null, "% OF TOTAL.2": null}, "Total population: 80 - 84 years": {"Demographic": null, "2020": 30, "2024": 34, "2029": 45, "% OF TOTAL": 3.2, "% OF TOTAL.1": null, "% OF TOTAL.2": null}, "Total population: 85 years and over": {"Demographic": null, "2020": 28, "2024": 29, "2029": 33, "% OF TOTAL": 2.3, "% OF TOTAL.1": null, "% OF TOTAL.2": null}, "Householders Age 15-24": {"Demographic": null, "2020": 14, "2024": 14, "2029": 14, "% OF TOTAL": 2.5, "% OF TOTAL.1": null, "% OF TOTAL.2": null}, "Householders Age 25-34": {"Demographic": null, "2020": 47, "2024": 47, "2029": 47, "% OF TOTAL": 8.2, "% OF TOTAL.1": null, "% OF TOTAL.2": null}, "Householders Age 35-44": {"Demographic": null, "2020": 76, "2024": 77, "2029": 75, "% OF TOTAL": 13.1, "% OF TOTAL.1": null, "% OF TOTAL.2": null}, "Householders Age 45-54": {"Demographic": null, "2020": 89, "2024": 90, "2029": 88, "% OF TOTAL": 15.4, "% OF TOTAL.1": null, "% OF TOTAL.2": null}, "Householders Age 55-64": {"Demographic": null, "2020": 154, "2024": 156, "2029": 140, "% OF TOTAL": 24.5, "% OF TOTAL.1": null, "% OF TOTAL.2": null}, "Householders Age 65-74": {"Demographic": null, "2020": 108, "2024": 110, "2029": 115, "% OF TOTAL": 20.1, "% OF TOTAL.1": null, "% OF TOTAL.2": null}, "Householders Age 75+": {"Demographic": null, "2020": 78, "2024": 78, "2029": 92, "% OF TOTAL": 16.1, "% OF TOTAL.1": null, "% OF TOTAL.2": null}, "Household income: Average": {"Demographic": null, "2020": 52876, "2024": 64681, "2029": 84895, "% OF TOTAL": null, "% OF TOTAL.1": null, "% OF TOTAL.2": null}, "Household income: Less than 25k": {"Demographic": null, "2020": 190, "2024": 177, "2029": 149, "% OF TOTAL": 26.1, "% OF TOTAL.1": null, "% OF TOTAL.2": null}, "Household income: 25k - 50k": {"Demographic": null, "2020": 117, "2024": 94, "2029": 74, "% OF TOTAL": 13.0, "% OF TOTAL.1": null, "% OF TOTAL.2": null}, "Household income: 50k - 75k": {"Demographic": null, "2020": 117, "2024": 107, "2029": 103, "% OF TOTAL": 18.0, "% OF TOTAL.1": null, "% OF TOTAL.2": null}, "Household income: 75k - 100k": {"Demographic": null, "2020": 91, "2024": 122, "2029": 137, "% OF TOTAL": 24.0, "% OF TOTAL.1": null, "% OF TOTAL.2": null}, "Household income: 100k - 125k": {"Demographic": null, "2020": 11, "2024": 13, "2029": 11, "% OF TOTAL": 1.9, "% OF TOTAL.1": null, "% OF TOTAL.2": null}, "Household income: 125k - 150k": {"Demographic": null, "2020": 26, "2024": 30, "2029": 36, "% OF TOTAL": 6.3, "% OF TOTAL.1": null, "% OF TOTAL.2": null}, "Household income: 150k - 200k": {"Demographic": null, "2020": 8, "2024": 10, "2029": 11, "% OF TOTAL": 1.9, "% OF TOTAL.1": null, "% OF TOTAL.2": null}, "Household income: Above 200k": {"Demographic": null, "2020": 6, "2024": 19, "2029": 50, "% OF TOTAL": 8.8, "% OF TOTAL.1": null, "% OF TOTAL.2": null}, "White Alone": {"Demographic": null, "2020": 983, "2024": 969, "2029": 949, "% OF TOTAL": 66.9, "% OF TOTAL.1": null, "% OF TOTAL.2": null}, "Black or African American Alone": {"Demographic": null, "2020": 282, "2024": 283, "2029": 281, "% OF TOTAL": 19.8, "% OF TOTAL.1": null, "% OF TOTAL.2": null}, "American Indian and Alaska Native Alone": {"Demographic": null, "2020": 2, "2024": 2, "2029": 2, "% OF TOTAL": 0.1, "% OF TOTAL.1": null, "% OF TOTAL.2": null}, "Asian Alone": {"Demographic": null, "2020": 115, "2024": 119, "2029": 118, "% OF TOTAL": 8.3, "% OF TOTAL.1": null, "% OF TOTAL.2": null}, "Native Hawaiian and OPI Alone": {"Demographic": null, "2020": 0, "2024": 0, "2029": 0, "% OF TOTAL": 0.0, "% OF TOTAL.1": null, "% OF TOTAL.2": null}, "Some Other Race Alone": {"Demographic": null, "2020": 7, "2024": 7, "2029": 7, "% OF TOTAL": 0.5, "% OF TOTAL.1": null, "% OF TOTAL.2": null}, "Two or More Races Alone": {"Demographic": null, "2020": 55, "2024": 62, "2029": 61, "% OF TOTAL": 4.3, "% OF TOTAL.1": null, "% OF TOTAL.2": null}, "Not Hispanic or Latino": {"Demographic": null, "2020": 1418, "2024": 1413, "2029": 1389, "% OF TOTAL": 98.0, "% OF TOTAL.1": null, "% OF TOTAL.2": null}, "Hispanic or Latino": {"Demographic": null, "2020": 26, "2024": 29, "2029": 29, "% OF TOTAL": 2.0, "% OF TOTAL.1": null, "% OF TOTAL.2": null}, "Total Housing Units": {"Demographic": null, "2020": 616, "2024": null, "2029": null, "% OF TOTAL": null, "% OF TOTAL.1": null, "% OF TOTAL.2": null}, "Owner Occupied Housing Units": {"Demographic": null, "2020": 404, "2024": 408, "2029": null, "% OF TOTAL": null, "% OF TOTAL.1": null, "% OF TOTAL.2": null}, "Renter Occupied Housing Units": {"Demographic": null, "2020": 162, "2024": 164, "2029": null, "% OF TOTAL": null, "% OF TOTAL.1": null, "% OF TOTAL.2": null}, "Housing Units Value Less Than 100k": {"Demographic": null, "2020": 250, "2024": 253, "2029": null, "% OF TOTAL": null, "% OF TOTAL.1": null, "% OF TOTAL.2": null}, "Housing Units Value 100k - 200k": {"Demographic": null, "2020": 137, "2024": 138, "2029": null, "% OF TOTAL": null, "% OF TOTAL.1": null, "% OF TOTAL.2": null}, "Housing Units Value 200k - 250k": {"Demographic": null, "2020": 12, "2024": 12, "2029": null, "% OF TOTAL": null, "% OF TOTAL.1": null, "% OF TOTAL.2": null}, "Housing Units Value 250k - 300k": {"Demographic": null, "2020": 5, "2024": 5, "2029": null, "% OF TOTAL": null, "% OF TOTAL.1": null, "% OF TOTAL.2": null}, "Housing Units Value 300k - 400k": {"Demographic": null, "2020": 0, "2024": 0, "2029": null, "% OF TOTAL": null, "% OF TOTAL.1": null, "% OF TOTAL.2": null}, "Housing Units Value 400k - 500k": {"Demographic": null, "2020": 0, "2024": 0, "2029": null, "% OF TOTAL": null, "% OF TOTAL.1": null, "% OF TOTAL.2": null}, "Housing Units Value 500k - 750k": {"Demographic": null, "2020": 0, "2024": 0, "2029": null, "% OF TOTAL": null, "% OF TOTAL.1": null, "% OF TOTAL.2": null}, "Housing Units Value 750k - 1m": {"Demographic": null, "2020": 0, "2024": 0, "2029": null, "% OF TOTAL": null, "% OF TOTAL.1": null, "% OF TOTAL.2": null}, "Housing Units Value 1m - 1.5m": {"Demographic": null, "2020": 0, "2024": 0, "2029": null, "% OF TOTAL": null, "% OF TOTAL.1": null, "% OF TOTAL.2": null}, "Housing Units Value 1.5m - 2m": {"Demographic": null, "2020": 0, "2024": 0, "2029": null, "% OF TOTAL": null, "% OF TOTAL.1": null, "% OF TOTAL.2": null}, "Housing Units Value >2m": {"Demographic": null, "2020": 0, "2024": 0, "2029": null, "% OF TOTAL": null, "% OF TOTAL.1": null, "% OF TOTAL.2": null}, "Take Car or Truck to Work": {"Demographic": null, "2020": 519, "2024": 521, "2029": null, "% OF TOTAL": null, "% OF TOTAL.1": null, "% OF TOTAL.2": null}, "Take Public Transportation to Work": {"Demographic": null, "2020": 0, "2024": 0, "2029": null, "% OF TOTAL": null, "% OF TOTAL.1": null, "% OF TOTAL.2": null}, "Take Other Means of Transportation to Work": {"Demographic": null, "2020": 53, "2024": 53, "2029": null, "% OF TOTAL": null, "% OF TOTAL.1": null, "% OF TOTAL.2": null}, "Average Travel Time (min)": {"Demographic": null, "2020": 30, "2024": 29, "2029": null, "% OF TOTAL": null, "% OF TOTAL.1": null, "% OF TOTAL.2": null}, "Travel Below 30 Min to Work": {"Demographic": null, "2020": 304, "2024": 305, "2029": null, "% OF TOTAL": null, "% OF TOTAL.1": null, "% OF TOTAL.2": null}, "Travel 30-60 Min to Work": {"Demographic": null, "2020": 202, "2024": 203, "2029": null, "% OF TOTAL": null, "% OF TOTAL.1": null, "% OF TOTAL.2": null}, "Travel Above 60 Min to Work": {"Demographic": null, "2020": 95, "2024": 66, "2029": null, "% OF TOTAL": null, "% OF TOTAL.1": null, "% OF TOTAL.2": null}, "Educational Attainment: No High School Diploma": {"Demographic": null, "2020": 602, "2024": 603, "2029": null, "% OF TOTAL": null, "% OF TOTAL.1": null, "% OF TOTAL.2": null}, "Educational Attainment: High School Diploma": {"Demographic": null, "2020": 420, "2024": 421, "2029": null, "% OF TOTAL": null, "% OF TOTAL.1": null, "% OF TOTAL.2": null}, "Educational Attainment: Some College": {"Demographic": null, "2020": 371, "2024": 372, "2029": null, "% OF TOTAL": null, "% OF TOTAL.1": null, "% OF TOTAL.2": null}, "Educational Attainment: Associate's Degree": {"Demographic": null, "2020": 88, "2024": 88, "2029": null, "% OF TOTAL": null, "% OF TOTAL.1": null, "% OF TOTAL.2": null}, "Educational Attainment: Bachelors Degree": {"Demographic": null, "2020": 150, "2024": 151, "2029": null, "% OF TOTAL": null, "% OF TOTAL.1": null, "% OF TOTAL.2": null}, "Educational Attainment: Advanced Degree": {"Demographic": null, "2020": 15, "2024": 15, "2029": null, "% OF TOTAL": null, "% OF TOTAL.1": null, "% OF TOTAL.2": null}, "Households: Number of vehicles available - Average": {"Demographic": null, "2020": 1, "2024": 1, "2029": null, "% OF TOTAL": null, "% OF TOTAL.1": null, "% OF TOTAL.2": null}, "Households: No Vehicle available": {"Demographic": null, "2020": 105, "2024": 106, "2029": null, "% OF TOTAL": null, "% OF TOTAL.1": null, "% OF TOTAL.2": null}, "Households: 1 Vehicle available": {"Demographic": null, "2020": 208, "2024": 210, "2029": null, "% OF TOTAL": null, "% OF TOTAL.1": null, "% OF TOTAL.2": null}, "Households: 2 Vehicles available": {"Demographic": null, "2020": 150, "2024": 151, "2029": null, "% OF TOTAL": null, "% OF TOTAL.1": null, "% OF TOTAL.2": null}, "Households: 3 Vehicles available": {"Demographic": null, "2020": 59, "2024": 60, "2029": null, "% OF TOTAL": null, "% OF TOTAL.1": null, "% OF TOTAL.2": null}, "Households: 4 or more Vehicles available": {"Demographic": null, "2020": 44, "2024": 45, "2029": null, "% OF TOTAL": null, "% OF TOTAL.1": null, "% OF TOTAL.2": null}}, "household_trends": {"Households": {"Demographic": null, "2020": 566, "2024": 572, "2029": 571, "% OF TOTAL": null, "% OF TOTAL.1": null, "% OF TOTAL.2": null}, "Households Growth": {"Demographic": null, "2020": null, "2024": 1.1, "2029": -0.2, "% OF TOTAL": null, "% OF TOTAL.1": null, "% OF TOTAL.2": null}, "Householder Age 15-24": {"Demographic": null, "2020": 14, "2024": 14, "2029": 14, "% OF TOTAL": 2.5, "% OF TOTAL.1": null, "% OF TOTAL.2": null}, "Householder Age 25-34": {"Demographic": null, "2020": 47, "2024": 47, "2029": 47, "% OF TOTAL": 8.2, "% OF TOTAL.1": null, "% OF TOTAL.2": null}, "Householder Age 35-44": {"Demographic": null, "2020": 76, "2024": 77, "2029": 75, "% OF TOTAL": 13.1, "% OF TOTAL.1": null, "% OF TOTAL.2": null}, "Householder Age 45-54": {"Demographic": null, "2020": 89, "2024": 90, "2029": 88, "% OF TOTAL": 15.4, "% OF TOTAL.1": null, "% OF TOTAL.2": null}, "Householder Age 55-64": {"Demographic": null, "2020": 154, "2024": 156, "2029": 140, "% OF TOTAL": 24.5, "% OF TOTAL.1": null, "% OF TOTAL.2": null}, "Householder Age 65-74": {"Demographic": null, "2020": 108, "2024": 110, "2029": 115, "% OF TOTAL": 20.1, "% OF TOTAL.1": null, "% OF TOTAL.2": null}, "Householder Age 75+": {"Demographic": null, "2020": 78, "2024": 78, "2029": 92, "% OF TOTAL": 16.1, "% OF TOTAL.1": null, "% OF TOTAL.2": null}, "Average Household Size": {"Demographic": null, "2020": 2.5, "2024": 2.5, "2029": 2.5, "% OF TOTAL": null, "% OF TOTAL.1": null, "% OF TOTAL.2": null}, "1 Person Households": {"Demographic": null, "2020": 164, "2024": 169, "2029": 172, "% OF TOTAL": 30.1, "% OF TOTAL.1": null, "% OF TOTAL.2": null}, "2 Person Households": {"Demographic": null, "2020": 180, "2024": 187, "2029": 190, "% OF TOTAL": 33.3, "% OF TOTAL.1": null, "% OF TOTAL.2": null}, "3 Person Households": {"Demographic": null, "2020": 82, "2024": 84, "2029": 86, "% OF TOTAL": 15.1, "% OF TOTAL.1": null, "% OF TOTAL.2": null}, "4 Person Households": {"Demographic": null, "2020": 69, "2024": 65, "2029": 60, "% OF TOTAL": 10.5, "% OF TOTAL.1": null, "% OF TOTAL.2": null}, "5 Person Households": {"Demographic": null, "2020": 43, "2024": 40, "2029": 38, "% OF TOTAL": 6.7, "% OF TOTAL.1": null, "% OF TOTAL.2": null}, "6 Person Households": {"Demographic": null, "2020": 18, "2024": 17, "2029": 16, "% OF TOTAL": 2.8, "% OF TOTAL.1": null, "% OF TOTAL.2": null}, "7+ Person Households": {"Demographic": null, "2020": 10, "2024": 10, "2029": 9, "% OF TOTAL": 1.6, "% OF TOTAL.1": null, "% OF TOTAL.2": null}, "Household Type: Family": {"Demographic": null, "2020": 383, "2024": 387, "2029": null, "% OF TOTAL": null, "% OF TOTAL.1": null, "% OF TOTAL.2": null}, "Household Type: Married Family": {"Demographic": null, "2020": 258, "2024": 261, "2029": null, "% OF TOTAL": null, "% OF TOTAL.1": null, "% OF TOTAL.2": null}, "Household Type: Married Family With Children": {"Demographic": null, "2020": 72, "2024": 73, "2029": null, "% OF TOTAL": null, "% OF TOTAL.1": null, "% OF TOTAL.2": null}, "Household Type: Married Family Without Children": {"Demographic": null, "2020": 186, "2024": 188, "2029": null, "% OF TOTAL": null, "% OF TOTAL.1": null, "% OF TOTAL.2": null}, "Household Type: Other Family": {"Demographic": null, "2020": 125, "2024": 126, "2029": null, "% OF TOTAL": null, "% OF TOTAL.1": null, "% OF TOTAL.2": null}, "Household Type: Male Households, No Wife": {"Demographic": null, "2020": 41, "2024": 41, "2029": null, "% OF TOTAL": null, "% OF TOTAL.1": null, "% OF TOTAL.2": null}, "Household Type: Male Households, No Wife With Children": {"Demographic": null, "2020": 19, "2024": 19, "2029": null, "% OF TOTAL": null, "% OF TOTAL.1": null, "% OF TOTAL.2": null}, "Household Type: Male Households, No Wife Without Children": {"Demographic": null, "2020": 22, "2024": 22, "2029": null, "% OF TOTAL": null, "% OF TOTAL.1": null, "% OF TOTAL.2": null}, "Household Type: Female Households, No Husband": {"Demographic": null, "2020": 84, "2024": 85, "2029": null, "% OF TOTAL": null, "% OF TOTAL.1": null, "% OF TOTAL.2": null}, "Household Type: Female Households, No Husband With Children": {"Demographic": null, "2020": 40, "2024": 40, "2029": null, "% OF TOTAL": null, "% OF TOTAL.1": null, "% OF TOTAL.2": null}, "Household Type: Female Households, No Husband Without Children": {"Demographic": null, "2020": 44, "2024": 45, "2029": null, "% OF TOTAL": null, "% OF TOTAL.1": null, "% OF TOTAL.2": null}, "Household Income: Average": {"Demographic": null, "2020": 52876, "2024": 64681, "2029": 84895, "% OF TOTAL": null, "% OF TOTAL.1": null, "% OF TOTAL.2": null}, "Household Income: Median": {"Demographic": null, "2020": 0, "2024": 52143, "2029": 57622, "% OF TOTAL": null, "% OF TOTAL.1": null, "% OF TOTAL.2": null}, "Household Income: Less than $25k": {"Demographic": null, "2020": 190, "2024": 177, "2029": 149, "% OF TOTAL": 26.1, "% OF TOTAL.1": null, "% OF TOTAL.2": null}, "Household Income: $25k - $50k": {"Demographic": null, "2020": 117, "2024": 94, "2029": 74, "% OF TOTAL": 13.0, "% OF TOTAL.1": null, "% OF TOTAL.2": null}, "Household Income: $50k - $75k": {"Demographic": null, "2020": 117, "2024": 107, "2029": 103, "% OF TOTAL": 18.0, "% OF TOTAL.1": null, "% OF TOTAL.2": null}, "Household Income: $75k - $100k": {"Demographic": null, "2020": 91, "2024": 122, "2029": 137, "% OF TOTAL": 24.0, "% OF TOTAL.1": null, "% OF TOTAL.2": null}, "Household Income: $100k - $125k": {"Demographic": null, "2020": 11, "2024": 13, "2029": 11, "% OF TOTAL": 1.9, "% OF TOTAL.1": null, "% OF TOTAL.2": null}, "Household Income: $125k - $150k": {"Demographic": null, "2020": 26, "2024": 30, "2029": 36, "% OF TOTAL": 6.3, "% OF TOTAL.1": null, "% OF TOTAL.2": null}, "Household Income: $150k - $200k": {"Demographic": null, "2020": 8, "2024": 10, "2029": 11, "% OF TOTAL": 1.9, "% OF TOTAL.1": null, "% OF TOTAL.2": null}, "Household Income: Above $200k": {"Demographic": null, "2020": 6, "2024": 19, "2029": 50, "% OF TOTAL": 8.8, "% OF TOTAL.1": null, "% OF TOTAL.2": null}, "Total Housing Units": {"Demographic": null, "2020": 616, "2024": null, "2029": null, "% OF TOTAL": null, "% OF TOTAL.1": null, "% OF TOTAL.2": null}, "Owner Occupied Housing Units": {"Demographic": null, "2020": 404, "2024": 408, "2029": null, "% OF TOTAL": null, "% OF TOTAL.1": null, "% OF TOTAL.2": null}, "Renter Occupied Housing Units": {"Demographic": null, "2020": 162, "2024": 164, "2029": null, "% OF TOTAL": null, "% OF TOTAL.1": null, "% OF TOTAL.2": null}, "Vacant Housing Units": {"Demographic": null, "2020": 50, "2024": null, "2029": null, "% OF TOTAL": null, "% OF TOTAL.1": null, "% OF TOTAL.2": null}, "Vacant Housing Units: Seasonal": {"Demographic": null, "2020": 3, "2024": null, "2029": null, "% OF TOTAL": null, "% OF TOTAL.1": null, "% OF TOTAL.2": null}, "Vacant Housing Units: Other Usage": {"Demographic": null, "2020": 47, "2024": null, "2029": null, "% OF TOTAL": null, "% OF TOTAL.1": null, "% OF TOTAL.2": null}, "Average Housing Unit Value": {"Demographic": null, "2020": 82853, "2024": 82721, "2029": null, "% OF TOTAL": null, "% OF TOTAL.1": null, "% OF TOTAL.2": null}, "Median Housing Unit Value": {"Demographic": null, "2020": 82546, "2024": 82500, "2029": null, "% OF TOTAL": null, "% OF TOTAL.1": null, "% OF TOTAL.2": null}, "Housing Unit Value Less Than $100k": {"Demographic": null, "2020": 250, "2024": 253, "2029": null, "% OF TOTAL": null, "% OF TOTAL.1": null, "% OF TOTAL.2": null}, "Housing Unit Value $100k-$200k": {"Demographic": null, "2020": 137, "2024": 138, "2029": null, "% OF TOTAL": null, "% OF TOTAL.1": null, "% OF TOTAL.2": null}, "Housing Unit Value $200k-$250k": {"Demographic": null, "2020": 12, "2024": 12, "2029": null, "% OF TOTAL": null, "% OF TOTAL.1": null, "% OF TOTAL.2": null}, "Housing Unit Value $250k-$300k": {"Demographic": null, "2020": 5, "2024": 5, "2029": null, "% OF TOTAL": null, "% OF TOTAL.1": null, "% OF TOTAL.2": null}, "Housing Unit Value $300k-$400k": {"Demographic": null, "2020": 0, "2024": 0, "2029": null, "% OF TOTAL": null, "% OF TOTAL.1": null, "% OF TOTAL.2": null}, "Housing Unit Value $400k-$500k": {"Demographic": null, "2020": 0, "2024": 0, "2029": null, "% OF TOTAL": null, "% OF TOTAL.1": null, "% OF TOTAL.2": null}, "Housing Unit Value $500k-$750k": {"Demographic": null, "2020": 0, "2024": 0, "2029": null, "% OF TOTAL": null, "% OF TOTAL.1": null, "% OF TOTAL.2": null}, "Housing Unit Value $750k-$1m": {"Demographic": null, "2020": 0, "2024": 0, "2029": null, "% OF TOTAL": null, "% OF TOTAL.1": null, "% OF TOTAL.2": null}, "Housing Unit Value $1m-$1.5m": {"Demographic": null, "2020": 0, "2024": 0, "2029": null, "% OF TOTAL": null, "% OF TOTAL.1": null, "% OF TOTAL.2": null}, "Housing Unit Value $1.5m-$2m": {"Demographic": null, "2020": 0, "2024": 0, "2029": null, "% OF TOTAL": null, "% OF TOTAL.1": null, "% OF TOTAL.2": null}, "Housing Unit Value Above $2m": {"Demographic": null, "2020": 0, "2024": 0, "2029": null, "% OF TOTAL": null, "% OF TOTAL.1": null, "% OF TOTAL.2": null}, "Median Housing Unit Year Built": {"Demographic": null, "2020": 1981, "2024": 1981, "2029": null, "% OF TOTAL": null, "% OF TOTAL.1": null, "% OF TOTAL.2": null}, "Housing Units Built 2014 Or After": {"Demographic": null, "2020": 0, "2024": 0, "2029": null, "% OF TOTAL": null, "% OF TOTAL.1": null, "% OF TOTAL.2": null}, "Housing Units Built 2010-2013": {"Demographic": null, "2020": 19, "2024": 19, "2029": null, "% OF TOTAL": null, "% OF TOTAL.1": null, "% OF TOTAL.2": null}, "Housing Units Built 2000-2009": {"Demographic": null, "2020": 163, "2024": 165, "2029": null, "% OF TOTAL": null, "% OF TOTAL.1": null, "% OF TOTAL.2": null}, "Housing Units Built 1990-1999": {"Demographic": null, "2020": 37, "2024": 37, "2029": null, "% OF TOTAL": null, "% OF TOTAL.1": null, "% OF TOTAL.2": null}, "Housing Units Built 1980-1989": {"Demographic": null, "2020": 72, "2024": 73, "2029": null, "% OF TOTAL": null, "% OF TOTAL.1": null, "% OF TOTAL.2": null}, "Housing Units Built 1970-1979": {"Demographic": null, "2020": 150, "2024": 152, "2029": null, "% OF TOTAL": null, "% OF TOTAL.1": null, "% OF TOTAL.2": null}, "Housing Units Built 1960-1969": {"Demographic": null, "2020": 39, "2024": 39, "2029": null, "% OF TOTAL": null, "% OF TOTAL.1": null, "% OF TOTAL.2": null}, "Housing Units Built 1950-1959": {"Demographic": null, "2020": 86, "2024": 87, "2029": null, "% OF TOTAL": null, "% OF TOTAL.1": null, "% OF TOTAL.2": null}, "Housing Units Built 1940-1949": {"Demographic": null, "2020": 0, "2024": 0, "2029": null, "% OF TOTAL": null, "% OF TOTAL.1": null, "% OF TOTAL.2": null}, "Housing Units Built Before 1940": {"Demographic": null, "2020": 0, "2024": 0, "2029": null, "% OF TOTAL": null, "% OF TOTAL.1": null, "% OF TOTAL.2": null}}}, "geometry": {"type": "Polygon", "coordinates": [[[-88.263409, 30.412661], [-88.263783, 30.441699], [-88.230269, 30.44202], [-88.229905, 30.412981], [-88.263409, 30.412661]]]}}, {"type": "Feature", "properties": {"block": "038", "block_num": 38, "CentroidLon": -88.21333226597942, "CentroidLat": 30.427656649758053, "data_status": "no data", "is_anomalous": false, "anomaly_reason": null, "files_present": ""}, "geometry": {"type": "Polygon", "coordinates": [[[-88.229905, 30.412981], [-88.230269, 30.44202], [-88.196755, 30.442331], [-88.1964, 30.413292], [-88.229905, 30.412981]]]}}, {"type": "Feature", "properties": {"block": "039", "block_num": 39, "CentroidLon": -88.17982251643372, "CentroidLat": 30.427963721662064, "data_status": "no data", "is_anomalous": false, "anomaly_reason": null, "files_present": ""}, "geometry": {"type": "Polygon", "coordinates": [[[-88.1964, 30.413292], [-88.196755, 30.442331], [-88.16324, 30.442634], [-88.162895, 30.413595], [-88.1964, 30.413292]]]}}, {"type": "Feature", "properties": {"block": "040", "block_num": 40, "CentroidLon": -88.14631217669667, "CentroidLat": 30.428262547359907, "data_status": "no data", "is_anomalous": false, "anomaly_reason": null, "files_present": ""}, "geometry": {"type": "Polygon", "coordinates": [[[-88.162895, 30.413595], [-88.16324, 30.442634], [-88.129724, 30.442929], [-88.12939, 30.413889], [-88.162895, 30.413595]]]}}, {"type": "Feature", "properties": {"block": "041", "block_num": 41, "CentroidLon": -88.11280141761993, "CentroidLat": 30.428552472761112, "data_status": "no data", "is_anomalous": false, "anomaly_reason": null, "files_present": ""}, "geometry": {"type": "Polygon", "coordinates": [[[-88.12939, 30.413889], [-88.129724, 30.442929], [-88.096208, 30.443215], [-88.095884, 30.414174], [-88.12939, 30.413889]]]}}, {"type": "Feature", "properties": {"block": "042", "block_num": 42, "CentroidLon": -88.09492124845943, "CentroidLat": 30.404178321416463, "data_status": "no data", "is_anomalous": false, "anomaly_reason": null, "files_present": ""}, "geometry": {"type": "Polygon", "coordinates": [[[-88.095559, 30.385134], [-88.095884, 30.414174], [-88.093335, 30.414196], [-88.095471, 30.385135], [-88.095559, 30.385134]]]}}, {"type": "Feature", "properties": {"block": "043", "block_num": 43, "CentroidLon": -88.38037446987539, "CentroidLat": 30.39696095332552, "data_status": "no data", "is_anomalous": false, "anomaly_reason": null, "files_present": ""}, "geometry": {"type": "Polygon", "coordinates": [[[-88.363917, 30.41165], [-88.363514, 30.382612], [-88.396791, 30.382261], [-88.397276, 30.411297], [-88.363917, 30.41165]]]}}, {"type": "Feature", "properties": {"block": "044", "block_num": 44, "CentroidLon": -88.34696678151009, "CentroidLat": 30.3973041546786, "data_status": "usable", "is_anomalous": false, "anomaly_reason": null, "files_present": "DemographicSnapshot-26.08.06.csv;PopulationTrends-26.08.06.csv;HouseholdTrends-26.08.06.csv;HouseholdIncomeByAge-26.08.06.csv;ConsumerSegmentation-26.08.06.csv", "population_2024": 1675, "population_2029": 1643, "households_2024": 597, "households_2029": 594, "median_household_income_2024": 65186, "median_household_income_2029": 69114, "mean_household_income_2024": null, "mean_household_income_2029": null, "median_age_2024": 37, "median_age_2029": 39, "median_home_value_2024": 103869, "average_household_size_2024": 2.8, "average_household_size_2029": 2.8, "population_growth_2024_2029": -1.8, "households_growth_2024_2029": -0.7, "consumer_segments": {"Simple Life Moderate Income No Children": {"households": 112, "pct": 26.3}, "Simple Life Moderate Income With Children": {"households": 103, "pct": 24.2}, "Renters": {"households": 61, "pct": 14.3}, "Simple Life Affluent No Children": {"households": 35, "pct": 8.2}, "Active Adult Elite": {"households": 35, "pct": 8.2}, "Family Life Young Children": {"households": 26, "pct": 6.1}, "Active Adult Entry Level": {"households": 20, "pct": 4.7}, "Renters Near Term Buyers": {"households": 13, "pct": 3.1}, "Active Adult Feature and Location": {"households": 11, "pct": 2.6}, "Elite": {"households": 10, "pct": 2.3}, "Family Life School Age Children": {"households": 0, "pct": 0.0}, "Feature and Location": {"households": 0, "pct": 0.0}, "Entry Level Urban": {"households": 0, "pct": 0.0}, "Entry Level Suburban": {"households": 0, "pct": 0.0}}, "income_age": {"2020": {}, "2024": {}, "2029": {}}, "population_trends": {"Total Population": {"Demographic": null, "2020": 1705, "2024": 1675, "2029": 1643, "% OF TOTAL": null, "% OF TOTAL.1": null, "% OF TOTAL.2": null}, "Population Growth": {"Demographic": null, "2020": null, "2024": -1.8, "2029": -1.9, "% OF TOTAL": null, "% OF TOTAL.1": null, "% OF TOTAL.2": null}, "Female Population": {"Demographic": null, "2020": 867, "2024": 853, "2029": 837, "% OF TOTAL": 50.9, "% OF TOTAL.1": null, "% OF TOTAL.2": null}, "Male Population": {"Demographic": null, "2020": 838, "2024": 822, "2029": 806, "% OF TOTAL": 49.1, "% OF TOTAL.1": null, "% OF TOTAL.2": null}, "Total population: Median Age": {"Demographic": null, "2020": 37, "2024": 37, "2029": 39, "% OF TOTAL": null, "% OF TOTAL.1": null, "% OF TOTAL.2": null}, "Total population: Under 5 years": {"Demographic": null, "2020": 108, "2024": 100, "2029": 94, "% OF TOTAL": 5.7, "% OF TOTAL.1": null, "% OF TOTAL.2": null}, "Total population: 5 - 9 years": {"Demographic": null, "2020": 102, "2024": 101, "2029": 94, "% OF TOTAL": 5.7, "% OF TOTAL.1": null, "% OF TOTAL.2": null}, "Total population: 10 - 14 years": {"Demographic": null, "2020": 151, "2024": 142, "2029": 122, "% OF TOTAL": 7.4, "% OF TOTAL.1": null, "% OF TOTAL.2": null}, "Total population: 15 - 19 years": {"Demographic": null, "2020": 124, "2024": 124, "2029": 119, "% OF TOTAL": 7.2, "% OF TOTAL.1": null, "% OF TOTAL.2": null}, "Total population: 20 - 24 years": {"Demographic": null, "2020": 99, "2024": 100, "2029": 105, "% OF TOTAL": 6.4, "% OF TOTAL.1": null, "% OF TOTAL.2": null}, "Total population: 25 - 29 years": {"Demographic": null, "2020": 116, "2024": 108, "2029": 103, "% OF TOTAL": 6.3, "% OF TOTAL.1": null, "% OF TOTAL.2": null}, "Total population: 30 - 34 years": {"Demographic": null, "2020": 105, "2024": 105, "2029": 100, "% OF TOTAL": 6.1, "% OF TOTAL.1": null, "% OF TOTAL.2": null}, "Total population: 35 - 39 years": {"Demographic": null, "2020": 105, "2024": 103, "2029": 103, "% OF TOTAL": 6.3, "% OF TOTAL.1": null, "% OF TOTAL.2": null}, "Total population: 40 - 44 years": {"Demographic": null, "2020": 107, "2024": 110, "2029": 106, "% OF TOTAL": 6.5, "% OF TOTAL.1": null, "% OF TOTAL.2": null}, "Total population: 45 - 49 years": {"Demographic": null, "2020": 92, "2024": 86, "2029": 96, "% OF TOTAL": 5.8, "% OF TOTAL.1": null, "% OF TOTAL.2": null}, "Total population: 50 - 54 years": {"Demographic": null, "2020": 115, "2024": 110, "2029": 99, "% OF TOTAL": 6.0, "% OF TOTAL.1": null, "% OF TOTAL.2": null}, "Total population: 55 - 59 years": {"Demographic": null, "2020": 111, "2024": 102, "2029": 99, "% OF TOTAL": 6.0, "% OF TOTAL.1": null, "% OF TOTAL.2": null}, "Total population: 60 - 64 years": {"Demographic": null, "2020": 94, "2024": 91, "2029": 86, "% OF TOTAL": 5.2, "% OF TOTAL.1": null, "% OF TOTAL.2": null}, "Total population: 65 - 69 years": {"Demographic": null, "2020": 82, "2024": 86, "2029": 84, "% OF TOTAL": 5.1, "% OF TOTAL.1": null, "% OF TOTAL.2": null}, "Total population: 70 - 74 years": {"Demographic": null, "2020": 94, "2024": 94, "2029": 94, "% OF TOTAL": 5.7, "% OF TOTAL.1": null, "% OF TOTAL.2": null}, "Total population: 75 - 79 years": {"Demographic": null, "2020": 56, "2024": 63, "2029": 73, "% OF TOTAL": 4.4, "% OF TOTAL.1": null, "% OF TOTAL.2": null}, "Total population: 80 - 84 years": {"Demographic": null, "2020": 18, "2024": 21, "2029": 36, "% OF TOTAL": 2.2, "% OF TOTAL.1": null, "% OF TOTAL.2": null}, "Total population: 85 years and over": {"Demographic": null, "2020": 26, "2024": 29, "2029": 30, "% OF TOTAL": 1.8, "% OF TOTAL.1": null, "% OF TOTAL.2": null}, "Female population: Median Age": {"Demographic": null, "2020": 37, "2024": 38, "2029": 39, "% OF TOTAL": null, "% OF TOTAL.1": null, "% OF TOTAL.2": null}, "Female population: Under 5 years": {"Demographic": null, "2020": 56, "2024": 52, "2029": 48, "% OF TOTAL": 5.7, "% OF TOTAL.1": null, "% OF TOTAL.2": null}, "Female population: 5 - 9 years": {"Demographic": null, "2020": 55, "2024": 53, "2029": 50, "% OF TOTAL": 6.0, "% OF TOTAL.1": null, "% OF TOTAL.2": null}, "Female population: 10 - 14 years": {"Demographic": null, "2020": 71, "2024": 66, "2029": 58, "% OF TOTAL": 6.9, "% OF TOTAL.1": null, "% OF TOTAL.2": null}, "Female population: 15 - 19 years": {"Demographic": null, "2020": 65, "2024": 66, "2029": 61, "% OF TOTAL": 7.3, "% OF TOTAL.1": null, "% OF TOTAL.2": null}, "Female population: 20 - 24 years": {"Demographic": null, "2020": 53, "2024": 53, "2029": 56, "% OF TOTAL": 6.7, "% OF TOTAL.1": null, "% OF TOTAL.2": null}, "Female population: 25 - 29 years": {"Demographic": null, "2020": 59, "2024": 54, "2029": 51, "% OF TOTAL": 6.1, "% OF TOTAL.1": null, "% OF TOTAL.2": null}, "Female population: 30 - 34 years": {"Demographic": null, "2020": 47, "2024": 48, "2029": 47, "% OF TOTAL": 5.6, "% OF TOTAL.1": null, "% OF TOTAL.2": null}, "Female population: 35 - 39 years": {"Demographic": null, "2020": 54, "2024": 54, "2029": 52, "% OF TOTAL": 6.2, "% OF TOTAL.1": null, "% OF TOTAL.2": null}, "Female population: 40 - 44 years": {"Demographic": null, "2020": 49, "2024": 52, "2029": 51, "% OF TOTAL": 6.1, "% OF TOTAL.1": null, "% OF TOTAL.2": null}, "Female population: 45 - 49 years": {"Demographic": null, "2020": 50, "2024": 47, "2029": 50, "% OF TOTAL": 6.0, "% OF TOTAL.1": null, "% OF TOTAL.2": null}, "Female population: 50 - 54 years": {"Demographic": null, "2020": 60, "2024": 57, "2029": 52, "% OF TOTAL": 6.2, "% OF TOTAL.1": null, "% OF TOTAL.2": null}, "Female population: 55 - 59 years": {"Demographic": null, "2020": 54, "2024": 48, "2029": 48, "% OF TOTAL": 5.7, "% OF TOTAL.1": null, "% OF TOTAL.2": null}, "Female population: 60 - 64 years": {"Demographic": null, "2020": 44, "2024": 43, "2029": 41, "% OF TOTAL": 4.9, "% OF TOTAL.1": null, "% OF TOTAL.2": null}, "Female population: 65 - 69 years": {"Demographic": null, "2020": 45, "2024": 47, "2029": 43, "% OF TOTAL": 5.1, "% OF TOTAL.1": null, "% OF TOTAL.2": null}, "Female population: 70 - 74 years": {"Demographic": null, "2020": 51, "2024": 51, "2029": 51, "% OF TOTAL": 6.1, "% OF TOTAL.1": null, "% OF TOTAL.2": null}, "Female population: 75 - 79 years": {"Demographic": null, "2020": 34, "2024": 38, "2029": 43, "% OF TOTAL": 5.1, "% OF TOTAL.1": null, "% OF TOTAL.2": null}, "Female population: 80 - 84 years": {"Demographic": null, "2020": 8, "2024": 10, "2029": 20, "% OF TOTAL": 2.4, "% OF TOTAL.1": null, "% OF TOTAL.2": null}, "Female population: 85 years and over": {"Demographic": null, "2020": 12, "2024": 14, "2029": 15, "% OF TOTAL": 1.8, "% OF TOTAL.1": null, "% OF TOTAL.2": null}, "Male population: Median Age": {"Demographic": null, "2020": 37, "2024": 37, "2029": 38, "% OF TOTAL": null, "% OF TOTAL.1": null, "% OF TOTAL.2": null}, "Male population: Under 5 years": {"Demographic": null, "2020": 52, "2024": 48, "2029": 46, "% OF TOTAL": 5.7, "% OF TOTAL.1": null, "% OF TOTAL.2": null}, "Male population: 5 - 9 years": {"Demographic": null, "2020": 47, "2024": 48, "2029": 44, "% OF TOTAL": 5.5, "% OF TOTAL.1": null, "% OF TOTAL.2": null}, "Male population: 10 - 14 years": {"Demographic": null, "2020": 80, "2024": 76, "2029": 64, "% OF TOTAL": 7.9, "% OF TOTAL.1": null, "% OF TOTAL.2": null}, "Male population: 15 - 19 years": {"Demographic": null, "2020": 59, "2024": 58, "2029": 58, "% OF TOTAL": 7.2, "% OF TOTAL.1": null, "% OF TOTAL.2": null}, "Male population: 20 - 24 years": {"Demographic": null, "2020": 46, "2024": 47, "2029": 49, "% OF TOTAL": 6.1, "% OF TOTAL.1": null, "% OF TOTAL.2": null}, "Male population: 25 - 29 years": {"Demographic": null, "2020": 57, "2024": 54, "2029": 52, "% OF TOTAL": 6.5, "% OF TOTAL.1": null, "% OF TOTAL.2": null}, "Male population: 30 - 34 years": {"Demographic": null, "2020": 58, "2024": 57, "2029": 53, "% OF TOTAL": 6.6, "% OF TOTAL.1": null, "% OF TOTAL.2": null}, "Male population: 35 - 39 years": {"Demographic": null, "2020": 51, "2024": 49, "2029": 51, "% OF TOTAL": 6.3, "% OF TOTAL.1": null, "% OF TOTAL.2": null}, "Male population: 40 - 44 years": {"Demographic": null, "2020": 58, "2024": 58, "2029": 55, "% OF TOTAL": 6.8, "% OF TOTAL.1": null, "% OF TOTAL.2": null}, "Male population: 45 - 49 years": {"Demographic": null, "2020": 42, "2024": 39, "2029": 46, "% OF TOTAL": 5.7, "% OF TOTAL.1": null, "% OF TOTAL.2": null}, "Male population: 50 - 54 years": {"Demographic": null, "2020": 55, "2024": 53, "2029": 47, "% OF TOTAL": 5.8, "% OF TOTAL.1": null, "% OF TOTAL.2": null}, "Male population: 55 - 59 years": {"Demographic": null, "2020": 57, "2024": 54, "2029": 51, "% OF TOTAL": 6.3, "% OF TOTAL.1": null, "% OF TOTAL.2": null}, "Male population: 60 - 64 years": {"Demographic": null, "2020": 50, "2024": 48, "2029": 45, "% OF TOTAL": 5.6, "% OF TOTAL.1": null, "% OF TOTAL.2": null}, "Male population: 65 - 69 years": {"Demographic": null, "2020": 37, "2024": 39, "2029": 41, "% OF TOTAL": 5.1, "% OF TOTAL.1": null, "% OF TOTAL.2": null}, "Male population: 70 - 74 years": {"Demographic": null, "2020": 43, "2024": 43, "2029": 43, "% OF TOTAL": 5.3, "% OF TOTAL.1": null, "% OF TOTAL.2": null}, "Male population: 75 - 79 years": {"Demographic": null, "2020": 22, "2024": 25, "2029": 30, "% OF TOTAL": 3.7, "% OF TOTAL.1": null, "% OF TOTAL.2": null}, "Male population: 80 - 84 years": {"Demographic": null, "2020": 10, "2024": 11, "2029": 16, "% OF TOTAL": 2.0, "% OF TOTAL.1": null, "% OF TOTAL.2": null}, "Male population: 85 years and over": {"Demographic": null, "2020": 14, "2024": 15, "2029": 15, "% OF TOTAL": 1.9, "% OF TOTAL.1": null, "% OF TOTAL.2": null}, "White alone": {"Demographic": null, "2020": 1443, "2024": 1404, "2029": 1375, "% OF TOTAL": 83.7, "% OF TOTAL.1": null, "% OF TOTAL.2": null}, "Black alone": {"Demographic": null, "2020": 132, "2024": 131, "2029": 130, "% OF TOTAL": 7.9, "% OF TOTAL.1": null, "% OF TOTAL.2": null}, "American Indian and Alaska Native alone": {"Demographic": null, "2020": 16, "2024": 18, "2029": 18, "% OF TOTAL": 1.1, "% OF TOTAL.1": null, "% OF TOTAL.2": null}, "Asian alone": {"Demographic": null, "2020": 18, "2024": 18, "2029": 18, "% OF TOTAL": 1.1, "% OF TOTAL.1": null, "% OF TOTAL.2": null}, "Native Hawaiian and OPI alone": {"Demographic": null, "2020": 0, "2024": 0, "2029": 0, "% OF TOTAL": 0.0, "% OF TOTAL.1": null, "% OF TOTAL.2": null}, "Some other race alone": {"Demographic": null, "2020": 16, "2024": 16, "2029": 16, "% OF TOTAL": 1.0, "% OF TOTAL.1": null, "% OF TOTAL.2": null}, "Two or more races alone": {"Demographic": null, "2020": 80, "2024": 88, "2029": 86, "% OF TOTAL": 5.2, "% OF TOTAL.1": null, "% OF TOTAL.2": null}, "Not Hispanic: White alone": {"Demographic": null, "2020": 1440, "2024": 1401, "2029": 1372, "% OF TOTAL": 83.5, "% OF TOTAL.1": null, "% OF TOTAL.2": null}, "Not Hispanic: Black or African American alone": {"Demographic": null, "2020": 129, "2024": 128, "2029": 127, "% OF TOTAL": 7.7, "% OF TOTAL.1": null, "% OF TOTAL.2": null}, "Not Hispanic: American Indian and Alaska Native alone": {"Demographic": null, "2020": 14, "2024": 15, "2029": 15, "% OF TOTAL": 0.9, "% OF TOTAL.1": null, "% OF TOTAL.2": null}, "Not Hispanic: Asian alone": {"Demographic": null, "2020": 18, "2024": 18, "2029": 18, "% OF TOTAL": 1.1, "% OF TOTAL.1": null, "% OF TOTAL.2": null}, "Not Hispanic: Native Hawaiian and OPI alone": {"Demographic": null, "2020": 0, "2024": 0, "2029": 0, "% OF TOTAL": 0.0, "% OF TOTAL.1": null, "% OF TOTAL.2": null}, "Not Hispanic: Some Other Race alone": {"Demographic": null, "2020": 8, "2024": 8, "2029": 8, "% OF TOTAL": 0.5, "% OF TOTAL.1": null, "% OF TOTAL.2": null}, "Not Hispanic: Two or More Races": {"Demographic": null, "2020": 67, "2024": 74, "2029": 72, "% OF TOTAL": 4.4, "% OF TOTAL.1": null, "% OF TOTAL.2": null}, "Hispanic: White alone": {"Demographic": null, "2020": 3, "2024": 3, "2029": 3, "% OF TOTAL": 0.2, "% OF TOTAL.1": null, "% OF TOTAL.2": null}, "Hispanic: Black or African American alone": {"Demographic": null, "2020": 3, "2024": 3, "2029": 3, "% OF TOTAL": 0.2, "% OF TOTAL.1": null, "% OF TOTAL.2": null}, "Hispanic: American Indian and Alaska Native alone": {"Demographic": null, "2020": 2, "2024": 3, "2029": 3, "% OF TOTAL": 0.2, "% OF TOTAL.1": null, "% OF TOTAL.2": null}, "Hispanic: Asian alone": {"Demographic": null, "2020": 0, "2024": 0, "2029": 0, "% OF TOTAL": 0.0, "% OF TOTAL.1": null, "% OF TOTAL.2": null}, "Hispanic: Native Hawaiian and OPI alone": {"Demographic": null, "2020": 0, "2024": 0, "2029": 0, "% OF TOTAL": 0.0, "% OF TOTAL.1": null, "% OF TOTAL.2": null}, "Hispanic: Some Other Race alone": {"Demographic": null, "2020": 8, "2024": 8, "2029": 8, "% OF TOTAL": 0.5, "% OF TOTAL.1": null, "% OF TOTAL.2": null}, "Hispanic: Two or More Races": {"Demographic": null, "2020": 13, "2024": 14, "2029": 14, "% OF TOTAL": 0.9, "% OF TOTAL.1": null, "% OF TOTAL.2": null}, "Educational Attainment: No High School Diploma": {"Demographic": null, "2020": 98, "2024": 97, "2029": null, "% OF TOTAL": null, "% OF TOTAL.1": null, "% OF TOTAL.2": null}, "Educational Attainment: High School Diploma": {"Demographic": null, "2020": 509, "2024": 503, "2029": null, "% OF TOTAL": null, "% OF TOTAL.1": null, "% OF TOTAL.2": null}, "Educational Attainment: Some College": {"Demographic": null, "2020": 366, "2024": 361, "2029": null, "% OF TOTAL": null, "% OF TOTAL.1": null, "% OF TOTAL.2": null}, "Educational Attainment: Associates Degree": {"Demographic": null, "2020": 36, "2024": 36, "2029": null, "% OF TOTAL": null, "% OF TOTAL.1": null, "% OF TOTAL.2": null}, "Educational Attainment: Bachelors Degree": {"Demographic": null, "2020": 112, "2024": 111, "2029": null, "% OF TOTAL": null, "% OF TOTAL.1": null, "% OF TOTAL.2": null}, "Educational Attainment: Advanced Degree": {"Demographic": null, "2020": 0, "2024": 0, "2029": null, "% OF TOTAL": null, "% OF TOTAL.1": null, "% OF TOTAL.2": null}, "Employment Status: Armed Forces": {"Demographic": null, "2020": 28, "2024": 28, "2029": null, "% OF TOTAL": null, "% OF TOTAL.1": null, "% OF TOTAL.2": null}, "Employment Status: Civilian labor force employed": {"Demographic": null, "2020": 684, "2024": 676, "2029": null, "% OF TOTAL": null, "% OF TOTAL.1": null, "% OF TOTAL.2": null}, "Employment Status: Civilian labor force unemployed": {"Demographic": null, "2020": 34, "2024": 34, "2029": null, "% OF TOTAL": null, "% OF TOTAL.1": null, "% OF TOTAL.2": null}, "Employment Status: Not in labor force": {"Demographic": null, "2020": 574, "2024": 567, "2029": null, "% OF TOTAL": null, "% OF TOTAL.1": null, "% OF TOTAL.2": null}, "Employed in Agriculture and Mining Industries": {"Demographic": null, "2020": 0, "2024": 0, "2029": null, "% OF TOTAL": null, "% OF TOTAL.1": null, "% OF TOTAL.2": null}, "Employed in Construction Industries": {"Demographic": null, "2020": 30, "2024": 30, "2029": null, "% OF TOTAL": null, "% OF TOTAL.1": null, "% OF TOTAL.2": null}, "Employed in Manufacturing Industries": {"Demographic": null, "2020": 179, "2024": 177, "2029": null, "% OF TOTAL": null, "% OF TOTAL.1": null, "% OF TOTAL.2": null}, "Employed in Wholesale Industries": {"Demographic": null, "2020": 0, "2024": 0, "2029": null, "% OF TOTAL": null, "% OF TOTAL.1": null, "% OF TOTAL.2": null}, "Employed in Retail Industries": {"Demographic": null, "2020": 72, "2024": 71, "2029": null, "% OF TOTAL": null, "% OF TOTAL.1": null, "% OF TOTAL.2": null}, "Employed in Transportation and Utilities Industries": {"Demographic": null, "2020": 23, "2024": 23, "2029": null, "% OF TOTAL": null, "% OF TOTAL.1": null, "% OF TOTAL.2": null}, "Employed in Information Industries": {"Demographic": null, "2020": 0, "2024": 0, "2029": null, "% OF TOTAL": null, "% OF TOTAL.1": null, "% OF TOTAL.2": null}, "Employed in Real-Estate Industries": {"Demographic": null, "2020": 29, "2024": 29, "2029": null, "% OF TOTAL": null, "% OF TOTAL.1": null, "% OF TOTAL.2": null}, "Employed in Professional Industries": {"Demographic": null, "2020": 0, "2024": 0, "2029": null, "% OF TOTAL": null, "% OF TOTAL.1": null, "% OF TOTAL.2": null}, "Employed in Health and Education Industries": {"Demographic": null, "2020": 207, "2024": 204, "2029": null, "% OF TOTAL": null, "% OF TOTAL.1": null, "% OF TOTAL.2": null}, "Employed in Art Industries": {"Demographic": null, "2020": 0, "2024": 0, "2029": null, "% OF TOTAL": null, "% OF TOTAL.1": null, "% OF TOTAL.2": null}, "Employed in Other Industries": {"Demographic": null, "2020": 99, "2024": 98, "2029": null, "% OF TOTAL": null, "% OF TOTAL.1": null, "% OF TOTAL.2": null}, "Employed in Public Administration Industries": {"Demographic": null, "2020": 45, "2024": 44, "2029": null, "% OF TOTAL": null, "% OF TOTAL.1": null, "% OF TOTAL.2": null}, "Occupation: Management": {"Demographic": null, "2020": 90, "2024": 89, "2029": null, "% OF TOTAL": null, "% OF TOTAL.1": null, "% OF TOTAL.2": null}, "Occupation: Business and financial operations": {"Demographic": null, "2020": 5, "2024": 5, "2029": null, "% OF TOTAL": null, "% OF TOTAL.1": null, "% OF TOTAL.2": null}, "Occupation: Computer and mathematical": {"Demographic": null, "2020": 0, "2024": 0, "2029": null, "% OF TOTAL": null, "% OF TOTAL.1": null, "% OF TOTAL.2": null}, "Occupation: Architecture and engineering": {"Demographic": null, "2020": 0, "2024": 0, "2029": null, "% OF TOTAL": null, "% OF TOTAL.1": null, "% OF TOTAL.2": null}, "Occupation: Life, physical, and social science": {"Demographic": null, "2020": 9, "2024": 9, "2029": null, "% OF TOTAL": null, "% OF TOTAL.1": null, "% OF TOTAL.2": null}, "Occupation: Community and social service": {"Demographic": null, "2020": 5, "2024": 5, "2029": null, "% OF TOTAL": null, "% OF TOTAL.1": null, "% OF TOTAL.2": null}, "Occupation: Legal": {"Demographic": null, "2020": 0, "2024": 0, "2029": null, "% OF TOTAL": null, "% OF TOTAL.1": null, "% OF TOTAL.2": null}, "Occupation: Education, training, and library": {"Demographic": null, "2020": 32, "2024": 31, "2029": null, "% OF TOTAL": null, "% OF TOTAL.1": null, "% OF TOTAL.2": null}, "Occupation: Arts, design, entertainment, sports, and media": {"Demographic": null, "2020": 0, "2024": 0, "2029": null, "% OF TOTAL": null, "% OF TOTAL.1": null, "% OF TOTAL.2": null}, "Occupation: Health diagnosing and treating practitioners": {"Demographic": null, "2020": 0, "2024": 0, "2029": null, "% OF TOTAL": null, "% OF TOTAL.1": null, "% OF TOTAL.2": null}, "Occupation: Health technologists and technicians": {"Demographic": null, "2020": 27, "2024": 27, "2029": null, "% OF TOTAL": null, "% OF TOTAL.1": null, "% OF TOTAL.2": null}, "Occupation: Healthcare support": {"Demographic": null, "2020": 101, "2024": 100, "2029": null, "% OF TOTAL": null, "% OF TOTAL.1": null, "% OF TOTAL.2": null}, "Occupation: Fire fighting and prevention": {"Demographic": null, "2020": 34, "2024": 33, "2029": null, "% OF TOTAL": null, "% OF TOTAL.1": null, "% OF TOTAL.2": null}, "Occupation: Law enforcement workers": {"Demographic": null, "2020": 9, "2024": 9, "2029": null, "% OF TOTAL": null, "% OF TOTAL.1": null, "% OF TOTAL.2": null}, "Occupation: Food preparation and serving related": {"Demographic": null, "2020": 11, "2024": 11, "2029": null, "% OF TOTAL": null, "% OF TOTAL.1": null, "% OF TOTAL.2": null}, "Occupation: Building and grounds cleaning and maintenance": {"Demographic": null, "2020": 89, "2024": 88, "2029": null, "% OF TOTAL": null, "% OF TOTAL.1": null, "% OF TOTAL.2": null}, "Occupation: Personal care and service": {"Demographic": null, "2020": 0, "2024": 0, "2029": null, "% OF TOTAL": null, "% OF TOTAL.1": null, "% OF TOTAL.2": null}, "Occupation: Sales and related": {"Demographic": null, "2020": 62, "2024": 61, "2029": null, "% OF TOTAL": null, "% OF TOTAL.1": null, "% OF TOTAL.2": null}, "Occupation: Office and administrative support": {"Demographic": null, "2020": 13, "2024": 13, "2029": null, "% OF TOTAL": null, "% OF TOTAL.1": null, "% OF TOTAL.2": null}, "Occupation: Farming, fishing, and forestry": {"Demographic": null, "2020": 0, "2024": 0, "2029": null, "% OF TOTAL": null, "% OF TOTAL.1": null, "% OF TOTAL.2": null}, "Occupation: Construction and extraction": {"Demographic": null, "2020": 31, "2024": 31, "2029": null, "% OF TOTAL": null, "% OF TOTAL.1": null, "% OF TOTAL.2": null}, "Occupation: Installation, maintenance, and repair": {"Demographic": null, "2020": 0, "2024": 0, "2029": null, "% OF TOTAL": null, "% OF TOTAL.1": null, "% OF TOTAL.2": null}, "Occupation: Production": {"Demographic": null, "2020": 106, "2024": 105, "2029": null, "% OF TOTAL": null, "% OF TOTAL.1": null, "% OF TOTAL.2": null}, "Occupation: Transportation": {"Demographic": null, "2020": 60, "2024": 59, "2029": null, "% OF TOTAL": null, "% OF TOTAL.1": null, "% OF TOTAL.2": null}, "Occupation: Material moving": {"Demographic": null, "2020": 0, "2024": 0, "2029": null, "% OF TOTAL": null, "% OF TOTAL.1": null, "% OF TOTAL.2": null}, "White collar": {"Demographic": null, "2020": 243, "2024": 240, "2029": null, "% OF TOTAL": null, "% OF TOTAL.1": null, "% OF TOTAL.2": null}, "Blue collar": {"Demographic": null, "2020": 441, "2024": 436, "2029": null, "% OF TOTAL": null, "% OF TOTAL.1": null, "% OF TOTAL.2": null}, "Means of transportation: Car, truck or van": {"Demographic": null, "2020": 684, "2024": 676, "2029": null, "% OF TOTAL": null, "% OF TOTAL.1": null, "% OF TOTAL.2": null}, "Means of transportation: Public transportation": {"Demographic": null, "2020": 0, "2024": 0, "2029": null, "% OF TOTAL": null, "% OF TOTAL.1": null, "% OF TOTAL.2": null}, "Means of transportation: Other": {"Demographic": null, "2020": 28, "2024": 28, "2029": null, "% OF TOTAL": null, "% OF TOTAL.1": null, "% OF TOTAL.2": null}, "Travel time: Average (in minutes)": {"Demographic": null, "2020": 26, "2024": 26, "2029": null, "% OF TOTAL": null, "% OF TOTAL.1": null, "% OF TOTAL.2": null}, "Travel time to work: Less than 30 minutes": {"Demographic": null, "2020": 561, "2024": 554, "2029": null, "% OF TOTAL": null, "% OF TOTAL.1": null, "% OF TOTAL.2": null}, "Travel time to work: 30 to 60 minutes": {"Demographic": null, "2020": 101, "2024": 100, "2029": null, "% OF TOTAL": null, "% OF TOTAL.1": null, "% OF TOTAL.2": null}, "Travel time to work: 60 or more minutes": {"Demographic": null, "2020": 50, "2024": 50, "2029": null, "% OF TOTAL": null, "% OF TOTAL.1": null, "% OF TOTAL.2": null}}, "demographic_snapshot": {"Total Population": {"Demographic": null, "2020": 1705, "2024": 1675, "2029": 1643, "% OF TOTAL": null, "% OF TOTAL.1": null, "% OF TOTAL.2": null}, "Households": {"Demographic": null, "2020": 601, "2024": 597, "2029": 594, "% OF TOTAL": null, "% OF TOTAL.1": null, "% OF TOTAL.2": null}, "Population in Group Quarters": {"Demographic": null, "2020": 0, "2024": 0, "2029": 0, "% OF TOTAL": null, "% OF TOTAL.1": null, "% OF TOTAL.2": null}, "Households Growth": {"Demographic": null, "2020": null, "2024": -0.7, "2029": -0.5, "% OF TOTAL": null, "% OF TOTAL.1": null, "% OF TOTAL.2": null}, "Household Income: Median": {"Demographic": null, "2020": 0, "2024": 65186, "2029": 69114, "% OF TOTAL": null, "% OF TOTAL.1": null, "% OF TOTAL.2": null}, "Home Value: Median": {"Demographic": null, "2020": 104167, "2024": 103869, "2029": null, "% OF TOTAL": null, "% OF TOTAL.1": null, "% OF TOTAL.2": null}, "Population Growth": {"Demographic": null, "2020": null, "2024": -1.8, "2029": -1.9, "% OF TOTAL": null, "% OF TOTAL.1": null, "% OF TOTAL.2": null}, "Total Population: Under 19 years": {"Demographic": null, "2020": 485, "2024": 467, "2029": 429, "% OF TOTAL": 26.1, "% OF TOTAL.1": null, "% OF TOTAL.2": null}, "Total Population: 20 - 64 years": {"Demographic": null, "2020": 944, "2024": 915, "2029": 897, "% OF TOTAL": 54.6, "% OF TOTAL.1": null, "% OF TOTAL.2": null}, "Total Population: 65 years and over": {"Demographic": null, "2020": 276, "2024": 293, "2029": 317, "% OF TOTAL": 19.3, "% OF TOTAL.1": null, "% OF TOTAL.2": null}, "Total population: Median age": {"Demographic": null, "2020": 37, "2024": 37, "2029": 39, "% OF TOTAL": null, "% OF TOTAL.1": null, "% OF TOTAL.2": null}, "Total population: Under 5 years": {"Demographic": null, "2020": 108, "2024": 100, "2029": 94, "% OF TOTAL": 5.7, "% OF TOTAL.1": null, "% OF TOTAL.2": null}, "Total population: 5 - 9 years": {"Demographic": null, "2020": 102, "2024": 101, "2029": 94, "% OF TOTAL": 5.7, "% OF TOTAL.1": null, "% OF TOTAL.2": null}, "Total population: 10 - 14 years": {"Demographic": null, "2020": 151, "2024": 142, "2029": 122, "% OF TOTAL": 7.4, "% OF TOTAL.1": null, "% OF TOTAL.2": null}, "Total population: 15 - 19 years": {"Demographic": null, "2020": 124, "2024": 124, "2029": 119, "% OF TOTAL": 7.2, "% OF TOTAL.1": null, "% OF TOTAL.2": null}, "Total population: 20 - 24 years": {"Demographic": null, "2020": 99, "2024": 100, "2029": 105, "% OF TOTAL": 6.4, "% OF TOTAL.1": null, "% OF TOTAL.2": null}, "Total population: 25 - 29 years": {"Demographic": null, "2020": 116, "2024": 108, "2029": 103, "% OF TOTAL": 6.3, "% OF TOTAL.1": null, "% OF TOTAL.2": null}, "Total population: 30 - 34 years": {"Demographic": null, "2020": 105, "2024": 105, "2029": 100, "% OF TOTAL": 6.1, "% OF TOTAL.1": null, "% OF TOTAL.2": null}, "Total population: 35 - 39 years": {"Demographic": null, "2020": 105, "2024": 103, "2029": 103, "% OF TOTAL": 6.3, "% OF TOTAL.1": null, "% OF TOTAL.2": null}, "Total population: 40 - 44 years": {"Demographic": null, "2020": 107, "2024": 110, "2029": 106, "% OF TOTAL": 6.5, "% OF TOTAL.1": null, "% OF TOTAL.2": null}, "Total population: 45 - 49 years": {"Demographic": null, "2020": 92, "2024": 86, "2029": 96, "% OF TOTAL": 5.8, "% OF TOTAL.1": null, "% OF TOTAL.2": null}, "Total population: 50 - 54 years": {"Demographic": null, "2020": 115, "2024": 110, "2029": 99, "% OF TOTAL": 6.0, "% OF TOTAL.1": null, "% OF TOTAL.2": null}, "Total population: 55 - 59 years": {"Demographic": null, "2020": 111, "2024": 102, "2029": 99, "% OF TOTAL": 6.0, "% OF TOTAL.1": null, "% OF TOTAL.2": null}, "Total population: 60 - 64 years": {"Demographic": null, "2020": 94, "2024": 91, "2029": 86, "% OF TOTAL": 5.2, "% OF TOTAL.1": null, "% OF TOTAL.2": null}, "Total population: 65 - 69 years": {"Demographic": null, "2020": 82, "2024": 86, "2029": 84, "% OF TOTAL": 5.1, "% OF TOTAL.1": null, "% OF TOTAL.2": null}, "Total population: 70 - 74 years": {"Demographic": null, "2020": 94, "2024": 94, "2029": 94, "% OF TOTAL": 5.7, "% OF TOTAL.1": null, "% OF TOTAL.2": null}, "Total population: 75 - 79 years": {"Demographic": null, "2020": 56, "2024": 63, "2029": 73, "% OF TOTAL": 4.4, "% OF TOTAL.1": null, "% OF TOTAL.2": null}, "Total population: 80 - 84 years": {"Demographic": null, "2020": 18, "2024": 21, "2029": 36, "% OF TOTAL": 2.2, "% OF TOTAL.1": null, "% OF TOTAL.2": null}, "Total population: 85 years and over": {"Demographic": null, "2020": 26, "2024": 29, "2029": 30, "% OF TOTAL": 1.8, "% OF TOTAL.1": null, "% OF TOTAL.2": null}, "Householders Age 15-24": {"Demographic": null, "2020": 14, "2024": 14, "2029": 14, "% OF TOTAL": 2.4, "% OF TOTAL.1": null, "% OF TOTAL.2": null}, "Householders Age 25-34": {"Demographic": null, "2020": 85, "2024": 85, "2029": 81, "% OF TOTAL": 13.6, "% OF TOTAL.1": null, "% OF TOTAL.2": null}, "Householders Age 35-44": {"Demographic": null, "2020": 103, "2024": 101, "2029": 98, "% OF TOTAL": 16.5, "% OF TOTAL.1": null, "% OF TOTAL.2": null}, "Householders Age 45-54": {"Demographic": null, "2020": 133, "2024": 132, "2029": 130, "% OF TOTAL": 21.9, "% OF TOTAL.1": null, "% OF TOTAL.2": null}, "Householders Age 55-64": {"Demographic": null, "2020": 98, "2024": 98, "2029": 93, "% OF TOTAL": 15.7, "% OF TOTAL.1": null, "% OF TOTAL.2": null}, "Householders Age 65-74": {"Demographic": null, "2020": 108, "2024": 107, "2029": 105, "% OF TOTAL": 17.7, "% OF TOTAL.1": null, "% OF TOTAL.2": null}, "Householders Age 75+": {"Demographic": null, "2020": 60, "2024": 60, "2029": 73, "% OF TOTAL": 12.3, "% OF TOTAL.1": null, "% OF TOTAL.2": null}, "Household income: Average": {"Demographic": null, "2020": 65545, "2024": 67475, "2029": 70105, "% OF TOTAL": null, "% OF TOTAL.1": null, "% OF TOTAL.2": null}, "Household income: Less than 25k": {"Demographic": null, "2020": 100, "2024": 86, "2029": 105, "% OF TOTAL": 17.7, "% OF TOTAL.1": null, "% OF TOTAL.2": null}, "Household income: 25k - 50k": {"Demographic": null, "2020": 181, "2024": 175, "2029": 139, "% OF TOTAL": 23.4, "% OF TOTAL.1": null, "% OF TOTAL.2": null}, "Household income: 50k - 75k": {"Demographic": null, "2020": 88, "2024": 99, "2029": 84, "% OF TOTAL": 14.1, "% OF TOTAL.1": null, "% OF TOTAL.2": null}, "Household income: 75k - 100k": {"Demographic": null, "2020": 120, "2024": 116, "2029": 122, "% OF TOTAL": 20.5, "% OF TOTAL.1": null, "% OF TOTAL.2": null}, "Household income: 100k - 125k": {"Demographic": null, "2020": 56, "2024": 66, "2029": 68, "% OF TOTAL": 11.4, "% OF TOTAL.1": null, "% OF TOTAL.2": null}, "Household income: 125k - 150k": {"Demographic": null, "2020": 56, "2024": 55, "2029": 76, "% OF TOTAL": 12.8, "% OF TOTAL.1": null, "% OF TOTAL.2": null}, "Household income: 150k - 200k": {"Demographic": null, "2020": 0, "2024": 0, "2029": 0, "% OF TOTAL": 0.0, "% OF TOTAL.1": null, "% OF TOTAL.2": null}, "Household income: Above 200k": {"Demographic": null, "2020": 0, "2024": 0, "2029": 0, "% OF TOTAL": 0.0, "% OF TOTAL.1": null, "% OF TOTAL.2": null}, "White Alone": {"Demographic": null, "2020": 1443, "2024": 1404, "2029": 1375, "% OF TOTAL": 83.7, "% OF TOTAL.1": null, "% OF TOTAL.2": null}, "Black or African American Alone": {"Demographic": null, "2020": 132, "2024": 131, "2029": 130, "% OF TOTAL": 7.9, "% OF TOTAL.1": null, "% OF TOTAL.2": null}, "American Indian and Alaska Native Alone": {"Demographic": null, "2020": 16, "2024": 18, "2029": 18, "% OF TOTAL": 1.1, "% OF TOTAL.1": null, "% OF TOTAL.2": null}, "Asian Alone": {"Demographic": null, "2020": 18, "2024": 18, "2029": 18, "% OF TOTAL": 1.1, "% OF TOTAL.1": null, "% OF TOTAL.2": null}, "Native Hawaiian and OPI Alone": {"Demographic": null, "2020": 0, "2024": 0, "2029": 0, "% OF TOTAL": 0.0, "% OF TOTAL.1": null, "% OF TOTAL.2": null}, "Some Other Race Alone": {"Demographic": null, "2020": 16, "2024": 16, "2029": 16, "% OF TOTAL": 1.0, "% OF TOTAL.1": null, "% OF TOTAL.2": null}, "Two or More Races Alone": {"Demographic": null, "2020": 80, "2024": 88, "2029": 86, "% OF TOTAL": 5.2, "% OF TOTAL.1": null, "% OF TOTAL.2": null}, "Not Hispanic or Latino": {"Demographic": null, "2020": 1676, "2024": 1644, "2029": 1612, "% OF TOTAL": 98.1, "% OF TOTAL.1": null, "% OF TOTAL.2": null}, "Hispanic or Latino": {"Demographic": null, "2020": 29, "2024": 31, "2029": 31, "% OF TOTAL": 1.9, "% OF TOTAL.1": null, "% OF TOTAL.2": null}, "Total Housing Units": {"Demographic": null, "2020": 658, "2024": null, "2029": null, "% OF TOTAL": null, "% OF TOTAL.1": null, "% OF TOTAL.2": null}, "Owner Occupied Housing Units": {"Demographic": null, "2020": 512, "2024": 509, "2029": null, "% OF TOTAL": null, "% OF TOTAL.1": null, "% OF TOTAL.2": null}, "Renter Occupied Housing Units": {"Demographic": null, "2020": 89, "2024": 88, "2029": null, "% OF TOTAL": null, "% OF TOTAL.1": null, "% OF TOTAL.2": null}, "Housing Units Value Less Than 100k": {"Demographic": null, "2020": 249, "2024": 248, "2029": null, "% OF TOTAL": null, "% OF TOTAL.1": null, "% OF TOTAL.2": null}, "Housing Units Value 100k - 200k": {"Demographic": null, "2020": 174, "2024": 173, "2029": null, "% OF TOTAL": null, "% OF TOTAL.1": null, "% OF TOTAL.2": null}, "Housing Units Value 200k - 250k": {"Demographic": null, "2020": 25, "2024": 25, "2029": null, "% OF TOTAL": null, "% OF TOTAL.1": null, "% OF TOTAL.2": null}, "Housing Units Value 250k - 300k": {"Demographic": null, "2020": 0, "2024": 0, "2029": null, "% OF TOTAL": null, "% OF TOTAL.1": null, "% OF TOTAL.2": null}, "Housing Units Value 300k - 400k": {"Demographic": null, "2020": 64, "2024": 63, "2029": null, "% OF TOTAL": null, "% OF TOTAL.1": null, "% OF TOTAL.2": null}, "Housing Units Value 400k - 500k": {"Demographic": null, "2020": 0, "2024": 0, "2029": null, "% OF TOTAL": null, "% OF TOTAL.1": null, "% OF TOTAL.2": null}, "Housing Units Value 500k - 750k": {"Demographic": null, "2020": 0, "2024": 0, "2029": null, "% OF TOTAL": null, "% OF TOTAL.1": null, "% OF TOTAL.2": null}, "Housing Units Value 750k - 1m": {"Demographic": null, "2020": 0, "2024": 0, "2029": null, "% OF TOTAL": null, "% OF TOTAL.1": null, "% OF TOTAL.2": null}, "Housing Units Value 1m - 1.5m": {"Demographic": null, "2020": 0, "2024": 0, "2029": null, "% OF TOTAL": null, "% OF TOTAL.1": null, "% OF TOTAL.2": null}, "Housing Units Value 1.5m - 2m": {"Demographic": null, "2020": 0, "2024": 0, "2029": null, "% OF TOTAL": null, "% OF TOTAL.1": null, "% OF TOTAL.2": null}, "Housing Units Value >2m": {"Demographic": null, "2020": 0, "2024": 0, "2029": null, "% OF TOTAL": null, "% OF TOTAL.1": null, "% OF TOTAL.2": null}, "Take Car or Truck to Work": {"Demographic": null, "2020": 684, "2024": 676, "2029": null, "% OF TOTAL": null, "% OF TOTAL.1": null, "% OF TOTAL.2": null}, "Take Public Transportation to Work": {"Demographic": null, "2020": 0, "2024": 0, "2029": null, "% OF TOTAL": null, "% OF TOTAL.1": null, "% OF TOTAL.2": null}, "Take Other Means of Transportation to Work": {"Demographic": null, "2020": 28, "2024": 28, "2029": null, "% OF TOTAL": null, "% OF TOTAL.1": null, "% OF TOTAL.2": null}, "Average Travel Time (min)": {"Demographic": null, "2020": 27, "2024": 27, "2029": null, "% OF TOTAL": null, "% OF TOTAL.1": null, "% OF TOTAL.2": null}, "Travel Below 30 Min to Work": {"Demographic": null, "2020": 561, "2024": 554, "2029": null, "% OF TOTAL": null, "% OF TOTAL.1": null, "% OF TOTAL.2": null}, "Travel 30-60 Min to Work": {"Demographic": null, "2020": 101, "2024": 100, "2029": null, "% OF TOTAL": null, "% OF TOTAL.1": null, "% OF TOTAL.2": null}, "Travel Above 60 Min to Work": {"Demographic": null, "2020": 76, "2024": 50, "2029": null, "% OF TOTAL": null, "% OF TOTAL.1": null, "% OF TOTAL.2": null}, "Educational Attainment: No High School Diploma": {"Demographic": null, "2020": 607, "2024": 600, "2029": null, "% OF TOTAL": null, "% OF TOTAL.1": null, "% OF TOTAL.2": null}, "Educational Attainment: High School Diploma": {"Demographic": null, "2020": 509, "2024": 503, "2029": null, "% OF TOTAL": null, "% OF TOTAL.1": null, "% OF TOTAL.2": null}, "Educational Attainment: Some College": {"Demographic": null, "2020": 514, "2024": 508, "2029": null, "% OF TOTAL": null, "% OF TOTAL.1": null, "% OF TOTAL.2": null}, "Educational Attainment: Associate's Degree": {"Demographic": null, "2020": 36, "2024": 36, "2029": null, "% OF TOTAL": null, "% OF TOTAL.1": null, "% OF TOTAL.2": null}, "Educational Attainment: Bachelors Degree": {"Demographic": null, "2020": 112, "2024": 111, "2029": null, "% OF TOTAL": null, "% OF TOTAL.1": null, "% OF TOTAL.2": null}, "Educational Attainment: Advanced Degree": {"Demographic": null, "2020": 0, "2024": 0, "2029": null, "% OF TOTAL": null, "% OF TOTAL.1": null, "% OF TOTAL.2": null}, "Households: Number of vehicles available - Average": {"Demographic": null, "2020": 1, "2024": 1, "2029": null, "% OF TOTAL": null, "% OF TOTAL.1": null, "% OF TOTAL.2": null}, "Households: No Vehicle available": {"Demographic": null, "2020": 0, "2024": 0, "2029": null, "% OF TOTAL": null, "% OF TOTAL.1": null, "% OF TOTAL.2": null}, "Households: 1 Vehicle available": {"Demographic": null, "2020": 185, "2024": 183, "2029": null, "% OF TOTAL": null, "% OF TOTAL.1": null, "% OF TOTAL.2": null}, "Households: 2 Vehicles available": {"Demographic": null, "2020": 382, "2024": 380, "2029": null, "% OF TOTAL": null, "% OF TOTAL.1": null, "% OF TOTAL.2": null}, "Households: 3 Vehicles available": {"Demographic": null, "2020": 9, "2024": 9, "2029": null, "% OF TOTAL": null, "% OF TOTAL.1": null, "% OF TOTAL.2": null}, "Households: 4 or more Vehicles available": {"Demographic": null, "2020": 25, "2024": 25, "2029": null, "% OF TOTAL": null, "% OF TOTAL.1": null, "% OF TOTAL.2": null}}, "household_trends": {"Households": {"Demographic": null, "2020": 601, "2024": 597, "2029": 594, "% OF TOTAL": null, "% OF TOTAL.1": null, "% OF TOTAL.2": null}, "Households Growth": {"Demographic": null, "2020": null, "2024": -0.7, "2029": -0.5, "% OF TOTAL": null, "% OF TOTAL.1": null, "% OF TOTAL.2": null}, "Householder Age 15-24": {"Demographic": null, "2020": 14, "2024": 14, "2029": 14, "% OF TOTAL": 2.4, "% OF TOTAL.1": null, "% OF TOTAL.2": null}, "Householder Age 25-34": {"Demographic": null, "2020": 85, "2024": 85, "2029": 81, "% OF TOTAL": 13.6, "% OF TOTAL.1": null, "% OF TOTAL.2": null}, "Householder Age 35-44": {"Demographic": null, "2020": 103, "2024": 101, "2029": 98, "% OF TOTAL": 16.5, "% OF TOTAL.1": null, "% OF TOTAL.2": null}, "Householder Age 45-54": {"Demographic": null, "2020": 133, "2024": 132, "2029": 130, "% OF TOTAL": 21.9, "% OF TOTAL.1": null, "% OF TOTAL.2": null}, "Householder Age 55-64": {"Demographic": null, "2020": 98, "2024": 98, "2029": 93, "% OF TOTAL": 15.7, "% OF TOTAL.1": null, "% OF TOTAL.2": null}, "Householder Age 65-74": {"Demographic": null, "2020": 108, "2024": 107, "2029": 105, "% OF TOTAL": 17.7, "% OF TOTAL.1": null, "% OF TOTAL.2": null}, "Householder Age 75+": {"Demographic": null, "2020": 60, "2024": 60, "2029": 73, "% OF TOTAL": 12.3, "% OF TOTAL.1": null, "% OF TOTAL.2": null}, "Average Household Size": {"Demographic": null, "2020": 2.8, "2024": 2.8, "2029": 2.8, "% OF TOTAL": null, "% OF TOTAL.1": null, "% OF TOTAL.2": null}, "1 Person Households": {"Demographic": null, "2020": 126, "2024": 120, "2029": 123, "% OF TOTAL": 20.7, "% OF TOTAL.1": null, "% OF TOTAL.2": null}, "2 Person Households": {"Demographic": null, "2020": 199, "2024": 193, "2029": 196, "% OF TOTAL": 33.0, "% OF TOTAL.1": null, "% OF TOTAL.2": null}, "3 Person Households": {"Demographic": null, "2020": 99, "2024": 97, "2029": 99, "% OF TOTAL": 16.7, "% OF TOTAL.1": null, "% OF TOTAL.2": null}, "4 Person Households": {"Demographic": null, "2020": 100, "2024": 105, "2029": 99, "% OF TOTAL": 16.7, "% OF TOTAL.1": null, "% OF TOTAL.2": null}, "5 Person Households": {"Demographic": null, "2020": 47, "2024": 50, "2029": 47, "% OF TOTAL": 7.9, "% OF TOTAL.1": null, "% OF TOTAL.2": null}, "6 Person Households": {"Demographic": null, "2020": 13, "2024": 14, "2029": 13, "% OF TOTAL": 2.2, "% OF TOTAL.1": null, "% OF TOTAL.2": null}, "7+ Person Households": {"Demographic": null, "2020": 17, "2024": 18, "2029": 17, "% OF TOTAL": 2.9, "% OF TOTAL.1": null, "% OF TOTAL.2": null}, "Household Type: Family": {"Demographic": null, "2020": 447, "2024": 444, "2029": null, "% OF TOTAL": null, "% OF TOTAL.1": null, "% OF TOTAL.2": null}, "Household Type: Married Family": {"Demographic": null, "2020": 317, "2024": 314, "2029": null, "% OF TOTAL": null, "% OF TOTAL.1": null, "% OF TOTAL.2": null}, "Household Type: Married Family With Children": {"Demographic": null, "2020": 106, "2024": 105, "2029": null, "% OF TOTAL": null, "% OF TOTAL.1": null, "% OF TOTAL.2": null}, "Household Type: Married Family Without Children": {"Demographic": null, "2020": 211, "2024": 209, "2029": null, "% OF TOTAL": null, "% OF TOTAL.1": null, "% OF TOTAL.2": null}, "Household Type: Other Family": {"Demographic": null, "2020": 130, "2024": 130, "2029": null, "% OF TOTAL": null, "% OF TOTAL.1": null, "% OF TOTAL.2": null}, "Household Type: Male Households, No Wife": {"Demographic": null, "2020": 41, "2024": 41, "2029": null, "% OF TOTAL": null, "% OF TOTAL.1": null, "% OF TOTAL.2": null}, "Household Type: Male Households, No Wife With Children": {"Demographic": null, "2020": 16, "2024": 16, "2029": null, "% OF TOTAL": null, "% OF TOTAL.1": null, "% OF TOTAL.2": null}, "Household Type: Male Households, No Wife Without Children": {"Demographic": null, "2020": 25, "2024": 25, "2029": null, "% OF TOTAL": null, "% OF TOTAL.1": null, "% OF TOTAL.2": null}, "Household Type: Female Households, No Husband": {"Demographic": null, "2020": 89, "2024": 89, "2029": null, "% OF TOTAL": null, "% OF TOTAL.1": null, "% OF TOTAL.2": null}, "Household Type: Female Households, No Husband With Children": {"Demographic": null, "2020": 36, "2024": 36, "2029": null, "% OF TOTAL": null, "% OF TOTAL.1": null, "% OF TOTAL.2": null}, "Household Type: Female Households, No Husband Without Children": {"Demographic": null, "2020": 53, "2024": 53, "2029": null, "% OF TOTAL": null, "% OF TOTAL.1": null, "% OF TOTAL.2": null}, "Household Income: Average": {"Demographic": null, "2020": 65545, "2024": 67475, "2029": 70105, "% OF TOTAL": null, "% OF TOTAL.1": null, "% OF TOTAL.2": null}, "Household Income: Median": {"Demographic": null, "2020": 0, "2024": 65186, "2029": 69114, "% OF TOTAL": null, "% OF TOTAL.1": null, "% OF TOTAL.2": null}, "Household Income: Less than $25k": {"Demographic": null, "2020": 100, "2024": 86, "2029": 105, "% OF TOTAL": 17.7, "% OF TOTAL.1": null, "% OF TOTAL.2": null}, "Household Income: $25k - $50k": {"Demographic": null, "2020": 181, "2024": 175, "2029": 139, "% OF TOTAL": 23.4, "% OF TOTAL.1": null, "% OF TOTAL.2": null}, "Household Income: $50k - $75k": {"Demographic": null, "2020": 88, "2024": 99, "2029": 84, "% OF TOTAL": 14.1, "% OF TOTAL.1": null, "% OF TOTAL.2": null}, "Household Income: $75k - $100k": {"Demographic": null, "2020": 120, "2024": 116, "2029": 122, "% OF TOTAL": 20.5, "% OF TOTAL.1": null, "% OF TOTAL.2": null}, "Household Income: $100k - $125k": {"Demographic": null, "2020": 56, "2024": 66, "2029": 68, "% OF TOTAL": 11.4, "% OF TOTAL.1": null, "% OF TOTAL.2": null}, "Household Income: $125k - $150k": {"Demographic": null, "2020": 56, "2024": 55, "2029": 76, "% OF TOTAL": 12.8, "% OF TOTAL.1": null, "% OF TOTAL.2": null}, "Household Income: $150k - $200k": {"Demographic": null, "2020": 0, "2024": 0, "2029": 0, "% OF TOTAL": 0.0, "% OF TOTAL.1": null, "% OF TOTAL.2": null}, "Household Income: Above $200k": {"Demographic": null, "2020": 0, "2024": 0, "2029": 0, "% OF TOTAL": 0.0, "% OF TOTAL.1": null, "% OF TOTAL.2": null}, "Total Housing Units": {"Demographic": null, "2020": 658, "2024": null, "2029": null, "% OF TOTAL": null, "% OF TOTAL.1": null, "% OF TOTAL.2": null}, "Owner Occupied Housing Units": {"Demographic": null, "2020": 512, "2024": 509, "2029": null, "% OF TOTAL": null, "% OF TOTAL.1": null, "% OF TOTAL.2": null}, "Renter Occupied Housing Units": {"Demographic": null, "2020": 89, "2024": 88, "2029": null, "% OF TOTAL": null, "% OF TOTAL.1": null, "% OF TOTAL.2": null}, "Vacant Housing Units": {"Demographic": null, "2020": 57, "2024": null, "2029": null, "% OF TOTAL": null, "% OF TOTAL.1": null, "% OF TOTAL.2": null}, "Vacant Housing Units: Seasonal": {"Demographic": null, "2020": 5, "2024": null, "2029": null, "% OF TOTAL": null, "% OF TOTAL.1": null, "% OF TOTAL.2": null}, "Vacant Housing Units: Other Usage": {"Demographic": null, "2020": 52, "2024": null, "2029": null, "% OF TOTAL": null, "% OF TOTAL.1": null, "% OF TOTAL.2": null}, "Average Housing Unit Value": {"Demographic": null, "2020": 145479, "2024": 145113, "2029": null, "% OF TOTAL": null, "% OF TOTAL.1": null, "% OF TOTAL.2": null}, "Median Housing Unit Value": {"Demographic": null, "2020": 104167, "2024": 103869, "2029": null, "% OF TOTAL": null, "% OF TOTAL.1": null, "% OF TOTAL.2": null}, "Housing Unit Value Less Than $100k": {"Demographic": null, "2020": 249, "2024": 248, "2029": null, "% OF TOTAL": null, "% OF TOTAL.1": null, "% OF TOTAL.2": null}, "Housing Unit Value $100k-$200k": {"Demographic": null, "2020": 174, "2024": 173, "2029": null, "% OF TOTAL": null, "% OF TOTAL.1": null, "% OF TOTAL.2": null}, "Housing Unit Value $200k-$250k": {"Demographic": null, "2020": 25, "2024": 25, "2029": null, "% OF TOTAL": null, "% OF TOTAL.1": null, "% OF TOTAL.2": null}, "Housing Unit Value $250k-$300k": {"Demographic": null, "2020": 0, "2024": 0, "2029": null, "% OF TOTAL": null, "% OF TOTAL.1": null, "% OF TOTAL.2": null}, "Housing Unit Value $300k-$400k": {"Demographic": null, "2020": 64, "2024": 63, "2029": null, "% OF TOTAL": null, "% OF TOTAL.1": null, "% OF TOTAL.2": null}, "Housing Unit Value $400k-$500k": {"Demographic": null, "2020": 0, "2024": 0, "2029": null, "% OF TOTAL": null, "% OF TOTAL.1": null, "% OF TOTAL.2": null}, "Housing Unit Value $500k-$750k": {"Demographic": null, "2020": 0, "2024": 0, "2029": null, "% OF TOTAL": null, "% OF TOTAL.1": null, "% OF TOTAL.2": null}, "Housing Unit Value $750k-$1m": {"Demographic": null, "2020": 0, "2024": 0, "2029": null, "% OF TOTAL": null, "% OF TOTAL.1": null, "% OF TOTAL.2": null}, "Housing Unit Value $1m-$1.5m": {"Demographic": null, "2020": 0, "2024": 0, "2029": null, "% OF TOTAL": null, "% OF TOTAL.1": null, "% OF TOTAL.2": null}, "Housing Unit Value $1.5m-$2m": {"Demographic": null, "2020": 0, "2024": 0, "2029": null, "% OF TOTAL": null, "% OF TOTAL.1": null, "% OF TOTAL.2": null}, "Housing Unit Value Above $2m": {"Demographic": null, "2020": 0, "2024": 0, "2029": null, "% OF TOTAL": null, "% OF TOTAL.1": null, "% OF TOTAL.2": null}, "Median Housing Unit Year Built": {"Demographic": null, "2020": 1989, "2024": 1989, "2029": null, "% OF TOTAL": null, "% OF TOTAL.1": null, "% OF TOTAL.2": null}, "Housing Units Built 2014 Or After": {"Demographic": null, "2020": 38, "2024": 38, "2029": null, "% OF TOTAL": null, "% OF TOTAL.1": null, "% OF TOTAL.2": null}, "Housing Units Built 2010-2013": {"Demographic": null, "2020": 0, "2024": 0, "2029": null, "% OF TOTAL": null, "% OF TOTAL.1": null, "% OF TOTAL.2": null}, "Housing Units Built 2000-2009": {"Demographic": null, "2020": 173, "2024": 172, "2029": null, "% OF TOTAL": null, "% OF TOTAL.1": null, "% OF TOTAL.2": null}, "Housing Units Built 1990-1999": {"Demographic": null, "2020": 76, "2024": 75, "2029": null, "% OF TOTAL": null, "% OF TOTAL.1": null, "% OF TOTAL.2": null}, "Housing Units Built 1980-1989": {"Demographic": null, "2020": 120, "2024": 119, "2029": null, "% OF TOTAL": null, "% OF TOTAL.1": null, "% OF TOTAL.2": null}, "Housing Units Built 1970-1979": {"Demographic": null, "2020": 92, "2024": 91, "2029": null, "% OF TOTAL": null, "% OF TOTAL.1": null, "% OF TOTAL.2": null}, "Housing Units Built 1960-1969": {"Demographic": null, "2020": 38, "2024": 38, "2029": null, "% OF TOTAL": null, "% OF TOTAL.1": null, "% OF TOTAL.2": null}, "Housing Units Built 1950-1959": {"Demographic": null, "2020": 64, "2024": 64, "2029": null, "% OF TOTAL": null, "% OF TOTAL.1": null, "% OF TOTAL.2": null}, "Housing Units Built 1940-1949": {"Demographic": null, "2020": 0, "2024": 0, "2029": null, "% OF TOTAL": null, "% OF TOTAL.1": null, "% OF TOTAL.2": null}, "Housing Units Built Before 1940": {"Demographic": null, "2020": 0, "2024": 0, "2029": null, "% OF TOTAL": null, "% OF TOTAL.1": null, "% OF TOTAL.2": null}}}, "geometry": {"type": "Polygon", "coordinates": [[[-88.363514, 30.382612], [-88.363917, 30.41165], [-88.330415, 30.411995], [-88.330021, 30.382957], [-88.363514, 30.382612]]]}}, {"type": "Feature", "properties": {"block": "045", "block_num": 45, "CentroidLon": -88.31346901184205, "CentroidLat": 30.39764521959999, "data_status": "no data", "is_anomalous": false, "anomaly_reason": null, "files_present": ""}, "geometry": {"type": "Polygon", "coordinates": [[[-88.330021, 30.382957], [-88.330415, 30.411995], [-88.296912, 30.412332], [-88.296528, 30.383294], [-88.330021, 30.382957]]]}}, {"type": "Feature", "properties": {"block": "046", "block_num": 46, "CentroidLon": -88.27997092319595, "CentroidLat": 30.397977974247592, "data_status": "no data", "is_anomalous": false, "anomaly_reason": null, "files_present": ""}, "geometry": {"type": "Polygon", "coordinates": [[[-88.296528, 30.383294], [-88.296912, 30.412332], [-88.263409, 30.412661], [-88.263035, 30.383622], [-88.296528, 30.383294]]]}}, {"type": "Feature", "properties": {"block": "047", "block_num": 47, "CentroidLon": -88.24647251672333, "CentroidLat": 30.398302221650663, "data_status": "usable", "is_anomalous": false, "anomaly_reason": null, "files_present": "DemographicSnapshot-26.08.06.csv;PopulationTrends-26.08.06.csv;HouseholdTrends-26.08.06.csv;HouseholdIncomeByAge-26.08.06.csv;ConsumerSegmentation-26.08.06.csv", "population_2024": 905, "population_2029": 851, "households_2024": 350, "households_2029": 334, "median_household_income_2024": 33065, "median_household_income_2029": 34787, "mean_household_income_2024": null, "mean_household_income_2029": null, "median_age_2024": 42, "median_age_2029": 43, "median_home_value_2024": 80714, "average_household_size_2024": 2.6, "average_household_size_2029": 2.6, "population_growth_2024_2029": -7.0, "households_growth_2024_2029": -5.9, "consumer_segments": {"Entry Level Suburban": {"households": 129, "pct": 34.8}, "Renters": {"households": 50, "pct": 13.5}, "Active Adult Entry Level": {"households": 39, "pct": 10.5}, "Renters Near Term Buyers": {"households": 35, "pct": 9.4}, "Active Adult Elite": {"households": 24, "pct": 6.5}, "Simple Life Affluent No Children": {"households": 22, "pct": 5.9}, "Elite": {"households": 14, "pct": 3.8}, "Feature and Location": {"households": 13, "pct": 3.5}, "Active Adult Feature and Location": {"households": 11, "pct": 3.0}, "Family Life School Age Children": {"households": 10, "pct": 2.7}, "Simple Life Moderate Income No Children": {"households": 10, "pct": 2.7}, "Family Life Young Children": {"households": 8, "pct": 2.2}, "Simple Life Moderate Income With Children": {"households": 6, "pct": 1.6}, "Entry Level Urban": {"households": 0, "pct": 0.0}}, "income_age": {"2020": {}, "2024": {}, "2029": {}}, "population_trends": {"Total Population": {"Demographic": null, "2020": 973, "2024": 905, "2029": 851, "% OF TOTAL": null, "% OF TOTAL.1": null, "% OF TOTAL.2": null}, "Population Growth": {"Demographic": null, "2020": null, "2024": -7.0, "2029": -6.0, "% OF TOTAL": null, "% OF TOTAL.1": null, "% OF TOTAL.2": null}, "Female Population": {"Demographic": null, "2020": 488, "2024": 455, "2029": 428, "% OF TOTAL": 50.3, "% OF TOTAL.1": null, "% OF TOTAL.2": null}, "Male Population": {"Demographic": null, "2020": 485, "2024": 450, "2029": 423, "% OF TOTAL": 49.7, "% OF TOTAL.1": null, "% OF TOTAL.2": null}, "Total population: Median Age": {"Demographic": null, "2020": 41, "2024": 42, "2029": 43, "% OF TOTAL": null, "% OF TOTAL.1": null, "% OF TOTAL.2": null}, "Total population: Under 5 years": {"Demographic": null, "2020": 56, "2024": 47, "2029": 43, "% OF TOTAL": 5.1, "% OF TOTAL.1": null, "% OF TOTAL.2": null}, "Total population: 5 - 9 years": {"Demographic": null, "2020": 51, "2024": 48, "2029": 44, "% OF TOTAL": 5.2, "% OF TOTAL.1": null, "% OF TOTAL.2": null}, "Total population: 10 - 14 years": {"Demographic": null, "2020": 88, "2024": 79, "2029": 62, "% OF TOTAL": 7.3, "% OF TOTAL.1": null, "% OF TOTAL.2": null}, "Total population: 15 - 19 years": {"Demographic": null, "2020": 55, "2024": 52, "2029": 56, "% OF TOTAL": 6.6, "% OF TOTAL.1": null, "% OF TOTAL.2": null}, "Total population: 20 - 24 years": {"Demographic": null, "2020": 54, "2024": 51, "2029": 48, "% OF TOTAL": 5.6, "% OF TOTAL.1": null, "% OF TOTAL.2": null}, "Total population: 25 - 29 years": {"Demographic": null, "2020": 44, "2024": 37, "2029": 37, "% OF TOTAL": 4.3, "% OF TOTAL.1": null, "% OF TOTAL.2": null}, "Total population: 30 - 34 years": {"Demographic": null, "2020": 57, "2024": 55, "2029": 43, "% OF TOTAL": 5.1, "% OF TOTAL.1": null, "% OF TOTAL.2": null}, "Total population: 35 - 39 years": {"Demographic": null, "2020": 55, "2024": 49, "2029": 48, "% OF TOTAL": 5.6, "% OF TOTAL.1": null, "% OF TOTAL.2": null}, "Total population: 40 - 44 years": {"Demographic": null, "2020": 73, "2024": 71, "2029": 62, "% OF TOTAL": 7.3, "% OF TOTAL.1": null, "% OF TOTAL.2": null}, "Total population: 45 - 49 years": {"Demographic": null, "2020": 64, "2024": 55, "2029": 58, "% OF TOTAL": 6.8, "% OF TOTAL.1": null, "% OF TOTAL.2": null}, "Total population: 50 - 54 years": {"Demographic": null, "2020": 56, "2024": 54, "2029": 50, "% OF TOTAL": 5.9, "% OF TOTAL.1": null, "% OF TOTAL.2": null}, "Total population: 55 - 59 years": {"Demographic": null, "2020": 65, "2024": 58, "2029": 54, "% OF TOTAL": 6.3, "% OF TOTAL.1": null, "% OF TOTAL.2": null}, "Total population: 60 - 64 years": {"Demographic": null, "2020": 113, "2024": 104, "2029": 79, "% OF TOTAL": 9.3, "% OF TOTAL.1": null, "% OF TOTAL.2": null}, "Total population: 65 - 69 years": {"Demographic": null, "2020": 49, "2024": 47, "2029": 60, "% OF TOTAL": 7.1, "% OF TOTAL.1": null, "% OF TOTAL.2": null}, "Total population: 70 - 74 years": {"Demographic": null, "2020": 41, "2024": 42, "2029": 42, "% OF TOTAL": 4.9, "% OF TOTAL.1": null, "% OF TOTAL.2": null}, "Total population: 75 - 79 years": {"Demographic": null, "2020": 21, "2024": 23, "2029": 29, "% OF TOTAL": 3.4, "% OF TOTAL.1": null, "% OF TOTAL.2": null}, "Total population: 80 - 84 years": {"Demographic": null, "2020": 17, "2024": 17, "2029": 19, "% OF TOTAL": 2.2, "% OF TOTAL.1": null, "% OF TOTAL.2": null}, "Total population: 85 years and over": {"Demographic": null, "2020": 14, "2024": 16, "2029": 17, "% OF TOTAL": 2.0, "% OF TOTAL.1": null, "% OF TOTAL.2": null}, "Female population: Median Age": {"Demographic": null, "2020": 41, "2024": 41, "2029": 43, "% OF TOTAL": null, "% OF TOTAL.1": null, "% OF TOTAL.2": null}, "Female population: Under 5 years": {"Demographic": null, "2020": 31, "2024": 25, "2029": 22, "% OF TOTAL": 5.1, "% OF TOTAL.1": null, "% OF TOTAL.2": null}, "Female population: 5 - 9 years": {"Demographic": null, "2020": 29, "2024": 27, "2029": 25, "% OF TOTAL": 5.8, "% OF TOTAL.1": null, "% OF TOTAL.2": null}, "Female population: 10 - 14 years": {"Demographic": null, "2020": 37, "2024": 33, "2029": 27, "% OF TOTAL": 6.3, "% OF TOTAL.1": null, "% OF TOTAL.2": null}, "Female population: 15 - 19 years": {"Demographic": null, "2020": 26, "2024": 24, "2029": 24, "% OF TOTAL": 5.6, "% OF TOTAL.1": null, "% OF TOTAL.2": null}, "Female population: 20 - 24 years": {"Demographic": null, "2020": 31, "2024": 30, "2029": 27, "% OF TOTAL": 6.3, "% OF TOTAL.1": null, "% OF TOTAL.2": null}, "Female population: 25 - 29 years": {"Demographic": null, "2020": 25, "2024": 22, "2029": 21, "% OF TOTAL": 4.9, "% OF TOTAL.1": null, "% OF TOTAL.2": null}, "Female population: 30 - 34 years": {"Demographic": null, "2020": 34, "2024": 34, "2029": 27, "% OF TOTAL": 6.3, "% OF TOTAL.1": null, "% OF TOTAL.2": null}, "Female population: 35 - 39 years": {"Demographic": null, "2020": 23, "2024": 21, "2029": 23, "% OF TOTAL": 5.4, "% OF TOTAL.1": null, "% OF TOTAL.2": null}, "Female population: 40 - 44 years": {"Demographic": null, "2020": 36, "2024": 35, "2029": 29, "% OF TOTAL": 6.8, "% OF TOTAL.1": null, "% OF TOTAL.2": null}, "Female population: 45 - 49 years": {"Demographic": null, "2020": 37, "2024": 33, "2029": 33, "% OF TOTAL": 7.7, "% OF TOTAL.1": null, "% OF TOTAL.2": null}, "Female population: 50 - 54 years": {"Demographic": null, "2020": 22, "2024": 22, "2029": 23, "% OF TOTAL": 5.4, "% OF TOTAL.1": null, "% OF TOTAL.2": null}, "Female population: 55 - 59 years": {"Demographic": null, "2020": 37, "2024": 33, "2029": 28, "% OF TOTAL": 6.5, "% OF TOTAL.1": null, "% OF TOTAL.2": null}, "Female population: 60 - 64 years": {"Demographic": null, "2020": 50, "2024": 45, "2029": 37, "% OF TOTAL": 8.6, "% OF TOTAL.1": null, "% OF TOTAL.2": null}, "Female population: 65 - 69 years": {"Demographic": null, "2020": 23, "2024": 22, "2029": 27, "% OF TOTAL": 6.3, "% OF TOTAL.1": null, "% OF TOTAL.2": null}, "Female population: 70 - 74 years": {"Demographic": null, "2020": 20, "2024": 20, "2029": 20, "% OF TOTAL": 4.7, "% OF TOTAL.1": null, "% OF TOTAL.2": null}, "Female population: 75 - 79 years": {"Demographic": null, "2020": 13, "2024": 14, "2029": 16, "% OF TOTAL": 3.7, "% OF TOTAL.1": null, "% OF TOTAL.2": null}, "Female population: 80 - 84 years": {"Demographic": null, "2020": 11, "2024": 12, "2029": 13, "% OF TOTAL": 3.0, "% OF TOTAL.1": null, "% OF TOTAL.2": null}, "Female population: 85 years and over": {"Demographic": null, "2020": 3, "2024": 3, "2029": 6, "% OF TOTAL": 1.4, "% OF TOTAL.1": null, "% OF TOTAL.2": null}, "Male population: Median Age": {"Demographic": null, "2020": 42, "2024": 43, "2029": 44, "% OF TOTAL": null, "% OF TOTAL.1": null, "% OF TOTAL.2": null}, "Male population: Under 5 years": {"Demographic": null, "2020": 25, "2024": 22, "2029": 21, "% OF TOTAL": 5.0, "% OF TOTAL.1": null, "% OF TOTAL.2": null}, "Male population: 5 - 9 years": {"Demographic": null, "2020": 22, "2024": 21, "2029": 19, "% OF TOTAL": 4.5, "% OF TOTAL.1": null, "% OF TOTAL.2": null}, "Male population: 10 - 14 years": {"Demographic": null, "2020": 51, "2024": 46, "2029": 35, "% OF TOTAL": 8.3, "% OF TOTAL.1": null, "% OF TOTAL.2": null}, "Male population: 15 - 19 years": {"Demographic": null, "2020": 29, "2024": 28, "2029": 32, "% OF TOTAL": 7.6, "% OF TOTAL.1": null, "% OF TOTAL.2": null}, "Male population: 20 - 24 years": {"Demographic": null, "2020": 23, "2024": 21, "2029": 21, "% OF TOTAL": 5.0, "% OF TOTAL.1": null, "% OF TOTAL.2": null}, "Male population: 25 - 29 years": {"Demographic": null, "2020": 19, "2024": 15, "2029": 16, "% OF TOTAL": 3.8, "% OF TOTAL.1": null, "% OF TOTAL.2": null}, "Male population: 30 - 34 years": {"Demographic": null, "2020": 23, "2024": 21, "2029": 16, "% OF TOTAL": 3.8, "% OF TOTAL.1": null, "% OF TOTAL.2": null}, "Male population: 35 - 39 years": {"Demographic": null, "2020": 32, "2024": 28, "2029": 25, "% OF TOTAL": 5.9, "% OF TOTAL.1": null, "% OF TOTAL.2": null}, "Male population: 40 - 44 years": {"Demographic": null, "2020": 37, "2024": 36, "2029": 33, "% OF TOTAL": 7.8, "% OF TOTAL.1": null, "% OF TOTAL.2": null}, "Male population: 45 - 49 years": {"Demographic": null, "2020": 27, "2024": 22, "2029": 25, "% OF TOTAL": 5.9, "% OF TOTAL.1": null, "% OF TOTAL.2": null}, "Male population: 50 - 54 years": {"Demographic": null, "2020": 34, "2024": 32, "2029": 27, "% OF TOTAL": 6.4, "% OF TOTAL.1": null, "% OF TOTAL.2": null}, "Male population: 55 - 59 years": {"Demographic": null, "2020": 28, "2024": 25, "2029": 26, "% OF TOTAL": 6.1, "% OF TOTAL.1": null, "% OF TOTAL.2": null}, "Male population: 60 - 64 years": {"Demographic": null, "2020": 63, "2024": 59, "2029": 42, "% OF TOTAL": 9.9, "% OF TOTAL.1": null, "% OF TOTAL.2": null}, "Male population: 65 - 69 years": {"Demographic": null, "2020": 26, "2024": 25, "2029": 33, "% OF TOTAL": 7.8, "% OF TOTAL.1": null, "% OF TOTAL.2": null}, "Male population: 70 - 74 years": {"Demographic": null, "2020": 21, "2024": 22, "2029": 22, "% OF TOTAL": 5.2, "% OF TOTAL.1": null, "% OF TOTAL.2": null}, "Male population: 75 - 79 years": {"Demographic": null, "2020": 8, "2024": 9, "2029": 13, "% OF TOTAL": 3.1, "% OF TOTAL.1": null, "% OF TOTAL.2": null}, "Male population: 80 - 84 years": {"Demographic": null, "2020": 6, "2024": 5, "2029": 6, "% OF TOTAL": 1.4, "% OF TOTAL.1": null, "% OF TOTAL.2": null}, "Male population: 85 years and over": {"Demographic": null, "2020": 11, "2024": 13, "2029": 11, "% OF TOTAL": 2.6, "% OF TOTAL.1": null, "% OF TOTAL.2": null}, "White alone": {"Demographic": null, "2020": 577, "2024": 525, "2029": 491, "% OF TOTAL": 57.7, "% OF TOTAL.1": null, "% OF TOTAL.2": null}, "Black alone": {"Demographic": null, "2020": 130, "2024": 121, "2029": 115, "% OF TOTAL": 13.5, "% OF TOTAL.1": null, "% OF TOTAL.2": null}, "American Indian and Alaska Native alone": {"Demographic": null, "2020": 7, "2024": 7, "2029": 7, "% OF TOTAL": 0.8, "% OF TOTAL.1": null, "% OF TOTAL.2": null}, "Asian alone": {"Demographic": null, "2020": 197, "2024": 188, "2029": 178, "% OF TOTAL": 20.9, "% OF TOTAL.1": null, "% OF TOTAL.2": null}, "Native Hawaiian and OPI alone": {"Demographic": null, "2020": 1, "2024": 1, "2029": 1, "% OF TOTAL": 0.1, "% OF TOTAL.1": null, "% OF TOTAL.2": null}, "Some other race alone": {"Demographic": null, "2020": 20, "2024": 20, "2029": 19, "% OF TOTAL": 2.2, "% OF TOTAL.1": null, "% OF TOTAL.2": null}, "Two or more races alone": {"Demographic": null, "2020": 41, "2024": 43, "2029": 40, "% OF TOTAL": 4.7, "% OF TOTAL.1": null, "% OF TOTAL.2": null}, "Not Hispanic: White alone": {"Demographic": null, "2020": 574, "2024": 522, "2029": 488, "% OF TOTAL": 57.3, "% OF TOTAL.1": null, "% OF TOTAL.2": null}, "Not Hispanic: Black or African American alone": {"Demographic": null, "2020": 128, "2024": 119, "2029": 113, "% OF TOTAL": 13.3, "% OF TOTAL.1": null, "% OF TOTAL.2": null}, "Not Hispanic: American Indian and Alaska Native alone": {"Demographic": null, "2020": 7, "2024": 7, "2029": 7, "% OF TOTAL": 0.8, "% OF TOTAL.1": null, "% OF TOTAL.2": null}, "Not Hispanic: Asian alone": {"Demographic": null, "2020": 194, "2024": 186, "2029": 177, "% OF TOTAL": 20.8, "% OF TOTAL.1": null, "% OF TOTAL.2": null}, "Not Hispanic: Native Hawaiian and OPI alone": {"Demographic": null, "2020": 0, "2024": 0, "2029": 0, "% OF TOTAL": 0.0, "% OF TOTAL.1": null, "% OF TOTAL.2": null}, "Not Hispanic: Some Other Race alone": {"Demographic": null, "2020": 2, "2024": 2, "2029": 2, "% OF TOTAL": 0.2, "% OF TOTAL.1": null, "% OF TOTAL.2": null}, "Not Hispanic: Two or More Races": {"Demographic": null, "2020": 28, "2024": 29, "2029": 27, "% OF TOTAL": 3.2, "% OF TOTAL.1": null, "% OF TOTAL.2": null}, "Hispanic: White alone": {"Demographic": null, "2020": 3, "2024": 3, "2029": 3, "% OF TOTAL": 0.4, "% OF TOTAL.1": null, "% OF TOTAL.2": null}, "Hispanic: Black or African American alone": {"Demographic": null, "2020": 2, "2024": 2, "2029": 2, "% OF TOTAL": 0.2, "% OF TOTAL.1": null, "% OF TOTAL.2": null}, "Hispanic: American Indian and Alaska Native alone": {"Demographic": null, "2020": 0, "2024": 0, "2029": 0, "% OF TOTAL": 0.0, "% OF TOTAL.1": null, "% OF TOTAL.2": null}, "Hispanic: Asian alone": {"Demographic": null, "2020": 3, "2024": 2, "2029": 1, "% OF TOTAL": 0.1, "% OF TOTAL.1": null, "% OF TOTAL.2": null}, "Hispanic: Native Hawaiian and OPI alone": {"Demographic": null, "2020": 1, "2024": 1, "2029": 1, "% OF TOTAL": 0.1, "% OF TOTAL.1": null, "% OF TOTAL.2": null}, "Hispanic: Some Other Race alone": {"Demographic": null, "2020": 18, "2024": 18, "2029": 17, "% OF TOTAL": 2.0, "% OF TOTAL.1": null, "% OF TOTAL.2": null}, "Hispanic: Two or More Races": {"Demographic": null, "2020": 13, "2024": 14, "2029": 13, "% OF TOTAL": 1.5, "% OF TOTAL.1": null, "% OF TOTAL.2": null}, "Educational Attainment: No High School Diploma": {"Demographic": null, "2020": 319, "2024": 300, "2029": null, "% OF TOTAL": null, "% OF TOTAL.1": null, "% OF TOTAL.2": null}, "Educational Attainment: High School Diploma": {"Demographic": null, "2020": 100, "2024": 94, "2029": null, "% OF TOTAL": null, "% OF TOTAL.1": null, "% OF TOTAL.2": null}, "Educational Attainment: Some College": {"Demographic": null, "2020": 71, "2024": 66, "2029": null, "% OF TOTAL": null, "% OF TOTAL.1": null, "% OF TOTAL.2": null}, "Educational Attainment: Associates Degree": {"Demographic": null, "2020": 95, "2024": 89, "2029": null, "% OF TOTAL": null, "% OF TOTAL.1": null, "% OF TOTAL.2": null}, "Educational Attainment: Bachelors Degree": {"Demographic": null, "2020": 84, "2024": 79, "2029": null, "% OF TOTAL": null, "% OF TOTAL.1": null, "% OF TOTAL.2": null}, "Educational Attainment: Advanced Degree": {"Demographic": null, "2020": 0, "2024": 0, "2029": null, "% OF TOTAL": null, "% OF TOTAL.1": null, "% OF TOTAL.2": null}, "Employment Status: Armed Forces": {"Demographic": null, "2020": 0, "2024": 0, "2029": null, "% OF TOTAL": null, "% OF TOTAL.1": null, "% OF TOTAL.2": null}, "Employment Status: Civilian labor force employed": {"Demographic": null, "2020": 284, "2024": 264, "2029": null, "% OF TOTAL": null, "% OF TOTAL.1": null, "% OF TOTAL.2": null}, "Employment Status: Civilian labor force unemployed": {"Demographic": null, "2020": 25, "2024": 24, "2029": null, "% OF TOTAL": null, "% OF TOTAL.1": null, "% OF TOTAL.2": null}, "Employment Status: Not in labor force": {"Demographic": null, "2020": 456, "2024": 425, "2029": null, "% OF TOTAL": null, "% OF TOTAL.1": null, "% OF TOTAL.2": null}, "Employed in Agriculture and Mining Industries": {"Demographic": null, "2020": 0, "2024": 0, "2029": null, "% OF TOTAL": null, "% OF TOTAL.1": null, "% OF TOTAL.2": null}, "Employed in Construction Industries": {"Demographic": null, "2020": 27, "2024": 25, "2029": null, "% OF TOTAL": null, "% OF TOTAL.1": null, "% OF TOTAL.2": null}, "Employed in Manufacturing Industries": {"Demographic": null, "2020": 51, "2024": 48, "2029": null, "% OF TOTAL": null, "% OF TOTAL.1": null, "% OF TOTAL.2": null}, "Employed in Wholesale Industries": {"Demographic": null, "2020": 12, "2024": 11, "2029": null, "% OF TOTAL": null, "% OF TOTAL.1": null, "% OF TOTAL.2": null}, "Employed in Retail Industries": {"Demographic": null, "2020": 57, "2024": 53, "2029": null, "% OF TOTAL": null, "% OF TOTAL.1": null, "% OF TOTAL.2": null}, "Employed in Transportation and Utilities Industries": {"Demographic": null, "2020": 0, "2024": 0, "2029": null, "% OF TOTAL": null, "% OF TOTAL.1": null, "% OF TOTAL.2": null}, "Employed in Information Industries": {"Demographic": null, "2020": 0, "2024": 0, "2029": null, "% OF TOTAL": null, "% OF TOTAL.1": null, "% OF TOTAL.2": null}, "Employed in Real-Estate Industries": {"Demographic": null, "2020": 15, "2024": 14, "2029": null, "% OF TOTAL": null, "% OF TOTAL.1": null, "% OF TOTAL.2": null}, "Employed in Professional Industries": {"Demographic": null, "2020": 14, "2024": 13, "2029": null, "% OF TOTAL": null, "% OF TOTAL.1": null, "% OF TOTAL.2": null}, "Employed in Health and Education Industries": {"Demographic": null, "2020": 57, "2024": 53, "2029": null, "% OF TOTAL": null, "% OF TOTAL.1": null, "% OF TOTAL.2": null}, "Employed in Art Industries": {"Demographic": null, "2020": 14, "2024": 13, "2029": null, "% OF TOTAL": null, "% OF TOTAL.1": null, "% OF TOTAL.2": null}, "Employed in Other Industries": {"Demographic": null, "2020": 37, "2024": 34, "2029": null, "% OF TOTAL": null, "% OF TOTAL.1": null, "% OF TOTAL.2": null}, "Employed in Public Administration Industries": {"Demographic": null, "2020": 0, "2024": 0, "2029": null, "% OF TOTAL": null, "% OF TOTAL.1": null, "% OF TOTAL.2": null}, "Occupation: Management": {"Demographic": null, "2020": 15, "2024": 14, "2029": null, "% OF TOTAL": null, "% OF TOTAL.1": null, "% OF TOTAL.2": null}, "Occupation: Business and financial operations": {"Demographic": null, "2020": 0, "2024": 0, "2029": null, "% OF TOTAL": null, "% OF TOTAL.1": null, "% OF TOTAL.2": null}, "Occupation: Computer and mathematical": {"Demographic": null, "2020": 0, "2024": 0, "2029": null, "% OF TOTAL": null, "% OF TOTAL.1": null, "% OF TOTAL.2": null}, "Occupation: Architecture and engineering": {"Demographic": null, "2020": 0, "2024": 0, "2029": null, "% OF TOTAL": null, "% OF TOTAL.1": null, "% OF TOTAL.2": null}, "Occupation: Life, physical, and social science": {"Demographic": null, "2020": 0, "2024": 0, "2029": null, "% OF TOTAL": null, "% OF TOTAL.1": null, "% OF TOTAL.2": null}, "Occupation: Community and social service": {"Demographic": null, "2020": 0, "2024": 0, "2029": null, "% OF TOTAL": null, "% OF TOTAL.1": null, "% OF TOTAL.2": null}, "Occupation: Legal": {"Demographic": null, "2020": 0, "2024": 0, "2029": null, "% OF TOTAL": null, "% OF TOTAL.1": null, "% OF TOTAL.2": null}, "Occupation: Education, training, and library": {"Demographic": null, "2020": 0, "2024": 0, "2029": null, "% OF TOTAL": null, "% OF TOTAL.1": null, "% OF TOTAL.2": null}, "Occupation: Arts, design, entertainment, sports, and media": {"Demographic": null, "2020": 0, "2024": 0, "2029": null, "% OF TOTAL": null, "% OF TOTAL.1": null, "% OF TOTAL.2": null}, "Occupation: Health diagnosing and treating practitioners": {"Demographic": null, "2020": 0, "2024": 0, "2029": null, "% OF TOTAL": null, "% OF TOTAL.1": null, "% OF TOTAL.2": null}, "Occupation: Health technologists and technicians": {"Demographic": null, "2020": 39, "2024": 36, "2029": null, "% OF TOTAL": null, "% OF TOTAL.1": null, "% OF TOTAL.2": null}, "Occupation: Healthcare support": {"Demographic": null, "2020": 0, "2024": 0, "2029": null, "% OF TOTAL": null, "% OF TOTAL.1": null, "% OF TOTAL.2": null}, "Occupation: Fire fighting and prevention": {"Demographic": null, "2020": 0, "2024": 0, "2029": null, "% OF TOTAL": null, "% OF TOTAL.1": null, "% OF TOTAL.2": null}, "Occupation: Law enforcement workers": {"Demographic": null, "2020": 0, "2024": 0, "2029": null, "% OF TOTAL": null, "% OF TOTAL.1": null, "% OF TOTAL.2": null}, "Occupation: Food preparation and serving related": {"Demographic": null, "2020": 32, "2024": 30, "2029": null, "% OF TOTAL": null, "% OF TOTAL.1": null, "% OF TOTAL.2": null}, "Occupation: Building and grounds cleaning and maintenance": {"Demographic": null, "2020": 8, "2024": 7, "2029": null, "% OF TOTAL": null, "% OF TOTAL.1": null, "% OF TOTAL.2": null}, "Occupation: Personal care and service": {"Demographic": null, "2020": 0, "2024": 0, "2029": null, "% OF TOTAL": null, "% OF TOTAL.1": null, "% OF TOTAL.2": null}, "Occupation: Sales and related": {"Demographic": null, "2020": 20, "2024": 19, "2029": null, "% OF TOTAL": null, "% OF TOTAL.1": null, "% OF TOTAL.2": null}, "Occupation: Office and administrative support": {"Demographic": null, "2020": 19, "2024": 18, "2029": null, "% OF TOTAL": null, "% OF TOTAL.1": null, "% OF TOTAL.2": null}, "Occupation: Farming, fishing, and forestry": {"Demographic": null, "2020": 0, "2024": 0, "2029": null, "% OF TOTAL": null, "% OF TOTAL.1": null, "% OF TOTAL.2": null}, "Occupation: Construction and extraction": {"Demographic": null, "2020": 27, "2024": 25, "2029": null, "% OF TOTAL": null, "% OF TOTAL.1": null, "% OF TOTAL.2": null}, "Occupation: Installation, maintenance, and repair": {"Demographic": null, "2020": 0, "2024": 0, "2029": null, "% OF TOTAL": null, "% OF TOTAL.1": null, "% OF TOTAL.2": null}, "Occupation: Production": {"Demographic": null, "2020": 49, "2024": 45, "2029": null, "% OF TOTAL": null, "% OF TOTAL.1": null, "% OF TOTAL.2": null}, "Occupation: Transportation": {"Demographic": null, "2020": 14, "2024": 13, "2029": null, "% OF TOTAL": null, "% OF TOTAL.1": null, "% OF TOTAL.2": null}, "Occupation: Material moving": {"Demographic": null, "2020": 61, "2024": 57, "2029": null, "% OF TOTAL": null, "% OF TOTAL.1": null, "% OF TOTAL.2": null}, "White collar": {"Demographic": null, "2020": 93, "2024": 87, "2029": null, "% OF TOTAL": null, "% OF TOTAL.1": null, "% OF TOTAL.2": null}, "Blue collar": {"Demographic": null, "2020": 191, "2024": 177, "2029": null, "% OF TOTAL": null, "% OF TOTAL.1": null, "% OF TOTAL.2": null}, "Means of transportation: Car, truck or van": {"Demographic": null, "2020": 284, "2024": 264, "2029": null, "% OF TOTAL": null, "% OF TOTAL.1": null, "% OF TOTAL.2": null}, "Means of transportation: Public transportation": {"Demographic": null, "2020": 0, "2024": 0, "2029": null, "% OF TOTAL": null, "% OF TOTAL.1": null, "% OF TOTAL.2": null}, "Means of transportation: Other": {"Demographic": null, "2020": 0, "2024": 0, "2029": null, "% OF TOTAL": null, "% OF TOTAL.1": null, "% OF TOTAL.2": null}, "Travel time: Average (in minutes)": {"Demographic": null, "2020": 29, "2024": 29, "2029": null, "% OF TOTAL": null, "% OF TOTAL.1": null, "% OF TOTAL.2": null}, "Travel time to work: Less than 30 minutes": {"Demographic": null, "2020": 143, "2024": 133, "2029": null, "% OF TOTAL": null, "% OF TOTAL.1": null, "% OF TOTAL.2": null}, "Travel time to work: 30 to 60 minutes": {"Demographic": null, "2020": 122, "2024": 113, "2029": null, "% OF TOTAL": null, "% OF TOTAL.1": null, "% OF TOTAL.2": null}, "Travel time to work: 60 or more minutes": {"Demographic": null, "2020": 19, "2024": 18, "2029": null, "% OF TOTAL": null, "% OF TOTAL.1": null, "% OF TOTAL.2": null}}, "demographic_snapshot": {"Total Population": {"Demographic": null, "2020": 973, "2024": 905, "2029": 851, "% OF TOTAL": null, "% OF TOTAL.1": null, "% OF TOTAL.2": null}, "Households": {"Demographic": null, "2020": 372, "2024": 350, "2029": 334, "% OF TOTAL": null, "% OF TOTAL.1": null, "% OF TOTAL.2": null}, "Population in Group Quarters": {"Demographic": null, "2020": 0, "2024": 0, "2029": 0, "% OF TOTAL": null, "% OF TOTAL.1": null, "% OF TOTAL.2": null}, "Households Growth": {"Demographic": null, "2020": null, "2024": -5.9, "2029": -4.6, "% OF TOTAL": null, "% OF TOTAL.1": null, "% OF TOTAL.2": null}, "Household Income: Median": {"Demographic": null, "2020": 0, "2024": 33065, "2029": 34787, "% OF TOTAL": null, "% OF TOTAL.1": null, "% OF TOTAL.2": null}, "Home Value: Median": {"Demographic": null, "2020": 80750, "2024": 80714, "2029": null, "% OF TOTAL": null, "% OF TOTAL.1": null, "% OF TOTAL.2": null}, "Population Growth": {"Demographic": null, "2020": null, "2024": -7.0, "2029": -6.0, "% OF TOTAL": null, "% OF TOTAL.1": null, "% OF TOTAL.2": null}, "Total Population: Under 19 years": {"Demographic": null, "2020": 250, "2024": 226, "2029": 205, "% OF TOTAL": 24.1, "% OF TOTAL.1": null, "% OF TOTAL.2": null}, "Total Population: 20 - 64 years": {"Demographic": null, "2020": 581, "2024": 534, "2029": 479, "% OF TOTAL": 56.3, "% OF TOTAL.1": null, "% OF TOTAL.2": null}, "Total Population: 65 years and over": {"Demographic": null, "2020": 142, "2024": 145, "2029": 167, "% OF TOTAL": 19.6, "% OF TOTAL.1": null, "% OF TOTAL.2": null}, "Total population: Median age": {"Demographic": null, "2020": 41, "2024": 42, "2029": 43, "% OF TOTAL": null, "% OF TOTAL.1": null, "% OF TOTAL.2": null}, "Total population: Under 5 years": {"Demographic": null, "2020": 56, "2024": 47, "2029": 43, "% OF TOTAL": 5.1, "% OF TOTAL.1": null, "% OF TOTAL.2": null}, "Total population: 5 - 9 years": {"Demographic": null, "2020": 51, "2024": 48, "2029": 44, "% OF TOTAL": 5.2, "% OF TOTAL.1": null, "% OF TOTAL.2": null}, "Total population: 10 - 14 years": {"Demographic": null, "2020": 88, "2024": 79, "2029": 62, "% OF TOTAL": 7.3, "% OF TOTAL.1": null, "% OF TOTAL.2": null}, "Total population: 15 - 19 years": {"Demographic": null, "2020": 55, "2024": 52, "2029": 56, "% OF TOTAL": 6.6, "% OF TOTAL.1": null, "% OF TOTAL.2": null}, "Total population: 20 - 24 years": {"Demographic": null, "2020": 54, "2024": 51, "2029": 48, "% OF TOTAL": 5.6, "% OF TOTAL.1": null, "% OF TOTAL.2": null}, "Total population: 25 - 29 years": {"Demographic": null, "2020": 44, "2024": 37, "2029": 37, "% OF TOTAL": 4.3, "% OF TOTAL.1": null, "% OF TOTAL.2": null}, "Total population: 30 - 34 years": {"Demographic": null, "2020": 57, "2024": 55, "2029": 43, "% OF TOTAL": 5.1, "% OF TOTAL.1": null, "% OF TOTAL.2": null}, "Total population: 35 - 39 years": {"Demographic": null, "2020": 55, "2024": 49, "2029": 48, "% OF TOTAL": 5.6, "% OF TOTAL.1": null, "% OF TOTAL.2": null}, "Total population: 40 - 44 years": {"Demographic": null, "2020": 73, "2024": 71, "2029": 62, "% OF TOTAL": 7.3, "% OF TOTAL.1": null, "% OF TOTAL.2": null}, "Total population: 45 - 49 years": {"Demographic": null, "2020": 64, "2024": 55, "2029": 58, "% OF TOTAL": 6.8, "% OF TOTAL.1": null, "% OF TOTAL.2": null}, "Total population: 50 - 54 years": {"Demographic": null, "2020": 56, "2024": 54, "2029": 50, "% OF TOTAL": 5.9, "% OF TOTAL.1": null, "% OF TOTAL.2": null}, "Total population: 55 - 59 years": {"Demographic": null, "2020": 65, "2024": 58, "2029": 54, "% OF TOTAL": 6.3, "% OF TOTAL.1": null, "% OF TOTAL.2": null}, "Total population: 60 - 64 years": {"Demographic": null, "2020": 113, "2024": 104, "2029": 79, "% OF TOTAL": 9.3, "% OF TOTAL.1": null, "% OF TOTAL.2": null}, "Total population: 65 - 69 years": {"Demographic": null, "2020": 49, "2024": 47, "2029": 60, "% OF TOTAL": 7.1, "% OF TOTAL.1": null, "% OF TOTAL.2": null}, "Total population: 70 - 74 years": {"Demographic": null, "2020": 41, "2024": 42, "2029": 42, "% OF TOTAL": 4.9, "% OF TOTAL.1": null, "% OF TOTAL.2": null}, "Total population: 75 - 79 years": {"Demographic": null, "2020": 21, "2024": 23, "2029": 29, "% OF TOTAL": 3.4, "% OF TOTAL.1": null, "% OF TOTAL.2": null}, "Total population: 80 - 84 years": {"Demographic": null, "2020": 17, "2024": 17, "2029": 19, "% OF TOTAL": 2.2, "% OF TOTAL.1": null, "% OF TOTAL.2": null}, "Total population: 85 years and over": {"Demographic": null, "2020": 14, "2024": 16, "2029": 17, "% OF TOTAL": 2.0, "% OF TOTAL.1": null, "% OF TOTAL.2": null}, "Householders Age 15-24": {"Demographic": null, "2020": 21, "2024": 19, "2029": 20, "% OF TOTAL": 6.0, "% OF TOTAL.1": null, "% OF TOTAL.2": null}, "Householders Age 25-34": {"Demographic": null, "2020": 42, "2024": 40, "2029": 34, "% OF TOTAL": 10.2, "% OF TOTAL.1": null, "% OF TOTAL.2": null}, "Householders Age 35-44": {"Demographic": null, "2020": 59, "2024": 56, "2029": 50, "% OF TOTAL": 15.0, "% OF TOTAL.1": null, "% OF TOTAL.2": null}, "Householders Age 45-54": {"Demographic": null, "2020": 67, "2024": 63, "2029": 61, "% OF TOTAL": 18.3, "% OF TOTAL.1": null, "% OF TOTAL.2": null}, "Householders Age 55-64": {"Demographic": null, "2020": 87, "2024": 81, "2029": 66, "% OF TOTAL": 19.8, "% OF TOTAL.1": null, "% OF TOTAL.2": null}, "Householders Age 65-74": {"Demographic": null, "2020": 61, "2024": 57, "2029": 64, "% OF TOTAL": 19.2, "% OF TOTAL.1": null, "% OF TOTAL.2": null}, "Householders Age 75+": {"Demographic": null, "2020": 35, "2024": 34, "2029": 39, "% OF TOTAL": 11.7, "% OF TOTAL.1": null, "% OF TOTAL.2": null}, "Household income: Average": {"Demographic": null, "2020": 38757, "2024": 40172, "2029": 42919, "% OF TOTAL": null, "% OF TOTAL.1": null, "% OF TOTAL.2": null}, "Household income: Less than 25k": {"Demographic": null, "2020": 132, "2024": 125, "2029": 106, "% OF TOTAL": 31.7, "% OF TOTAL.1": null, "% OF TOTAL.2": null}, "Household income: 25k - 50k": {"Demographic": null, "2020": 128, "2024": 113, "2029": 99, "% OF TOTAL": 29.6, "% OF TOTAL.1": null, "% OF TOTAL.2": null}, "Household income: 50k - 75k": {"Demographic": null, "2020": 64, "2024": 62, "2029": 73, "% OF TOTAL": 21.9, "% OF TOTAL.1": null, "% OF TOTAL.2": null}, "Household income: 75k - 100k": {"Demographic": null, "2020": 48, "2024": 50, "2029": 56, "% OF TOTAL": 16.8, "% OF TOTAL.1": null, "% OF TOTAL.2": null}, "Household income: 100k - 125k": {"Demographic": null, "2020": 0, "2024": 0, "2029": 0, "% OF TOTAL": 0.0, "% OF TOTAL.1": null, "% OF TOTAL.2": null}, "Household income: 125k - 150k": {"Demographic": null, "2020": 0, "2024": 0, "2029": 0, "% OF TOTAL": 0.0, "% OF TOTAL.1": null, "% OF TOTAL.2": null}, "Household income: 150k - 200k": {"Demographic": null, "2020": 0, "2024": 0, "2029": 0, "% OF TOTAL": 0.0, "% OF TOTAL.1": null, "% OF TOTAL.2": null}, "Household income: Above 200k": {"Demographic": null, "2020": 0, "2024": 0, "2029": 0, "% OF TOTAL": 0.0, "% OF TOTAL.1": null, "% OF TOTAL.2": null}, "White Alone": {"Demographic": null, "2020": 577, "2024": 525, "2029": 491, "% OF TOTAL": 57.7, "% OF TOTAL.1": null, "% OF TOTAL.2": null}, "Black or African American Alone": {"Demographic": null, "2020": 130, "2024": 121, "2029": 115, "% OF TOTAL": 13.5, "% OF TOTAL.1": null, "% OF TOTAL.2": null}, "American Indian and Alaska Native Alone": {"Demographic": null, "2020": 7, "2024": 7, "2029": 7, "% OF TOTAL": 0.8, "% OF TOTAL.1": null, "% OF TOTAL.2": null}, "Asian Alone": {"Demographic": null, "2020": 197, "2024": 188, "2029": 178, "% OF TOTAL": 20.9, "% OF TOTAL.1": null, "% OF TOTAL.2": null}, "Native Hawaiian and OPI Alone": {"Demographic": null, "2020": 1, "2024": 1, "2029": 1, "% OF TOTAL": 0.1, "% OF TOTAL.1": null, "% OF TOTAL.2": null}, "Some Other Race Alone": {"Demographic": null, "2020": 20, "2024": 20, "2029": 19, "% OF TOTAL": 2.2, "% OF TOTAL.1": null, "% OF TOTAL.2": null}, "Two or More Races Alone": {"Demographic": null, "2020": 41, "2024": 43, "2029": 40, "% OF TOTAL": 4.7, "% OF TOTAL.1": null, "% OF TOTAL.2": null}, "Not Hispanic or Latino": {"Demographic": null, "2020": 933, "2024": 865, "2029": 814, "% OF TOTAL": 95.7, "% OF TOTAL.1": null, "% OF TOTAL.2": null}, "Hispanic or Latino": {"Demographic": null, "2020": 40, "2024": 40, "2029": 37, "% OF TOTAL": 4.3, "% OF TOTAL.1": null, "% OF TOTAL.2": null}, "Total Housing Units": {"Demographic": null, "2020": 406, "2024": null, "2029": null, "% OF TOTAL": null, "% OF TOTAL.1": null, "% OF TOTAL.2": null}, "Owner Occupied Housing Units": {"Demographic": null, "2020": 251, "2024": 236, "2029": null, "% OF TOTAL": null, "% OF TOTAL.1": null, "% OF TOTAL.2": null}, "Renter Occupied Housing Units": {"Demographic": null, "2020": 121, "2024": 114, "2029": null, "% OF TOTAL": null, "% OF TOTAL.1": null, "% OF TOTAL.2": null}, "Housing Units Value Less Than 100k": {"Demographic": null, "2020": 181, "2024": 170, "2029": null, "% OF TOTAL": null, "% OF TOTAL.1": null, "% OF TOTAL.2": null}, "Housing Units Value 100k - 200k": {"Demographic": null, "2020": 48, "2024": 45, "2029": null, "% OF TOTAL": null, "% OF TOTAL.1": null, "% OF TOTAL.2": null}, "Housing Units Value 200k - 250k": {"Demographic": null, "2020": 0, "2024": 0, "2029": null, "% OF TOTAL": null, "% OF TOTAL.1": null, "% OF TOTAL.2": null}, "Housing Units Value 250k - 300k": {"Demographic": null, "2020": 0, "2024": 0, "2029": null, "% OF TOTAL": null, "% OF TOTAL.1": null, "% OF TOTAL.2": null}, "Housing Units Value 300k - 400k": {"Demographic": null, "2020": 22, "2024": 21, "2029": null, "% OF TOTAL": null, "% OF TOTAL.1": null, "% OF TOTAL.2": null}, "Housing Units Value 400k - 500k": {"Demographic": null, "2020": 0, "2024": 0, "2029": null, "% OF TOTAL": null, "% OF TOTAL.1": null, "% OF TOTAL.2": null}, "Housing Units Value 500k - 750k": {"Demographic": null, "2020": 0, "2024": 0, "2029": null, "% OF TOTAL": null, "% OF TOTAL.1": null, "% OF TOTAL.2": null}, "Housing Units Value 750k - 1m": {"Demographic": null, "2020": 0, "2024": 0, "2029": null, "% OF TOTAL": null, "% OF TOTAL.1": null, "% OF TOTAL.2": null}, "Housing Units Value 1m - 1.5m": {"Demographic": null, "2020": 0, "2024": 0, "2029": null, "% OF TOTAL": null, "% OF TOTAL.1": null, "% OF TOTAL.2": null}, "Housing Units Value 1.5m - 2m": {"Demographic": null, "2020": 0, "2024": 0, "2029": null, "% OF TOTAL": null, "% OF TOTAL.1": null, "% OF TOTAL.2": null}, "Housing Units Value >2m": {"Demographic": null, "2020": 0, "2024": 0, "2029": null, "% OF TOTAL": null, "% OF TOTAL.1": null, "% OF TOTAL.2": null}, "Take Car or Truck to Work": {"Demographic": null, "2020": 284, "2024": 264, "2029": null, "% OF TOTAL": null, "% OF TOTAL.1": null, "% OF TOTAL.2": null}, "Take Public Transportation to Work": {"Demographic": null, "2020": 0, "2024": 0, "2029": null, "% OF TOTAL": null, "% OF TOTAL.1": null, "% OF TOTAL.2": null}, "Take Other Means of Transportation to Work": {"Demographic": null, "2020": 0, "2024": 0, "2029": null, "% OF TOTAL": null, "% OF TOTAL.1": null, "% OF TOTAL.2": null}, "Average Travel Time (min)": {"Demographic": null, "2020": 29, "2024": 30, "2029": null, "% OF TOTAL": null, "% OF TOTAL.1": null, "% OF TOTAL.2": null}, "Travel Below 30 Min to Work": {"Demographic": null, "2020": 143, "2024": 133, "2029": null, "% OF TOTAL": null, "% OF TOTAL.1": null, "% OF TOTAL.2": null}, "Travel 30-60 Min to Work": {"Demographic": null, "2020": 122, "2024": 113, "2029": null, "% OF TOTAL": null, "% OF TOTAL.1": null, "% OF TOTAL.2": null}, "Travel Above 60 Min to Work": {"Demographic": null, "2020": 48, "2024": 18, "2029": null, "% OF TOTAL": null, "% OF TOTAL.1": null, "% OF TOTAL.2": null}, "Educational Attainment: No High School Diploma": {"Demographic": null, "2020": 419, "2024": 394, "2029": null, "% OF TOTAL": null, "% OF TOTAL.1": null, "% OF TOTAL.2": null}, "Educational Attainment: High School Diploma": {"Demographic": null, "2020": 100, "2024": 94, "2029": null, "% OF TOTAL": null, "% OF TOTAL.1": null, "% OF TOTAL.2": null}, "Educational Attainment: Some College": {"Demographic": null, "2020": 250, "2024": 234, "2029": null, "% OF TOTAL": null, "% OF TOTAL.1": null, "% OF TOTAL.2": null}, "Educational Attainment: Associate's Degree": {"Demographic": null, "2020": 95, "2024": 89, "2029": null, "% OF TOTAL": null, "% OF TOTAL.1": null, "% OF TOTAL.2": null}, "Educational Attainment: Bachelors Degree": {"Demographic": null, "2020": 84, "2024": 79, "2029": null, "% OF TOTAL": null, "% OF TOTAL.1": null, "% OF TOTAL.2": null}, "Educational Attainment: Advanced Degree": {"Demographic": null, "2020": 0, "2024": 0, "2029": null, "% OF TOTAL": null, "% OF TOTAL.1": null, "% OF TOTAL.2": null}, "Households: Number of vehicles available - Average": {"Demographic": null, "2020": 1, "2024": 1, "2029": null, "% OF TOTAL": null, "% OF TOTAL.1": null, "% OF TOTAL.2": null}, "Households: No Vehicle available": {"Demographic": null, "2020": 57, "2024": 54, "2029": null, "% OF TOTAL": null, "% OF TOTAL.1": null, "% OF TOTAL.2": null}, "Households: 1 Vehicle available": {"Demographic": null, "2020": 139, "2024": 130, "2029": null, "% OF TOTAL": null, "% OF TOTAL.1": null, "% OF TOTAL.2": null}, "Households: 2 Vehicles available": {"Demographic": null, "2020": 141, "2024": 133, "2029": null, "% OF TOTAL": null, "% OF TOTAL.1": null, "% OF TOTAL.2": null}, "Households: 3 Vehicles available": {"Demographic": null, "2020": 35, "2024": 33, "2029": null, "% OF TOTAL": null, "% OF TOTAL.1": null, "% OF TOTAL.2": null}, "Households: 4 or more Vehicles available": {"Demographic": null, "2020": 0, "2024": 0, "2029": null, "% OF TOTAL": null, "% OF TOTAL.1": null, "% OF TOTAL.2": null}}, "household_trends": {"Households": {"Demographic": null, "2020": 372, "2024": 350, "2029": 334, "% OF TOTAL": null, "% OF TOTAL.1": null, "% OF TOTAL.2": null}, "Households Growth": {"Demographic": null, "2020": null, "2024": -5.9, "2029": -4.6, "% OF TOTAL": null, "% OF TOTAL.1": null, "% OF TOTAL.2": null}, "Householder Age 15-24": {"Demographic": null, "2020": 21, "2024": 19, "2029": 20, "% OF TOTAL": 6.0, "% OF TOTAL.1": null, "% OF TOTAL.2": null}, "Householder Age 25-34": {"Demographic": null, "2020": 42, "2024": 40, "2029": 34, "% OF TOTAL": 10.2, "% OF TOTAL.1": null, "% OF TOTAL.2": null}, "Householder Age 35-44": {"Demographic": null, "2020": 59, "2024": 56, "2029": 50, "% OF TOTAL": 15.0, "% OF TOTAL.1": null, "% OF TOTAL.2": null}, "Householder Age 45-54": {"Demographic": null, "2020": 67, "2024": 63, "2029": 61, "% OF TOTAL": 18.3, "% OF TOTAL.1": null, "% OF TOTAL.2": null}, "Householder Age 55-64": {"Demographic": null, "2020": 87, "2024": 81, "2029": 66, "% OF TOTAL": 19.8, "% OF TOTAL.1": null, "% OF TOTAL.2": null}, "Householder Age 65-74": {"Demographic": null, "2020": 61, "2024": 57, "2029": 64, "% OF TOTAL": 19.2, "% OF TOTAL.1": null, "% OF TOTAL.2": null}, "Householder Age 75+": {"Demographic": null, "2020": 35, "2024": 34, "2029": 39, "% OF TOTAL": 11.7, "% OF TOTAL.1": null, "% OF TOTAL.2": null}, "Average Household Size": {"Demographic": null, "2020": 2.6, "2024": 2.6, "2029": 2.6, "% OF TOTAL": null, "% OF TOTAL.1": null, "% OF TOTAL.2": null}, "1 Person Households": {"Demographic": null, "2020": 97, "2024": 105, "2029": 100, "% OF TOTAL": 29.9, "% OF TOTAL.1": null, "% OF TOTAL.2": null}, "2 Person Households": {"Demographic": null, "2020": 94, "2024": 105, "2029": 101, "% OF TOTAL": 30.2, "% OF TOTAL.1": null, "% OF TOTAL.2": null}, "3 Person Households": {"Demographic": null, "2020": 59, "2024": 63, "2029": 60, "% OF TOTAL": 18.0, "% OF TOTAL.1": null, "% OF TOTAL.2": null}, "4 Person Households": {"Demographic": null, "2020": 54, "2024": 30, "2029": 28, "% OF TOTAL": 8.4, "% OF TOTAL.1": null, "% OF TOTAL.2": null}, "5 Person Households": {"Demographic": null, "2020": 38, "2024": 26, "2029": 25, "% OF TOTAL": 7.5, "% OF TOTAL.1": null, "% OF TOTAL.2": null}, "6 Person Households": {"Demographic": null, "2020": 12, "2024": 7, "2029": 7, "% OF TOTAL": 2.1, "% OF TOTAL.1": null, "% OF TOTAL.2": null}, "7+ Person Households": {"Demographic": null, "2020": 18, "2024": 14, "2029": 13, "% OF TOTAL": 3.9, "% OF TOTAL.1": null, "% OF TOTAL.2": null}, "Household Type: Family": {"Demographic": null, "2020": 249, "2024": 234, "2029": null, "% OF TOTAL": null, "% OF TOTAL.1": null, "% OF TOTAL.2": null}, "Household Type: Married Family": {"Demographic": null, "2020": 149, "2024": 139, "2029": null, "% OF TOTAL": null, "% OF TOTAL.1": null, "% OF TOTAL.2": null}, "Household Type: Married Family With Children": {"Demographic": null, "2020": 47, "2024": 43, "2029": null, "% OF TOTAL": null, "% OF TOTAL.1": null, "% OF TOTAL.2": null}, "Household Type: Married Family Without Children": {"Demographic": null, "2020": 102, "2024": 96, "2029": null, "% OF TOTAL": null, "% OF TOTAL.1": null, "% OF TOTAL.2": null}, "Household Type: Other Family": {"Demographic": null, "2020": 100, "2024": 95, "2029": null, "% OF TOTAL": null, "% OF TOTAL.1": null, "% OF TOTAL.2": null}, "Household Type: Male Households, No Wife": {"Demographic": null, "2020": 31, "2024": 30, "2029": null, "% OF TOTAL": null, "% OF TOTAL.1": null, "% OF TOTAL.2": null}, "Household Type: Male Households, No Wife With Children": {"Demographic": null, "2020": 12, "2024": 12, "2029": null, "% OF TOTAL": null, "% OF TOTAL.1": null, "% OF TOTAL.2": null}, "Household Type: Male Households, No Wife Without Children": {"Demographic": null, "2020": 19, "2024": 18, "2029": null, "% OF TOTAL": null, "% OF TOTAL.1": null, "% OF TOTAL.2": null}, "Household Type: Female Households, No Husband": {"Demographic": null, "2020": 69, "2024": 65, "2029": null, "% OF TOTAL": null, "% OF TOTAL.1": null, "% OF TOTAL.2": null}, "Household Type: Female Households, No Husband With Children": {"Demographic": null, "2020": 36, "2024": 34, "2029": null, "% OF TOTAL": null, "% OF TOTAL.1": null, "% OF TOTAL.2": null}, "Household Type: Female Households, No Husband Without Children": {"Demographic": null, "2020": 33, "2024": 31, "2029": null, "% OF TOTAL": null, "% OF TOTAL.1": null, "% OF TOTAL.2": null}, "Household Income: Average": {"Demographic": null, "2020": 38757, "2024": 40172, "2029": 42919, "% OF TOTAL": null, "% OF TOTAL.1": null, "% OF TOTAL.2": null}, "Household Income: Median": {"Demographic": null, "2020": 0, "2024": 33065, "2029": 34787, "% OF TOTAL": null, "% OF TOTAL.1": null, "% OF TOTAL.2": null}, "Household Income: Less than $25k": {"Demographic": null, "2020": 132, "2024": 125, "2029": 106, "% OF TOTAL": 31.7, "% OF TOTAL.1": null, "% OF TOTAL.2": null}, "Household Income: $25k - $50k": {"Demographic": null, "2020": 128, "2024": 113, "2029": 99, "% OF TOTAL": 29.6, "% OF TOTAL.1": null, "% OF TOTAL.2": null}, "Household Income: $50k - $75k": {"Demographic": null, "2020": 64, "2024": 62, "2029": 73, "% OF TOTAL": 21.9, "% OF TOTAL.1": null, "% OF TOTAL.2": null}, "Household Income: $75k - $100k": {"Demographic": null, "2020": 48, "2024": 50, "2029": 56, "% OF TOTAL": 16.8, "% OF TOTAL.1": null, "% OF TOTAL.2": null}, "Household Income: $100k - $125k": {"Demographic": null, "2020": 0, "2024": 0, "2029": 0, "% OF TOTAL": 0.0, "% OF TOTAL.1": null, "% OF TOTAL.2": null}, "Household Income: $125k - $150k": {"Demographic": null, "2020": 0, "2024": 0, "2029": 0, "% OF TOTAL": 0.0, "% OF TOTAL.1": null, "% OF TOTAL.2": null}, "Household Income: $150k - $200k": {"Demographic": null, "2020": 0, "2024": 0, "2029": 0, "% OF TOTAL": 0.0, "% OF TOTAL.1": null, "% OF TOTAL.2": null}, "Household Income: Above $200k": {"Demographic": null, "2020": 0, "2024": 0, "2029": 0, "% OF TOTAL": 0.0, "% OF TOTAL.1": null, "% OF TOTAL.2": null}, "Total Housing Units": {"Demographic": null, "2020": 406, "2024": null, "2029": null, "% OF TOTAL": null, "% OF TOTAL.1": null, "% OF TOTAL.2": null}, "Owner Occupied Housing Units": {"Demographic": null, "2020": 251, "2024": 236, "2029": null, "% OF TOTAL": null, "% OF TOTAL.1": null, "% OF TOTAL.2": null}, "Renter Occupied Housing Units": {"Demographic": null, "2020": 121, "2024": 114, "2029": null, "% OF TOTAL": null, "% OF TOTAL.1": null, "% OF TOTAL.2": null}, "Vacant Housing Units": {"Demographic": null, "2020": 34, "2024": null, "2029": null, "% OF TOTAL": null, "% OF TOTAL.1": null, "% OF TOTAL.2": null}, "Vacant Housing Units: Seasonal": {"Demographic": null, "2020": 5, "2024": null, "2029": null, "% OF TOTAL": null, "% OF TOTAL.1": null, "% OF TOTAL.2": null}, "Vacant Housing Units: Other Usage": {"Demographic": null, "2020": 29, "2024": null, "2029": null, "% OF TOTAL": null, "% OF TOTAL.1": null, "% OF TOTAL.2": null}, "Average Housing Unit Value": {"Demographic": null, "2020": 98167, "2024": 98538, "2029": null, "% OF TOTAL": null, "% OF TOTAL.1": null, "% OF TOTAL.2": null}, "Median Housing Unit Value": {"Demographic": null, "2020": 80750, "2024": 80714, "2029": null, "% OF TOTAL": null, "% OF TOTAL.1": null, "% OF TOTAL.2": null}, "Housing Unit Value Less Than $100k": {"Demographic": null, "2020": 181, "2024": 170, "2029": null, "% OF TOTAL": null, "% OF TOTAL.1": null, "% OF TOTAL.2": null}, "Housing Unit Value $100k-$200k": {"Demographic": null, "2020": 48, "2024": 45, "2029": null, "% OF TOTAL": null, "% OF TOTAL.1": null, "% OF TOTAL.2": null}, "Housing Unit Value $200k-$250k": {"Demographic": null, "2020": 0, "2024": 0, "2029": null, "% OF TOTAL": null, "% OF TOTAL.1": null, "% OF TOTAL.2": null}, "Housing Unit Value $250k-$300k": {"Demographic": null, "2020": 0, "2024": 0, "2029": null, "% OF TOTAL": null, "% OF TOTAL.1": null, "% OF TOTAL.2": null}, "Housing Unit Value $300k-$400k": {"Demographic": null, "2020": 22, "2024": 21, "2029": null, "% OF TOTAL": null, "% OF TOTAL.1": null, "% OF TOTAL.2": null}, "Housing Unit Value $400k-$500k": {"Demographic": null, "2020": 0, "2024": 0, "2029": null, "% OF TOTAL": null, "% OF TOTAL.1": null, "% OF TOTAL.2": null}, "Housing Unit Value $500k-$750k": {"Demographic": null, "2020": 0, "2024": 0, "2029": null, "% OF TOTAL": null, "% OF TOTAL.1": null, "% OF TOTAL.2": null}, "Housing Unit Value $750k-$1m": {"Demographic": null, "2020": 0, "2024": 0, "2029": null, "% OF TOTAL": null, "% OF TOTAL.1": null, "% OF TOTAL.2": null}, "Housing Unit Value $1m-$1.5m": {"Demographic": null, "2020": 0, "2024": 0, "2029": null, "% OF TOTAL": null, "% OF TOTAL.1": null, "% OF TOTAL.2": null}, "Housing Unit Value $1.5m-$2m": {"Demographic": null, "2020": 0, "2024": 0, "2029": null, "% OF TOTAL": null, "% OF TOTAL.1": null, "% OF TOTAL.2": null}, "Housing Unit Value Above $2m": {"Demographic": null, "2020": 0, "2024": 0, "2029": null, "% OF TOTAL": null, "% OF TOTAL.1": null, "% OF TOTAL.2": null}, "Median Housing Unit Year Built": {"Demographic": null, "2020": 1977, "2024": 1977, "2029": null, "% OF TOTAL": null, "% OF TOTAL.1": null, "% OF TOTAL.2": null}, "Housing Units Built 2014 Or After": {"Demographic": null, "2020": 0, "2024": 0, "2029": null, "% OF TOTAL": null, "% OF TOTAL.1": null, "% OF TOTAL.2": null}, "Housing Units Built 2010-2013": {"Demographic": null, "2020": 12, "2024": 11, "2029": null, "% OF TOTAL": null, "% OF TOTAL.1": null, "% OF TOTAL.2": null}, "Housing Units Built 2000-2009": {"Demographic": null, "2020": 108, "2024": 101, "2029": null, "% OF TOTAL": null, "% OF TOTAL.1": null, "% OF TOTAL.2": null}, "Housing Units Built 1990-1999": {"Demographic": null, "2020": 46, "2024": 44, "2029": null, "% OF TOTAL": null, "% OF TOTAL.1": null, "% OF TOTAL.2": null}, "Housing Units Built 1980-1989": {"Demographic": null, "2020": 0, "2024": 0, "2029": null, "% OF TOTAL": null, "% OF TOTAL.1": null, "% OF TOTAL.2": null}, "Housing Units Built 1970-1979": {"Demographic": null, "2020": 65, "2024": 61, "2029": null, "% OF TOTAL": null, "% OF TOTAL.1": null, "% OF TOTAL.2": null}, "Housing Units Built 1960-1969": {"Demographic": null, "2020": 22, "2024": 21, "2029": null, "% OF TOTAL": null, "% OF TOTAL.1": null, "% OF TOTAL.2": null}, "Housing Units Built 1950-1959": {"Demographic": null, "2020": 79, "2024": 74, "2029": null, "% OF TOTAL": null, "% OF TOTAL.1": null, "% OF TOTAL.2": null}, "Housing Units Built 1940-1949": {"Demographic": null, "2020": 0, "2024": 0, "2029": null, "% OF TOTAL": null, "% OF TOTAL.1": null, "% OF TOTAL.2": null}, "Housing Units Built Before 1940": {"Demographic": null, "2020": 40, "2024": 38, "2029": null, "% OF TOTAL": null, "% OF TOTAL.1": null, "% OF TOTAL.2": null}}}, "geometry": {"type": "Polygon", "coordinates": [[[-88.263035, 30.383622], [-88.263409, 30.412661], [-88.229905, 30.412981], [-88.229541, 30.383942], [-88.263035, 30.383622]]]}}, {"type": "Feature", "properties": {"block": "048", "block_num": 48, "CentroidLon": -88.212973030216, "CentroidLat": 30.398617726458436, "data_status": "usable", "is_anomalous": false, "anomaly_reason": null, "files_present": "DemographicSnapshot-26.08.06.csv;PopulationTrends-26.08.06.csv;HouseholdTrends-26.08.06.csv;HouseholdIncomeByAge-26.08.06.csv;ConsumerSegmentation-26.08.06.csv", "population_2024": 969, "population_2029": 914, "households_2024": 351, "households_2029": 336, "median_household_income_2024": 49244, "median_household_income_2029": 53256, "mean_household_income_2024": null, "mean_household_income_2029": null, "median_age_2024": 41, "median_age_2029": 42, "median_home_value_2024": 94000, "average_household_size_2024": 2.8, "average_household_size_2029": 2.7, "population_growth_2024_2029": -4.9, "households_growth_2024_2029": -3.8, "consumer_segments": {"Simple Life Moderate Income No Children": {"households": 79, "pct": 24.3}, "Renters": {"households": 78, "pct": 24.0}, "Simple Life Moderate Income With Children": {"households": 42, "pct": 12.9}, "Active Adult Elite": {"households": 35, "pct": 10.8}, "Renters Near Term Buyers": {"households": 28, "pct": 8.6}, "Simple Life Affluent No Children": {"households": 21, "pct": 6.5}, "Active Adult Entry Level": {"households": 19, "pct": 5.8}, "Family Life Young Children": {"households": 16, "pct": 4.9}, "Active Adult Feature and Location": {"households": 7, "pct": 2.2}, "Elite": {"households": 0, "pct": 0.0}, "Family Life School Age Children": {"households": 0, "pct": 0.0}, "Feature and Location": {"households": 0, "pct": 0.0}, "Entry Level Urban": {"households": 0, "pct": 0.0}, "Entry Level Suburban": {"households": 0, "pct": 0.0}}, "income_age": {"2020": {}, "2024": {}, "2029": {}}, "population_trends": {"Total Population": {"Demographic": null, "2020": 1019, "2024": 969, "2029": 914, "% OF TOTAL": null, "% OF TOTAL.1": null, "% OF TOTAL.2": null}, "Population Growth": {"Demographic": null, "2020": null, "2024": -4.9, "2029": -5.7, "% OF TOTAL": null, "% OF TOTAL.1": null, "% OF TOTAL.2": null}, "Female Population": {"Demographic": null, "2020": 500, "2024": 476, "2029": 449, "% OF TOTAL": 49.1, "% OF TOTAL.1": null, "% OF TOTAL.2": null}, "Male Population": {"Demographic": null, "2020": 519, "2024": 493, "2029": 465, "% OF TOTAL": 50.9, "% OF TOTAL.1": null, "% OF TOTAL.2": null}, "Total population: Median Age": {"Demographic": null, "2020": 41, "2024": 41, "2029": 42, "% OF TOTAL": null, "% OF TOTAL.1": null, "% OF TOTAL.2": null}, "Total population: Under 5 years": {"Demographic": null, "2020": 67, "2024": 60, "2029": 52, "% OF TOTAL": 5.7, "% OF TOTAL.1": null, "% OF TOTAL.2": null}, "Total population: 5 - 9 years": {"Demographic": null, "2020": 68, "2024": 64, "2029": 57, "% OF TOTAL": 6.2, "% OF TOTAL.1": null, "% OF TOTAL.2": null}, "Total population: 10 - 14 years": {"Demographic": null, "2020": 71, "2024": 67, "2029": 60, "% OF TOTAL": 6.6, "% OF TOTAL.1": null, "% OF TOTAL.2": null}, "Total population: 15 - 19 years": {"Demographic": null, "2020": 73, "2024": 74, "2029": 64, "% OF TOTAL": 7.0, "% OF TOTAL.1": null, "% OF TOTAL.2": null}, "Total population: 20 - 24 years": {"Demographic": null, "2020": 52, "2024": 50, "2029": 53, "% OF TOTAL": 5.8, "% OF TOTAL.1": null, "% OF TOTAL.2": null}, "Total population: 25 - 29 years": {"Demographic": null, "2020": 59, "2024": 55, "2029": 51, "% OF TOTAL": 5.6, "% OF TOTAL.1": null, "% OF TOTAL.2": null}, "Total population: 30 - 34 years": {"Demographic": null, "2020": 44, "2024": 41, "2029": 41, "% OF TOTAL": 4.5, "% OF TOTAL.1": null, "% OF TOTAL.2": null}, "Total population: 35 - 39 years": {"Demographic": null, "2020": 61, "2024": 57, "2029": 49, "% OF TOTAL": 5.4, "% OF TOTAL.1": null, "% OF TOTAL.2": null}, "Total population: 40 - 44 years": {"Demographic": null, "2020": 61, "2024": 61, "2029": 55, "% OF TOTAL": 6.0, "% OF TOTAL.1": null, "% OF TOTAL.2": null}, "Total population: 45 - 49 years": {"Demographic": null, "2020": 66, "2024": 59, "2029": 58, "% OF TOTAL": 6.3, "% OF TOTAL.1": null, "% OF TOTAL.2": null}, "Total population: 50 - 54 years": {"Demographic": null, "2020": 78, "2024": 73, "2029": 63, "% OF TOTAL": 6.9, "% OF TOTAL.1": null, "% OF TOTAL.2": null}, "Total population: 55 - 59 years": {"Demographic": null, "2020": 66, "2024": 56, "2029": 55, "% OF TOTAL": 6.0, "% OF TOTAL.1": null, "% OF TOTAL.2": null}, "Total population: 60 - 64 years": {"Demographic": null, "2020": 61, "2024": 57, "2029": 51, "% OF TOTAL": 5.6, "% OF TOTAL.1": null, "% OF TOTAL.2": null}, "Total population: 65 - 69 years": {"Demographic": null, "2020": 73, "2024": 71, "2029": 62, "% OF TOTAL": 6.8, "% OF TOTAL.1": null, "% OF TOTAL.2": null}, "Total population: 70 - 74 years": {"Demographic": null, "2020": 46, "2024": 45, "2029": 53, "% OF TOTAL": 5.8, "% OF TOTAL.1": null, "% OF TOTAL.2": null}, "Total population: 75 - 79 years": {"Demographic": null, "2020": 48, "2024": 53, "2029": 49, "% OF TOTAL": 5.4, "% OF TOTAL.1": null, "% OF TOTAL.2": null}, "Total population: 80 - 84 years": {"Demographic": null, "2020": 19, "2024": 20, "2029": 30, "% OF TOTAL": 3.3, "% OF TOTAL.1": null, "% OF TOTAL.2": null}, "Total population: 85 years and over": {"Demographic": null, "2020": 6, "2024": 6, "2029": 11, "% OF TOTAL": 1.2, "% OF TOTAL.1": null, "% OF TOTAL.2": null}, "Female population: Median Age": {"Demographic": null, "2020": 42, "2024": 42, "2029": 43, "% OF TOTAL": null, "% OF TOTAL.1": null, "% OF TOTAL.2": null}, "Female population: Under 5 years": {"Demographic": null, "2020": 31, "2024": 28, "2029": 24, "% OF TOTAL": 5.3, "% OF TOTAL.1": null, "% OF TOTAL.2": null}, "Female population: 5 - 9 years": {"Demographic": null, "2020": 42, "2024": 39, "2029": 33, "% OF TOTAL": 7.3, "% OF TOTAL.1": null, "% OF TOTAL.2": null}, "Female population: 10 - 14 years": {"Demographic": null, "2020": 25, "2024": 23, "2029": 26, "% OF TOTAL": 5.8, "% OF TOTAL.1": null, "% OF TOTAL.2": null}, "Female population: 15 - 19 years": {"Demographic": null, "2020": 37, "2024": 37, "2029": 29, "% OF TOTAL": 6.5, "% OF TOTAL.1": null, "% OF TOTAL.2": null}, "Female population: 20 - 24 years": {"Demographic": null, "2020": 19, "2024": 19, "2029": 23, "% OF TOTAL": 5.1, "% OF TOTAL.1": null, "% OF TOTAL.2": null}, "Female population: 25 - 29 years": {"Demographic": null, "2020": 31, "2024": 29, "2029": 24, "% OF TOTAL": 5.3, "% OF TOTAL.1": null, "% OF TOTAL.2": null}, "Female population: 30 - 34 years": {"Demographic": null, "2020": 22, "2024": 21, "2029": 22, "% OF TOTAL": 4.9, "% OF TOTAL.1": null, "% OF TOTAL.2": null}, "Female population: 35 - 39 years": {"Demographic": null, "2020": 29, "2024": 28, "2029": 24, "% OF TOTAL": 5.3, "% OF TOTAL.1": null, "% OF TOTAL.2": null}, "Female population: 40 - 44 years": {"Demographic": null, "2020": 33, "2024": 33, "2029": 29, "% OF TOTAL": 6.5, "% OF TOTAL.1": null, "% OF TOTAL.2": null}, "Female population: 45 - 49 years": {"Demographic": null, "2020": 32, "2024": 29, "2029": 29, "% OF TOTAL": 6.5, "% OF TOTAL.1": null, "% OF TOTAL.2": null}, "Female population: 50 - 54 years": {"Demographic": null, "2020": 43, "2024": 40, "2029": 34, "% OF TOTAL": 7.6, "% OF TOTAL.1": null, "% OF TOTAL.2": null}, "Female population: 55 - 59 years": {"Demographic": null, "2020": 32, "2024": 27, "2029": 28, "% OF TOTAL": 6.2, "% OF TOTAL.1": null, "% OF TOTAL.2": null}, "Female population: 60 - 64 years": {"Demographic": null, "2020": 37, "2024": 35, "2029": 29, "% OF TOTAL": 6.5, "% OF TOTAL.1": null, "% OF TOTAL.2": null}, "Female population: 65 - 69 years": {"Demographic": null, "2020": 30, "2024": 30, "2029": 29, "% OF TOTAL": 6.5, "% OF TOTAL.1": null, "% OF TOTAL.2": null}, "Female population: 70 - 74 years": {"Demographic": null, "2020": 21, "2024": 20, "2029": 23, "% OF TOTAL": 5.1, "% OF TOTAL.1": null, "% OF TOTAL.2": null}, "Female population: 75 - 79 years": {"Demographic": null, "2020": 26, "2024": 28, "2029": 25, "% OF TOTAL": 5.6, "% OF TOTAL.1": null, "% OF TOTAL.2": null}, "Female population: 80 - 84 years": {"Demographic": null, "2020": 7, "2024": 7, "2029": 13, "% OF TOTAL": 2.9, "% OF TOTAL.1": null, "% OF TOTAL.2": null}, "Female population: 85 years and over": {"Demographic": null, "2020": 3, "2024": 3, "2029": 5, "% OF TOTAL": 1.1, "% OF TOTAL.1": null, "% OF TOTAL.2": null}, "Male population: Median Age": {"Demographic": null, "2020": 40, "2024": 40, "2029": 42, "% OF TOTAL": null, "% OF TOTAL.1": null, "% OF TOTAL.2": null}, "Male population: Under 5 years": {"Demographic": null, "2020": 36, "2024": 32, "2029": 28, "% OF TOTAL": 6.0, "% OF TOTAL.1": null, "% OF TOTAL.2": null}, "Male population: 5 - 9 years": {"Demographic": null, "2020": 26, "2024": 25, "2029": 24, "% OF TOTAL": 5.2, "% OF TOTAL.1": null, "% OF TOTAL.2": null}, "Male population: 10 - 14 years": {"Demographic": null, "2020": 46, "2024": 44, "2029": 34, "% OF TOTAL": 7.3, "% OF TOTAL.1": null, "% OF TOTAL.2": null}, "Male population: 15 - 19 years": {"Demographic": null, "2020": 36, "2024": 37, "2029": 35, "% OF TOTAL": 7.5, "% OF TOTAL.1": null, "% OF TOTAL.2": null}, "Male population: 20 - 24 years": {"Demographic": null, "2020": 33, "2024": 31, "2029": 30, "% OF TOTAL": 6.5, "% OF TOTAL.1": null, "% OF TOTAL.2": null}, "Male population: 25 - 29 years": {"Demographic": null, "2020": 28, "2024": 26, "2029": 27, "% OF TOTAL": 5.8, "% OF TOTAL.1": null, "% OF TOTAL.2": null}, "Male population: 30 - 34 years": {"Demographic": null, "2020": 22, "2024": 20, "2029": 19, "% OF TOTAL": 4.1, "% OF TOTAL.1": null, "% OF TOTAL.2": null}, "Male population: 35 - 39 years": {"Demographic": null, "2020": 32, "2024": 29, "2029": 25, "% OF TOTAL": 5.4, "% OF TOTAL.1": null, "% OF TOTAL.2": null}, "Male population: 40 - 44 years": {"Demographic": null, "2020": 28, "2024": 28, "2029": 26, "% OF TOTAL": 5.6, "% OF TOTAL.1": null, "% OF TOTAL.2": null}, "Male population: 45 - 49 years": {"Demographic": null, "2020": 34, "2024": 30, "2029": 29, "% OF TOTAL": 6.2, "% OF TOTAL.1": null, "% OF TOTAL.2": null}, "Male population: 50 - 54 years": {"Demographic": null, "2020": 35, "2024": 33, "2029": 29, "% OF TOTAL": 6.2, "% OF TOTAL.1": null, "% OF TOTAL.2": null}, "Male population: 55 - 59 years": {"Demographic": null, "2020": 34, "2024": 29, "2029": 27, "% OF TOTAL": 5.8, "% OF TOTAL.1": null, "% OF TOTAL.2": null}, "Male population: 60 - 64 years": {"Demographic": null, "2020": 24, "2024": 22, "2029": 22, "% OF TOTAL": 4.7, "% OF TOTAL.1": null, "% OF TOTAL.2": null}, "Male population: 65 - 69 years": {"Demographic": null, "2020": 43, "2024": 41, "2029": 33, "% OF TOTAL": 7.1, "% OF TOTAL.1": null, "% OF TOTAL.2": null}, "Male population: 70 - 74 years": {"Demographic": null, "2020": 25, "2024": 25, "2029": 30, "% OF TOTAL": 6.5, "% OF TOTAL.1": null, "% OF TOTAL.2": null}, "Male population: 75 - 79 years": {"Demographic": null, "2020": 22, "2024": 25, "2029": 24, "% OF TOTAL": 5.2, "% OF TOTAL.1": null, "% OF TOTAL.2": null}, "Male population: 80 - 84 years": {"Demographic": null, "2020": 12, "2024": 13, "2029": 17, "% OF TOTAL": 3.7, "% OF TOTAL.1": null, "% OF TOTAL.2": null}, "Male population: 85 years and over": {"Demographic": null, "2020": 3, "2024": 3, "2029": 6, "% OF TOTAL": 1.3, "% OF TOTAL.1": null, "% OF TOTAL.2": null}, "White alone": {"Demographic": null, "2020": 879, "2024": 827, "2029": 779, "% OF TOTAL": 85.2, "% OF TOTAL.1": null, "% OF TOTAL.2": null}, "Black alone": {"Demographic": null, "2020": 27, "2024": 26, "2029": 25, "% OF TOTAL": 2.7, "% OF TOTAL.1": null, "% OF TOTAL.2": null}, "American Indian and Alaska Native alone": {"Demographic": null, "2020": 3, "2024": 3, "2029": 3, "% OF TOTAL": 0.3, "% OF TOTAL.1": null, "% OF TOTAL.2": null}, "Asian alone": {"Demographic": null, "2020": 35, "2024": 34, "2029": 33, "% OF TOTAL": 3.6, "% OF TOTAL.1": null, "% OF TOTAL.2": null}, "Native Hawaiian and OPI alone": {"Demographic": null, "2020": 0, "2024": 0, "2029": 0, "% OF TOTAL": 0.0, "% OF TOTAL.1": null, "% OF TOTAL.2": null}, "Some other race alone": {"Demographic": null, "2020": 8, "2024": 8, "2029": 8, "% OF TOTAL": 0.9, "% OF TOTAL.1": null, "% OF TOTAL.2": null}, "Two or more races alone": {"Demographic": null, "2020": 67, "2024": 71, "2029": 66, "% OF TOTAL": 7.2, "% OF TOTAL.1": null, "% OF TOTAL.2": null}, "Not Hispanic: White alone": {"Demographic": null, "2020": 872, "2024": 820, "2029": 772, "% OF TOTAL": 84.5, "% OF TOTAL.1": null, "% OF TOTAL.2": null}, "Not Hispanic: Black or African American alone": {"Demographic": null, "2020": 26, "2024": 25, "2029": 24, "% OF TOTAL": 2.6, "% OF TOTAL.1": null, "% OF TOTAL.2": null}, "Not Hispanic: American Indian and Alaska Native alone": {"Demographic": null, "2020": 2, "2024": 2, "2029": 2, "% OF TOTAL": 0.2, "% OF TOTAL.1": null, "% OF TOTAL.2": null}, "Not Hispanic: Asian alone": {"Demographic": null, "2020": 35, "2024": 34, "2029": 33, "% OF TOTAL": 3.6, "% OF TOTAL.1": null, "% OF TOTAL.2": null}, "Not Hispanic: Native Hawaiian and OPI alone": {"Demographic": null, "2020": 0, "2024": 0, "2029": 0, "% OF TOTAL": 0.0, "% OF TOTAL.1": null, "% OF TOTAL.2": null}, "Not Hispanic: Some Other Race alone": {"Demographic": null, "2020": 4, "2024": 4, "2029": 4, "% OF TOTAL": 0.4, "% OF TOTAL.1": null, "% OF TOTAL.2": null}, "Not Hispanic: Two or More Races": {"Demographic": null, "2020": 60, "2024": 64, "2029": 60, "% OF TOTAL": 6.6, "% OF TOTAL.1": null, "% OF TOTAL.2": null}, "Hispanic: White alone": {"Demographic": null, "2020": 7, "2024": 7, "2029": 7, "% OF TOTAL": 0.8, "% OF TOTAL.1": null, "% OF TOTAL.2": null}, "Hispanic: Black or African American alone": {"Demographic": null, "2020": 1, "2024": 1, "2029": 1, "% OF TOTAL": 0.1, "% OF TOTAL.1": null, "% OF TOTAL.2": null}, "Hispanic: American Indian and Alaska Native alone": {"Demographic": null, "2020": 1, "2024": 1, "2029": 1, "% OF TOTAL": 0.1, "% OF TOTAL.1": null, "% OF TOTAL.2": null}, "Hispanic: Asian alone": {"Demographic": null, "2020": 0, "2024": 0, "2029": 0, "% OF TOTAL": 0.0, "% OF TOTAL.1": null, "% OF TOTAL.2": null}, "Hispanic: Native Hawaiian and OPI alone": {"Demographic": null, "2020": 0, "2024": 0, "2029": 0, "% OF TOTAL": 0.0, "% OF TOTAL.1": null, "% OF TOTAL.2": null}, "Hispanic: Some Other Race alone": {"Demographic": null, "2020": 4, "2024": 4, "2029": 4, "% OF TOTAL": 0.4, "% OF TOTAL.1": null, "% OF TOTAL.2": null}, "Hispanic: Two or More Races": {"Demographic": null, "2020": 7, "2024": 7, "2029": 6, "% OF TOTAL": 0.7, "% OF TOTAL.1": null, "% OF TOTAL.2": null}, "Educational Attainment: No High School Diploma": {"Demographic": null, "2020": 168, "2024": 160, "2029": null, "% OF TOTAL": null, "% OF TOTAL.1": null, "% OF TOTAL.2": null}, "Educational Attainment: High School Diploma": {"Demographic": null, "2020": 288, "2024": 274, "2029": null, "% OF TOTAL": null, "% OF TOTAL.1": null, "% OF TOTAL.2": null}, "Educational Attainment: Some College": {"Demographic": null, "2020": 93, "2024": 88, "2029": null, "% OF TOTAL": null, "% OF TOTAL.1": null, "% OF TOTAL.2": null}, "Educational Attainment: Associates Degree": {"Demographic": null, "2020": 85, "2024": 81, "2029": null, "% OF TOTAL": null, "% OF TOTAL.1": null, "% OF TOTAL.2": null}, "Educational Attainment: Bachelors Degree": {"Demographic": null, "2020": 39, "2024": 37, "2029": null, "% OF TOTAL": null, "% OF TOTAL.1": null, "% OF TOTAL.2": null}, "Educational Attainment: Advanced Degree": {"Demographic": null, "2020": 15, "2024": 14, "2029": null, "% OF TOTAL": null, "% OF TOTAL.1": null, "% OF TOTAL.2": null}, "Employment Status: Armed Forces": {"Demographic": null, "2020": 0, "2024": 0, "2029": null, "% OF TOTAL": null, "% OF TOTAL.1": null, "% OF TOTAL.2": null}, "Employment Status: Civilian labor force employed": {"Demographic": null, "2020": 275, "2024": 266, "2029": null, "% OF TOTAL": null, "% OF TOTAL.1": null, "% OF TOTAL.2": null}, "Employment Status: Civilian labor force unemployed": {"Demographic": null, "2020": 0, "2024": 0, "2029": null, "% OF TOTAL": null, "% OF TOTAL.1": null, "% OF TOTAL.2": null}, "Employment Status: Not in labor force": {"Demographic": null, "2020": 522, "2024": 504, "2029": null, "% OF TOTAL": null, "% OF TOTAL.1": null, "% OF TOTAL.2": null}, "Employed in Agriculture and Mining Industries": {"Demographic": null, "2020": 15, "2024": 14, "2029": null, "% OF TOTAL": null, "% OF TOTAL.1": null, "% OF TOTAL.2": null}, "Employed in Construction Industries": {"Demographic": null, "2020": 40, "2024": 39, "2029": null, "% OF TOTAL": null, "% OF TOTAL.1": null, "% OF TOTAL.2": null}, "Employed in Manufacturing Industries": {"Demographic": null, "2020": 0, "2024": 0, "2029": null, "% OF TOTAL": null, "% OF TOTAL.1": null, "% OF TOTAL.2": null}, "Employed in Wholesale Industries": {"Demographic": null, "2020": 5, "2024": 5, "2029": null, "% OF TOTAL": null, "% OF TOTAL.1": null, "% OF TOTAL.2": null}, "Employed in Retail Industries": {"Demographic": null, "2020": 73, "2024": 71, "2029": null, "% OF TOTAL": null, "% OF TOTAL.1": null, "% OF TOTAL.2": null}, "Employed in Transportation and Utilities Industries": {"Demographic": null, "2020": 11, "2024": 11, "2029": null, "% OF TOTAL": null, "% OF TOTAL.1": null, "% OF TOTAL.2": null}, "Employed in Information Industries": {"Demographic": null, "2020": 0, "2024": 0, "2029": null, "% OF TOTAL": null, "% OF TOTAL.1": null, "% OF TOTAL.2": null}, "Employed in Real-Estate Industries": {"Demographic": null, "2020": 10, "2024": 10, "2029": null, "% OF TOTAL": null, "% OF TOTAL.1": null, "% OF TOTAL.2": null}, "Employed in Professional Industries": {"Demographic": null, "2020": 26, "2024": 25, "2029": null, "% OF TOTAL": null, "% OF TOTAL.1": null, "% OF TOTAL.2": null}, "Employed in Health and Education Industries": {"Demographic": null, "2020": 14, "2024": 13, "2029": null, "% OF TOTAL": null, "% OF TOTAL.1": null, "% OF TOTAL.2": null}, "Employed in Art Industries": {"Demographic": null, "2020": 43, "2024": 41, "2029": null, "% OF TOTAL": null, "% OF TOTAL.1": null, "% OF TOTAL.2": null}, "Employed in Other Industries": {"Demographic": null, "2020": 38, "2024": 37, "2029": null, "% OF TOTAL": null, "% OF TOTAL.1": null, "% OF TOTAL.2": null}, "Employed in Public Administration Industries": {"Demographic": null, "2020": 0, "2024": 0, "2029": null, "% OF TOTAL": null, "% OF TOTAL.1": null, "% OF TOTAL.2": null}, "Occupation: Management": {"Demographic": null, "2020": 39, "2024": 38, "2029": null, "% OF TOTAL": null, "% OF TOTAL.1": null, "% OF TOTAL.2": null}, "Occupation: Business and financial operations": {"Demographic": null, "2020": 12, "2024": 12, "2029": null, "% OF TOTAL": null, "% OF TOTAL.1": null, "% OF TOTAL.2": null}, "Occupation: Computer and mathematical": {"Demographic": null, "2020": 0, "2024": 0, "2029": null, "% OF TOTAL": null, "% OF TOTAL.1": null, "% OF TOTAL.2": null}, "Occupation: Architecture and engineering": {"Demographic": null, "2020": 0, "2024": 0, "2029": null, "% OF TOTAL": null, "% OF TOTAL.1": null, "% OF TOTAL.2": null}, "Occupation: Life, physical, and social science": {"Demographic": null, "2020": 0, "2024": 0, "2029": null, "% OF TOTAL": null, "% OF TOTAL.1": null, "% OF TOTAL.2": null}, "Occupation: Community and social service": {"Demographic": null, "2020": 0, "2024": 0, "2029": null, "% OF TOTAL": null, "% OF TOTAL.1": null, "% OF TOTAL.2": null}, "Occupation: Legal": {"Demographic": null, "2020": 0, "2024": 0, "2029": null, "% OF TOTAL": null, "% OF TOTAL.1": null, "% OF TOTAL.2": null}, "Occupation: Education, training, and library": {"Demographic": null, "2020": 7, "2024": 7, "2029": null, "% OF TOTAL": null, "% OF TOTAL.1": null, "% OF TOTAL.2": null}, "Occupation: Arts, design, entertainment, sports, and media": {"Demographic": null, "2020": 0, "2024": 0, "2029": null, "% OF TOTAL": null, "% OF TOTAL.1": null, "% OF TOTAL.2": null}, "Occupation: Health diagnosing and treating practitioners": {"Demographic": null, "2020": 0, "2024": 0, "2029": null, "% OF TOTAL": null, "% OF TOTAL.1": null, "% OF TOTAL.2": null}, "Occupation: Health technologists and technicians": {"Demographic": null, "2020": 0, "2024": 0, "2029": null, "% OF TOTAL": null, "% OF TOTAL.1": null, "% OF TOTAL.2": null}, "Occupation: Healthcare support": {"Demographic": null, "2020": 7, "2024": 7, "2029": null, "% OF TOTAL": null, "% OF TOTAL.1": null, "% OF TOTAL.2": null}, "Occupation: Fire fighting and prevention": {"Demographic": null, "2020": 0, "2024": 0, "2029": null, "% OF TOTAL": null, "% OF TOTAL.1": null, "% OF TOTAL.2": null}, "Occupation: Law enforcement workers": {"Demographic": null, "2020": 0, "2024": 0, "2029": null, "% OF TOTAL": null, "% OF TOTAL.1": null, "% OF TOTAL.2": null}, "Occupation: Food preparation and serving related": {"Demographic": null, "2020": 36, "2024": 35, "2029": null, "% OF TOTAL": null, "% OF TOTAL.1": null, "% OF TOTAL.2": null}, "Occupation: Building and grounds cleaning and maintenance": {"Demographic": null, "2020": 25, "2024": 24, "2029": null, "% OF TOTAL": null, "% OF TOTAL.1": null, "% OF TOTAL.2": null}, "Occupation: Personal care and service": {"Demographic": null, "2020": 25, "2024": 24, "2029": null, "% OF TOTAL": null, "% OF TOTAL.1": null, "% OF TOTAL.2": null}, "Occupation: Sales and related": {"Demographic": null, "2020": 33, "2024": 32, "2029": null, "% OF TOTAL": null, "% OF TOTAL.1": null, "% OF TOTAL.2": null}, "Occupation: Office and administrative support": {"Demographic": null, "2020": 12, "2024": 11, "2029": null, "% OF TOTAL": null, "% OF TOTAL.1": null, "% OF TOTAL.2": null}, "Occupation: Farming, fishing, and forestry": {"Demographic": null, "2020": 0, "2024": 0, "2029": null, "% OF TOTAL": null, "% OF TOTAL.1": null, "% OF TOTAL.2": null}, "Occupation: Construction and extraction": {"Demographic": null, "2020": 9, "2024": 9, "2029": null, "% OF TOTAL": null, "% OF TOTAL.1": null, "% OF TOTAL.2": null}, "Occupation: Installation, maintenance, and repair": {"Demographic": null, "2020": 28, "2024": 27, "2029": null, "% OF TOTAL": null, "% OF TOTAL.1": null, "% OF TOTAL.2": null}, "Occupation: Production": {"Demographic": null, "2020": 6, "2024": 6, "2029": null, "% OF TOTAL": null, "% OF TOTAL.1": null, "% OF TOTAL.2": null}, "Occupation: Transportation": {"Demographic": null, "2020": 15, "2024": 14, "2029": null, "% OF TOTAL": null, "% OF TOTAL.1": null, "% OF TOTAL.2": null}, "Occupation: Material moving": {"Demographic": null, "2020": 21, "2024": 20, "2029": null, "% OF TOTAL": null, "% OF TOTAL.1": null, "% OF TOTAL.2": null}, "White collar": {"Demographic": null, "2020": 103, "2024": 100, "2029": null, "% OF TOTAL": null, "% OF TOTAL.1": null, "% OF TOTAL.2": null}, "Blue collar": {"Demographic": null, "2020": 172, "2024": 166, "2029": null, "% OF TOTAL": null, "% OF TOTAL.1": null, "% OF TOTAL.2": null}, "Means of transportation: Car, truck or van": {"Demographic": null, "2020": 227, "2024": 219, "2029": null, "% OF TOTAL": null, "% OF TOTAL.1": null, "% OF TOTAL.2": null}, "Means of transportation: Public transportation": {"Demographic": null, "2020": 0, "2024": 0, "2029": null, "% OF TOTAL": null, "% OF TOTAL.1": null, "% OF TOTAL.2": null}, "Means of transportation: Other": {"Demographic": null, "2020": 0, "2024": 0, "2029": null, "% OF TOTAL": null, "% OF TOTAL.1": null, "% OF TOTAL.2": null}, "Travel time: Average (in minutes)": {"Demographic": null, "2020": 27, "2024": 27, "2029": null, "% OF TOTAL": null, "% OF TOTAL.1": null, "% OF TOTAL.2": null}, "Travel time to work: Less than 30 minutes": {"Demographic": null, "2020": 126, "2024": 122, "2029": null, "% OF TOTAL": null, "% OF TOTAL.1": null, "% OF TOTAL.2": null}, "Travel time to work: 30 to 60 minutes": {"Demographic": null, "2020": 101, "2024": 97, "2029": null, "% OF TOTAL": null, "% OF TOTAL.1": null, "% OF TOTAL.2": null}, "Travel time to work: 60 or more minutes": {"Demographic": null, "2020": 0, "2024": 0, "2029": null, "% OF TOTAL": null, "% OF TOTAL.1": null, "% OF TOTAL.2": null}}, "demographic_snapshot": {"Total Population": {"Demographic": null, "2020": 1019, "2024": 969, "2029": 914, "% OF TOTAL": null, "% OF TOTAL.1": null, "% OF TOTAL.2": null}, "Households": {"Demographic": null, "2020": 365, "2024": 351, "2029": 336, "% OF TOTAL": null, "% OF TOTAL.1": null, "% OF TOTAL.2": null}, "Population in Group Quarters": {"Demographic": null, "2020": 0, "2024": 0, "2029": 0, "% OF TOTAL": null, "% OF TOTAL.1": null, "% OF TOTAL.2": null}, "Households Growth": {"Demographic": null, "2020": null, "2024": -3.8, "2029": -4.3, "% OF TOTAL": null, "% OF TOTAL.1": null, "% OF TOTAL.2": null}, "Household Income: Median": {"Demographic": null, "2020": 0, "2024": 49244, "2029": 53256, "% OF TOTAL": null, "% OF TOTAL.1": null, "% OF TOTAL.2": null}, "Home Value: Median": {"Demographic": null, "2020": 93952, "2024": 94000, "2029": null, "% OF TOTAL": null, "% OF TOTAL.1": null, "% OF TOTAL.2": null}, "Population Growth": {"Demographic": null, "2020": null, "2024": -4.9, "2029": -5.7, "% OF TOTAL": null, "% OF TOTAL.1": null, "% OF TOTAL.2": null}, "Total Population: Under 19 years": {"Demographic": null, "2020": 279, "2024": 265, "2029": 233, "% OF TOTAL": 25.5, "% OF TOTAL.1": null, "% OF TOTAL.2": null}, "Total Population: 20 - 64 years": {"Demographic": null, "2020": 548, "2024": 509, "2029": 476, "% OF TOTAL": 52.1, "% OF TOTAL.1": null, "% OF TOTAL.2": null}, "Total Population: 65 years and over": {"Demographic": null, "2020": 192, "2024": 195, "2029": 205, "% OF TOTAL": 22.4, "% OF TOTAL.1": null, "% OF TOTAL.2": null}, "Total population: Median age": {"Demographic": null, "2020": 41, "2024": 41, "2029": 42, "% OF TOTAL": null, "% OF TOTAL.1": null, "% OF TOTAL.2": null}, "Total population: Under 5 years": {"Demographic": null, "2020": 67, "2024": 60, "2029": 52, "% OF TOTAL": 5.7, "% OF TOTAL.1": null, "% OF TOTAL.2": null}, "Total population: 5 - 9 years": {"Demographic": null, "2020": 68, "2024": 64, "2029": 57, "% OF TOTAL": 6.2, "% OF TOTAL.1": null, "% OF TOTAL.2": null}, "Total population: 10 - 14 years": {"Demographic": null, "2020": 71, "2024": 67, "2029": 60, "% OF TOTAL": 6.6, "% OF TOTAL.1": null, "% OF TOTAL.2": null}, "Total population: 15 - 19 years": {"Demographic": null, "2020": 73, "2024": 74, "2029": 64, "% OF TOTAL": 7.0, "% OF TOTAL.1": null, "% OF TOTAL.2": null}, "Total population: 20 - 24 years": {"Demographic": null, "2020": 52, "2024": 50, "2029": 53, "% OF TOTAL": 5.8, "% OF TOTAL.1": null, "% OF TOTAL.2": null}, "Total population: 25 - 29 years": {"Demographic": null, "2020": 59, "2024": 55, "2029": 51, "% OF TOTAL": 5.6, "% OF TOTAL.1": null, "% OF TOTAL.2": null}, "Total population: 30 - 34 years": {"Demographic": null, "2020": 44, "2024": 41, "2029": 41, "% OF TOTAL": 4.5, "% OF TOTAL.1": null, "% OF TOTAL.2": null}, "Total population: 35 - 39 years": {"Demographic": null, "2020": 61, "2024": 57, "2029": 49, "% OF TOTAL": 5.4, "% OF TOTAL.1": null, "% OF TOTAL.2": null}, "Total population: 40 - 44 years": {"Demographic": null, "2020": 61, "2024": 61, "2029": 55, "% OF TOTAL": 6.0, "% OF TOTAL.1": null, "% OF TOTAL.2": null}, "Total population: 45 - 49 years": {"Demographic": null, "2020": 66, "2024": 59, "2029": 58, "% OF TOTAL": 6.3, "% OF TOTAL.1": null, "% OF TOTAL.2": null}, "Total population: 50 - 54 years": {"Demographic": null, "2020": 78, "2024": 73, "2029": 63, "% OF TOTAL": 6.9, "% OF TOTAL.1": null, "% OF TOTAL.2": null}, "Total population: 55 - 59 years": {"Demographic": null, "2020": 66, "2024": 56, "2029": 55, "% OF TOTAL": 6.0, "% OF TOTAL.1": null, "% OF TOTAL.2": null}, "Total population: 60 - 64 years": {"Demographic": null, "2020": 61, "2024": 57, "2029": 51, "% OF TOTAL": 5.6, "% OF TOTAL.1": null, "% OF TOTAL.2": null}, "Total population: 65 - 69 years": {"Demographic": null, "2020": 73, "2024": 71, "2029": 62, "% OF TOTAL": 6.8, "% OF TOTAL.1": null, "% OF TOTAL.2": null}, "Total population: 70 - 74 years": {"Demographic": null, "2020": 46, "2024": 45, "2029": 53, "% OF TOTAL": 5.8, "% OF TOTAL.1": null, "% OF TOTAL.2": null}, "Total population: 75 - 79 years": {"Demographic": null, "2020": 48, "2024": 53, "2029": 49, "% OF TOTAL": 5.4, "% OF TOTAL.1": null, "% OF TOTAL.2": null}, "Total population: 80 - 84 years": {"Demographic": null, "2020": 19, "2024": 20, "2029": 30, "% OF TOTAL": 3.3, "% OF TOTAL.1": null, "% OF TOTAL.2": null}, "Total population: 85 years and over": {"Demographic": null, "2020": 6, "2024": 6, "2029": 11, "% OF TOTAL": 1.2, "% OF TOTAL.1": null, "% OF TOTAL.2": null}, "Householders Age 15-24": {"Demographic": null, "2020": 11, "2024": 11, "2029": 12, "% OF TOTAL": 3.6, "% OF TOTAL.1": null, "% OF TOTAL.2": null}, "Householders Age 25-34": {"Demographic": null, "2020": 34, "2024": 32, "2029": 30, "% OF TOTAL": 8.9, "% OF TOTAL.1": null, "% OF TOTAL.2": null}, "Householders Age 35-44": {"Demographic": null, "2020": 54, "2024": 51, "2029": 44, "% OF TOTAL": 13.1, "% OF TOTAL.1": null, "% OF TOTAL.2": null}, "Householders Age 45-54": {"Demographic": null, "2020": 65, "2024": 62, "2029": 56, "% OF TOTAL": 16.7, "% OF TOTAL.1": null, "% OF TOTAL.2": null}, "Householders Age 55-64": {"Demographic": null, "2020": 73, "2024": 71, "2029": 66, "% OF TOTAL": 19.6, "% OF TOTAL.1": null, "% OF TOTAL.2": null}, "Householders Age 65-74": {"Demographic": null, "2020": 81, "2024": 78, "2029": 76, "% OF TOTAL": 22.6, "% OF TOTAL.1": null, "% OF TOTAL.2": null}, "Householders Age 75+": {"Demographic": null, "2020": 47, "2024": 46, "2029": 52, "% OF TOTAL": 15.5, "% OF TOTAL.1": null, "% OF TOTAL.2": null}, "Household income: Average": {"Demographic": null, "2020": 45740, "2024": 50200, "2029": 55476, "% OF TOTAL": null, "% OF TOTAL.1": null, "% OF TOTAL.2": null}, "Household income: Less than 25k": {"Demographic": null, "2020": 152, "2024": 125, "2029": 102, "% OF TOTAL": 30.4, "% OF TOTAL.1": null, "% OF TOTAL.2": null}, "Household income: 25k - 50k": {"Demographic": null, "2020": 55, "2024": 57, "2029": 52, "% OF TOTAL": 15.5, "% OF TOTAL.1": null, "% OF TOTAL.2": null}, "Household income: 50k - 75k": {"Demographic": null, "2020": 92, "2024": 93, "2029": 84, "% OF TOTAL": 25.0, "% OF TOTAL.1": null, "% OF TOTAL.2": null}, "Household income: 75k - 100k": {"Demographic": null, "2020": 45, "2024": 54, "2029": 70, "% OF TOTAL": 20.8, "% OF TOTAL.1": null, "% OF TOTAL.2": null}, "Household income: 100k - 125k": {"Demographic": null, "2020": 16, "2024": 15, "2029": 19, "% OF TOTAL": 5.7, "% OF TOTAL.1": null, "% OF TOTAL.2": null}, "Household income: 125k - 150k": {"Demographic": null, "2020": 0, "2024": 0, "2029": 0, "% OF TOTAL": 0.0, "% OF TOTAL.1": null, "% OF TOTAL.2": null}, "Household income: 150k - 200k": {"Demographic": null, "2020": 5, "2024": 7, "2029": 9, "% OF TOTAL": 2.7, "% OF TOTAL.1": null, "% OF TOTAL.2": null}, "Household income: Above 200k": {"Demographic": null, "2020": 0, "2024": 0, "2029": 0, "% OF TOTAL": 0.0, "% OF TOTAL.1": null, "% OF TOTAL.2": null}, "White Alone": {"Demographic": null, "2020": 879, "2024": 827, "2029": 779, "% OF TOTAL": 85.2, "% OF TOTAL.1": null, "% OF TOTAL.2": null}, "Black or African American Alone": {"Demographic": null, "2020": 27, "2024": 26, "2029": 25, "% OF TOTAL": 2.7, "% OF TOTAL.1": null, "% OF TOTAL.2": null}, "American Indian and Alaska Native Alone": {"Demographic": null, "2020": 3, "2024": 3, "2029": 3, "% OF TOTAL": 0.3, "% OF TOTAL.1": null, "% OF TOTAL.2": null}, "Asian Alone": {"Demographic": null, "2020": 35, "2024": 34, "2029": 33, "% OF TOTAL": 3.6, "% OF TOTAL.1": null, "% OF TOTAL.2": null}, "Native Hawaiian and OPI Alone": {"Demographic": null, "2020": 0, "2024": 0, "2029": 0, "% OF TOTAL": 0.0, "% OF TOTAL.1": null, "% OF TOTAL.2": null}, "Some Other Race Alone": {"Demographic": null, "2020": 8, "2024": 8, "2029": 8, "% OF TOTAL": 0.9, "% OF TOTAL.1": null, "% OF TOTAL.2": null}, "Two or More Races Alone": {"Demographic": null, "2020": 67, "2024": 71, "2029": 66, "% OF TOTAL": 7.2, "% OF TOTAL.1": null, "% OF TOTAL.2": null}, "Not Hispanic or Latino": {"Demographic": null, "2020": 999, "2024": 949, "2029": 895, "% OF TOTAL": 97.9, "% OF TOTAL.1": null, "% OF TOTAL.2": null}, "Hispanic or Latino": {"Demographic": null, "2020": 20, "2024": 20, "2029": 19, "% OF TOTAL": 2.1, "% OF TOTAL.1": null, "% OF TOTAL.2": null}, "Total Housing Units": {"Demographic": null, "2020": 439, "2024": null, "2029": null, "% OF TOTAL": null, "% OF TOTAL.1": null, "% OF TOTAL.2": null}, "Owner Occupied Housing Units": {"Demographic": null, "2020": 283, "2024": 272, "2029": null, "% OF TOTAL": null, "% OF TOTAL.1": null, "% OF TOTAL.2": null}, "Renter Occupied Housing Units": {"Demographic": null, "2020": 82, "2024": 79, "2029": null, "% OF TOTAL": null, "% OF TOTAL.1": null, "% OF TOTAL.2": null}, "Housing Units Value Less Than 100k": {"Demographic": null, "2020": 179, "2024": 172, "2029": null, "% OF TOTAL": null, "% OF TOTAL.1": null, "% OF TOTAL.2": null}, "Housing Units Value 100k - 200k": {"Demographic": null, "2020": 81, "2024": 78, "2029": null, "% OF TOTAL": null, "% OF TOTAL.1": null, "% OF TOTAL.2": null}, "Housing Units Value 200k - 250k": {"Demographic": null, "2020": 0, "2024": 0, "2029": null, "% OF TOTAL": null, "% OF TOTAL.1": null, "% OF TOTAL.2": null}, "Housing Units Value 250k - 300k": {"Demographic": null, "2020": 4, "2024": 4, "2029": null, "% OF TOTAL": null, "% OF TOTAL.1": null, "% OF TOTAL.2": null}, "Housing Units Value 300k - 400k": {"Demographic": null, "2020": 13, "2024": 12, "2029": null, "% OF TOTAL": null, "% OF TOTAL.1": null, "% OF TOTAL.2": null}, "Housing Units Value 400k - 500k": {"Demographic": null, "2020": 0, "2024": 0, "2029": null, "% OF TOTAL": null, "% OF TOTAL.1": null, "% OF TOTAL.2": null}, "Housing Units Value 500k - 750k": {"Demographic": null, "2020": 0, "2024": 0, "2029": null, "% OF TOTAL": null, "% OF TOTAL.1": null, "% OF TOTAL.2": null}, "Housing Units Value 750k - 1m": {"Demographic": null, "2020": 0, "2024": 0, "2029": null, "% OF TOTAL": null, "% OF TOTAL.1": null, "% OF TOTAL.2": null}, "Housing Units Value 1m - 1.5m": {"Demographic": null, "2020": 0, "2024": 0, "2029": null, "% OF TOTAL": null, "% OF TOTAL.1": null, "% OF TOTAL.2": null}, "Housing Units Value 1.5m - 2m": {"Demographic": null, "2020": 6, "2024": 6, "2029": null, "% OF TOTAL": null, "% OF TOTAL.1": null, "% OF TOTAL.2": null}, "Housing Units Value >2m": {"Demographic": null, "2020": 0, "2024": 0, "2029": null, "% OF TOTAL": null, "% OF TOTAL.1": null, "% OF TOTAL.2": null}, "Take Car or Truck to Work": {"Demographic": null, "2020": 227, "2024": 219, "2029": null, "% OF TOTAL": null, "% OF TOTAL.1": null, "% OF TOTAL.2": null}, "Take Public Transportation to Work": {"Demographic": null, "2020": 0, "2024": 0, "2029": null, "% OF TOTAL": null, "% OF TOTAL.1": null, "% OF TOTAL.2": null}, "Take Other Means of Transportation to Work": {"Demographic": null, "2020": 0, "2024": 0, "2029": null, "% OF TOTAL": null, "% OF TOTAL.1": null, "% OF TOTAL.2": null}, "Average Travel Time (min)": {"Demographic": null, "2020": 28, "2024": 28, "2029": null, "% OF TOTAL": null, "% OF TOTAL.1": null, "% OF TOTAL.2": null}, "Travel Below 30 Min to Work": {"Demographic": null, "2020": 126, "2024": 122, "2029": null, "% OF TOTAL": null, "% OF TOTAL.1": null, "% OF TOTAL.2": null}, "Travel 30-60 Min to Work": {"Demographic": null, "2020": 101, "2024": 97, "2029": null, "% OF TOTAL": null, "% OF TOTAL.1": null, "% OF TOTAL.2": null}, "Travel Above 60 Min to Work": {"Demographic": null, "2020": 27, "2024": 0, "2029": null, "% OF TOTAL": null, "% OF TOTAL.1": null, "% OF TOTAL.2": null}, "Educational Attainment: No High School Diploma": {"Demographic": null, "2020": 456, "2024": 434, "2029": null, "% OF TOTAL": null, "% OF TOTAL.1": null, "% OF TOTAL.2": null}, "Educational Attainment: High School Diploma": {"Demographic": null, "2020": 288, "2024": 274, "2029": null, "% OF TOTAL": null, "% OF TOTAL.1": null, "% OF TOTAL.2": null}, "Educational Attainment: Some College": {"Demographic": null, "2020": 217, "2024": 206, "2029": null, "% OF TOTAL": null, "% OF TOTAL.1": null, "% OF TOTAL.2": null}, "Educational Attainment: Associate's Degree": {"Demographic": null, "2020": 85, "2024": 81, "2029": null, "% OF TOTAL": null, "% OF TOTAL.1": null, "% OF TOTAL.2": null}, "Educational Attainment: Bachelors Degree": {"Demographic": null, "2020": 39, "2024": 37, "2029": null, "% OF TOTAL": null, "% OF TOTAL.1": null, "% OF TOTAL.2": null}, "Educational Attainment: Advanced Degree": {"Demographic": null, "2020": 15, "2024": 14, "2029": null, "% OF TOTAL": null, "% OF TOTAL.1": null, "% OF TOTAL.2": null}, "Households: Number of vehicles available - Average": {"Demographic": null, "2020": 1, "2024": 1, "2029": null, "% OF TOTAL": null, "% OF TOTAL.1": null, "% OF TOTAL.2": null}, "Households: No Vehicle available": {"Demographic": null, "2020": 0, "2024": 0, "2029": null, "% OF TOTAL": null, "% OF TOTAL.1": null, "% OF TOTAL.2": null}, "Households: 1 Vehicle available": {"Demographic": null, "2020": 190, "2024": 183, "2029": null, "% OF TOTAL": null, "% OF TOTAL.1": null, "% OF TOTAL.2": null}, "Households: 2 Vehicles available": {"Demographic": null, "2020": 102, "2024": 98, "2029": null, "% OF TOTAL": null, "% OF TOTAL.1": null, "% OF TOTAL.2": null}, "Households: 3 Vehicles available": {"Demographic": null, "2020": 66, "2024": 63, "2029": null, "% OF TOTAL": null, "% OF TOTAL.1": null, "% OF TOTAL.2": null}, "Households: 4 or more Vehicles available": {"Demographic": null, "2020": 7, "2024": 7, "2029": null, "% OF TOTAL": null, "% OF TOTAL.1": null, "% OF TOTAL.2": null}}, "household_trends": {"Households": {"Demographic": null, "2020": 365, "2024": 351, "2029": 336, "% OF TOTAL": null, "% OF TOTAL.1": null, "% OF TOTAL.2": null}, "Households Growth": {"Demographic": null, "2020": null, "2024": -3.8, "2029": -4.3, "% OF TOTAL": null, "% OF TOTAL.1": null, "% OF TOTAL.2": null}, "Householder Age 15-24": {"Demographic": null, "2020": 11, "2024": 11, "2029": 12, "% OF TOTAL": 3.6, "% OF TOTAL.1": null, "% OF TOTAL.2": null}, "Householder Age 25-34": {"Demographic": null, "2020": 34, "2024": 32, "2029": 30, "% OF TOTAL": 8.9, "% OF TOTAL.1": null, "% OF TOTAL.2": null}, "Householder Age 35-44": {"Demographic": null, "2020": 54, "2024": 51, "2029": 44, "% OF TOTAL": 13.1, "% OF TOTAL.1": null, "% OF TOTAL.2": null}, "Householder Age 45-54": {"Demographic": null, "2020": 65, "2024": 62, "2029": 56, "% OF TOTAL": 16.7, "% OF TOTAL.1": null, "% OF TOTAL.2": null}, "Householder Age 55-64": {"Demographic": null, "2020": 73, "2024": 71, "2029": 66, "% OF TOTAL": 19.6, "% OF TOTAL.1": null, "% OF TOTAL.2": null}, "Householder Age 65-74": {"Demographic": null, "2020": 81, "2024": 78, "2029": 76, "% OF TOTAL": 22.6, "% OF TOTAL.1": null, "% OF TOTAL.2": null}, "Householder Age 75+": {"Demographic": null, "2020": 47, "2024": 46, "2029": 52, "% OF TOTAL": 15.5, "% OF TOTAL.1": null, "% OF TOTAL.2": null}, "Average Household Size": {"Demographic": null, "2020": 2.8, "2024": 2.8, "2029": 2.7, "% OF TOTAL": null, "% OF TOTAL.1": null, "% OF TOTAL.2": null}, "1 Person Households": {"Demographic": null, "2020": 79, "2024": 72, "2029": 71, "% OF TOTAL": 21.1, "% OF TOTAL.1": null, "% OF TOTAL.2": null}, "2 Person Households": {"Demographic": null, "2020": 126, "2024": 116, "2029": 113, "% OF TOTAL": 33.6, "% OF TOTAL.1": null, "% OF TOTAL.2": null}, "3 Person Households": {"Demographic": null, "2020": 72, "2024": 67, "2029": 65, "% OF TOTAL": 19.3, "% OF TOTAL.1": null, "% OF TOTAL.2": null}, "4 Person Households": {"Demographic": null, "2020": 45, "2024": 50, "2029": 45, "% OF TOTAL": 13.4, "% OF TOTAL.1": null, "% OF TOTAL.2": null}, "5 Person Households": {"Demographic": null, "2020": 20, "2024": 22, "2029": 20, "% OF TOTAL": 6.0, "% OF TOTAL.1": null, "% OF TOTAL.2": null}, "6 Person Households": {"Demographic": null, "2020": 13, "2024": 13, "2029": 11, "% OF TOTAL": 3.3, "% OF TOTAL.1": null, "% OF TOTAL.2": null}, "7+ Person Households": {"Demographic": null, "2020": 10, "2024": 11, "2029": 11, "% OF TOTAL": 3.3, "% OF TOTAL.1": null, "% OF TOTAL.2": null}, "Household Type: Family": {"Demographic": null, "2020": 267, "2024": 257, "2029": null, "% OF TOTAL": null, "% OF TOTAL.1": null, "% OF TOTAL.2": null}, "Household Type: Married Family": {"Demographic": null, "2020": 162, "2024": 156, "2029": null, "% OF TOTAL": null, "% OF TOTAL.1": null, "% OF TOTAL.2": null}, "Household Type: Married Family With Children": {"Demographic": null, "2020": 52, "2024": 50, "2029": null, "% OF TOTAL": null, "% OF TOTAL.1": null, "% OF TOTAL.2": null}, "Household Type: Married Family Without Children": {"Demographic": null, "2020": 110, "2024": 106, "2029": null, "% OF TOTAL": null, "% OF TOTAL.1": null, "% OF TOTAL.2": null}, "Household Type: Other Family": {"Demographic": null, "2020": 105, "2024": 101, "2029": null, "% OF TOTAL": null, "% OF TOTAL.1": null, "% OF TOTAL.2": null}, "Household Type: Male Households, No Wife": {"Demographic": null, "2020": 33, "2024": 32, "2029": null, "% OF TOTAL": null, "% OF TOTAL.1": null, "% OF TOTAL.2": null}, "Household Type: Male Households, No Wife With Children": {"Demographic": null, "2020": 13, "2024": 13, "2029": null, "% OF TOTAL": null, "% OF TOTAL.1": null, "% OF TOTAL.2": null}, "Household Type: Male Households, No Wife Without Children": {"Demographic": null, "2020": 20, "2024": 19, "2029": null, "% OF TOTAL": null, "% OF TOTAL.1": null, "% OF TOTAL.2": null}, "Household Type: Female Households, No Husband": {"Demographic": null, "2020": 72, "2024": 69, "2029": null, "% OF TOTAL": null, "% OF TOTAL.1": null, "% OF TOTAL.2": null}, "Household Type: Female Households, No Husband With Children": {"Demographic": null, "2020": 37, "2024": 35, "2029": null, "% OF TOTAL": null, "% OF TOTAL.1": null, "% OF TOTAL.2": null}, "Household Type: Female Households, No Husband Without Children": {"Demographic": null, "2020": 35, "2024": 34, "2029": null, "% OF TOTAL": null, "% OF TOTAL.1": null, "% OF TOTAL.2": null}, "Household Income: Average": {"Demographic": null, "2020": 45740, "2024": 50200, "2029": 55476, "% OF TOTAL": null, "% OF TOTAL.1": null, "% OF TOTAL.2": null}, "Household Income: Median": {"Demographic": null, "2020": 0, "2024": 49244, "2029": 53256, "% OF TOTAL": null, "% OF TOTAL.1": null, "% OF TOTAL.2": null}, "Household Income: Less than $25k": {"Demographic": null, "2020": 152, "2024": 125, "2029": 102, "% OF TOTAL": 30.4, "% OF TOTAL.1": null, "% OF TOTAL.2": null}, "Household Income: $25k - $50k": {"Demographic": null, "2020": 55, "2024": 57, "2029": 52, "% OF TOTAL": 15.5, "% OF TOTAL.1": null, "% OF TOTAL.2": null}, "Household Income: $50k - $75k": {"Demographic": null, "2020": 92, "2024": 93, "2029": 84, "% OF TOTAL": 25.0, "% OF TOTAL.1": null, "% OF TOTAL.2": null}, "Household Income: $75k - $100k": {"Demographic": null, "2020": 45, "2024": 54, "2029": 70, "% OF TOTAL": 20.8, "% OF TOTAL.1": null, "% OF TOTAL.2": null}, "Household Income: $100k - $125k": {"Demographic": null, "2020": 16, "2024": 15, "2029": 19, "% OF TOTAL": 5.7, "% OF TOTAL.1": null, "% OF TOTAL.2": null}, "Household Income: $125k - $150k": {"Demographic": null, "2020": 0, "2024": 0, "2029": 0, "% OF TOTAL": 0.0, "% OF TOTAL.1": null, "% OF TOTAL.2": null}, "Household Income: $150k - $200k": {"Demographic": null, "2020": 5, "2024": 7, "2029": 9, "% OF TOTAL": 2.7, "% OF TOTAL.1": null, "% OF TOTAL.2": null}, "Household Income: Above $200k": {"Demographic": null, "2020": 0, "2024": 0, "2029": 0, "% OF TOTAL": 0.0, "% OF TOTAL.1": null, "% OF TOTAL.2": null}, "Total Housing Units": {"Demographic": null, "2020": 439, "2024": null, "2029": null, "% OF TOTAL": null, "% OF TOTAL.1": null, "% OF TOTAL.2": null}, "Owner Occupied Housing Units": {"Demographic": null, "2020": 283, "2024": 272, "2029": null, "% OF TOTAL": null, "% OF TOTAL.1": null, "% OF TOTAL.2": null}, "Renter Occupied Housing Units": {"Demographic": null, "2020": 82, "2024": 79, "2029": null, "% OF TOTAL": null, "% OF TOTAL.1": null, "% OF TOTAL.2": null}, "Vacant Housing Units": {"Demographic": null, "2020": 74, "2024": null, "2029": null, "% OF TOTAL": null, "% OF TOTAL.1": null, "% OF TOTAL.2": null}, "Vacant Housing Units: Seasonal": {"Demographic": null, "2020": 19, "2024": null, "2029": null, "% OF TOTAL": null, "% OF TOTAL.1": null, "% OF TOTAL.2": null}, "Vacant Housing Units: Other Usage": {"Demographic": null, "2020": 55, "2024": null, "2029": null, "% OF TOTAL": null, "% OF TOTAL.1": null, "% OF TOTAL.2": null}, "Average Housing Unit Value": {"Demographic": null, "2020": 134779, "2024": 135938, "2029": null, "% OF TOTAL": null, "% OF TOTAL.1": null, "% OF TOTAL.2": null}, "Median Housing Unit Value": {"Demographic": null, "2020": 93952, "2024": 94000, "2029": null, "% OF TOTAL": null, "% OF TOTAL.1": null, "% OF TOTAL.2": null}, "Housing Unit Value Less Than $100k": {"Demographic": null, "2020": 179, "2024": 172, "2029": null, "% OF TOTAL": null, "% OF TOTAL.1": null, "% OF TOTAL.2": null}, "Housing Unit Value $100k-$200k": {"Demographic": null, "2020": 81, "2024": 78, "2029": null, "% OF TOTAL": null, "% OF TOTAL.1": null, "% OF TOTAL.2": null}, "Housing Unit Value $200k-$250k": {"Demographic": null, "2020": 0, "2024": 0, "2029": null, "% OF TOTAL": null, "% OF TOTAL.1": null, "% OF TOTAL.2": null}, "Housing Unit Value $250k-$300k": {"Demographic": null, "2020": 4, "2024": 4, "2029": null, "% OF TOTAL": null, "% OF TOTAL.1": null, "% OF TOTAL.2": null}, "Housing Unit Value $300k-$400k": {"Demographic": null, "2020": 13, "2024": 12, "2029": null, "% OF TOTAL": null, "% OF TOTAL.1": null, "% OF TOTAL.2": null}, "Housing Unit Value $400k-$500k": {"Demographic": null, "2020": 0, "2024": 0, "2029": null, "% OF TOTAL": null, "% OF TOTAL.1": null, "% OF TOTAL.2": null}, "Housing Unit Value $500k-$750k": {"Demographic": null, "2020": 0, "2024": 0, "2029": null, "% OF TOTAL": null, "% OF TOTAL.1": null, "% OF TOTAL.2": null}, "Housing Unit Value $750k-$1m": {"Demographic": null, "2020": 0, "2024": 0, "2029": null, "% OF TOTAL": null, "% OF TOTAL.1": null, "% OF TOTAL.2": null}, "Housing Unit Value $1m-$1.5m": {"Demographic": null, "2020": 0, "2024": 0, "2029": null, "% OF TOTAL": null, "% OF TOTAL.1": null, "% OF TOTAL.2": null}, "Housing Unit Value $1.5m-$2m": {"Demographic": null, "2020": 6, "2024": 6, "2029": null, "% OF TOTAL": null, "% OF TOTAL.1": null, "% OF TOTAL.2": null}, "Housing Unit Value Above $2m": {"Demographic": null, "2020": 0, "2024": 0, "2029": null, "% OF TOTAL": null, "% OF TOTAL.1": null, "% OF TOTAL.2": null}, "Median Housing Unit Year Built": {"Demographic": null, "2020": 1974, "2024": 1974, "2029": null, "% OF TOTAL": null, "% OF TOTAL.1": null, "% OF TOTAL.2": null}, "Housing Units Built 2014 Or After": {"Demographic": null, "2020": 0, "2024": 0, "2029": null, "% OF TOTAL": null, "% OF TOTAL.1": null, "% OF TOTAL.2": null}, "Housing Units Built 2010-2013": {"Demographic": null, "2020": 27, "2024": 26, "2029": null, "% OF TOTAL": null, "% OF TOTAL.1": null, "% OF TOTAL.2": null}, "Housing Units Built 2000-2009": {"Demographic": null, "2020": 58, "2024": 56, "2029": null, "% OF TOTAL": null, "% OF TOTAL.1": null, "% OF TOTAL.2": null}, "Housing Units Built 1990-1999": {"Demographic": null, "2020": 47, "2024": 45, "2029": null, "% OF TOTAL": null, "% OF TOTAL.1": null, "% OF TOTAL.2": null}, "Housing Units Built 1980-1989": {"Demographic": null, "2020": 14, "2024": 14, "2029": null, "% OF TOTAL": null, "% OF TOTAL.1": null, "% OF TOTAL.2": null}, "Housing Units Built 1970-1979": {"Demographic": null, "2020": 57, "2024": 54, "2029": null, "% OF TOTAL": null, "% OF TOTAL.1": null, "% OF TOTAL.2": null}, "Housing Units Built 1960-1969": {"Demographic": null, "2020": 55, "2024": 53, "2029": null, "% OF TOTAL": null, "% OF TOTAL.1": null, "% OF TOTAL.2": null}, "Housing Units Built 1950-1959": {"Demographic": null, "2020": 88, "2024": 85, "2029": null, "% OF TOTAL": null, "% OF TOTAL.1": null, "% OF TOTAL.2": null}, "Housing Units Built 1940-1949": {"Demographic": null, "2020": 19, "2024": 18, "2029": null, "% OF TOTAL": null, "% OF TOTAL.1": null, "% OF TOTAL.2": null}, "Housing Units Built Before 1940": {"Demographic": null, "2020": 0, "2024": 0, "2029": null, "% OF TOTAL": null, "% OF TOTAL.1": null, "% OF TOTAL.2": null}}}, "geometry": {"type": "Polygon", "coordinates": [[[-88.229541, 30.383942], [-88.229905, 30.412981], [-88.1964, 30.413292], [-88.196046, 30.384253], [-88.229541, 30.383942]]]}}, {"type": "Feature", "properties": {"block": "049", "block_num": 49, "CentroidLon": -88.17947292366243, "CentroidLat": 30.398924474779413, "data_status": "no data", "is_anomalous": false, "anomaly_reason": null, "files_present": ""}, "geometry": {"type": "Polygon", "coordinates": [[[-88.196046, 30.384253], [-88.1964, 30.413292], [-88.162895, 30.413595], [-88.162551, 30.384555], [-88.196046, 30.384253]]]}}, {"type": "Feature", "properties": {"block": "050", "block_num": 50, "CentroidLon": -88.14597276323506, "CentroidLat": 30.39922264933009, "data_status": "no data", "is_anomalous": false, "anomaly_reason": null, "files_present": ""}, "geometry": {"type": "Polygon", "coordinates": [[[-88.162551, 30.384555], [-88.162895, 30.413595], [-88.12939, 30.413889], [-88.129055, 30.384849], [-88.162551, 30.384555]]]}}, {"type": "Feature", "properties": {"block": "051", "block_num": 51, "CentroidLon": -88.11247201230985, "CentroidLat": 30.39951222083044, "data_status": "no data", "is_anomalous": false, "anomaly_reason": null, "files_present": ""}, "geometry": {"type": "Polygon", "coordinates": [[[-88.129055, 30.384849], [-88.12939, 30.413889], [-88.095884, 30.414174], [-88.095559, 30.385134], [-88.129055, 30.384849]]]}}, {"type": "Feature", "properties": {"block": "052", "block_num": 52, "CentroidLon": -88.09572090900534, "CentroidLat": 30.384853883851314, "data_status": "no data", "is_anomalous": false, "anomaly_reason": null, "files_present": ""}, "geometry": {"type": "Polygon", "coordinates": [[[-88.095559, 30.385134], [-88.095471, 30.385135], [-88.095548, 30.384091], [-88.095559, 30.385134]]]}}, {"type": "Feature", "properties": {"block": "053", "block_num": 53, "CentroidLon": -88.11270871365835, "CentroidLat": 30.370650663158926, "data_status": "no data", "is_anomalous": false, "anomaly_reason": null, "files_present": ""}, "geometry": {"type": "Polygon", "coordinates": [[[-88.128722, 30.355809], [-88.129055, 30.384849], [-88.095559, 30.385134], [-88.095548, 30.384091], [-88.097606, 30.356074], [-88.128722, 30.355809]]]}}, {"type": "Feature", "properties": {"block": "054", "block_num": 54, "CentroidLon": -88.3799309308076, "CentroidLat": 30.36792389846276, "data_status": "no data", "is_anomalous": false, "anomaly_reason": null, "files_present": ""}, "geometry": {"type": "Polygon", "coordinates": [[[-88.363514, 30.382612], [-88.363111, 30.353575], [-88.396307, 30.353224], [-88.396791, 30.382261], [-88.363514, 30.382612]]]}}, {"type": "Feature", "properties": {"block": "055", "block_num": 55, "CentroidLon": -88.34656851318428, "CentroidLat": 30.368266720083657, "data_status": "no data", "is_anomalous": false, "anomaly_reason": null, "files_present": ""}, "geometry": {"type": "Polygon", "coordinates": [[[-88.363111, 30.353575], [-88.363514, 30.382612], [-88.330021, 30.382957], [-88.329628, 30.35392], [-88.363111, 30.353575]]]}}, {"type": "Feature", "properties": {"block": "056", "block_num": 56, "CentroidLon": -88.31308042260919, "CentroidLat": 30.3686074741091, "data_status": "no data", "is_anomalous": false, "anomaly_reason": null, "files_present": ""}, "geometry": {"type": "Polygon", "coordinates": [[[-88.329628, 30.35392], [-88.330021, 30.382957], [-88.296528, 30.383294], [-88.296145, 30.354256], [-88.329628, 30.35392]]]}}, {"type": "Feature", "properties": {"block": "057", "block_num": 57, "CentroidLon": -88.27959252190233, "CentroidLat": 30.368939723474078, "data_status": "no data", "is_anomalous": false, "anomaly_reason": null, "files_present": ""}, "geometry": {"type": "Polygon", "coordinates": [[[-88.296145, 30.354256], [-88.296528, 30.383294], [-88.263035, 30.383622], [-88.262662, 30.354584], [-88.296145, 30.354256]]]}}, {"type": "Feature", "properties": {"block": "058", "block_num": 58, "CentroidLon": -88.24610367905682, "CentroidLat": 30.369263404974177, "data_status": "usable", "is_anomalous": false, "anomaly_reason": null, "files_present": "DemographicSnapshot-26.08.06.csv;PopulationTrends-26.08.06.csv;HouseholdTrends-26.08.06.csv;HouseholdIncomeByAge-26.08.06.csv;ConsumerSegmentation-26.08.06.csv", "population_2024": 698, "population_2029": 658, "households_2024": 223, "households_2029": 213, "median_household_income_2024": 48402, "median_household_income_2029": 52949, "mean_household_income_2024": null, "mean_household_income_2029": null, "median_age_2024": 41, "median_age_2029": 42, "median_home_value_2024": 64851, "average_household_size_2024": 3.1, "average_household_size_2029": 3.1, "population_growth_2024_2029": -7.2, "households_growth_2024_2029": -6.3, "consumer_segments": {"Entry Level Suburban": {"households": 116, "pct": 32.5}, "Renters": {"households": 61, "pct": 17.1}, "Renters Near Term Buyers": {"households": 55, "pct": 15.4}, "Active Adult Entry Level": {"households": 51, "pct": 14.3}, "Simple Life Affluent No Children": {"households": 22, "pct": 6.2}, "Family Life School Age Children": {"households": 13, "pct": 3.6}, "Active Adult Feature and Location": {"households": 12, "pct": 3.4}, "Active Adult Elite": {"households": 10, "pct": 2.8}, "Elite": {"households": 6, "pct": 1.7}, "Simple Life Moderate Income With Children": {"households": 5, "pct": 1.4}, "Feature and Location": {"households": 4, "pct": 1.1}, "Family Life Young Children": {"households": 2, "pct": 0.6}, "Entry Level Urban": {"households": 0, "pct": 0.0}, "Simple Life Moderate Income No Children": {"households": 0, "pct": 0.0}}, "income_age": {"2020": {}, "2024": {}, "2029": {}}, "population_trends": {"Total Population": {"Demographic": null, "2020": 752, "2024": 698, "2029": 658, "% OF TOTAL": null, "% OF TOTAL.1": null, "% OF TOTAL.2": null}, "Population Growth": {"Demographic": null, "2020": null, "2024": -7.2, "2029": -5.7, "% OF TOTAL": null, "% OF TOTAL.1": null, "% OF TOTAL.2": null}, "Female Population": {"Demographic": null, "2020": 372, "2024": 346, "2029": 326, "% OF TOTAL": 49.5, "% OF TOTAL.1": null, "% OF TOTAL.2": null}, "Male Population": {"Demographic": null, "2020": 380, "2024": 352, "2029": 332, "% OF TOTAL": 50.5, "% OF TOTAL.1": null, "% OF TOTAL.2": null}, "Total population: Median Age": {"Demographic": null, "2020": 40, "2024": 41, "2029": 42, "% OF TOTAL": null, "% OF TOTAL.1": null, "% OF TOTAL.2": null}, "Total population: Under 5 years": {"Demographic": null, "2020": 44, "2024": 38, "2029": 33, "% OF TOTAL": 5.0, "% OF TOTAL.1": null, "% OF TOTAL.2": null}, "Total population: 5 - 9 years": {"Demographic": null, "2020": 34, "2024": 32, "2029": 31, "% OF TOTAL": 4.7, "% OF TOTAL.1": null, "% OF TOTAL.2": null}, "Total population: 10 - 14 years": {"Demographic": null, "2020": 58, "2024": 52, "2029": 42, "% OF TOTAL": 6.4, "% OF TOTAL.1": null, "% OF TOTAL.2": null}, "Total population: 15 - 19 years": {"Demographic": null, "2020": 47, "2024": 44, "2029": 41, "% OF TOTAL": 6.2, "% OF TOTAL.1": null, "% OF TOTAL.2": null}, "Total population: 20 - 24 years": {"Demographic": null, "2020": 53, "2024": 50, "2029": 46, "% OF TOTAL": 7.0, "% OF TOTAL.1": null, "% OF TOTAL.2": null}, "Total population: 25 - 29 years": {"Demographic": null, "2020": 53, "2024": 47, "2029": 47, "% OF TOTAL": 7.1, "% OF TOTAL.1": null, "% OF TOTAL.2": null}, "Total population: 30 - 34 years": {"Demographic": null, "2020": 37, "2024": 34, "2029": 34, "% OF TOTAL": 5.2, "% OF TOTAL.1": null, "% OF TOTAL.2": null}, "Total population: 35 - 39 years": {"Demographic": null, "2020": 49, "2024": 43, "2029": 38, "% OF TOTAL": 5.8, "% OF TOTAL.1": null, "% OF TOTAL.2": null}, "Total population: 40 - 44 years": {"Demographic": null, "2020": 31, "2024": 30, "2029": 31, "% OF TOTAL": 4.7, "% OF TOTAL.1": null, "% OF TOTAL.2": null}, "Total population: 45 - 49 years": {"Demographic": null, "2020": 54, "2024": 47, "2029": 41, "% OF TOTAL": 6.2, "% OF TOTAL.1": null, "% OF TOTAL.2": null}, "Total population: 50 - 54 years": {"Demographic": null, "2020": 57, "2024": 52, "2029": 46, "% OF TOTAL": 7.0, "% OF TOTAL.1": null, "% OF TOTAL.2": null}, "Total population: 55 - 59 years": {"Demographic": null, "2020": 49, "2024": 47, "2029": 46, "% OF TOTAL": 7.0, "% OF TOTAL.1": null, "% OF TOTAL.2": null}, "Total population: 60 - 64 years": {"Demographic": null, "2020": 45, "2024": 42, "2029": 36, "% OF TOTAL": 5.5, "% OF TOTAL.1": null, "% OF TOTAL.2": null}, "Total population: 65 - 69 years": {"Demographic": null, "2020": 48, "2024": 45, "2029": 41, "% OF TOTAL": 6.2, "% OF TOTAL.1": null, "% OF TOTAL.2": null}, "Total population: 70 - 74 years": {"Demographic": null, "2020": 47, "2024": 47, "2029": 46, "% OF TOTAL": 7.0, "% OF TOTAL.1": null, "% OF TOTAL.2": null}, "Total population: 75 - 79 years": {"Demographic": null, "2020": 25, "2024": 26, "2029": 31, "% OF TOTAL": 4.7, "% OF TOTAL.1": null, "% OF TOTAL.2": null}, "Total population: 80 - 84 years": {"Demographic": null, "2020": 12, "2024": 12, "2029": 17, "% OF TOTAL": 2.6, "% OF TOTAL.1": null, "% OF TOTAL.2": null}, "Total population: 85 years and over": {"Demographic": null, "2020": 9, "2024": 10, "2029": 11, "% OF TOTAL": 1.7, "% OF TOTAL.1": null, "% OF TOTAL.2": null}, "Female population: Median Age": {"Demographic": null, "2020": 40, "2024": 41, "2029": 43, "% OF TOTAL": null, "% OF TOTAL.1": null, "% OF TOTAL.2": null}, "Female population: Under 5 years": {"Demographic": null, "2020": 17, "2024": 14, "2029": 13, "% OF TOTAL": 4.0, "% OF TOTAL.1": null, "% OF TOTAL.2": null}, "Female population: 5 - 9 years": {"Demographic": null, "2020": 16, "2024": 15, "2029": 13, "% OF TOTAL": 4.0, "% OF TOTAL.1": null, "% OF TOTAL.2": null}, "Female population: 10 - 14 years": {"Demographic": null, "2020": 31, "2024": 28, "2029": 22, "% OF TOTAL": 6.7, "% OF TOTAL.1": null, "% OF TOTAL.2": null}, "Female population: 15 - 19 years": {"Demographic": null, "2020": 23, "2024": 22, "2029": 21, "% OF TOTAL": 6.4, "% OF TOTAL.1": null, "% OF TOTAL.2": null}, "Female population: 20 - 24 years": {"Demographic": null, "2020": 27, "2024": 26, "2029": 24, "% OF TOTAL": 7.4, "% OF TOTAL.1": null, "% OF TOTAL.2": null}, "Female population: 25 - 29 years": {"Demographic": null, "2020": 26, "2024": 23, "2029": 23, "% OF TOTAL": 7.1, "% OF TOTAL.1": null, "% OF TOTAL.2": null}, "Female population: 30 - 34 years": {"Demographic": null, "2020": 17, "2024": 16, "2029": 17, "% OF TOTAL": 5.2, "% OF TOTAL.1": null, "% OF TOTAL.2": null}, "Female population: 35 - 39 years": {"Demographic": null, "2020": 26, "2024": 23, "2029": 19, "% OF TOTAL": 5.8, "% OF TOTAL.1": null, "% OF TOTAL.2": null}, "Female population: 40 - 44 years": {"Demographic": null, "2020": 19, "2024": 18, "2029": 18, "% OF TOTAL": 5.5, "% OF TOTAL.1": null, "% OF TOTAL.2": null}, "Female population: 45 - 49 years": {"Demographic": null, "2020": 32, "2024": 28, "2029": 24, "% OF TOTAL": 7.4, "% OF TOTAL.1": null, "% OF TOTAL.2": null}, "Female population: 50 - 54 years": {"Demographic": null, "2020": 27, "2024": 24, "2029": 22, "% OF TOTAL": 6.7, "% OF TOTAL.1": null, "% OF TOTAL.2": null}, "Female population: 55 - 59 years": {"Demographic": null, "2020": 25, "2024": 24, "2029": 24, "% OF TOTAL": 7.4, "% OF TOTAL.1": null, "% OF TOTAL.2": null}, "Female population: 60 - 64 years": {"Demographic": null, "2020": 17, "2024": 17, "2029": 16, "% OF TOTAL": 4.9, "% OF TOTAL.1": null, "% OF TOTAL.2": null}, "Female population: 65 - 69 years": {"Demographic": null, "2020": 23, "2024": 21, "2029": 19, "% OF TOTAL": 5.8, "% OF TOTAL.1": null, "% OF TOTAL.2": null}, "Female population: 70 - 74 years": {"Demographic": null, "2020": 21, "2024": 20, "2029": 19, "% OF TOTAL": 5.8, "% OF TOTAL.1": null, "% OF TOTAL.2": null}, "Female population: 75 - 79 years": {"Demographic": null, "2020": 12, "2024": 12, "2029": 14, "% OF TOTAL": 4.3, "% OF TOTAL.1": null, "% OF TOTAL.2": null}, "Female population: 80 - 84 years": {"Demographic": null, "2020": 8, "2024": 9, "2029": 11, "% OF TOTAL": 3.4, "% OF TOTAL.1": null, "% OF TOTAL.2": null}, "Female population: 85 years and over": {"Demographic": null, "2020": 5, "2024": 6, "2029": 7, "% OF TOTAL": 2.1, "% OF TOTAL.1": null, "% OF TOTAL.2": null}, "Male population: Median Age": {"Demographic": null, "2020": 39, "2024": 41, "2029": 42, "% OF TOTAL": null, "% OF TOTAL.1": null, "% OF TOTAL.2": null}, "Male population: Under 5 years": {"Demographic": null, "2020": 27, "2024": 24, "2029": 20, "% OF TOTAL": 6.0, "% OF TOTAL.1": null, "% OF TOTAL.2": null}, "Male population: 5 - 9 years": {"Demographic": null, "2020": 18, "2024": 17, "2029": 18, "% OF TOTAL": 5.4, "% OF TOTAL.1": null, "% OF TOTAL.2": null}, "Male population: 10 - 14 years": {"Demographic": null, "2020": 27, "2024": 24, "2029": 20, "% OF TOTAL": 6.0, "% OF TOTAL.1": null, "% OF TOTAL.2": null}, "Male population: 15 - 19 years": {"Demographic": null, "2020": 24, "2024": 22, "2029": 20, "% OF TOTAL": 6.0, "% OF TOTAL.1": null, "% OF TOTAL.2": null}, "Male population: 20 - 24 years": {"Demographic": null, "2020": 26, "2024": 24, "2029": 22, "% OF TOTAL": 6.6, "% OF TOTAL.1": null, "% OF TOTAL.2": null}, "Male population: 25 - 29 years": {"Demographic": null, "2020": 27, "2024": 24, "2029": 24, "% OF TOTAL": 7.2, "% OF TOTAL.1": null, "% OF TOTAL.2": null}, "Male population: 30 - 34 years": {"Demographic": null, "2020": 20, "2024": 18, "2029": 17, "% OF TOTAL": 5.1, "% OF TOTAL.1": null, "% OF TOTAL.2": null}, "Male population: 35 - 39 years": {"Demographic": null, "2020": 23, "2024": 20, "2029": 19, "% OF TOTAL": 5.7, "% OF TOTAL.1": null, "% OF TOTAL.2": null}, "Male population: 40 - 44 years": {"Demographic": null, "2020": 12, "2024": 12, "2029": 13, "% OF TOTAL": 3.9, "% OF TOTAL.1": null, "% OF TOTAL.2": null}, "Male population: 45 - 49 years": {"Demographic": null, "2020": 22, "2024": 19, "2029": 17, "% OF TOTAL": 5.1, "% OF TOTAL.1": null, "% OF TOTAL.2": null}, "Male population: 50 - 54 years": {"Demographic": null, "2020": 30, "2024": 28, "2029": 24, "% OF TOTAL": 7.2, "% OF TOTAL.1": null, "% OF TOTAL.2": null}, "Male population: 55 - 59 years": {"Demographic": null, "2020": 24, "2024": 23, "2029": 22, "% OF TOTAL": 6.6, "% OF TOTAL.1": null, "% OF TOTAL.2": null}, "Male population: 60 - 64 years": {"Demographic": null, "2020": 28, "2024": 25, "2029": 20, "% OF TOTAL": 6.0, "% OF TOTAL.1": null, "% OF TOTAL.2": null}, "Male population: 65 - 69 years": {"Demographic": null, "2020": 25, "2024": 24, "2029": 22, "% OF TOTAL": 6.6, "% OF TOTAL.1": null, "% OF TOTAL.2": null}, "Male population: 70 - 74 years": {"Demographic": null, "2020": 26, "2024": 27, "2029": 27, "% OF TOTAL": 8.1, "% OF TOTAL.1": null, "% OF TOTAL.2": null}, "Male population: 75 - 79 years": {"Demographic": null, "2020": 13, "2024": 14, "2029": 17, "% OF TOTAL": 5.1, "% OF TOTAL.1": null, "% OF TOTAL.2": null}, "Male population: 80 - 84 years": {"Demographic": null, "2020": 4, "2024": 3, "2029": 6, "% OF TOTAL": 1.8, "% OF TOTAL.1": null, "% OF TOTAL.2": null}, "Male population: 85 years and over": {"Demographic": null, "2020": 4, "2024": 4, "2029": 4, "% OF TOTAL": 1.2, "% OF TOTAL.1": null, "% OF TOTAL.2": null}, "White alone": {"Demographic": null, "2020": 476, "2024": 431, "2029": 405, "% OF TOTAL": 61.6, "% OF TOTAL.1": null, "% OF TOTAL.2": null}, "Black alone": {"Demographic": null, "2020": 37, "2024": 34, "2029": 32, "% OF TOTAL": 4.9, "% OF TOTAL.1": null, "% OF TOTAL.2": null}, "American Indian and Alaska Native alone": {"Demographic": null, "2020": 2, "2024": 2, "2029": 2, "% OF TOTAL": 0.3, "% OF TOTAL.1": null, "% OF TOTAL.2": null}, "Asian alone": {"Demographic": null, "2020": 162, "2024": 154, "2029": 146, "% OF TOTAL": 22.2, "% OF TOTAL.1": null, "% OF TOTAL.2": null}, "Native Hawaiian and OPI alone": {"Demographic": null, "2020": 2, "2024": 2, "2029": 2, "% OF TOTAL": 0.3, "% OF TOTAL.1": null, "% OF TOTAL.2": null}, "Some other race alone": {"Demographic": null, "2020": 36, "2024": 37, "2029": 35, "% OF TOTAL": 5.3, "% OF TOTAL.1": null, "% OF TOTAL.2": null}, "Two or more races alone": {"Demographic": null, "2020": 37, "2024": 38, "2029": 36, "% OF TOTAL": 5.5, "% OF TOTAL.1": null, "% OF TOTAL.2": null}, "Not Hispanic: White alone": {"Demographic": null, "2020": 474, "2024": 429, "2029": 403, "% OF TOTAL": 61.2, "% OF TOTAL.1": null, "% OF TOTAL.2": null}, "Not Hispanic: Black or African American alone": {"Demographic": null, "2020": 35, "2024": 32, "2029": 30, "% OF TOTAL": 4.6, "% OF TOTAL.1": null, "% OF TOTAL.2": null}, "Not Hispanic: American Indian and Alaska Native alone": {"Demographic": null, "2020": 2, "2024": 2, "2029": 2, "% OF TOTAL": 0.3, "% OF TOTAL.1": null, "% OF TOTAL.2": null}, "Not Hispanic: Asian alone": {"Demographic": null, "2020": 154, "2024": 147, "2029": 140, "% OF TOTAL": 21.3, "% OF TOTAL.1": null, "% OF TOTAL.2": null}, "Not Hispanic: Native Hawaiian and OPI alone": {"Demographic": null, "2020": 1, "2024": 1, "2029": 1, "% OF TOTAL": 0.2, "% OF TOTAL.1": null, "% OF TOTAL.2": null}, "Not Hispanic: Some Other Race alone": {"Demographic": null, "2020": 3, "2024": 3, "2029": 3, "% OF TOTAL": 0.5, "% OF TOTAL.1": null, "% OF TOTAL.2": null}, "Not Hispanic: Two or More Races": {"Demographic": null, "2020": 35, "2024": 36, "2029": 34, "% OF TOTAL": 5.2, "% OF TOTAL.1": null, "% OF TOTAL.2": null}, "Hispanic: White alone": {"Demographic": null, "2020": 2, "2024": 2, "2029": 2, "% OF TOTAL": 0.3, "% OF TOTAL.1": null, "% OF TOTAL.2": null}, "Hispanic: Black or African American alone": {"Demographic": null, "2020": 2, "2024": 2, "2029": 2, "% OF TOTAL": 0.3, "% OF TOTAL.1": null, "% OF TOTAL.2": null}, "Hispanic: American Indian and Alaska Native alone": {"Demographic": null, "2020": 0, "2024": 0, "2029": 0, "% OF TOTAL": 0.0, "% OF TOTAL.1": null, "% OF TOTAL.2": null}, "Hispanic: Asian alone": {"Demographic": null, "2020": 8, "2024": 7, "2029": 6, "% OF TOTAL": 0.9, "% OF TOTAL.1": null, "% OF TOTAL.2": null}, "Hispanic: Native Hawaiian and OPI alone": {"Demographic": null, "2020": 1, "2024": 1, "2029": 1, "% OF TOTAL": 0.2, "% OF TOTAL.1": null, "% OF TOTAL.2": null}, "Hispanic: Some Other Race alone": {"Demographic": null, "2020": 33, "2024": 34, "2029": 32, "% OF TOTAL": 4.9, "% OF TOTAL.1": null, "% OF TOTAL.2": null}, "Hispanic: Two or More Races": {"Demographic": null, "2020": 2, "2024": 2, "2029": 2, "% OF TOTAL": 0.3, "% OF TOTAL.1": null, "% OF TOTAL.2": null}, "Educational Attainment: No High School Diploma": {"Demographic": null, "2020": 137, "2024": 128, "2029": null, "% OF TOTAL": null, "% OF TOTAL.1": null, "% OF TOTAL.2": null}, "Educational Attainment: High School Diploma": {"Demographic": null, "2020": 280, "2024": 262, "2029": null, "% OF TOTAL": null, "% OF TOTAL.1": null, "% OF TOTAL.2": null}, "Educational Attainment: Some College": {"Demographic": null, "2020": 55, "2024": 51, "2029": null, "% OF TOTAL": null, "% OF TOTAL.1": null, "% OF TOTAL.2": null}, "Educational Attainment: Associates Degree": {"Demographic": null, "2020": 13, "2024": 12, "2029": null, "% OF TOTAL": null, "% OF TOTAL.1": null, "% OF TOTAL.2": null}, "Educational Attainment: Bachelors Degree": {"Demographic": null, "2020": 31, "2024": 29, "2029": null, "% OF TOTAL": null, "% OF TOTAL.1": null, "% OF TOTAL.2": null}, "Educational Attainment: Advanced Degree": {"Demographic": null, "2020": 0, "2024": 0, "2029": null, "% OF TOTAL": null, "% OF TOTAL.1": null, "% OF TOTAL.2": null}, "Employment Status: Armed Forces": {"Demographic": null, "2020": 0, "2024": 0, "2029": null, "% OF TOTAL": null, "% OF TOTAL.1": null, "% OF TOTAL.2": null}, "Employment Status: Civilian labor force employed": {"Demographic": null, "2020": 352, "2024": 327, "2029": null, "% OF TOTAL": null, "% OF TOTAL.1": null, "% OF TOTAL.2": null}, "Employment Status: Civilian labor force unemployed": {"Demographic": null, "2020": 0, "2024": 0, "2029": null, "% OF TOTAL": null, "% OF TOTAL.1": null, "% OF TOTAL.2": null}, "Employment Status: Not in labor force": {"Demographic": null, "2020": 259, "2024": 241, "2029": null, "% OF TOTAL": null, "% OF TOTAL.1": null, "% OF TOTAL.2": null}, "Employed in Agriculture and Mining Industries": {"Demographic": null, "2020": 51, "2024": 47, "2029": null, "% OF TOTAL": null, "% OF TOTAL.1": null, "% OF TOTAL.2": null}, "Employed in Construction Industries": {"Demographic": null, "2020": 44, "2024": 41, "2029": null, "% OF TOTAL": null, "% OF TOTAL.1": null, "% OF TOTAL.2": null}, "Employed in Manufacturing Industries": {"Demographic": null, "2020": 63, "2024": 58, "2029": null, "% OF TOTAL": null, "% OF TOTAL.1": null, "% OF TOTAL.2": null}, "Employed in Wholesale Industries": {"Demographic": null, "2020": 21, "2024": 19, "2029": null, "% OF TOTAL": null, "% OF TOTAL.1": null, "% OF TOTAL.2": null}, "Employed in Retail Industries": {"Demographic": null, "2020": 82, "2024": 76, "2029": null, "% OF TOTAL": null, "% OF TOTAL.1": null, "% OF TOTAL.2": null}, "Employed in Transportation and Utilities Industries": {"Demographic": null, "2020": 0, "2024": 0, "2029": null, "% OF TOTAL": null, "% OF TOTAL.1": null, "% OF TOTAL.2": null}, "Employed in Information Industries": {"Demographic": null, "2020": 0, "2024": 0, "2029": null, "% OF TOTAL": null, "% OF TOTAL.1": null, "% OF TOTAL.2": null}, "Employed in Real-Estate Industries": {"Demographic": null, "2020": 5, "2024": 5, "2029": null, "% OF TOTAL": null, "% OF TOTAL.1": null, "% OF TOTAL.2": null}, "Employed in Professional Industries": {"Demographic": null, "2020": 16, "2024": 15, "2029": null, "% OF TOTAL": null, "% OF TOTAL.1": null, "% OF TOTAL.2": null}, "Employed in Health and Education Industries": {"Demographic": null, "2020": 48, "2024": 45, "2029": null, "% OF TOTAL": null, "% OF TOTAL.1": null, "% OF TOTAL.2": null}, "Employed in Art Industries": {"Demographic": null, "2020": 16, "2024": 15, "2029": null, "% OF TOTAL": null, "% OF TOTAL.1": null, "% OF TOTAL.2": null}, "Employed in Other Industries": {"Demographic": null, "2020": 6, "2024": 6, "2029": null, "% OF TOTAL": null, "% OF TOTAL.1": null, "% OF TOTAL.2": null}, "Employed in Public Administration Industries": {"Demographic": null, "2020": 0, "2024": 0, "2029": null, "% OF TOTAL": null, "% OF TOTAL.1": null, "% OF TOTAL.2": null}, "Occupation: Management": {"Demographic": null, "2020": 5, "2024": 5, "2029": null, "% OF TOTAL": null, "% OF TOTAL.1": null, "% OF TOTAL.2": null}, "Occupation: Business and financial operations": {"Demographic": null, "2020": 0, "2024": 0, "2029": null, "% OF TOTAL": null, "% OF TOTAL.1": null, "% OF TOTAL.2": null}, "Occupation: Computer and mathematical": {"Demographic": null, "2020": 0, "2024": 0, "2029": null, "% OF TOTAL": null, "% OF TOTAL.1": null, "% OF TOTAL.2": null}, "Occupation: Architecture and engineering": {"Demographic": null, "2020": 7, "2024": 7, "2029": null, "% OF TOTAL": null, "% OF TOTAL.1": null, "% OF TOTAL.2": null}, "Occupation: Life, physical, and social science": {"Demographic": null, "2020": 0, "2024": 0, "2029": null, "% OF TOTAL": null, "% OF TOTAL.1": null, "% OF TOTAL.2": null}, "Occupation: Community and social service": {"Demographic": null, "2020": 0, "2024": 0, "2029": null, "% OF TOTAL": null, "% OF TOTAL.1": null, "% OF TOTAL.2": null}, "Occupation: Legal": {"Demographic": null, "2020": 0, "2024": 0, "2029": null, "% OF TOTAL": null, "% OF TOTAL.1": null, "% OF TOTAL.2": null}, "Occupation: Education, training, and library": {"Demographic": null, "2020": 12, "2024": 11, "2029": null, "% OF TOTAL": null, "% OF TOTAL.1": null, "% OF TOTAL.2": null}, "Occupation: Arts, design, entertainment, sports, and media": {"Demographic": null, "2020": 0, "2024": 0, "2029": null, "% OF TOTAL": null, "% OF TOTAL.1": null, "% OF TOTAL.2": null}, "Occupation: Health diagnosing and treating practitioners": {"Demographic": null, "2020": 0, "2024": 0, "2029": null, "% OF TOTAL": null, "% OF TOTAL.1": null, "% OF TOTAL.2": null}, "Occupation: Health technologists and technicians": {"Demographic": null, "2020": 9, "2024": 8, "2029": null, "% OF TOTAL": null, "% OF TOTAL.1": null, "% OF TOTAL.2": null}, "Occupation: Healthcare support": {"Demographic": null, "2020": 15, "2024": 14, "2029": null, "% OF TOTAL": null, "% OF TOTAL.1": null, "% OF TOTAL.2": null}, "Occupation: Fire fighting and prevention": {"Demographic": null, "2020": 0, "2024": 0, "2029": null, "% OF TOTAL": null, "% OF TOTAL.1": null, "% OF TOTAL.2": null}, "Occupation: Law enforcement workers": {"Demographic": null, "2020": 0, "2024": 0, "2029": null, "% OF TOTAL": null, "% OF TOTAL.1": null, "% OF TOTAL.2": null}, "Occupation: Food preparation and serving related": {"Demographic": null, "2020": 28, "2024": 26, "2029": null, "% OF TOTAL": null, "% OF TOTAL.1": null, "% OF TOTAL.2": null}, "Occupation: Building and grounds cleaning and maintenance": {"Demographic": null, "2020": 22, "2024": 20, "2029": null, "% OF TOTAL": null, "% OF TOTAL.1": null, "% OF TOTAL.2": null}, "Occupation: Personal care and service": {"Demographic": null, "2020": 0, "2024": 0, "2029": null, "% OF TOTAL": null, "% OF TOTAL.1": null, "% OF TOTAL.2": null}, "Occupation: Sales and related": {"Demographic": null, "2020": 36, "2024": 33, "2029": null, "% OF TOTAL": null, "% OF TOTAL.1": null, "% OF TOTAL.2": null}, "Occupation: Office and administrative support": {"Demographic": null, "2020": 15, "2024": 14, "2029": null, "% OF TOTAL": null, "% OF TOTAL.1": null, "% OF TOTAL.2": null}, "Occupation: Farming, fishing, and forestry": {"Demographic": null, "2020": 16, "2024": 15, "2029": null, "% OF TOTAL": null, "% OF TOTAL.1": null, "% OF TOTAL.2": null}, "Occupation: Construction and extraction": {"Demographic": null, "2020": 7, "2024": 6, "2029": null, "% OF TOTAL": null, "% OF TOTAL.1": null, "% OF TOTAL.2": null}, "Occupation: Installation, maintenance, and repair": {"Demographic": null, "2020": 32, "2024": 30, "2029": null, "% OF TOTAL": null, "% OF TOTAL.1": null, "% OF TOTAL.2": null}, "Occupation: Production": {"Demographic": null, "2020": 113, "2024": 105, "2029": null, "% OF TOTAL": null, "% OF TOTAL.1": null, "% OF TOTAL.2": null}, "Occupation: Transportation": {"Demographic": null, "2020": 0, "2024": 0, "2029": null, "% OF TOTAL": null, "% OF TOTAL.1": null, "% OF TOTAL.2": null}, "Occupation: Material moving": {"Demographic": null, "2020": 35, "2024": 33, "2029": null, "% OF TOTAL": null, "% OF TOTAL.1": null, "% OF TOTAL.2": null}, "White collar": {"Demographic": null, "2020": 84, "2024": 78, "2029": null, "% OF TOTAL": null, "% OF TOTAL.1": null, "% OF TOTAL.2": null}, "Blue collar": {"Demographic": null, "2020": 268, "2024": 249, "2029": null, "% OF TOTAL": null, "% OF TOTAL.1": null, "% OF TOTAL.2": null}, "Means of transportation: Car, truck or van": {"Demographic": null, "2020": 345, "2024": 321, "2029": null, "% OF TOTAL": null, "% OF TOTAL.1": null, "% OF TOTAL.2": null}, "Means of transportation: Public transportation": {"Demographic": null, "2020": 0, "2024": 0, "2029": null, "% OF TOTAL": null, "% OF TOTAL.1": null, "% OF TOTAL.2": null}, "Means of transportation: Other": {"Demographic": null, "2020": 0, "2024": 0, "2029": null, "% OF TOTAL": null, "% OF TOTAL.1": null, "% OF TOTAL.2": null}, "Travel time: Average (in minutes)": {"Demographic": null, "2020": 28, "2024": 27, "2029": null, "% OF TOTAL": null, "% OF TOTAL.1": null, "% OF TOTAL.2": null}, "Travel time to work: Less than 30 minutes": {"Demographic": null, "2020": 205, "2024": 191, "2029": null, "% OF TOTAL": null, "% OF TOTAL.1": null, "% OF TOTAL.2": null}, "Travel time to work: 30 to 60 minutes": {"Demographic": null, "2020": 76, "2024": 71, "2029": null, "% OF TOTAL": null, "% OF TOTAL.1": null, "% OF TOTAL.2": null}, "Travel time to work: 60 or more minutes": {"Demographic": null, "2020": 64, "2024": 59, "2029": null, "% OF TOTAL": null, "% OF TOTAL.1": null, "% OF TOTAL.2": null}}, "demographic_snapshot": {"Total Population": {"Demographic": null, "2020": 752, "2024": 698, "2029": 658, "% OF TOTAL": null, "% OF TOTAL.1": null, "% OF TOTAL.2": null}, "Households": {"Demographic": null, "2020": 238, "2024": 223, "2029": 213, "% OF TOTAL": null, "% OF TOTAL.1": null, "% OF TOTAL.2": null}, "Population in Group Quarters": {"Demographic": null, "2020": 0, "2024": 0, "2029": 0, "% OF TOTAL": null, "% OF TOTAL.1": null, "% OF TOTAL.2": null}, "Households Growth": {"Demographic": null, "2020": null, "2024": -6.3, "2029": -4.5, "% OF TOTAL": null, "% OF TOTAL.1": null, "% OF TOTAL.2": null}, "Household Income: Median": {"Demographic": null, "2020": 0, "2024": 48402, "2029": 52949, "% OF TOTAL": null, "% OF TOTAL.1": null, "% OF TOTAL.2": null}, "Home Value: Median": {"Demographic": null, "2020": 64722, "2024": 64851, "2029": null, "% OF TOTAL": null, "% OF TOTAL.1": null, "% OF TOTAL.2": null}, "Population Growth": {"Demographic": null, "2020": null, "2024": -7.2, "2029": -5.7, "% OF TOTAL": null, "% OF TOTAL.1": null, "% OF TOTAL.2": null}, "Total Population: Under 19 years": {"Demographic": null, "2020": 183, "2024": 166, "2029": 147, "% OF TOTAL": 22.3, "% OF TOTAL.1": null, "% OF TOTAL.2": null}, "Total Population: 20 - 64 years": {"Demographic": null, "2020": 428, "2024": 392, "2029": 365, "% OF TOTAL": 55.5, "% OF TOTAL.1": null, "% OF TOTAL.2": null}, "Total Population: 65 years and over": {"Demographic": null, "2020": 141, "2024": 140, "2029": 146, "% OF TOTAL": 22.2, "% OF TOTAL.1": null, "% OF TOTAL.2": null}, "Total population: Median age": {"Demographic": null, "2020": 40, "2024": 41, "2029": 42, "% OF TOTAL": null, "% OF TOTAL.1": null, "% OF TOTAL.2": null}, "Total population: Under 5 years": {"Demographic": null, "2020": 44, "2024": 38, "2029": 33, "% OF TOTAL": 5.0, "% OF TOTAL.1": null, "% OF TOTAL.2": null}, "Total population: 5 - 9 years": {"Demographic": null, "2020": 34, "2024": 32, "2029": 31, "% OF TOTAL": 4.7, "% OF TOTAL.1": null, "% OF TOTAL.2": null}, "Total population: 10 - 14 years": {"Demographic": null, "2020": 58, "2024": 52, "2029": 42, "% OF TOTAL": 6.4, "% OF TOTAL.1": null, "% OF TOTAL.2": null}, "Total population: 15 - 19 years": {"Demographic": null, "2020": 47, "2024": 44, "2029": 41, "% OF TOTAL": 6.2, "% OF TOTAL.1": null, "% OF TOTAL.2": null}, "Total population: 20 - 24 years": {"Demographic": null, "2020": 53, "2024": 50, "2029": 46, "% OF TOTAL": 7.0, "% OF TOTAL.1": null, "% OF TOTAL.2": null}, "Total population: 25 - 29 years": {"Demographic": null, "2020": 53, "2024": 47, "2029": 47, "% OF TOTAL": 7.1, "% OF TOTAL.1": null, "% OF TOTAL.2": null}, "Total population: 30 - 34 years": {"Demographic": null, "2020": 37, "2024": 34, "2029": 34, "% OF TOTAL": 5.2, "% OF TOTAL.1": null, "% OF TOTAL.2": null}, "Total population: 35 - 39 years": {"Demographic": null, "2020": 49, "2024": 43, "2029": 38, "% OF TOTAL": 5.8, "% OF TOTAL.1": null, "% OF TOTAL.2": null}, "Total population: 40 - 44 years": {"Demographic": null, "2020": 31, "2024": 30, "2029": 31, "% OF TOTAL": 4.7, "% OF TOTAL.1": null, "% OF TOTAL.2": null}, "Total population: 45 - 49 years": {"Demographic": null, "2020": 54, "2024": 47, "2029": 41, "% OF TOTAL": 6.2, "% OF TOTAL.1": null, "% OF TOTAL.2": null}, "Total population: 50 - 54 years": {"Demographic": null, "2020": 57, "2024": 52, "2029": 46, "% OF TOTAL": 7.0, "% OF TOTAL.1": null, "% OF TOTAL.2": null}, "Total population: 55 - 59 years": {"Demographic": null, "2020": 49, "2024": 47, "2029": 46, "% OF TOTAL": 7.0, "% OF TOTAL.1": null, "% OF TOTAL.2": null}, "Total population: 60 - 64 years": {"Demographic": null, "2020": 45, "2024": 42, "2029": 36, "% OF TOTAL": 5.5, "% OF TOTAL.1": null, "% OF TOTAL.2": null}, "Total population: 65 - 69 years": {"Demographic": null, "2020": 48, "2024": 45, "2029": 41, "% OF TOTAL": 6.2, "% OF TOTAL.1": null, "% OF TOTAL.2": null}, "Total population: 70 - 74 years": {"Demographic": null, "2020": 47, "2024": 47, "2029": 46, "% OF TOTAL": 7.0, "% OF TOTAL.1": null, "% OF TOTAL.2": null}, "Total population: 75 - 79 years": {"Demographic": null, "2020": 25, "2024": 26, "2029": 31, "% OF TOTAL": 4.7, "% OF TOTAL.1": null, "% OF TOTAL.2": null}, "Total population: 80 - 84 years": {"Demographic": null, "2020": 12, "2024": 12, "2029": 17, "% OF TOTAL": 2.6, "% OF TOTAL.1": null, "% OF TOTAL.2": null}, "Total population: 85 years and over": {"Demographic": null, "2020": 9, "2024": 10, "2029": 11, "% OF TOTAL": 1.7, "% OF TOTAL.1": null, "% OF TOTAL.2": null}, "Householders Age 15-24": {"Demographic": null, "2020": 8, "2024": 8, "2029": 8, "% OF TOTAL": 3.8, "% OF TOTAL.1": null, "% OF TOTAL.2": null}, "Householders Age 25-34": {"Demographic": null, "2020": 31, "2024": 29, "2029": 29, "% OF TOTAL": 13.6, "% OF TOTAL.1": null, "% OF TOTAL.2": null}, "Householders Age 35-44": {"Demographic": null, "2020": 32, "2024": 31, "2029": 29, "% OF TOTAL": 13.6, "% OF TOTAL.1": null, "% OF TOTAL.2": null}, "Householders Age 45-54": {"Demographic": null, "2020": 44, "2024": 41, "2029": 36, "% OF TOTAL": 16.9, "% OF TOTAL.1": null, "% OF TOTAL.2": null}, "Householders Age 55-64": {"Demographic": null, "2020": 57, "2024": 52, "2029": 47, "% OF TOTAL": 22.1, "% OF TOTAL.1": null, "% OF TOTAL.2": null}, "Householders Age 65-74": {"Demographic": null, "2020": 47, "2024": 44, "2029": 42, "% OF TOTAL": 19.7, "% OF TOTAL.1": null, "% OF TOTAL.2": null}, "Householders Age 75+": {"Demographic": null, "2020": 19, "2024": 18, "2029": 22, "% OF TOTAL": 10.3, "% OF TOTAL.1": null, "% OF TOTAL.2": null}, "Household income: Average": {"Demographic": null, "2020": 60116, "2024": 59798, "2029": 67887, "% OF TOTAL": null, "% OF TOTAL.1": null, "% OF TOTAL.2": null}, "Household income: Less than 25k": {"Demographic": null, "2020": 54, "2024": 44, "2029": 45, "% OF TOTAL": 21.1, "% OF TOTAL.1": null, "% OF TOTAL.2": null}, "Household income: 25k - 50k": {"Demographic": null, "2020": 77, "2024": 87, "2029": 50, "% OF TOTAL": 23.5, "% OF TOTAL.1": null, "% OF TOTAL.2": null}, "Household income: 50k - 75k": {"Demographic": null, "2020": 47, "2024": 39, "2029": 49, "% OF TOTAL": 23.0, "% OF TOTAL.1": null, "% OF TOTAL.2": null}, "Household income: 75k - 100k": {"Demographic": null, "2020": 0, "2024": 0, "2029": 0, "% OF TOTAL": 0.0, "% OF TOTAL.1": null, "% OF TOTAL.2": null}, "Household income: 100k - 125k": {"Demographic": null, "2020": 24, "2024": 24, "2029": 26, "% OF TOTAL": 12.2, "% OF TOTAL.1": null, "% OF TOTAL.2": null}, "Household income: 125k - 150k": {"Demographic": null, "2020": 36, "2024": 29, "2029": 43, "% OF TOTAL": 20.2, "% OF TOTAL.1": null, "% OF TOTAL.2": null}, "Household income: 150k - 200k": {"Demographic": null, "2020": 0, "2024": 0, "2029": 0, "% OF TOTAL": 0.0, "% OF TOTAL.1": null, "% OF TOTAL.2": null}, "Household income: Above 200k": {"Demographic": null, "2020": 0, "2024": 0, "2029": 0, "% OF TOTAL": 0.0, "% OF TOTAL.1": null, "% OF TOTAL.2": null}, "White Alone": {"Demographic": null, "2020": 476, "2024": 431, "2029": 405, "% OF TOTAL": 61.6, "% OF TOTAL.1": null, "% OF TOTAL.2": null}, "Black or African American Alone": {"Demographic": null, "2020": 37, "2024": 34, "2029": 32, "% OF TOTAL": 4.9, "% OF TOTAL.1": null, "% OF TOTAL.2": null}, "American Indian and Alaska Native Alone": {"Demographic": null, "2020": 2, "2024": 2, "2029": 2, "% OF TOTAL": 0.3, "% OF TOTAL.1": null, "% OF TOTAL.2": null}, "Asian Alone": {"Demographic": null, "2020": 162, "2024": 154, "2029": 146, "% OF TOTAL": 22.2, "% OF TOTAL.1": null, "% OF TOTAL.2": null}, "Native Hawaiian and OPI Alone": {"Demographic": null, "2020": 2, "2024": 2, "2029": 2, "% OF TOTAL": 0.3, "% OF TOTAL.1": null, "% OF TOTAL.2": null}, "Some Other Race Alone": {"Demographic": null, "2020": 36, "2024": 37, "2029": 35, "% OF TOTAL": 5.3, "% OF TOTAL.1": null, "% OF TOTAL.2": null}, "Two or More Races Alone": {"Demographic": null, "2020": 37, "2024": 38, "2029": 36, "% OF TOTAL": 5.5, "% OF TOTAL.1": null, "% OF TOTAL.2": null}, "Not Hispanic or Latino": {"Demographic": null, "2020": 704, "2024": 650, "2029": 613, "% OF TOTAL": 93.2, "% OF TOTAL.1": null, "% OF TOTAL.2": null}, "Hispanic or Latino": {"Demographic": null, "2020": 48, "2024": 48, "2029": 45, "% OF TOTAL": 6.8, "% OF TOTAL.1": null, "% OF TOTAL.2": null}, "Total Housing Units": {"Demographic": null, "2020": 301, "2024": null, "2029": null, "% OF TOTAL": null, "% OF TOTAL.1": null, "% OF TOTAL.2": null}, "Owner Occupied Housing Units": {"Demographic": null, "2020": 170, "2024": 159, "2029": null, "% OF TOTAL": null, "% OF TOTAL.1": null, "% OF TOTAL.2": null}, "Renter Occupied Housing Units": {"Demographic": null, "2020": 68, "2024": 64, "2029": null, "% OF TOTAL": null, "% OF TOTAL.1": null, "% OF TOTAL.2": null}, "Housing Units Value Less Than 100k": {"Demographic": null, "2020": 170, "2024": 159, "2029": null, "% OF TOTAL": null, "% OF TOTAL.1": null, "% OF TOTAL.2": null}, "Housing Units Value 100k - 200k": {"Demographic": null, "2020": 0, "2024": 0, "2029": null, "% OF TOTAL": null, "% OF TOTAL.1": null, "% OF TOTAL.2": null}, "Housing Units Value 200k - 250k": {"Demographic": null, "2020": 0, "2024": 0, "2029": null, "% OF TOTAL": null, "% OF TOTAL.1": null, "% OF TOTAL.2": null}, "Housing Units Value 250k - 300k": {"Demographic": null, "2020": 0, "2024": 0, "2029": null, "% OF TOTAL": null, "% OF TOTAL.1": null, "% OF TOTAL.2": null}, "Housing Units Value 300k - 400k": {"Demographic": null, "2020": 0, "2024": 0, "2029": null, "% OF TOTAL": null, "% OF TOTAL.1": null, "% OF TOTAL.2": null}, "Housing Units Value 400k - 500k": {"Demographic": null, "2020": 0, "2024": 0, "2029": null, "% OF TOTAL": null, "% OF TOTAL.1": null, "% OF TOTAL.2": null}, "Housing Units Value 500k - 750k": {"Demographic": null, "2020": 0, "2024": 0, "2029": null, "% OF TOTAL": null, "% OF TOTAL.1": null, "% OF TOTAL.2": null}, "Housing Units Value 750k - 1m": {"Demographic": null, "2020": 0, "2024": 0, "2029": null, "% OF TOTAL": null, "% OF TOTAL.1": null, "% OF TOTAL.2": null}, "Housing Units Value 1m - 1.5m": {"Demographic": null, "2020": 0, "2024": 0, "2029": null, "% OF TOTAL": null, "% OF TOTAL.1": null, "% OF TOTAL.2": null}, "Housing Units Value 1.5m - 2m": {"Demographic": null, "2020": 0, "2024": 0, "2029": null, "% OF TOTAL": null, "% OF TOTAL.1": null, "% OF TOTAL.2": null}, "Housing Units Value >2m": {"Demographic": null, "2020": 0, "2024": 0, "2029": null, "% OF TOTAL": null, "% OF TOTAL.1": null, "% OF TOTAL.2": null}, "Take Car or Truck to Work": {"Demographic": null, "2020": 345, "2024": 321, "2029": null, "% OF TOTAL": null, "% OF TOTAL.1": null, "% OF TOTAL.2": null}, "Take Public Transportation to Work": {"Demographic": null, "2020": 0, "2024": 0, "2029": null, "% OF TOTAL": null, "% OF TOTAL.1": null, "% OF TOTAL.2": null}, "Take Other Means of Transportation to Work": {"Demographic": null, "2020": 0, "2024": 0, "2029": null, "% OF TOTAL": null, "% OF TOTAL.1": null, "% OF TOTAL.2": null}, "Average Travel Time (min)": {"Demographic": null, "2020": 28, "2024": 28, "2029": null, "% OF TOTAL": null, "% OF TOTAL.1": null, "% OF TOTAL.2": null}, "Travel Below 30 Min to Work": {"Demographic": null, "2020": 205, "2024": 191, "2029": null, "% OF TOTAL": null, "% OF TOTAL.1": null, "% OF TOTAL.2": null}, "Travel 30-60 Min to Work": {"Demographic": null, "2020": 76, "2024": 71, "2029": null, "% OF TOTAL": null, "% OF TOTAL.1": null, "% OF TOTAL.2": null}, "Travel Above 60 Min to Work": {"Demographic": null, "2020": 92, "2024": 59, "2029": null, "% OF TOTAL": null, "% OF TOTAL.1": null, "% OF TOTAL.2": null}, "Educational Attainment: No High School Diploma": {"Demographic": null, "2020": 417, "2024": 390, "2029": null, "% OF TOTAL": null, "% OF TOTAL.1": null, "% OF TOTAL.2": null}, "Educational Attainment: High School Diploma": {"Demographic": null, "2020": 280, "2024": 262, "2029": null, "% OF TOTAL": null, "% OF TOTAL.1": null, "% OF TOTAL.2": null}, "Educational Attainment: Some College": {"Demographic": null, "2020": 99, "2024": 92, "2029": null, "% OF TOTAL": null, "% OF TOTAL.1": null, "% OF TOTAL.2": null}, "Educational Attainment: Associate's Degree": {"Demographic": null, "2020": 13, "2024": 12, "2029": null, "% OF TOTAL": null, "% OF TOTAL.1": null, "% OF TOTAL.2": null}, "Educational Attainment: Bachelors Degree": {"Demographic": null, "2020": 31, "2024": 29, "2029": null, "% OF TOTAL": null, "% OF TOTAL.1": null, "% OF TOTAL.2": null}, "Educational Attainment: Advanced Degree": {"Demographic": null, "2020": 0, "2024": 0, "2029": null, "% OF TOTAL": null, "% OF TOTAL.1": null, "% OF TOTAL.2": null}, "Households: Number of vehicles available - Average": {"Demographic": null, "2020": 2, "2024": 2, "2029": null, "% OF TOTAL": null, "% OF TOTAL.1": null, "% OF TOTAL.2": null}, "Households: No Vehicle available": {"Demographic": null, "2020": 0, "2024": 0, "2029": null, "% OF TOTAL": null, "% OF TOTAL.1": null, "% OF TOTAL.2": null}, "Households: 1 Vehicle available": {"Demographic": null, "2020": 70, "2024": 66, "2029": null, "% OF TOTAL": null, "% OF TOTAL.1": null, "% OF TOTAL.2": null}, "Households: 2 Vehicles available": {"Demographic": null, "2020": 125, "2024": 117, "2029": null, "% OF TOTAL": null, "% OF TOTAL.1": null, "% OF TOTAL.2": null}, "Households: 3 Vehicles available": {"Demographic": null, "2020": 31, "2024": 29, "2029": null, "% OF TOTAL": null, "% OF TOTAL.1": null, "% OF TOTAL.2": null}, "Households: 4 or more Vehicles available": {"Demographic": null, "2020": 12, "2024": 11, "2029": null, "% OF TOTAL": null, "% OF TOTAL.1": null, "% OF TOTAL.2": null}}, "household_trends": {"Households": {"Demographic": null, "2020": 238, "2024": 223, "2029": 213, "% OF TOTAL": null, "% OF TOTAL.1": null, "% OF TOTAL.2": null}, "Households Growth": {"Demographic": null, "2020": null, "2024": -6.3, "2029": -4.5, "% OF TOTAL": null, "% OF TOTAL.1": null, "% OF TOTAL.2": null}, "Householder Age 15-24": {"Demographic": null, "2020": 8, "2024": 8, "2029": 8, "% OF TOTAL": 3.8, "% OF TOTAL.1": null, "% OF TOTAL.2": null}, "Householder Age 25-34": {"Demographic": null, "2020": 31, "2024": 29, "2029": 29, "% OF TOTAL": 13.6, "% OF TOTAL.1": null, "% OF TOTAL.2": null}, "Householder Age 35-44": {"Demographic": null, "2020": 32, "2024": 31, "2029": 29, "% OF TOTAL": 13.6, "% OF TOTAL.1": null, "% OF TOTAL.2": null}, "Householder Age 45-54": {"Demographic": null, "2020": 44, "2024": 41, "2029": 36, "% OF TOTAL": 16.9, "% OF TOTAL.1": null, "% OF TOTAL.2": null}, "Householder Age 55-64": {"Demographic": null, "2020": 57, "2024": 52, "2029": 47, "% OF TOTAL": 22.1, "% OF TOTAL.1": null, "% OF TOTAL.2": null}, "Householder Age 65-74": {"Demographic": null, "2020": 47, "2024": 44, "2029": 42, "% OF TOTAL": 19.7, "% OF TOTAL.1": null, "% OF TOTAL.2": null}, "Householder Age 75+": {"Demographic": null, "2020": 19, "2024": 18, "2029": 22, "% OF TOTAL": 10.3, "% OF TOTAL.1": null, "% OF TOTAL.2": null}, "Average Household Size": {"Demographic": null, "2020": 3.2, "2024": 3.1, "2029": 3.1, "% OF TOTAL": null, "% OF TOTAL.1": null, "% OF TOTAL.2": null}, "1 Person Households": {"Demographic": null, "2020": 48, "2024": 32, "2029": 30, "% OF TOTAL": 14.1, "% OF TOTAL.1": null, "% OF TOTAL.2": null}, "2 Person Households": {"Demographic": null, "2020": 97, "2024": 75, "2029": 72, "% OF TOTAL": 33.8, "% OF TOTAL.1": null, "% OF TOTAL.2": null}, "3 Person Households": {"Demographic": null, "2020": 38, "2024": 27, "2029": 26, "% OF TOTAL": 12.2, "% OF TOTAL.1": null, "% OF TOTAL.2": null}, "4 Person Households": {"Demographic": null, "2020": 23, "2024": 41, "2029": 39, "% OF TOTAL": 18.3, "% OF TOTAL.1": null, "% OF TOTAL.2": null}, "5 Person Households": {"Demographic": null, "2020": 22, "2024": 31, "2029": 30, "% OF TOTAL": 14.1, "% OF TOTAL.1": null, "% OF TOTAL.2": null}, "6 Person Households": {"Demographic": null, "2020": 6, "2024": 10, "2029": 9, "% OF TOTAL": 4.2, "% OF TOTAL.1": null, "% OF TOTAL.2": null}, "7+ Person Households": {"Demographic": null, "2020": 4, "2024": 7, "2029": 7, "% OF TOTAL": 3.3, "% OF TOTAL.1": null, "% OF TOTAL.2": null}, "Household Type: Family": {"Demographic": null, "2020": 172, "2024": 161, "2029": null, "% OF TOTAL": null, "% OF TOTAL.1": null, "% OF TOTAL.2": null}, "Household Type: Married Family": {"Demographic": null, "2020": 103, "2024": 96, "2029": null, "% OF TOTAL": null, "% OF TOTAL.1": null, "% OF TOTAL.2": null}, "Household Type: Married Family With Children": {"Demographic": null, "2020": 32, "2024": 30, "2029": null, "% OF TOTAL": null, "% OF TOTAL.1": null, "% OF TOTAL.2": null}, "Household Type: Married Family Without Children": {"Demographic": null, "2020": 71, "2024": 66, "2029": null, "% OF TOTAL": null, "% OF TOTAL.1": null, "% OF TOTAL.2": null}, "Household Type: Other Family": {"Demographic": null, "2020": 69, "2024": 65, "2029": null, "% OF TOTAL": null, "% OF TOTAL.1": null, "% OF TOTAL.2": null}, "Household Type: Male Households, No Wife": {"Demographic": null, "2020": 22, "2024": 21, "2029": null, "% OF TOTAL": null, "% OF TOTAL.1": null, "% OF TOTAL.2": null}, "Household Type: Male Households, No Wife With Children": {"Demographic": null, "2020": 9, "2024": 9, "2029": null, "% OF TOTAL": null, "% OF TOTAL.1": null, "% OF TOTAL.2": null}, "Household Type: Male Households, No Wife Without Children": {"Demographic": null, "2020": 13, "2024": 12, "2029": null, "% OF TOTAL": null, "% OF TOTAL.1": null, "% OF TOTAL.2": null}, "Household Type: Female Households, No Husband": {"Demographic": null, "2020": 47, "2024": 44, "2029": null, "% OF TOTAL": null, "% OF TOTAL.1": null, "% OF TOTAL.2": null}, "Household Type: Female Households, No Husband With Children": {"Demographic": null, "2020": 24, "2024": 23, "2029": null, "% OF TOTAL": null, "% OF TOTAL.1": null, "% OF TOTAL.2": null}, "Household Type: Female Households, No Husband Without Children": {"Demographic": null, "2020": 23, "2024": 21, "2029": null, "% OF TOTAL": null, "% OF TOTAL.1": null, "% OF TOTAL.2": null}, "Household Income: Average": {"Demographic": null, "2020": 60116, "2024": 59798, "2029": 67887, "% OF TOTAL": null, "% OF TOTAL.1": null, "% OF TOTAL.2": null}, "Household Income: Median": {"Demographic": null, "2020": 0, "2024": 48402, "2029": 52949, "% OF TOTAL": null, "% OF TOTAL.1": null, "% OF TOTAL.2": null}, "Household Income: Less than $25k": {"Demographic": null, "2020": 54, "2024": 44, "2029": 45, "% OF TOTAL": 21.1, "% OF TOTAL.1": null, "% OF TOTAL.2": null}, "Household Income: $25k - $50k": {"Demographic": null, "2020": 77, "2024": 87, "2029": 50, "% OF TOTAL": 23.5, "% OF TOTAL.1": null, "% OF TOTAL.2": null}, "Household Income: $50k - $75k": {"Demographic": null, "2020": 47, "2024": 39, "2029": 49, "% OF TOTAL": 23.0, "% OF TOTAL.1": null, "% OF TOTAL.2": null}, "Household Income: $75k - $100k": {"Demographic": null, "2020": 0, "2024": 0, "2029": 0, "% OF TOTAL": 0.0, "% OF TOTAL.1": null, "% OF TOTAL.2": null}, "Household Income: $100k - $125k": {"Demographic": null, "2020": 24, "2024": 24, "2029": 26, "% OF TOTAL": 12.2, "% OF TOTAL.1": null, "% OF TOTAL.2": null}, "Household Income: $125k - $150k": {"Demographic": null, "2020": 36, "2024": 29, "2029": 43, "% OF TOTAL": 20.2, "% OF TOTAL.1": null, "% OF TOTAL.2": null}, "Household Income: $150k - $200k": {"Demographic": null, "2020": 0, "2024": 0, "2029": 0, "% OF TOTAL": 0.0, "% OF TOTAL.1": null, "% OF TOTAL.2": null}, "Household Income: Above $200k": {"Demographic": null, "2020": 0, "2024": 0, "2029": 0, "% OF TOTAL": 0.0, "% OF TOTAL.1": null, "% OF TOTAL.2": null}, "Total Housing Units": {"Demographic": null, "2020": 301, "2024": null, "2029": null, "% OF TOTAL": null, "% OF TOTAL.1": null, "% OF TOTAL.2": null}, "Owner Occupied Housing Units": {"Demographic": null, "2020": 170, "2024": 159, "2029": null, "% OF TOTAL": null, "% OF TOTAL.1": null, "% OF TOTAL.2": null}, "Renter Occupied Housing Units": {"Demographic": null, "2020": 68, "2024": 64, "2029": null, "% OF TOTAL": null, "% OF TOTAL.1": null, "% OF TOTAL.2": null}, "Vacant Housing Units": {"Demographic": null, "2020": 63, "2024": null, "2029": null, "% OF TOTAL": null, "% OF TOTAL.1": null, "% OF TOTAL.2": null}, "Vacant Housing Units: Seasonal": {"Demographic": null, "2020": 15, "2024": null, "2029": null, "% OF TOTAL": null, "% OF TOTAL.1": null, "% OF TOTAL.2": null}, "Vacant Housing Units: Other Usage": {"Demographic": null, "2020": 48, "2024": null, "2029": null, "% OF TOTAL": null, "% OF TOTAL.1": null, "% OF TOTAL.2": null}, "Average Housing Unit Value": {"Demographic": null, "2020": 63191, "2024": 63459, "2029": null, "% OF TOTAL": null, "% OF TOTAL.1": null, "% OF TOTAL.2": null}, "Median Housing Unit Value": {"Demographic": null, "2020": 64722, "2024": 64851, "2029": null, "% OF TOTAL": null, "% OF TOTAL.1": null, "% OF TOTAL.2": null}, "Housing Unit Value Less Than $100k": {"Demographic": null, "2020": 170, "2024": 159, "2029": null, "% OF TOTAL": null, "% OF TOTAL.1": null, "% OF TOTAL.2": null}, "Housing Unit Value $100k-$200k": {"Demographic": null, "2020": 0, "2024": 0, "2029": null, "% OF TOTAL": null, "% OF TOTAL.1": null, "% OF TOTAL.2": null}, "Housing Unit Value $200k-$250k": {"Demographic": null, "2020": 0, "2024": 0, "2029": null, "% OF TOTAL": null, "% OF TOTAL.1": null, "% OF TOTAL.2": null}, "Housing Unit Value $250k-$300k": {"Demographic": null, "2020": 0, "2024": 0, "2029": null, "% OF TOTAL": null, "% OF TOTAL.1": null, "% OF TOTAL.2": null}, "Housing Unit Value $300k-$400k": {"Demographic": null, "2020": 0, "2024": 0, "2029": null, "% OF TOTAL": null, "% OF TOTAL.1": null, "% OF TOTAL.2": null}, "Housing Unit Value $400k-$500k": {"Demographic": null, "2020": 0, "2024": 0, "2029": null, "% OF TOTAL": null, "% OF TOTAL.1": null, "% OF TOTAL.2": null}, "Housing Unit Value $500k-$750k": {"Demographic": null, "2020": 0, "2024": 0, "2029": null, "% OF TOTAL": null, "% OF TOTAL.1": null, "% OF TOTAL.2": null}, "Housing Unit Value $750k-$1m": {"Demographic": null, "2020": 0, "2024": 0, "2029": null, "% OF TOTAL": null, "% OF TOTAL.1": null, "% OF TOTAL.2": null}, "Housing Unit Value $1m-$1.5m": {"Demographic": null, "2020": 0, "2024": 0, "2029": null, "% OF TOTAL": null, "% OF TOTAL.1": null, "% OF TOTAL.2": null}, "Housing Unit Value $1.5m-$2m": {"Demographic": null, "2020": 0, "2024": 0, "2029": null, "% OF TOTAL": null, "% OF TOTAL.1": null, "% OF TOTAL.2": null}, "Housing Unit Value Above $2m": {"Demographic": null, "2020": 0, "2024": 0, "2029": null, "% OF TOTAL": null, "% OF TOTAL.1": null, "% OF TOTAL.2": null}, "Median Housing Unit Year Built": {"Demographic": null, "2020": 2001, "2024": 2001, "2029": null, "% OF TOTAL": null, "% OF TOTAL.1": null, "% OF TOTAL.2": null}, "Housing Units Built 2014 Or After": {"Demographic": null, "2020": 0, "2024": 0, "2029": null, "% OF TOTAL": null, "% OF TOTAL.1": null, "% OF TOTAL.2": null}, "Housing Units Built 2010-2013": {"Demographic": null, "2020": 0, "2024": 0, "2029": null, "% OF TOTAL": null, "% OF TOTAL.1": null, "% OF TOTAL.2": null}, "Housing Units Built 2000-2009": {"Demographic": null, "2020": 128, "2024": 120, "2029": null, "% OF TOTAL": null, "% OF TOTAL.1": null, "% OF TOTAL.2": null}, "Housing Units Built 1990-1999": {"Demographic": null, "2020": 0, "2024": 0, "2029": null, "% OF TOTAL": null, "% OF TOTAL.1": null, "% OF TOTAL.2": null}, "Housing Units Built 1980-1989": {"Demographic": null, "2020": 22, "2024": 20, "2029": null, "% OF TOTAL": null, "% OF TOTAL.1": null, "% OF TOTAL.2": null}, "Housing Units Built 1970-1979": {"Demographic": null, "2020": 0, "2024": 0, "2029": null, "% OF TOTAL": null, "% OF TOTAL.1": null, "% OF TOTAL.2": null}, "Housing Units Built 1960-1969": {"Demographic": null, "2020": 4, "2024": 4, "2029": null, "% OF TOTAL": null, "% OF TOTAL.1": null, "% OF TOTAL.2": null}, "Housing Units Built 1950-1959": {"Demographic": null, "2020": 46, "2024": 43, "2029": null, "% OF TOTAL": null, "% OF TOTAL.1": null, "% OF TOTAL.2": null}, "Housing Units Built 1940-1949": {"Demographic": null, "2020": 0, "2024": 0, "2029": null, "% OF TOTAL": null, "% OF TOTAL.1": null, "% OF TOTAL.2": null}, "Housing Units Built Before 1940": {"Demographic": null, "2020": 38, "2024": 36, "2029": null, "% OF TOTAL": null, "% OF TOTAL.1": null, "% OF TOTAL.2": null}}}, "geometry": {"type": "Polygon", "coordinates": [[[-88.262662, 30.354584], [-88.263035, 30.383622], [-88.229541, 30.383942], [-88.229177, 30.354903], [-88.262662, 30.354584]]]}}, {"type": "Feature", "properties": {"block": "059", "block_num": 59, "CentroidLon": -88.21261417753615, "CentroidLat": 30.36957854783757, "data_status": "no data", "is_anomalous": false, "anomaly_reason": null, "files_present": ""}, "geometry": {"type": "Polygon", "coordinates": [[[-88.229177, 30.354903], [-88.229541, 30.383942], [-88.196046, 30.384253], [-88.195693, 30.355213], [-88.229177, 30.354903]]]}}, {"type": "Feature", "properties": {"block": "060", "block_num": 60, "CentroidLon": -88.17912425868553, "CentroidLat": 30.369884647806888, "data_status": "usable", "is_anomalous": false, "anomaly_reason": null, "files_present": "DemographicSnapshot-26.08.06.csv;PopulationTrends-26.08.06.csv;HouseholdTrends-26.08.06.csv;HouseholdIncomeByAge-26.08.06.csv;ConsumerSegmentation-26.08.06.csv", "population_2024": 1587, "population_2029": 1798, "households_2024": 699, "households_2029": 806, "median_household_income_2024": 69500, "median_household_income_2029": 85031, "mean_household_income_2024": null, "mean_household_income_2029": null, "median_age_2024": 51, "median_age_2029": 52, "median_home_value_2024": 274576, "average_household_size_2024": 2.3, "average_household_size_2029": 2.2, "population_growth_2024_2029": 3.7, "households_growth_2024_2029": 5.1, "consumer_segments": {"Simple Life Moderate Income No Children": {"households": 109, "pct": 21.0}, "Renters": {"households": 98, "pct": 18.9}, "Active Adult Elite": {"households": 94, "pct": 18.1}, "Simple Life Moderate Income With Children": {"households": 64, "pct": 12.4}, "Simple Life Affluent No Children": {"households": 54, "pct": 10.4}, "Family Life Young Children": {"households": 30, "pct": 5.8}, "Renters Near Term Buyers": {"households": 20, "pct": 3.9}, "Elite": {"households": 19, "pct": 3.7}, "Active Adult Entry Level": {"households": 19, "pct": 3.7}, "Active Adult Feature and Location": {"households": 11, "pct": 2.1}, "Family Life School Age Children": {"households": 0, "pct": 0.0}, "Feature and Location": {"households": 0, "pct": 0.0}, "Entry Level Urban": {"households": 0, "pct": 0.0}, "Entry Level Suburban": {"households": 0, "pct": 0.0}}, "income_age": {"2020": {}, "2024": {}, "2029": {}}, "population_trends": {"Total Population": {"Demographic": null, "2020": 1530, "2024": 1587, "2029": 1798, "% OF TOTAL": null, "% OF TOTAL.1": null, "% OF TOTAL.2": null}, "Population Growth": {"Demographic": null, "2020": null, "2024": 3.7, "2029": 13.3, "% OF TOTAL": null, "% OF TOTAL.1": null, "% OF TOTAL.2": null}, "Female Population": {"Demographic": null, "2020": 723, "2024": 752, "2029": 852, "% OF TOTAL": 47.4, "% OF TOTAL.1": null, "% OF TOTAL.2": null}, "Male Population": {"Demographic": null, "2020": 807, "2024": 835, "2029": 946, "% OF TOTAL": 52.6, "% OF TOTAL.1": null, "% OF TOTAL.2": null}, "Total population: Median Age": {"Demographic": null, "2020": 51, "2024": 51, "2029": 52, "% OF TOTAL": null, "% OF TOTAL.1": null, "% OF TOTAL.2": null}, "Total population: Under 5 years": {"Demographic": null, "2020": 59, "2024": 57, "2029": 65, "% OF TOTAL": 3.6, "% OF TOTAL.1": null, "% OF TOTAL.2": null}, "Total population: 5 - 9 years": {"Demographic": null, "2020": 56, "2024": 60, "2029": 64, "% OF TOTAL": 3.6, "% OF TOTAL.1": null, "% OF TOTAL.2": null}, "Total population: 10 - 14 years": {"Demographic": null, "2020": 75, "2024": 76, "2029": 75, "% OF TOTAL": 4.2, "% OF TOTAL.1": null, "% OF TOTAL.2": null}, "Total population: 15 - 19 years": {"Demographic": null, "2020": 75, "2024": 79, "2029": 84, "% OF TOTAL": 4.7, "% OF TOTAL.1": null, "% OF TOTAL.2": null}, "Total population: 20 - 24 years": {"Demographic": null, "2020": 80, "2024": 85, "2029": 94, "% OF TOTAL": 5.2, "% OF TOTAL.1": null, "% OF TOTAL.2": null}, "Total population: 25 - 29 years": {"Demographic": null, "2020": 70, "2024": 69, "2029": 85, "% OF TOTAL": 4.7, "% OF TOTAL.1": null, "% OF TOTAL.2": null}, "Total population: 30 - 34 years": {"Demographic": null, "2020": 71, "2024": 74, "2029": 79, "% OF TOTAL": 4.4, "% OF TOTAL.1": null, "% OF TOTAL.2": null}, "Total population: 35 - 39 years": {"Demographic": null, "2020": 67, "2024": 71, "2029": 85, "% OF TOTAL": 4.7, "% OF TOTAL.1": null, "% OF TOTAL.2": null}, "Total population: 40 - 44 years": {"Demographic": null, "2020": 87, "2024": 95, "2029": 102, "% OF TOTAL": 5.7, "% OF TOTAL.1": null, "% OF TOTAL.2": null}, "Total population: 45 - 49 years": {"Demographic": null, "2020": 92, "2024": 89, "2029": 109, "% OF TOTAL": 6.1, "% OF TOTAL.1": null, "% OF TOTAL.2": null}, "Total population: 50 - 54 years": {"Demographic": null, "2020": 115, "2024": 116, "2029": 119, "% OF TOTAL": 6.6, "% OF TOTAL.1": null, "% OF TOTAL.2": null}, "Total population: 55 - 59 years": {"Demographic": null, "2020": 158, "2024": 149, "2029": 152, "% OF TOTAL": 8.5, "% OF TOTAL.1": null, "% OF TOTAL.2": null}, "Total population: 60 - 64 years": {"Demographic": null, "2020": 161, "2024": 164, "2029": 165, "% OF TOTAL": 9.2, "% OF TOTAL.1": null, "% OF TOTAL.2": null}, "Total population: 65 - 69 years": {"Demographic": null, "2020": 147, "2024": 160, "2029": 184, "% OF TOTAL": 10.2, "% OF TOTAL.1": null, "% OF TOTAL.2": null}, "Total population: 70 - 74 years": {"Demographic": null, "2020": 94, "2024": 99, "2029": 138, "% OF TOTAL": 7.7, "% OF TOTAL.1": null, "% OF TOTAL.2": null}, "Total population: 75 - 79 years": {"Demographic": null, "2020": 71, "2024": 84, "2029": 105, "% OF TOTAL": 5.8, "% OF TOTAL.1": null, "% OF TOTAL.2": null}, "Total population: 80 - 84 years": {"Demographic": null, "2020": 21, "2024": 26, "2029": 53, "% OF TOTAL": 2.9, "% OF TOTAL.1": null, "% OF TOTAL.2": null}, "Total population: 85 years and over": {"Demographic": null, "2020": 31, "2024": 34, "2029": 40, "% OF TOTAL": 2.2, "% OF TOTAL.1": null, "% OF TOTAL.2": null}, "Female population: Median Age": {"Demographic": null, "2020": 52, "2024": 52, "2029": 53, "% OF TOTAL": null, "% OF TOTAL.1": null, "% OF TOTAL.2": null}, "Female population: Under 5 years": {"Demographic": null, "2020": 26, "2024": 25, "2029": 29, "% OF TOTAL": 3.4, "% OF TOTAL.1": null, "% OF TOTAL.2": null}, "Female population: 5 - 9 years": {"Demographic": null, "2020": 15, "2024": 15, "2029": 20, "% OF TOTAL": 2.3, "% OF TOTAL.1": null, "% OF TOTAL.2": null}, "Female population: 10 - 14 years": {"Demographic": null, "2020": 38, "2024": 37, "2029": 32, "% OF TOTAL": 3.8, "% OF TOTAL.1": null, "% OF TOTAL.2": null}, "Female population: 15 - 19 years": {"Demographic": null, "2020": 39, "2024": 41, "2029": 43, "% OF TOTAL": 5.0, "% OF TOTAL.1": null, "% OF TOTAL.2": null}, "Female population: 20 - 24 years": {"Demographic": null, "2020": 32, "2024": 34, "2029": 42, "% OF TOTAL": 4.9, "% OF TOTAL.1": null, "% OF TOTAL.2": null}, "Female population: 25 - 29 years": {"Demographic": null, "2020": 25, "2024": 25, "2029": 32, "% OF TOTAL": 3.8, "% OF TOTAL.1": null, "% OF TOTAL.2": null}, "Female population: 30 - 34 years": {"Demographic": null, "2020": 32, "2024": 34, "2029": 34, "% OF TOTAL": 4.0, "% OF TOTAL.1": null, "% OF TOTAL.2": null}, "Female population: 35 - 39 years": {"Demographic": null, "2020": 42, "2024": 45, "2029": 49, "% OF TOTAL": 5.8, "% OF TOTAL.1": null, "% OF TOTAL.2": null}, "Female population: 40 - 44 years": {"Demographic": null, "2020": 44, "2024": 49, "2029": 55, "% OF TOTAL": 6.5, "% OF TOTAL.1": null, "% OF TOTAL.2": null}, "Female population: 45 - 49 years": {"Demographic": null, "2020": 41, "2024": 40, "2029": 51, "% OF TOTAL": 6.0, "% OF TOTAL.1": null, "% OF TOTAL.2": null}, "Female population: 50 - 54 years": {"Demographic": null, "2020": 53, "2024": 54, "2029": 55, "% OF TOTAL": 6.5, "% OF TOTAL.1": null, "% OF TOTAL.2": null}, "Female population: 55 - 59 years": {"Demographic": null, "2020": 84, "2024": 78, "2029": 76, "% OF TOTAL": 8.9, "% OF TOTAL.1": null, "% OF TOTAL.2": null}, "Female population: 60 - 64 years": {"Demographic": null, "2020": 85, "2024": 89, "2029": 89, "% OF TOTAL": 10.4, "% OF TOTAL.1": null, "% OF TOTAL.2": null}, "Female population: 65 - 69 years": {"Demographic": null, "2020": 64, "2024": 72, "2029": 87, "% OF TOTAL": 10.2, "% OF TOTAL.1": null, "% OF TOTAL.2": null}, "Female population: 70 - 74 years": {"Demographic": null, "2020": 42, "2024": 44, "2029": 61, "% OF TOTAL": 7.2, "% OF TOTAL.1": null, "% OF TOTAL.2": null}, "Female population: 75 - 79 years": {"Demographic": null, "2020": 34, "2024": 40, "2029": 49, "% OF TOTAL": 5.8, "% OF TOTAL.1": null, "% OF TOTAL.2": null}, "Female population: 80 - 84 years": {"Demographic": null, "2020": 14, "2024": 16, "2029": 29, "% OF TOTAL": 3.4, "% OF TOTAL.1": null, "% OF TOTAL.2": null}, "Female population: 85 years and over": {"Demographic": null, "2020": 13, "2024": 14, "2029": 19, "% OF TOTAL": 2.2, "% OF TOTAL.1": null, "% OF TOTAL.2": null}, "Male population: Median Age": {"Demographic": null, "2020": 50, "2024": 50, "2029": 51, "% OF TOTAL": null, "% OF TOTAL.1": null, "% OF TOTAL.2": null}, "Male population: Under 5 years": {"Demographic": null, "2020": 33, "2024": 32, "2029": 36, "% OF TOTAL": 3.8, "% OF TOTAL.1": null, "% OF TOTAL.2": null}, "Male population: 5 - 9 years": {"Demographic": null, "2020": 41, "2024": 45, "2029": 44, "% OF TOTAL": 4.7, "% OF TOTAL.1": null, "% OF TOTAL.2": null}, "Male population: 10 - 14 years": {"Demographic": null, "2020": 37, "2024": 39, "2029": 43, "% OF TOTAL": 4.5, "% OF TOTAL.1": null, "% OF TOTAL.2": null}, "Male population: 15 - 19 years": {"Demographic": null, "2020": 36, "2024": 38, "2029": 41, "% OF TOTAL": 4.3, "% OF TOTAL.1": null, "% OF TOTAL.2": null}, "Male population: 20 - 24 years": {"Demographic": null, "2020": 48, "2024": 51, "2029": 52, "% OF TOTAL": 5.5, "% OF TOTAL.1": null, "% OF TOTAL.2": null}, "Male population: 25 - 29 years": {"Demographic": null, "2020": 45, "2024": 44, "2029": 53, "% OF TOTAL": 5.6, "% OF TOTAL.1": null, "% OF TOTAL.2": null}, "Male population: 30 - 34 years": {"Demographic": null, "2020": 39, "2024": 40, "2029": 45, "% OF TOTAL": 4.8, "% OF TOTAL.1": null, "% OF TOTAL.2": null}, "Male population: 35 - 39 years": {"Demographic": null, "2020": 25, "2024": 26, "2029": 36, "% OF TOTAL": 3.8, "% OF TOTAL.1": null, "% OF TOTAL.2": null}, "Male population: 40 - 44 years": {"Demographic": null, "2020": 43, "2024": 46, "2029": 47, "% OF TOTAL": 5.0, "% OF TOTAL.1": null, "% OF TOTAL.2": null}, "Male population: 45 - 49 years": {"Demographic": null, "2020": 51, "2024": 49, "2029": 58, "% OF TOTAL": 6.1, "% OF TOTAL.1": null, "% OF TOTAL.2": null}, "Male population: 50 - 54 years": {"Demographic": null, "2020": 62, "2024": 62, "2029": 64, "% OF TOTAL": 6.8, "% OF TOTAL.1": null, "% OF TOTAL.2": null}, "Male population: 55 - 59 years": {"Demographic": null, "2020": 74, "2024": 71, "2029": 76, "% OF TOTAL": 8.0, "% OF TOTAL.1": null, "% OF TOTAL.2": null}, "Male population: 60 - 64 years": {"Demographic": null, "2020": 76, "2024": 75, "2029": 76, "% OF TOTAL": 8.0, "% OF TOTAL.1": null, "% OF TOTAL.2": null}, "Male population: 65 - 69 years": {"Demographic": null, "2020": 83, "2024": 88, "2029": 97, "% OF TOTAL": 10.3, "% OF TOTAL.1": null, "% OF TOTAL.2": null}, "Male population: 70 - 74 years": {"Demographic": null, "2020": 52, "2024": 55, "2029": 77, "% OF TOTAL": 8.1, "% OF TOTAL.1": null, "% OF TOTAL.2": null}, "Male population: 75 - 79 years": {"Demographic": null, "2020": 37, "2024": 44, "2029": 56, "% OF TOTAL": 5.9, "% OF TOTAL.1": null, "% OF TOTAL.2": null}, "Male population: 80 - 84 years": {"Demographic": null, "2020": 7, "2024": 10, "2029": 24, "% OF TOTAL": 2.5, "% OF TOTAL.1": null, "% OF TOTAL.2": null}, "Male population: 85 years and over": {"Demographic": null, "2020": 18, "2024": 20, "2029": 21, "% OF TOTAL": 2.2, "% OF TOTAL.1": null, "% OF TOTAL.2": null}, "White alone": {"Demographic": null, "2020": 1342, "2024": 1378, "2029": 1560, "% OF TOTAL": 86.8, "% OF TOTAL.1": null, "% OF TOTAL.2": null}, "Black alone": {"Demographic": null, "2020": 54, "2024": 57, "2029": 66, "% OF TOTAL": 3.7, "% OF TOTAL.1": null, "% OF TOTAL.2": null}, "American Indian and Alaska Native alone": {"Demographic": null, "2020": 4, "2024": 4, "2029": 5, "% OF TOTAL": 0.3, "% OF TOTAL.1": null, "% OF TOTAL.2": null}, "Asian alone": {"Demographic": null, "2020": 3, "2024": 3, "2029": 3, "% OF TOTAL": 0.2, "% OF TOTAL.1": null, "% OF TOTAL.2": null}, "Native Hawaiian and OPI alone": {"Demographic": null, "2020": 1, "2024": 1, "2029": 1, "% OF TOTAL": 0.1, "% OF TOTAL.1": null, "% OF TOTAL.2": null}, "Some other race alone": {"Demographic": null, "2020": 29, "2024": 31, "2029": 35, "% OF TOTAL": 1.9, "% OF TOTAL.1": null, "% OF TOTAL.2": null}, "Two or more races alone": {"Demographic": null, "2020": 97, "2024": 113, "2029": 128, "% OF TOTAL": 7.1, "% OF TOTAL.1": null, "% OF TOTAL.2": null}, "Not Hispanic: White alone": {"Demographic": null, "2020": 1334, "2024": 1369, "2029": 1550, "% OF TOTAL": 86.2, "% OF TOTAL.1": null, "% OF TOTAL.2": null}, "Not Hispanic: Black or African American alone": {"Demographic": null, "2020": 54, "2024": 57, "2029": 66, "% OF TOTAL": 3.7, "% OF TOTAL.1": null, "% OF TOTAL.2": null}, "Not Hispanic: American Indian and Alaska Native alone": {"Demographic": null, "2020": 4, "2024": 4, "2029": 5, "% OF TOTAL": 0.3, "% OF TOTAL.1": null, "% OF TOTAL.2": null}, "Not Hispanic: Asian alone": {"Demographic": null, "2020": 2, "2024": 2, "2029": 2, "% OF TOTAL": 0.1, "% OF TOTAL.1": null, "% OF TOTAL.2": null}, "Not Hispanic: Native Hawaiian and OPI alone": {"Demographic": null, "2020": 0, "2024": 0, "2029": 0, "% OF TOTAL": 0.0, "% OF TOTAL.1": null, "% OF TOTAL.2": null}, "Not Hispanic: Some Other Race alone": {"Demographic": null, "2020": 16, "2024": 17, "2029": 19, "% OF TOTAL": 1.1, "% OF TOTAL.1": null, "% OF TOTAL.2": null}, "Not Hispanic: Two or More Races": {"Demographic": null, "2020": 89, "2024": 103, "2029": 117, "% OF TOTAL": 6.5, "% OF TOTAL.1": null, "% OF TOTAL.2": null}, "Hispanic: White alone": {"Demographic": null, "2020": 8, "2024": 9, "2029": 10, "% OF TOTAL": 0.6, "% OF TOTAL.1": null, "% OF TOTAL.2": null}, "Hispanic: Black or African American alone": {"Demographic": null, "2020": 0, "2024": 0, "2029": 0, "% OF TOTAL": 0.0, "% OF TOTAL.1": null, "% OF TOTAL.2": null}, "Hispanic: American Indian and Alaska Native alone": {"Demographic": null, "2020": 0, "2024": 0, "2029": 0, "% OF TOTAL": 0.0, "% OF TOTAL.1": null, "% OF TOTAL.2": null}, "Hispanic: Asian alone": {"Demographic": null, "2020": 1, "2024": 1, "2029": 1, "% OF TOTAL": 0.1, "% OF TOTAL.1": null, "% OF TOTAL.2": null}, "Hispanic: Native Hawaiian and OPI alone": {"Demographic": null, "2020": 1, "2024": 1, "2029": 1, "% OF TOTAL": 0.1, "% OF TOTAL.1": null, "% OF TOTAL.2": null}, "Hispanic: Some Other Race alone": {"Demographic": null, "2020": 13, "2024": 14, "2029": 16, "% OF TOTAL": 0.9, "% OF TOTAL.1": null, "% OF TOTAL.2": null}, "Hispanic: Two or More Races": {"Demographic": null, "2020": 8, "2024": 10, "2029": 11, "% OF TOTAL": 0.6, "% OF TOTAL.1": null, "% OF TOTAL.2": null}, "Educational Attainment: No High School Diploma": {"Demographic": null, "2020": 198, "2024": 205, "2029": null, "% OF TOTAL": null, "% OF TOTAL.1": null, "% OF TOTAL.2": null}, "Educational Attainment: High School Diploma": {"Demographic": null, "2020": 373, "2024": 387, "2029": null, "% OF TOTAL": null, "% OF TOTAL.1": null, "% OF TOTAL.2": null}, "Educational Attainment: Some College": {"Demographic": null, "2020": 267, "2024": 277, "2029": null, "% OF TOTAL": null, "% OF TOTAL.1": null, "% OF TOTAL.2": null}, "Educational Attainment: Associates Degree": {"Demographic": null, "2020": 53, "2024": 55, "2029": null, "% OF TOTAL": null, "% OF TOTAL.1": null, "% OF TOTAL.2": null}, "Educational Attainment: Bachelors Degree": {"Demographic": null, "2020": 173, "2024": 180, "2029": null, "% OF TOTAL": null, "% OF TOTAL.1": null, "% OF TOTAL.2": null}, "Educational Attainment: Advanced Degree": {"Demographic": null, "2020": 121, "2024": 126, "2029": null, "% OF TOTAL": null, "% OF TOTAL.1": null, "% OF TOTAL.2": null}, "Employment Status: Armed Forces": {"Demographic": null, "2020": 0, "2024": 0, "2029": null, "% OF TOTAL": null, "% OF TOTAL.1": null, "% OF TOTAL.2": null}, "Employment Status: Civilian labor force employed": {"Demographic": null, "2020": 630, "2024": 646, "2029": null, "% OF TOTAL": null, "% OF TOTAL.1": null, "% OF TOTAL.2": null}, "Employment Status: Civilian labor force unemployed": {"Demographic": null, "2020": 10, "2024": 11, "2029": null, "% OF TOTAL": null, "% OF TOTAL.1": null, "% OF TOTAL.2": null}, "Employment Status: Not in labor force": {"Demographic": null, "2020": 690, "2024": 708, "2029": null, "% OF TOTAL": null, "% OF TOTAL.1": null, "% OF TOTAL.2": null}, "Employed in Agriculture and Mining Industries": {"Demographic": null, "2020": 24, "2024": 25, "2029": null, "% OF TOTAL": null, "% OF TOTAL.1": null, "% OF TOTAL.2": null}, "Employed in Construction Industries": {"Demographic": null, "2020": 75, "2024": 77, "2029": null, "% OF TOTAL": null, "% OF TOTAL.1": null, "% OF TOTAL.2": null}, "Employed in Manufacturing Industries": {"Demographic": null, "2020": 93, "2024": 95, "2029": null, "% OF TOTAL": null, "% OF TOTAL.1": null, "% OF TOTAL.2": null}, "Employed in Wholesale Industries": {"Demographic": null, "2020": 17, "2024": 17, "2029": null, "% OF TOTAL": null, "% OF TOTAL.1": null, "% OF TOTAL.2": null}, "Employed in Retail Industries": {"Demographic": null, "2020": 77, "2024": 79, "2029": null, "% OF TOTAL": null, "% OF TOTAL.1": null, "% OF TOTAL.2": null}, "Employed in Transportation and Utilities Industries": {"Demographic": null, "2020": 26, "2024": 27, "2029": null, "% OF TOTAL": null, "% OF TOTAL.1": null, "% OF TOTAL.2": null}, "Employed in Information Industries": {"Demographic": null, "2020": 59, "2024": 61, "2029": null, "% OF TOTAL": null, "% OF TOTAL.1": null, "% OF TOTAL.2": null}, "Employed in Real-Estate Industries": {"Demographic": null, "2020": 9, "2024": 9, "2029": null, "% OF TOTAL": null, "% OF TOTAL.1": null, "% OF TOTAL.2": null}, "Employed in Professional Industries": {"Demographic": null, "2020": 71, "2024": 73, "2029": null, "% OF TOTAL": null, "% OF TOTAL.1": null, "% OF TOTAL.2": null}, "Employed in Health and Education Industries": {"Demographic": null, "2020": 55, "2024": 56, "2029": null, "% OF TOTAL": null, "% OF TOTAL.1": null, "% OF TOTAL.2": null}, "Employed in Art Industries": {"Demographic": null, "2020": 52, "2024": 53, "2029": null, "% OF TOTAL": null, "% OF TOTAL.1": null, "% OF TOTAL.2": null}, "Employed in Other Industries": {"Demographic": null, "2020": 40, "2024": 41, "2029": null, "% OF TOTAL": null, "% OF TOTAL.1": null, "% OF TOTAL.2": null}, "Employed in Public Administration Industries": {"Demographic": null, "2020": 32, "2024": 33, "2029": null, "% OF TOTAL": null, "% OF TOTAL.1": null, "% OF TOTAL.2": null}, "Occupation: Management": {"Demographic": null, "2020": 78, "2024": 80, "2029": null, "% OF TOTAL": null, "% OF TOTAL.1": null, "% OF TOTAL.2": null}, "Occupation: Business and financial operations": {"Demographic": null, "2020": 42, "2024": 43, "2029": null, "% OF TOTAL": null, "% OF TOTAL.1": null, "% OF TOTAL.2": null}, "Occupation: Computer and mathematical": {"Demographic": null, "2020": 37, "2024": 38, "2029": null, "% OF TOTAL": null, "% OF TOTAL.1": null, "% OF TOTAL.2": null}, "Occupation: Architecture and engineering": {"Demographic": null, "2020": 0, "2024": 0, "2029": null, "% OF TOTAL": null, "% OF TOTAL.1": null, "% OF TOTAL.2": null}, "Occupation: Life, physical, and social science": {"Demographic": null, "2020": 0, "2024": 0, "2029": null, "% OF TOTAL": null, "% OF TOTAL.1": null, "% OF TOTAL.2": null}, "Occupation: Community and social service": {"Demographic": null, "2020": 0, "2024": 0, "2029": null, "% OF TOTAL": null, "% OF TOTAL.1": null, "% OF TOTAL.2": null}, "Occupation: Legal": {"Demographic": null, "2020": 0, "2024": 0, "2029": null, "% OF TOTAL": null, "% OF TOTAL.1": null, "% OF TOTAL.2": null}, "Occupation: Education, training, and library": {"Demographic": null, "2020": 27, "2024": 28, "2029": null, "% OF TOTAL": null, "% OF TOTAL.1": null, "% OF TOTAL.2": null}, "Occupation: Arts, design, entertainment, sports, and media": {"Demographic": null, "2020": 59, "2024": 60, "2029": null, "% OF TOTAL": null, "% OF TOTAL.1": null, "% OF TOTAL.2": null}, "Occupation: Health diagnosing and treating practitioners": {"Demographic": null, "2020": 20, "2024": 21, "2029": null, "% OF TOTAL": null, "% OF TOTAL.1": null, "% OF TOTAL.2": null}, "Occupation: Health technologists and technicians": {"Demographic": null, "2020": 9, "2024": 9, "2029": null, "% OF TOTAL": null, "% OF TOTAL.1": null, "% OF TOTAL.2": null}, "Occupation: Healthcare support": {"Demographic": null, "2020": 5, "2024": 5, "2029": null, "% OF TOTAL": null, "% OF TOTAL.1": null, "% OF TOTAL.2": null}, "Occupation: Fire fighting and prevention": {"Demographic": null, "2020": 0, "2024": 0, "2029": null, "% OF TOTAL": null, "% OF TOTAL.1": null, "% OF TOTAL.2": null}, "Occupation: Law enforcement workers": {"Demographic": null, "2020": 0, "2024": 0, "2029": null, "% OF TOTAL": null, "% OF TOTAL.1": null, "% OF TOTAL.2": null}, "Occupation: Food preparation and serving related": {"Demographic": null, "2020": 9, "2024": 9, "2029": null, "% OF TOTAL": null, "% OF TOTAL.1": null, "% OF TOTAL.2": null}, "Occupation: Building and grounds cleaning and maintenance": {"Demographic": null, "2020": 31, "2024": 32, "2029": null, "% OF TOTAL": null, "% OF TOTAL.1": null, "% OF TOTAL.2": null}, "Occupation: Personal care and service": {"Demographic": null, "2020": 35, "2024": 36, "2029": null, "% OF TOTAL": null, "% OF TOTAL.1": null, "% OF TOTAL.2": null}, "Occupation: Sales and related": {"Demographic": null, "2020": 68, "2024": 70, "2029": null, "% OF TOTAL": null, "% OF TOTAL.1": null, "% OF TOTAL.2": null}, "Occupation: Office and administrative support": {"Demographic": null, "2020": 19, "2024": 19, "2029": null, "% OF TOTAL": null, "% OF TOTAL.1": null, "% OF TOTAL.2": null}, "Occupation: Farming, fishing, and forestry": {"Demographic": null, "2020": 23, "2024": 24, "2029": null, "% OF TOTAL": null, "% OF TOTAL.1": null, "% OF TOTAL.2": null}, "Occupation: Construction and extraction": {"Demographic": null, "2020": 45, "2024": 46, "2029": null, "% OF TOTAL": null, "% OF TOTAL.1": null, "% OF TOTAL.2": null}, "Occupation: Installation, maintenance, and repair": {"Demographic": null, "2020": 25, "2024": 26, "2029": null, "% OF TOTAL": null, "% OF TOTAL.1": null, "% OF TOTAL.2": null}, "Occupation: Production": {"Demographic": null, "2020": 54, "2024": 55, "2029": null, "% OF TOTAL": null, "% OF TOTAL.1": null, "% OF TOTAL.2": null}, "Occupation: Transportation": {"Demographic": null, "2020": 44, "2024": 45, "2029": null, "% OF TOTAL": null, "% OF TOTAL.1": null, "% OF TOTAL.2": null}, "Occupation: Material moving": {"Demographic": null, "2020": 0, "2024": 0, "2029": null, "% OF TOTAL": null, "% OF TOTAL.1": null, "% OF TOTAL.2": null}, "White collar": {"Demographic": null, "2020": 359, "2024": 368, "2029": null, "% OF TOTAL": null, "% OF TOTAL.1": null, "% OF TOTAL.2": null}, "Blue collar": {"Demographic": null, "2020": 271, "2024": 278, "2029": null, "% OF TOTAL": null, "% OF TOTAL.1": null, "% OF TOTAL.2": null}, "Means of transportation: Car, truck or van": {"Demographic": null, "2020": 433, "2024": 444, "2029": null, "% OF TOTAL": null, "% OF TOTAL.1": null, "% OF TOTAL.2": null}, "Means of transportation: Public transportation": {"Demographic": null, "2020": 0, "2024": 0, "2029": null, "% OF TOTAL": null, "% OF TOTAL.1": null, "% OF TOTAL.2": null}, "Means of transportation: Other": {"Demographic": null, "2020": 86, "2024": 88, "2029": null, "% OF TOTAL": null, "% OF TOTAL.1": null, "% OF TOTAL.2": null}, "Travel time: Average (in minutes)": {"Demographic": null, "2020": 39, "2024": 39, "2029": null, "% OF TOTAL": null, "% OF TOTAL.1": null, "% OF TOTAL.2": null}, "Travel time to work: Less than 30 minutes": {"Demographic": null, "2020": 271, "2024": 278, "2029": null, "% OF TOTAL": null, "% OF TOTAL.1": null, "% OF TOTAL.2": null}, "Travel time to work: 30 to 60 minutes": {"Demographic": null, "2020": 144, "2024": 147, "2029": null, "% OF TOTAL": null, "% OF TOTAL.1": null, "% OF TOTAL.2": null}, "Travel time to work: 60 or more minutes": {"Demographic": null, "2020": 104, "2024": 107, "2029": null, "% OF TOTAL": null, "% OF TOTAL.1": null, "% OF TOTAL.2": null}}, "demographic_snapshot": {"Total Population": {"Demographic": null, "2020": 1530, "2024": 1587, "2029": 1798, "% OF TOTAL": null, "% OF TOTAL.1": null, "% OF TOTAL.2": null}, "Households": {"Demographic": null, "2020": 665, "2024": 699, "2029": 806, "% OF TOTAL": null, "% OF TOTAL.1": null, "% OF TOTAL.2": null}, "Population in Group Quarters": {"Demographic": null, "2020": 0, "2024": 0, "2029": 0, "% OF TOTAL": null, "% OF TOTAL.1": null, "% OF TOTAL.2": null}, "Households Growth": {"Demographic": null, "2020": null, "2024": 5.1, "2029": 15.3, "% OF TOTAL": null, "% OF TOTAL.1": null, "% OF TOTAL.2": null}, "Household Income: Median": {"Demographic": null, "2020": 0, "2024": 69500, "2029": 85031, "% OF TOTAL": null, "% OF TOTAL.1": null, "% OF TOTAL.2": null}, "Home Value: Median": {"Demographic": null, "2020": 275000, "2024": 274576, "2029": null, "% OF TOTAL": null, "% OF TOTAL.1": null, "% OF TOTAL.2": null}, "Population Growth": {"Demographic": null, "2020": null, "2024": 3.7, "2029": 13.3, "% OF TOTAL": null, "% OF TOTAL.1": null, "% OF TOTAL.2": null}, "Total Population: Under 19 years": {"Demographic": null, "2020": 265, "2024": 272, "2029": 288, "% OF TOTAL": 16.0, "% OF TOTAL.1": null, "% OF TOTAL.2": null}, "Total Population: 20 - 64 years": {"Demographic": null, "2020": 901, "2024": 912, "2029": 990, "% OF TOTAL": 55.1, "% OF TOTAL.1": null, "% OF TOTAL.2": null}, "Total Population: 65 years and over": {"Demographic": null, "2020": 364, "2024": 403, "2029": 520, "% OF TOTAL": 28.9, "% OF TOTAL.1": null, "% OF TOTAL.2": null}, "Total population: Median age": {"Demographic": null, "2020": 51, "2024": 51, "2029": 52, "% OF TOTAL": null, "% OF TOTAL.1": null, "% OF TOTAL.2": null}, "Total population: Under 5 years": {"Demographic": null, "2020": 59, "2024": 57, "2029": 65, "% OF TOTAL": 3.6, "% OF TOTAL.1": null, "% OF TOTAL.2": null}, "Total population: 5 - 9 years": {"Demographic": null, "2020": 56, "2024": 60, "2029": 64, "% OF TOTAL": 3.6, "% OF TOTAL.1": null, "% OF TOTAL.2": null}, "Total population: 10 - 14 years": {"Demographic": null, "2020": 75, "2024": 76, "2029": 75, "% OF TOTAL": 4.2, "% OF TOTAL.1": null, "% OF TOTAL.2": null}, "Total population: 15 - 19 years": {"Demographic": null, "2020": 75, "2024": 79, "2029": 84, "% OF TOTAL": 4.7, "% OF TOTAL.1": null, "% OF TOTAL.2": null}, "Total population: 20 - 24 years": {"Demographic": null, "2020": 80, "2024": 85, "2029": 94, "% OF TOTAL": 5.2, "% OF TOTAL.1": null, "% OF TOTAL.2": null}, "Total population: 25 - 29 years": {"Demographic": null, "2020": 70, "2024": 69, "2029": 85, "% OF TOTAL": 4.7, "% OF TOTAL.1": null, "% OF TOTAL.2": null}, "Total population: 30 - 34 years": {"Demographic": null, "2020": 71, "2024": 74, "2029": 79, "% OF TOTAL": 4.4, "% OF TOTAL.1": null, "% OF TOTAL.2": null}, "Total population: 35 - 39 years": {"Demographic": null, "2020": 67, "2024": 71, "2029": 85, "% OF TOTAL": 4.7, "% OF TOTAL.1": null, "% OF TOTAL.2": null}, "Total population: 40 - 44 years": {"Demographic": null, "2020": 87, "2024": 95, "2029": 102, "% OF TOTAL": 5.7, "% OF TOTAL.1": null, "% OF TOTAL.2": null}, "Total population: 45 - 49 years": {"Demographic": null, "2020": 92, "2024": 89, "2029": 109, "% OF TOTAL": 6.1, "% OF TOTAL.1": null, "% OF TOTAL.2": null}, "Total population: 50 - 54 years": {"Demographic": null, "2020": 115, "2024": 116, "2029": 119, "% OF TOTAL": 6.6, "% OF TOTAL.1": null, "% OF TOTAL.2": null}, "Total population: 55 - 59 years": {"Demographic": null, "2020": 158, "2024": 149, "2029": 152, "% OF TOTAL": 8.5, "% OF TOTAL.1": null, "% OF TOTAL.2": null}, "Total population: 60 - 64 years": {"Demographic": null, "2020": 161, "2024": 164, "2029": 165, "% OF TOTAL": 9.2, "% OF TOTAL.1": null, "% OF TOTAL.2": null}, "Total population: 65 - 69 years": {"Demographic": null, "2020": 147, "2024": 160, "2029": 184, "% OF TOTAL": 10.2, "% OF TOTAL.1": null, "% OF TOTAL.2": null}, "Total population: 70 - 74 years": {"Demographic": null, "2020": 94, "2024": 99, "2029": 138, "% OF TOTAL": 7.7, "% OF TOTAL.1": null, "% OF TOTAL.2": null}, "Total population: 75 - 79 years": {"Demographic": null, "2020": 71, "2024": 84, "2029": 105, "% OF TOTAL": 5.8, "% OF TOTAL.1": null, "% OF TOTAL.2": null}, "Total population: 80 - 84 years": {"Demographic": null, "2020": 21, "2024": 26, "2029": 53, "% OF TOTAL": 2.9, "% OF TOTAL.1": null, "% OF TOTAL.2": null}, "Total population: 85 years and over": {"Demographic": null, "2020": 31, "2024": 34, "2029": 40, "% OF TOTAL": 2.2, "% OF TOTAL.1": null, "% OF TOTAL.2": null}, "Householders Age 15-24": {"Demographic": null, "2020": 14, "2024": 14, "2029": 16, "% OF TOTAL": 2.0, "% OF TOTAL.1": null, "% OF TOTAL.2": null}, "Householders Age 25-34": {"Demographic": null, "2020": 65, "2024": 68, "2029": 78, "% OF TOTAL": 9.7, "% OF TOTAL.1": null, "% OF TOTAL.2": null}, "Householders Age 35-44": {"Demographic": null, "2020": 82, "2024": 86, "2029": 97, "% OF TOTAL": 12.0, "% OF TOTAL.1": null, "% OF TOTAL.2": null}, "Householders Age 45-54": {"Demographic": null, "2020": 92, "2024": 97, "2029": 108, "% OF TOTAL": 13.4, "% OF TOTAL.1": null, "% OF TOTAL.2": null}, "Householders Age 55-64": {"Demographic": null, "2020": 171, "2024": 181, "2029": 183, "% OF TOTAL": 22.7, "% OF TOTAL.1": null, "% OF TOTAL.2": null}, "Householders Age 65-74": {"Demographic": null, "2020": 148, "2024": 156, "2029": 193, "% OF TOTAL": 23.9, "% OF TOTAL.1": null, "% OF TOTAL.2": null}, "Householders Age 75+": {"Demographic": null, "2020": 93, "2024": 97, "2029": 131, "% OF TOTAL": 16.3, "% OF TOTAL.1": null, "% OF TOTAL.2": null}, "Household income: Average": {"Demographic": null, "2020": 77650, "2024": 93859, "2029": 127534, "% OF TOTAL": null, "% OF TOTAL.1": null, "% OF TOTAL.2": null}, "Household income: Less than 25k": {"Demographic": null, "2020": 107, "2024": 101, "2029": 74, "% OF TOTAL": 9.2, "% OF TOTAL.1": null, "% OF TOTAL.2": null}, "Household income: 25k - 50k": {"Demographic": null, "2020": 129, "2024": 123, "2029": 116, "% OF TOTAL": 14.4, "% OF TOTAL.1": null, "% OF TOTAL.2": null}, "Household income: 50k - 75k": {"Demographic": null, "2020": 155, "2024": 164, "2029": 148, "% OF TOTAL": 18.4, "% OF TOTAL.1": null, "% OF TOTAL.2": null}, "Household income: 75k - 100k": {"Demographic": null, "2020": 107, "2024": 115, "2029": 162, "% OF TOTAL": 20.1, "% OF TOTAL.1": null, "% OF TOTAL.2": null}, "Household income: 100k - 125k": {"Demographic": null, "2020": 84, "2024": 72, "2029": 74, "% OF TOTAL": 9.2, "% OF TOTAL.1": null, "% OF TOTAL.2": null}, "Household income: 125k - 150k": {"Demographic": null, "2020": 37, "2024": 36, "2029": 45, "% OF TOTAL": 5.6, "% OF TOTAL.1": null, "% OF TOTAL.2": null}, "Household income: 150k - 200k": {"Demographic": null, "2020": 23, "2024": 24, "2029": 32, "% OF TOTAL": 4.0, "% OF TOTAL.1": null, "% OF TOTAL.2": null}, "Household income: Above 200k": {"Demographic": null, "2020": 23, "2024": 64, "2029": 155, "% OF TOTAL": 19.2, "% OF TOTAL.1": null, "% OF TOTAL.2": null}, "White Alone": {"Demographic": null, "2020": 1342, "2024": 1378, "2029": 1560, "% OF TOTAL": 86.8, "% OF TOTAL.1": null, "% OF TOTAL.2": null}, "Black or African American Alone": {"Demographic": null, "2020": 54, "2024": 57, "2029": 66, "% OF TOTAL": 3.7, "% OF TOTAL.1": null, "% OF TOTAL.2": null}, "American Indian and Alaska Native Alone": {"Demographic": null, "2020": 4, "2024": 4, "2029": 5, "% OF TOTAL": 0.3, "% OF TOTAL.1": null, "% OF TOTAL.2": null}, "Asian Alone": {"Demographic": null, "2020": 3, "2024": 3, "2029": 3, "% OF TOTAL": 0.2, "% OF TOTAL.1": null, "% OF TOTAL.2": null}, "Native Hawaiian and OPI Alone": {"Demographic": null, "2020": 1, "2024": 1, "2029": 1, "% OF TOTAL": 0.1, "% OF TOTAL.1": null, "% OF TOTAL.2": null}, "Some Other Race Alone": {"Demographic": null, "2020": 29, "2024": 31, "2029": 35, "% OF TOTAL": 1.9, "% OF TOTAL.1": null, "% OF TOTAL.2": null}, "Two or More Races Alone": {"Demographic": null, "2020": 97, "2024": 113, "2029": 128, "% OF TOTAL": 7.1, "% OF TOTAL.1": null, "% OF TOTAL.2": null}, "Not Hispanic or Latino": {"Demographic": null, "2020": 1499, "2024": 1552, "2029": 1759, "% OF TOTAL": 97.8, "% OF TOTAL.1": null, "% OF TOTAL.2": null}, "Hispanic or Latino": {"Demographic": null, "2020": 31, "2024": 35, "2029": 39, "% OF TOTAL": 2.2, "% OF TOTAL.1": null, "% OF TOTAL.2": null}, "Total Housing Units": {"Demographic": null, "2020": 846, "2024": null, "2029": null, "% OF TOTAL": null, "% OF TOTAL.1": null, "% OF TOTAL.2": null}, "Owner Occupied Housing Units": {"Demographic": null, "2020": 546, "2024": 574, "2029": null, "% OF TOTAL": null, "% OF TOTAL.1": null, "% OF TOTAL.2": null}, "Renter Occupied Housing Units": {"Demographic": null, "2020": 119, "2024": 125, "2029": null, "% OF TOTAL": null, "% OF TOTAL.1": null, "% OF TOTAL.2": null}, "Housing Units Value Less Than 100k": {"Demographic": null, "2020": 98, "2024": 103, "2029": null, "% OF TOTAL": null, "% OF TOTAL.1": null, "% OF TOTAL.2": null}, "Housing Units Value 100k - 200k": {"Demographic": null, "2020": 83, "2024": 88, "2029": null, "% OF TOTAL": null, "% OF TOTAL.1": null, "% OF TOTAL.2": null}, "Housing Units Value 200k - 250k": {"Demographic": null, "2020": 64, "2024": 67, "2029": null, "% OF TOTAL": null, "% OF TOTAL.1": null, "% OF TOTAL.2": null}, "Housing Units Value 250k - 300k": {"Demographic": null, "2020": 56, "2024": 59, "2029": null, "% OF TOTAL": null, "% OF TOTAL.1": null, "% OF TOTAL.2": null}, "Housing Units Value 300k - 400k": {"Demographic": null, "2020": 38, "2024": 40, "2029": null, "% OF TOTAL": null, "% OF TOTAL.1": null, "% OF TOTAL.2": null}, "Housing Units Value 400k - 500k": {"Demographic": null, "2020": 142, "2024": 149, "2029": null, "% OF TOTAL": null, "% OF TOTAL.1": null, "% OF TOTAL.2": null}, "Housing Units Value 500k - 750k": {"Demographic": null, "2020": 65, "2024": 68, "2029": null, "% OF TOTAL": null, "% OF TOTAL.1": null, "% OF TOTAL.2": null}, "Housing Units Value 750k - 1m": {"Demographic": null, "2020": 0, "2024": 0, "2029": null, "% OF TOTAL": null, "% OF TOTAL.1": null, "% OF TOTAL.2": null}, "Housing Units Value 1m - 1.5m": {"Demographic": null, "2020": 0, "2024": 0, "2029": null, "% OF TOTAL": null, "% OF TOTAL.1": null, "% OF TOTAL.2": null}, "Housing Units Value 1.5m - 2m": {"Demographic": null, "2020": 0, "2024": 0, "2029": null, "% OF TOTAL": null, "% OF TOTAL.1": null, "% OF TOTAL.2": null}, "Housing Units Value >2m": {"Demographic": null, "2020": 0, "2024": 0, "2029": null, "% OF TOTAL": null, "% OF TOTAL.1": null, "% OF TOTAL.2": null}, "Take Car or Truck to Work": {"Demographic": null, "2020": 433, "2024": 444, "2029": null, "% OF TOTAL": null, "% OF TOTAL.1": null, "% OF TOTAL.2": null}, "Take Public Transportation to Work": {"Demographic": null, "2020": 0, "2024": 0, "2029": null, "% OF TOTAL": null, "% OF TOTAL.1": null, "% OF TOTAL.2": null}, "Take Other Means of Transportation to Work": {"Demographic": null, "2020": 86, "2024": 88, "2029": null, "% OF TOTAL": null, "% OF TOTAL.1": null, "% OF TOTAL.2": null}, "Average Travel Time (min)": {"Demographic": null, "2020": 39, "2024": 39, "2029": null, "% OF TOTAL": null, "% OF TOTAL.1": null, "% OF TOTAL.2": null}, "Travel Below 30 Min to Work": {"Demographic": null, "2020": 271, "2024": 278, "2029": null, "% OF TOTAL": null, "% OF TOTAL.1": null, "% OF TOTAL.2": null}, "Travel 30-60 Min to Work": {"Demographic": null, "2020": 144, "2024": 147, "2029": null, "% OF TOTAL": null, "% OF TOTAL.1": null, "% OF TOTAL.2": null}, "Travel Above 60 Min to Work": {"Demographic": null, "2020": 143, "2024": 107, "2029": null, "% OF TOTAL": null, "% OF TOTAL.1": null, "% OF TOTAL.2": null}, "Educational Attainment: No High School Diploma": {"Demographic": null, "2020": 571, "2024": 592, "2029": null, "% OF TOTAL": null, "% OF TOTAL.1": null, "% OF TOTAL.2": null}, "Educational Attainment: High School Diploma": {"Demographic": null, "2020": 373, "2024": 387, "2029": null, "% OF TOTAL": null, "% OF TOTAL.1": null, "% OF TOTAL.2": null}, "Educational Attainment: Some College": {"Demographic": null, "2020": 493, "2024": 512, "2029": null, "% OF TOTAL": null, "% OF TOTAL.1": null, "% OF TOTAL.2": null}, "Educational Attainment: Associate's Degree": {"Demographic": null, "2020": 53, "2024": 55, "2029": null, "% OF TOTAL": null, "% OF TOTAL.1": null, "% OF TOTAL.2": null}, "Educational Attainment: Bachelors Degree": {"Demographic": null, "2020": 173, "2024": 180, "2029": null, "% OF TOTAL": null, "% OF TOTAL.1": null, "% OF TOTAL.2": null}, "Educational Attainment: Advanced Degree": {"Demographic": null, "2020": 121, "2024": 126, "2029": null, "% OF TOTAL": null, "% OF TOTAL.1": null, "% OF TOTAL.2": null}, "Households: Number of vehicles available - Average": {"Demographic": null, "2020": 2, "2024": 2, "2029": null, "% OF TOTAL": null, "% OF TOTAL.1": null, "% OF TOTAL.2": null}, "Households: No Vehicle available": {"Demographic": null, "2020": 8, "2024": 8, "2029": null, "% OF TOTAL": null, "% OF TOTAL.1": null, "% OF TOTAL.2": null}, "Households: 1 Vehicle available": {"Demographic": null, "2020": 215, "2024": 225, "2029": null, "% OF TOTAL": null, "% OF TOTAL.1": null, "% OF TOTAL.2": null}, "Households: 2 Vehicles available": {"Demographic": null, "2020": 257, "2024": 271, "2029": null, "% OF TOTAL": null, "% OF TOTAL.1": null, "% OF TOTAL.2": null}, "Households: 3 Vehicles available": {"Demographic": null, "2020": 134, "2024": 141, "2029": null, "% OF TOTAL": null, "% OF TOTAL.1": null, "% OF TOTAL.2": null}, "Households: 4 or more Vehicles available": {"Demographic": null, "2020": 51, "2024": 54, "2029": null, "% OF TOTAL": null, "% OF TOTAL.1": null, "% OF TOTAL.2": null}}, "household_trends": {"Households": {"Demographic": null, "2020": 665, "2024": 699, "2029": 806, "% OF TOTAL": null, "% OF TOTAL.1": null, "% OF TOTAL.2": null}, "Households Growth": {"Demographic": null, "2020": null, "2024": 5.1, "2029": 15.3, "% OF TOTAL": null, "% OF TOTAL.1": null, "% OF TOTAL.2": null}, "Householder Age 15-24": {"Demographic": null, "2020": 14, "2024": 14, "2029": 16, "% OF TOTAL": 2.0, "% OF TOTAL.1": null, "% OF TOTAL.2": null}, "Householder Age 25-34": {"Demographic": null, "2020": 65, "2024": 68, "2029": 78, "% OF TOTAL": 9.7, "% OF TOTAL.1": null, "% OF TOTAL.2": null}, "Householder Age 35-44": {"Demographic": null, "2020": 82, "2024": 86, "2029": 97, "% OF TOTAL": 12.0, "% OF TOTAL.1": null, "% OF TOTAL.2": null}, "Householder Age 45-54": {"Demographic": null, "2020": 92, "2024": 97, "2029": 108, "% OF TOTAL": 13.4, "% OF TOTAL.1": null, "% OF TOTAL.2": null}, "Householder Age 55-64": {"Demographic": null, "2020": 171, "2024": 181, "2029": 183, "% OF TOTAL": 22.7, "% OF TOTAL.1": null, "% OF TOTAL.2": null}, "Householder Age 65-74": {"Demographic": null, "2020": 148, "2024": 156, "2029": 193, "% OF TOTAL": 23.9, "% OF TOTAL.1": null, "% OF TOTAL.2": null}, "Householder Age 75+": {"Demographic": null, "2020": 93, "2024": 97, "2029": 131, "% OF TOTAL": 16.3, "% OF TOTAL.1": null, "% OF TOTAL.2": null}, "Average Household Size": {"Demographic": null, "2020": 2.3, "2024": 2.3, "2029": 2.2, "% OF TOTAL": null, "% OF TOTAL.1": null, "% OF TOTAL.2": null}, "1 Person Households": {"Demographic": null, "2020": 173, "2024": 197, "2029": 228, "% OF TOTAL": 28.3, "% OF TOTAL.1": null, "% OF TOTAL.2": null}, "2 Person Households": {"Demographic": null, "2020": 260, "2024": 295, "2029": 342, "% OF TOTAL": 42.4, "% OF TOTAL.1": null, "% OF TOTAL.2": null}, "3 Person Households": {"Demographic": null, "2020": 118, "2024": 133, "2029": 154, "% OF TOTAL": 19.1, "% OF TOTAL.1": null, "% OF TOTAL.2": null}, "4 Person Households": {"Demographic": null, "2020": 54, "2024": 31, "2029": 34, "% OF TOTAL": 4.2, "% OF TOTAL.1": null, "% OF TOTAL.2": null}, "5 Person Households": {"Demographic": null, "2020": 25, "2024": 14, "2029": 15, "% OF TOTAL": 1.9, "% OF TOTAL.1": null, "% OF TOTAL.2": null}, "6 Person Households": {"Demographic": null, "2020": 22, "2024": 18, "2029": 20, "% OF TOTAL": 2.5, "% OF TOTAL.1": null, "% OF TOTAL.2": null}, "7+ Person Households": {"Demographic": null, "2020": 13, "2024": 11, "2029": 13, "% OF TOTAL": 1.6, "% OF TOTAL.1": null, "% OF TOTAL.2": null}, "Household Type: Family": {"Demographic": null, "2020": 464, "2024": 488, "2029": null, "% OF TOTAL": null, "% OF TOTAL.1": null, "% OF TOTAL.2": null}, "Household Type: Married Family": {"Demographic": null, "2020": 353, "2024": 372, "2029": null, "% OF TOTAL": null, "% OF TOTAL.1": null, "% OF TOTAL.2": null}, "Household Type: Married Family With Children": {"Demographic": null, "2020": 77, "2024": 82, "2029": null, "% OF TOTAL": null, "% OF TOTAL.1": null, "% OF TOTAL.2": null}, "Household Type: Married Family Without Children": {"Demographic": null, "2020": 276, "2024": 290, "2029": null, "% OF TOTAL": null, "% OF TOTAL.1": null, "% OF TOTAL.2": null}, "Household Type: Other Family": {"Demographic": null, "2020": 111, "2024": 116, "2029": null, "% OF TOTAL": null, "% OF TOTAL.1": null, "% OF TOTAL.2": null}, "Household Type: Male Households, No Wife": {"Demographic": null, "2020": 40, "2024": 42, "2029": null, "% OF TOTAL": null, "% OF TOTAL.1": null, "% OF TOTAL.2": null}, "Household Type: Male Households, No Wife With Children": {"Demographic": null, "2020": 9, "2024": 9, "2029": null, "% OF TOTAL": null, "% OF TOTAL.1": null, "% OF TOTAL.2": null}, "Household Type: Male Households, No Wife Without Children": {"Demographic": null, "2020": 31, "2024": 33, "2029": null, "% OF TOTAL": null, "% OF TOTAL.1": null, "% OF TOTAL.2": null}, "Household Type: Female Households, No Husband": {"Demographic": null, "2020": 71, "2024": 74, "2029": null, "% OF TOTAL": null, "% OF TOTAL.1": null, "% OF TOTAL.2": null}, "Household Type: Female Households, No Husband With Children": {"Demographic": null, "2020": 28, "2024": 29, "2029": null, "% OF TOTAL": null, "% OF TOTAL.1": null, "% OF TOTAL.2": null}, "Household Type: Female Households, No Husband Without Children": {"Demographic": null, "2020": 43, "2024": 45, "2029": null, "% OF TOTAL": null, "% OF TOTAL.1": null, "% OF TOTAL.2": null}, "Household Income: Average": {"Demographic": null, "2020": 77650, "2024": 93859, "2029": 127534, "% OF TOTAL": null, "% OF TOTAL.1": null, "% OF TOTAL.2": null}, "Household Income: Median": {"Demographic": null, "2020": 0, "2024": 69500, "2029": 85031, "% OF TOTAL": null, "% OF TOTAL.1": null, "% OF TOTAL.2": null}, "Household Income: Less than $25k": {"Demographic": null, "2020": 107, "2024": 101, "2029": 74, "% OF TOTAL": 9.2, "% OF TOTAL.1": null, "% OF TOTAL.2": null}, "Household Income: $25k - $50k": {"Demographic": null, "2020": 129, "2024": 123, "2029": 116, "% OF TOTAL": 14.4, "% OF TOTAL.1": null, "% OF TOTAL.2": null}, "Household Income: $50k - $75k": {"Demographic": null, "2020": 155, "2024": 164, "2029": 148, "% OF TOTAL": 18.4, "% OF TOTAL.1": null, "% OF TOTAL.2": null}, "Household Income: $75k - $100k": {"Demographic": null, "2020": 107, "2024": 115, "2029": 162, "% OF TOTAL": 20.1, "% OF TOTAL.1": null, "% OF TOTAL.2": null}, "Household Income: $100k - $125k": {"Demographic": null, "2020": 84, "2024": 72, "2029": 74, "% OF TOTAL": 9.2, "% OF TOTAL.1": null, "% OF TOTAL.2": null}, "Household Income: $125k - $150k": {"Demographic": null, "2020": 37, "2024": 36, "2029": 45, "% OF TOTAL": 5.6, "% OF TOTAL.1": null, "% OF TOTAL.2": null}, "Household Income: $150k - $200k": {"Demographic": null, "2020": 23, "2024": 24, "2029": 32, "% OF TOTAL": 4.0, "% OF TOTAL.1": null, "% OF TOTAL.2": null}, "Household Income: Above $200k": {"Demographic": null, "2020": 23, "2024": 64, "2029": 155, "% OF TOTAL": 19.2, "% OF TOTAL.1": null, "% OF TOTAL.2": null}, "Total Housing Units": {"Demographic": null, "2020": 846, "2024": null, "2029": null, "% OF TOTAL": null, "% OF TOTAL.1": null, "% OF TOTAL.2": null}, "Owner Occupied Housing Units": {"Demographic": null, "2020": 546, "2024": 574, "2029": null, "% OF TOTAL": null, "% OF TOTAL.1": null, "% OF TOTAL.2": null}, "Renter Occupied Housing Units": {"Demographic": null, "2020": 119, "2024": 125, "2029": null, "% OF TOTAL": null, "% OF TOTAL.1": null, "% OF TOTAL.2": null}, "Vacant Housing Units": {"Demographic": null, "2020": 181, "2024": null, "2029": null, "% OF TOTAL": null, "% OF TOTAL.1": null, "% OF TOTAL.2": null}, "Vacant Housing Units: Seasonal": {"Demographic": null, "2020": 95, "2024": null, "2029": null, "% OF TOTAL": null, "% OF TOTAL.1": null, "% OF TOTAL.2": null}, "Vacant Housing Units: Other Usage": {"Demographic": null, "2020": 86, "2024": null, "2029": null, "% OF TOTAL": null, "% OF TOTAL.1": null, "% OF TOTAL.2": null}, "Average Housing Unit Value": {"Demographic": null, "2020": 304528, "2024": 303985, "2029": null, "% OF TOTAL": null, "% OF TOTAL.1": null, "% OF TOTAL.2": null}, "Median Housing Unit Value": {"Demographic": null, "2020": 275000, "2024": 274576, "2029": null, "% OF TOTAL": null, "% OF TOTAL.1": null, "% OF TOTAL.2": null}, "Housing Unit Value Less Than $100k": {"Demographic": null, "2020": 98, "2024": 103, "2029": null, "% OF TOTAL": null, "% OF TOTAL.1": null, "% OF TOTAL.2": null}, "Housing Unit Value $100k-$200k": {"Demographic": null, "2020": 83, "2024": 88, "2029": null, "% OF TOTAL": null, "% OF TOTAL.1": null, "% OF TOTAL.2": null}, "Housing Unit Value $200k-$250k": {"Demographic": null, "2020": 64, "2024": 67, "2029": null, "% OF TOTAL": null, "% OF TOTAL.1": null, "% OF TOTAL.2": null}, "Housing Unit Value $250k-$300k": {"Demographic": null, "2020": 56, "2024": 59, "2029": null, "% OF TOTAL": null, "% OF TOTAL.1": null, "% OF TOTAL.2": null}, "Housing Unit Value $300k-$400k": {"Demographic": null, "2020": 38, "2024": 40, "2029": null, "% OF TOTAL": null, "% OF TOTAL.1": null, "% OF TOTAL.2": null}, "Housing Unit Value $400k-$500k": {"Demographic": null, "2020": 142, "2024": 149, "2029": null, "% OF TOTAL": null, "% OF TOTAL.1": null, "% OF TOTAL.2": null}, "Housing Unit Value $500k-$750k": {"Demographic": null, "2020": 65, "2024": 68, "2029": null, "% OF TOTAL": null, "% OF TOTAL.1": null, "% OF TOTAL.2": null}, "Housing Unit Value $750k-$1m": {"Demographic": null, "2020": 0, "2024": 0, "2029": null, "% OF TOTAL": null, "% OF TOTAL.1": null, "% OF TOTAL.2": null}, "Housing Unit Value $1m-$1.5m": {"Demographic": null, "2020": 0, "2024": 0, "2029": null, "% OF TOTAL": null, "% OF TOTAL.1": null, "% OF TOTAL.2": null}, "Housing Unit Value $1.5m-$2m": {"Demographic": null, "2020": 0, "2024": 0, "2029": null, "% OF TOTAL": null, "% OF TOTAL.1": null, "% OF TOTAL.2": null}, "Housing Unit Value Above $2m": {"Demographic": null, "2020": 0, "2024": 0, "2029": null, "% OF TOTAL": null, "% OF TOTAL.1": null, "% OF TOTAL.2": null}, "Median Housing Unit Year Built": {"Demographic": null, "2020": 1984, "2024": 1984, "2029": null, "% OF TOTAL": null, "% OF TOTAL.1": null, "% OF TOTAL.2": null}, "Housing Units Built 2014 Or After": {"Demographic": null, "2020": 0, "2024": 0, "2029": null, "% OF TOTAL": null, "% OF TOTAL.1": null, "% OF TOTAL.2": null}, "Housing Units Built 2010-2013": {"Demographic": null, "2020": 44, "2024": 46, "2029": null, "% OF TOTAL": null, "% OF TOTAL.1": null, "% OF TOTAL.2": null}, "Housing Units Built 2000-2009": {"Demographic": null, "2020": 65, "2024": 68, "2029": null, "% OF TOTAL": null, "% OF TOTAL.1": null, "% OF TOTAL.2": null}, "Housing Units Built 1990-1999": {"Demographic": null, "2020": 146, "2024": 153, "2029": null, "% OF TOTAL": null, "% OF TOTAL.1": null, "% OF TOTAL.2": null}, "Housing Units Built 1980-1989": {"Demographic": null, "2020": 124, "2024": 131, "2029": null, "% OF TOTAL": null, "% OF TOTAL.1": null, "% OF TOTAL.2": null}, "Housing Units Built 1970-1979": {"Demographic": null, "2020": 170, "2024": 178, "2029": null, "% OF TOTAL": null, "% OF TOTAL.1": null, "% OF TOTAL.2": null}, "Housing Units Built 1960-1969": {"Demographic": null, "2020": 30, "2024": 32, "2029": null, "% OF TOTAL": null, "% OF TOTAL.1": null, "% OF TOTAL.2": null}, "Housing Units Built 1950-1959": {"Demographic": null, "2020": 33, "2024": 35, "2029": null, "% OF TOTAL": null, "% OF TOTAL.1": null, "% OF TOTAL.2": null}, "Housing Units Built 1940-1949": {"Demographic": null, "2020": 0, "2024": 0, "2029": null, "% OF TOTAL": null, "% OF TOTAL.1": null, "% OF TOTAL.2": null}, "Housing Units Built Before 1940": {"Demographic": null, "2020": 53, "2024": 56, "2029": null, "% OF TOTAL": null, "% OF TOTAL.1": null, "% OF TOTAL.2": null}}}, "geometry": {"type": "Polygon", "coordinates": [[[-88.195693, 30.355213], [-88.196046, 30.384253], [-88.162551, 30.384555], [-88.162207, 30.355515], [-88.195693, 30.355213]]]}}, {"type": "Feature", "properties": {"block": "061", "block_num": 61, "CentroidLon": -88.14563376153664, "CentroidLat": 30.37018279228019, "data_status": "no data", "is_anomalous": false, "anomaly_reason": null, "files_present": ""}, "geometry": {"type": "Polygon", "coordinates": [[[-88.162207, 30.355515], [-88.162551, 30.384555], [-88.129055, 30.384849], [-88.128722, 30.355809], [-88.162207, 30.355515]]]}}, {"type": "Feature", "properties": {"block": "062", "block_num": 62, "CentroidLon": -88.37783243532525, "CentroidLat": 30.348761821679226, "data_status": "no data", "is_anomalous": false, "anomaly_reason": null, "files_present": ""}, "geometry": {"type": "Polygon", "coordinates": [[[-88.363111, 30.353575], [-88.362945, 30.341642], [-88.396206, 30.347168], [-88.396307, 30.353224], [-88.363111, 30.353575]]]}}, {"type": "Feature", "properties": {"block": "063", "block_num": 63, "CentroidLon": -88.34515594803543, "CentroidLat": 30.34621209078003, "data_status": "no data", "is_anomalous": false, "anomaly_reason": null, "files_present": ""}, "geometry": {"type": "Polygon", "coordinates": [[[-88.363111, 30.353575], [-88.329628, 30.35392], [-88.329387, 30.336058], [-88.362945, 30.341642], [-88.363111, 30.353575]]]}}, {"type": "Feature", "properties": {"block": "064", "block_num": 64, "CentroidLon": -88.31195273172926, "CentroidLat": 30.343612740677585, "data_status": "no data", "is_anomalous": false, "anomaly_reason": null, "files_present": ""}, "geometry": {"type": "Polygon", "coordinates": [[[-88.329628, 30.35392], [-88.296145, 30.354256], [-88.295832, 30.330465], [-88.329387, 30.336058], [-88.329628, 30.35392]]]}}, {"type": "Feature", "properties": {"block": "065", "block_num": 65, "CentroidLon": -88.27863283337598, "CentroidLat": 30.341017019943283, "data_status": "no data", "is_anomalous": false, "anomaly_reason": null, "files_present": ""}, "geometry": {"type": "Polygon", "coordinates": [[[-88.296145, 30.354256], [-88.262662, 30.354584], [-88.262289, 30.325545], [-88.26614, 30.325508], [-88.295832, 30.330465], [-88.296145, 30.354256]]]}}, {"type": "Feature", "properties": {"block": "066", "block_num": 66, "CentroidLon": -88.11360830157031, "CentroidLat": 30.341616194190763, "data_status": "no data", "is_anomalous": false, "anomaly_reason": null, "files_present": ""}, "geometry": {"type": "Polygon", "coordinates": [[[-88.128389, 30.326769], [-88.128722, 30.355809], [-88.097606, 30.356074], [-88.099741, 30.327013], [-88.128389, 30.326769]]]}}, {"type": "Feature", "properties": {"block": "067", "block_num": 67, "CentroidLon": -88.24573575913912, "CentroidLat": 30.340224791111275, "data_status": "no data", "is_anomalous": false, "anomaly_reason": null, "files_present": ""}, "geometry": {"type": "Polygon", "coordinates": [[[-88.262289, 30.325545], [-88.262662, 30.354584], [-88.229177, 30.354903], [-88.228815, 30.325864], [-88.262289, 30.325545]]]}}, {"type": "Feature", "properties": {"block": "068", "block_num": 68, "CentroidLon": -88.21225625857956, "CentroidLat": 30.340539147825112, "data_status": "no data", "is_anomalous": false, "anomaly_reason": null, "files_present": ""}, "geometry": {"type": "Polygon", "coordinates": [[[-88.228815, 30.325864], [-88.229177, 30.354903], [-88.195693, 30.355213], [-88.19534, 30.326174], [-88.228815, 30.325864]]]}}, {"type": "Feature", "properties": {"block": "069", "block_num": 69, "CentroidLon": -88.17877592850334, "CentroidLat": 30.340844976865213, "data_status": "no data", "is_anomalous": false, "anomaly_reason": null, "files_present": ""}, "geometry": {"type": "Polygon", "coordinates": [[[-88.19534, 30.326174], [-88.195693, 30.355213], [-88.162207, 30.355515], [-88.161864, 30.326475], [-88.19534, 30.326174]]]}}, {"type": "Feature", "properties": {"block": "070", "block_num": 70, "CentroidLon": -88.1452955108485, "CentroidLat": 30.341142720606058, "data_status": "usable", "is_anomalous": false, "anomaly_reason": null, "files_present": "DemographicSnapshot-26.08.06.csv;PopulationTrends-26.08.06.csv;HouseholdTrends-26.08.06.csv;HouseholdIncomeByAge-26.08.06.csv;ConsumerSegmentation-26.08.06.csv", "population_2024": null, "population_2029": null, "households_2024": null, "households_2029": null, "median_household_income_2024": null, "median_household_income_2029": null, "mean_household_income_2024": null, "mean_household_income_2029": null, "median_age_2024": null, "median_age_2029": null, "median_home_value_2024": null, "average_household_size_2024": null, "average_household_size_2029": null, "population_growth_2024_2029": null, "households_growth_2024_2029": null, "consumer_segments": {}, "income_age": {"2020": {}, "2024": {}, "2029": {}}, "population_trends": {"Total Population": {"Demographic": null, "2020": null, "2024": null, "2029": null, "% OF TOTAL": null, "% OF TOTAL.1": null, "% OF TOTAL.2": null}, "Population Growth": {"Demographic": null, "2020": null, "2024": null, "2029": null, "% OF TOTAL": null, "% OF TOTAL.1": null, "% OF TOTAL.2": null}, "Female Population": {"Demographic": null, "2020": null, "2024": null, "2029": null, "% OF TOTAL": null, "% OF TOTAL.1": null, "% OF TOTAL.2": null}, "Male Population": {"Demographic": null, "2020": null, "2024": null, "2029": null, "% OF TOTAL": null, "% OF TOTAL.1": null, "% OF TOTAL.2": null}, "Total population: Median Age": {"Demographic": null, "2020": null, "2024": null, "2029": null, "% OF TOTAL": null, "% OF TOTAL.1": null, "% OF TOTAL.2": null}, "Total population: Under 5 years": {"Demographic": null, "2020": null, "2024": null, "2029": null, "% OF TOTAL": null, "% OF TOTAL.1": null, "% OF TOTAL.2": null}, "Total population: 5 - 9 years": {"Demographic": null, "2020": null, "2024": null, "2029": null, "% OF TOTAL": null, "% OF TOTAL.1": null, "% OF TOTAL.2": null}, "Total population: 10 - 14 years": {"Demographic": null, "2020": null, "2024": null, "2029": null, "% OF TOTAL": null, "% OF TOTAL.1": null, "% OF TOTAL.2": null}, "Total population: 15 - 19 years": {"Demographic": null, "2020": null, "2024": null, "2029": null, "% OF TOTAL": null, "% OF TOTAL.1": null, "% OF TOTAL.2": null}, "Total population: 20 - 24 years": {"Demographic": null, "2020": null, "2024": null, "2029": null, "% OF TOTAL": null, "% OF TOTAL.1": null, "% OF TOTAL.2": null}, "Total population: 25 - 29 years": {"Demographic": null, "2020": null, "2024": null, "2029": null, "% OF TOTAL": null, "% OF TOTAL.1": null, "% OF TOTAL.2": null}, "Total population: 30 - 34 years": {"Demographic": null, "2020": null, "2024": null, "2029": null, "% OF TOTAL": null, "% OF TOTAL.1": null, "% OF TOTAL.2": null}, "Total population: 35 - 39 years": {"Demographic": null, "2020": null, "2024": null, "2029": null, "% OF TOTAL": null, "% OF TOTAL.1": null, "% OF TOTAL.2": null}, "Total population: 40 - 44 years": {"Demographic": null, "2020": null, "2024": null, "2029": null, "% OF TOTAL": null, "% OF TOTAL.1": null, "% OF TOTAL.2": null}, "Total population: 45 - 49 years": {"Demographic": null, "2020": null, "2024": null, "2029": null, "% OF TOTAL": null, "% OF TOTAL.1": null, "% OF TOTAL.2": null}, "Total population: 50 - 54 years": {"Demographic": null, "2020": null, "2024": null, "2029": null, "% OF TOTAL": null, "% OF TOTAL.1": null, "% OF TOTAL.2": null}, "Total population: 55 - 59 years": {"Demographic": null, "2020": null, "2024": null, "2029": null, "% OF TOTAL": null, "% OF TOTAL.1": null, "% OF TOTAL.2": null}, "Total population: 60 - 64 years": {"Demographic": null, "2020": null, "2024": null, "2029": null, "% OF TOTAL": null, "% OF TOTAL.1": null, "% OF TOTAL.2": null}, "Total population: 65 - 69 years": {"Demographic": null, "2020": null, "2024": null, "2029": null, "% OF TOTAL": null, "% OF TOTAL.1": null, "% OF TOTAL.2": null}, "Total population: 70 - 74 years": {"Demographic": null, "2020": null, "2024": null, "2029": null, "% OF TOTAL": null, "% OF TOTAL.1": null, "% OF TOTAL.2": null}, "Total population: 75 - 79 years": {"Demographic": null, "2020": null, "2024": null, "2029": null, "% OF TOTAL": null, "% OF TOTAL.1": null, "% OF TOTAL.2": null}, "Total population: 80 - 84 years": {"Demographic": null, "2020": null, "2024": null, "2029": null, "% OF TOTAL": null, "% OF TOTAL.1": null, "% OF TOTAL.2": null}, "Total population: 85 years and over": {"Demographic": null, "2020": null, "2024": null, "2029": null, "% OF TOTAL": null, "% OF TOTAL.1": null, "% OF TOTAL.2": null}, "Female population: Median Age": {"Demographic": null, "2020": null, "2024": null, "2029": null, "% OF TOTAL": null, "% OF TOTAL.1": null, "% OF TOTAL.2": null}, "Female population: Under 5 years": {"Demographic": null, "2020": null, "2024": null, "2029": null, "% OF TOTAL": null, "% OF TOTAL.1": null, "% OF TOTAL.2": null}, "Female population: 5 - 9 years": {"Demographic": null, "2020": null, "2024": null, "2029": null, "% OF TOTAL": null, "% OF TOTAL.1": null, "% OF TOTAL.2": null}, "Female population: 10 - 14 years": {"Demographic": null, "2020": null, "2024": null, "2029": null, "% OF TOTAL": null, "% OF TOTAL.1": null, "% OF TOTAL.2": null}, "Female population: 15 - 19 years": {"Demographic": null, "2020": null, "2024": null, "2029": null, "% OF TOTAL": null, "% OF TOTAL.1": null, "% OF TOTAL.2": null}, "Female population: 20 - 24 years": {"Demographic": null, "2020": null, "2024": null, "2029": null, "% OF TOTAL": null, "% OF TOTAL.1": null, "% OF TOTAL.2": null}, "Female population: 25 - 29 years": {"Demographic": null, "2020": null, "2024": null, "2029": null, "% OF TOTAL": null, "% OF TOTAL.1": null, "% OF TOTAL.2": null}, "Female population: 30 - 34 years": {"Demographic": null, "2020": null, "2024": null, "2029": null, "% OF TOTAL": null, "% OF TOTAL.1": null, "% OF TOTAL.2": null}, "Female population: 35 - 39 years": {"Demographic": null, "2020": null, "2024": null, "2029": null, "% OF TOTAL": null, "% OF TOTAL.1": null, "% OF TOTAL.2": null}, "Female population: 40 - 44 years": {"Demographic": null, "2020": null, "2024": null, "2029": null, "% OF TOTAL": null, "% OF TOTAL.1": null, "% OF TOTAL.2": null}, "Female population: 45 - 49 years": {"Demographic": null, "2020": null, "2024": null, "2029": null, "% OF TOTAL": null, "% OF TOTAL.1": null, "% OF TOTAL.2": null}, "Female population: 50 - 54 years": {"Demographic": null, "2020": null, "2024": null, "2029": null, "% OF TOTAL": null, "% OF TOTAL.1": null, "% OF TOTAL.2": null}, "Female population: 55 - 59 years": {"Demographic": null, "2020": null, "2024": null, "2029": null, "% OF TOTAL": null, "% OF TOTAL.1": null, "% OF TOTAL.2": null}, "Female population: 60 - 64 years": {"Demographic": null, "2020": null, "2024": null, "2029": null, "% OF TOTAL": null, "% OF TOTAL.1": null, "% OF TOTAL.2": null}, "Female population: 65 - 69 years": {"Demographic": null, "2020": null, "2024": null, "2029": null, "% OF TOTAL": null, "% OF TOTAL.1": null, "% OF TOTAL.2": null}, "Female population: 70 - 74 years": {"Demographic": null, "2020": null, "2024": null, "2029": null, "% OF TOTAL": null, "% OF TOTAL.1": null, "% OF TOTAL.2": null}, "Female population: 75 - 79 years": {"Demographic": null, "2020": null, "2024": null, "2029": null, "% OF TOTAL": null, "% OF TOTAL.1": null, "% OF TOTAL.2": null}, "Female population: 80 - 84 years": {"Demographic": null, "2020": null, "2024": null, "2029": null, "% OF TOTAL": null, "% OF TOTAL.1": null, "% OF TOTAL.2": null}, "Female population: 85 years and over": {"Demographic": null, "2020": null, "2024": null, "2029": null, "% OF TOTAL": null, "% OF TOTAL.1": null, "% OF TOTAL.2": null}, "Male population: Median Age": {"Demographic": null, "2020": null, "2024": null, "2029": null, "% OF TOTAL": null, "% OF TOTAL.1": null, "% OF TOTAL.2": null}, "Male population: Under 5 years": {"Demographic": null, "2020": null, "2024": null, "2029": null, "% OF TOTAL": null, "% OF TOTAL.1": null, "% OF TOTAL.2": null}, "Male population: 5 - 9 years": {"Demographic": null, "2020": null, "2024": null, "2029": null, "% OF TOTAL": null, "% OF TOTAL.1": null, "% OF TOTAL.2": null}, "Male population: 10 - 14 years": {"Demographic": null, "2020": null, "2024": null, "2029": null, "% OF TOTAL": null, "% OF TOTAL.1": null, "% OF TOTAL.2": null}, "Male population: 15 - 19 years": {"Demographic": null, "2020": null, "2024": null, "2029": null, "% OF TOTAL": null, "% OF TOTAL.1": null, "% OF TOTAL.2": null}, "Male population: 20 - 24 years": {"Demographic": null, "2020": null, "2024": null, "2029": null, "% OF TOTAL": null, "% OF TOTAL.1": null, "% OF TOTAL.2": null}, "Male population: 25 - 29 years": {"Demographic": null, "2020": null, "2024": null, "2029": null, "% OF TOTAL": null, "% OF TOTAL.1": null, "% OF TOTAL.2": null}, "Male population: 30 - 34 years": {"Demographic": null, "2020": null, "2024": null, "2029": null, "% OF TOTAL": null, "% OF TOTAL.1": null, "% OF TOTAL.2": null}, "Male population: 35 - 39 years": {"Demographic": null, "2020": null, "2024": null, "2029": null, "% OF TOTAL": null, "% OF TOTAL.1": null, "% OF TOTAL.2": null}, "Male population: 40 - 44 years": {"Demographic": null, "2020": null, "2024": null, "2029": null, "% OF TOTAL": null, "% OF TOTAL.1": null, "% OF TOTAL.2": null}, "Male population: 45 - 49 years": {"Demographic": null, "2020": null, "2024": null, "2029": null, "% OF TOTAL": null, "% OF TOTAL.1": null, "% OF TOTAL.2": null}, "Male population: 50 - 54 years": {"Demographic": null, "2020": null, "2024": null, "2029": null, "% OF TOTAL": null, "% OF TOTAL.1": null, "% OF TOTAL.2": null}, "Male population: 55 - 59 years": {"Demographic": null, "2020": null, "2024": null, "2029": null, "% OF TOTAL": null, "% OF TOTAL.1": null, "% OF TOTAL.2": null}, "Male population: 60 - 64 years": {"Demographic": null, "2020": null, "2024": null, "2029": null, "% OF TOTAL": null, "% OF TOTAL.1": null, "% OF TOTAL.2": null}, "Male population: 65 - 69 years": {"Demographic": null, "2020": null, "2024": null, "2029": null, "% OF TOTAL": null, "% OF TOTAL.1": null, "% OF TOTAL.2": null}, "Male population: 70 - 74 years": {"Demographic": null, "2020": null, "2024": null, "2029": null, "% OF TOTAL": null, "% OF TOTAL.1": null, "% OF TOTAL.2": null}, "Male population: 75 - 79 years": {"Demographic": null, "2020": null, "2024": null, "2029": null, "% OF TOTAL": null, "% OF TOTAL.1": null, "% OF TOTAL.2": null}, "Male population: 80 - 84 years": {"Demographic": null, "2020": null, "2024": null, "2029": null, "% OF TOTAL": null, "% OF TOTAL.1": null, "% OF TOTAL.2": null}, "Male population: 85 years and over": {"Demographic": null, "2020": null, "2024": null, "2029": null, "% OF TOTAL": null, "% OF TOTAL.1": null, "% OF TOTAL.2": null}, "White alone": {"Demographic": null, "2020": null, "2024": null, "2029": null, "% OF TOTAL": null, "% OF TOTAL.1": null, "% OF TOTAL.2": null}, "Black alone": {"Demographic": null, "2020": null, "2024": null, "2029": null, "% OF TOTAL": null, "% OF TOTAL.1": null, "% OF TOTAL.2": null}, "American Indian and Alaska Native alone": {"Demographic": null, "2020": null, "2024": null, "2029": null, "% OF TOTAL": null, "% OF TOTAL.1": null, "% OF TOTAL.2": null}, "Asian alone": {"Demographic": null, "2020": null, "2024": null, "2029": null, "% OF TOTAL": null, "% OF TOTAL.1": null, "% OF TOTAL.2": null}, "Native Hawaiian and OPI alone": {"Demographic": null, "2020": null, "2024": null, "2029": null, "% OF TOTAL": null, "% OF TOTAL.1": null, "% OF TOTAL.2": null}, "Some other race alone": {"Demographic": null, "2020": null, "2024": null, "2029": null, "% OF TOTAL": null, "% OF TOTAL.1": null, "% OF TOTAL.2": null}, "Two or more races alone": {"Demographic": null, "2020": null, "2024": null, "2029": null, "% OF TOTAL": null, "% OF TOTAL.1": null, "% OF TOTAL.2": null}, "Not Hispanic: White alone": {"Demographic": null, "2020": null, "2024": null, "2029": null, "% OF TOTAL": null, "% OF TOTAL.1": null, "% OF TOTAL.2": null}, "Not Hispanic: Black or African American alone": {"Demographic": null, "2020": null, "2024": null, "2029": null, "% OF TOTAL": null, "% OF TOTAL.1": null, "% OF TOTAL.2": null}, "Not Hispanic: American Indian and Alaska Native alone": {"Demographic": null, "2020": null, "2024": null, "2029": null, "% OF TOTAL": null, "% OF TOTAL.1": null, "% OF TOTAL.2": null}, "Not Hispanic: Asian alone": {"Demographic": null, "2020": null, "2024": null, "2029": null, "% OF TOTAL": null, "% OF TOTAL.1": null, "% OF TOTAL.2": null}, "Not Hispanic: Native Hawaiian and OPI alone": {"Demographic": null, "2020": null, "2024": null, "2029": null, "% OF TOTAL": null, "% OF TOTAL.1": null, "% OF TOTAL.2": null}, "Not Hispanic: Some Other Race alone": {"Demographic": null, "2020": null, "2024": null, "2029": null, "% OF TOTAL": null, "% OF TOTAL.1": null, "% OF TOTAL.2": null}, "Not Hispanic: Two or More Races": {"Demographic": null, "2020": null, "2024": null, "2029": null, "% OF TOTAL": null, "% OF TOTAL.1": null, "% OF TOTAL.2": null}, "Hispanic: White alone": {"Demographic": null, "2020": null, "2024": null, "2029": null, "% OF TOTAL": null, "% OF TOTAL.1": null, "% OF TOTAL.2": null}, "Hispanic: Black or African American alone": {"Demographic": null, "2020": null, "2024": null, "2029": null, "% OF TOTAL": null, "% OF TOTAL.1": null, "% OF TOTAL.2": null}, "Hispanic: American Indian and Alaska Native alone": {"Demographic": null, "2020": null, "2024": null, "2029": null, "% OF TOTAL": null, "% OF TOTAL.1": null, "% OF TOTAL.2": null}, "Hispanic: Asian alone": {"Demographic": null, "2020": null, "2024": null, "2029": null, "% OF TOTAL": null, "% OF TOTAL.1": null, "% OF TOTAL.2": null}, "Hispanic: Native Hawaiian and OPI alone": {"Demographic": null, "2020": null, "2024": null, "2029": null, "% OF TOTAL": null, "% OF TOTAL.1": null, "% OF TOTAL.2": null}, "Hispanic: Some Other Race alone": {"Demographic": null, "2020": null, "2024": null, "2029": null, "% OF TOTAL": null, "% OF TOTAL.1": null, "% OF TOTAL.2": null}, "Hispanic: Two or More Races": {"Demographic": null, "2020": null, "2024": null, "2029": null, "% OF TOTAL": null, "% OF TOTAL.1": null, "% OF TOTAL.2": null}, "Educational Attainment: No High School Diploma": {"Demographic": null, "2020": null, "2024": null, "2029": null, "% OF TOTAL": null, "% OF TOTAL.1": null, "% OF TOTAL.2": null}, "Educational Attainment: High School Diploma": {"Demographic": null, "2020": null, "2024": null, "2029": null, "% OF TOTAL": null, "% OF TOTAL.1": null, "% OF TOTAL.2": null}, "Educational Attainment: Some College": {"Demographic": null, "2020": null, "2024": null, "2029": null, "% OF TOTAL": null, "% OF TOTAL.1": null, "% OF TOTAL.2": null}, "Educational Attainment: Associates Degree": {"Demographic": null, "2020": null, "2024": null, "2029": null, "% OF TOTAL": null, "% OF TOTAL.1": null, "% OF TOTAL.2": null}, "Educational Attainment: Bachelors Degree": {"Demographic": null, "2020": null, "2024": null, "2029": null, "% OF TOTAL": null, "% OF TOTAL.1": null, "% OF TOTAL.2": null}, "Educational Attainment: Advanced Degree": {"Demographic": null, "2020": null, "2024": null, "2029": null, "% OF TOTAL": null, "% OF TOTAL.1": null, "% OF TOTAL.2": null}, "Employment Status: Armed Forces": {"Demographic": null, "2020": null, "2024": null, "2029": null, "% OF TOTAL": null, "% OF TOTAL.1": null, "% OF TOTAL.2": null}, "Employment Status: Civilian labor force employed": {"Demographic": null, "2020": null, "2024": null, "2029": null, "% OF TOTAL": null, "% OF TOTAL.1": null, "% OF TOTAL.2": null}, "Employment Status: Civilian labor force unemployed": {"Demographic": null, "2020": null, "2024": null, "2029": null, "% OF TOTAL": null, "% OF TOTAL.1": null, "% OF TOTAL.2": null}, "Employment Status: Not in labor force": {"Demographic": null, "2020": null, "2024": null, "2029": null, "% OF TOTAL": null, "% OF TOTAL.1": null, "% OF TOTAL.2": null}, "Employed in Agriculture and Mining Industries": {"Demographic": null, "2020": null, "2024": null, "2029": null, "% OF TOTAL": null, "% OF TOTAL.1": null, "% OF TOTAL.2": null}, "Employed in Construction Industries": {"Demographic": null, "2020": null, "2024": null, "2029": null, "% OF TOTAL": null, "% OF TOTAL.1": null, "% OF TOTAL.2": null}, "Employed in Manufacturing Industries": {"Demographic": null, "2020": null, "2024": null, "2029": null, "% OF TOTAL": null, "% OF TOTAL.1": null, "% OF TOTAL.2": null}, "Employed in Wholesale Industries": {"Demographic": null, "2020": null, "2024": null, "2029": null, "% OF TOTAL": null, "% OF TOTAL.1": null, "% OF TOTAL.2": null}, "Employed in Retail Industries": {"Demographic": null, "2020": null, "2024": null, "2029": null, "% OF TOTAL": null, "% OF TOTAL.1": null, "% OF TOTAL.2": null}, "Employed in Transportation and Utilities Industries": {"Demographic": null, "2020": null, "2024": null, "2029": null, "% OF TOTAL": null, "% OF TOTAL.1": null, "% OF TOTAL.2": null}, "Employed in Information Industries": {"Demographic": null, "2020": null, "2024": null, "2029": null, "% OF TOTAL": null, "% OF TOTAL.1": null, "% OF TOTAL.2": null}, "Employed in Real-Estate Industries": {"Demographic": null, "2020": null, "2024": null, "2029": null, "% OF TOTAL": null, "% OF TOTAL.1": null, "% OF TOTAL.2": null}, "Employed in Professional Industries": {"Demographic": null, "2020": null, "2024": null, "2029": null, "% OF TOTAL": null, "% OF TOTAL.1": null, "% OF TOTAL.2": null}, "Employed in Health and Education Industries": {"Demographic": null, "2020": null, "2024": null, "2029": null, "% OF TOTAL": null, "% OF TOTAL.1": null, "% OF TOTAL.2": null}, "Employed in Art Industries": {"Demographic": null, "2020": null, "2024": null, "2029": null, "% OF TOTAL": null, "% OF TOTAL.1": null, "% OF TOTAL.2": null}, "Employed in Other Industries": {"Demographic": null, "2020": null, "2024": null, "2029": null, "% OF TOTAL": null, "% OF TOTAL.1": null, "% OF TOTAL.2": null}, "Employed in Public Administration Industries": {"Demographic": null, "2020": null, "2024": null, "2029": null, "% OF TOTAL": null, "% OF TOTAL.1": null, "% OF TOTAL.2": null}, "Occupation: Management": {"Demographic": null, "2020": null, "2024": null, "2029": null, "% OF TOTAL": null, "% OF TOTAL.1": null, "% OF TOTAL.2": null}, "Occupation: Business and financial operations": {"Demographic": null, "2020": null, "2024": null, "2029": null, "% OF TOTAL": null, "% OF TOTAL.1": null, "% OF TOTAL.2": null}, "Occupation: Computer and mathematical": {"Demographic": null, "2020": null, "2024": null, "2029": null, "% OF TOTAL": null, "% OF TOTAL.1": null, "% OF TOTAL.2": null}, "Occupation: Architecture and engineering": {"Demographic": null, "2020": null, "2024": null, "2029": null, "% OF TOTAL": null, "% OF TOTAL.1": null, "% OF TOTAL.2": null}, "Occupation: Life, physical, and social science": {"Demographic": null, "2020": null, "2024": null, "2029": null, "% OF TOTAL": null, "% OF TOTAL.1": null, "% OF TOTAL.2": null}, "Occupation: Community and social service": {"Demographic": null, "2020": null, "2024": null, "2029": null, "% OF TOTAL": null, "% OF TOTAL.1": null, "% OF TOTAL.2": null}, "Occupation: Legal": {"Demographic": null, "2020": null, "2024": null, "2029": null, "% OF TOTAL": null, "% OF TOTAL.1": null, "% OF TOTAL.2": null}, "Occupation: Education, training, and library": {"Demographic": null, "2020": null, "2024": null, "2029": null, "% OF TOTAL": null, "% OF TOTAL.1": null, "% OF TOTAL.2": null}, "Occupation: Arts, design, entertainment, sports, and media": {"Demographic": null, "2020": null, "2024": null, "2029": null, "% OF TOTAL": null, "% OF TOTAL.1": null, "% OF TOTAL.2": null}, "Occupation: Health diagnosing and treating practitioners": {"Demographic": null, "2020": null, "2024": null, "2029": null, "% OF TOTAL": null, "% OF TOTAL.1": null, "% OF TOTAL.2": null}, "Occupation: Health technologists and technicians": {"Demographic": null, "2020": null, "2024": null, "2029": null, "% OF TOTAL": null, "% OF TOTAL.1": null, "% OF TOTAL.2": null}, "Occupation: Healthcare support": {"Demographic": null, "2020": null, "2024": null, "2029": null, "% OF TOTAL": null, "% OF TOTAL.1": null, "% OF TOTAL.2": null}, "Occupation: Fire fighting and prevention": {"Demographic": null, "2020": null, "2024": null, "2029": null, "% OF TOTAL": null, "% OF TOTAL.1": null, "% OF TOTAL.2": null}, "Occupation: Law enforcement workers": {"Demographic": null, "2020": null, "2024": null, "2029": null, "% OF TOTAL": null, "% OF TOTAL.1": null, "% OF TOTAL.2": null}, "Occupation: Food preparation and serving related": {"Demographic": null, "2020": null, "2024": null, "2029": null, "% OF TOTAL": null, "% OF TOTAL.1": null, "% OF TOTAL.2": null}, "Occupation: Building and grounds cleaning and maintenance": {"Demographic": null, "2020": null, "2024": null, "2029": null, "% OF TOTAL": null, "% OF TOTAL.1": null, "% OF TOTAL.2": null}, "Occupation: Personal care and service": {"Demographic": null, "2020": null, "2024": null, "2029": null, "% OF TOTAL": null, "% OF TOTAL.1": null, "% OF TOTAL.2": null}, "Occupation: Sales and related": {"Demographic": null, "2020": null, "2024": null, "2029": null, "% OF TOTAL": null, "% OF TOTAL.1": null, "% OF TOTAL.2": null}, "Occupation: Office and administrative support": {"Demographic": null, "2020": null, "2024": null, "2029": null, "% OF TOTAL": null, "% OF TOTAL.1": null, "% OF TOTAL.2": null}, "Occupation: Farming, fishing, and forestry": {"Demographic": null, "2020": null, "2024": null, "2029": null, "% OF TOTAL": null, "% OF TOTAL.1": null, "% OF TOTAL.2": null}, "Occupation: Construction and extraction": {"Demographic": null, "2020": null, "2024": null, "2029": null, "% OF TOTAL": null, "% OF TOTAL.1": null, "% OF TOTAL.2": null}, "Occupation: Installation, maintenance, and repair": {"Demographic": null, "2020": null, "2024": null, "2029": null, "% OF TOTAL": null, "% OF TOTAL.1": null, "% OF TOTAL.2": null}, "Occupation: Production": {"Demographic": null, "2020": null, "2024": null, "2029": null, "% OF TOTAL": null, "% OF TOTAL.1": null, "% OF TOTAL.2": null}, "Occupation: Transportation": {"Demographic": null, "2020": null, "2024": null, "2029": null, "% OF TOTAL": null, "% OF TOTAL.1": null, "% OF TOTAL.2": null}, "Occupation: Material moving": {"Demographic": null, "2020": null, "2024": null, "2029": null, "% OF TOTAL": null, "% OF TOTAL.1": null, "% OF TOTAL.2": null}, "White collar": {"Demographic": null, "2020": null, "2024": null, "2029": null, "% OF TOTAL": null, "% OF TOTAL.1": null, "% OF TOTAL.2": null}, "Blue collar": {"Demographic": null, "2020": null, "2024": null, "2029": null, "% OF TOTAL": null, "% OF TOTAL.1": null, "% OF TOTAL.2": null}, "Means of transportation: Car, truck or van": {"Demographic": null, "2020": null, "2024": null, "2029": null, "% OF TOTAL": null, "% OF TOTAL.1": null, "% OF TOTAL.2": null}, "Means of transportation: Public transportation": {"Demographic": null, "2020": null, "2024": null, "2029": null, "% OF TOTAL": null, "% OF TOTAL.1": null, "% OF TOTAL.2": null}, "Means of transportation: Other": {"Demographic": null, "2020": null, "2024": null, "2029": null, "% OF TOTAL": null, "% OF TOTAL.1": null, "% OF TOTAL.2": null}, "Travel time: Average (in minutes)": {"Demographic": null, "2020": null, "2024": null, "2029": null, "% OF TOTAL": null, "% OF TOTAL.1": null, "% OF TOTAL.2": null}, "Travel time to work: Less than 30 minutes": {"Demographic": null, "2020": null, "2024": null, "2029": null, "% OF TOTAL": null, "% OF TOTAL.1": null, "% OF TOTAL.2": null}, "Travel time to work: 30 to 60 minutes": {"Demographic": null, "2020": null, "2024": null, "2029": null, "% OF TOTAL": null, "% OF TOTAL.1": null, "% OF TOTAL.2": null}, "Travel time to work: 60 or more minutes": {"Demographic": null, "2020": null, "2024": null, "2029": null, "% OF TOTAL": null, "% OF TOTAL.1": null, "% OF TOTAL.2": null}}, "demographic_snapshot": {"Total Population": {"Demographic": null, "2020": null, "2024": null, "2029": null, "% OF TOTAL": null, "% OF TOTAL.1": null, "% OF TOTAL.2": null}, "Households": {"Demographic": null, "2020": null, "2024": null, "2029": null, "% OF TOTAL": null, "% OF TOTAL.1": null, "% OF TOTAL.2": null}, "Population in Group Quarters": {"Demographic": null, "2020": null, "2024": null, "2029": null, "% OF TOTAL": null, "% OF TOTAL.1": null, "% OF TOTAL.2": null}, "Households Growth": {"Demographic": null, "2020": null, "2024": null, "2029": null, "% OF TOTAL": null, "% OF TOTAL.1": null, "% OF TOTAL.2": null}, "Household Income: Median": {"Demographic": null, "2020": null, "2024": null, "2029": null, "% OF TOTAL": null, "% OF TOTAL.1": null, "% OF TOTAL.2": null}, "Home Value: Median": {"Demographic": null, "2020": null, "2024": null, "2029": null, "% OF TOTAL": null, "% OF TOTAL.1": null, "% OF TOTAL.2": null}, "Population Growth": {"Demographic": null, "2020": null, "2024": null, "2029": null, "% OF TOTAL": null, "% OF TOTAL.1": null, "% OF TOTAL.2": null}, "Total Population: Under 19 years": {"Demographic": null, "2020": null, "2024": null, "2029": null, "% OF TOTAL": null, "% OF TOTAL.1": null, "% OF TOTAL.2": null}, "Total Population: 20 - 64 years": {"Demographic": null, "2020": null, "2024": null, "2029": null, "% OF TOTAL": null, "% OF TOTAL.1": null, "% OF TOTAL.2": null}, "Total Population: 65 years and over": {"Demographic": null, "2020": null, "2024": null, "2029": null, "% OF TOTAL": null, "% OF TOTAL.1": null, "% OF TOTAL.2": null}, "Total population: Median age": {"Demographic": null, "2020": null, "2024": null, "2029": null, "% OF TOTAL": null, "% OF TOTAL.1": null, "% OF TOTAL.2": null}, "Total population: Under 5 years": {"Demographic": null, "2020": null, "2024": null, "2029": null, "% OF TOTAL": null, "% OF TOTAL.1": null, "% OF TOTAL.2": null}, "Total population: 5 - 9 years": {"Demographic": null, "2020": null, "2024": null, "2029": null, "% OF TOTAL": null, "% OF TOTAL.1": null, "% OF TOTAL.2": null}, "Total population: 10 - 14 years": {"Demographic": null, "2020": null, "2024": null, "2029": null, "% OF TOTAL": null, "% OF TOTAL.1": null, "% OF TOTAL.2": null}, "Total population: 15 - 19 years": {"Demographic": null, "2020": null, "2024": null, "2029": null, "% OF TOTAL": null, "% OF TOTAL.1": null, "% OF TOTAL.2": null}, "Total population: 20 - 24 years": {"Demographic": null, "2020": null, "2024": null, "2029": null, "% OF TOTAL": null, "% OF TOTAL.1": null, "% OF TOTAL.2": null}, "Total population: 25 - 29 years": {"Demographic": null, "2020": null, "2024": null, "2029": null, "% OF TOTAL": null, "% OF TOTAL.1": null, "% OF TOTAL.2": null}, "Total population: 30 - 34 years": {"Demographic": null, "2020": null, "2024": null, "2029": null, "% OF TOTAL": null, "% OF TOTAL.1": null, "% OF TOTAL.2": null}, "Total population: 35 - 39 years": {"Demographic": null, "2020": null, "2024": null, "2029": null, "% OF TOTAL": null, "% OF TOTAL.1": null, "% OF TOTAL.2": null}, "Total population: 40 - 44 years": {"Demographic": null, "2020": null, "2024": null, "2029": null, "% OF TOTAL": null, "% OF TOTAL.1": null, "% OF TOTAL.2": null}, "Total population: 45 - 49 years": {"Demographic": null, "2020": null, "2024": null, "2029": null, "% OF TOTAL": null, "% OF TOTAL.1": null, "% OF TOTAL.2": null}, "Total population: 50 - 54 years": {"Demographic": null, "2020": null, "2024": null, "2029": null, "% OF TOTAL": null, "% OF TOTAL.1": null, "% OF TOTAL.2": null}, "Total population: 55 - 59 years": {"Demographic": null, "2020": null, "2024": null, "2029": null, "% OF TOTAL": null, "% OF TOTAL.1": null, "% OF TOTAL.2": null}, "Total population: 60 - 64 years": {"Demographic": null, "2020": null, "2024": null, "2029": null, "% OF TOTAL": null, "% OF TOTAL.1": null, "% OF TOTAL.2": null}, "Total population: 65 - 69 years": {"Demographic": null, "2020": null, "2024": null, "2029": null, "% OF TOTAL": null, "% OF TOTAL.1": null, "% OF TOTAL.2": null}, "Total population: 70 - 74 years": {"Demographic": null, "2020": null, "2024": null, "2029": null, "% OF TOTAL": null, "% OF TOTAL.1": null, "% OF TOTAL.2": null}, "Total population: 75 - 79 years": {"Demographic": null, "2020": null, "2024": null, "2029": null, "% OF TOTAL": null, "% OF TOTAL.1": null, "% OF TOTAL.2": null}, "Total population: 80 - 84 years": {"Demographic": null, "2020": null, "2024": null, "2029": null, "% OF TOTAL": null, "% OF TOTAL.1": null, "% OF TOTAL.2": null}, "Total population: 85 years and over": {"Demographic": null, "2020": null, "2024": null, "2029": null, "% OF TOTAL": null, "% OF TOTAL.1": null, "% OF TOTAL.2": null}, "Householders Age 15-24": {"Demographic": null, "2020": null, "2024": null, "2029": null, "% OF TOTAL": null, "% OF TOTAL.1": null, "% OF TOTAL.2": null}, "Householders Age 25-34": {"Demographic": null, "2020": null, "2024": null, "2029": null, "% OF TOTAL": null, "% OF TOTAL.1": null, "% OF TOTAL.2": null}, "Householders Age 35-44": {"Demographic": null, "2020": null, "2024": null, "2029": null, "% OF TOTAL": null, "% OF TOTAL.1": null, "% OF TOTAL.2": null}, "Householders Age 45-54": {"Demographic": null, "2020": null, "2024": null, "2029": null, "% OF TOTAL": null, "% OF TOTAL.1": null, "% OF TOTAL.2": null}, "Householders Age 55-64": {"Demographic": null, "2020": null, "2024": null, "2029": null, "% OF TOTAL": null, "% OF TOTAL.1": null, "% OF TOTAL.2": null}, "Householders Age 65-74": {"Demographic": null, "2020": null, "2024": null, "2029": null, "% OF TOTAL": null, "% OF TOTAL.1": null, "% OF TOTAL.2": null}, "Householders Age 75+": {"Demographic": null, "2020": null, "2024": null, "2029": null, "% OF TOTAL": null, "% OF TOTAL.1": null, "% OF TOTAL.2": null}, "Household income: Average": {"Demographic": null, "2020": null, "2024": null, "2029": null, "% OF TOTAL": null, "% OF TOTAL.1": null, "% OF TOTAL.2": null}, "Household income: Less than 25k": {"Demographic": null, "2020": null, "2024": null, "2029": null, "% OF TOTAL": null, "% OF TOTAL.1": null, "% OF TOTAL.2": null}, "Household income: 25k - 50k": {"Demographic": null, "2020": null, "2024": null, "2029": null, "% OF TOTAL": null, "% OF TOTAL.1": null, "% OF TOTAL.2": null}, "Household income: 50k - 75k": {"Demographic": null, "2020": null, "2024": null, "2029": null, "% OF TOTAL": null, "% OF TOTAL.1": null, "% OF TOTAL.2": null}, "Household income: 75k - 100k": {"Demographic": null, "2020": null, "2024": null, "2029": null, "% OF TOTAL": null, "% OF TOTAL.1": null, "% OF TOTAL.2": null}, "Household income: 100k - 125k": {"Demographic": null, "2020": null, "2024": null, "2029": null, "% OF TOTAL": null, "% OF TOTAL.1": null, "% OF TOTAL.2": null}, "Household income: 125k - 150k": {"Demographic": null, "2020": null, "2024": null, "2029": null, "% OF TOTAL": null, "% OF TOTAL.1": null, "% OF TOTAL.2": null}, "Household income: 150k - 200k": {"Demographic": null, "2020": null, "2024": null, "2029": null, "% OF TOTAL": null, "% OF TOTAL.1": null, "% OF TOTAL.2": null}, "Household income: Above 200k": {"Demographic": null, "2020": null, "2024": null, "2029": null, "% OF TOTAL": null, "% OF TOTAL.1": null, "% OF TOTAL.2": null}, "White Alone": {"Demographic": null, "2020": null, "2024": null, "2029": null, "% OF TOTAL": null, "% OF TOTAL.1": null, "% OF TOTAL.2": null}, "Black or African American Alone": {"Demographic": null, "2020": null, "2024": null, "2029": null, "% OF TOTAL": null, "% OF TOTAL.1": null, "% OF TOTAL.2": null}, "American Indian and Alaska Native Alone": {"Demographic": null, "2020": null, "2024": null, "2029": null, "% OF TOTAL": null, "% OF TOTAL.1": null, "% OF TOTAL.2": null}, "Asian Alone": {"Demographic": null, "2020": null, "2024": null, "2029": null, "% OF TOTAL": null, "% OF TOTAL.1": null, "% OF TOTAL.2": null}, "Native Hawaiian and OPI Alone": {"Demographic": null, "2020": null, "2024": null, "2029": null, "% OF TOTAL": null, "% OF TOTAL.1": null, "% OF TOTAL.2": null}, "Some Other Race Alone": {"Demographic": null, "2020": null, "2024": null, "2029": null, "% OF TOTAL": null, "% OF TOTAL.1": null, "% OF TOTAL.2": null}, "Two or More Races Alone": {"Demographic": null, "2020": null, "2024": null, "2029": null, "% OF TOTAL": null, "% OF TOTAL.1": null, "% OF TOTAL.2": null}, "Not Hispanic or Latino": {"Demographic": null, "2020": null, "2024": null, "2029": null, "% OF TOTAL": null, "% OF TOTAL.1": null, "% OF TOTAL.2": null}, "Hispanic or Latino": {"Demographic": null, "2020": null, "2024": null, "2029": null, "% OF TOTAL": null, "% OF TOTAL.1": null, "% OF TOTAL.2": null}, "Total Housing Units": {"Demographic": null, "2020": null, "2024": null, "2029": null, "% OF TOTAL": null, "% OF TOTAL.1": null, "% OF TOTAL.2": null}, "Owner Occupied Housing Units": {"Demographic": null, "2020": null, "2024": null, "2029": null, "% OF TOTAL": null, "% OF TOTAL.1": null, "% OF TOTAL.2": null}, "Renter Occupied Housing Units": {"Demographic": null, "2020": null, "2024": null, "2029": null, "% OF TOTAL": null, "% OF TOTAL.1": null, "% OF TOTAL.2": null}, "Housing Units Value Less Than 100k": {"Demographic": null, "2020": null, "2024": null, "2029": null, "% OF TOTAL": null, "% OF TOTAL.1": null, "% OF TOTAL.2": null}, "Housing Units Value 100k - 200k": {"Demographic": null, "2020": null, "2024": null, "2029": null, "% OF TOTAL": null, "% OF TOTAL.1": null, "% OF TOTAL.2": null}, "Housing Units Value 200k - 250k": {"Demographic": null, "2020": null, "2024": null, "2029": null, "% OF TOTAL": null, "% OF TOTAL.1": null, "% OF TOTAL.2": null}, "Housing Units Value 250k - 300k": {"Demographic": null, "2020": null, "2024": null, "2029": null, "% OF TOTAL": null, "% OF TOTAL.1": null, "% OF TOTAL.2": null}, "Housing Units Value 300k - 400k": {"Demographic": null, "2020": null, "2024": null, "2029": null, "% OF TOTAL": null, "% OF TOTAL.1": null, "% OF TOTAL.2": null}, "Housing Units Value 400k - 500k": {"Demographic": null, "2020": null, "2024": null, "2029": null, "% OF TOTAL": null, "% OF TOTAL.1": null, "% OF TOTAL.2": null}, "Housing Units Value 500k - 750k": {"Demographic": null, "2020": null, "2024": null, "2029": null, "% OF TOTAL": null, "% OF TOTAL.1": null, "% OF TOTAL.2": null}, "Housing Units Value 750k - 1m": {"Demographic": null, "2020": null, "2024": null, "2029": null, "% OF TOTAL": null, "% OF TOTAL.1": null, "% OF TOTAL.2": null}, "Housing Units Value 1m - 1.5m": {"Demographic": null, "2020": null, "2024": null, "2029": null, "% OF TOTAL": null, "% OF TOTAL.1": null, "% OF TOTAL.2": null}, "Housing Units Value 1.5m - 2m": {"Demographic": null, "2020": null, "2024": null, "2029": null, "% OF TOTAL": null, "% OF TOTAL.1": null, "% OF TOTAL.2": null}, "Housing Units Value >2m": {"Demographic": null, "2020": null, "2024": null, "2029": null, "% OF TOTAL": null, "% OF TOTAL.1": null, "% OF TOTAL.2": null}, "Take Car or Truck to Work": {"Demographic": null, "2020": null, "2024": null, "2029": null, "% OF TOTAL": null, "% OF TOTAL.1": null, "% OF TOTAL.2": null}, "Take Public Transportation to Work": {"Demographic": null, "2020": null, "2024": null, "2029": null, "% OF TOTAL": null, "% OF TOTAL.1": null, "% OF TOTAL.2": null}, "Take Other Means of Transportation to Work": {"Demographic": null, "2020": null, "2024": null, "2029": null, "% OF TOTAL": null, "% OF TOTAL.1": null, "% OF TOTAL.2": null}, "Average Travel Time (min)": {"Demographic": null, "2020": null, "2024": null, "2029": null, "% OF TOTAL": null, "% OF TOTAL.1": null, "% OF TOTAL.2": null}, "Travel Below 30 Min to Work": {"Demographic": null, "2020": null, "2024": null, "2029": null, "% OF TOTAL": null, "% OF TOTAL.1": null, "% OF TOTAL.2": null}, "Travel 30-60 Min to Work": {"Demographic": null, "2020": null, "2024": null, "2029": null, "% OF TOTAL": null, "% OF TOTAL.1": null, "% OF TOTAL.2": null}, "Travel Above 60 Min to Work": {"Demographic": null, "2020": null, "2024": null, "2029": null, "% OF TOTAL": null, "% OF TOTAL.1": null, "% OF TOTAL.2": null}, "Educational Attainment: No High School Diploma": {"Demographic": null, "2020": null, "2024": null, "2029": null, "% OF TOTAL": null, "% OF TOTAL.1": null, "% OF TOTAL.2": null}, "Educational Attainment: High School Diploma": {"Demographic": null, "2020": null, "2024": null, "2029": null, "% OF TOTAL": null, "% OF TOTAL.1": null, "% OF TOTAL.2": null}, "Educational Attainment: Some College": {"Demographic": null, "2020": null, "2024": null, "2029": null, "% OF TOTAL": null, "% OF TOTAL.1": null, "% OF TOTAL.2": null}, "Educational Attainment: Associate's Degree": {"Demographic": null, "2020": null, "2024": null, "2029": null, "% OF TOTAL": null, "% OF TOTAL.1": null, "% OF TOTAL.2": null}, "Educational Attainment: Bachelors Degree": {"Demographic": null, "2020": null, "2024": null, "2029": null, "% OF TOTAL": null, "% OF TOTAL.1": null, "% OF TOTAL.2": null}, "Educational Attainment: Advanced Degree": {"Demographic": null, "2020": null, "2024": null, "2029": null, "% OF TOTAL": null, "% OF TOTAL.1": null, "% OF TOTAL.2": null}, "Households: Number of vehicles available - Average": {"Demographic": null, "2020": null, "2024": null, "2029": null, "% OF TOTAL": null, "% OF TOTAL.1": null, "% OF TOTAL.2": null}, "Households: No Vehicle available": {"Demographic": null, "2020": null, "2024": null, "2029": null, "% OF TOTAL": null, "% OF TOTAL.1": null, "% OF TOTAL.2": null}, "Households: 1 Vehicle available": {"Demographic": null, "2020": null, "2024": null, "2029": null, "% OF TOTAL": null, "% OF TOTAL.1": null, "% OF TOTAL.2": null}, "Households: 2 Vehicles available": {"Demographic": null, "2020": null, "2024": null, "2029": null, "% OF TOTAL": null, "% OF TOTAL.1": null, "% OF TOTAL.2": null}, "Households: 3 Vehicles available": {"Demographic": null, "2020": null, "2024": null, "2029": null, "% OF TOTAL": null, "% OF TOTAL.1": null, "% OF TOTAL.2": null}, "Households: 4 or more Vehicles available": {"Demographic": null, "2020": null, "2024": null, "2029": null, "% OF TOTAL": null, "% OF TOTAL.1": null, "% OF TOTAL.2": null}}, "household_trends": {"Households": {"Demographic": null, "2020": null, "2024": null, "2029": null, "% OF TOTAL": null, "% OF TOTAL.1": null, "% OF TOTAL.2": null}, "Households Growth": {"Demographic": null, "2020": null, "2024": null, "2029": null, "% OF TOTAL": null, "% OF TOTAL.1": null, "% OF TOTAL.2": null}, "Householder Age 15-24": {"Demographic": null, "2020": null, "2024": null, "2029": null, "% OF TOTAL": null, "% OF TOTAL.1": null, "% OF TOTAL.2": null}, "Householder Age 25-34": {"Demographic": null, "2020": null, "2024": null, "2029": null, "% OF TOTAL": null, "% OF TOTAL.1": null, "% OF TOTAL.2": null}, "Householder Age 35-44": {"Demographic": null, "2020": null, "2024": null, "2029": null, "% OF TOTAL": null, "% OF TOTAL.1": null, "% OF TOTAL.2": null}, "Householder Age 45-54": {"Demographic": null, "2020": null, "2024": null, "2029": null, "% OF TOTAL": null, "% OF TOTAL.1": null, "% OF TOTAL.2": null}, "Householder Age 55-64": {"Demographic": null, "2020": null, "2024": null, "2029": null, "% OF TOTAL": null, "% OF TOTAL.1": null, "% OF TOTAL.2": null}, "Householder Age 65-74": {"Demographic": null, "2020": null, "2024": null, "2029": null, "% OF TOTAL": null, "% OF TOTAL.1": null, "% OF TOTAL.2": null}, "Householder Age 75+": {"Demographic": null, "2020": null, "2024": null, "2029": null, "% OF TOTAL": null, "% OF TOTAL.1": null, "% OF TOTAL.2": null}, "Average Household Size": {"Demographic": null, "2020": null, "2024": null, "2029": null, "% OF TOTAL": null, "% OF TOTAL.1": null, "% OF TOTAL.2": null}, "1 Person Households": {"Demographic": null, "2020": null, "2024": null, "2029": null, "% OF TOTAL": null, "% OF TOTAL.1": null, "% OF TOTAL.2": null}, "2 Person Households": {"Demographic": null, "2020": null, "2024": null, "2029": null, "% OF TOTAL": null, "% OF TOTAL.1": null, "% OF TOTAL.2": null}, "3 Person Households": {"Demographic": null, "2020": null, "2024": null, "2029": null, "% OF TOTAL": null, "% OF TOTAL.1": null, "% OF TOTAL.2": null}, "4 Person Households": {"Demographic": null, "2020": null, "2024": null, "2029": null, "% OF TOTAL": null, "% OF TOTAL.1": null, "% OF TOTAL.2": null}, "5 Person Households": {"Demographic": null, "2020": null, "2024": null, "2029": null, "% OF TOTAL": null, "% OF TOTAL.1": null, "% OF TOTAL.2": null}, "6 Person Households": {"Demographic": null, "2020": null, "2024": null, "2029": null, "% OF TOTAL": null, "% OF TOTAL.1": null, "% OF TOTAL.2": null}, "7+ Person Households": {"Demographic": null, "2020": null, "2024": null, "2029": null, "% OF TOTAL": null, "% OF TOTAL.1": null, "% OF TOTAL.2": null}, "Household Type: Family": {"Demographic": null, "2020": null, "2024": null, "2029": null, "% OF TOTAL": null, "% OF TOTAL.1": null, "% OF TOTAL.2": null}, "Household Type: Married Family": {"Demographic": null, "2020": null, "2024": null, "2029": null, "% OF TOTAL": null, "% OF TOTAL.1": null, "% OF TOTAL.2": null}, "Household Type: Married Family With Children": {"Demographic": null, "2020": null, "2024": null, "2029": null, "% OF TOTAL": null, "% OF TOTAL.1": null, "% OF TOTAL.2": null}, "Household Type: Married Family Without Children": {"Demographic": null, "2020": null, "2024": null, "2029": null, "% OF TOTAL": null, "% OF TOTAL.1": null, "% OF TOTAL.2": null}, "Household Type: Other Family": {"Demographic": null, "2020": null, "2024": null, "2029": null, "% OF TOTAL": null, "% OF TOTAL.1": null, "% OF TOTAL.2": null}, "Household Type: Male Households, No Wife": {"Demographic": null, "2020": null, "2024": null, "2029": null, "% OF TOTAL": null, "% OF TOTAL.1": null, "% OF TOTAL.2": null}, "Household Type: Male Households, No Wife With Children": {"Demographic": null, "2020": null, "2024": null, "2029": null, "% OF TOTAL": null, "% OF TOTAL.1": null, "% OF TOTAL.2": null}, "Household Type: Male Households, No Wife Without Children": {"Demographic": null, "2020": null, "2024": null, "2029": null, "% OF TOTAL": null, "% OF TOTAL.1": null, "% OF TOTAL.2": null}, "Household Type: Female Households, No Husband": {"Demographic": null, "2020": null, "2024": null, "2029": null, "% OF TOTAL": null, "% OF TOTAL.1": null, "% OF TOTAL.2": null}, "Household Type: Female Households, No Husband With Children": {"Demographic": null, "2020": null, "2024": null, "2029": null, "% OF TOTAL": null, "% OF TOTAL.1": null, "% OF TOTAL.2": null}, "Household Type: Female Households, No Husband Without Children": {"Demographic": null, "2020": null, "2024": null, "2029": null, "% OF TOTAL": null, "% OF TOTAL.1": null, "% OF TOTAL.2": null}, "Household Income: Average": {"Demographic": null, "2020": null, "2024": null, "2029": null, "% OF TOTAL": null, "% OF TOTAL.1": null, "% OF TOTAL.2": null}, "Household Income: Median": {"Demographic": null, "2020": null, "2024": null, "2029": null, "% OF TOTAL": null, "% OF TOTAL.1": null, "% OF TOTAL.2": null}, "Household Income: Less than $25k": {"Demographic": null, "2020": null, "2024": null, "2029": null, "% OF TOTAL": null, "% OF TOTAL.1": null, "% OF TOTAL.2": null}, "Household Income: $25k - $50k": {"Demographic": null, "2020": null, "2024": null, "2029": null, "% OF TOTAL": null, "% OF TOTAL.1": null, "% OF TOTAL.2": null}, "Household Income: $50k - $75k": {"Demographic": null, "2020": null, "2024": null, "2029": null, "% OF TOTAL": null, "% OF TOTAL.1": null, "% OF TOTAL.2": null}, "Household Income: $75k - $100k": {"Demographic": null, "2020": null, "2024": null, "2029": null, "% OF TOTAL": null, "% OF TOTAL.1": null, "% OF TOTAL.2": null}, "Household Income: $100k - $125k": {"Demographic": null, "2020": null, "2024": null, "2029": null, "% OF TOTAL": null, "% OF TOTAL.1": null, "% OF TOTAL.2": null}, "Household Income: $125k - $150k": {"Demographic": null, "2020": null, "2024": null, "2029": null, "% OF TOTAL": null, "% OF TOTAL.1": null, "% OF TOTAL.2": null}, "Household Income: $150k - $200k": {"Demographic": null, "2020": null, "2024": null, "2029": null, "% OF TOTAL": null, "% OF TOTAL.1": null, "% OF TOTAL.2": null}, "Household Income: Above $200k": {"Demographic": null, "2020": null, "2024": null, "2029": null, "% OF TOTAL": null, "% OF TOTAL.1": null, "% OF TOTAL.2": null}, "Total Housing Units": {"Demographic": null, "2020": null, "2024": null, "2029": null, "% OF TOTAL": null, "% OF TOTAL.1": null, "% OF TOTAL.2": null}, "Owner Occupied Housing Units": {"Demographic": null, "2020": null, "2024": null, "2029": null, "% OF TOTAL": null, "% OF TOTAL.1": null, "% OF TOTAL.2": null}, "Renter Occupied Housing Units": {"Demographic": null, "2020": null, "2024": null, "2029": null, "% OF TOTAL": null, "% OF TOTAL.1": null, "% OF TOTAL.2": null}, "Vacant Housing Units": {"Demographic": null, "2020": null, "2024": null, "2029": null, "% OF TOTAL": null, "% OF TOTAL.1": null, "% OF TOTAL.2": null}, "Vacant Housing Units: Seasonal": {"Demographic": null, "2020": null, "2024": null, "2029": null, "% OF TOTAL": null, "% OF TOTAL.1": null, "% OF TOTAL.2": null}, "Vacant Housing Units: Other Usage": {"Demographic": null, "2020": null, "2024": null, "2029": null, "% OF TOTAL": null, "% OF TOTAL.1": null, "% OF TOTAL.2": null}, "Average Housing Unit Value": {"Demographic": null, "2020": null, "2024": null, "2029": null, "% OF TOTAL": null, "% OF TOTAL.1": null, "% OF TOTAL.2": null}, "Median Housing Unit Value": {"Demographic": null, "2020": null, "2024": null, "2029": null, "% OF TOTAL": null, "% OF TOTAL.1": null, "% OF TOTAL.2": null}, "Housing Unit Value Less Than $100k": {"Demographic": null, "2020": null, "2024": null, "2029": null, "% OF TOTAL": null, "% OF TOTAL.1": null, "% OF TOTAL.2": null}, "Housing Unit Value $100k-$200k": {"Demographic": null, "2020": null, "2024": null, "2029": null, "% OF TOTAL": null, "% OF TOTAL.1": null, "% OF TOTAL.2": null}, "Housing Unit Value $200k-$250k": {"Demographic": null, "2020": null, "2024": null, "2029": null, "% OF TOTAL": null, "% OF TOTAL.1": null, "% OF TOTAL.2": null}, "Housing Unit Value $250k-$300k": {"Demographic": null, "2020": null, "2024": null, "2029": null, "% OF TOTAL": null, "% OF TOTAL.1": null, "% OF TOTAL.2": null}, "Housing Unit Value $300k-$400k": {"Demographic": null, "2020": null, "2024": null, "2029": null, "% OF TOTAL": null, "% OF TOTAL.1": null, "% OF TOTAL.2": null}, "Housing Unit Value $400k-$500k": {"Demographic": null, "2020": null, "2024": null, "2029": null, "% OF TOTAL": null, "% OF TOTAL.1": null, "% OF TOTAL.2": null}, "Housing Unit Value $500k-$750k": {"Demographic": null, "2020": null, "2024": null, "2029": null, "% OF TOTAL": null, "% OF TOTAL.1": null, "% OF TOTAL.2": null}, "Housing Unit Value $750k-$1m": {"Demographic": null, "2020": null, "2024": null, "2029": null, "% OF TOTAL": null, "% OF TOTAL.1": null, "% OF TOTAL.2": null}, "Housing Unit Value $1m-$1.5m": {"Demographic": null, "2020": null, "2024": null, "2029": null, "% OF TOTAL": null, "% OF TOTAL.1": null, "% OF TOTAL.2": null}, "Housing Unit Value $1.5m-$2m": {"Demographic": null, "2020": null, "2024": null, "2029": null, "% OF TOTAL": null, "% OF TOTAL.1": null, "% OF TOTAL.2": null}, "Housing Unit Value Above $2m": {"Demographic": null, "2020": null, "2024": null, "2029": null, "% OF TOTAL": null, "% OF TOTAL.1": null, "% OF TOTAL.2": null}, "Median Housing Unit Year Built": {"Demographic": null, "2020": null, "2024": null, "2029": null, "% OF TOTAL": null, "% OF TOTAL.1": null, "% OF TOTAL.2": null}, "Housing Units Built 2014 Or After": {"Demographic": null, "2020": null, "2024": null, "2029": null, "% OF TOTAL": null, "% OF TOTAL.1": null, "% OF TOTAL.2": null}, "Housing Units Built 2010-2013": {"Demographic": null, "2020": null, "2024": null, "2029": null, "% OF TOTAL": null, "% OF TOTAL.1": null, "% OF TOTAL.2": null}, "Housing Units Built 2000-2009": {"Demographic": null, "2020": null, "2024": null, "2029": null, "% OF TOTAL": null, "% OF TOTAL.1": null, "% OF TOTAL.2": null}, "Housing Units Built 1990-1999": {"Demographic": null, "2020": null, "2024": null, "2029": null, "% OF TOTAL": null, "% OF TOTAL.1": null, "% OF TOTAL.2": null}, "Housing Units Built 1980-1989": {"Demographic": null, "2020": null, "2024": null, "2029": null, "% OF TOTAL": null, "% OF TOTAL.1": null, "% OF TOTAL.2": null}, "Housing Units Built 1970-1979": {"Demographic": null, "2020": null, "2024": null, "2029": null, "% OF TOTAL": null, "% OF TOTAL.1": null, "% OF TOTAL.2": null}, "Housing Units Built 1960-1969": {"Demographic": null, "2020": null, "2024": null, "2029": null, "% OF TOTAL": null, "% OF TOTAL.1": null, "% OF TOTAL.2": null}, "Housing Units Built 1950-1959": {"Demographic": null, "2020": null, "2024": null, "2029": null, "% OF TOTAL": null, "% OF TOTAL.1": null, "% OF TOTAL.2": null}, "Housing Units Built 1940-1949": {"Demographic": null, "2020": null, "2024": null, "2029": null, "% OF TOTAL": null, "% OF TOTAL.1": null, "% OF TOTAL.2": null}, "Housing Units Built Before 1940": {"Demographic": null, "2020": null, "2024": null, "2029": null, "% OF TOTAL": null, "% OF TOTAL.1": null, "% OF TOTAL.2": null}}}, "geometry": {"type": "Polygon", "coordinates": [[[-88.161864, 30.326475], [-88.162207, 30.355515], [-88.128722, 30.355809], [-88.128389, 30.326769], [-88.161864, 30.326475]]]}}, {"type": "Feature", "properties": {"block": "071", "block_num": 71, "CentroidLon": -88.26357155517093, "CentroidLat": 30.32530598217935, "data_status": "no data", "is_anomalous": false, "anomaly_reason": null, "files_present": ""}, "geometry": {"type": "Polygon", "coordinates": [[[-88.262289, 30.325545], [-88.26228, 30.324863], [-88.26614, 30.325508], [-88.262289, 30.325545]]]}}, {"type": "Feature", "properties": {"block": "072", "block_num": 72, "CentroidLon": -88.24098818852445, "CentroidLat": 30.323522458078493, "data_status": "no data", "is_anomalous": false, "anomaly_reason": null, "files_present": ""}, "geometry": {"type": "Polygon", "coordinates": [[[-88.262289, 30.325545], [-88.228815, 30.325864], [-88.228732, 30.319252], [-88.26228, 30.324863], [-88.262289, 30.325545]]]}}, {"type": "Feature", "properties": {"block": "073", "block_num": 73, "CentroidLon": -88.21028962647567, "CentroidLat": 30.321093596614425, "data_status": "no data", "is_anomalous": false, "anomaly_reason": null, "files_present": ""}, "geometry": {"type": "Polygon", "coordinates": [[[-88.228815, 30.325864], [-88.19534, 30.326174], [-88.195188, 30.313632], [-88.228732, 30.319252], [-88.228815, 30.325864]]]}}, {"type": "Feature", "properties": {"block": "074", "block_num": 74, "CentroidLon": -88.17744173599226, "CentroidLat": 30.31848655977752, "data_status": "no data", "is_anomalous": false, "anomaly_reason": null, "files_present": ""}, "geometry": {"type": "Polygon", "coordinates": [[[-88.19534, 30.326174], [-88.161864, 30.326475], [-88.161646, 30.308004], [-88.195188, 30.313632], [-88.19534, 30.326174]]]}}, {"type": "Feature", "properties": {"block": "075", "block_num": 75, "CentroidLon": -88.14422940810988, "CentroidLat": 30.31584251865847, "data_status": "no data", "is_anomalous": false, "anomaly_reason": null, "files_present": ""}, "geometry": {"type": "Polygon", "coordinates": [[[-88.161864, 30.326475], [-88.128389, 30.326769], [-88.128109, 30.302367], [-88.161646, 30.308004], [-88.161864, 30.326475]]]}}, {"type": "Feature", "properties": {"block": "076", "block_num": 76, "CentroidLon": -88.11410867965026, "CentroidLat": 30.31367587640167, "data_status": "no data", "is_anomalous": false, "anomaly_reason": null, "files_present": ""}, "geometry": {"type": "Polygon", "coordinates": [[[-88.128389, 30.326769], [-88.099741, 30.327013], [-88.101874, 30.297951], [-88.128109, 30.302367], [-88.128389, 30.326769]]]}}]}