<?xml version="1.0" encoding="UTF-8"?>
<kml xmlns="http://www.opengis.net/kml/2.2">
  <Document>
    <name>Gulf Coast Builder Subdivisions</name>
    <open>1</open>
    <Style id="builder-lennar">
      <IconStyle>
        <scale>1.10</scale>
        <Icon><href>https://maps.google.com/mapfiles/kml/paddle/blue-circle.png</href></Icon>
      </IconStyle>
      <LabelStyle><scale>0.0</scale></LabelStyle>
    </Style>
    <Style id="builder-drhorton">
      <IconStyle>
        <scale>1.10</scale>
        <Icon><href>https://maps.google.com/mapfiles/kml/paddle/red-circle.png</href></Icon>
      </IconStyle>
      <LabelStyle><scale>0.0</scale></LabelStyle>
    </Style>
    <Style id="builder-adams">
      <IconStyle>
        <scale>1.10</scale>
        <Icon><href>https://maps.google.com/mapfiles/kml/paddle/grn-circle.png</href></Icon>
      </IconStyle>
      <LabelStyle><scale>0.0</scale></LabelStyle>
    </Style>
    <Style id="builder-dsld">
      <IconStyle>
        <scale>1.10</scale>
        <Icon><href>https://maps.google.com/mapfiles/kml/paddle/purple-circle.png</href></Icon>
      </IconStyle>
      <LabelStyle><scale>0.0</scale></LabelStyle>
    </Style>
    <Style id="builder-holiday">
      <IconStyle>
        <scale>1.10</scale>
        <Icon><href>https://maps.google.com/mapfiles/kml/paddle/wht-circle.png</href></Icon>
      </IconStyle>
      <LabelStyle><scale>0.0</scale></LabelStyle>
    </Style>
    <Style id="builder-meritage">
      <IconStyle>
        <scale>1.10</scale>
        <Icon><href>https://maps.google.com/mapfiles/kml/paddle/ylw-circle.png</href></Icon>
      </IconStyle>
      <LabelStyle><scale>0.0</scale></LabelStyle>
    </Style>
    <Style id="builder-maronda">
      <IconStyle>
        <scale>1.10</scale>
        <Icon><href>https://maps.google.com/mapfiles/kml/paddle/orange-circle.png</href></Icon>
      </IconStyle>
      <LabelStyle><scale>0.0</scale></LabelStyle>
    </Style>
    <Style id="builder-century">
      <IconStyle>
        <scale>1.10</scale>
        <Icon><href>https://maps.google.com/mapfiles/kml/paddle/pink-circle.png</href></Icon>
      </IconStyle>
      <LabelStyle><scale>0.0</scale></LabelStyle>
    </Style>
    <Style id="builder-valor">
      <IconStyle>
        <scale>1.10</scale>
        <Icon><href>https://maps.google.com/mapfiles/kml/paddle/ltblu-circle.png</href></Icon>
      </IconStyle>
      <LabelStyle><scale>0.0</scale></LabelStyle>
    </Style>
    <Style id="builder-other">
      <IconStyle>
        <scale>1.10</scale>
        <Icon><href>https://maps.google.com/mapfiles/kml/paddle/orange-circle.png</href></Icon>
      </IconStyle>
      <LabelStyle><scale>0.0</scale></LabelStyle>
    </Style>
    <Folder>
      <name>Builder Subdivisions</name>
    <Placemark>
      <name>Cherry Hill</name>
      <description><![CDATA[<div><div><b>Builder:</b> Brett-Robinson | MSB Homes</div><div><b>Style Class:</b> builder-other</div><div><b>Color:</b> #f97316</div><div><b>Status:</b> Active</div><div><b>Product:</b> Single-Family Detached</div><div><b>Price:</b> </div><div><b>Square Foot:</b> </div><div><b>Elementary:</b> Saraland Elementary School</div><div><b>Middle:</b> Saraland Middle/Nelson Adams</div><div><b>High:</b> Saraland High School</div><div><b>Submarket:</b> Central Mobile</div><div><b>Hub:</b> Alabama Hub</div><div><b>City:</b> Saraland</div><div><b>Source:</b> Zonda export provided by user</div></div>]]></description>
      <styleUrl>#builder-other</styleUrl>
      <Point><coordinates>-88.127991,30.830633,0</coordinates></Point>
    </Placemark>
    <Placemark>
      <name>Belfair</name>
      <description><![CDATA[<div><div><b>Builder:</b> DSLD Homes</div><div><b>Style Class:</b> builder-dsld</div><div><b>Color:</b> #7c3aed</div><div><b>Status:</b> Active</div><div><b>Product:</b> Single-Family Detached</div><div><b>Price:</b> </div><div><b>Square Foot:</b> </div><div><b>Elementary:</b> Belforest Elementary School</div><div><b>Middle:</b> Daphne Middle School</div><div><b>High:</b> Daphne High School</div><div><b>Submarket:</b> West Baldwin</div><div><b>Hub:</b> Alabama Hub</div><div><b>City:</b> Daphne</div><div><b>Source:</b> Zonda export provided by user</div></div>]]></description>
      <styleUrl>#builder-dsld</styleUrl>
      <Point><coordinates>-87.843073,30.61784,0</coordinates></Point>
    </Placemark>
    <Placemark>
      <name>Heritage Landing</name>
      <description><![CDATA[<div><div><b>Builder:</b> Adams Homes</div><div><b>Style Class:</b> builder-adams</div><div><b>Color:</b> #16a34a</div><div><b>Status:</b> Active</div><div><b>Product:</b> Single-Family Detached</div><div><b>Price:</b> 280890.0 - 333566.0</div><div><b>Square Foot:</b> 1348 - 2200</div><div><b>Elementary:</b> Florence B Mathis Elementary</div><div><b>Middle:</b> Foley Middle School</div><div><b>High:</b> Foley High School</div><div><b>Submarket:</b> South Baldwin</div><div><b>Hub:</b> Alabama Hub</div><div><b>City:</b> Foley</div><div><b>Source:</b> Zonda export provided by user</div></div>]]></description>
      <styleUrl>#builder-adams</styleUrl>
      <Point><coordinates>-87.674555,30.389554,0</coordinates></Point>
    </Placemark>
    <Placemark>
      <name>Airways Oaks</name>
      <description><![CDATA[<div><div><b>Builder:</b> Holiday Builders</div><div><b>Style Class:</b> builder-holiday</div><div><b>Color:</b> #111827</div><div><b>Status:</b> Active</div><div><b>Product:</b> Single-Family Detached</div><div><b>Price:</b> 326990.0 - 377990.0</div><div><b>Square Foot:</b> 1824 - 2614</div><div><b>Elementary:</b> East Milton Elementary School</div><div><b>Middle:</b> Martin Luther King Middle School</div><div><b>High:</b> Milton High School</div><div><b>Submarket:</b> Milton</div><div><b>Hub:</b> Pensacola Hub</div><div><b>City:</b> Milton</div><div><b>Source:</b> Zonda export provided by user</div></div>]]></description>
      <styleUrl>#builder-holiday</styleUrl>
      <Point><coordinates>-86.99612,30.642221,0</coordinates></Point>
    </Placemark>
    <Placemark>
      <name>Hodges Bayou Plantation </name>
      <description><![CDATA[<div><div><b>Builder:</b> Cassell Builders | Coastal Classic Homes | D.R. Horton | Watertight Construction</div><div><b>Style Class:</b> builder-other</div><div><b>Color:</b> #f97316</div><div><b>Status:</b> Active</div><div><b>Product:</b> Single-Family Detached</div><div><b>Price:</b> 289900.0 - 389900.0</div><div><b>Square Foot:</b> 1478 - 2275</div><div><b>Elementary:</b> Deane Bozeman School; Southport Elementary School</div><div><b>Middle:</b> Deane Bozeman School</div><div><b>High:</b> Deane Bozeman School</div><div><b>Submarket:</b> Bay County Submarket 2</div><div><b>Hub:</b> Growth Markets</div><div><b>City:</b> Panama City</div><div><b>Source:</b> Zonda export provided by user</div></div>]]></description>
      <styleUrl>#builder-other</styleUrl>
      <Point><coordinates>-85.615927,30.284945,0</coordinates></Point>
    </Placemark>
    <Placemark>
      <name>Watersound/Rivercamps at Crooked Creek</name>
      <description><![CDATA[<div><div><b>Builder:</b> BCB Construction | Chuck Neel Construction | Focus Construction | JC Homes and Development | Koehnemann Construction Co | Martelle Homes</div><div><b>Style Class:</b> builder-other</div><div><b>Color:</b> #f97316</div><div><b>Status:</b> Active</div><div><b>Product:</b> Single-Family Detached</div><div><b>Price:</b> </div><div><b>Square Foot:</b> </div><div><b>Elementary:</b> Surfside Middle School; West Bay Elementary School</div><div><b>Middle:</b> Surfside Middle School</div><div><b>High:</b> Surfside Middle School; J.R. Arnold High School</div><div><b>Submarket:</b> Bay County Submarket 1</div><div><b>Hub:</b> Growth Markets</div><div><b>City:</b> Panama City Beach</div><div><b>Source:</b> Zonda export provided by user</div></div>]]></description>
      <styleUrl>#builder-other</styleUrl>
      <Point><coordinates>-85.826459,30.289247,0</coordinates></Point>
    </Placemark>
    <Placemark>
      <name>Alys Beach/BK M</name>
      <description><![CDATA[<div><div><b>Builder:</b> Earthbuild</div><div><b>Style Class:</b> builder-other</div><div><b>Color:</b> #f97316</div><div><b>Status:</b> Active</div><div><b>Product:</b> Single-Family Detached</div><div><b>Price:</b> </div><div><b>Square Foot:</b> </div><div><b>Elementary:</b> Bay Elementary School</div><div><b>Middle:</b> Emerald Coast Middle School</div><div><b>High:</b> South Walton High School</div><div><b>Submarket:</b> Walton and Bay Beaches</div><div><b>Hub:</b> Growth Markets</div><div><b>City:</b> Inlet Beach</div><div><b>Source:</b> Zonda export provided by user</div></div>]]></description>
      <styleUrl>#builder-other</styleUrl>
      <Point><coordinates>-86.029722,30.289666,0</coordinates></Point>
    </Placemark>
    <Placemark>
      <name>Watersound/Arborview Park</name>
      <description><![CDATA[<div><div><b>Builder:</b> Huff Homes</div><div><b>Style Class:</b> builder-other</div><div><b>Color:</b> #f97316</div><div><b>Status:</b> Active</div><div><b>Product:</b> Single-Family Detached</div><div><b>Price:</b> </div><div><b>Square Foot:</b> </div><div><b>Elementary:</b> Bay Elementary School</div><div><b>Middle:</b> Emerald Coast Middle School</div><div><b>High:</b> South Walton High School</div><div><b>Submarket:</b> Walton and Bay Beaches</div><div><b>Hub:</b> Growth Markets</div><div><b>City:</b> Inlet Beach</div><div><b>Source:</b> Zonda export provided by user</div></div>]]></description>
      <styleUrl>#builder-other</styleUrl>
      <Point><coordinates>-86.027962,30.312269,0</coordinates></Point>
    </Placemark>
    <Placemark>
      <name>Bear Creek/SF</name>
      <description><![CDATA[<div><div><b>Builder:</b> 360 DA Investment Corp | 4A Ventures | Brown Venture Investments | Coastal Custom Homebuilding | Emerald Coast Homes | Horizon Design Build Corp | Legendary Innovation | Valor Communities</div><div><b>Style Class:</b> builder-other</div><div><b>Color:</b> #f97316</div><div><b>Status:</b> Active</div><div><b>Product:</b> Single-Family Detached</div><div><b>Price:</b> 539850.0 - 574850.0</div><div><b>Square Foot:</b> 2658 - 2914</div><div><b>Elementary:</b> Freeport Middle School; Freeport Elementary School</div><div><b>Middle:</b> Freeport Middle School</div><div><b>High:</b> Freeport Senior High School</div><div><b>Submarket:</b> Freeport</div><div><b>Hub:</b> Panama City Hub</div><div><b>City:</b> Freeport</div><div><b>Source:</b> Zonda export provided by user</div></div>]]></description>
      <styleUrl>#builder-other</styleUrl>
      <Point><coordinates>-86.121977,30.439257,0</coordinates></Point>
    </Placemark>
    <Placemark>
      <name>Magnolia Ridge</name>
      <description><![CDATA[<div><div><b>Builder:</b> Lennar Homes</div><div><b>Style Class:</b> builder-lennar</div><div><b>Color:</b> #2563eb</div><div><b>Status:</b> Active</div><div><b>Product:</b> Single-Family Detached</div><div><b>Price:</b> 249990.0 - 309990.0</div><div><b>Square Foot:</b> 1290 - 1891</div><div><b>Elementary:</b> Cedar Grove Elementary School</div><div><b>Middle:</b> Merritt Brown Middle School</div><div><b>High:</b> Bay High School</div><div><b>Submarket:</b> Panama City</div><div><b>Hub:</b> Panama City Hub</div><div><b>City:</b> Panama City</div><div><b>Source:</b> Zonda export provided by user</div></div>]]></description>
      <styleUrl>#builder-lennar</styleUrl>
      <Point><coordinates>-85.595176,30.208074,0</coordinates></Point>
    </Placemark>
    <Placemark>
      <name>Watersound/Naturewalk</name>
      <description><![CDATA[<div><div><b>Builder:</b> Kolter Homes</div><div><b>Style Class:</b> builder-other</div><div><b>Color:</b> #f97316</div><div><b>Status:</b> Active</div><div><b>Product:</b> Single-Family Detached</div><div><b>Price:</b> 547990.0 - 955990.0</div><div><b>Square Foot:</b> 1523 - 3124</div><div><b>Elementary:</b> Bay Elementary School</div><div><b>Middle:</b> Emerald Coast Middle School</div><div><b>High:</b> South Walton High School</div><div><b>Submarket:</b> Walton and Bay Beaches</div><div><b>Hub:</b> Growth Markets</div><div><b>City:</b> Inlet Beach</div><div><b>Source:</b> Zonda export provided by user</div></div>]]></description>
      <styleUrl>#builder-other</styleUrl>
      <Point><coordinates>-86.003861,30.304443,0</coordinates></Point>
    </Placemark>
    <Placemark>
      <name>Village at Craft Farms</name>
      <description><![CDATA[<div><div><b>Builder:</b> D.R. Horton</div><div><b>Style Class:</b> builder-drhorton</div><div><b>Color:</b> #dc2626</div><div><b>Status:</b> Built Out</div><div><b>Product:</b> Single-Family Detached</div><div><b>Price:</b> </div><div><b>Square Foot:</b> </div><div><b>Elementary:</b> Gulf Shores Elementary School</div><div><b>Middle:</b> Gulf Shores Middle School</div><div><b>High:</b> Gulf Shores High School</div><div><b>Submarket:</b> South Baldwin</div><div><b>Hub:</b> Alabama Hub</div><div><b>City:</b> Gulf Shores</div><div><b>Source:</b> Zonda export provided by user</div></div>]]></description>
      <styleUrl>#builder-drhorton</styleUrl>
      <Point><coordinates>-87.66543,30.323811,0</coordinates></Point>
    </Placemark>
    <Placemark>
      <name>Valhallas Landing</name>
      <description><![CDATA[<div><div><b>Builder:</b> Herbst Homes</div><div><b>Style Class:</b> builder-other</div><div><b>Color:</b> #f97316</div><div><b>Status:</b> Built Out</div><div><b>Product:</b> Single-Family Detached</div><div><b>Price:</b> 379900.0</div><div><b>Square Foot:</b> 1880</div><div><b>Elementary:</b> East Milton Elementary School</div><div><b>Middle:</b> Martin Luther King Middle School</div><div><b>High:</b> Milton High School</div><div><b>Submarket:</b> Milton</div><div><b>Hub:</b> Pensacola Hub</div><div><b>City:</b> Milton</div><div><b>Source:</b> Zonda export provided by user</div></div>]]></description>
      <styleUrl>#builder-other</styleUrl>
      <Point><coordinates>-86.959461,30.588352,0</coordinates></Point>
    </Placemark>
    <Placemark>
      <name>Watersound/Ward Creek/Breakwater</name>
      <description><![CDATA[<div><div><b>Builder:</b> Toll Brothers</div><div><b>Style Class:</b> builder-other</div><div><b>Color:</b> #f97316</div><div><b>Status:</b> Active</div><div><b>Product:</b> Single-Family Detached</div><div><b>Price:</b> 434995.0 - 749995.0</div><div><b>Square Foot:</b> 1665 - 3242</div><div><b>Elementary:</b> Surfside Middle School; West Bay Elementary School</div><div><b>Middle:</b> Surfside Middle School</div><div><b>High:</b> Surfside Middle School; J.R. Arnold High School</div><div><b>Submarket:</b> Walton and Bay Beaches</div><div><b>Hub:</b> Growth Markets</div><div><b>City:</b> Panama City Beach</div><div><b>Source:</b> Zonda export provided by user</div></div>]]></description>
      <styleUrl>#builder-other</styleUrl>
      <Point><coordinates>-85.873816,30.263787,0</coordinates></Point>
    </Placemark>
    <Placemark>
      <name>Coxwell Crossing</name>
      <description><![CDATA[<div><div><b>Builder:</b> D.R. Horton</div><div><b>Style Class:</b> builder-drhorton</div><div><b>Color:</b> #dc2626</div><div><b>Status:</b> Active</div><div><b>Product:</b> Single-Family Detached</div><div><b>Price:</b> 378900.0 - 429900.0</div><div><b>Square Foot:</b> 2495 - 3113</div><div><b>Elementary:</b> Hutchens Elementary School; Dawes Intermediate School</div><div><b>Middle:</b> Bernice J Causey Middle School</div><div><b>High:</b> Baker High School</div><div><b>Submarket:</b> Central Mobile</div><div><b>Hub:</b> Alabama Hub</div><div><b>City:</b> Mobile</div><div><b>Source:</b> Zonda export provided by user</div></div>]]></description>
      <styleUrl>#builder-drhorton</styleUrl>
      <Point><coordinates>-88.29297,30.601475,0</coordinates></Point>
    </Placemark>
    <Placemark>
      <name>Heritage Estates</name>
      <description><![CDATA[<div><div><b>Builder:</b> ?</div><div><b>Style Class:</b> builder-other</div><div><b>Color:</b> #f97316</div><div><b>Status:</b> Active</div><div><b>Product:</b> Single-Family Detached</div><div><b>Price:</b> </div><div><b>Square Foot:</b> </div><div><b>Elementary:</b> </div><div><b>Middle:</b> </div><div><b>High:</b> </div><div><b>Submarket:</b> Gulf County</div><div><b>Hub:</b> Growth Markets</div><div><b>City:</b> Wewahitchka</div><div><b>Source:</b> Zonda export provided by user</div></div>]]></description>
      <styleUrl>#builder-other</styleUrl>
      <Point><coordinates>-85.19451,30.113631,0</coordinates></Point>
    </Placemark>
    <Placemark>
      <name>Bay Springs Majors/SF</name>
      <description><![CDATA[<div><div><b>Builder:</b> Lennar Homes</div><div><b>Style Class:</b> builder-lennar</div><div><b>Color:</b> #2563eb</div><div><b>Status:</b> Active</div><div><b>Product:</b> Single-Family Detached</div><div><b>Price:</b> 239990.0 - 289990.0</div><div><b>Square Foot:</b> 1290 - 1891</div><div><b>Elementary:</b> West Defuniak Elementary School; Maude Saunders Elementary School</div><div><b>Middle:</b> Walton Middle School</div><div><b>High:</b> Walton High School</div><div><b>Submarket:</b> Defuniak Springs</div><div><b>Hub:</b> Panama City Hub</div><div><b>City:</b> Defuniak Springs</div><div><b>Source:</b> Zonda export provided by user</div></div>]]></description>
      <styleUrl>#builder-lennar</styleUrl>
      <Point><coordinates>-86.13038,30.691259,0</coordinates></Point>
    </Placemark>
    <Placemark>
      <name>Sarah Farms</name>
      <description><![CDATA[<div><div><b>Builder:</b> Lennar Homes</div><div><b>Style Class:</b> builder-lennar</div><div><b>Color:</b> #2563eb</div><div><b>Status:</b> Active</div><div><b>Product:</b> Single-Family Detached</div><div><b>Price:</b> 249990.0 - 304990.0</div><div><b>Square Foot:</b> 1290 - 1891</div><div><b>Elementary:</b> Magnolia School</div><div><b>Middle:</b> Foley Middle School</div><div><b>High:</b> Foley High School</div><div><b>Submarket:</b> South Baldwin</div><div><b>Hub:</b> Alabama Hub</div><div><b>City:</b> Foley</div><div><b>Source:</b> Zonda export provided by user</div></div>]]></description>
      <styleUrl>#builder-lennar</styleUrl>
      <Point><coordinates>-87.761753,30.356101,0</coordinates></Point>
    </Placemark>
    <Placemark>
      <name>Heritage Oaks</name>
      <description><![CDATA[<div><div><b>Builder:</b> Benchmark Homes Group | Castle Homes | Dobbins Builders | Prominence Homes &amp; Communities</div><div><b>Style Class:</b> builder-other</div><div><b>Color:</b> #f97316</div><div><b>Status:</b> Active</div><div><b>Product:</b> Single-Family Detached</div><div><b>Price:</b> 234950.0</div><div><b>Square Foot:</b> 1208</div><div><b>Elementary:</b> Pine Grove Elementary School</div><div><b>Middle:</b> Bay Minette Middle School</div><div><b>High:</b> Baldwin Co High School</div><div><b>Submarket:</b> North Baldwin</div><div><b>Hub:</b> Alabama Hub</div><div><b>City:</b> Bay Minette</div><div><b>Source:</b> Zonda export provided by user</div></div>]]></description>
      <styleUrl>#builder-other</styleUrl>
      <Point><coordinates>-87.761512,30.877803,0</coordinates></Point>
    </Placemark>
    <Placemark>
      <name>Harvest Green East</name>
      <description><![CDATA[<div><div><b>Builder:</b> D.R. Horton</div><div><b>Style Class:</b> builder-drhorton</div><div><b>Color:</b> #dc2626</div><div><b>Status:</b> Active</div><div><b>Product:</b> Single-Family Detached</div><div><b>Price:</b> 360650.0 - 490650.0</div><div><b>Square Foot:</b> 1835 - 2874</div><div><b>Elementary:</b> Fairhope East Elementary; Fairhope High School</div><div><b>Middle:</b> Fairhope Middle School</div><div><b>High:</b> Fairhope High School</div><div><b>Submarket:</b> West Baldwin</div><div><b>Hub:</b> Alabama Hub</div><div><b>City:</b> Fairhope</div><div><b>Source:</b> Zonda export provided by user</div></div>]]></description>
      <styleUrl>#builder-drhorton</styleUrl>
      <Point><coordinates>-87.851796,30.559361,0</coordinates></Point>
    </Placemark>
    <Placemark>
      <name>Hammock Oaks Estates</name>
      <description><![CDATA[<div><div><b>Builder:</b> D.R. Horton</div><div><b>Style Class:</b> builder-drhorton</div><div><b>Color:</b> #dc2626</div><div><b>Status:</b> Active</div><div><b>Product:</b> Single-Family Detached</div><div><b>Price:</b> </div><div><b>Square Foot:</b> </div><div><b>Elementary:</b> Freeport Middle School; Freeport Elementary School</div><div><b>Middle:</b> Freeport Middle School</div><div><b>High:</b> Freeport Senior High School</div><div><b>Submarket:</b> Freeport</div><div><b>Hub:</b> Panama City Hub</div><div><b>City:</b> Freeport</div><div><b>Source:</b> Zonda export provided by user</div></div>]]></description>
      <styleUrl>#builder-drhorton</styleUrl>
      <Point><coordinates>-86.184147,30.501455,0</coordinates></Point>
    </Placemark>
    <Placemark>
      <name>Pecan Grove</name>
      <description><![CDATA[<div><div><b>Builder:</b> Lennar Homes</div><div><b>Style Class:</b> builder-lennar</div><div><b>Color:</b> #2563eb</div><div><b>Status:</b> Active</div><div><b>Product:</b> Single-Family Detached</div><div><b>Price:</b> 264990.0 - 304990.0</div><div><b>Square Foot:</b> 1474 - 1891</div><div><b>Elementary:</b> Silverhill School</div><div><b>Middle:</b> Central Baldwin Middle School</div><div><b>High:</b> Robertsdale High School</div><div><b>Submarket:</b> Central Baldwin</div><div><b>Hub:</b> Alabama Hub</div><div><b>City:</b> Silverhill</div><div><b>Source:</b> Zonda export provided by user</div></div>]]></description>
      <styleUrl>#builder-lennar</styleUrl>
      <Point><coordinates>-87.767577,30.547804,0</coordinates></Point>
    </Placemark>
    <Placemark>
      <name>Paxton Farms</name>
      <description><![CDATA[<div><div><b>Builder:</b> Adams Homes | D.R. Horton</div><div><b>Style Class:</b> builder-adams</div><div><b>Color:</b> #16a34a</div><div><b>Status:</b> Active</div><div><b>Product:</b> Single-Family Detached</div><div><b>Price:</b> 290990.0 - 301650.0</div><div><b>Square Foot:</b> 1272 - 1510</div><div><b>Elementary:</b> Magnolia School</div><div><b>Middle:</b> Foley Middle School</div><div><b>High:</b> Foley High School</div><div><b>Submarket:</b> South Baldwin</div><div><b>Hub:</b> Alabama Hub</div><div><b>City:</b> Foley</div><div><b>Source:</b> Zonda export provided by user</div></div>]]></description>
      <styleUrl>#builder-adams</styleUrl>
      <Point><coordinates>-87.717244,30.353204,0</coordinates></Point>
    </Placemark>
    <Placemark>
      <name>Highlands</name>
      <description><![CDATA[<div><div><b>Builder:</b> D.R. Horton</div><div><b>Style Class:</b> builder-drhorton</div><div><b>Color:</b> #dc2626</div><div><b>Status:</b> Active</div><div><b>Product:</b> Single-Family Detached</div><div><b>Price:</b> 379900.0 - 406990.0</div><div><b>Square Foot:</b> 1856 - 2995</div><div><b>Elementary:</b> Bob Sikes Elementary School</div><div><b>Middle:</b> Davidson Middle School</div><div><b>High:</b> Crestview High School</div><div><b>Submarket:</b> Okaloosa County</div><div><b>Hub:</b> Growth Markets</div><div><b>City:</b> Crestview</div><div><b>Source:</b> Zonda export provided by user</div></div>]]></description>
      <styleUrl>#builder-drhorton</styleUrl>
      <Point><coordinates>-86.591481,30.827765,0</coordinates></Point>
    </Placemark>
    <Placemark>
      <name>Crofton Farms/Pines</name>
      <description><![CDATA[<div><div><b>Builder:</b> Crofton Homes | Crosswood Homes</div><div><b>Style Class:</b> builder-other</div><div><b>Color:</b> #f97316</div><div><b>Status:</b> Active</div><div><b>Product:</b> Single-Family Detached</div><div><b>Price:</b> </div><div><b>Square Foot:</b> </div><div><b>Elementary:</b> Chumuckla Elementary School; Central School</div><div><b>Middle:</b> Central School</div><div><b>High:</b> Central School</div><div><b>Submarket:</b> Santa Rosa County</div><div><b>Hub:</b> Growth Markets</div><div><b>City:</b> Jay</div><div><b>Source:</b> Zonda export provided by user</div></div>]]></description>
      <styleUrl>#builder-other</styleUrl>
      <Point><coordinates>-87.132458,30.814967,0</coordinates></Point>
    </Placemark>
    <Placemark>
      <name>Longleaf Gates</name>
      <description><![CDATA[<div><div><b>Builder:</b> D.R. Horton</div><div><b>Style Class:</b> builder-drhorton</div><div><b>Color:</b> #dc2626</div><div><b>Status:</b> Built Out</div><div><b>Product:</b> Single-Family Detached</div><div><b>Price:</b> 164900.0 - 291900.0</div><div><b>Square Foot:</b> 1461 - 3431</div><div><b>Elementary:</b> Olive J Dodge Elementary School</div><div><b>Middle:</b> Burns Middle School</div><div><b>High:</b> Murphy High School</div><div><b>Submarket:</b> Central Mobile</div><div><b>Hub:</b> Alabama Hub</div><div><b>City:</b> Mobile</div><div><b>Source:</b> Zonda export provided by user</div></div>]]></description>
      <styleUrl>#builder-drhorton</styleUrl>
      <Point><coordinates>-88.180037,30.621684,0</coordinates></Point>
    </Placemark>
    <Placemark>
      <name>Pine Hill</name>
      <description><![CDATA[<div><div><b>Builder:</b> Century Communities</div><div><b>Style Class:</b> builder-century</div><div><b>Color:</b> #7f1d1d</div><div><b>Status:</b> Active</div><div><b>Product:</b> Single-Family Detached</div><div><b>Price:</b> </div><div><b>Square Foot:</b> </div><div><b>Elementary:</b> Tommy Smith Elementary School</div><div><b>Middle:</b> Merritt Brown Middle School; Rutherford High School</div><div><b>High:</b> Rutherford High School</div><div><b>Submarket:</b> Bay County Submarket 2</div><div><b>Hub:</b> Growth Markets</div><div><b>City:</b> Panama City</div><div><b>Source:</b> Zonda export provided by user</div></div>]]></description>
      <styleUrl>#builder-century</styleUrl>
      <Point><coordinates>-85.519391,30.248142,0</coordinates></Point>
    </Placemark>
    <Placemark>
      <name>Plantation Woods</name>
      <description><![CDATA[<div><div><b>Builder:</b> D.R. Horton</div><div><b>Style Class:</b> builder-drhorton</div><div><b>Color:</b> #dc2626</div><div><b>Status:</b> Active</div><div><b>Product:</b> Single-Family Detached</div><div><b>Price:</b> 326900.0 - 472900.0</div><div><b>Square Foot:</b> 1856 - 3129</div><div><b>Elementary:</b> East Milton Elementary School</div><div><b>Middle:</b> Martin Luther King Middle School</div><div><b>High:</b> Milton High School</div><div><b>Submarket:</b> Milton</div><div><b>Hub:</b> Pensacola Hub</div><div><b>City:</b> Milton</div><div><b>Source:</b> Zonda export provided by user</div></div>]]></description>
      <styleUrl>#builder-drhorton</styleUrl>
      <Point><coordinates>-86.962997,30.632433,0</coordinates></Point>
    </Placemark>
    <Placemark>
      <name>Hammock Bay/Moonswept </name>
      <description><![CDATA[<div><div><b>Builder:</b> DSLD Homes</div><div><b>Style Class:</b> builder-dsld</div><div><b>Color:</b> #7c3aed</div><div><b>Status:</b> Built Out</div><div><b>Product:</b> Single-Family Detached</div><div><b>Price:</b> </div><div><b>Square Foot:</b> </div><div><b>Elementary:</b> Freeport Middle School; Freeport Elementary School</div><div><b>Middle:</b> Freeport Middle School</div><div><b>High:</b> Freeport Senior High School</div><div><b>Submarket:</b> Freeport</div><div><b>Hub:</b> Panama City Hub</div><div><b>City:</b> Freeport</div><div><b>Source:</b> Zonda export provided by user</div></div>]]></description>
      <styleUrl>#builder-dsld</styleUrl>
      <Point><coordinates>-86.179822,30.459818,0</coordinates></Point>
    </Placemark>
    <Placemark>
      <name>Alys Beach/BK LL </name>
      <description><![CDATA[<div><div><b>Builder:</b> Alys Beach Construction</div><div><b>Style Class:</b> builder-other</div><div><b>Color:</b> #f97316</div><div><b>Status:</b> Active</div><div><b>Product:</b> Single-Family Detached</div><div><b>Price:</b> </div><div><b>Square Foot:</b> </div><div><b>Elementary:</b> Bay Elementary School</div><div><b>Middle:</b> Emerald Coast Middle School</div><div><b>High:</b> South Walton High School</div><div><b>Submarket:</b> Walton and Bay Beaches</div><div><b>Hub:</b> Growth Markets</div><div><b>City:</b> Inlet Beach</div><div><b>Source:</b> Zonda export provided by user</div></div>]]></description>
      <styleUrl>#builder-other</styleUrl>
      <Point><coordinates>-86.029264,30.283785,0</coordinates></Point>
    </Placemark>
    <Placemark>
      <name>Alys Beach/BK EE</name>
      <description><![CDATA[<div><div><b>Builder:</b> Alys Beach Construction | Arkon Group | Gulfview Development &amp; Construction | Hufham/Farris Construction</div><div><b>Style Class:</b> builder-other</div><div><b>Color:</b> #f97316</div><div><b>Status:</b> Active</div><div><b>Product:</b> Single-Family Detached</div><div><b>Price:</b> </div><div><b>Square Foot:</b> </div><div><b>Elementary:</b> Bay Elementary School</div><div><b>Middle:</b> Emerald Coast Middle School</div><div><b>High:</b> South Walton High School</div><div><b>Submarket:</b> Walton and Bay Beaches</div><div><b>Hub:</b> Growth Markets</div><div><b>City:</b> Inlet Beach</div><div><b>Source:</b> Zonda export provided by user</div></div>]]></description>
      <styleUrl>#builder-other</styleUrl>
      <Point><coordinates>-86.03195,30.28724,0</coordinates></Point>
    </Placemark>
    <Placemark>
      <name>Bear Run</name>
      <description><![CDATA[<div><div><b>Builder:</b> D.R. Horton</div><div><b>Style Class:</b> builder-drhorton</div><div><b>Color:</b> #dc2626</div><div><b>Status:</b> Active</div><div><b>Product:</b> Single-Family Detached</div><div><b>Price:</b> 329900.0 - 474900.0</div><div><b>Square Foot:</b> 1706 - 3076</div><div><b>Elementary:</b> Saraland Elementary School</div><div><b>Middle:</b> Saraland Middle/Nelson Adams</div><div><b>High:</b> Saraland High School</div><div><b>Submarket:</b> Central Mobile</div><div><b>Hub:</b> Alabama Hub</div><div><b>City:</b> Saraland</div><div><b>Source:</b> Zonda export provided by user</div></div>]]></description>
      <styleUrl>#builder-drhorton</styleUrl>
      <Point><coordinates>-88.119349,30.864247,0</coordinates></Point>
    </Placemark>
    <Placemark>
      <name>Jackson Creek Oaks</name>
      <description><![CDATA[<div><div><b>Builder:</b> Cretin Townsend Homes</div><div><b>Style Class:</b> builder-other</div><div><b>Color:</b> #f97316</div><div><b>Status:</b> Active</div><div><b>Product:</b> Single-Family Detached</div><div><b>Price:</b> </div><div><b>Square Foot:</b> </div><div><b>Elementary:</b> Pearl Haskew Elementary School</div><div><b>Middle:</b> Grand Bay Middle School</div><div><b>High:</b> Alma Bryant High School</div><div><b>Submarket:</b> Central Mobile</div><div><b>Hub:</b> Alabama Hub</div><div><b>City:</b> Theodore</div><div><b>Source:</b> Zonda export provided by user</div></div>]]></description>
      <styleUrl>#builder-other</styleUrl>
      <Point><coordinates>-88.301217,30.545543,0</coordinates></Point>
    </Placemark>
    <Placemark>
      <name>Pine Top</name>
      <description><![CDATA[<div><div><b>Builder:</b> Adams Homes</div><div><b>Style Class:</b> builder-adams</div><div><b>Color:</b> #16a34a</div><div><b>Status:</b> Active</div><div><b>Product:</b> Single-Family Detached</div><div><b>Price:</b> 296000.0 - 340000.0</div><div><b>Square Foot:</b> 1425 - 2025</div><div><b>Elementary:</b> Jim Allen Elementary School</div><div><b>Middle:</b> Ransom Middle School</div><div><b>High:</b> J. M. Tate Senior High School</div><div><b>Submarket:</b> Cantonment</div><div><b>Hub:</b> Pensacola Hub</div><div><b>City:</b> Cantonment</div><div><b>Source:</b> Zonda export provided by user</div></div>]]></description>
      <styleUrl>#builder-adams</styleUrl>
      <Point><coordinates>-87.338027,30.621976,0</coordinates></Point>
    </Placemark>
    <Placemark>
      <name>Grand Lagoon Pointe</name>
      <description><![CDATA[<div><div><b>Builder:</b> Southern Coastal Homes</div><div><b>Style Class:</b> builder-other</div><div><b>Color:</b> #f97316</div><div><b>Status:</b> Active</div><div><b>Product:</b> Single-Family Detached</div><div><b>Price:</b> </div><div><b>Square Foot:</b> </div><div><b>Elementary:</b> Patronis Elementary School; Surfside Middle School</div><div><b>Middle:</b> Surfside Middle School</div><div><b>High:</b> Surfside Middle School; J.R. Arnold High School</div><div><b>Submarket:</b> Walton and Bay Beaches</div><div><b>Hub:</b> Growth Markets</div><div><b>City:</b> Panama City</div><div><b>Source:</b> Zonda export provided by user</div></div>]]></description>
      <styleUrl>#builder-other</styleUrl>
      <Point><coordinates>-85.778101,30.163093,0</coordinates></Point>
    </Placemark>
    <Placemark>
      <name>Sunny Hills/Unit 16</name>
      <description><![CDATA[<div><div><b>Builder:</b> ?</div><div><b>Style Class:</b> builder-other</div><div><b>Color:</b> #f97316</div><div><b>Status:</b> Active</div><div><b>Product:</b> Single-Family Detached</div><div><b>Price:</b> </div><div><b>Square Foot:</b> </div><div><b>Elementary:</b> Vernon Elementary School; Kate M. Smith Elementary School</div><div><b>Middle:</b> Roulhac Middle School; Vernon Middle School</div><div><b>High:</b> Chipley High School; Vernon High School</div><div><b>Submarket:</b> Washington County</div><div><b>Hub:</b> Growth Markets</div><div><b>City:</b> Chipley</div><div><b>Source:</b> Zonda export provided by user</div></div>]]></description>
      <styleUrl>#builder-other</styleUrl>
      <Point><coordinates>-85.515393,30.549815,0</coordinates></Point>
    </Placemark>
    <Placemark>
      <name>Colony Parke Estates</name>
      <description><![CDATA[<div><div><b>Builder:</b> Adams Homes</div><div><b>Style Class:</b> builder-adams</div><div><b>Color:</b> #16a34a</div><div><b>Status:</b> Active</div><div><b>Product:</b> Single-Family Detached</div><div><b>Price:</b> 479400.0 - 513300.0</div><div><b>Square Foot:</b> 1930 - 2508</div><div><b>Elementary:</b> Gulf Shores Elementary School</div><div><b>Middle:</b> Gulf Shores Middle School</div><div><b>High:</b> Gulf Shores High School</div><div><b>Submarket:</b> South Baldwin</div><div><b>Hub:</b> Alabama Hub</div><div><b>City:</b> Gulf Shores</div><div><b>Source:</b> Zonda export provided by user</div></div>]]></description>
      <styleUrl>#builder-adams</styleUrl>
      <Point><coordinates>-87.750582,30.253725,0</coordinates></Point>
    </Placemark>
    <Placemark>
      <name>Ridgeway Landing</name>
      <description><![CDATA[<div><div><b>Builder:</b> Adams Homes</div><div><b>Style Class:</b> builder-adams</div><div><b>Color:</b> #16a34a</div><div><b>Status:</b> Active</div><div><b>Product:</b> Single-Family Detached</div><div><b>Price:</b> 293636.0 - 400002.0</div><div><b>Square Foot:</b> 1522 - 3105</div><div><b>Elementary:</b> Bob Sikes Elementary School</div><div><b>Middle:</b> Davidson Middle School</div><div><b>High:</b> Crestview High School</div><div><b>Submarket:</b> Crestview</div><div><b>Hub:</b> Pensacola Hub</div><div><b>City:</b> Crestview</div><div><b>Source:</b> Zonda export provided by user</div></div>]]></description>
      <styleUrl>#builder-adams</styleUrl>
      <Point><coordinates>-86.565812,30.794487,0</coordinates></Point>
    </Placemark>
    <Placemark>
      <name>Days Landing</name>
      <description><![CDATA[<div><div><b>Builder:</b> D.R. Horton</div><div><b>Style Class:</b> builder-drhorton</div><div><b>Color:</b> #dc2626</div><div><b>Status:</b> Built Out</div><div><b>Product:</b> Single-Family Detached</div><div><b>Price:</b> 290900.0 - 320900.0</div><div><b>Square Foot:</b> 1272 - 1787</div><div><b>Elementary:</b> Bob Sikes Elementary School</div><div><b>Middle:</b> Davidson Middle School</div><div><b>High:</b> Crestview High School</div><div><b>Submarket:</b> Crestview</div><div><b>Hub:</b> Pensacola Hub</div><div><b>City:</b> Crestview</div><div><b>Source:</b> Zonda export provided by user</div></div>]]></description>
      <styleUrl>#builder-drhorton</styleUrl>
      <Point><coordinates>-86.502186,30.815422,0</coordinates></Point>
    </Placemark>
    <Placemark>
      <name>Tealwood Estates</name>
      <description><![CDATA[<div><div><b>Builder:</b> D.R. Horton</div><div><b>Style Class:</b> builder-drhorton</div><div><b>Color:</b> #dc2626</div><div><b>Status:</b> Active</div><div><b>Product:</b> Single-Family Detached</div><div><b>Price:</b> 336650.0 - 397650.0</div><div><b>Square Foot:</b> 1510 - 2250</div><div><b>Elementary:</b> Magnolia School</div><div><b>Middle:</b> Foley Middle School</div><div><b>High:</b> Foley High School</div><div><b>Submarket:</b> South Baldwin</div><div><b>Hub:</b> Alabama Hub</div><div><b>City:</b> Summerdale</div><div><b>Source:</b> Zonda export provided by user</div></div>]]></description>
      <styleUrl>#builder-drhorton</styleUrl>
      <Point><coordinates>-87.789628,30.436369,0</coordinates></Point>
    </Placemark>
    <Placemark>
      <name>Watersound/Longleaf Park</name>
      <description><![CDATA[<div><div><b>Builder:</b> Huff Homes</div><div><b>Style Class:</b> builder-other</div><div><b>Color:</b> #f97316</div><div><b>Status:</b> Active</div><div><b>Product:</b> Single-Family Detached</div><div><b>Price:</b> </div><div><b>Square Foot:</b> </div><div><b>Elementary:</b> Bay Elementary School</div><div><b>Middle:</b> Emerald Coast Middle School</div><div><b>High:</b> South Walton High School</div><div><b>Submarket:</b> Walton and Bay Beaches</div><div><b>Hub:</b> Growth Markets</div><div><b>City:</b> Inlet Beach</div><div><b>Source:</b> Zonda export provided by user</div></div>]]></description>
      <styleUrl>#builder-other</styleUrl>
      <Point><coordinates>-86.020306,30.304998,0</coordinates></Point>
    </Placemark>
    <Placemark>
      <name>Iron Horse </name>
      <description><![CDATA[<div><div><b>Builder:</b> D.R. Horton</div><div><b>Style Class:</b> builder-drhorton</div><div><b>Color:</b> #dc2626</div><div><b>Status:</b> Active</div><div><b>Product:</b> Single-Family Detached</div><div><b>Price:</b> </div><div><b>Square Foot:</b> </div><div><b>Elementary:</b> Foley Elementary School</div><div><b>Middle:</b> Foley Middle School</div><div><b>High:</b> Foley High School</div><div><b>Submarket:</b> South Baldwin</div><div><b>Hub:</b> Alabama Hub</div><div><b>City:</b> Foley</div><div><b>Source:</b> Zonda export provided by user</div></div>]]></description>
      <styleUrl>#builder-drhorton</styleUrl>
      <Point><coordinates>-87.712169,30.436321,0</coordinates></Point>
    </Placemark>
    <Placemark>
      <name>Heritage Plantation </name>
      <description><![CDATA[<div><div><b>Builder:</b> Cadenhead &amp; Davis Construction | D.R. Horton | Halifax Homes | Phillips Homes</div><div><b>Style Class:</b> builder-other</div><div><b>Color:</b> #f97316</div><div><b>Status:</b> Active</div><div><b>Product:</b> Single-Family Detached</div><div><b>Price:</b> 270900.0 - 399900.0</div><div><b>Square Foot:</b> 1302 - 2560</div><div><b>Elementary:</b> Laurel Hill School</div><div><b>Middle:</b> Laurel Hill School</div><div><b>High:</b> Laurel Hill School</div><div><b>Submarket:</b> Laurel Hill</div><div><b>Hub:</b> Pensacola Hub</div><div><b>City:</b> Laurel Hill</div><div><b>Source:</b> Zonda export provided by user</div></div>]]></description>
      <styleUrl>#builder-other</styleUrl>
      <Point><coordinates>-86.528066,30.868452,0</coordinates></Point>
    </Placemark>
    <Placemark>
      <name>Bluffs at Lafayette</name>
      <description><![CDATA[<div><div><b>Builder:</b> Adams Homes | D.R. Horton | DSLD Homes</div><div><b>Style Class:</b> builder-adams</div><div><b>Color:</b> #16a34a</div><div><b>Status:</b> Active</div><div><b>Product:</b> Single-Family Detached</div><div><b>Price:</b> 346990.0 - 492990.0</div><div><b>Square Foot:</b> 1634 - 2941</div><div><b>Elementary:</b> Freeport Middle School; Freeport Elementary School</div><div><b>Middle:</b> Freeport Middle School</div><div><b>High:</b> Freeport Senior High School</div><div><b>Submarket:</b> Freeport</div><div><b>Hub:</b> Panama City Hub</div><div><b>City:</b> Freeport</div><div><b>Source:</b> Zonda export provided by user</div></div>]]></description>
      <styleUrl>#builder-adams</styleUrl>
      <Point><coordinates>-86.102218,30.53381,0</coordinates></Point>
    </Placemark>
    <Placemark>
      <name>Buffer Farms</name>
      <description><![CDATA[<div><div><b>Builder:</b> D.R. Horton</div><div><b>Style Class:</b> builder-drhorton</div><div><b>Color:</b> #dc2626</div><div><b>Status:</b> Active</div><div><b>Product:</b> Single-Family Detached</div><div><b>Price:</b> 289900.0 - 399990.0</div><div><b>Square Foot:</b> 1580 - 2245</div><div><b>Elementary:</b> </div><div><b>Middle:</b> </div><div><b>High:</b> </div><div><b>Submarket:</b> Gulf County</div><div><b>Hub:</b> Growth Markets</div><div><b>City:</b> Port Saint Joe</div><div><b>Source:</b> Zonda export provided by user</div></div>]]></description>
      <styleUrl>#builder-drhorton</styleUrl>
      <Point><coordinates>-85.287855,29.753292,0</coordinates></Point>
    </Placemark>
    <Placemark>
      <name>Briar Rose</name>
      <description><![CDATA[<div><div><b>Builder:</b> Adams Homes</div><div><b>Style Class:</b> builder-adams</div><div><b>Color:</b> #16a34a</div><div><b>Status:</b> Active</div><div><b>Product:</b> Single-Family Detached</div><div><b>Price:</b> 344400.0 - 362900.0</div><div><b>Square Foot:</b> 1930 - 2320</div><div><b>Elementary:</b> Bay Minette Elementary School</div><div><b>Middle:</b> Bay Minette Middle School</div><div><b>High:</b> Baldwin Co High School</div><div><b>Submarket:</b> North Baldwin</div><div><b>Hub:</b> Alabama Hub</div><div><b>City:</b> Bay Minette</div><div><b>Source:</b> Zonda export provided by user</div></div>]]></description>
      <styleUrl>#builder-adams</styleUrl>
      <Point><coordinates>-87.765876,30.893432,0</coordinates></Point>
    </Placemark>
    <Placemark>
      <name>Mitchells Commercial Plaza</name>
      <description><![CDATA[<div><div><b>Builder:</b> Mitchell Custom Homes</div><div><b>Style Class:</b> builder-other</div><div><b>Color:</b> #f97316</div><div><b>Status:</b> Active</div><div><b>Product:</b> Single-Family Detached</div><div><b>Price:</b> </div><div><b>Square Foot:</b> </div><div><b>Elementary:</b> Summerdale School</div><div><b>Middle:</b> Summerdale School</div><div><b>High:</b> Elberta Middle School</div><div><b>Submarket:</b> Central Baldwin</div><div><b>Hub:</b> Alabama Hub</div><div><b>City:</b> Summerdale</div><div><b>Source:</b> Zonda export provided by user</div></div>]]></description>
      <styleUrl>#builder-other</styleUrl>
      <Point><coordinates>-87.710272,30.487652,0</coordinates></Point>
    </Placemark>
    <Placemark>
      <name>Avery Cove</name>
      <description><![CDATA[<div><div><b>Builder:</b> Lennar Homes</div><div><b>Style Class:</b> builder-lennar</div><div><b>Color:</b> #2563eb</div><div><b>Status:</b> Active</div><div><b>Product:</b> Single-Family Detached</div><div><b>Price:</b> </div><div><b>Square Foot:</b> </div><div><b>Elementary:</b> Robertsdale Elementary School</div><div><b>Middle:</b> Central Baldwin Middle School</div><div><b>High:</b> Robertsdale High School</div><div><b>Submarket:</b> Central Baldwin</div><div><b>Hub:</b> Alabama Hub</div><div><b>City:</b> Robertsdale</div><div><b>Source:</b> Zonda export provided by user</div></div>]]></description>
      <styleUrl>#builder-lennar</styleUrl>
      <Point><coordinates>-87.67926,30.530624,0</coordinates></Point>
    </Placemark>
    <Placemark>
      <name>Watersound/Ward Creek/Salt Grass</name>
      <description><![CDATA[<div><div><b>Builder:</b> Fischer Homes | Kolter Homes</div><div><b>Style Class:</b> builder-other</div><div><b>Color:</b> #f97316</div><div><b>Status:</b> Active</div><div><b>Product:</b> Single-Family Detached</div><div><b>Price:</b> 419995.0 - 584990.0</div><div><b>Square Foot:</b> 1501 - 2744</div><div><b>Elementary:</b> Surfside Middle School; West Bay Elementary School</div><div><b>Middle:</b> Surfside Middle School</div><div><b>High:</b> Surfside Middle School; J.R. Arnold High School</div><div><b>Submarket:</b> Walton and Bay Beaches</div><div><b>Hub:</b> Growth Markets</div><div><b>City:</b> Panama City Beach</div><div><b>Source:</b> Zonda export provided by user</div></div>]]></description>
      <styleUrl>#builder-other</styleUrl>
      <Point><coordinates>-85.877167,30.255889,0</coordinates></Point>
    </Placemark>
    <Placemark>
      <name>Country Club Estates</name>
      <description><![CDATA[<div><div><b>Builder:</b> Adams Homes | Benchmark Homes Group</div><div><b>Style Class:</b> builder-adams</div><div><b>Color:</b> #16a34a</div><div><b>Status:</b> Active</div><div><b>Product:</b> Single-Family Detached</div><div><b>Price:</b> 252146.0 - 270246.0</div><div><b>Square Foot:</b> 1525 - 1820</div><div><b>Elementary:</b> Mary W Burroughs Elementary School</div><div><b>Middle:</b> Katherine H Hankins Middle School</div><div><b>High:</b> Theodore High School</div><div><b>Submarket:</b> South Mobile</div><div><b>Hub:</b> Alabama Hub</div><div><b>City:</b> Theodore</div><div><b>Source:</b> Zonda export provided by user</div></div>]]></description>
      <styleUrl>#builder-adams</styleUrl>
      <Point><coordinates>-88.159847,30.532506,0</coordinates></Point>
    </Placemark>
    <Placemark>
      <name>Crossings at Freeport</name>
      <description><![CDATA[<div><div><b>Builder:</b> Lennar Homes</div><div><b>Style Class:</b> builder-lennar</div><div><b>Color:</b> #2563eb</div><div><b>Status:</b> Active</div><div><b>Product:</b> Single-Family Detached</div><div><b>Price:</b> </div><div><b>Square Foot:</b> </div><div><b>Elementary:</b> Freeport Middle School; Freeport Elementary School</div><div><b>Middle:</b> Freeport Middle School</div><div><b>High:</b> Freeport Senior High School</div><div><b>Submarket:</b> Freeport</div><div><b>Hub:</b> Panama City Hub</div><div><b>City:</b> Freeport</div><div><b>Source:</b> Zonda export provided by user</div></div>]]></description>
      <styleUrl>#builder-lennar</styleUrl>
      <Point><coordinates>-86.188912,30.481669,0</coordinates></Point>
    </Placemark>
    <Placemark>
      <name>Nichols Creek</name>
      <description><![CDATA[<div><div><b>Builder:</b> Thomas Home Corporation</div><div><b>Style Class:</b> builder-other</div><div><b>Color:</b> #f97316</div><div><b>Status:</b> Active</div><div><b>Product:</b> Single-Family Detached</div><div><b>Price:</b> </div><div><b>Square Foot:</b> </div><div><b>Elementary:</b> East Milton Elementary School</div><div><b>Middle:</b> Martin Luther King Middle School</div><div><b>High:</b> Milton High School</div><div><b>Submarket:</b> Santa Rosa County</div><div><b>Hub:</b> Growth Markets</div><div><b>City:</b> Milton</div><div><b>Source:</b> Zonda export provided by user</div></div>]]></description>
      <styleUrl>#builder-other</styleUrl>
      <Point><coordinates>-86.89159,30.609678,0</coordinates></Point>
    </Placemark>
    <Placemark>
      <name>Pearl Place</name>
      <description><![CDATA[<div><div><b>Builder:</b> Traton Homes</div><div><b>Style Class:</b> builder-other</div><div><b>Color:</b> #f97316</div><div><b>Status:</b> Active</div><div><b>Product:</b> Single-Family Detached</div><div><b>Price:</b> 1500000.0</div><div><b>Square Foot:</b> 2901</div><div><b>Elementary:</b> Bay Elementary School</div><div><b>Middle:</b> Emerald Coast Middle School</div><div><b>High:</b> South Walton High School</div><div><b>Submarket:</b> Walton and Bay Beaches</div><div><b>Hub:</b> Growth Markets</div><div><b>City:</b> Santa Rosa Beach</div><div><b>Source:</b> Zonda export provided by user</div></div>]]></description>
      <styleUrl>#builder-other</styleUrl>
      <Point><coordinates>-86.225083,30.352123,0</coordinates></Point>
    </Placemark>
    <Placemark>
      <name>Soundside Hollow</name>
      <description><![CDATA[<div><div><b>Builder:</b> Abbott Martin Group</div><div><b>Style Class:</b> builder-other</div><div><b>Color:</b> #f97316</div><div><b>Status:</b> Active</div><div><b>Product:</b> Single-Family Detached</div><div><b>Price:</b> </div><div><b>Square Foot:</b> </div><div><b>Elementary:</b> Holley-Navarre Intermediate School; Holley-Navarre Primary School</div><div><b>Middle:</b> Holley-Navarre Middle School</div><div><b>High:</b> Navarre High School</div><div><b>Submarket:</b> Eglin AFB</div><div><b>Hub:</b> Growth Markets</div><div><b>City:</b> Navarre</div><div><b>Source:</b> Zonda export provided by user</div></div>]]></description>
      <styleUrl>#builder-other</styleUrl>
      <Point><coordinates>-86.817892,30.408623,0</coordinates></Point>
    </Placemark>
    <Placemark>
      <name>East Bay </name>
      <description><![CDATA[<div><div><b>Builder:</b> Adams Homes | Samuel Taylor Homes</div><div><b>Style Class:</b> builder-adams</div><div><b>Color:</b> #16a34a</div><div><b>Status:</b> Active</div><div><b>Product:</b> Single-Family Detached</div><div><b>Price:</b> 257894.0 - 374876.0</div><div><b>Square Foot:</b> 1520 - 2201</div><div><b>Elementary:</b> Callaway Elementary School</div><div><b>Middle:</b> Rutherford High School</div><div><b>High:</b> Rutherford High School</div><div><b>Submarket:</b> Bay County Submarket 2</div><div><b>Hub:</b> Growth Markets</div><div><b>City:</b> Panama City</div><div><b>Source:</b> Zonda export provided by user</div></div>]]></description>
      <styleUrl>#builder-adams</styleUrl>
      <Point><coordinates>-85.507123,30.130085,0</coordinates></Point>
    </Placemark>
    <Placemark>
      <name>Forest Glen</name>
      <description><![CDATA[<div><div><b>Builder:</b> Benchmark Homes Group</div><div><b>Style Class:</b> builder-other</div><div><b>Color:</b> #f97316</div><div><b>Status:</b> Active</div><div><b>Product:</b> Single-Family Detached</div><div><b>Price:</b> 205000.0 - 269500.0</div><div><b>Square Foot:</b> 1425 - 1492</div><div><b>Elementary:</b> Forest Hill Elementary School</div><div><b>Middle:</b> Cl Scarborough Middle School</div><div><b>High:</b> Mattie T Blount High School</div><div><b>Submarket:</b> Central Mobile</div><div><b>Hub:</b> Alabama Hub</div><div><b>City:</b> Mobile</div><div><b>Source:</b> Zonda export provided by user</div></div>]]></description>
      <styleUrl>#builder-other</styleUrl>
      <Point><coordinates>-88.147581,30.715093,0</coordinates></Point>
    </Placemark>
    <Placemark>
      <name>Laguna Haven</name>
      <description><![CDATA[<div><div><b>Builder:</b> Laguna Haven Construction</div><div><b>Style Class:</b> builder-other</div><div><b>Color:</b> #f97316</div><div><b>Status:</b> Active</div><div><b>Product:</b> Single-Family Detached</div><div><b>Price:</b> </div><div><b>Square Foot:</b> </div><div><b>Elementary:</b> Surfside Middle School; West Bay Elementary School</div><div><b>Middle:</b> Surfside Middle School</div><div><b>High:</b> Surfside Middle School; J.R. Arnold High School</div><div><b>Submarket:</b> Walton and Bay Beaches</div><div><b>Hub:</b> Growth Markets</div><div><b>City:</b> Panama City Beach</div><div><b>Source:</b> Zonda export provided by user</div></div>]]></description>
      <styleUrl>#builder-other</styleUrl>
      <Point><coordinates>-85.914123,30.244406,0</coordinates></Point>
    </Placemark>
    <Placemark>
      <name>Meadow Creek</name>
      <description><![CDATA[<div><div><b>Builder:</b> Century Communities</div><div><b>Style Class:</b> builder-century</div><div><b>Color:</b> #7f1d1d</div><div><b>Status:</b> Active</div><div><b>Product:</b> Single-Family Detached</div><div><b>Price:</b> 299990.0 - 309990.0</div><div><b>Square Foot:</b> 1684 - 1773</div><div><b>Elementary:</b> Walker Elementary School</div><div><b>Middle:</b> Davidson Middle School</div><div><b>High:</b> Crestview High School</div><div><b>Submarket:</b> Crestview</div><div><b>Hub:</b> Pensacola Hub</div><div><b>City:</b> Crestview</div><div><b>Source:</b> Zonda export provided by user</div></div>]]></description>
      <styleUrl>#builder-century</styleUrl>
      <Point><coordinates>-86.496679,30.807871,0</coordinates></Point>
    </Placemark>
    <Placemark>
      <name>Bayou Ridge</name>
      <description><![CDATA[<div><div><b>Builder:</b> Lennar Homes</div><div><b>Style Class:</b> builder-lennar</div><div><b>Color:</b> #2563eb</div><div><b>Status:</b> Active</div><div><b>Product:</b> Single-Family Detached</div><div><b>Price:</b> 319990.0 - 354990.0</div><div><b>Square Foot:</b> 1550 - 2000</div><div><b>Elementary:</b> Florence B Mathis Elementary</div><div><b>Middle:</b> Foley Middle School</div><div><b>High:</b> Foley High School</div><div><b>Submarket:</b> South Baldwin</div><div><b>Hub:</b> Alabama Hub</div><div><b>City:</b> Foley</div><div><b>Source:</b> Zonda export provided by user</div></div>]]></description>
      <styleUrl>#builder-lennar</styleUrl>
      <Point><coordinates>-87.69382,30.333529,0</coordinates></Point>
    </Placemark>
    <Placemark>
      <name>Watson Bayou</name>
      <description><![CDATA[<div><div><b>Builder:</b> ?</div><div><b>Style Class:</b> builder-other</div><div><b>Color:</b> #f97316</div><div><b>Status:</b> Active</div><div><b>Product:</b> Single-Family Detached</div><div><b>Price:</b> </div><div><b>Square Foot:</b> </div><div><b>Elementary:</b> Merriam Cherry Street Elementary School</div><div><b>Middle:</b> Jinks Middle School</div><div><b>High:</b> Bay High School</div><div><b>Submarket:</b> Panama City</div><div><b>Hub:</b> Panama City Hub</div><div><b>City:</b> Panama City</div><div><b>Source:</b> Zonda export provided by user</div></div>]]></description>
      <styleUrl>#builder-other</styleUrl>
      <Point><coordinates>-85.635778,30.154426,0</coordinates></Point>
    </Placemark>
    <Placemark>
      <name>Houston Place</name>
      <description><![CDATA[<div><div><b>Builder:</b> DSLD Homes</div><div><b>Style Class:</b> builder-dsld</div><div><b>Color:</b> #7c3aed</div><div><b>Status:</b> Active</div><div><b>Product:</b> Single-Family Detached</div><div><b>Price:</b> 324990.0 - 394990.0</div><div><b>Square Foot:</b> 1517 - 2314</div><div><b>Elementary:</b> Walker Elementary School</div><div><b>Middle:</b> Davidson Middle School</div><div><b>High:</b> Crestview High School</div><div><b>Submarket:</b> Crestview</div><div><b>Hub:</b> Pensacola Hub</div><div><b>City:</b> Crestview</div><div><b>Source:</b> Zonda export provided by user</div></div>]]></description>
      <styleUrl>#builder-dsld</styleUrl>
      <Point><coordinates>-86.55032,30.801479,0</coordinates></Point>
    </Placemark>
    <Placemark>
      <name>Jubilee (Gulf)</name>
      <description><![CDATA[<div><div><b>Builder:</b> Jubilee Builders</div><div><b>Style Class:</b> builder-other</div><div><b>Color:</b> #f97316</div><div><b>Status:</b> Active</div><div><b>Product:</b> Single-Family Detached</div><div><b>Price:</b> </div><div><b>Square Foot:</b> </div><div><b>Elementary:</b> </div><div><b>Middle:</b> </div><div><b>High:</b> </div><div><b>Submarket:</b> Gulf County</div><div><b>Hub:</b> Growth Markets</div><div><b>City:</b> Port Saint Joe</div><div><b>Source:</b> Zonda export provided by user</div></div>]]></description>
      <styleUrl>#builder-other</styleUrl>
      <Point><coordinates>-85.37472,29.918226,0</coordinates></Point>
    </Placemark>
    <Placemark>
      <name>Windmark Beach/Village Center East</name>
      <description><![CDATA[<div><div><b>Builder:</b> D.R. Horton</div><div><b>Style Class:</b> builder-drhorton</div><div><b>Color:</b> #dc2626</div><div><b>Status:</b> Active</div><div><b>Product:</b> Single-Family Detached</div><div><b>Price:</b> </div><div><b>Square Foot:</b> </div><div><b>Elementary:</b> </div><div><b>Middle:</b> </div><div><b>High:</b> </div><div><b>Submarket:</b> Gulf County</div><div><b>Hub:</b> Growth Markets</div><div><b>City:</b> Port Saint Joe</div><div><b>Source:</b> Zonda export provided by user</div></div>]]></description>
      <styleUrl>#builder-drhorton</styleUrl>
      <Point><coordinates>-85.338187,29.862365,0</coordinates></Point>
    </Placemark>
    <Placemark>
      <name>Knoll, The</name>
      <description><![CDATA[<div><div><b>Builder:</b> DSLD Homes</div><div><b>Style Class:</b> builder-dsld</div><div><b>Color:</b> #7c3aed</div><div><b>Status:</b> Active</div><div><b>Product:</b> Single-Family Detached</div><div><b>Price:</b> 293990.0 - 323990.0</div><div><b>Square Foot:</b> 1517 - 1906</div><div><b>Elementary:</b> Magnolia School</div><div><b>Middle:</b> Foley Middle School</div><div><b>High:</b> Foley High School</div><div><b>Submarket:</b> South Baldwin</div><div><b>Hub:</b> Alabama Hub</div><div><b>City:</b> Foley</div><div><b>Source:</b> Zonda export provided by user</div></div>]]></description>
      <styleUrl>#builder-dsld</styleUrl>
      <Point><coordinates>-87.718029,30.341964,0</coordinates></Point>
    </Placemark>
    <Placemark>
      <name>Foley Pointe</name>
      <description><![CDATA[<div><div><b>Builder:</b> Maronda Homes</div><div><b>Style Class:</b> builder-maronda</div><div><b>Color:</b> #92400e</div><div><b>Status:</b> Active</div><div><b>Product:</b> Single-Family Detached</div><div><b>Price:</b> 306900.0 - 413900.0</div><div><b>Square Foot:</b> 1737 - 2797</div><div><b>Elementary:</b> Florence B Mathis Elementary</div><div><b>Middle:</b> Foley Middle School</div><div><b>High:</b> Foley High School</div><div><b>Submarket:</b> South Baldwin</div><div><b>Hub:</b> Alabama Hub</div><div><b>City:</b> Foley</div><div><b>Source:</b> Zonda export provided by user</div></div>]]></description>
      <styleUrl>#builder-maronda</styleUrl>
      <Point><coordinates>-87.716631,30.373521,0</coordinates></Point>
    </Placemark>
    <Placemark>
      <name>Fox Hollow</name>
      <description><![CDATA[<div><div><b>Builder:</b> D.R. Horton</div><div><b>Style Class:</b> builder-drhorton</div><div><b>Color:</b> #dc2626</div><div><b>Status:</b> Built Out</div><div><b>Product:</b> Single-Family Detached</div><div><b>Price:</b> 390000.0 - 647621.0</div><div><b>Square Foot:</b> 2333 - 3616</div><div><b>Elementary:</b> Fairhope East Elementary; Fairhope High School</div><div><b>Middle:</b> Fairhope Middle School</div><div><b>High:</b> Fairhope High School</div><div><b>Submarket:</b> West Baldwin</div><div><b>Hub:</b> Alabama Hub</div><div><b>City:</b> Fairhope</div><div><b>Source:</b> Zonda export provided by user</div></div>]]></description>
      <styleUrl>#builder-drhorton</styleUrl>
      <Point><coordinates>-87.86389,30.519173,0</coordinates></Point>
    </Placemark>
    <Placemark>
      <name>Caballeros Estates at Hombre/SF</name>
      <description><![CDATA[<div><div><b>Builder:</b> D.R. Horton</div><div><b>Style Class:</b> builder-drhorton</div><div><b>Color:</b> #dc2626</div><div><b>Status:</b> Active</div><div><b>Product:</b> Single-Family Detached</div><div><b>Price:</b> 458400.0 - 518400.0</div><div><b>Square Foot:</b> 1689 - 2145</div><div><b>Elementary:</b> Hutchison Beach Elementary School; Surfside Middle School</div><div><b>Middle:</b> Surfside Middle School</div><div><b>High:</b> Surfside Middle School; J.R. Arnold High School</div><div><b>Submarket:</b> Walton and Bay Beaches</div><div><b>Hub:</b> Growth Markets</div><div><b>City:</b> Panama City Beach</div><div><b>Source:</b> Zonda export provided by user</div></div>]]></description>
      <styleUrl>#builder-drhorton</styleUrl>
      <Point><coordinates>-85.802921,30.188981,0</coordinates></Point>
    </Placemark>
    <Placemark>
      <name>Stadium Way</name>
      <description><![CDATA[<div><div><b>Builder:</b> D.R. Horton</div><div><b>Style Class:</b> builder-drhorton</div><div><b>Color:</b> #dc2626</div><div><b>Status:</b> Active</div><div><b>Product:</b> Single-Family Detached</div><div><b>Price:</b> 474900.0</div><div><b>Square Foot:</b> 1754</div><div><b>Elementary:</b> Global Learning Academy</div><div><b>Middle:</b> </div><div><b>High:</b> Pensacola High School</div><div><b>Submarket:</b> Pensacola</div><div><b>Hub:</b> Pensacola Hub</div><div><b>City:</b> Pensacola</div><div><b>Source:</b> Zonda export provided by user</div></div>]]></description>
      <styleUrl>#builder-drhorton</styleUrl>
      <Point><coordinates>-87.233019,30.407941,0</coordinates></Point>
    </Placemark>
    <Placemark>
      <name>Pines at Colleton Place</name>
      <description><![CDATA[<div><div><b>Builder:</b> D.R. Horton</div><div><b>Style Class:</b> builder-drhorton</div><div><b>Color:</b> #dc2626</div><div><b>Status:</b> Active</div><div><b>Product:</b> Single-Family Detached</div><div><b>Price:</b> 259900.0 - 297900.0</div><div><b>Square Foot:</b> 1387 - 2100</div><div><b>Elementary:</b> Allentown Elementary School</div><div><b>Middle:</b> Semmes Middle School</div><div><b>High:</b> Baker High School</div><div><b>Submarket:</b> Central Mobile</div><div><b>Hub:</b> Alabama Hub</div><div><b>City:</b> Semmes</div><div><b>Source:</b> Zonda export provided by user</div></div>]]></description>
      <styleUrl>#builder-drhorton</styleUrl>
      <Point><coordinates>-88.234463,30.715513,0</coordinates></Point>
    </Placemark>
    <Placemark>
      <name>Jambalaya Farms</name>
      <description><![CDATA[<div><div><b>Builder:</b> Meritage Homes</div><div><b>Style Class:</b> builder-meritage</div><div><b>Color:</b> #facc15</div><div><b>Status:</b> Active</div><div><b>Product:</b> Single-Family Detached</div><div><b>Price:</b> </div><div><b>Square Foot:</b> </div><div><b>Elementary:</b> Summerdale School</div><div><b>Middle:</b> Summerdale School</div><div><b>High:</b> Elberta Middle School</div><div><b>Submarket:</b> Central Baldwin</div><div><b>Hub:</b> Alabama Hub</div><div><b>City:</b> Foley</div><div><b>Source:</b> Zonda export provided by user</div></div>]]></description>
      <styleUrl>#builder-meritage</styleUrl>
      <Point><coordinates>-87.683296,30.462096,0</coordinates></Point>
    </Placemark>
    <Placemark>
      <name>Adeline Estates</name>
      <description><![CDATA[<div><div><b>Builder:</b> D.R. Horton</div><div><b>Style Class:</b> builder-drhorton</div><div><b>Color:</b> #dc2626</div><div><b>Status:</b> Active</div><div><b>Product:</b> Single-Family Detached</div><div><b>Price:</b> 383900.0 - 403900.0</div><div><b>Square Foot:</b> 1755 - 2250</div><div><b>Elementary:</b> Silverhill School</div><div><b>Middle:</b> Central Baldwin Middle School</div><div><b>High:</b> Robertsdale High School</div><div><b>Submarket:</b> Central Baldwin</div><div><b>Hub:</b> Alabama Hub</div><div><b>City:</b> Silverhill</div><div><b>Source:</b> Zonda export provided by user</div></div>]]></description>
      <styleUrl>#builder-drhorton</styleUrl>
      <Point><coordinates>-87.778474,30.54417,0</coordinates></Point>
    </Placemark>
    <Placemark>
      <name>Roberts Rd Estates</name>
      <description><![CDATA[<div><div><b>Builder:</b> ?</div><div><b>Style Class:</b> builder-other</div><div><b>Color:</b> #f97316</div><div><b>Status:</b> Active</div><div><b>Product:</b> Single-Family Detached</div><div><b>Price:</b> </div><div><b>Square Foot:</b> </div><div><b>Elementary:</b> Mcdavid-Jones Elementary School</div><div><b>Middle:</b> Lott Middle School</div><div><b>High:</b> Citronelle High School</div><div><b>Submarket:</b> Central Mobile</div><div><b>Hub:</b> Alabama Hub</div><div><b>City:</b> Chunchula</div><div><b>Source:</b> Zonda export provided by user</div></div>]]></description>
      <styleUrl>#builder-other</styleUrl>
      <Point><coordinates>-88.175393,30.926141,0</coordinates></Point>
    </Placemark>
    <Placemark>
      <name>Southern Day Chateau</name>
      <description><![CDATA[<div><div><b>Builder:</b> CJL Homes</div><div><b>Style Class:</b> builder-other</div><div><b>Color:</b> #f97316</div><div><b>Status:</b> Active</div><div><b>Product:</b> Single-Family Detached</div><div><b>Price:</b> 269900.0 - 335000.0</div><div><b>Square Foot:</b> 1336 - 2068</div><div><b>Elementary:</b> Baker School</div><div><b>Middle:</b> Baker School</div><div><b>High:</b> Baker School</div><div><b>Submarket:</b> Okaloosa County</div><div><b>Hub:</b> Growth Markets</div><div><b>City:</b> Baker</div><div><b>Source:</b> Zonda export provided by user</div></div>]]></description>
      <styleUrl>#builder-other</styleUrl>
      <Point><coordinates>-86.681533,30.769866,0</coordinates></Point>
    </Placemark>
    <Placemark>
      <name>Eagle Pointe</name>
      <description><![CDATA[<div><div><b>Builder:</b> DSLD Homes</div><div><b>Style Class:</b> builder-dsld</div><div><b>Color:</b> #7c3aed</div><div><b>Status:</b> Active</div><div><b>Product:</b> Single-Family Detached</div><div><b>Price:</b> 348990.0 - 378990.0</div><div><b>Square Foot:</b> 1710 - 1986</div><div><b>Elementary:</b> Beulah Elementary School</div><div><b>Middle:</b> Beulah Middle School</div><div><b>High:</b> Pine Forest High School</div><div><b>Submarket:</b> Cantonment</div><div><b>Hub:</b> Pensacola Hub</div><div><b>City:</b> Pensacola</div><div><b>Source:</b> Zonda export provided by user</div></div>]]></description>
      <styleUrl>#builder-dsld</styleUrl>
      <Point><coordinates>-87.33052,30.513425,0</coordinates></Point>
    </Placemark>
    <Placemark>
      <name>Cross Creek Estates</name>
      <description><![CDATA[<div><div><b>Builder:</b> Century Communities | Halifax Homes | Lennar Homes</div><div><b>Style Class:</b> builder-lennar</div><div><b>Color:</b> #2563eb</div><div><b>Status:</b> Active</div><div><b>Product:</b> Single-Family Detached</div><div><b>Price:</b> 311990.0 - 345990.0</div><div><b>Square Foot:</b> 1550 - 2142</div><div><b>Elementary:</b> Freeport Middle School; Freeport Elementary School</div><div><b>Middle:</b> Freeport Middle School</div><div><b>High:</b> Freeport Senior High School</div><div><b>Submarket:</b> Freeport</div><div><b>Hub:</b> Panama City Hub</div><div><b>City:</b> Freeport</div><div><b>Source:</b> Zonda export provided by user</div></div>]]></description>
      <styleUrl>#builder-lennar</styleUrl>
      <Point><coordinates>-86.133471,30.525497,0</coordinates></Point>
    </Placemark>
    <Placemark>
      <name>East Bay Park </name>
      <description><![CDATA[<div><div><b>Builder:</b> Porch Swing Homes</div><div><b>Style Class:</b> builder-other</div><div><b>Color:</b> #f97316</div><div><b>Status:</b> Active</div><div><b>Product:</b> Single-Family Detached</div><div><b>Price:</b> 298000.0 - 399900.0</div><div><b>Square Foot:</b> 1270 - 1978</div><div><b>Elementary:</b> Parker Elementary School</div><div><b>Middle:</b> Rutherford High School</div><div><b>High:</b> Rutherford High School</div><div><b>Submarket:</b> Panama City</div><div><b>Hub:</b> Panama City Hub</div><div><b>City:</b> Panama City</div><div><b>Source:</b> Zonda export provided by user</div></div>]]></description>
      <styleUrl>#builder-other</styleUrl>
      <Point><coordinates>-85.575727,30.12423,0</coordinates></Point>
    </Placemark>
    <Placemark>
      <name>Ridge at Robertsdale</name>
      <description><![CDATA[<div><div><b>Builder:</b> DSLD Homes</div><div><b>Style Class:</b> builder-dsld</div><div><b>Color:</b> #7c3aed</div><div><b>Status:</b> Active</div><div><b>Product:</b> Single-Family Detached</div><div><b>Price:</b> 276990.0 - 330990.0</div><div><b>Square Foot:</b> 1550 - 1986</div><div><b>Elementary:</b> Robertsdale Elementary School</div><div><b>Middle:</b> Central Baldwin Middle School</div><div><b>High:</b> Robertsdale High School</div><div><b>Submarket:</b> Central Baldwin</div><div><b>Hub:</b> Alabama Hub</div><div><b>City:</b> Robertsdale</div><div><b>Source:</b> Zonda export provided by user</div></div>]]></description>
      <styleUrl>#builder-dsld</styleUrl>
      <Point><coordinates>-87.716195,30.531847,0</coordinates></Point>
    </Placemark>
    <Placemark>
      <name>Independence/SF</name>
      <description><![CDATA[<div><div><b>Builder:</b> D.R. Horton</div><div><b>Style Class:</b> builder-drhorton</div><div><b>Color:</b> #dc2626</div><div><b>Status:</b> Active</div><div><b>Product:</b> Single-Family Detached</div><div><b>Price:</b> 241400.0 - 287400.0</div><div><b>Square Foot:</b> 1281 - 1504</div><div><b>Elementary:</b> Stonebridge Elementary</div><div><b>Middle:</b> Spanish Fort Middle School</div><div><b>High:</b> Spanish Fort High School</div><div><b>Submarket:</b> Central Baldwin</div><div><b>Hub:</b> Alabama Hub</div><div><b>City:</b> Daphne</div><div><b>Source:</b> Zonda export provided by user</div></div>]]></description>
      <styleUrl>#builder-drhorton</styleUrl>
      <Point><coordinates>-87.80582,30.693421,0</coordinates></Point>
    </Placemark>
    <Placemark>
      <name>Sandbar, The</name>
      <description><![CDATA[<div><div><b>Builder:</b> Fischer Homes</div><div><b>Style Class:</b> builder-other</div><div><b>Color:</b> #f97316</div><div><b>Status:</b> Active</div><div><b>Product:</b> Single-Family Detached</div><div><b>Price:</b> </div><div><b>Square Foot:</b> </div><div><b>Elementary:</b> Van R. Butler Elementary School</div><div><b>Middle:</b> Emerald Coast Middle School</div><div><b>High:</b> South Walton High School</div><div><b>Submarket:</b> Walton and Bay Beaches</div><div><b>Hub:</b> Growth Markets</div><div><b>City:</b> Santa Rosa Beach</div><div><b>Source:</b> Zonda export provided by user</div></div>]]></description>
      <styleUrl>#builder-other</styleUrl>
      <Point><coordinates>-86.246844,30.3728,0</coordinates></Point>
    </Placemark>
    <Placemark>
      <name>Parkbrook</name>
      <description><![CDATA[<div><div><b>Builder:</b> Adams Homes</div><div><b>Style Class:</b> builder-adams</div><div><b>Color:</b> #16a34a</div><div><b>Status:</b> Active</div><div><b>Product:</b> Single-Family Detached</div><div><b>Price:</b> </div><div><b>Square Foot:</b> </div><div><b>Elementary:</b> Tommy Smith Elementary School</div><div><b>Middle:</b> Merritt Brown Middle School; Rutherford High School</div><div><b>High:</b> Rutherford High School</div><div><b>Submarket:</b> Bay County Submarket 2</div><div><b>Hub:</b> Growth Markets</div><div><b>City:</b> Panama City</div><div><b>Source:</b> Zonda export provided by user</div></div>]]></description>
      <styleUrl>#builder-adams</styleUrl>
      <Point><coordinates>-85.525917,30.240537,0</coordinates></Point>
    </Placemark>
    <Placemark>
      <name>Breezy Meadows</name>
      <description><![CDATA[<div><div><b>Builder:</b> Herbst Homes</div><div><b>Style Class:</b> builder-other</div><div><b>Color:</b> #f97316</div><div><b>Status:</b> Built Out</div><div><b>Product:</b> Single-Family Detached</div><div><b>Price:</b> </div><div><b>Square Foot:</b> </div><div><b>Elementary:</b> East Milton Elementary School</div><div><b>Middle:</b> Martin Luther King Middle School</div><div><b>High:</b> Milton High School</div><div><b>Submarket:</b> Milton</div><div><b>Hub:</b> Pensacola Hub</div><div><b>City:</b> Milton</div><div><b>Source:</b> Zonda export provided by user</div></div>]]></description>
      <styleUrl>#builder-other</styleUrl>
      <Point><coordinates>-86.964257,30.590091,0</coordinates></Point>
    </Placemark>
    <Placemark>
      <name>Grande Oaks (Walton)</name>
      <description><![CDATA[<div><div><b>Builder:</b> CJL Homes</div><div><b>Style Class:</b> builder-other</div><div><b>Color:</b> #f97316</div><div><b>Status:</b> Active</div><div><b>Product:</b> Single-Family Detached</div><div><b>Price:</b> </div><div><b>Square Foot:</b> </div><div><b>Elementary:</b> Freeport Middle School; Freeport Elementary School</div><div><b>Middle:</b> Freeport Middle School</div><div><b>High:</b> Freeport Senior High School</div><div><b>Submarket:</b> Freeport</div><div><b>Hub:</b> Panama City Hub</div><div><b>City:</b> Freeport</div><div><b>Source:</b> Zonda export provided by user</div></div>]]></description>
      <styleUrl>#builder-other</styleUrl>
      <Point><coordinates>-86.151716,30.496365,0</coordinates></Point>
    </Placemark>
    <Placemark>
      <name>Battles Trace at The Colony</name>
      <description><![CDATA[<div><div><b>Builder:</b> Stuart Construction</div><div><b>Style Class:</b> builder-other</div><div><b>Color:</b> #f97316</div><div><b>Status:</b> Active</div><div><b>Product:</b> Single-Family Detached</div><div><b>Price:</b> </div><div><b>Square Foot:</b> </div><div><b>Elementary:</b> Fairhope Elementary School; Fairhope High School</div><div><b>Middle:</b> Fairhope Middle School</div><div><b>High:</b> Fairhope High School</div><div><b>Submarket:</b> West Baldwin</div><div><b>Hub:</b> Alabama Hub</div><div><b>City:</b> Fairhope</div><div><b>Source:</b> Zonda export provided by user</div></div>]]></description>
      <styleUrl>#builder-other</styleUrl>
      <Point><coordinates>-87.907154,30.493988,0</coordinates></Point>
    </Placemark>
    <Placemark>
      <name>Eden Lake </name>
      <description><![CDATA[<div><div><b>Builder:</b> DSLD Homes</div><div><b>Style Class:</b> builder-dsld</div><div><b>Color:</b> #7c3aed</div><div><b>Status:</b> Active</div><div><b>Product:</b> Single-Family Detached</div><div><b>Price:</b> </div><div><b>Square Foot:</b> </div><div><b>Elementary:</b> Northwood Elementary School</div><div><b>Middle:</b> Shoal River Middle School</div><div><b>High:</b> Crestview High School</div><div><b>Submarket:</b> Crestview</div><div><b>Hub:</b> Pensacola Hub</div><div><b>City:</b> Crestview</div><div><b>Source:</b> Zonda export provided by user</div></div>]]></description>
      <styleUrl>#builder-dsld</styleUrl>
      <Point><coordinates>-86.557016,30.759405,0</coordinates></Point>
    </Placemark>
    <Placemark>
      <name>Pipers Landing</name>
      <description><![CDATA[<div><div><b>Builder:</b> Lennar Homes</div><div><b>Style Class:</b> builder-lennar</div><div><b>Color:</b> #2563eb</div><div><b>Status:</b> Active</div><div><b>Product:</b> Single-Family Detached</div><div><b>Price:</b> 274990.0 - 309990.0</div><div><b>Square Foot:</b> 1474 - 1891</div><div><b>Elementary:</b> Beulah Elementary School</div><div><b>Middle:</b> Beulah Middle School</div><div><b>High:</b> Pine Forest High School</div><div><b>Submarket:</b> Cantonment</div><div><b>Hub:</b> Pensacola Hub</div><div><b>City:</b> Pensacola</div><div><b>Source:</b> Zonda export provided by user</div></div>]]></description>
      <styleUrl>#builder-lennar</styleUrl>
      <Point><coordinates>-87.313935,30.509231,0</coordinates></Point>
    </Placemark>
    <Placemark>
      <name>Meadows at Magnolia Plantation</name>
      <description><![CDATA[<div><div><b>Builder:</b> Randy Wise Homes</div><div><b>Style Class:</b> builder-other</div><div><b>Color:</b> #f97316</div><div><b>Status:</b> Active</div><div><b>Product:</b> Single-Family Detached</div><div><b>Price:</b> </div><div><b>Square Foot:</b> </div><div><b>Elementary:</b> Bluewater Elementary School</div><div><b>Middle:</b> C. W. Ruckel Middle School</div><div><b>High:</b> Niceville Senior High School</div><div><b>Submarket:</b> Fort Walton</div><div><b>Hub:</b> Pensacola Hub</div><div><b>City:</b> Niceville</div><div><b>Source:</b> Zonda export provided by user</div></div>]]></description>
      <styleUrl>#builder-other</styleUrl>
      <Point><coordinates>-86.433916,30.489877,0</coordinates></Point>
    </Placemark>
    <Placemark>
      <name>Patch Place</name>
      <description><![CDATA[<div><div><b>Builder:</b> Tower Homes</div><div><b>Style Class:</b> builder-other</div><div><b>Color:</b> #f97316</div><div><b>Status:</b> Active</div><div><b>Product:</b> Single-Family Detached</div><div><b>Price:</b> 410100.0 - 549900.0</div><div><b>Square Foot:</b> 1760 - 2682</div><div><b>Elementary:</b> Daphne East Elementary School</div><div><b>Middle:</b> Daphne Middle School</div><div><b>High:</b> Daphne High School</div><div><b>Submarket:</b> West Baldwin</div><div><b>Hub:</b> Alabama Hub</div><div><b>City:</b> Daphne</div><div><b>Source:</b> Zonda export provided by user</div></div>]]></description>
      <styleUrl>#builder-other</styleUrl>
      <Point><coordinates>-87.864521,30.625504,0</coordinates></Point>
    </Placemark>
    <Placemark>
      <name>Falling Leaf</name>
      <description><![CDATA[<div><div><b>Builder:</b> D.R. Horton</div><div><b>Style Class:</b> builder-drhorton</div><div><b>Color:</b> #dc2626</div><div><b>Status:</b> Built Out</div><div><b>Product:</b> Single-Family Detached</div><div><b>Price:</b> 274900.0 - 374900.0</div><div><b>Square Foot:</b> 1706 - 2559</div><div><b>Elementary:</b> O'rourke Elementary School</div><div><b>Middle:</b> Burns Middle School</div><div><b>High:</b> WP Davidson High School</div><div><b>Submarket:</b> Central Mobile</div><div><b>Hub:</b> Alabama Hub</div><div><b>City:</b> Mobile</div><div><b>Source:</b> Zonda export provided by user</div></div>]]></description>
      <styleUrl>#builder-drhorton</styleUrl>
      <Point><coordinates>-88.206891,30.622514,0</coordinates></Point>
    </Placemark>
    <Placemark>
      <name>Porches, The</name>
      <description><![CDATA[<div><div><b>Builder:</b> D.R. Horton</div><div><b>Style Class:</b> builder-drhorton</div><div><b>Color:</b> #dc2626</div><div><b>Status:</b> Built Out</div><div><b>Product:</b> Single-Family Detached</div><div><b>Price:</b> 289800.0 - 326900.0</div><div><b>Square Foot:</b> 1387 - 2047</div><div><b>Elementary:</b> Elberta Elementary School</div><div><b>Middle:</b> Elberta Middle School</div><div><b>High:</b> Elberta Middle School</div><div><b>Submarket:</b> South Baldwin</div><div><b>Hub:</b> Alabama Hub</div><div><b>City:</b> Elberta</div><div><b>Source:</b> Zonda export provided by user</div></div>]]></description>
      <styleUrl>#builder-drhorton</styleUrl>
      <Point><coordinates>-87.611474,30.403787,0</coordinates></Point>
    </Placemark>
    <Placemark>
      <name>Pheasant Run</name>
      <description><![CDATA[<div><div><b>Builder:</b> D.R. Horton</div><div><b>Style Class:</b> builder-drhorton</div><div><b>Color:</b> #dc2626</div><div><b>Status:</b> Built Out</div><div><b>Product:</b> Single-Family Detached</div><div><b>Price:</b> 316900.0 - 407990.0</div><div><b>Square Foot:</b> 1734 - 3113</div><div><b>Elementary:</b> Elberta Elementary School</div><div><b>Middle:</b> Elberta Middle School</div><div><b>High:</b> Elberta Middle School</div><div><b>Submarket:</b> South Baldwin</div><div><b>Hub:</b> Alabama Hub</div><div><b>City:</b> Elberta</div><div><b>Source:</b> Zonda export provided by user</div></div>]]></description>
      <styleUrl>#builder-drhorton</styleUrl>
      <Point><coordinates>-87.613328,30.406996,0</coordinates></Point>
    </Placemark>
    <Placemark>
      <name>Greenbrier</name>
      <description><![CDATA[<div><div><b>Builder:</b> Lennar Homes</div><div><b>Style Class:</b> builder-lennar</div><div><b>Color:</b> #2563eb</div><div><b>Status:</b> Active</div><div><b>Product:</b> Single-Family Detached</div><div><b>Price:</b> 264990.0 - 364990.0</div><div><b>Square Foot:</b> 1474 - 1943</div><div><b>Elementary:</b> Florence B Mathis Elementary</div><div><b>Middle:</b> Foley Middle School</div><div><b>High:</b> Foley High School</div><div><b>Submarket:</b> South Baldwin</div><div><b>Hub:</b> Alabama Hub</div><div><b>City:</b> Foley</div><div><b>Source:</b> Zonda export provided by user</div></div>]]></description>
      <styleUrl>#builder-lennar</styleUrl>
      <Point><coordinates>-87.694349,30.363096,0</coordinates></Point>
    </Placemark>
    <Placemark>
      <name>Jubilee/Mahogany</name>
      <description><![CDATA[<div><div><b>Builder:</b> Holiday Builders</div><div><b>Style Class:</b> builder-holiday</div><div><b>Color:</b> #111827</div><div><b>Status:</b> Active</div><div><b>Product:</b> Single-Family Detached</div><div><b>Price:</b> 302990.0 - 433990.0</div><div><b>Square Foot:</b> 1246 - 2614</div><div><b>Elementary:</b> Chumuckla Elementary School; Central School</div><div><b>Middle:</b> Central School</div><div><b>High:</b> Central School</div><div><b>Submarket:</b> Pace</div><div><b>Hub:</b> Pensacola Hub</div><div><b>City:</b> Milton</div><div><b>Source:</b> Zonda export provided by user</div></div>]]></description>
      <styleUrl>#builder-holiday</styleUrl>
      <Point><coordinates>-87.174682,30.690302,0</coordinates></Point>
    </Placemark>
    <Placemark>
      <name>Gaylen Oaks</name>
      <description><![CDATA[<div><div><b>Builder:</b> D.R. Horton</div><div><b>Style Class:</b> builder-drhorton</div><div><b>Color:</b> #dc2626</div><div><b>Status:</b> Active</div><div><b>Product:</b> Single-Family Detached</div><div><b>Price:</b> 307900.0 - 392900.0</div><div><b>Square Foot:</b> 1631 - 2043</div><div><b>Elementary:</b> L. D. Mcarthur Elementary School</div><div><b>Middle:</b> Ferry Pass Middle School</div><div><b>High:</b> J. M. Tate Senior High School</div><div><b>Submarket:</b> Cantonment</div><div><b>Hub:</b> Pensacola Hub</div><div><b>City:</b> Pensacola</div><div><b>Source:</b> Zonda export provided by user</div></div>]]></description>
      <styleUrl>#builder-drhorton</styleUrl>
      <Point><coordinates>-87.266668,30.539835,0</coordinates></Point>
    </Placemark>
    <Placemark>
      <name>Green Fields</name>
      <description><![CDATA[<div><div><b>Builder:</b> Lennar Homes</div><div><b>Style Class:</b> builder-lennar</div><div><b>Color:</b> #2563eb</div><div><b>Status:</b> Active</div><div><b>Product:</b> Single-Family Detached</div><div><b>Price:</b> </div><div><b>Square Foot:</b> </div><div><b>Elementary:</b> J Larry Newton School; Fairhope High School</div><div><b>Middle:</b> Fairhope Middle School</div><div><b>High:</b> Fairhope High School</div><div><b>Submarket:</b> West Baldwin</div><div><b>Hub:</b> Alabama Hub</div><div><b>City:</b> Fairhope</div><div><b>Source:</b> Zonda export provided by user</div></div>]]></description>
      <styleUrl>#builder-lennar</styleUrl>
      <Point><coordinates>-87.868692,30.480293,0</coordinates></Point>
    </Placemark>
    <Placemark>
      <name>Vickers Estates</name>
      <description><![CDATA[<div><div><b>Builder:</b> Adams Homes</div><div><b>Style Class:</b> builder-adams</div><div><b>Color:</b> #16a34a</div><div><b>Status:</b> Active</div><div><b>Product:</b> Single-Family Detached</div><div><b>Price:</b> 394700.0 - 445040.0</div><div><b>Square Foot:</b> 2202 - 3000</div><div><b>Elementary:</b> Semmes Elementary School; Mary G Montgomery High School</div><div><b>Middle:</b> Semmes Middle School</div><div><b>High:</b> Mary G Montgomery High School</div><div><b>Submarket:</b> Central Mobile</div><div><b>Hub:</b> Alabama Hub</div><div><b>City:</b> Semmes</div><div><b>Source:</b> Zonda export provided by user</div></div>]]></description>
      <styleUrl>#builder-adams</styleUrl>
      <Point><coordinates>-88.267658,30.796754,0</coordinates></Point>
    </Placemark>
    <Placemark>
      <name>East Bay Plantation</name>
      <description><![CDATA[<div><div><b>Builder:</b> ?</div><div><b>Style Class:</b> builder-other</div><div><b>Color:</b> #f97316</div><div><b>Status:</b> Active</div><div><b>Product:</b> Single-Family Detached</div><div><b>Price:</b> </div><div><b>Square Foot:</b> </div><div><b>Elementary:</b> Callaway Elementary School</div><div><b>Middle:</b> Rutherford High School</div><div><b>High:</b> Rutherford High School</div><div><b>Submarket:</b> Walton and Bay Beaches</div><div><b>Hub:</b> Growth Markets</div><div><b>City:</b> Panama City</div><div><b>Source:</b> Zonda export provided by user</div></div>]]></description>
      <styleUrl>#builder-other</styleUrl>
      <Point><coordinates>-85.507065,30.097628,0</coordinates></Point>
    </Placemark>
    <Placemark>
      <name>Wildwood Estates/Reserve at Brookhaven</name>
      <description><![CDATA[<div><div><b>Builder:</b> D.R. Horton</div><div><b>Style Class:</b> builder-drhorton</div><div><b>Color:</b> #dc2626</div><div><b>Status:</b> Active</div><div><b>Product:</b> Single-Family Detached</div><div><b>Price:</b> 287900.0 - 515900.0</div><div><b>Square Foot:</b> 1302 - 3076</div><div><b>Elementary:</b> KINGSFIELD ELEMENTARY SCHOOL</div><div><b>Middle:</b> Ransom Middle School</div><div><b>High:</b> J. M. Tate Senior High School</div><div><b>Submarket:</b> Cantonment</div><div><b>Hub:</b> Pensacola Hub</div><div><b>City:</b> Cantonment</div><div><b>Source:</b> Zonda export provided by user</div></div>]]></description>
      <styleUrl>#builder-drhorton</styleUrl>
      <Point><coordinates>-87.348454,30.55262,0</coordinates></Point>
    </Placemark>
    <Placemark>
      <name>Sherwood Grove</name>
      <description><![CDATA[<div><div><b>Builder:</b> D.R. Horton</div><div><b>Style Class:</b> builder-drhorton</div><div><b>Color:</b> #dc2626</div><div><b>Status:</b> Active</div><div><b>Product:</b> Single-Family Detached</div><div><b>Price:</b> </div><div><b>Square Foot:</b> </div><div><b>Elementary:</b> J Larry Newton School; Fairhope High School</div><div><b>Middle:</b> Fairhope Middle School</div><div><b>High:</b> Fairhope High School</div><div><b>Submarket:</b> West Baldwin</div><div><b>Hub:</b> Alabama Hub</div><div><b>City:</b> Fairhope</div><div><b>Source:</b> Zonda export provided by user</div></div>]]></description>
      <styleUrl>#builder-drhorton</styleUrl>
      <Point><coordinates>-87.836514,30.436434,0</coordinates></Point>
    </Placemark>
    <Placemark>
      <name>Amberley</name>
      <description><![CDATA[<div><div><b>Builder:</b> Adams Homes</div><div><b>Style Class:</b> builder-adams</div><div><b>Color:</b> #16a34a</div><div><b>Status:</b> Active</div><div><b>Product:</b> Single-Family Detached</div><div><b>Price:</b> 283489.0 - 295411.0</div><div><b>Square Foot:</b> 1348 - 1635</div><div><b>Elementary:</b> Robertsdale Elementary School</div><div><b>Middle:</b> Central Baldwin Middle School</div><div><b>High:</b> Robertsdale High School</div><div><b>Submarket:</b> Central Baldwin</div><div><b>Hub:</b> Alabama Hub</div><div><b>City:</b> Robertsdale</div><div><b>Source:</b> Zonda export provided by user</div></div>]]></description>
      <styleUrl>#builder-adams</styleUrl>
      <Point><coordinates>-87.691248,30.537148,0</coordinates></Point>
    </Placemark>
    <Placemark>
      <name>Pecan Valley</name>
      <description><![CDATA[<div><div><b>Builder:</b> Adams Homes</div><div><b>Style Class:</b> builder-adams</div><div><b>Color:</b> #16a34a</div><div><b>Status:</b> Active</div><div><b>Product:</b> Single-Family Detached</div><div><b>Price:</b> 322800.0 - 396000.0</div><div><b>Square Foot:</b> 1820 - 2751</div><div><b>Elementary:</b> Jim Allen Elementary School</div><div><b>Middle:</b> Ransom Middle School</div><div><b>High:</b> J. M. Tate Senior High School</div><div><b>Submarket:</b> Cantonment</div><div><b>Hub:</b> Pensacola Hub</div><div><b>City:</b> Cantonment</div><div><b>Source:</b> Zonda export provided by user</div></div>]]></description>
      <styleUrl>#builder-adams</styleUrl>
      <Point><coordinates>-87.320627,30.639568,0</coordinates></Point>
    </Placemark>
    <Placemark>
      <name>Edens Landing/Oak Grove</name>
      <description><![CDATA[<div><div><b>Builder:</b> 2 Bros Development</div><div><b>Style Class:</b> builder-other</div><div><b>Color:</b> #f97316</div><div><b>Status:</b> Active</div><div><b>Product:</b> Single-Family Detached</div><div><b>Price:</b> </div><div><b>Square Foot:</b> </div><div><b>Elementary:</b> Bay Elementary School</div><div><b>Middle:</b> Emerald Coast Middle School</div><div><b>High:</b> South Walton High School</div><div><b>Submarket:</b> Walton and Bay Beaches</div><div><b>Hub:</b> Growth Markets</div><div><b>City:</b> Santa Rosa Beach</div><div><b>Source:</b> Zonda export provided by user</div></div>]]></description>
      <styleUrl>#builder-other</styleUrl>
      <Point><coordinates>-86.121085,30.368341,0</coordinates></Point>
    </Placemark>
    <Placemark>
      <name>Windy Hill South</name>
      <description><![CDATA[<div><div><b>Builder:</b> D.R. Horton</div><div><b>Style Class:</b> builder-drhorton</div><div><b>Color:</b> #dc2626</div><div><b>Status:</b> Built Out</div><div><b>Product:</b> Single-Family Detached</div><div><b>Price:</b> 389900.0 - 452900.0</div><div><b>Square Foot:</b> 2012 - 2414</div><div><b>Elementary:</b> KINGSFIELD ELEMENTARY SCHOOL</div><div><b>Middle:</b> Beulah Middle School</div><div><b>High:</b> J. M. Tate Senior High School</div><div><b>Submarket:</b> Cantonment</div><div><b>Hub:</b> Pensacola Hub</div><div><b>City:</b> Pensacola</div><div><b>Source:</b> Zonda export provided by user</div></div>]]></description>
      <styleUrl>#builder-drhorton</styleUrl>
      <Point><coordinates>-87.402001,30.548544,0</coordinates></Point>
    </Placemark>
    <Placemark>
      <name>OFallon</name>
      <description><![CDATA[<div><div><b>Builder:</b> Adams Homes | D.R. Horton</div><div><b>Style Class:</b> builder-adams</div><div><b>Color:</b> #16a34a</div><div><b>Status:</b> Built Out</div><div><b>Product:</b> Single-Family Detached</div><div><b>Price:</b> </div><div><b>Square Foot:</b> </div><div><b>Elementary:</b> Hutchens Elementary School; Dawes Intermediate School</div><div><b>Middle:</b> Bernice J Causey Middle School</div><div><b>High:</b> Baker High School</div><div><b>Submarket:</b> Central Mobile</div><div><b>Hub:</b> Alabama Hub</div><div><b>City:</b> Mobile</div><div><b>Source:</b> Zonda export provided by user</div></div>]]></description>
      <styleUrl>#builder-adams</styleUrl>
      <Point><coordinates>-88.262391,30.631023,0</coordinates></Point>
    </Placemark>
    <Placemark>
      <name>Eastgate Bend</name>
      <description><![CDATA[<div><div><b>Builder:</b> DSLD Homes</div><div><b>Style Class:</b> builder-dsld</div><div><b>Color:</b> #7c3aed</div><div><b>Status:</b> Active</div><div><b>Product:</b> Single-Family Detached</div><div><b>Price:</b> 282990.0 - 309990.0</div><div><b>Square Foot:</b> 1517 - 1858</div><div><b>Elementary:</b> Foley Elementary School</div><div><b>Middle:</b> Foley Middle School</div><div><b>High:</b> Foley High School</div><div><b>Submarket:</b> South Baldwin</div><div><b>Hub:</b> Alabama Hub</div><div><b>City:</b> Foley</div><div><b>Source:</b> Zonda export provided by user</div></div>]]></description>
      <styleUrl>#builder-dsld</styleUrl>
      <Point><coordinates>-87.653814,30.413999,0</coordinates></Point>
    </Placemark>
    <Placemark>
      <name>Stonebridge/Biltmore </name>
      <description><![CDATA[<div><div><b>Builder:</b> D.R. Horton</div><div><b>Style Class:</b> builder-drhorton</div><div><b>Color:</b> #dc2626</div><div><b>Status:</b> Active</div><div><b>Product:</b> Single-Family Detached</div><div><b>Price:</b> 179900.0 - 400900.0</div><div><b>Square Foot:</b> 1461 - 2511</div><div><b>Elementary:</b> Stonebridge Elementary</div><div><b>Middle:</b> Spanish Fort Middle School</div><div><b>High:</b> Spanish Fort High School</div><div><b>Submarket:</b> Central Baldwin</div><div><b>Hub:</b> Alabama Hub</div><div><b>City:</b> Daphne</div><div><b>Source:</b> Zonda export provided by user</div></div>]]></description>
      <styleUrl>#builder-drhorton</styleUrl>
      <Point><coordinates>-87.795047,30.674597,0</coordinates></Point>
    </Placemark>
    <Placemark>
      <name>Diamante</name>
      <description><![CDATA[<div><div><b>Builder:</b> D.R. Horton</div><div><b>Style Class:</b> builder-drhorton</div><div><b>Color:</b> #dc2626</div><div><b>Status:</b> Active</div><div><b>Product:</b> Single-Family Detached</div><div><b>Price:</b> </div><div><b>Square Foot:</b> </div><div><b>Elementary:</b> Daphne East Elementary School</div><div><b>Middle:</b> Daphne Middle School</div><div><b>High:</b> Daphne High School</div><div><b>Submarket:</b> West Baldwin</div><div><b>Hub:</b> Alabama Hub</div><div><b>City:</b> Daphne</div><div><b>Source:</b> Zonda export provided by user</div></div>]]></description>
      <styleUrl>#builder-drhorton</styleUrl>
      <Point><coordinates>-87.867807,30.630235,0</coordinates></Point>
    </Placemark>
    <Placemark>
      <name>Eagles Landing of Niceville</name>
      <description><![CDATA[<div><div><b>Builder:</b> Huff Homes</div><div><b>Style Class:</b> builder-other</div><div><b>Color:</b> #f97316</div><div><b>Status:</b> Active</div><div><b>Product:</b> Single-Family Detached</div><div><b>Price:</b> 622400.0</div><div><b>Square Foot:</b> </div><div><b>Elementary:</b> Lula J. Edge Elementary School</div><div><b>Middle:</b> C. W. Ruckel Middle School</div><div><b>High:</b> Niceville Senior High School</div><div><b>Submarket:</b> Fort Walton</div><div><b>Hub:</b> Pensacola Hub</div><div><b>City:</b> Niceville</div><div><b>Source:</b> Zonda export provided by user</div></div>]]></description>
      <styleUrl>#builder-other</styleUrl>
      <Point><coordinates>-86.470375,30.519377,0</coordinates></Point>
    </Placemark>
    <Placemark>
      <name>White Oak Estates</name>
      <description><![CDATA[<div><div><b>Builder:</b> Lennar Homes</div><div><b>Style Class:</b> builder-lennar</div><div><b>Color:</b> #2563eb</div><div><b>Status:</b> Active</div><div><b>Product:</b> Single-Family Detached</div><div><b>Price:</b> 243990.0 - 288990.0</div><div><b>Square Foot:</b> 1243 - 1840</div><div><b>Elementary:</b> Laurel Hill School</div><div><b>Middle:</b> Laurel Hill School</div><div><b>High:</b> Laurel Hill School</div><div><b>Submarket:</b> Laurel Hill</div><div><b>Hub:</b> Pensacola Hub</div><div><b>City:</b> Laurel Hill</div><div><b>Source:</b> Zonda export provided by user</div></div>]]></description>
      <styleUrl>#builder-lennar</styleUrl>
      <Point><coordinates>-86.468343,30.961009,0</coordinates></Point>
    </Placemark>
    <Placemark>
      <name>Silver Springs</name>
      <description><![CDATA[<div><div><b>Builder:</b> DSLD Homes</div><div><b>Style Class:</b> builder-dsld</div><div><b>Color:</b> #7c3aed</div><div><b>Status:</b> Active</div><div><b>Product:</b> Single-Family Detached</div><div><b>Price:</b> </div><div><b>Square Foot:</b> </div><div><b>Elementary:</b> Silverhill School</div><div><b>Middle:</b> Central Baldwin Middle School</div><div><b>High:</b> Robertsdale High School</div><div><b>Submarket:</b> Central Baldwin</div><div><b>Hub:</b> Alabama Hub</div><div><b>City:</b> Silverhill</div><div><b>Source:</b> Zonda export provided by user</div></div>]]></description>
      <styleUrl>#builder-dsld</styleUrl>
      <Point><coordinates>-87.767904,30.551445,0</coordinates></Point>
    </Placemark>
    <Placemark>
      <name>Las Colinas</name>
      <description><![CDATA[<div><div><b>Builder:</b> Holiday Builders</div><div><b>Style Class:</b> builder-holiday</div><div><b>Color:</b> #111827</div><div><b>Status:</b> Active</div><div><b>Product:</b> Single-Family Detached</div><div><b>Price:</b> 448990.0 - 468990.0</div><div><b>Square Foot:</b> 2482 - 3064</div><div><b>Elementary:</b> Berryhill Elementary School</div><div><b>Middle:</b> Hobbs Middle School</div><div><b>High:</b> Milton High School</div><div><b>Submarket:</b> Milton</div><div><b>Hub:</b> Pensacola Hub</div><div><b>City:</b> Milton</div><div><b>Source:</b> Zonda export provided by user</div></div>]]></description>
      <styleUrl>#builder-holiday</styleUrl>
      <Point><coordinates>-87.063412,30.632796,0</coordinates></Point>
    </Placemark>
    <Placemark>
      <name>Game Farm</name>
      <description><![CDATA[<div><div><b>Builder:</b> Ben Wortman Construction | Phillips Homes | Southern Coastal Homes</div><div><b>Style Class:</b> builder-other</div><div><b>Color:</b> #f97316</div><div><b>Status:</b> Active</div><div><b>Product:</b> Single-Family Detached</div><div><b>Price:</b> 329900.0 - 424900.0</div><div><b>Square Foot:</b> 1650 - 2237</div><div><b>Elementary:</b> Cedar Grove Elementary School</div><div><b>Middle:</b> Merritt Brown Middle School</div><div><b>High:</b> Bay High School</div><div><b>Submarket:</b> Panama City</div><div><b>Hub:</b> Panama City Hub</div><div><b>City:</b> Panama City</div><div><b>Source:</b> Zonda export provided by user</div></div>]]></description>
      <styleUrl>#builder-other</styleUrl>
      <Point><coordinates>-85.599746,30.199565,0</coordinates></Point>
    </Placemark>
    <Placemark>
      <name>Pond Creek Landing</name>
      <description><![CDATA[<div><div><b>Builder:</b> ?</div><div><b>Style Class:</b> builder-other</div><div><b>Color:</b> #f97316</div><div><b>Status:</b> Active</div><div><b>Product:</b> Single-Family Detached</div><div><b>Price:</b> </div><div><b>Square Foot:</b> </div><div><b>Elementary:</b> Chumuckla Elementary School; Central School</div><div><b>Middle:</b> Central School</div><div><b>High:</b> Central School</div><div><b>Submarket:</b> Pace</div><div><b>Hub:</b> Pensacola Hub</div><div><b>City:</b> Milton</div><div><b>Source:</b> Zonda export provided by user</div></div>]]></description>
      <styleUrl>#builder-other</styleUrl>
      <Point><coordinates>-87.134432,30.682676,0</coordinates></Point>
    </Placemark>
    <Placemark>
      <name>Lantern Ridge</name>
      <description><![CDATA[<div><div><b>Builder:</b> Linc Grant Construction</div><div><b>Style Class:</b> builder-other</div><div><b>Color:</b> #f97316</div><div><b>Status:</b> Active</div><div><b>Product:</b> Single-Family Detached</div><div><b>Price:</b> </div><div><b>Square Foot:</b> </div><div><b>Elementary:</b> Walker Elementary School</div><div><b>Middle:</b> Davidson Middle School</div><div><b>High:</b> Crestview High School</div><div><b>Submarket:</b> Crestview</div><div><b>Hub:</b> Pensacola Hub</div><div><b>City:</b> Crestview</div><div><b>Source:</b> Zonda export provided by user</div></div>]]></description>
      <styleUrl>#builder-other</styleUrl>
      <Point><coordinates>-86.548112,30.764625,0</coordinates></Point>
    </Placemark>
    <Placemark>
      <name>Oak Shores</name>
      <description><![CDATA[<div><div><b>Builder:</b> Spring River Custom Homes</div><div><b>Style Class:</b> builder-other</div><div><b>Color:</b> #f97316</div><div><b>Status:</b> Active</div><div><b>Product:</b> Single-Family Detached</div><div><b>Price:</b> </div><div><b>Square Foot:</b> </div><div><b>Elementary:</b> Orange Beach Elementary School</div><div><b>Middle:</b> Orange Beach Middle/High School</div><div><b>High:</b> Orange Beach Middle/High School</div><div><b>Submarket:</b> South Baldwin</div><div><b>Hub:</b> Alabama Hub</div><div><b>City:</b> Orange Beach</div><div><b>Source:</b> Zonda export provided by user</div></div>]]></description>
      <styleUrl>#builder-other</styleUrl>
      <Point><coordinates>-87.537712,30.298888,0</coordinates></Point>
    </Placemark>
    <Placemark>
      <name>Hawthorn</name>
      <description><![CDATA[<div><div><b>Builder:</b> Lennar Homes</div><div><b>Style Class:</b> builder-lennar</div><div><b>Color:</b> #2563eb</div><div><b>Status:</b> Active</div><div><b>Product:</b> Single-Family Detached</div><div><b>Price:</b> 274990.0 - 304990.0</div><div><b>Square Foot:</b> 1474 - 1891</div><div><b>Elementary:</b> Magnolia School</div><div><b>Middle:</b> Foley Middle School</div><div><b>High:</b> Foley High School</div><div><b>Submarket:</b> South Baldwin</div><div><b>Hub:</b> Alabama Hub</div><div><b>City:</b> Foley</div><div><b>Source:</b> Zonda export provided by user</div></div>]]></description>
      <styleUrl>#builder-lennar</styleUrl>
      <Point><coordinates>-87.75586,30.352337,0</coordinates></Point>
    </Placemark>
    <Placemark>
      <name>Mer Sea on Navarre Beach</name>
      <description><![CDATA[<div><div><b>Builder:</b> ?</div><div><b>Style Class:</b> builder-other</div><div><b>Color:</b> #f97316</div><div><b>Status:</b> Active</div><div><b>Product:</b> Single-Family Detached</div><div><b>Price:</b> </div><div><b>Square Foot:</b> </div><div><b>Elementary:</b> Holley-Navarre Intermediate School; Holley-Navarre Primary School</div><div><b>Middle:</b> Holley-Navarre Middle School</div><div><b>High:</b> Navarre High School</div><div><b>Submarket:</b> Pensacola Beaches</div><div><b>Hub:</b> Pensacola Hub</div><div><b>City:</b> Navarre</div><div><b>Source:</b> Zonda export provided by user</div></div>]]></description>
      <styleUrl>#builder-other</styleUrl>
      <Point><coordinates>-86.913382,30.374567,0</coordinates></Point>
    </Placemark>
    <Placemark>
      <name>Eventide Estates</name>
      <description><![CDATA[<div><div><b>Builder:</b> Sunchase Construction</div><div><b>Style Class:</b> builder-other</div><div><b>Color:</b> #f97316</div><div><b>Status:</b> Active</div><div><b>Product:</b> Single-Family Detached</div><div><b>Price:</b> </div><div><b>Square Foot:</b> </div><div><b>Elementary:</b> Bagdad Elementary School</div><div><b>Middle:</b> Avalon Middle School</div><div><b>High:</b> Milton High School</div><div><b>Submarket:</b> Pace</div><div><b>Hub:</b> Pensacola Hub</div><div><b>City:</b> Milton</div><div><b>Source:</b> Zonda export provided by user</div></div>]]></description>
      <styleUrl>#builder-other</styleUrl>
      <Point><coordinates>-87.09252,30.511966,0</coordinates></Point>
    </Placemark>
    <Placemark>
      <name>Buckhaven</name>
      <description><![CDATA[<div><div><b>Builder:</b> Adams Homes</div><div><b>Style Class:</b> builder-adams</div><div><b>Color:</b> #16a34a</div><div><b>Status:</b> Active</div><div><b>Product:</b> Single-Family Detached</div><div><b>Price:</b> </div><div><b>Square Foot:</b> </div><div><b>Elementary:</b> Baker School</div><div><b>Middle:</b> Baker School</div><div><b>High:</b> Baker School</div><div><b>Submarket:</b> Okaloosa County</div><div><b>Hub:</b> Growth Markets</div><div><b>City:</b> Baker</div><div><b>Source:</b> Zonda export provided by user</div></div>]]></description>
      <styleUrl>#builder-adams</styleUrl>
      <Point><coordinates>-86.640145,30.774778,0</coordinates></Point>
    </Placemark>
    <Placemark>
      <name>Heritage Lake</name>
      <description><![CDATA[<div><div><b>Builder:</b> D.R. Horton</div><div><b>Style Class:</b> builder-drhorton</div><div><b>Color:</b> #dc2626</div><div><b>Status:</b> Active</div><div><b>Product:</b> Single-Family Detached</div><div><b>Price:</b> 260900.0 - 436900.0</div><div><b>Square Foot:</b> 1281 - 3127</div><div><b>Elementary:</b> Taylor-White Elementary School</div><div><b>Middle:</b> Bernice J Causey Middle School</div><div><b>High:</b> Baker High School</div><div><b>Submarket:</b> Central Mobile</div><div><b>Hub:</b> Alabama Hub</div><div><b>City:</b> Mobile</div><div><b>Source:</b> Zonda export provided by user</div></div>]]></description>
      <styleUrl>#builder-drhorton</styleUrl>
      <Point><coordinates>-88.290467,30.672828,0</coordinates></Point>
    </Placemark>
    <Placemark>
      <name>Watersound/Greenway</name>
      <description><![CDATA[<div><div><b>Builder:</b> Arkon Group | Cole Construction &amp; Development | Dune Construction and Development | Huff Homes | Key Lime Construction | Romair Homes</div><div><b>Style Class:</b> builder-other</div><div><b>Color:</b> #f97316</div><div><b>Status:</b> Active</div><div><b>Product:</b> Single-Family Detached</div><div><b>Price:</b> </div><div><b>Square Foot:</b> </div><div><b>Elementary:</b> Bay Elementary School</div><div><b>Middle:</b> Emerald Coast Middle School</div><div><b>High:</b> South Walton High School</div><div><b>Submarket:</b> Walton and Bay Beaches</div><div><b>Hub:</b> Growth Markets</div><div><b>City:</b> Inlet Beach</div><div><b>Source:</b> Zonda export provided by user</div></div>]]></description>
      <styleUrl>#builder-other</styleUrl>
      <Point><coordinates>-86.013593,30.294952,0</coordinates></Point>
    </Placemark>
    <Placemark>
      <name>McCarthy Estates</name>
      <description><![CDATA[<div><div><b>Builder:</b> CJL Homes</div><div><b>Style Class:</b> builder-other</div><div><b>Color:</b> #f97316</div><div><b>Status:</b> Active</div><div><b>Product:</b> Single-Family Detached</div><div><b>Price:</b> </div><div><b>Square Foot:</b> </div><div><b>Elementary:</b> West Defuniak Elementary School; Maude Saunders Elementary School</div><div><b>Middle:</b> Walton Middle School</div><div><b>High:</b> Walton High School</div><div><b>Submarket:</b> Defuniak Springs</div><div><b>Hub:</b> Panama City Hub</div><div><b>City:</b> Defuniak Springs</div><div><b>Source:</b> Zonda export provided by user</div></div>]]></description>
      <styleUrl>#builder-other</styleUrl>
      <Point><coordinates>-86.132638,30.744763,0</coordinates></Point>
    </Placemark>
    <Placemark>
      <name>French Settlement</name>
      <description><![CDATA[<div><div><b>Builder:</b> D.R. Horton</div><div><b>Style Class:</b> builder-drhorton</div><div><b>Color:</b> #dc2626</div><div><b>Status:</b> Active</div><div><b>Product:</b> Single-Family Detached</div><div><b>Price:</b> </div><div><b>Square Foot:</b> </div><div><b>Elementary:</b> Daphne East Elementary School</div><div><b>Middle:</b> Daphne Middle School</div><div><b>High:</b> Daphne High School</div><div><b>Submarket:</b> West Baldwin</div><div><b>Hub:</b> Alabama Hub</div><div><b>City:</b> Daphne</div><div><b>Source:</b> Zonda export provided by user</div></div>]]></description>
      <styleUrl>#builder-drhorton</styleUrl>
      <Point><coordinates>-87.873158,30.622568,0</coordinates></Point>
    </Placemark>
    <Placemark>
      <name>Hammock Bay/Symphony </name>
      <description><![CDATA[<div><div><b>Builder:</b> Adams Homes | Coastal Builders of NW FL | D.R. Horton | DSLD Homes | Holiday Builders | Remyford Construction | Simmons Home Builders of NW Florida | Traton Homes</div><div><b>Style Class:</b> builder-adams</div><div><b>Color:</b> #16a34a</div><div><b>Status:</b> Active</div><div><b>Product:</b> Single-Family Detached</div><div><b>Price:</b> </div><div><b>Square Foot:</b> </div><div><b>Elementary:</b> Freeport Middle School; Freeport Elementary School</div><div><b>Middle:</b> Freeport Middle School</div><div><b>High:</b> Freeport Senior High School</div><div><b>Submarket:</b> Freeport</div><div><b>Hub:</b> Panama City Hub</div><div><b>City:</b> Freeport</div><div><b>Source:</b> Zonda export provided by user</div></div>]]></description>
      <styleUrl>#builder-adams</styleUrl>
      <Point><coordinates>-86.161757,30.489847,0</coordinates></Point>
    </Placemark>
    <Placemark>
      <name>Sandy Creek (Mobile)</name>
      <description><![CDATA[<div><div><b>Builder:</b> Cretin Townsend Homes | D.R. Horton</div><div><b>Style Class:</b> builder-other</div><div><b>Color:</b> #f97316</div><div><b>Status:</b> Active</div><div><b>Product:</b> Single-Family Detached</div><div><b>Price:</b> 398900.0 - 446900.0</div><div><b>Square Foot:</b> 2495 - 3113</div><div><b>Elementary:</b> Hutchens Elementary School; Dawes Intermediate School</div><div><b>Middle:</b> Bernice J Causey Middle School</div><div><b>High:</b> Baker High School</div><div><b>Submarket:</b> Central Mobile</div><div><b>Hub:</b> Alabama Hub</div><div><b>City:</b> Mobile</div><div><b>Source:</b> Zonda export provided by user</div></div>]]></description>
      <styleUrl>#builder-other</styleUrl>
      <Point><coordinates>-88.349575,30.607987,0</coordinates></Point>
    </Placemark>
    <Placemark>
      <name>Chateau Nemours/SF</name>
      <description><![CDATA[<div><div><b>Builder:</b> D.R. Horton</div><div><b>Style Class:</b> builder-drhorton</div><div><b>Color:</b> #dc2626</div><div><b>Status:</b> Active</div><div><b>Product:</b> Single-Family Detached</div><div><b>Price:</b> 323900.0 - 374900.0</div><div><b>Square Foot:</b> 1398 - 1960</div><div><b>Elementary:</b> </div><div><b>Middle:</b> </div><div><b>High:</b> </div><div><b>Submarket:</b> Gulf County</div><div><b>Hub:</b> Growth Markets</div><div><b>City:</b> Port Saint Joe</div><div><b>Source:</b> Zonda export provided by user</div></div>]]></description>
      <styleUrl>#builder-drhorton</styleUrl>
      <Point><coordinates>-85.27461,29.77634,0</coordinates></Point>
    </Placemark>
    <Placemark>
      <name>Clear Lake Estates</name>
      <description><![CDATA[<div><div><b>Builder:</b> Century Communities</div><div><b>Style Class:</b> builder-century</div><div><b>Color:</b> #7f1d1d</div><div><b>Status:</b> Active</div><div><b>Product:</b> Single-Family Detached</div><div><b>Price:</b> 285990.0 - 313990.0</div><div><b>Square Foot:</b> 1416 - 1773</div><div><b>Elementary:</b> Waller Elementary School</div><div><b>Middle:</b> Merritt Brown Middle School</div><div><b>High:</b> A. Crawford Mosley High School</div><div><b>Submarket:</b> Panama City</div><div><b>Hub:</b> Panama City Hub</div><div><b>City:</b> Youngstown</div><div><b>Source:</b> Zonda export provided by user</div></div>]]></description>
      <styleUrl>#builder-century</styleUrl>
      <Point><coordinates>-85.512902,30.311851,0</coordinates></Point>
    </Placemark>
    <Placemark>
      <name>Bridge Harbor Estuary</name>
      <description><![CDATA[<div><div><b>Builder:</b> D.R. Horton</div><div><b>Style Class:</b> builder-drhorton</div><div><b>Color:</b> #dc2626</div><div><b>Status:</b> Active</div><div><b>Product:</b> Single-Family Detached</div><div><b>Price:</b> </div><div><b>Square Foot:</b> </div><div><b>Elementary:</b> Parker Elementary School</div><div><b>Middle:</b> Rutherford High School</div><div><b>High:</b> Rutherford High School</div><div><b>Submarket:</b> Panama City</div><div><b>Hub:</b> Panama City Hub</div><div><b>City:</b> Panama City</div><div><b>Source:</b> Zonda export provided by user</div></div>]]></description>
      <styleUrl>#builder-drhorton</styleUrl>
      <Point><coordinates>-85.571686,30.125952,0</coordinates></Point>
    </Placemark>
    <Placemark>
      <name>Twin Palms at Inlet Beach</name>
      <description><![CDATA[<div><div><b>Builder:</b> Brock Built</div><div><b>Style Class:</b> builder-other</div><div><b>Color:</b> #f97316</div><div><b>Status:</b> Active</div><div><b>Product:</b> Single-Family Detached</div><div><b>Price:</b> 1399000.0 - 1590000.0</div><div><b>Square Foot:</b> 2901 - 2904</div><div><b>Elementary:</b> Bay Elementary School</div><div><b>Middle:</b> Emerald Coast Middle School</div><div><b>High:</b> South Walton High School</div><div><b>Submarket:</b> Walton and Bay Beaches</div><div><b>Hub:</b> Growth Markets</div><div><b>City:</b> Inlet Beach</div><div><b>Source:</b> Zonda export provided by user</div></div>]]></description>
      <styleUrl>#builder-other</styleUrl>
      <Point><coordinates>-86.006491,30.279021,0</coordinates></Point>
    </Placemark>
    <Placemark>
      <name>Hidden Lakes</name>
      <description><![CDATA[<div><div><b>Builder:</b> D.R. Horton</div><div><b>Style Class:</b> builder-drhorton</div><div><b>Color:</b> #dc2626</div><div><b>Status:</b> Active</div><div><b>Product:</b> Single-Family Detached</div><div><b>Price:</b> 267900.0 - 648990.0</div><div><b>Square Foot:</b> 1302 - 3340</div><div><b>Elementary:</b> Walker Elementary School</div><div><b>Middle:</b> Davidson Middle School</div><div><b>High:</b> Crestview High School</div><div><b>Submarket:</b> Laurel Hill</div><div><b>Hub:</b> Pensacola Hub</div><div><b>City:</b> Crestview</div><div><b>Source:</b> Zonda export provided by user</div></div>]]></description>
      <styleUrl>#builder-drhorton</styleUrl>
      <Point><coordinates>-86.524509,30.843605,0</coordinates></Point>
    </Placemark>
    <Placemark>
      <name>Traditions/SF</name>
      <description><![CDATA[<div><div><b>Builder:</b> Valor Communities</div><div><b>Style Class:</b> builder-valor</div><div><b>Color:</b> #ec4899</div><div><b>Status:</b> Active</div><div><b>Product:</b> Single-Family Detached</div><div><b>Price:</b> </div><div><b>Square Foot:</b> </div><div><b>Elementary:</b> Gulf Shores Elementary School</div><div><b>Middle:</b> Gulf Shores Middle School</div><div><b>High:</b> Gulf Shores High School</div><div><b>Submarket:</b> South Baldwin</div><div><b>Hub:</b> Alabama Hub</div><div><b>City:</b> Gulf Shores</div><div><b>Source:</b> Zonda export provided by user</div></div>]]></description>
      <styleUrl>#builder-valor</styleUrl>
      <Point><coordinates>-87.686405,30.315226,0</coordinates></Point>
    </Placemark>
    <Placemark>
      <name>Wildwood Estates/Brookhaven</name>
      <description><![CDATA[<div><div><b>Builder:</b> Adams Homes | D.R. Horton | Holiday Builders</div><div><b>Style Class:</b> builder-adams</div><div><b>Color:</b> #16a34a</div><div><b>Status:</b> Built Out</div><div><b>Product:</b> Single-Family Detached</div><div><b>Price:</b> </div><div><b>Square Foot:</b> </div><div><b>Elementary:</b> KINGSFIELD ELEMENTARY SCHOOL</div><div><b>Middle:</b> Ransom Middle School</div><div><b>High:</b> J. M. Tate Senior High School</div><div><b>Submarket:</b> Cantonment</div><div><b>Hub:</b> Pensacola Hub</div><div><b>City:</b> Cantonment</div><div><b>Source:</b> Zonda export provided by user</div></div>]]></description>
      <styleUrl>#builder-adams</styleUrl>
      <Point><coordinates>-87.352023,30.550485,0</coordinates></Point>
    </Placemark>
    <Placemark>
      <name>Pine Creek</name>
      <description><![CDATA[<div><div><b>Builder:</b> D.R. Horton</div><div><b>Style Class:</b> builder-drhorton</div><div><b>Color:</b> #dc2626</div><div><b>Status:</b> Built Out</div><div><b>Product:</b> Single-Family Detached</div><div><b>Price:</b> 364900.0 - 408900.0</div><div><b>Square Foot:</b> 1799 - 2145</div><div><b>Elementary:</b> </div><div><b>Middle:</b> </div><div><b>High:</b> </div><div><b>Submarket:</b> Gulf County</div><div><b>Hub:</b> Growth Markets</div><div><b>City:</b> Port Saint Joe</div><div><b>Source:</b> Zonda export provided by user</div></div>]]></description>
      <styleUrl>#builder-drhorton</styleUrl>
      <Point><coordinates>-85.285529,29.772702,0</coordinates></Point>
    </Placemark>
    <Placemark>
      <name>Sandy Oaks</name>
      <description><![CDATA[<div><div><b>Builder:</b> Meritage Homes</div><div><b>Style Class:</b> builder-meritage</div><div><b>Color:</b> #facc15</div><div><b>Status:</b> Active</div><div><b>Product:</b> Single-Family Detached</div><div><b>Price:</b> 310490.0 - 493990.0</div><div><b>Square Foot:</b> 1380 - 3394</div><div><b>Elementary:</b> Elberta Elementary School</div><div><b>Middle:</b> Elberta Middle School</div><div><b>High:</b> Elberta Middle School</div><div><b>Submarket:</b> South Baldwin</div><div><b>Hub:</b> Alabama Hub</div><div><b>City:</b> Elberta</div><div><b>Source:</b> Zonda export provided by user</div></div>]]></description>
      <styleUrl>#builder-meritage</styleUrl>
      <Point><coordinates>-87.616813,30.410828,0</coordinates></Point>
    </Placemark>
    <Placemark>
      <name>Avalon Beach</name>
      <description><![CDATA[<div><div><b>Builder:</b> Flynn Building Specialists | R&amp;K Construction</div><div><b>Style Class:</b> builder-other</div><div><b>Color:</b> #f97316</div><div><b>Status:</b> Active</div><div><b>Product:</b> Single-Family Detached</div><div><b>Price:</b> </div><div><b>Square Foot:</b> </div><div><b>Elementary:</b> Bennett C Russell Elementary School</div><div><b>Middle:</b> Avalon Middle School</div><div><b>High:</b> Milton High School</div><div><b>Submarket:</b> Pace</div><div><b>Hub:</b> Pensacola Hub</div><div><b>City:</b> Milton</div><div><b>Source:</b> Zonda export provided by user</div></div>]]></description>
      <styleUrl>#builder-other</styleUrl>
      <Point><coordinates>-87.110053,30.544206,0</coordinates></Point>
    </Placemark>
    <Placemark>
      <name>Summer Oaks</name>
      <description><![CDATA[<div><div><b>Builder:</b> Adams Homes</div><div><b>Style Class:</b> builder-adams</div><div><b>Color:</b> #16a34a</div><div><b>Status:</b> Active</div><div><b>Product:</b> Single-Family Detached</div><div><b>Price:</b> 248800.0 - 255300.0</div><div><b>Square Foot:</b> 1250 - 1454</div><div><b>Elementary:</b> W J Carroll Intermediate School; Daphne Elementary School</div><div><b>Middle:</b> Daphne Middle School</div><div><b>High:</b> Daphne High School</div><div><b>Submarket:</b> West Baldwin</div><div><b>Hub:</b> Alabama Hub</div><div><b>City:</b> Daphne</div><div><b>Source:</b> Zonda export provided by user</div></div>]]></description>
      <styleUrl>#builder-adams</styleUrl>
      <Point><coordinates>-87.904634,30.627279,0</coordinates></Point>
    </Placemark>
    <Placemark>
      <name>Longleaf</name>
      <description><![CDATA[<div><div><b>Builder:</b> ?</div><div><b>Style Class:</b> builder-other</div><div><b>Color:</b> #f97316</div><div><b>Status:</b> Active</div><div><b>Product:</b> Single-Family Detached</div><div><b>Price:</b> </div><div><b>Square Foot:</b> </div><div><b>Elementary:</b> Delta Elementary School</div><div><b>Middle:</b> Bay Minette Middle School</div><div><b>High:</b> Baldwin Co High School</div><div><b>Submarket:</b> Central Baldwin</div><div><b>Hub:</b> Alabama Hub</div><div><b>City:</b> Bay Minette</div><div><b>Source:</b> Zonda export provided by user</div></div>]]></description>
      <styleUrl>#builder-other</styleUrl>
      <Point><coordinates>-87.877629,30.782156,0</coordinates></Point>
    </Placemark>
    <Placemark>
      <name>Inlet Cove</name>
      <description><![CDATA[<div><div><b>Builder:</b> Coastal Custom Homebuilding</div><div><b>Style Class:</b> builder-other</div><div><b>Color:</b> #f97316</div><div><b>Status:</b> Active</div><div><b>Product:</b> Single-Family Detached</div><div><b>Price:</b> 1000000.0 - 2000000.0</div><div><b>Square Foot:</b> </div><div><b>Elementary:</b> Bay Elementary School</div><div><b>Middle:</b> Emerald Coast Middle School</div><div><b>High:</b> South Walton High School</div><div><b>Submarket:</b> Walton and Bay Beaches</div><div><b>Hub:</b> Growth Markets</div><div><b>City:</b> Inlet Beach</div><div><b>Source:</b> Zonda export provided by user</div></div>]]></description>
      <styleUrl>#builder-other</styleUrl>
      <Point><coordinates>-86.002295,30.278076,0</coordinates></Point>
    </Placemark>
    <Placemark>
      <name>Jubilee Farms (Baldwin)</name>
      <description><![CDATA[<div><div><b>Builder:</b> D.R. Horton</div><div><b>Style Class:</b> builder-drhorton</div><div><b>Color:</b> #dc2626</div><div><b>Status:</b> Active</div><div><b>Product:</b> Single-Family Detached</div><div><b>Price:</b> 412650.0 - 559900.0</div><div><b>Square Foot:</b> 2091 - 2874</div><div><b>Elementary:</b> Belforest Elementary School</div><div><b>Middle:</b> Daphne Middle School</div><div><b>High:</b> Daphne High School</div><div><b>Submarket:</b> West Baldwin</div><div><b>Hub:</b> Alabama Hub</div><div><b>City:</b> Daphne</div><div><b>Source:</b> Zonda export provided by user</div></div>]]></description>
      <styleUrl>#builder-drhorton</styleUrl>
      <Point><coordinates>-87.850574,30.582495,0</coordinates></Point>
    </Placemark>
    <Placemark>
      <name>Johnson Westlake</name>
      <description><![CDATA[<div><div><b>Builder:</b> D.R. Horton</div><div><b>Style Class:</b> builder-drhorton</div><div><b>Color:</b> #dc2626</div><div><b>Status:</b> Active</div><div><b>Product:</b> Single-Family Detached</div><div><b>Price:</b> </div><div><b>Square Foot:</b> </div><div><b>Elementary:</b> Hutchens Elementary School; Dawes Intermediate School</div><div><b>Middle:</b> Bernice J Causey Middle School</div><div><b>High:</b> Baker High School</div><div><b>Submarket:</b> Central Mobile</div><div><b>Hub:</b> Alabama Hub</div><div><b>City:</b> Mobile</div><div><b>Source:</b> Zonda export provided by user</div></div>]]></description>
      <styleUrl>#builder-drhorton</styleUrl>
      <Point><coordinates>-88.288459,30.624959,0</coordinates></Point>
    </Placemark>
    <Placemark>
      <name>Shell Landing</name>
      <description><![CDATA[<div><div><b>Builder:</b> Century Communities</div><div><b>Style Class:</b> builder-century</div><div><b>Color:</b> #7f1d1d</div><div><b>Status:</b> Built Out</div><div><b>Product:</b> Single-Family Detached</div><div><b>Price:</b> 251990.0 - 263990.0</div><div><b>Square Foot:</b> 1416 - 1684</div><div><b>Elementary:</b> Chumuckla Elementary School; Central School</div><div><b>Middle:</b> Central School</div><div><b>High:</b> Central School</div><div><b>Submarket:</b> Santa Rosa County</div><div><b>Hub:</b> Growth Markets</div><div><b>City:</b> Jay</div><div><b>Source:</b> Zonda export provided by user</div></div>]]></description>
      <styleUrl>#builder-century</styleUrl>
      <Point><coordinates>-87.127426,30.772325,0</coordinates></Point>
    </Placemark>
    <Placemark>
      <name>Magnolia Bay Estates (Bay)</name>
      <description><![CDATA[<div><div><b>Builder:</b> RJ Investors</div><div><b>Style Class:</b> builder-other</div><div><b>Color:</b> #f97316</div><div><b>Status:</b> Active</div><div><b>Product:</b> Single-Family Detached</div><div><b>Price:</b> </div><div><b>Square Foot:</b> </div><div><b>Elementary:</b> Patronis Elementary School; Surfside Middle School</div><div><b>Middle:</b> Surfside Middle School</div><div><b>High:</b> Surfside Middle School; J.R. Arnold High School</div><div><b>Submarket:</b> Walton and Bay Beaches</div><div><b>Hub:</b> Growth Markets</div><div><b>City:</b> Panama City</div><div><b>Source:</b> Zonda export provided by user</div></div>]]></description>
      <styleUrl>#builder-other</styleUrl>
      <Point><coordinates>-85.731665,30.158813,0</coordinates></Point>
    </Placemark>
    <Placemark>
      <name>Hope Vineyard</name>
      <description><![CDATA[<div><div><b>Builder:</b> D.R. Horton | Maronda Homes</div><div><b>Style Class:</b> builder-drhorton</div><div><b>Color:</b> #dc2626</div><div><b>Status:</b> Active</div><div><b>Product:</b> Single-Family Detached</div><div><b>Price:</b> 354900.0 - 638900.0</div><div><b>Square Foot:</b> 1737 - 3130</div><div><b>Elementary:</b> Daphne East Elementary School</div><div><b>Middle:</b> Daphne Middle School</div><div><b>High:</b> Daphne High School</div><div><b>Submarket:</b> West Baldwin</div><div><b>Hub:</b> Alabama Hub</div><div><b>City:</b> Daphne</div><div><b>Source:</b> Zonda export provided by user</div></div>]]></description>
      <styleUrl>#builder-drhorton</styleUrl>
      <Point><coordinates>-87.867273,30.572679,0</coordinates></Point>
    </Placemark>
    <Placemark>
      <name>Dogwood Estates</name>
      <description><![CDATA[<div><div><b>Builder:</b> D.R. Horton</div><div><b>Style Class:</b> builder-drhorton</div><div><b>Color:</b> #dc2626</div><div><b>Status:</b> Active</div><div><b>Product:</b> Single-Family Detached</div><div><b>Price:</b> 265900.0 - 272900.0</div><div><b>Square Foot:</b> 1281 - 1504</div><div><b>Elementary:</b> Summerdale School</div><div><b>Middle:</b> Summerdale School</div><div><b>High:</b> Elberta Middle School</div><div><b>Submarket:</b> Central Baldwin</div><div><b>Hub:</b> Alabama Hub</div><div><b>City:</b> Summerdale</div><div><b>Source:</b> Zonda export provided by user</div></div>]]></description>
      <styleUrl>#builder-drhorton</styleUrl>
      <Point><coordinates>-87.663963,30.501975,0</coordinates></Point>
    </Placemark>
    <Placemark>
      <name>Windswept Estates</name>
      <description><![CDATA[<div><div><b>Builder:</b> D.R. Horton | Holiday Builders</div><div><b>Style Class:</b> builder-drhorton</div><div><b>Color:</b> #dc2626</div><div><b>Status:</b> Active</div><div><b>Product:</b> Single-Family Detached</div><div><b>Price:</b> 438990.0 - 525990.0</div><div><b>Square Foot:</b> 2052 - 3064</div><div><b>Elementary:</b> Freeport Middle School; Freeport Elementary School</div><div><b>Middle:</b> Freeport Middle School</div><div><b>High:</b> Freeport Senior High School</div><div><b>Submarket:</b> Walton County</div><div><b>Hub:</b> Growth Markets</div><div><b>City:</b> Freeport</div><div><b>Source:</b> Zonda export provided by user</div></div>]]></description>
      <styleUrl>#builder-drhorton</styleUrl>
      <Point><coordinates>-86.040133,30.495736,0</coordinates></Point>
    </Placemark>
    <Placemark>
      <name>Owls Head/Nest</name>
      <description><![CDATA[<div><div><b>Builder:</b> D.R. Horton | Valor Communities</div><div><b>Style Class:</b> builder-drhorton</div><div><b>Color:</b> #dc2626</div><div><b>Status:</b> Active</div><div><b>Product:</b> Single-Family Detached</div><div><b>Price:</b> </div><div><b>Square Foot:</b> </div><div><b>Elementary:</b> Freeport Middle School; Freeport Elementary School</div><div><b>Middle:</b> Freeport Middle School</div><div><b>High:</b> Freeport Senior High School</div><div><b>Submarket:</b> Freeport</div><div><b>Hub:</b> Panama City Hub</div><div><b>City:</b> Defuniak Springs</div><div><b>Source:</b> Zonda export provided by user</div></div>]]></description>
      <styleUrl>#builder-drhorton</styleUrl>
      <Point><coordinates>-86.101935,30.554473,0</coordinates></Point>
    </Placemark>
    <Placemark>
      <name>Longmire Estates</name>
      <description><![CDATA[<div><div><b>Builder:</b> D.R. Horton</div><div><b>Style Class:</b> builder-drhorton</div><div><b>Color:</b> #dc2626</div><div><b>Status:</b> Active</div><div><b>Product:</b> Single-Family Detached</div><div><b>Price:</b> 434900.0 - 489900.0</div><div><b>Square Foot:</b> 2495 - 3113</div><div><b>Elementary:</b> Meadowlake Elementary School</div><div><b>Middle:</b> Katherine H Hankins Middle School</div><div><b>High:</b> Theodore High School</div><div><b>Submarket:</b> Central Mobile</div><div><b>Hub:</b> Alabama Hub</div><div><b>City:</b> Theodore</div><div><b>Source:</b> Zonda export provided by user</div></div>]]></description>
      <styleUrl>#builder-drhorton</styleUrl>
      <Point><coordinates>-88.258023,30.595927,0</coordinates></Point>
    </Placemark>
    <Placemark>
      <name>Alys Beach/BK FF</name>
      <description><![CDATA[<div><div><b>Builder:</b> ?</div><div><b>Style Class:</b> builder-other</div><div><b>Color:</b> #f97316</div><div><b>Status:</b> Active</div><div><b>Product:</b> Single-Family Detached</div><div><b>Price:</b> </div><div><b>Square Foot:</b> </div><div><b>Elementary:</b> Bay Elementary School</div><div><b>Middle:</b> Emerald Coast Middle School</div><div><b>High:</b> South Walton High School</div><div><b>Submarket:</b> Walton and Bay Beaches</div><div><b>Hub:</b> Growth Markets</div><div><b>City:</b> Inlet Beach</div><div><b>Source:</b> Zonda export provided by user</div></div>]]></description>
      <styleUrl>#builder-other</styleUrl>
      <Point><coordinates>-86.03283,30.287611,0</coordinates></Point>
    </Placemark>
    <Placemark>
      <name>Old Battles Village </name>
      <description><![CDATA[<div><div><b>Builder:</b> D.R. Horton</div><div><b>Style Class:</b> builder-drhorton</div><div><b>Color:</b> #dc2626</div><div><b>Status:</b> Active</div><div><b>Product:</b> Single-Family Detached</div><div><b>Price:</b> 576950.0 - 624900.0</div><div><b>Square Foot:</b> 2430 - 2806</div><div><b>Elementary:</b> Fairhope Elementary School; Fairhope High School</div><div><b>Middle:</b> Fairhope Middle School</div><div><b>High:</b> Fairhope High School</div><div><b>Submarket:</b> West Baldwin</div><div><b>Hub:</b> Alabama Hub</div><div><b>City:</b> Fairhope</div><div><b>Source:</b> Zonda export provided by user</div></div>]]></description>
      <styleUrl>#builder-drhorton</styleUrl>
      <Point><coordinates>-87.891463,30.496535,0</coordinates></Point>
    </Placemark>
    <Placemark>
      <name>Lake Merial/SF</name>
      <description><![CDATA[<div><div><b>Builder:</b> Adams Homes | D.R. Horton | Holiday Builders</div><div><b>Style Class:</b> builder-adams</div><div><b>Color:</b> #16a34a</div><div><b>Status:</b> Active</div><div><b>Product:</b> Single-Family Detached</div><div><b>Price:</b> 390990.0 - 488990.0</div><div><b>Square Foot:</b> 1824 - 3064</div><div><b>Elementary:</b> Deane Bozeman School</div><div><b>Middle:</b> Deane Bozeman School</div><div><b>High:</b> Deane Bozeman School</div><div><b>Submarket:</b> Panama City</div><div><b>Hub:</b> Panama City Hub</div><div><b>City:</b> Panama City</div><div><b>Source:</b> Zonda export provided by user</div></div>]]></description>
      <styleUrl>#builder-adams</styleUrl>
      <Point><coordinates>-85.681315,30.381715,0</coordinates></Point>
    </Placemark>
    <Placemark>
      <name>Bright Meadows</name>
      <description><![CDATA[<div><div><b>Builder:</b> Flynn Building Specialists</div><div><b>Style Class:</b> builder-other</div><div><b>Color:</b> #f97316</div><div><b>Status:</b> Active</div><div><b>Product:</b> Single-Family Detached</div><div><b>Price:</b> 375900.0 - 547900.0</div><div><b>Square Foot:</b> 1845 - 3025</div><div><b>Elementary:</b> Berryhill Elementary School</div><div><b>Middle:</b> Martin Luther King Middle School</div><div><b>High:</b> Milton High School</div><div><b>Submarket:</b> Pace</div><div><b>Hub:</b> Pensacola Hub</div><div><b>City:</b> Milton</div><div><b>Source:</b> Zonda export provided by user</div></div>]]></description>
      <styleUrl>#builder-other</styleUrl>
      <Point><coordinates>-87.10361,30.673183,0</coordinates></Point>
    </Placemark>
    <Placemark>
      <name>Savannah Estates</name>
      <description><![CDATA[<div><div><b>Builder:</b> DSLD Homes</div><div><b>Style Class:</b> builder-dsld</div><div><b>Color:</b> #7c3aed</div><div><b>Status:</b> Active</div><div><b>Product:</b> Single-Family Detached</div><div><b>Price:</b> 319990.0 - 439990.0</div><div><b>Square Foot:</b> 1517 - 2720</div><div><b>Elementary:</b> Belforest Elementary School</div><div><b>Middle:</b> Daphne Middle School</div><div><b>High:</b> Daphne High School</div><div><b>Submarket:</b> West Baldwin</div><div><b>Hub:</b> Alabama Hub</div><div><b>City:</b> Daphne</div><div><b>Source:</b> Zonda export provided by user</div></div>]]></description>
      <styleUrl>#builder-dsld</styleUrl>
      <Point><coordinates>-87.834995,30.610507,0</coordinates></Point>
    </Placemark>
    <Placemark>
      <name>Emmaline Gardens </name>
      <description><![CDATA[<div><div><b>Builder:</b> Adams Homes</div><div><b>Style Class:</b> builder-adams</div><div><b>Color:</b> #16a34a</div><div><b>Status:</b> Active</div><div><b>Product:</b> Single-Family Detached</div><div><b>Price:</b> 327355.0 - 404432.0</div><div><b>Square Foot:</b> 1605 - 3044</div><div><b>Elementary:</b> Berryhill Elementary School</div><div><b>Middle:</b> Hobbs Middle School</div><div><b>High:</b> Milton High School</div><div><b>Submarket:</b> Pace</div><div><b>Hub:</b> Pensacola Hub</div><div><b>City:</b> Milton</div><div><b>Source:</b> Zonda export provided by user</div></div>]]></description>
      <styleUrl>#builder-adams</styleUrl>
      <Point><coordinates>-87.105699,30.660661,0</coordinates></Point>
    </Placemark>
    <Placemark>
      <name>Safari Farms</name>
      <description><![CDATA[<div><div><b>Builder:</b> ?</div><div><b>Style Class:</b> builder-other</div><div><b>Color:</b> #f97316</div><div><b>Status:</b> Active</div><div><b>Product:</b> Single-Family Detached</div><div><b>Price:</b> </div><div><b>Square Foot:</b> </div><div><b>Elementary:</b> Summerdale School</div><div><b>Middle:</b> Summerdale School</div><div><b>High:</b> Elberta Middle School</div><div><b>Submarket:</b> Central Baldwin</div><div><b>Hub:</b> Alabama Hub</div><div><b>City:</b> Summerdale</div><div><b>Source:</b> Zonda export provided by user</div></div>]]></description>
      <styleUrl>#builder-other</styleUrl>
      <Point><coordinates>-87.703862,30.492488,0</coordinates></Point>
    </Placemark>
    <Placemark>
      <name>Owls Head Farms/SF</name>
      <description><![CDATA[<div><div><b>Builder:</b> D.R. Horton</div><div><b>Style Class:</b> builder-drhorton</div><div><b>Color:</b> #dc2626</div><div><b>Status:</b> Active</div><div><b>Product:</b> Single-Family Detached</div><div><b>Price:</b> 325900.0 - 554900.0</div><div><b>Square Foot:</b> 1458 - 3129</div><div><b>Elementary:</b> Freeport Middle School; Freeport Elementary School</div><div><b>Middle:</b> Freeport Middle School</div><div><b>High:</b> Freeport Senior High School</div><div><b>Submarket:</b> Freeport</div><div><b>Hub:</b> Panama City Hub</div><div><b>City:</b> Freeport</div><div><b>Source:</b> Zonda export provided by user</div></div>]]></description>
      <styleUrl>#builder-drhorton</styleUrl>
      <Point><coordinates>-86.111462,30.540815,0</coordinates></Point>
    </Placemark>
    <Placemark>
      <name>Sunset Villas </name>
      <description><![CDATA[<div><div><b>Builder:</b> Prominence Homes &amp; Communities</div><div><b>Style Class:</b> builder-other</div><div><b>Color:</b> #f97316</div><div><b>Status:</b> Built Out</div><div><b>Product:</b> Single-Family Detached</div><div><b>Price:</b> </div><div><b>Square Foot:</b> </div><div><b>Elementary:</b> Orange Beach Elementary School</div><div><b>Middle:</b> Orange Beach Middle/High School</div><div><b>High:</b> Orange Beach Middle/High School</div><div><b>Submarket:</b> South Baldwin</div><div><b>Hub:</b> Alabama Hub</div><div><b>City:</b> Orange Beach</div><div><b>Source:</b> Zonda export provided by user</div></div>]]></description>
      <styleUrl>#builder-other</styleUrl>
      <Point><coordinates>-87.590086,30.29313,0</coordinates></Point>
    </Placemark>
    <Placemark>
      <name>Wellborn Lake Estates</name>
      <description><![CDATA[<div><div><b>Builder:</b> D.R. Horton</div><div><b>Style Class:</b> builder-drhorton</div><div><b>Color:</b> #dc2626</div><div><b>Status:</b> Active</div><div><b>Product:</b> Single-Family Detached</div><div><b>Price:</b> </div><div><b>Square Foot:</b> </div><div><b>Elementary:</b> Magnolia School</div><div><b>Middle:</b> Foley Middle School</div><div><b>High:</b> Foley High School</div><div><b>Submarket:</b> South Baldwin</div><div><b>Hub:</b> Alabama Hub</div><div><b>City:</b> Foley</div><div><b>Source:</b> Zonda export provided by user</div></div>]]></description>
      <styleUrl>#builder-drhorton</styleUrl>
      <Point><coordinates>-87.731598,30.352945,0</coordinates></Point>
    </Placemark>
    <Placemark>
      <name>Cottages of Aventura</name>
      <description><![CDATA[<div><div><b>Builder:</b> Lennar Homes</div><div><b>Style Class:</b> builder-lennar</div><div><b>Color:</b> #2563eb</div><div><b>Status:</b> Active</div><div><b>Product:</b> Single-Family Detached</div><div><b>Price:</b> 284990.0 - 341400.0</div><div><b>Square Foot:</b> 1474 - 2440</div><div><b>Elementary:</b> Robertsdale Elementary School</div><div><b>Middle:</b> Central Baldwin Middle School</div><div><b>High:</b> Robertsdale High School</div><div><b>Submarket:</b> Central Baldwin</div><div><b>Hub:</b> Alabama Hub</div><div><b>City:</b> Loxley</div><div><b>Source:</b> Zonda export provided by user</div></div>]]></description>
      <styleUrl>#builder-lennar</styleUrl>
      <Point><coordinates>-87.735665,30.583454,0</coordinates></Point>
    </Placemark>
    <Placemark>
      <name>Southern Belle</name>
      <description><![CDATA[<div><div><b>Builder:</b> Jacob Locke Construction</div><div><b>Style Class:</b> builder-other</div><div><b>Color:</b> #f97316</div><div><b>Status:</b> Active</div><div><b>Product:</b> Single-Family Detached</div><div><b>Price:</b> </div><div><b>Square Foot:</b> </div><div><b>Elementary:</b> Walker Elementary School</div><div><b>Middle:</b> Davidson Middle School</div><div><b>High:</b> Crestview High School</div><div><b>Submarket:</b> Crestview</div><div><b>Hub:</b> Pensacola Hub</div><div><b>City:</b> Crestview</div><div><b>Source:</b> Zonda export provided by user</div></div>]]></description>
      <styleUrl>#builder-other</styleUrl>
      <Point><coordinates>-86.476663,30.808556,0</coordinates></Point>
    </Placemark>
    <Placemark>
      <name>Sunny Hills/Unit 23</name>
      <description><![CDATA[<div><div><b>Builder:</b> ?</div><div><b>Style Class:</b> builder-other</div><div><b>Color:</b> #f97316</div><div><b>Status:</b> Active</div><div><b>Product:</b> Single-Family Detached</div><div><b>Price:</b> </div><div><b>Square Foot:</b> </div><div><b>Elementary:</b> Vernon Elementary School; Kate M. Smith Elementary School</div><div><b>Middle:</b> Roulhac Middle School; Vernon Middle School</div><div><b>High:</b> Chipley High School; Vernon High School</div><div><b>Submarket:</b> Washington County</div><div><b>Hub:</b> Growth Markets</div><div><b>City:</b> Chipley</div><div><b>Source:</b> Zonda export provided by user</div></div>]]></description>
      <styleUrl>#builder-other</styleUrl>
      <Point><coordinates>-85.546411,30.580678,0</coordinates></Point>
    </Placemark>
    <Placemark>
      <name>Graystone Estates</name>
      <description><![CDATA[<div><div><b>Builder:</b> D.R. Horton | Holiday Builders</div><div><b>Style Class:</b> builder-drhorton</div><div><b>Color:</b> #dc2626</div><div><b>Status:</b> Built Out</div><div><b>Product:</b> Single-Family Detached</div><div><b>Price:</b> </div><div><b>Square Foot:</b> </div><div><b>Elementary:</b> KINGSFIELD ELEMENTARY SCHOOL</div><div><b>Middle:</b> Ransom Middle School</div><div><b>High:</b> J. M. Tate Senior High School</div><div><b>Submarket:</b> Cantonment</div><div><b>Hub:</b> Pensacola Hub</div><div><b>City:</b> Cantonment</div><div><b>Source:</b> Zonda export provided by user</div></div>]]></description>
      <styleUrl>#builder-drhorton</styleUrl>
      <Point><coordinates>-87.342288,30.599599,0</coordinates></Point>
    </Placemark>
    <Placemark>
      <name>Serenity at Dune Allen/Reserves</name>
      <description><![CDATA[<div><div><b>Builder:</b> Trotter's General Contractors,</div><div><b>Style Class:</b> builder-other</div><div><b>Color:</b> #f97316</div><div><b>Status:</b> Active</div><div><b>Product:</b> Single-Family Detached</div><div><b>Price:</b> </div><div><b>Square Foot:</b> </div><div><b>Elementary:</b> Van R. Butler Elementary School</div><div><b>Middle:</b> Emerald Coast Middle School</div><div><b>High:</b> South Walton High School</div><div><b>Submarket:</b> Walton and Bay Beaches</div><div><b>Hub:</b> Growth Markets</div><div><b>City:</b> Santa Rosa Beach</div><div><b>Source:</b> Zonda export provided by user</div></div>]]></description>
      <styleUrl>#builder-other</styleUrl>
      <Point><coordinates>-86.253904,30.358769,0</coordinates></Point>
    </Placemark>
    <Placemark>
      <name>Spanish Cove</name>
      <description><![CDATA[<div><div><b>Builder:</b> D.R. Horton</div><div><b>Style Class:</b> builder-drhorton</div><div><b>Color:</b> #dc2626</div><div><b>Status:</b> Built Out</div><div><b>Product:</b> Single-Family Detached</div><div><b>Price:</b> </div><div><b>Square Foot:</b> </div><div><b>Elementary:</b> Elberta Elementary School</div><div><b>Middle:</b> Elberta Middle School</div><div><b>High:</b> Elberta Middle School</div><div><b>Submarket:</b> South Baldwin</div><div><b>Hub:</b> Alabama Hub</div><div><b>City:</b> Lillian</div><div><b>Source:</b> Zonda export provided by user</div></div>]]></description>
      <styleUrl>#builder-drhorton</styleUrl>
      <Point><coordinates>-87.454699,30.401449,0</coordinates></Point>
    </Placemark>
    <Placemark>
      <name>Pine Blossom </name>
      <description><![CDATA[<div><div><b>Builder:</b> ?</div><div><b>Style Class:</b> builder-other</div><div><b>Color:</b> #f97316</div><div><b>Status:</b> Active</div><div><b>Product:</b> Single-Family Detached</div><div><b>Price:</b> </div><div><b>Square Foot:</b> </div><div><b>Elementary:</b> W. H. Rhodes Elementary School</div><div><b>Middle:</b> Martin Luther King Middle School</div><div><b>High:</b> Milton High School</div><div><b>Submarket:</b> Milton</div><div><b>Hub:</b> Pensacola Hub</div><div><b>City:</b> Milton</div><div><b>Source:</b> Zonda export provided by user</div></div>]]></description>
      <styleUrl>#builder-other</styleUrl>
      <Point><coordinates>-87.079094,30.678929,0</coordinates></Point>
    </Placemark>
    <Placemark>
      <name>Sanctuary Beach (Bay)</name>
      <description><![CDATA[<div><div><b>Builder:</b> D.R. Horton | Nadeau Construction</div><div><b>Style Class:</b> builder-drhorton</div><div><b>Color:</b> #dc2626</div><div><b>Status:</b> Active</div><div><b>Product:</b> Single-Family Detached</div><div><b>Price:</b> 429900.0 - 594900.0</div><div><b>Square Foot:</b> 1771 - 2550</div><div><b>Elementary:</b> Patronis Elementary School; Surfside Middle School</div><div><b>Middle:</b> Surfside Middle School</div><div><b>High:</b> Surfside Middle School; J.R. Arnold High School</div><div><b>Submarket:</b> Walton and Bay Beaches</div><div><b>Hub:</b> Growth Markets</div><div><b>City:</b> Panama City</div><div><b>Source:</b> Zonda export provided by user</div></div>]]></description>
      <styleUrl>#builder-drhorton</styleUrl>
      <Point><coordinates>-85.716495,30.142211,0</coordinates></Point>
    </Placemark>
    <Placemark>
      <name>BelMar</name>
      <description><![CDATA[<div><div><b>Builder:</b> Cobalt Builders</div><div><b>Style Class:</b> builder-other</div><div><b>Color:</b> #f97316</div><div><b>Status:</b> Active</div><div><b>Product:</b> Single-Family Detached</div><div><b>Price:</b> </div><div><b>Square Foot:</b> </div><div><b>Elementary:</b> Breakfast Point Academy</div><div><b>Middle:</b> Breakfast Point Academy</div><div><b>High:</b> J.R. Arnold High School</div><div><b>Submarket:</b> Walton and Bay Beaches</div><div><b>Hub:</b> Growth Markets</div><div><b>City:</b> Panama City</div><div><b>Source:</b> Zonda export provided by user</div></div>]]></description>
      <styleUrl>#builder-other</styleUrl>
      <Point><coordinates>-85.790438,30.174993,0</coordinates></Point>
    </Placemark>
    <Placemark>
      <name>Arbor Walk/Southwood</name>
      <description><![CDATA[<div><div><b>Builder:</b> Lennar Homes</div><div><b>Style Class:</b> builder-lennar</div><div><b>Color:</b> #2563eb</div><div><b>Status:</b> Active</div><div><b>Product:</b> Single-Family Detached</div><div><b>Price:</b> 304990.0 - 369990.0</div><div><b>Square Foot:</b> 1550 - 2142</div><div><b>Elementary:</b> Florence B Mathis Elementary</div><div><b>Middle:</b> Foley Middle School</div><div><b>High:</b> Foley High School</div><div><b>Submarket:</b> South Baldwin</div><div><b>Hub:</b> Alabama Hub</div><div><b>City:</b> Foley</div><div><b>Source:</b> Zonda export provided by user</div></div>]]></description>
      <styleUrl>#builder-lennar</styleUrl>
      <Point><coordinates>-87.706724,30.357679,0</coordinates></Point>
    </Placemark>
    <Placemark>
      <name>Bream Pond</name>
      <description><![CDATA[<div><div><b>Builder:</b> Southern Coastal Homes</div><div><b>Style Class:</b> builder-other</div><div><b>Color:</b> #f97316</div><div><b>Status:</b> Active</div><div><b>Product:</b> Single-Family Detached</div><div><b>Price:</b> </div><div><b>Square Foot:</b> </div><div><b>Elementary:</b> Deane Bozeman School</div><div><b>Middle:</b> Deane Bozeman School</div><div><b>High:</b> Deane Bozeman School</div><div><b>Submarket:</b> Panama City</div><div><b>Hub:</b> Panama City Hub</div><div><b>City:</b> Panama City</div><div><b>Source:</b> Zonda export provided by user</div></div>]]></description>
      <styleUrl>#builder-other</styleUrl>
      <Point><coordinates>-85.672708,30.420721,0</coordinates></Point>
    </Placemark>
    <Placemark>
      <name>Hadley Village</name>
      <description><![CDATA[<div><div><b>Builder:</b> D.R. Horton</div><div><b>Style Class:</b> builder-drhorton</div><div><b>Color:</b> #dc2626</div><div><b>Status:</b> Active</div><div><b>Product:</b> Single-Family Detached</div><div><b>Price:</b> 318900.0 - 331900.0</div><div><b>Square Foot:</b> 1510 - 2031</div><div><b>Elementary:</b> Foley Elementary School</div><div><b>Middle:</b> Foley Middle School</div><div><b>High:</b> Foley High School</div><div><b>Submarket:</b> Central Baldwin</div><div><b>Hub:</b> Alabama Hub</div><div><b>City:</b> Foley</div><div><b>Source:</b> Zonda export provided by user</div></div>]]></description>
      <styleUrl>#builder-drhorton</styleUrl>
      <Point><coordinates>-87.680878,30.441911,0</coordinates></Point>
    </Placemark>
    <Placemark>
      <name>Dees Plantation</name>
      <description><![CDATA[<div><div><b>Builder:</b> D.R. Horton</div><div><b>Style Class:</b> builder-drhorton</div><div><b>Color:</b> #dc2626</div><div><b>Status:</b> Active</div><div><b>Product:</b> Single-Family Detached</div><div><b>Price:</b> 359900.0 - 463820.0</div><div><b>Square Foot:</b> 2246 - 3113</div><div><b>Elementary:</b> Breitling Elementary School</div><div><b>Middle:</b> Grand Bay Middle School</div><div><b>High:</b> Alma Bryant High School</div><div><b>Submarket:</b> Central Mobile</div><div><b>Hub:</b> Alabama Hub</div><div><b>City:</b> Grand Bay</div><div><b>Source:</b> Zonda export provided by user</div></div>]]></description>
      <styleUrl>#builder-drhorton</styleUrl>
      <Point><coordinates>-88.339434,30.568476,0</coordinates></Point>
    </Placemark>
    <Placemark>
      <name>Watersound/Powell Landing West</name>
      <description><![CDATA[<div><div><b>Builder:</b> Arkon Group | Discovered Coast Homes | Huff Homes | Key Lime Construction | Romair Homes</div><div><b>Style Class:</b> builder-other</div><div><b>Color:</b> #f97316</div><div><b>Status:</b> Active</div><div><b>Product:</b> Single-Family Detached</div><div><b>Price:</b> </div><div><b>Square Foot:</b> </div><div><b>Elementary:</b> Bay Elementary School</div><div><b>Middle:</b> Emerald Coast Middle School</div><div><b>High:</b> South Walton High School</div><div><b>Submarket:</b> Walton and Bay Beaches</div><div><b>Hub:</b> Growth Markets</div><div><b>City:</b> Panama City Beach</div><div><b>Source:</b> Zonda export provided by user</div></div>]]></description>
      <styleUrl>#builder-other</styleUrl>
      <Point><coordinates>-86.001493,30.289434,0</coordinates></Point>
    </Placemark>
    <Placemark>
      <name>Young Oaks</name>
      <description><![CDATA[<div><div><b>Builder:</b> DSLD Homes</div><div><b>Style Class:</b> builder-dsld</div><div><b>Color:</b> #7c3aed</div><div><b>Status:</b> Active</div><div><b>Product:</b> Single-Family Detached</div><div><b>Price:</b> 345990.0 - 429990.0</div><div><b>Square Foot:</b> 1820 - 2779</div><div><b>Elementary:</b> Bob Sikes Elementary School</div><div><b>Middle:</b> Davidson Middle School</div><div><b>High:</b> Crestview High School</div><div><b>Submarket:</b> Crestview</div><div><b>Hub:</b> Pensacola Hub</div><div><b>City:</b> Crestview</div><div><b>Source:</b> Zonda export provided by user</div></div>]]></description>
      <styleUrl>#builder-dsld</styleUrl>
      <Point><coordinates>-86.567232,30.801043,0</coordinates></Point>
    </Placemark>
    <Placemark>
      <name>Hill Top</name>
      <description><![CDATA[<div><div><b>Builder:</b> Achee Builders | Frostholm Construction | Omega Design Group | Tom Beirster Fine Homebuilding</div><div><b>Style Class:</b> builder-other</div><div><b>Color:</b> #f97316</div><div><b>Status:</b> Active</div><div><b>Product:</b> Single-Family Detached</div><div><b>Price:</b> </div><div><b>Square Foot:</b> </div><div><b>Elementary:</b> Fairhope Elementary School; Fairhope High School</div><div><b>Middle:</b> Fairhope Middle School</div><div><b>High:</b> Fairhope High School</div><div><b>Submarket:</b> West Baldwin</div><div><b>Hub:</b> Alabama Hub</div><div><b>City:</b> Fairhope</div><div><b>Source:</b> Zonda export provided by user</div></div>]]></description>
      <styleUrl>#builder-other</styleUrl>
      <Point><coordinates>-87.904912,30.49923,0</coordinates></Point>
    </Placemark>
    <Placemark>
      <name>Bienville Landing </name>
      <description><![CDATA[<div><div><b>Builder:</b> D.R. Horton</div><div><b>Style Class:</b> builder-drhorton</div><div><b>Color:</b> #dc2626</div><div><b>Status:</b> Active</div><div><b>Product:</b> Single-Family Detached</div><div><b>Price:</b> 269900.0 - 285900.0</div><div><b>Square Foot:</b> 1281 - 1504</div><div><b>Elementary:</b> Magnolia School</div><div><b>Middle:</b> Foley Middle School</div><div><b>High:</b> Foley High School</div><div><b>Submarket:</b> South Baldwin</div><div><b>Hub:</b> Alabama Hub</div><div><b>City:</b> Foley</div><div><b>Source:</b> Zonda export provided by user</div></div>]]></description>
      <styleUrl>#builder-drhorton</styleUrl>
      <Point><coordinates>-87.736559,30.333853,0</coordinates></Point>
    </Placemark>
    <Placemark>
      <name>Addies Place </name>
      <description><![CDATA[<div><div><b>Builder:</b> Randy Wise Homes</div><div><b>Style Class:</b> builder-other</div><div><b>Color:</b> #f97316</div><div><b>Status:</b> Active</div><div><b>Product:</b> Single-Family Detached</div><div><b>Price:</b> 759990.0 - 939990.0</div><div><b>Square Foot:</b> 2141 - 3265</div><div><b>Elementary:</b> Bluewater Elementary School</div><div><b>Middle:</b> C. W. Ruckel Middle School</div><div><b>High:</b> Niceville Senior High School</div><div><b>Submarket:</b> Fort Walton</div><div><b>Hub:</b> Pensacola Hub</div><div><b>City:</b> Niceville</div><div><b>Source:</b> Zonda export provided by user</div></div>]]></description>
      <styleUrl>#builder-other</styleUrl>
      <Point><coordinates>-86.43319,30.48278,0</coordinates></Point>
    </Placemark>
    <Placemark>
      <name>Westpointe Place</name>
      <description><![CDATA[<div><div><b>Builder:</b> Adams Homes</div><div><b>Style Class:</b> builder-adams</div><div><b>Color:</b> #16a34a</div><div><b>Status:</b> Active</div><div><b>Product:</b> Single-Family Detached</div><div><b>Price:</b> 269325.0 - 313400.0</div><div><b>Square Foot:</b> 1250 - 1766</div><div><b>Elementary:</b> Myrtle Grove Elementary School</div><div><b>Middle:</b> </div><div><b>High:</b> Escambia High School</div><div><b>Submarket:</b> Pensacola</div><div><b>Hub:</b> Pensacola Hub</div><div><b>City:</b> Pensacola</div><div><b>Source:</b> Zonda export provided by user</div></div>]]></description>
      <styleUrl>#builder-adams</styleUrl>
      <Point><coordinates>-87.317603,30.405132,0</coordinates></Point>
    </Placemark>
    <Placemark>
      <name>Madelyn Woods</name>
      <description><![CDATA[<div><div><b>Builder:</b> FD Builds | Randall Builders Group</div><div><b>Style Class:</b> builder-other</div><div><b>Color:</b> #f97316</div><div><b>Status:</b> Active</div><div><b>Product:</b> Single-Family Detached</div><div><b>Price:</b> 349900.0 - 440000.0</div><div><b>Square Foot:</b> 1607 - 2469</div><div><b>Elementary:</b> Blue Angels Elementary School</div><div><b>Middle:</b> Jim C. Bailey Middle School</div><div><b>High:</b> Escambia High School</div><div><b>Submarket:</b> Pensacola</div><div><b>Hub:</b> Pensacola Hub</div><div><b>City:</b> Pensacola</div><div><b>Source:</b> Zonda export provided by user</div></div>]]></description>
      <styleUrl>#builder-other</styleUrl>
      <Point><coordinates>-87.361652,30.388668,0</coordinates></Point>
    </Placemark>
    <Placemark>
      <name>Fairhope Falls</name>
      <description><![CDATA[<div><div><b>Builder:</b> Century Communities | D.R. Horton</div><div><b>Style Class:</b> builder-century</div><div><b>Color:</b> #7f1d1d</div><div><b>Status:</b> Active</div><div><b>Product:</b> Single-Family Detached</div><div><b>Price:</b> 345900.0 - 452900.0</div><div><b>Square Foot:</b> 1835 - 2874</div><div><b>Elementary:</b> Fairhope East Elementary; Fairhope High School</div><div><b>Middle:</b> Fairhope Middle School</div><div><b>High:</b> Fairhope High School</div><div><b>Submarket:</b> West Baldwin</div><div><b>Hub:</b> Alabama Hub</div><div><b>City:</b> Fairhope</div><div><b>Source:</b> Zonda export provided by user</div></div>]]></description>
      <styleUrl>#builder-century</styleUrl>
      <Point><coordinates>-87.801437,30.540452,0</coordinates></Point>
    </Placemark>
    <Placemark>
      <name>Royal Estates</name>
      <description><![CDATA[<div><div><b>Builder:</b> D.R. Horton</div><div><b>Style Class:</b> builder-drhorton</div><div><b>Color:</b> #dc2626</div><div><b>Status:</b> Built Out</div><div><b>Product:</b> Single-Family Detached</div><div><b>Price:</b> 309900.0 - 403900.0</div><div><b>Square Foot:</b> 1387 - 2012</div><div><b>Elementary:</b> Riverside Elementary School</div><div><b>Middle:</b> Shoal River Middle School</div><div><b>High:</b> Crestview High School</div><div><b>Submarket:</b> Crestview</div><div><b>Hub:</b> Pensacola Hub</div><div><b>City:</b> Crestview</div><div><b>Source:</b> Zonda export provided by user</div></div>]]></description>
      <styleUrl>#builder-drhorton</styleUrl>
      <Point><coordinates>-86.532353,30.744657,0</coordinates></Point>
    </Placemark>
    <Placemark>
      <name>Carrington</name>
      <description><![CDATA[<div><div><b>Builder:</b> Lennar Homes | Thomas Home Corporation</div><div><b>Style Class:</b> builder-lennar</div><div><b>Color:</b> #2563eb</div><div><b>Status:</b> Active</div><div><b>Product:</b> Single-Family Detached</div><div><b>Price:</b> </div><div><b>Square Foot:</b> </div><div><b>Elementary:</b> Jim Allen Elementary School</div><div><b>Middle:</b> Ransom Middle School</div><div><b>High:</b> J. M. Tate Senior High School</div><div><b>Submarket:</b> Cantonment</div><div><b>Hub:</b> Pensacola Hub</div><div><b>City:</b> Cantonment</div><div><b>Source:</b> Zonda export provided by user</div></div>]]></description>
      <styleUrl>#builder-lennar</styleUrl>
      <Point><coordinates>-87.339966,30.651307,0</coordinates></Point>
    </Placemark>
    <Placemark>
      <name>Breakfast Point</name>
      <description><![CDATA[<div><div><b>Builder:</b> Samuel Taylor Homes | Southern Coastal Homes</div><div><b>Style Class:</b> builder-other</div><div><b>Color:</b> #f97316</div><div><b>Status:</b> Built Out</div><div><b>Product:</b> Single-Family Detached</div><div><b>Price:</b> 325000.0 - 555000.0</div><div><b>Square Foot:</b> 1652 - 2113</div><div><b>Elementary:</b> Breakfast Point Academy</div><div><b>Middle:</b> Breakfast Point Academy</div><div><b>High:</b> J.R. Arnold High School</div><div><b>Submarket:</b> Walton and Bay Beaches</div><div><b>Hub:</b> Growth Markets</div><div><b>City:</b> Panama City Beach</div><div><b>Source:</b> Zonda export provided by user</div></div>]]></description>
      <styleUrl>#builder-other</styleUrl>
      <Point><coordinates>-85.804753,30.198493,0</coordinates></Point>
    </Placemark>
    <Placemark>
      <name>Woodlands/SF</name>
      <description><![CDATA[<div><div><b>Builder:</b> D.R. Horton | Henry Company Homes</div><div><b>Style Class:</b> builder-drhorton</div><div><b>Color:</b> #dc2626</div><div><b>Status:</b> Built Out</div><div><b>Product:</b> Single-Family Detached</div><div><b>Price:</b> 316900.0 - 424900.0</div><div><b>Square Foot:</b> 1387 - 2593</div><div><b>Elementary:</b> Pea Ridge Elementary School</div><div><b>Middle:</b> Avalon Middle School</div><div><b>High:</b> Pace High School</div><div><b>Submarket:</b> Pace</div><div><b>Hub:</b> Pensacola Hub</div><div><b>City:</b> Milton</div><div><b>Source:</b> Zonda export provided by user</div></div>]]></description>
      <styleUrl>#builder-drhorton</styleUrl>
      <Point><coordinates>-87.120188,30.578345,0</coordinates></Point>
    </Placemark>
    <Placemark>
      <name>Crossings, The</name>
      <description><![CDATA[<div><div><b>Builder:</b> D.R. Horton</div><div><b>Style Class:</b> builder-drhorton</div><div><b>Color:</b> #dc2626</div><div><b>Status:</b> Active</div><div><b>Product:</b> Single-Family Detached</div><div><b>Price:</b> 314900.0 - 334900.0</div><div><b>Square Foot:</b> 2054 - 2289</div><div><b>Elementary:</b> Pearl Haskew Elementary School</div><div><b>Middle:</b> Katherine H Hankins Middle School</div><div><b>High:</b> Theodore High School</div><div><b>Submarket:</b> Central Mobile</div><div><b>Hub:</b> Alabama Hub</div><div><b>City:</b> Theodore</div><div><b>Source:</b> Zonda export provided by user</div></div>]]></description>
      <styleUrl>#builder-drhorton</styleUrl>
      <Point><coordinates>-88.229107,30.566466,0</coordinates></Point>
    </Placemark>
    <Placemark>
      <name>Heathers Place </name>
      <description><![CDATA[<div><div><b>Builder:</b> Henry Company Homes</div><div><b>Style Class:</b> builder-other</div><div><b>Color:</b> #f97316</div><div><b>Status:</b> Active</div><div><b>Product:</b> Single-Family Detached</div><div><b>Price:</b> 289900.0 - 386982.0</div><div><b>Square Foot:</b> 1473 - 2201</div><div><b>Elementary:</b> West Navarre Intermediate School; West Navarre Primary School</div><div><b>Middle:</b> Woodlawn Beach Middle School</div><div><b>High:</b> Navarre High School</div><div><b>Submarket:</b> Pensacola Beaches</div><div><b>Hub:</b> Pensacola Hub</div><div><b>City:</b> Gulf Breeze</div><div><b>Source:</b> Zonda export provided by user</div></div>]]></description>
      <styleUrl>#builder-other</styleUrl>
      <Point><coordinates>-86.957926,30.419419,0</coordinates></Point>
    </Placemark>
    <Placemark>
      <name>Carillon Beach </name>
      <description><![CDATA[<div><div><b>Builder:</b> STT Properties</div><div><b>Style Class:</b> builder-other</div><div><b>Color:</b> #f97316</div><div><b>Status:</b> Active</div><div><b>Product:</b> Single-Family Detached</div><div><b>Price:</b> </div><div><b>Square Foot:</b> </div><div><b>Elementary:</b> Surfside Middle School; West Bay Elementary School</div><div><b>Middle:</b> Surfside Middle School</div><div><b>High:</b> Surfside Middle School; J.R. Arnold High School</div><div><b>Submarket:</b> Walton and Bay Beaches</div><div><b>Hub:</b> Growth Markets</div><div><b>City:</b> Panama City Beach</div><div><b>Source:</b> Zonda export provided by user</div></div>]]></description>
      <styleUrl>#builder-other</styleUrl>
      <Point><coordinates>-85.983168,30.26573,0</coordinates></Point>
    </Placemark>
    <Placemark>
      <name>Hadleys Beach</name>
      <description><![CDATA[<div><div><b>Builder:</b> Grayt-A Construction</div><div><b>Style Class:</b> builder-other</div><div><b>Color:</b> #f97316</div><div><b>Status:</b> Active</div><div><b>Product:</b> Single-Family Detached</div><div><b>Price:</b> </div><div><b>Square Foot:</b> </div><div><b>Elementary:</b> Patronis Elementary School; Surfside Middle School</div><div><b>Middle:</b> Surfside Middle School</div><div><b>High:</b> Surfside Middle School; J.R. Arnold High School</div><div><b>Submarket:</b> Walton and Bay Beaches</div><div><b>Hub:</b> Growth Markets</div><div><b>City:</b> Panama City</div><div><b>Source:</b> Zonda export provided by user</div></div>]]></description>
      <styleUrl>#builder-other</styleUrl>
      <Point><coordinates>-85.763257,30.148187,0</coordinates></Point>
    </Placemark>
    <Placemark>
      <name>Harvey Heights</name>
      <description><![CDATA[<div><div><b>Builder:</b> Holiday Builders</div><div><b>Style Class:</b> builder-holiday</div><div><b>Color:</b> #111827</div><div><b>Status:</b> Active</div><div><b>Product:</b> Single-Family Detached</div><div><b>Price:</b> 286990.0 - 315990.0</div><div><b>Square Foot:</b> 1516 - 2062</div><div><b>Elementary:</b> Parker Elementary School</div><div><b>Middle:</b> Rutherford High School</div><div><b>High:</b> Rutherford High School</div><div><b>Submarket:</b> Panama City</div><div><b>Hub:</b> Panama City Hub</div><div><b>City:</b> Panama City</div><div><b>Source:</b> Zonda export provided by user</div></div>]]></description>
      <styleUrl>#builder-holiday</styleUrl>
      <Point><coordinates>-85.596373,30.151009,0</coordinates></Point>
    </Placemark>
    <Placemark>
      <name>Alys Beach/BK YY</name>
      <description><![CDATA[<div><div><b>Builder:</b> Alys Beach Construction | Arkon Group</div><div><b>Style Class:</b> builder-other</div><div><b>Color:</b> #f97316</div><div><b>Status:</b> Active</div><div><b>Product:</b> Single-Family Detached</div><div><b>Price:</b> </div><div><b>Square Foot:</b> </div><div><b>Elementary:</b> Bay Elementary School</div><div><b>Middle:</b> Emerald Coast Middle School</div><div><b>High:</b> South Walton High School</div><div><b>Submarket:</b> Walton and Bay Beaches</div><div><b>Hub:</b> Growth Markets</div><div><b>City:</b> Inlet Beach</div><div><b>Source:</b> Zonda export provided by user</div></div>]]></description>
      <styleUrl>#builder-other</styleUrl>
      <Point><coordinates>-86.032423,30.285435,0</coordinates></Point>
    </Placemark>
    <Placemark>
      <name>Parkside</name>
      <description><![CDATA[<div><div><b>Builder:</b> D.R. Horton</div><div><b>Style Class:</b> builder-drhorton</div><div><b>Color:</b> #dc2626</div><div><b>Status:</b> Active</div><div><b>Product:</b> Single-Family Detached</div><div><b>Price:</b> 999900.0 - 1369900.0</div><div><b>Square Foot:</b> 2428 - 3920</div><div><b>Elementary:</b> Van R. Butler Elementary School</div><div><b>Middle:</b> Emerald Coast Middle School</div><div><b>High:</b> South Walton High School</div><div><b>Submarket:</b> Walton and Bay Beaches</div><div><b>Hub:</b> Growth Markets</div><div><b>City:</b> Santa Rosa Beach</div><div><b>Source:</b> Zonda export provided by user</div></div>]]></description>
      <styleUrl>#builder-drhorton</styleUrl>
      <Point><coordinates>-86.269341,30.367292,0</coordinates></Point>
    </Placemark>
    <Placemark>
      <name>Martin Preserve</name>
      <description><![CDATA[<div><div><b>Builder:</b> D.R. Horton</div><div><b>Style Class:</b> builder-drhorton</div><div><b>Color:</b> #dc2626</div><div><b>Status:</b> Active</div><div><b>Product:</b> Single-Family Detached</div><div><b>Price:</b> 308900.0 - 390900.0</div><div><b>Square Foot:</b> 1354 - 2219</div><div><b>Elementary:</b> Pleasant Grove Elementary School</div><div><b>Middle:</b> Jim C. Bailey Middle School</div><div><b>High:</b> Escambia High School</div><div><b>Submarket:</b> Pensacola</div><div><b>Hub:</b> Pensacola Hub</div><div><b>City:</b> Pensacola</div><div><b>Source:</b> Zonda export provided by user</div></div>]]></description>
      <styleUrl>#builder-drhorton</styleUrl>
      <Point><coordinates>-87.348835,30.376416,0</coordinates></Point>
    </Placemark>
    <Placemark>
      <name>Doyle Hawkins Landing</name>
      <description><![CDATA[<div><div><b>Builder:</b> Herbst Homes</div><div><b>Style Class:</b> builder-other</div><div><b>Color:</b> #f97316</div><div><b>Status:</b> Active</div><div><b>Product:</b> Single-Family Detached</div><div><b>Price:</b> 424900.0 - 569900.0</div><div><b>Square Foot:</b> 1880 - 2711</div><div><b>Elementary:</b> Holley-Navarre Intermediate School; Holley-Navarre Primary School</div><div><b>Middle:</b> Holley-Navarre Middle School</div><div><b>High:</b> Navarre High School</div><div><b>Submarket:</b> Eglin AFB</div><div><b>Hub:</b> Growth Markets</div><div><b>City:</b> Navarre</div><div><b>Source:</b> Zonda export provided by user</div></div>]]></description>
      <styleUrl>#builder-other</styleUrl>
      <Point><coordinates>-86.903743,30.459882,0</coordinates></Point>
    </Placemark>
    <Placemark>
      <name>Turtle Creek</name>
      <description><![CDATA[<div><div><b>Builder:</b> Adams Homes</div><div><b>Style Class:</b> builder-adams</div><div><b>Color:</b> #16a34a</div><div><b>Status:</b> Active</div><div><b>Product:</b> Single-Family Detached</div><div><b>Price:</b> 232800.0 - 278725.0</div><div><b>Square Foot:</b> 1250 - 1515</div><div><b>Elementary:</b> Jim Allen Elementary School</div><div><b>Middle:</b> Ransom Middle School</div><div><b>High:</b> J. M. Tate Senior High School</div><div><b>Submarket:</b> Cantonment</div><div><b>Hub:</b> Pensacola Hub</div><div><b>City:</b> Cantonment</div><div><b>Source:</b> Zonda export provided by user</div></div>]]></description>
      <styleUrl>#builder-adams</styleUrl>
      <Point><coordinates>-87.342887,30.641497,0</coordinates></Point>
    </Placemark>
    <Placemark>
      <name>Brizo</name>
      <description><![CDATA[<div><div><b>Builder:</b> Brock Built</div><div><b>Style Class:</b> builder-other</div><div><b>Color:</b> #f97316</div><div><b>Status:</b> Active</div><div><b>Product:</b> Single-Family Detached</div><div><b>Price:</b> 665000.0 - 724900.0</div><div><b>Square Foot:</b> 2199 - 2818</div><div><b>Elementary:</b> Van R. Butler Elementary School</div><div><b>Middle:</b> Emerald Coast Middle School</div><div><b>High:</b> South Walton High School</div><div><b>Submarket:</b> Walton and Bay Beaches</div><div><b>Hub:</b> Growth Markets</div><div><b>City:</b> Santa Rosa Beach</div><div><b>Source:</b> Zonda export provided by user</div></div>]]></description>
      <styleUrl>#builder-other</styleUrl>
      <Point><coordinates>-86.270776,30.391066,0</coordinates></Point>
    </Placemark>
    <Placemark>
      <name>Sawmill Court</name>
      <description><![CDATA[<div><div><b>Builder:</b> Century Communities | Halifax Homes</div><div><b>Style Class:</b> builder-century</div><div><b>Color:</b> #7f1d1d</div><div><b>Status:</b> Built Out</div><div><b>Product:</b> Single-Family Detached</div><div><b>Price:</b> 253990.0 - 306990.0</div><div><b>Square Foot:</b> 1398 - 2180</div><div><b>Elementary:</b> West Defuniak Elementary School; Maude Saunders Elementary School</div><div><b>Middle:</b> Walton Middle School</div><div><b>High:</b> Walton High School</div><div><b>Submarket:</b> Walton County</div><div><b>Hub:</b> Growth Markets</div><div><b>City:</b> Defuniak Springs</div><div><b>Source:</b> Zonda export provided by user</div></div>]]></description>
      <styleUrl>#builder-century</styleUrl>
      <Point><coordinates>-86.027656,30.701473,0</coordinates></Point>
    </Placemark>
    <Placemark>
      <name>Summer Salt</name>
      <description><![CDATA[<div><div><b>Builder:</b> D.R. Horton</div><div><b>Style Class:</b> builder-drhorton</div><div><b>Color:</b> #dc2626</div><div><b>Status:</b> Built Out</div><div><b>Product:</b> Single-Family Detached</div><div><b>Price:</b> 625000.0 - 871900.0</div><div><b>Square Foot:</b> 1507 - 2557</div><div><b>Elementary:</b> Orange Beach Elementary School</div><div><b>Middle:</b> Orange Beach Middle/High School</div><div><b>High:</b> Orange Beach Middle/High School</div><div><b>Submarket:</b> South Baldwin</div><div><b>Hub:</b> Alabama Hub</div><div><b>City:</b> Orange Beach</div><div><b>Source:</b> Zonda export provided by user</div></div>]]></description>
      <styleUrl>#builder-drhorton</styleUrl>
      <Point><coordinates>-87.612826,30.267938,0</coordinates></Point>
    </Placemark>
    <Placemark>
      <name>Bayou Pines</name>
      <description><![CDATA[<div><div><b>Builder:</b> D.R. Horton</div><div><b>Style Class:</b> builder-drhorton</div><div><b>Color:</b> #dc2626</div><div><b>Status:</b> Built Out</div><div><b>Product:</b> Single-Family Detached</div><div><b>Price:</b> </div><div><b>Square Foot:</b> </div><div><b>Elementary:</b> Van R. Butler Elementary School</div><div><b>Middle:</b> Emerald Coast Middle School</div><div><b>High:</b> South Walton High School</div><div><b>Submarket:</b> Walton and Bay Beaches</div><div><b>Hub:</b> Growth Markets</div><div><b>City:</b> Santa Rosa Beach</div><div><b>Source:</b> Zonda export provided by user</div></div>]]></description>
      <styleUrl>#builder-drhorton</styleUrl>
      <Point><coordinates>-86.300581,30.392551,0</coordinates></Point>
    </Placemark>
    <Placemark>
      <name>Alys Beach/BK AC</name>
      <description><![CDATA[<div><div><b>Builder:</b> Alys Beach Construction | Arkon Group | Craft Custom Homes | Davis Dunn Construction | Galvas Construction | Gulfview Development &amp; Construction | Hufham/Farris Construction | JC Craig</div><div><b>Style Class:</b> builder-other</div><div><b>Color:</b> #f97316</div><div><b>Status:</b> Active</div><div><b>Product:</b> Single-Family Detached</div><div><b>Price:</b> 2000000.0 - 8000000.0</div><div><b>Square Foot:</b> </div><div><b>Elementary:</b> Bay Elementary School</div><div><b>Middle:</b> Emerald Coast Middle School</div><div><b>High:</b> South Walton High School</div><div><b>Submarket:</b> Walton and Bay Beaches</div><div><b>Hub:</b> Growth Markets</div><div><b>City:</b> Inlet Beach</div><div><b>Source:</b> Zonda export provided by user</div></div>]]></description>
      <styleUrl>#builder-other</styleUrl>
      <Point><coordinates>-86.032819,30.284576,0</coordinates></Point>
    </Placemark>
    <Placemark>
      <name>Turquoise</name>
      <description><![CDATA[<div><div><b>Builder:</b> ?</div><div><b>Style Class:</b> builder-other</div><div><b>Color:</b> #f97316</div><div><b>Status:</b> Active</div><div><b>Product:</b> Single-Family Detached</div><div><b>Price:</b> </div><div><b>Square Foot:</b> </div><div><b>Elementary:</b> Van R. Butler Elementary School</div><div><b>Middle:</b> Emerald Coast Middle School</div><div><b>High:</b> South Walton High School</div><div><b>Submarket:</b> Walton and Bay Beaches</div><div><b>Hub:</b> Growth Markets</div><div><b>City:</b> Santa Rosa Beach</div><div><b>Source:</b> Zonda export provided by user</div></div>]]></description>
      <styleUrl>#builder-other</styleUrl>
      <Point><coordinates>-86.236833,30.356549,0</coordinates></Point>
    </Placemark>
    <Placemark>
      <name>Wildwood Estates/Iron Rock</name>
      <description><![CDATA[<div><div><b>Builder:</b> Celebrity Home Builders | D.R. Horton | DSLD Homes | KW Custom Homes | Signature Homes</div><div><b>Style Class:</b> builder-other</div><div><b>Color:</b> #f97316</div><div><b>Status:</b> Active</div><div><b>Product:</b> Single-Family Detached</div><div><b>Price:</b> 344990.0 - 614990.0</div><div><b>Square Foot:</b> 1624 - 3359</div><div><b>Elementary:</b> KINGSFIELD ELEMENTARY SCHOOL</div><div><b>Middle:</b> Ransom Middle School</div><div><b>High:</b> J. M. Tate Senior High School</div><div><b>Submarket:</b> Cantonment</div><div><b>Hub:</b> Pensacola Hub</div><div><b>City:</b> Cantonment</div><div><b>Source:</b> Zonda export provided by user</div></div>]]></description>
      <styleUrl>#builder-other</styleUrl>
      <Point><coordinates>-87.36688,30.567947,0</coordinates></Point>
    </Placemark>
    <Placemark>
      <name>Sunny Hills/Unit 17</name>
      <description><![CDATA[<div><div><b>Builder:</b> ?</div><div><b>Style Class:</b> builder-other</div><div><b>Color:</b> #f97316</div><div><b>Status:</b> Active</div><div><b>Product:</b> Single-Family Detached</div><div><b>Price:</b> </div><div><b>Square Foot:</b> </div><div><b>Elementary:</b> Vernon Elementary School; Kate M. Smith Elementary School</div><div><b>Middle:</b> Roulhac Middle School; Vernon Middle School</div><div><b>High:</b> Chipley High School; Vernon High School</div><div><b>Submarket:</b> Washington County</div><div><b>Hub:</b> Growth Markets</div><div><b>City:</b> Chipley</div><div><b>Source:</b> Zonda export provided by user</div></div>]]></description>
      <styleUrl>#builder-other</styleUrl>
      <Point><coordinates>-85.585909,30.553497,0</coordinates></Point>
    </Placemark>
    <Placemark>
      <name>King's Landing</name>
      <description><![CDATA[<div><div><b>Builder:</b> Traton Homes</div><div><b>Style Class:</b> builder-other</div><div><b>Color:</b> #f97316</div><div><b>Status:</b> Active</div><div><b>Product:</b> Single-Family Detached</div><div><b>Price:</b> 535000.0 - 675000.0</div><div><b>Square Foot:</b> 1693 - 3079</div><div><b>Elementary:</b> Northside Elementary School</div><div><b>Middle:</b> Jinks Middle School</div><div><b>High:</b> Bay High School</div><div><b>Submarket:</b> Panama City</div><div><b>Hub:</b> Panama City Hub</div><div><b>City:</b> Panama City</div><div><b>Source:</b> Zonda export provided by user</div></div>]]></description>
      <styleUrl>#builder-other</styleUrl>
      <Point><coordinates>-85.69996,30.197336,0</coordinates></Point>
    </Placemark>
    <Placemark>
      <name>Oak Grove Estates</name>
      <description><![CDATA[<div><div><b>Builder:</b> Adams Homes</div><div><b>Style Class:</b> builder-adams</div><div><b>Color:</b> #16a34a</div><div><b>Status:</b> Active</div><div><b>Product:</b> Single-Family Detached</div><div><b>Price:</b> 517300.0 - 568300.0</div><div><b>Square Foot:</b> 2300 - 3000</div><div><b>Elementary:</b> Daphne East Elementary School</div><div><b>Middle:</b> Daphne Middle School</div><div><b>High:</b> Daphne High School</div><div><b>Submarket:</b> West Baldwin</div><div><b>Hub:</b> Alabama Hub</div><div><b>City:</b> Daphne</div><div><b>Source:</b> Zonda export provided by user</div></div>]]></description>
      <styleUrl>#builder-adams</styleUrl>
      <Point><coordinates>-87.881967,30.627588,0</coordinates></Point>
    </Placemark>
    <Placemark>
      <name>Destini Lane</name>
      <description><![CDATA[<div><div><b>Builder:</b> D.R. Horton</div><div><b>Style Class:</b> builder-drhorton</div><div><b>Color:</b> #dc2626</div><div><b>Status:</b> Active</div><div><b>Product:</b> Single-Family Detached</div><div><b>Price:</b> 339900.0 - 434900.0</div><div><b>Square Foot:</b> 1799 - 3044</div><div><b>Elementary:</b> Deane Bozeman School; Southport Elementary School</div><div><b>Middle:</b> Deane Bozeman School</div><div><b>High:</b> Deane Bozeman School</div><div><b>Submarket:</b> Panama City</div><div><b>Hub:</b> Panama City Hub</div><div><b>City:</b> Panama City</div><div><b>Source:</b> Zonda export provided by user</div></div>]]></description>
      <styleUrl>#builder-drhorton</styleUrl>
      <Point><coordinates>-85.710561,30.389461,0</coordinates></Point>
    </Placemark>
    <Placemark>
      <name>Liberty</name>
      <description><![CDATA[<div><div><b>Builder:</b> D.R. Horton</div><div><b>Style Class:</b> builder-drhorton</div><div><b>Color:</b> #dc2626</div><div><b>Status:</b> Active</div><div><b>Product:</b> Single-Family Detached</div><div><b>Price:</b> 254900.0 - 534900.0</div><div><b>Square Foot:</b> 1281 - 3044</div><div><b>Elementary:</b> Tommy Smith Elementary School</div><div><b>Middle:</b> Merritt Brown Middle School; Rutherford High School</div><div><b>High:</b> Rutherford High School</div><div><b>Submarket:</b> Panama City</div><div><b>Hub:</b> Panama City Hub</div><div><b>City:</b> Panama City</div><div><b>Source:</b> Zonda export provided by user</div></div>]]></description>
      <styleUrl>#builder-drhorton</styleUrl>
      <Point><coordinates>-85.550207,30.231769,0</coordinates></Point>
    </Placemark>
    <Placemark>
      <name>LaGrange Landing</name>
      <description><![CDATA[<div><div><b>Builder:</b> CJL Homes | D.R. Horton | Hazelstone Homes | J Tucker Develoopment</div><div><b>Style Class:</b> builder-other</div><div><b>Color:</b> #f97316</div><div><b>Status:</b> Active</div><div><b>Product:</b> Single-Family Detached</div><div><b>Price:</b> </div><div><b>Square Foot:</b> </div><div><b>Elementary:</b> Freeport Middle School; Freeport Elementary School</div><div><b>Middle:</b> Freeport Middle School</div><div><b>High:</b> Freeport Senior High School</div><div><b>Submarket:</b> Freeport</div><div><b>Hub:</b> Panama City Hub</div><div><b>City:</b> Freeport</div><div><b>Source:</b> Zonda export provided by user</div></div>]]></description>
      <styleUrl>#builder-other</styleUrl>
      <Point><coordinates>-86.126656,30.488429,0</coordinates></Point>
    </Placemark>
    <Placemark>
      <name>Silvercrest</name>
      <description><![CDATA[<div><div><b>Builder:</b> Adams Homes</div><div><b>Style Class:</b> builder-adams</div><div><b>Color:</b> #16a34a</div><div><b>Status:</b> Built Out</div><div><b>Product:</b> Single-Family Detached</div><div><b>Price:</b> 330545.0 - 427202.0</div><div><b>Square Foot:</b> 1605 - 3044</div><div><b>Elementary:</b> Bob Sikes Elementary School</div><div><b>Middle:</b> Davidson Middle School</div><div><b>High:</b> Crestview High School</div><div><b>Submarket:</b> Crestview</div><div><b>Hub:</b> Pensacola Hub</div><div><b>City:</b> Crestview</div><div><b>Source:</b> Zonda export provided by user</div></div>]]></description>
      <styleUrl>#builder-adams</styleUrl>
      <Point><coordinates>-86.561573,30.80797,0</coordinates></Point>
    </Placemark>
    <Placemark>
      <name>Cedar Park</name>
      <description><![CDATA[<div><div><b>Builder:</b> Suzanne Vickers Construction | Timmons Construction</div><div><b>Style Class:</b> builder-other</div><div><b>Color:</b> #f97316</div><div><b>Status:</b> Active</div><div><b>Product:</b> Single-Family Detached</div><div><b>Price:</b> </div><div><b>Square Foot:</b> </div><div><b>Elementary:</b> Cedar Grove Elementary School</div><div><b>Middle:</b> Merritt Brown Middle School</div><div><b>High:</b> Bay High School</div><div><b>Submarket:</b> Panama City</div><div><b>Hub:</b> Panama City Hub</div><div><b>City:</b> Panama City</div><div><b>Source:</b> Zonda export provided by user</div></div>]]></description>
      <styleUrl>#builder-other</styleUrl>
      <Point><coordinates>-85.591791,30.214255,0</coordinates></Point>
    </Placemark>
    <Placemark>
      <name>Wind Meadows</name>
      <description><![CDATA[<div><div><b>Builder:</b> Whitworth Builders</div><div><b>Style Class:</b> builder-other</div><div><b>Color:</b> #f97316</div><div><b>Status:</b> Active</div><div><b>Product:</b> Single-Family Detached</div><div><b>Price:</b> 426000.0 - 440000.0</div><div><b>Square Foot:</b> 2621 - 3203</div><div><b>Elementary:</b> Bob Sikes Elementary School</div><div><b>Middle:</b> Davidson Middle School</div><div><b>High:</b> Crestview High School</div><div><b>Submarket:</b> Crestview</div><div><b>Hub:</b> Pensacola Hub</div><div><b>City:</b> Crestview</div><div><b>Source:</b> Zonda export provided by user</div></div>]]></description>
      <styleUrl>#builder-other</styleUrl>
      <Point><coordinates>-86.571072,30.796288,0</coordinates></Point>
    </Placemark>
    <Placemark>
      <name>Magnolia Springs</name>
      <description><![CDATA[<div><div><b>Builder:</b> Adams Homes | Breland Homes | D.R. Horton</div><div><b>Style Class:</b> builder-adams</div><div><b>Color:</b> #16a34a</div><div><b>Status:</b> Built Out</div><div><b>Product:</b> Single-Family Detached</div><div><b>Price:</b> </div><div><b>Square Foot:</b> </div><div><b>Elementary:</b> Allentown Elementary School; Mary G Montgomery High School</div><div><b>Middle:</b> Semmes Middle School</div><div><b>High:</b> Mary G Montgomery High School</div><div><b>Submarket:</b> Central Mobile</div><div><b>Hub:</b> Alabama Hub</div><div><b>City:</b> Semmes</div><div><b>Source:</b> Zonda export provided by user</div></div>]]></description>
      <styleUrl>#builder-adams</styleUrl>
      <Point><coordinates>-88.239094,30.734822,0</coordinates></Point>
    </Placemark>
    <Placemark>
      <name>Hawkins Manor</name>
      <description><![CDATA[<div><div><b>Builder:</b> D.R. Horton</div><div><b>Style Class:</b> builder-drhorton</div><div><b>Color:</b> #dc2626</div><div><b>Status:</b> Active</div><div><b>Product:</b> Single-Family Detached</div><div><b>Price:</b> 312900.0 - 337900.0</div><div><b>Square Foot:</b> 1585 - 2018</div><div><b>Elementary:</b> Er Dickson Elementary School</div><div><b>Middle:</b> Burns Middle School</div><div><b>High:</b> WP Davidson High School</div><div><b>Submarket:</b> Central Mobile</div><div><b>Hub:</b> Alabama Hub</div><div><b>City:</b> Mobile</div><div><b>Source:</b> Zonda export provided by user</div></div>]]></description>
      <styleUrl>#builder-drhorton</styleUrl>
      <Point><coordinates>-88.203818,30.673238,0</coordinates></Point>
    </Placemark>
    <Placemark>
      <name>Autumn Fields</name>
      <description><![CDATA[<div><div><b>Builder:</b> Lennar Homes</div><div><b>Style Class:</b> builder-lennar</div><div><b>Color:</b> #2563eb</div><div><b>Status:</b> Active</div><div><b>Product:</b> Single-Family Detached</div><div><b>Price:</b> 254990.0 - 329990.0</div><div><b>Square Foot:</b> 1413 - 2483</div><div><b>Elementary:</b> Summerdale School</div><div><b>Middle:</b> Summerdale School</div><div><b>High:</b> Elberta Middle School</div><div><b>Submarket:</b> Central Baldwin</div><div><b>Hub:</b> Alabama Hub</div><div><b>City:</b> Summerdale</div><div><b>Source:</b> Zonda export provided by user</div></div>]]></description>
      <styleUrl>#builder-lennar</styleUrl>
      <Point><coordinates>-87.684911,30.458163,0</coordinates></Point>
    </Placemark>
    <Placemark>
      <name>Ledgestone</name>
      <description><![CDATA[<div><div><b>Builder:</b> Classic Homes of Pensacola | D.R. Horton</div><div><b>Style Class:</b> builder-other</div><div><b>Color:</b> #f97316</div><div><b>Status:</b> Active</div><div><b>Product:</b> Single-Family Detached</div><div><b>Price:</b> 536900.0 - 774900.0</div><div><b>Square Foot:</b> 2527 - 3499</div><div><b>Elementary:</b> KINGSFIELD ELEMENTARY SCHOOL</div><div><b>Middle:</b> Beulah Middle School</div><div><b>High:</b> J. M. Tate Senior High School</div><div><b>Submarket:</b> Cantonment</div><div><b>Hub:</b> Pensacola Hub</div><div><b>City:</b> Pensacola</div><div><b>Source:</b> Zonda export provided by user</div></div>]]></description>
      <styleUrl>#builder-other</styleUrl>
      <Point><coordinates>-87.38084,30.543773,0</coordinates></Point>
    </Placemark>
    <Placemark>
      <name>Sunny Hills/Unit 7</name>
      <description><![CDATA[<div><div><b>Builder:</b> Solara Homes</div><div><b>Style Class:</b> builder-other</div><div><b>Color:</b> #f97316</div><div><b>Status:</b> Active</div><div><b>Product:</b> Single-Family Detached</div><div><b>Price:</b> </div><div><b>Square Foot:</b> </div><div><b>Elementary:</b> Vernon Elementary School; Kate M. Smith Elementary School</div><div><b>Middle:</b> Roulhac Middle School; Vernon Middle School</div><div><b>High:</b> Chipley High School; Vernon High School</div><div><b>Submarket:</b> Washington County</div><div><b>Hub:</b> Growth Markets</div><div><b>City:</b> Chipley</div><div><b>Source:</b> Zonda export provided by user</div></div>]]></description>
      <styleUrl>#builder-other</styleUrl>
      <Point><coordinates>-85.552506,30.593258,0</coordinates></Point>
    </Placemark>
    <Placemark>
      <name>Kiersten Heights</name>
      <description><![CDATA[<div><div><b>Builder:</b> Century Communities</div><div><b>Style Class:</b> builder-century</div><div><b>Color:</b> #7f1d1d</div><div><b>Status:</b> Built Out</div><div><b>Product:</b> Single-Family Detached</div><div><b>Price:</b> 250990.0 - 265990.0</div><div><b>Square Foot:</b> 1416 - 1684</div><div><b>Elementary:</b> Kate M. Smith Elementary School; Vernon Elementary School</div><div><b>Middle:</b> Roulhac Middle School; Vernon Middle School</div><div><b>High:</b> Chipley High School; Vernon High School</div><div><b>Submarket:</b> Washington County</div><div><b>Hub:</b> Growth Markets</div><div><b>City:</b> Chipley</div><div><b>Source:</b> Zonda export provided by user</div></div>]]></description>
      <styleUrl>#builder-century</styleUrl>
      <Point><coordinates>-85.575741,30.668946,0</coordinates></Point>
    </Placemark>
    <Placemark>
      <name>Magnolia Creeks</name>
      <description><![CDATA[<div><div><b>Builder:</b> Lennar Homes</div><div><b>Style Class:</b> builder-lennar</div><div><b>Color:</b> #2563eb</div><div><b>Status:</b> Future</div><div><b>Product:</b> Single-Family Detached</div><div><b>Price:</b> </div><div><b>Square Foot:</b> </div><div><b>Elementary:</b> Riverside Elementary School</div><div><b>Middle:</b> Shoal River Middle School</div><div><b>High:</b> Crestview High School</div><div><b>Submarket:</b> Crestview</div><div><b>Hub:</b> Pensacola Hub</div><div><b>City:</b> Crestview</div><div><b>Source:</b> Zonda export provided by user</div></div>]]></description>
      <styleUrl>#builder-lennar</styleUrl>
      <Point><coordinates>-86.555573,30.728588,0</coordinates></Point>
    </Placemark>
    <Placemark>
      <name>Sunny Hills/Unit 3</name>
      <description><![CDATA[<div><div><b>Builder:</b> ?</div><div><b>Style Class:</b> builder-other</div><div><b>Color:</b> #f97316</div><div><b>Status:</b> Active</div><div><b>Product:</b> Single-Family Detached</div><div><b>Price:</b> </div><div><b>Square Foot:</b> </div><div><b>Elementary:</b> Vernon Elementary School; Kate M. Smith Elementary School</div><div><b>Middle:</b> Roulhac Middle School; Vernon Middle School</div><div><b>High:</b> Chipley High School; Vernon High School</div><div><b>Submarket:</b> Washington County</div><div><b>Hub:</b> Growth Markets</div><div><b>City:</b> Chipley</div><div><b>Source:</b> Zonda export provided by user</div></div>]]></description>
      <styleUrl>#builder-other</styleUrl>
      <Point><coordinates>-85.627805,30.524747,0</coordinates></Point>
    </Placemark>
    <Placemark>
      <name>Highland Pointe</name>
      <description><![CDATA[<div><div><b>Builder:</b> Adams Homes</div><div><b>Style Class:</b> builder-adams</div><div><b>Color:</b> #16a34a</div><div><b>Status:</b> Active</div><div><b>Product:</b> Single-Family Detached</div><div><b>Price:</b> 339650.0 - 376856.0</div><div><b>Square Foot:</b> 1825 - 2508</div><div><b>Elementary:</b> Hutchens Elementary School; Dawes Intermediate School</div><div><b>Middle:</b> Bernice J Causey Middle School</div><div><b>High:</b> Baker High School</div><div><b>Submarket:</b> Central Mobile</div><div><b>Hub:</b> Alabama Hub</div><div><b>City:</b> Mobile</div><div><b>Source:</b> Zonda export provided by user</div></div>]]></description>
      <styleUrl>#builder-adams</styleUrl>
      <Point><coordinates>-88.300502,30.659486,0</coordinates></Point>
    </Placemark>
    <Placemark>
      <name>Garrison Ridge</name>
      <description><![CDATA[<div><div><b>Builder:</b> JBL Homes | Tower Homes</div><div><b>Style Class:</b> builder-other</div><div><b>Color:</b> #f97316</div><div><b>Status:</b> Active</div><div><b>Product:</b> Single-Family Detached</div><div><b>Price:</b> 660000.0 - 725000.0</div><div><b>Square Foot:</b> 2836 - 3305</div><div><b>Elementary:</b> Spanish Fort Elementary School</div><div><b>Middle:</b> Spanish Fort Middle School</div><div><b>High:</b> Spanish Fort High School</div><div><b>Submarket:</b> Central Baldwin</div><div><b>Hub:</b> Alabama Hub</div><div><b>City:</b> Daphne</div><div><b>Source:</b> Zonda export provided by user</div></div>]]></description>
      <styleUrl>#builder-other</styleUrl>
      <Point><coordinates>-87.905788,30.674147,0</coordinates></Point>
    </Placemark>
    <Placemark>
      <name>Retreat, The</name>
      <description><![CDATA[<div><div><b>Builder:</b> Lennar Homes</div><div><b>Style Class:</b> builder-lennar</div><div><b>Color:</b> #2563eb</div><div><b>Status:</b> Active</div><div><b>Product:</b> Single-Family Detached</div><div><b>Price:</b> </div><div><b>Square Foot:</b> </div><div><b>Elementary:</b> Summerdale School</div><div><b>Middle:</b> Summerdale School</div><div><b>High:</b> Elberta Middle School</div><div><b>Submarket:</b> Central Baldwin</div><div><b>Hub:</b> Alabama Hub</div><div><b>City:</b> Summerdale</div><div><b>Source:</b> Zonda export provided by user</div></div>]]></description>
      <styleUrl>#builder-lennar</styleUrl>
      <Point><coordinates>-87.706976,30.472184,0</coordinates></Point>
    </Placemark>
    <Placemark>
      <name>Casa Magnolia</name>
      <description><![CDATA[<div><div><b>Builder:</b> ?</div><div><b>Style Class:</b> builder-other</div><div><b>Color:</b> #f97316</div><div><b>Status:</b> Active</div><div><b>Product:</b> Single-Family Detached</div><div><b>Price:</b> </div><div><b>Square Foot:</b> </div><div><b>Elementary:</b> Van R. Butler Elementary School</div><div><b>Middle:</b> Emerald Coast Middle School</div><div><b>High:</b> South Walton High School</div><div><b>Submarket:</b> Walton and Bay Beaches</div><div><b>Hub:</b> Growth Markets</div><div><b>City:</b> Miramar Beach</div><div><b>Source:</b> Zonda export provided by user</div></div>]]></description>
      <styleUrl>#builder-other</styleUrl>
      <Point><coordinates>-86.344916,30.376073,0</coordinates></Point>
    </Placemark>
    <Placemark>
      <name>South Bend Village</name>
      <description><![CDATA[<div><div><b>Builder:</b> D.R. Horton</div><div><b>Style Class:</b> builder-drhorton</div><div><b>Color:</b> #dc2626</div><div><b>Status:</b> Active</div><div><b>Product:</b> Single-Family Detached</div><div><b>Price:</b> 359650.0 - 374650.0</div><div><b>Square Foot:</b> 1787 - 1979</div><div><b>Elementary:</b> J Larry Newton School; Fairhope High School</div><div><b>Middle:</b> Fairhope Middle School</div><div><b>High:</b> Fairhope High School</div><div><b>Submarket:</b> West Baldwin</div><div><b>Hub:</b> Alabama Hub</div><div><b>City:</b> Fairhope</div><div><b>Source:</b> Zonda export provided by user</div></div>]]></description>
      <styleUrl>#builder-drhorton</styleUrl>
      <Point><coordinates>-87.852041,30.43356,0</coordinates></Point>
    </Placemark>
    <Placemark>
      <name>Bella Terra/Grove</name>
      <description><![CDATA[<div><div><b>Builder:</b> Lennar Homes</div><div><b>Style Class:</b> builder-lennar</div><div><b>Color:</b> #2563eb</div><div><b>Status:</b> Active</div><div><b>Product:</b> Single-Family Detached</div><div><b>Price:</b> 274990.0 - 319990.0</div><div><b>Square Foot:</b> 1474 - 1891</div><div><b>Elementary:</b> Jim Allen Elementary School</div><div><b>Middle:</b> Ransom Middle School</div><div><b>High:</b> J. M. Tate Senior High School</div><div><b>Submarket:</b> Cantonment</div><div><b>Hub:</b> Pensacola Hub</div><div><b>City:</b> Cantonment</div><div><b>Source:</b> Zonda export provided by user</div></div>]]></description>
      <styleUrl>#builder-lennar</styleUrl>
      <Point><coordinates>-87.336205,30.629199,0</coordinates></Point>
    </Placemark>
    <Placemark>
      <name>Sunny Hills/Unit 1</name>
      <description><![CDATA[<div><div><b>Builder:</b> Artisan Construction CO | Bella Home Builders | Century Communities | Debco Construction Company | Deltona Corporation | D.R. Horton | Freeport Builders | Gooden Homes | Homes by Ingram | J &amp; S Builders | Maronda Homes | McQuagge Development &amp; Construction | Mitchell Building Company, | Solara Homes | Stone Wall Construction</div><div><b>Style Class:</b> builder-other</div><div><b>Color:</b> #f97316</div><div><b>Status:</b> Active</div><div><b>Product:</b> Single-Family Detached</div><div><b>Price:</b> </div><div><b>Square Foot:</b> </div><div><b>Elementary:</b> Vernon Elementary School; Kate M. Smith Elementary School</div><div><b>Middle:</b> Roulhac Middle School; Vernon Middle School</div><div><b>High:</b> Chipley High School; Vernon High School</div><div><b>Submarket:</b> Washington County</div><div><b>Hub:</b> Growth Markets</div><div><b>City:</b> Chipley</div><div><b>Source:</b> Zonda export provided by user</div></div>]]></description>
      <styleUrl>#builder-other</styleUrl>
      <Point><coordinates>-85.621152,30.549747,0</coordinates></Point>
    </Placemark>
    <Placemark>
      <name>Heron Walk</name>
      <description><![CDATA[<div><div><b>Builder:</b> D.R. Horton</div><div><b>Style Class:</b> builder-drhorton</div><div><b>Color:</b> #dc2626</div><div><b>Status:</b> Built Out</div><div><b>Product:</b> Single-Family Detached</div><div><b>Price:</b> 364900.0 - 408900.0</div><div><b>Square Foot:</b> 1799 - 2145</div><div><b>Elementary:</b> </div><div><b>Middle:</b> </div><div><b>High:</b> </div><div><b>Submarket:</b> Gulf County</div><div><b>Hub:</b> Growth Markets</div><div><b>City:</b> Port Saint Joe</div><div><b>Source:</b> Zonda export provided by user</div></div>]]></description>
      <styleUrl>#builder-drhorton</styleUrl>
      <Point><coordinates>-85.282792,29.779364,0</coordinates></Point>
    </Placemark>
    <Placemark>
      <name>Cottonwood Estates</name>
      <description><![CDATA[<div><div><b>Builder:</b> D.R. Horton</div><div><b>Style Class:</b> builder-drhorton</div><div><b>Color:</b> #dc2626</div><div><b>Status:</b> Active</div><div><b>Product:</b> Single-Family Detached</div><div><b>Price:</b> 291400.0 - 475900.0</div><div><b>Square Foot:</b> 1281 - 2913</div><div><b>Elementary:</b> J Larry Newton School; Fairhope High School</div><div><b>Middle:</b> Fairhope Middle School</div><div><b>High:</b> Fairhope High School</div><div><b>Submarket:</b> West Baldwin</div><div><b>Hub:</b> Alabama Hub</div><div><b>City:</b> Fairhope</div><div><b>Source:</b> Zonda export provided by user</div></div>]]></description>
      <styleUrl>#builder-drhorton</styleUrl>
      <Point><coordinates>-87.820813,30.459937,0</coordinates></Point>
    </Placemark>
    <Placemark>
      <name>Hampton Chase</name>
      <description><![CDATA[<div><div><b>Builder:</b> Adams Homes</div><div><b>Style Class:</b> builder-adams</div><div><b>Color:</b> #16a34a</div><div><b>Status:</b> Built Out</div><div><b>Product:</b> Single-Family Detached</div><div><b>Price:</b> </div><div><b>Square Foot:</b> </div><div><b>Elementary:</b> Berryhill Elementary School</div><div><b>Middle:</b> Hobbs Middle School</div><div><b>High:</b> Milton High School</div><div><b>Submarket:</b> Milton</div><div><b>Hub:</b> Pensacola Hub</div><div><b>City:</b> Milton</div><div><b>Source:</b> Zonda export provided by user</div></div>]]></description>
      <styleUrl>#builder-adams</styleUrl>
      <Point><coordinates>-87.07755,30.640092,0</coordinates></Point>
    </Placemark>
    <Placemark>
      <name>Kaheeley Ridge</name>
      <description><![CDATA[<div><div><b>Builder:</b> D.R. Horton</div><div><b>Style Class:</b> builder-drhorton</div><div><b>Color:</b> #dc2626</div><div><b>Status:</b> Built Out</div><div><b>Product:</b> Single-Family Detached</div><div><b>Price:</b> 372900.0 - 496900.0</div><div><b>Square Foot:</b> 1774 - 2511</div><div><b>Elementary:</b> KINGSFIELD ELEMENTARY SCHOOL</div><div><b>Middle:</b> Beulah Middle School</div><div><b>High:</b> J. M. Tate Senior High School</div><div><b>Submarket:</b> Cantonment</div><div><b>Hub:</b> Pensacola Hub</div><div><b>City:</b> Pensacola</div><div><b>Source:</b> Zonda export provided by user</div></div>]]></description>
      <styleUrl>#builder-drhorton</styleUrl>
      <Point><coordinates>-87.379447,30.554888,0</coordinates></Point>
    </Placemark>
    <Placemark>
      <name>Watersound/Stillwater</name>
      <description><![CDATA[<div><div><b>Builder:</b> Arkon Group | Cogent Building Group | Cole Construction &amp; Development | Dune Construction and Development | Huff Homes | Paradise Coastal Builders | Romair Homes | Southern Blue Construction | Swift Construction | Turner Heritage Homes</div><div><b>Style Class:</b> builder-other</div><div><b>Color:</b> #f97316</div><div><b>Status:</b> Active</div><div><b>Product:</b> Single-Family Detached</div><div><b>Price:</b> </div><div><b>Square Foot:</b> </div><div><b>Elementary:</b> Bay Elementary School</div><div><b>Middle:</b> Emerald Coast Middle School</div><div><b>High:</b> South Walton High School</div><div><b>Submarket:</b> Walton and Bay Beaches</div><div><b>Hub:</b> Growth Markets</div><div><b>City:</b> Inlet Beach</div><div><b>Source:</b> Zonda export provided by user</div></div>]]></description>
      <styleUrl>#builder-other</styleUrl>
      <Point><coordinates>-86.002713,30.299621,0</coordinates></Point>
    </Placemark>
    <Placemark>
      <name>Wynnfield </name>
      <description><![CDATA[<div><div><b>Builder:</b> ?</div><div><b>Style Class:</b> builder-other</div><div><b>Color:</b> #f97316</div><div><b>Status:</b> Active</div><div><b>Product:</b> Single-Family Detached</div><div><b>Price:</b> </div><div><b>Square Foot:</b> </div><div><b>Elementary:</b> O'rourke Elementary School</div><div><b>Middle:</b> Burns Middle School</div><div><b>High:</b> Baker High School</div><div><b>Submarket:</b> Central Mobile</div><div><b>Hub:</b> Alabama Hub</div><div><b>City:</b> Mobile</div><div><b>Source:</b> Zonda export provided by user</div></div>]]></description>
      <styleUrl>#builder-other</styleUrl>
      <Point><coordinates>-88.217772,30.624487,0</coordinates></Point>
    </Placemark>
    <Placemark>
      <name>Oakmont Place</name>
      <description><![CDATA[<div><div><b>Builder:</b> D.R. Horton</div><div><b>Style Class:</b> builder-drhorton</div><div><b>Color:</b> #dc2626</div><div><b>Status:</b> Active</div><div><b>Product:</b> Single-Family Detached</div><div><b>Price:</b> 199900.0 - 235900.0</div><div><b>Square Foot:</b> 915 - 1429</div><div><b>Elementary:</b> Pearl Haskew Elementary School</div><div><b>Middle:</b> Katherine H Hankins Middle School</div><div><b>High:</b> Theodore High School</div><div><b>Submarket:</b> Central Mobile</div><div><b>Hub:</b> Alabama Hub</div><div><b>City:</b> Theodore</div><div><b>Source:</b> Zonda export provided by user</div></div>]]></description>
      <styleUrl>#builder-drhorton</styleUrl>
      <Point><coordinates>-88.221644,30.560881,0</coordinates></Point>
    </Placemark>
    <Placemark>
      <name>Grady Place</name>
      <description><![CDATA[<div><div><b>Builder:</b> CJS Roth | Meritage Homes | Mitchell Residential | Southwood Builders</div><div><b>Style Class:</b> builder-other</div><div><b>Color:</b> #f97316</div><div><b>Status:</b> Active</div><div><b>Product:</b> Single-Family Detached</div><div><b>Price:</b> 365990.0 - 374990.0</div><div><b>Square Foot:</b> 2049 - 2114</div><div><b>Elementary:</b> Hutchens Elementary School; Dawes Intermediate School</div><div><b>Middle:</b> Bernice J Causey Middle School</div><div><b>High:</b> Baker High School</div><div><b>Submarket:</b> Central Mobile</div><div><b>Hub:</b> Alabama Hub</div><div><b>City:</b> Mobile</div><div><b>Source:</b> Zonda export provided by user</div></div>]]></description>
      <styleUrl>#builder-other</styleUrl>
      <Point><coordinates>-88.285326,30.633244,0</coordinates></Point>
    </Placemark>
    <Placemark>
      <name>Yellow River Plantation</name>
      <description><![CDATA[<div><div><b>Builder:</b> Lennar Homes</div><div><b>Style Class:</b> builder-lennar</div><div><b>Color:</b> #2563eb</div><div><b>Status:</b> Active</div><div><b>Product:</b> Single-Family Detached</div><div><b>Price:</b> 299990.0 - 324990.0</div><div><b>Square Foot:</b> 1891 - 2142</div><div><b>Elementary:</b> Bob Sikes Elementary School</div><div><b>Middle:</b> Davidson Middle School</div><div><b>High:</b> Crestview High School</div><div><b>Submarket:</b> Laurel Hill</div><div><b>Hub:</b> Pensacola Hub</div><div><b>City:</b> Laurel Hill</div><div><b>Source:</b> Zonda export provided by user</div></div>]]></description>
      <styleUrl>#builder-lennar</styleUrl>
      <Point><coordinates>-86.557074,30.837201,0</coordinates></Point>
    </Placemark>
    <Placemark>
      <name>Brentwood</name>
      <description><![CDATA[<div><div><b>Builder:</b> DSLD Homes</div><div><b>Style Class:</b> builder-dsld</div><div><b>Color:</b> #7c3aed</div><div><b>Status:</b> Active</div><div><b>Product:</b> Single-Family Detached</div><div><b>Price:</b> 346990.0 - 394990.0</div><div><b>Square Foot:</b> 1820 - 2314</div><div><b>Elementary:</b> Stonebridge Elementary</div><div><b>Middle:</b> Spanish Fort Middle School</div><div><b>High:</b> Spanish Fort High School</div><div><b>Submarket:</b> Central Baldwin</div><div><b>Hub:</b> Alabama Hub</div><div><b>City:</b> Daphne</div><div><b>Source:</b> Zonda export provided by user</div></div>]]></description>
      <styleUrl>#builder-dsld</styleUrl>
      <Point><coordinates>-87.813575,30.675357,0</coordinates></Point>
    </Placemark>
    <Placemark>
      <name>Lee Farm</name>
      <description><![CDATA[<div><div><b>Builder:</b> Cassady Homes</div><div><b>Style Class:</b> builder-other</div><div><b>Color:</b> #f97316</div><div><b>Status:</b> Active</div><div><b>Product:</b> Single-Family Detached</div><div><b>Price:</b> </div><div><b>Square Foot:</b> </div><div><b>Elementary:</b> Northwood Elementary School</div><div><b>Middle:</b> Davidson Middle School</div><div><b>High:</b> Crestview High School</div><div><b>Submarket:</b> Crestview</div><div><b>Hub:</b> Pensacola Hub</div><div><b>City:</b> Crestview</div><div><b>Source:</b> Zonda export provided by user</div></div>]]></description>
      <styleUrl>#builder-other</styleUrl>
      <Point><coordinates>-86.602834,30.77201,0</coordinates></Point>
    </Placemark>
    <Placemark>
      <name>Ventura Manor</name>
      <description><![CDATA[<div><div><b>Builder:</b> Holiday Builders</div><div><b>Style Class:</b> builder-holiday</div><div><b>Color:</b> #111827</div><div><b>Status:</b> Built Out</div><div><b>Product:</b> Single-Family Detached</div><div><b>Price:</b> 257990.0 - 295990.0</div><div><b>Square Foot:</b> 1246 - 2062</div><div><b>Elementary:</b> Bagdad Elementary School</div><div><b>Middle:</b> Hobbs Middle School</div><div><b>High:</b> Milton High School</div><div><b>Submarket:</b> Milton</div><div><b>Hub:</b> Pensacola Hub</div><div><b>City:</b> Milton</div><div><b>Source:</b> Zonda export provided by user</div></div>]]></description>
      <styleUrl>#builder-holiday</styleUrl>
      <Point><coordinates>-87.047311,30.591474,0</coordinates></Point>
    </Placemark>
    <Placemark>
      <name>Pamela Place</name>
      <description><![CDATA[<div><div><b>Builder:</b> D.R. Horton</div><div><b>Style Class:</b> builder-drhorton</div><div><b>Color:</b> #dc2626</div><div><b>Status:</b> Active</div><div><b>Product:</b> Single-Family Detached</div><div><b>Price:</b> </div><div><b>Square Foot:</b> </div><div><b>Elementary:</b> Beulah Elementary School</div><div><b>Middle:</b> Beulah Middle School</div><div><b>High:</b> Pine Forest High School</div><div><b>Submarket:</b> Cantonment</div><div><b>Hub:</b> Pensacola Hub</div><div><b>City:</b> Pensacola</div><div><b>Source:</b> Zonda export provided by user</div></div>]]></description>
      <styleUrl>#builder-drhorton</styleUrl>
      <Point><coordinates>-87.358456,30.507719,0</coordinates></Point>
    </Placemark>
    <Placemark>
      <name>Ashton View</name>
      <description><![CDATA[<div><div><b>Builder:</b> Adams Homes</div><div><b>Style Class:</b> builder-adams</div><div><b>Color:</b> #16a34a</div><div><b>Status:</b> Active</div><div><b>Product:</b> Single-Family Detached</div><div><b>Price:</b> 289300.0 - 339187.0</div><div><b>Square Foot:</b> 1425 - 2313</div><div><b>Elementary:</b> Walker Elementary School</div><div><b>Middle:</b> Davidson Middle School</div><div><b>High:</b> Crestview High School</div><div><b>Submarket:</b> Crestview</div><div><b>Hub:</b> Pensacola Hub</div><div><b>City:</b> Crestview</div><div><b>Source:</b> Zonda export provided by user</div></div>]]></description>
      <styleUrl>#builder-adams</styleUrl>
      <Point><coordinates>-86.495292,30.815703,0</coordinates></Point>
    </Placemark>
    <Placemark>
      <name>Windmill Palms Estates</name>
      <description><![CDATA[<div><div><b>Builder:</b> D.R. Horton</div><div><b>Style Class:</b> builder-drhorton</div><div><b>Color:</b> #dc2626</div><div><b>Status:</b> Active</div><div><b>Product:</b> Single-Family Detached</div><div><b>Price:</b> 407900.0 - 463900.0</div><div><b>Square Foot:</b> 2495 - 3113</div><div><b>Elementary:</b> Breitling Elementary School</div><div><b>Middle:</b> Grand Bay Middle School</div><div><b>High:</b> Alma Bryant High School</div><div><b>Submarket:</b> Central Mobile</div><div><b>Hub:</b> Alabama Hub</div><div><b>City:</b> Grand Bay</div><div><b>Source:</b> Zonda export provided by user</div></div>]]></description>
      <styleUrl>#builder-drhorton</styleUrl>
      <Point><coordinates>-88.331604,30.572212,0</coordinates></Point>
    </Placemark>
    <Placemark>
      <name>Parkview</name>
      <description><![CDATA[<div><div><b>Builder:</b> DSLD Homes</div><div><b>Style Class:</b> builder-dsld</div><div><b>Color:</b> #7c3aed</div><div><b>Status:</b> Active</div><div><b>Product:</b> Single-Family Detached</div><div><b>Price:</b> 280990.0 - 307990.0</div><div><b>Square Foot:</b> 1517 - 1906</div><div><b>Elementary:</b> Silverhill School</div><div><b>Middle:</b> Central Baldwin Middle School</div><div><b>High:</b> Robertsdale High School</div><div><b>Submarket:</b> Central Baldwin</div><div><b>Hub:</b> Alabama Hub</div><div><b>City:</b> Silverhill</div><div><b>Source:</b> Zonda export provided by user</div></div>]]></description>
      <styleUrl>#builder-dsld</styleUrl>
      <Point><coordinates>-87.761888,30.5311,0</coordinates></Point>
    </Placemark>
    <Placemark>
      <name>Sweetbay/Indigo Lakes</name>
      <description><![CDATA[<div><div><b>Builder:</b> Harris Doyle Homes Inc - Clayton Properties Group</div><div><b>Style Class:</b> builder-other</div><div><b>Color:</b> #f97316</div><div><b>Status:</b> Active</div><div><b>Product:</b> Single-Family Detached</div><div><b>Price:</b> 342600.0 - 818388.0</div><div><b>Square Foot:</b> 1167 - 3307</div><div><b>Elementary:</b> Northside Elementary School</div><div><b>Middle:</b> Jinks Middle School</div><div><b>High:</b> Bay High School</div><div><b>Submarket:</b> Panama City</div><div><b>Hub:</b> Panama City Hub</div><div><b>City:</b> Panama City</div><div><b>Source:</b> Zonda export provided by user</div></div>]]></description>
      <styleUrl>#builder-other</styleUrl>
      <Point><coordinates>-85.687309,30.206732,0</coordinates></Point>
    </Placemark>
    <Placemark>
      <name>Watersound/Powell Landing East</name>
      <description><![CDATA[<div><div><b>Builder:</b> Arkon Group | Boswell Builders &amp; Sons | Cole Construction &amp; Development | Key Lime Construction | Romair Homes</div><div><b>Style Class:</b> builder-other</div><div><b>Color:</b> #f97316</div><div><b>Status:</b> Active</div><div><b>Product:</b> Single-Family Detached</div><div><b>Price:</b> </div><div><b>Square Foot:</b> </div><div><b>Elementary:</b> Bay Elementary School</div><div><b>Middle:</b> Emerald Coast Middle School</div><div><b>High:</b> South Walton High School</div><div><b>Submarket:</b> Walton and Bay Beaches</div><div><b>Hub:</b> Growth Markets</div><div><b>City:</b> Panama City Beach</div><div><b>Source:</b> Zonda export provided by user</div></div>]]></description>
      <styleUrl>#builder-other</styleUrl>
      <Point><coordinates>-85.997427,30.289286,0</coordinates></Point>
    </Placemark>
    <Placemark>
      <name>Bluewater Creek Estates</name>
      <description><![CDATA[<div><div><b>Builder:</b> J Miller Construction</div><div><b>Style Class:</b> builder-other</div><div><b>Color:</b> #f97316</div><div><b>Status:</b> Active</div><div><b>Product:</b> Single-Family Detached</div><div><b>Price:</b> </div><div><b>Square Foot:</b> </div><div><b>Elementary:</b> Molino Park Elementary School</div><div><b>Middle:</b> Ernest Ward Middle School</div><div><b>High:</b> Northview High School</div><div><b>Submarket:</b> North Escambia</div><div><b>Hub:</b> Growth Markets</div><div><b>City:</b> Molino</div><div><b>Source:</b> Zonda export provided by user</div></div>]]></description>
      <styleUrl>#builder-other</styleUrl>
      <Point><coordinates>-87.377354,30.756287,0</coordinates></Point>
    </Placemark>
    <Placemark>
      <name>Charlie Day Estates</name>
      <description><![CDATA[<div><div><b>Builder:</b> D.R. Horton</div><div><b>Style Class:</b> builder-drhorton</div><div><b>Color:</b> #dc2626</div><div><b>Status:</b> Active</div><div><b>Product:</b> Single-Family Detached</div><div><b>Price:</b> 309900.0 - 379900.0</div><div><b>Square Foot:</b> 1856 - 2595</div><div><b>Elementary:</b> Baker School</div><div><b>Middle:</b> Baker School</div><div><b>High:</b> Baker School</div><div><b>Submarket:</b> Okaloosa County</div><div><b>Hub:</b> Growth Markets</div><div><b>City:</b> Baker</div><div><b>Source:</b> Zonda export provided by user</div></div>]]></description>
      <styleUrl>#builder-drhorton</styleUrl>
      <Point><coordinates>-86.682809,30.769616,0</coordinates></Point>
    </Placemark>
    <Placemark>
      <name>Primland </name>
      <description><![CDATA[<div><div><b>Builder:</b> D.R. Horton</div><div><b>Style Class:</b> builder-drhorton</div><div><b>Color:</b> #dc2626</div><div><b>Status:</b> Built Out</div><div><b>Product:</b> Single-Family Detached</div><div><b>Price:</b> </div><div><b>Square Foot:</b> </div><div><b>Elementary:</b> Florence B Mathis Elementary</div><div><b>Middle:</b> Foley Middle School</div><div><b>High:</b> Foley High School</div><div><b>Submarket:</b> South Baldwin</div><div><b>Hub:</b> Alabama Hub</div><div><b>City:</b> Foley</div><div><b>Source:</b> Zonda export provided by user</div></div>]]></description>
      <styleUrl>#builder-drhorton</styleUrl>
      <Point><coordinates>-87.625864,30.351319,0</coordinates></Point>
    </Placemark>
    <Placemark>
      <name>Alys Beach/BK KK</name>
      <description><![CDATA[<div><div><b>Builder:</b> Arkon Group | Galvas Construction | Gulfview Development &amp; Construction | Hufham/Farris Construction</div><div><b>Style Class:</b> builder-other</div><div><b>Color:</b> #f97316</div><div><b>Status:</b> Active</div><div><b>Product:</b> Single-Family Detached</div><div><b>Price:</b> </div><div><b>Square Foot:</b> </div><div><b>Elementary:</b> Bay Elementary School</div><div><b>Middle:</b> Emerald Coast Middle School</div><div><b>High:</b> South Walton High School</div><div><b>Submarket:</b> Walton and Bay Beaches</div><div><b>Hub:</b> Growth Markets</div><div><b>City:</b> Inlet Beach</div><div><b>Source:</b> Zonda export provided by user</div></div>]]></description>
      <styleUrl>#builder-other</styleUrl>
      <Point><coordinates>-86.030289,30.283511,0</coordinates></Point>
    </Placemark>
    <Placemark>
      <name>Weatherby</name>
      <description><![CDATA[<div><div><b>Builder:</b> D.R. Horton</div><div><b>Style Class:</b> builder-drhorton</div><div><b>Color:</b> #dc2626</div><div><b>Status:</b> Active</div><div><b>Product:</b> Single-Family Detached</div><div><b>Price:</b> </div><div><b>Square Foot:</b> </div><div><b>Elementary:</b> Saraland Elementary School</div><div><b>Middle:</b> Saraland Middle/Nelson Adams</div><div><b>High:</b> Saraland High School</div><div><b>Submarket:</b> North Mobile / Saraland</div><div><b>Hub:</b> Alabama Hub</div><div><b>City:</b> Saraland</div><div><b>Source:</b> Zonda export provided by user</div></div>]]></description>
      <styleUrl>#builder-drhorton</styleUrl>
      <Point><coordinates>-88.095017,30.82293,0</coordinates></Point>
    </Placemark>
    <Placemark>
      <name>Makaira Ridge (Santa Rosa)</name>
      <description><![CDATA[<div><div><b>Builder:</b> D.R. Horton</div><div><b>Style Class:</b> builder-drhorton</div><div><b>Color:</b> #dc2626</div><div><b>Status:</b> Active</div><div><b>Product:</b> Single-Family Detached</div><div><b>Price:</b> </div><div><b>Square Foot:</b> </div><div><b>Elementary:</b> Bennett C Russell Elementary School</div><div><b>Middle:</b> Avalon Middle School</div><div><b>High:</b> Milton High School</div><div><b>Submarket:</b> Milton</div><div><b>Hub:</b> Pensacola Hub</div><div><b>City:</b> Milton</div><div><b>Source:</b> Zonda export provided by user</div></div>]]></description>
      <styleUrl>#builder-drhorton</styleUrl>
      <Point><coordinates>-87.076909,30.578667,0</coordinates></Point>
    </Placemark>
    <Placemark>
      <name>Colonial East/SF</name>
      <description><![CDATA[<div><div><b>Builder:</b> D.R. Horton</div><div><b>Style Class:</b> builder-drhorton</div><div><b>Color:</b> #dc2626</div><div><b>Status:</b> Active</div><div><b>Product:</b> Single-Family Detached</div><div><b>Price:</b> 418900.0 - 474900.0</div><div><b>Square Foot:</b> 1302 - 2245</div><div><b>Elementary:</b> Hutchison Beach Elementary School; Surfside Middle School</div><div><b>Middle:</b> Surfside Middle School</div><div><b>High:</b> Surfside Middle School; J.R. Arnold High School</div><div><b>Submarket:</b> Walton and Bay Beaches</div><div><b>Hub:</b> Growth Markets</div><div><b>City:</b> Panama City Beach</div><div><b>Source:</b> Zonda export provided by user</div></div>]]></description>
      <styleUrl>#builder-drhorton</styleUrl>
      <Point><coordinates>-85.834139,30.21342,0</coordinates></Point>
    </Placemark>
    <Placemark>
      <name>Windmark Beach/North/SF</name>
      <description><![CDATA[<div><div><b>Builder:</b> D.R. Horton</div><div><b>Style Class:</b> builder-drhorton</div><div><b>Color:</b> #dc2626</div><div><b>Status:</b> Active</div><div><b>Product:</b> Single-Family Detached</div><div><b>Price:</b> 339900.0 - 749900.0</div><div><b>Square Foot:</b> 1460 - 2745</div><div><b>Elementary:</b> </div><div><b>Middle:</b> </div><div><b>High:</b> </div><div><b>Submarket:</b> Gulf County</div><div><b>Hub:</b> Growth Markets</div><div><b>City:</b> Port Saint Joe</div><div><b>Source:</b> Zonda export provided by user</div></div>]]></description>
      <styleUrl>#builder-drhorton</styleUrl>
      <Point><coordinates>-85.350874,29.886491,0</coordinates></Point>
    </Placemark>
    <Placemark>
      <name>Lakeland</name>
      <description><![CDATA[<div><div><b>Builder:</b> Lennar Homes</div><div><b>Style Class:</b> builder-lennar</div><div><b>Color:</b> #2563eb</div><div><b>Status:</b> Active</div><div><b>Product:</b> Single-Family Detached</div><div><b>Price:</b> </div><div><b>Square Foot:</b> </div><div><b>Elementary:</b> Robertsdale Elementary School</div><div><b>Middle:</b> Central Baldwin Middle School</div><div><b>High:</b> Robertsdale High School</div><div><b>Submarket:</b> Central Baldwin</div><div><b>Hub:</b> Alabama Hub</div><div><b>City:</b> Loxley</div><div><b>Source:</b> Zonda export provided by user</div></div>]]></description>
      <styleUrl>#builder-lennar</styleUrl>
      <Point><coordinates>-87.742734,30.591917,0</coordinates></Point>
    </Placemark>
    <Placemark>
      <name>Patriot Ridge </name>
      <description><![CDATA[<div><div><b>Builder:</b> Cassady Homes | D.R. Horton | DSLD Homes | Phillips Homes</div><div><b>Style Class:</b> builder-other</div><div><b>Color:</b> #f97316</div><div><b>Status:</b> Active</div><div><b>Product:</b> Single-Family Detached</div><div><b>Price:</b> 334900.0 - 535990.0</div><div><b>Square Foot:</b> 1437 - 3127</div><div><b>Elementary:</b> Antioch Elementary School</div><div><b>Middle:</b> Shoal River Middle School</div><div><b>High:</b> Crestview High School</div><div><b>Submarket:</b> Crestview</div><div><b>Hub:</b> Pensacola Hub</div><div><b>City:</b> Crestview</div><div><b>Source:</b> Zonda export provided by user</div></div>]]></description>
      <styleUrl>#builder-other</styleUrl>
      <Point><coordinates>-86.552832,30.708382,0</coordinates></Point>
    </Placemark>
    <Placemark>
      <name>Valor Ridge</name>
      <description><![CDATA[<div><div><b>Builder:</b> D.R. Horton</div><div><b>Style Class:</b> builder-drhorton</div><div><b>Color:</b> #dc2626</div><div><b>Status:</b> Active</div><div><b>Product:</b> Single-Family Detached</div><div><b>Price:</b> 278900.0 - 345900.0</div><div><b>Square Foot:</b> 1650 - 2495</div><div><b>Elementary:</b> Meadowlake Elementary School</div><div><b>Middle:</b> Katherine H Hankins Middle School</div><div><b>High:</b> Theodore High School</div><div><b>Submarket:</b> Central Mobile</div><div><b>Hub:</b> Alabama Hub</div><div><b>City:</b> Mobile</div><div><b>Source:</b> Zonda export provided by user</div></div>]]></description>
      <styleUrl>#builder-drhorton</styleUrl>
      <Point><coordinates>-88.22554,30.600362,0</coordinates></Point>
    </Placemark>
    <Placemark>
      <name>Rosemary Sound</name>
      <description><![CDATA[<div><div><b>Builder:</b> D.R. Horton</div><div><b>Style Class:</b> builder-drhorton</div><div><b>Color:</b> #dc2626</div><div><b>Status:</b> Active</div><div><b>Product:</b> Single-Family Detached</div><div><b>Price:</b> </div><div><b>Square Foot:</b> </div><div><b>Elementary:</b> West Navarre Intermediate School; West Navarre Primary School</div><div><b>Middle:</b> Woodlawn Beach Middle School</div><div><b>High:</b> Navarre High School</div><div><b>Submarket:</b> Pensacola Beaches</div><div><b>Hub:</b> Pensacola Hub</div><div><b>City:</b> Gulf Breeze</div><div><b>Source:</b> Zonda export provided by user</div></div>]]></description>
      <styleUrl>#builder-drhorton</styleUrl>
      <Point><coordinates>-86.96137,30.400064,0</coordinates></Point>
    </Placemark>
    <Placemark>
      <name>Nature Walk at Pond Creek</name>
      <description><![CDATA[<div><div><b>Builder:</b> Owens Custom Homes</div><div><b>Style Class:</b> builder-other</div><div><b>Color:</b> #f97316</div><div><b>Status:</b> Active</div><div><b>Product:</b> Single-Family Detached</div><div><b>Price:</b> </div><div><b>Square Foot:</b> </div><div><b>Elementary:</b> Chumuckla Elementary School; Central School</div><div><b>Middle:</b> Central School</div><div><b>High:</b> Central School</div><div><b>Submarket:</b> Santa Rosa County</div><div><b>Hub:</b> Growth Markets</div><div><b>City:</b> Jay</div><div><b>Source:</b> Zonda export provided by user</div></div>]]></description>
      <styleUrl>#builder-other</styleUrl>
      <Point><coordinates>-87.175832,30.777466,0</coordinates></Point>
    </Placemark>
    <Placemark>
      <name>Ridge Walk</name>
      <description><![CDATA[<div><div><b>Builder:</b> Randy Wise Homes</div><div><b>Style Class:</b> builder-other</div><div><b>Color:</b> #f97316</div><div><b>Status:</b> Built Out</div><div><b>Product:</b> Single-Family Detached</div><div><b>Price:</b> 1679990.0</div><div><b>Square Foot:</b> 2272</div><div><b>Elementary:</b> Bay Elementary School</div><div><b>Middle:</b> Emerald Coast Middle School</div><div><b>High:</b> South Walton High School</div><div><b>Submarket:</b> Walton and Bay Beaches</div><div><b>Hub:</b> Growth Markets</div><div><b>City:</b> Santa Rosa Beach</div><div><b>Source:</b> Zonda export provided by user</div></div>]]></description>
      <styleUrl>#builder-other</styleUrl>
      <Point><coordinates>-86.229156,30.357236,0</coordinates></Point>
    </Placemark>
    <Placemark>
      <name>Nellie Preserve</name>
      <description><![CDATA[<div><div><b>Builder:</b> D.R. Horton</div><div><b>Style Class:</b> builder-drhorton</div><div><b>Color:</b> #dc2626</div><div><b>Status:</b> Active</div><div><b>Product:</b> Single-Family Detached</div><div><b>Price:</b> 515900.0 - 591900.0</div><div><b>Square Foot:</b> 1799 - 2550</div><div><b>Elementary:</b> Bay Elementary School</div><div><b>Middle:</b> Emerald Coast Middle School</div><div><b>High:</b> South Walton High School</div><div><b>Submarket:</b> Walton and Bay Beaches</div><div><b>Hub:</b> Growth Markets</div><div><b>City:</b> Santa Rosa Beach</div><div><b>Source:</b> Zonda export provided by user</div></div>]]></description>
      <styleUrl>#builder-drhorton</styleUrl>
      <Point><coordinates>-86.211662,30.401646,0</coordinates></Point>
    </Placemark>
    <Placemark>
      <name>Grand Chenier</name>
      <description><![CDATA[<div><div><b>Builder:</b> Ardco</div><div><b>Style Class:</b> builder-other</div><div><b>Color:</b> #f97316</div><div><b>Status:</b> Active</div><div><b>Product:</b> Single-Family Detached</div><div><b>Price:</b> </div><div><b>Square Foot:</b> </div><div><b>Elementary:</b> West Navarre Intermediate School; West Navarre Primary School</div><div><b>Middle:</b> Woodlawn Beach Middle School</div><div><b>High:</b> Gulf Breeze High School</div><div><b>Submarket:</b> Pensacola Beaches</div><div><b>Hub:</b> Pensacola Hub</div><div><b>City:</b> Gulf Breeze</div><div><b>Source:</b> Zonda export provided by user</div></div>]]></description>
      <styleUrl>#builder-other</styleUrl>
      <Point><coordinates>-86.991797,30.393533,0</coordinates></Point>
    </Placemark>
    <Placemark>
      <name>Hammock Bay/Bird Song</name>
      <description><![CDATA[<div><div><b>Builder:</b> DSLD Homes</div><div><b>Style Class:</b> builder-dsld</div><div><b>Color:</b> #7c3aed</div><div><b>Status:</b> Active</div><div><b>Product:</b> Single-Family Detached</div><div><b>Price:</b> 451990.0 - 538990.0</div><div><b>Square Foot:</b> 1925 - 2720</div><div><b>Elementary:</b> Freeport Middle School; Freeport Elementary School</div><div><b>Middle:</b> Freeport Middle School</div><div><b>High:</b> Freeport Senior High School</div><div><b>Submarket:</b> Freeport</div><div><b>Hub:</b> Panama City Hub</div><div><b>City:</b> Freeport</div><div><b>Source:</b> Zonda export provided by user</div></div>]]></description>
      <styleUrl>#builder-dsld</styleUrl>
      <Point><coordinates>-86.179573,30.469896,0</coordinates></Point>
    </Placemark>
    <Placemark>
      <name>Overland </name>
      <description><![CDATA[<div><div><b>Builder:</b> D.R. Horton</div><div><b>Style Class:</b> builder-drhorton</div><div><b>Color:</b> #dc2626</div><div><b>Status:</b> Active</div><div><b>Product:</b> Single-Family Detached</div><div><b>Price:</b> 320900.0 - 338900.0</div><div><b>Square Foot:</b> 1272 - 1510</div><div><b>Elementary:</b> Fairhope East Elementary; Fairhope High School</div><div><b>Middle:</b> Fairhope Middle School</div><div><b>High:</b> Fairhope High School</div><div><b>Submarket:</b> West Baldwin</div><div><b>Hub:</b> Alabama Hub</div><div><b>City:</b> Fairhope</div><div><b>Source:</b> Zonda export provided by user</div></div>]]></description>
      <styleUrl>#builder-drhorton</styleUrl>
      <Point><coordinates>-87.841225,30.523264,0</coordinates></Point>
    </Placemark>
    <Placemark>
      <name>Forest Park</name>
      <description><![CDATA[<div><div><b>Builder:</b> Adams Homes</div><div><b>Style Class:</b> builder-adams</div><div><b>Color:</b> #16a34a</div><div><b>Status:</b> Active</div><div><b>Product:</b> Single-Family Detached</div><div><b>Price:</b> </div><div><b>Square Foot:</b> </div><div><b>Elementary:</b> Robertsdale Elementary School</div><div><b>Middle:</b> Central Baldwin Middle School</div><div><b>High:</b> Robertsdale High School</div><div><b>Submarket:</b> Central Baldwin</div><div><b>Hub:</b> Alabama Hub</div><div><b>City:</b> Robertsdale</div><div><b>Source:</b> Zonda export provided by user</div></div>]]></description>
      <styleUrl>#builder-adams</styleUrl>
      <Point><coordinates>-87.698062,30.553295,0</coordinates></Point>
    </Placemark>
    <Placemark>
      <name>Pathstone/Fallschase</name>
      <description><![CDATA[<div><div><b>Builder:</b> D.R. Horton</div><div><b>Style Class:</b> builder-drhorton</div><div><b>Color:</b> #dc2626</div><div><b>Status:</b> Active</div><div><b>Product:</b> Single-Family Detached</div><div><b>Price:</b> 334900.0 - 419900.0</div><div><b>Square Foot:</b> 1568 - 2415</div><div><b>Elementary:</b> Beulah Elementary School</div><div><b>Middle:</b> Beulah Middle School</div><div><b>High:</b> Pine Forest High School</div><div><b>Submarket:</b> Cantonment</div><div><b>Hub:</b> Pensacola Hub</div><div><b>City:</b> Pensacola</div><div><b>Source:</b> Zonda export provided by user</div></div>]]></description>
      <styleUrl>#builder-drhorton</styleUrl>
      <Point><coordinates>-87.339695,30.531164,0</coordinates></Point>
    </Placemark>
    <Placemark>
      <name>Crest Bay Cottages</name>
      <description><![CDATA[<div><div><b>Builder:</b> D.R. Horton</div><div><b>Style Class:</b> builder-drhorton</div><div><b>Color:</b> #dc2626</div><div><b>Status:</b> Active</div><div><b>Product:</b> Single-Family Detached</div><div><b>Price:</b> 580900.0 - 615900.0</div><div><b>Square Foot:</b> 1689 - 2245</div><div><b>Elementary:</b> Van R. Butler Elementary School</div><div><b>Middle:</b> Emerald Coast Middle School</div><div><b>High:</b> South Walton High School</div><div><b>Submarket:</b> Walton and Bay Beaches</div><div><b>Hub:</b> Growth Markets</div><div><b>City:</b> Miramar Beach</div><div><b>Source:</b> Zonda export provided by user</div></div>]]></description>
      <styleUrl>#builder-drhorton</styleUrl>
      <Point><coordinates>-86.355869,30.385428,0</coordinates></Point>
    </Placemark>
    <Placemark>
      <name>Deer Ridge Crossing</name>
      <description><![CDATA[<div><div><b>Builder:</b> D.R. Horton</div><div><b>Style Class:</b> builder-drhorton</div><div><b>Color:</b> #dc2626</div><div><b>Status:</b> Active</div><div><b>Product:</b> Single-Family Detached</div><div><b>Price:</b> 404900.0 - 499900.0</div><div><b>Square Foot:</b> 1697 - 2995</div><div><b>Elementary:</b> West Navarre Intermediate School; West Navarre Primary School</div><div><b>Middle:</b> Woodlawn Beach Middle School</div><div><b>High:</b> Gulf Breeze High School</div><div><b>Submarket:</b> Pensacola Beaches</div><div><b>Hub:</b> Pensacola Hub</div><div><b>City:</b> Gulf Breeze</div><div><b>Source:</b> Zonda export provided by user</div></div>]]></description>
      <styleUrl>#builder-drhorton</styleUrl>
      <Point><coordinates>-86.977569,30.412884,0</coordinates></Point>
    </Placemark>
    <Placemark>
      <name>Lupin Beach</name>
      <description><![CDATA[<div><div><b>Builder:</b> Alys Beach Construction</div><div><b>Style Class:</b> builder-other</div><div><b>Color:</b> #f97316</div><div><b>Status:</b> Active</div><div><b>Product:</b> Single-Family Detached</div><div><b>Price:</b> </div><div><b>Square Foot:</b> </div><div><b>Elementary:</b> Bay Elementary School</div><div><b>Middle:</b> Emerald Coast Middle School</div><div><b>High:</b> South Walton High School</div><div><b>Submarket:</b> Walton and Bay Beaches</div><div><b>Hub:</b> Growth Markets</div><div><b>City:</b> Inlet Beach</div><div><b>Source:</b> Zonda export provided by user</div></div>]]></description>
      <styleUrl>#builder-other</styleUrl>
      <Point><coordinates>-85.997575,30.2711,0</coordinates></Point>
    </Placemark>
    <Placemark>
      <name>Emerald Heights</name>
      <description><![CDATA[<div><div><b>Builder:</b> Adams Homes</div><div><b>Style Class:</b> builder-adams</div><div><b>Color:</b> #16a34a</div><div><b>Status:</b> Built Out</div><div><b>Product:</b> Single-Family Detached</div><div><b>Price:</b> 318900.0 - 343400.0</div><div><b>Square Foot:</b> 1425 - 1901</div><div><b>Elementary:</b> Blue Angels Elementary School</div><div><b>Middle:</b> Jim C. Bailey Middle School</div><div><b>High:</b> Escambia High School</div><div><b>Submarket:</b> Pensacola</div><div><b>Hub:</b> Pensacola Hub</div><div><b>City:</b> Pensacola</div><div><b>Source:</b> Zonda export provided by user</div></div>]]></description>
      <styleUrl>#builder-adams</styleUrl>
      <Point><coordinates>-87.396225,30.398755,0</coordinates></Point>
    </Placemark>
    <Placemark>
      <name>Salter Rd Subdivision</name>
      <description><![CDATA[<div><div><b>Builder:</b> Coastal Homes of NWF | Crosswood Homes | Shear Construction</div><div><b>Style Class:</b> builder-other</div><div><b>Color:</b> #f97316</div><div><b>Status:</b> Active</div><div><b>Product:</b> Single-Family Detached</div><div><b>Price:</b> </div><div><b>Square Foot:</b> </div><div><b>Elementary:</b> Chumuckla Elementary School; Central School</div><div><b>Middle:</b> Central School</div><div><b>High:</b> Central School</div><div><b>Submarket:</b> Santa Rosa County</div><div><b>Hub:</b> Growth Markets</div><div><b>City:</b> Jay</div><div><b>Source:</b> Zonda export provided by user</div></div>]]></description>
      <styleUrl>#builder-other</styleUrl>
      <Point><coordinates>-87.195673,30.778626,0</coordinates></Point>
    </Placemark>
    <Placemark>
      <name>Chase Farms</name>
      <description><![CDATA[<div><div><b>Builder:</b> D.R. Horton</div><div><b>Style Class:</b> builder-drhorton</div><div><b>Color:</b> #dc2626</div><div><b>Status:</b> Active</div><div><b>Product:</b> Single-Family Detached</div><div><b>Price:</b> 333900.0 - 575900.0</div><div><b>Square Foot:</b> 1568 - 3010</div><div><b>Elementary:</b> Chumuckla Elementary School; Central School</div><div><b>Middle:</b> Central School</div><div><b>High:</b> Central School</div><div><b>Submarket:</b> Santa Rosa County</div><div><b>Hub:</b> Growth Markets</div><div><b>City:</b> Milton</div><div><b>Source:</b> Zonda export provided by user</div></div>]]></description>
      <styleUrl>#builder-drhorton</styleUrl>
      <Point><coordinates>-87.210466,30.720419,0</coordinates></Point>
    </Placemark>
    <Placemark>
      <name>NatureView/North</name>
      <description><![CDATA[<div><div><b>Builder:</b> DSLD Homes | Holiday Builders</div><div><b>Style Class:</b> builder-dsld</div><div><b>Color:</b> #7c3aed</div><div><b>Status:</b> Active</div><div><b>Product:</b> Single-Family Detached</div><div><b>Price:</b> 349990.0 - 539990.0</div><div><b>Square Foot:</b> 1685 - 3064</div><div><b>Elementary:</b> Freeport Middle School; Freeport Elementary School</div><div><b>Middle:</b> Freeport Middle School</div><div><b>High:</b> Freeport Senior High School</div><div><b>Submarket:</b> Freeport</div><div><b>Hub:</b> Panama City Hub</div><div><b>City:</b> Ponce De Leon</div><div><b>Source:</b> Zonda export provided by user</div></div>]]></description>
      <styleUrl>#builder-dsld</styleUrl>
      <Point><coordinates>-86.042394,30.429471,0</coordinates></Point>
    </Placemark>
    <Placemark>
      <name>Laurelbrooke</name>
      <description><![CDATA[<div><div><b>Builder:</b> D.R. Horton</div><div><b>Style Class:</b> builder-drhorton</div><div><b>Color:</b> #dc2626</div><div><b>Status:</b> Active</div><div><b>Product:</b> Single-Family Detached</div><div><b>Price:</b> 344650.0 - 372650.0</div><div><b>Square Foot:</b> 1510 - 2031</div><div><b>Elementary:</b> J Larry Newton School; Fairhope High School</div><div><b>Middle:</b> Fairhope Middle School</div><div><b>High:</b> Fairhope High School</div><div><b>Submarket:</b> West Baldwin</div><div><b>Hub:</b> Alabama Hub</div><div><b>City:</b> Fairhope</div><div><b>Source:</b> Zonda export provided by user</div></div>]]></description>
      <styleUrl>#builder-drhorton</styleUrl>
      <Point><coordinates>-87.852233,30.452686,0</coordinates></Point>
    </Placemark>
    <Placemark>
      <name>Haven at Fairhope</name>
      <description><![CDATA[<div><div><b>Builder:</b> ?</div><div><b>Style Class:</b> builder-other</div><div><b>Color:</b> #f97316</div><div><b>Status:</b> Active</div><div><b>Product:</b> Single-Family Detached</div><div><b>Price:</b> </div><div><b>Square Foot:</b> </div><div><b>Elementary:</b> J Larry Newton School; Fairhope High School</div><div><b>Middle:</b> Fairhope Middle School</div><div><b>High:</b> Fairhope High School</div><div><b>Submarket:</b> West Baldwin</div><div><b>Hub:</b> Alabama Hub</div><div><b>City:</b> Fairhope</div><div><b>Source:</b> Zonda export provided by user</div></div>]]></description>
      <styleUrl>#builder-other</styleUrl>
      <Point><coordinates>-87.852997,30.468348,0</coordinates></Point>
    </Placemark>
    <Placemark>
      <name>Blackwater Reserve</name>
      <description><![CDATA[<div><div><b>Builder:</b> D.R. Horton</div><div><b>Style Class:</b> builder-drhorton</div><div><b>Color:</b> #dc2626</div><div><b>Status:</b> Active</div><div><b>Product:</b> Single-Family Detached</div><div><b>Price:</b> 279900.0 - 409900.0</div><div><b>Square Foot:</b> 1354 - 2995</div><div><b>Elementary:</b> East Milton Elementary School</div><div><b>Middle:</b> Martin Luther King Middle School</div><div><b>High:</b> Milton High School</div><div><b>Submarket:</b> Milton</div><div><b>Hub:</b> Pensacola Hub</div><div><b>City:</b> Milton</div><div><b>Source:</b> Zonda export provided by user</div></div>]]></description>
      <styleUrl>#builder-drhorton</styleUrl>
      <Point><coordinates>-86.98027,30.627463,0</coordinates></Point>
    </Placemark>
    <Placemark>
      <name>Harrisburg Estates</name>
      <description><![CDATA[<div><div><b>Builder:</b> D.R. Horton | W. Douglas Harris Construction</div><div><b>Style Class:</b> builder-drhorton</div><div><b>Color:</b> #dc2626</div><div><b>Status:</b> Active</div><div><b>Product:</b> Single-Family Detached</div><div><b>Price:</b> </div><div><b>Square Foot:</b> </div><div><b>Elementary:</b> Bob Sikes Elementary School</div><div><b>Middle:</b> Davidson Middle School</div><div><b>High:</b> Crestview High School</div><div><b>Submarket:</b> Crestview</div><div><b>Hub:</b> Pensacola Hub</div><div><b>City:</b> Crestview</div><div><b>Source:</b> Zonda export provided by user</div></div>]]></description>
      <styleUrl>#builder-drhorton</styleUrl>
      <Point><coordinates>-86.595651,30.795385,0</coordinates></Point>
    </Placemark>
    <Placemark>
      <name>Buckeyes Landing</name>
      <description><![CDATA[<div><div><b>Builder:</b> Herbst Homes</div><div><b>Style Class:</b> builder-other</div><div><b>Color:</b> #f97316</div><div><b>Status:</b> Active</div><div><b>Product:</b> Single-Family Detached</div><div><b>Price:</b> </div><div><b>Square Foot:</b> </div><div><b>Elementary:</b> Holley-Navarre Intermediate School; Holley-Navarre Primary School</div><div><b>Middle:</b> Holley-Navarre Middle School</div><div><b>High:</b> Navarre High School</div><div><b>Submarket:</b> Eglin AFB</div><div><b>Hub:</b> Growth Markets</div><div><b>City:</b> Navarre</div><div><b>Source:</b> Zonda export provided by user</div></div>]]></description>
      <styleUrl>#builder-other</styleUrl>
      <Point><coordinates>-86.906535,30.461493,0</coordinates></Point>
    </Placemark>
    <Placemark>
      <name>Grasslands</name>
      <description><![CDATA[<div><div><b>Builder:</b> Lennar Homes</div><div><b>Style Class:</b> builder-lennar</div><div><b>Color:</b> #2563eb</div><div><b>Status:</b> Active</div><div><b>Product:</b> Single-Family Detached</div><div><b>Price:</b> 256990.0 - 301990.0</div><div><b>Square Foot:</b> 1413 - 1891</div><div><b>Elementary:</b> Florence B Mathis Elementary</div><div><b>Middle:</b> Foley Middle School</div><div><b>High:</b> Foley High School</div><div><b>Submarket:</b> South Baldwin</div><div><b>Hub:</b> Alabama Hub</div><div><b>City:</b> Foley</div><div><b>Source:</b> Zonda export provided by user</div></div>]]></description>
      <styleUrl>#builder-lennar</styleUrl>
      <Point><coordinates>-87.716777,30.374236,0</coordinates></Point>
    </Placemark>
    <Placemark>
      <name>Wildwood Village</name>
      <description><![CDATA[<div><div><b>Builder:</b> BluScape Homes</div><div><b>Style Class:</b> builder-other</div><div><b>Color:</b> #f97316</div><div><b>Status:</b> Active</div><div><b>Product:</b> Single-Family Detached</div><div><b>Price:</b> 899000.0 - 1590000.0</div><div><b>Square Foot:</b> 1692 - 3589</div><div><b>Elementary:</b> Bay Elementary School</div><div><b>Middle:</b> Emerald Coast Middle School</div><div><b>High:</b> South Walton High School</div><div><b>Submarket:</b> Walton and Bay Beaches</div><div><b>Hub:</b> Growth Markets</div><div><b>City:</b> Inlet Beach</div><div><b>Source:</b> Zonda export provided by user</div></div>]]></description>
      <styleUrl>#builder-other</styleUrl>
      <Point><coordinates>-86.00197,30.281995,0</coordinates></Point>
    </Placemark>
    <Placemark>
      <name>Hamilton Ridge </name>
      <description><![CDATA[<div><div><b>Builder:</b> D.R. Horton</div><div><b>Style Class:</b> builder-drhorton</div><div><b>Color:</b> #dc2626</div><div><b>Status:</b> Active</div><div><b>Product:</b> Single-Family Detached</div><div><b>Price:</b> 322990.0 - 421900.0</div><div><b>Square Foot:</b> 1814 - 2997</div><div><b>Elementary:</b> Hutchens Elementary School; Dawes Intermediate School</div><div><b>Middle:</b> Bernice J Causey Middle School</div><div><b>High:</b> Baker High School</div><div><b>Submarket:</b> Central Mobile</div><div><b>Hub:</b> Alabama Hub</div><div><b>City:</b> Mobile</div><div><b>Source:</b> Zonda export provided by user</div></div>]]></description>
      <styleUrl>#builder-drhorton</styleUrl>
      <Point><coordinates>-88.271501,30.640913,0</coordinates></Point>
    </Placemark>
    <Placemark>
      <name>Shoal River Landing</name>
      <description><![CDATA[<div><div><b>Builder:</b> D.R. Horton</div><div><b>Style Class:</b> builder-drhorton</div><div><b>Color:</b> #dc2626</div><div><b>Status:</b> Built Out</div><div><b>Product:</b> Single-Family Detached</div><div><b>Price:</b> 325900.0 - 514900.0</div><div><b>Square Foot:</b> 1387 - 3113</div><div><b>Elementary:</b> Riverside Elementary School</div><div><b>Middle:</b> Shoal River Middle School</div><div><b>High:</b> Crestview High School</div><div><b>Submarket:</b> Crestview</div><div><b>Hub:</b> Pensacola Hub</div><div><b>City:</b> Crestview</div><div><b>Source:</b> Zonda export provided by user</div></div>]]></description>
      <styleUrl>#builder-drhorton</styleUrl>
      <Point><coordinates>-86.534539,30.735354,0</coordinates></Point>
    </Placemark>
    <Placemark>
      <name>Ridge at Harvest Point</name>
      <description><![CDATA[<div><div><b>Builder:</b> Lennar Homes</div><div><b>Style Class:</b> builder-lennar</div><div><b>Color:</b> #2563eb</div><div><b>Status:</b> Active</div><div><b>Product:</b> Single-Family Detached</div><div><b>Price:</b> 256990.0 - 291990.0</div><div><b>Square Foot:</b> 1290 - 1732</div><div><b>Elementary:</b> W. H. Rhodes Elementary School</div><div><b>Middle:</b> Martin Luther King Middle School</div><div><b>High:</b> Milton High School</div><div><b>Submarket:</b> Milton</div><div><b>Hub:</b> Pensacola Hub</div><div><b>City:</b> Milton</div><div><b>Source:</b> Zonda export provided by user</div></div>]]></description>
      <styleUrl>#builder-lennar</styleUrl>
      <Point><coordinates>-87.050014,30.693846,0</coordinates></Point>
    </Placemark>
    <Placemark>
      <name>Elberta Place</name>
      <description><![CDATA[<div><div><b>Builder:</b> Adams Homes</div><div><b>Style Class:</b> builder-adams</div><div><b>Color:</b> #16a34a</div><div><b>Status:</b> Built Out</div><div><b>Product:</b> Single-Family Detached</div><div><b>Price:</b> 370726.0 - 421566.0</div><div><b>Square Foot:</b> 2202 - 3000</div><div><b>Elementary:</b> Elberta Elementary School</div><div><b>Middle:</b> Elberta Middle School</div><div><b>High:</b> Elberta Middle School</div><div><b>Submarket:</b> South Baldwin</div><div><b>Hub:</b> Alabama Hub</div><div><b>City:</b> Elberta</div><div><b>Source:</b> Zonda export provided by user</div></div>]]></description>
      <styleUrl>#builder-adams</styleUrl>
      <Point><coordinates>-87.60359,30.408671,0</coordinates></Point>
    </Placemark>
    <Placemark>
      <name>Old Towne Bayou</name>
      <description><![CDATA[<div><div><b>Builder:</b> Tarey Franxman</div><div><b>Style Class:</b> builder-other</div><div><b>Color:</b> #f97316</div><div><b>Status:</b> Active</div><div><b>Product:</b> Single-Family Detached</div><div><b>Price:</b> </div><div><b>Square Foot:</b> </div><div><b>Elementary:</b> Van R. Butler Elementary School</div><div><b>Middle:</b> Emerald Coast Middle School</div><div><b>High:</b> South Walton High School</div><div><b>Submarket:</b> Walton and Bay Beaches</div><div><b>Hub:</b> Growth Markets</div><div><b>City:</b> Santa Rosa Beach</div><div><b>Source:</b> Zonda export provided by user</div></div>]]></description>
      <styleUrl>#builder-other</styleUrl>
      <Point><coordinates>-86.228543,30.40194,0</coordinates></Point>
    </Placemark>
    <Placemark>
      <name>Hammock Bay/Vineyards </name>
      <description><![CDATA[<div><div><b>Builder:</b> Randy Wise Homes</div><div><b>Style Class:</b> builder-other</div><div><b>Color:</b> #f97316</div><div><b>Status:</b> Active</div><div><b>Product:</b> Single-Family Detached</div><div><b>Price:</b> 1194000.0 - 1199900.0</div><div><b>Square Foot:</b> 3265 - 3455</div><div><b>Elementary:</b> Freeport Middle School; Freeport Elementary School</div><div><b>Middle:</b> Freeport Middle School</div><div><b>High:</b> Freeport Senior High School</div><div><b>Submarket:</b> Freeport</div><div><b>Hub:</b> Panama City Hub</div><div><b>City:</b> Freeport</div><div><b>Source:</b> Zonda export provided by user</div></div>]]></description>
      <styleUrl>#builder-other</styleUrl>
      <Point><coordinates>-86.164924,30.492153,0</coordinates></Point>
    </Placemark>
    <Placemark>
      <name>Rayne Plantation</name>
      <description><![CDATA[<div><div><b>Builder:</b> D.R. Horton</div><div><b>Style Class:</b> builder-drhorton</div><div><b>Color:</b> #dc2626</div><div><b>Status:</b> Active</div><div><b>Product:</b> Single-Family Detached</div><div><b>Price:</b> 579900.0 - 597950.0</div><div><b>Square Foot:</b> 2527 - 2806</div><div><b>Elementary:</b> Stonebridge Elementary</div><div><b>Middle:</b> Spanish Fort Middle School</div><div><b>High:</b> Spanish Fort High School</div><div><b>Submarket:</b> Central Baldwin</div><div><b>Hub:</b> Alabama Hub</div><div><b>City:</b> Daphne</div><div><b>Source:</b> Zonda export provided by user</div></div>]]></description>
      <styleUrl>#builder-drhorton</styleUrl>
      <Point><coordinates>-87.809327,30.689581,0</coordinates></Point>
    </Placemark>
    <Placemark>
      <name>Clear Water Landing</name>
      <description><![CDATA[<div><div><b>Builder:</b> Herbst Homes</div><div><b>Style Class:</b> builder-other</div><div><b>Color:</b> #f97316</div><div><b>Status:</b> Active</div><div><b>Product:</b> Single-Family Detached</div><div><b>Price:</b> 625000.0</div><div><b>Square Foot:</b> 2711</div><div><b>Elementary:</b> East Milton Elementary School</div><div><b>Middle:</b> Martin Luther King Middle School</div><div><b>High:</b> Milton High School</div><div><b>Submarket:</b> Milton</div><div><b>Hub:</b> Pensacola Hub</div><div><b>City:</b> Milton</div><div><b>Source:</b> Zonda export provided by user</div></div>]]></description>
      <styleUrl>#builder-other</styleUrl>
      <Point><coordinates>-86.967343,30.593469,0</coordinates></Point>
    </Placemark>
    <Placemark>
      <name>Wilson Place </name>
      <description><![CDATA[<div><div><b>Builder:</b> Adams Homes</div><div><b>Style Class:</b> builder-adams</div><div><b>Color:</b> #16a34a</div><div><b>Status:</b> Built Out</div><div><b>Product:</b> Single-Family Detached</div><div><b>Price:</b> 366800.0 - 403680.0</div><div><b>Square Foot:</b> 1930 - 2508</div><div><b>Elementary:</b> W J Carroll Intermediate School; Daphne Elementary School</div><div><b>Middle:</b> Daphne Middle School</div><div><b>High:</b> Daphne High School</div><div><b>Submarket:</b> West Baldwin</div><div><b>Hub:</b> Alabama Hub</div><div><b>City:</b> Daphne</div><div><b>Source:</b> Zonda export provided by user</div></div>]]></description>
      <styleUrl>#builder-adams</styleUrl>
      <Point><coordinates>-87.886497,30.611651,0</coordinates></Point>
    </Placemark>
    <Placemark>
      <name>Bonita Crossing </name>
      <description><![CDATA[<div><div><b>Builder:</b> R &amp; B Development</div><div><b>Style Class:</b> builder-other</div><div><b>Color:</b> #f97316</div><div><b>Status:</b> Active</div><div><b>Product:</b> Single-Family Detached</div><div><b>Price:</b> </div><div><b>Square Foot:</b> </div><div><b>Elementary:</b> Hiland Park Elementary School</div><div><b>Middle:</b> Mowat Middle School</div><div><b>High:</b> Bay High School</div><div><b>Submarket:</b> Panama City</div><div><b>Hub:</b> Panama City Hub</div><div><b>City:</b> Panama City</div><div><b>Source:</b> Zonda export provided by user</div></div>]]></description>
      <styleUrl>#builder-other</styleUrl>
      <Point><coordinates>-85.644195,30.192626,0</coordinates></Point>
    </Placemark>
    <Placemark>
      <name>Nautilus Pointe at Inlet Beach</name>
      <description><![CDATA[<div><div><b>Builder:</b> Brock Built</div><div><b>Style Class:</b> builder-other</div><div><b>Color:</b> #f97316</div><div><b>Status:</b> Active</div><div><b>Product:</b> Single-Family Detached</div><div><b>Price:</b> 869900.0 - 1190000.0</div><div><b>Square Foot:</b> 1772 - 2654</div><div><b>Elementary:</b> Bay Elementary School</div><div><b>Middle:</b> Emerald Coast Middle School</div><div><b>High:</b> South Walton High School</div><div><b>Submarket:</b> Walton and Bay Beaches</div><div><b>Hub:</b> Growth Markets</div><div><b>City:</b> Inlet Beach</div><div><b>Source:</b> Zonda export provided by user</div></div>]]></description>
      <styleUrl>#builder-other</styleUrl>
      <Point><coordinates>-86.001424,30.27871,0</coordinates></Point>
    </Placemark>
    <Placemark>
      <name>North Hills at Fairhope</name>
      <description><![CDATA[<div><div><b>Builder:</b> Crocker Homes | Farmstead Built | Pickering Building &amp; Renovations</div><div><b>Style Class:</b> builder-other</div><div><b>Color:</b> #f97316</div><div><b>Status:</b> Active</div><div><b>Product:</b> Single-Family Detached</div><div><b>Price:</b> </div><div><b>Square Foot:</b> </div><div><b>Elementary:</b> Fairhope East Elementary; Fairhope High School</div><div><b>Middle:</b> Fairhope Middle School</div><div><b>High:</b> Fairhope High School</div><div><b>Submarket:</b> West Baldwin</div><div><b>Hub:</b> Alabama Hub</div><div><b>City:</b> Fairhope</div><div><b>Source:</b> Zonda export provided by user</div></div>]]></description>
      <styleUrl>#builder-other</styleUrl>
      <Point><coordinates>-87.862042,30.547627,0</coordinates></Point>
    </Placemark>
    <Placemark>
      <name>Anglebrook/SF</name>
      <description><![CDATA[<div><div><b>Builder:</b> D.R. Horton</div><div><b>Style Class:</b> builder-drhorton</div><div><b>Color:</b> #dc2626</div><div><b>Status:</b> Active</div><div><b>Product:</b> Single-Family Detached</div><div><b>Price:</b> 312900.0 - 337900.0</div><div><b>Square Foot:</b> 1585 - 2018</div><div><b>Elementary:</b> Hutchens Elementary School; Dawes Intermediate School</div><div><b>Middle:</b> Bernice J Causey Middle School</div><div><b>High:</b> Baker High School</div><div><b>Submarket:</b> Central Mobile</div><div><b>Hub:</b> Alabama Hub</div><div><b>City:</b> Mobile</div><div><b>Source:</b> Zonda export provided by user</div></div>]]></description>
      <styleUrl>#builder-drhorton</styleUrl>
      <Point><coordinates>-88.25802,30.643144,0</coordinates></Point>
    </Placemark>
    <Placemark>
      <name>Lakes of Woodbine</name>
      <description><![CDATA[<div><div><b>Builder:</b> D.R. Horton</div><div><b>Style Class:</b> builder-drhorton</div><div><b>Color:</b> #dc2626</div><div><b>Status:</b> Active</div><div><b>Product:</b> Single-Family Detached</div><div><b>Price:</b> 333900.0 - 523900.0</div><div><b>Square Foot:</b> 1437 - 3113</div><div><b>Elementary:</b> S. S. Dixon Intermediate School; S. S. Dixon Primary School</div><div><b>Middle:</b> Thomas L Sims Middle School</div><div><b>High:</b> Pace High School</div><div><b>Submarket:</b> Pace</div><div><b>Hub:</b> Pensacola Hub</div><div><b>City:</b> Milton</div><div><b>Source:</b> Zonda export provided by user</div></div>]]></description>
      <styleUrl>#builder-drhorton</styleUrl>
      <Point><coordinates>-87.185019,30.611751,0</coordinates></Point>
    </Placemark>
    <Placemark>
      <name>Buffalo Creek Estates</name>
      <description><![CDATA[<div><div><b>Builder:</b> Owens Custom Homes</div><div><b>Style Class:</b> builder-other</div><div><b>Color:</b> #f97316</div><div><b>Status:</b> Active</div><div><b>Product:</b> Single-Family Detached</div><div><b>Price:</b> </div><div><b>Square Foot:</b> </div><div><b>Elementary:</b> Chumuckla Elementary School; Central School</div><div><b>Middle:</b> Central School</div><div><b>High:</b> Central School</div><div><b>Submarket:</b> Santa Rosa County</div><div><b>Hub:</b> Growth Markets</div><div><b>City:</b> Milton</div><div><b>Source:</b> Zonda export provided by user</div></div>]]></description>
      <styleUrl>#builder-other</styleUrl>
      <Point><coordinates>-87.216672,30.71699,0</coordinates></Point>
    </Placemark>
    <Placemark>
      <name>Lakeview Gardens </name>
      <description><![CDATA[<div><div><b>Builder:</b> DSLD Homes</div><div><b>Style Class:</b> builder-dsld</div><div><b>Color:</b> #7c3aed</div><div><b>Status:</b> Built Out</div><div><b>Product:</b> Single-Family Detached</div><div><b>Price:</b> 351990.0 - 439990.0</div><div><b>Square Foot:</b> 1680 - 2424</div><div><b>Elementary:</b> Florence B Mathis Elementary</div><div><b>Middle:</b> Foley Middle School</div><div><b>High:</b> Foley High School</div><div><b>Submarket:</b> South Baldwin</div><div><b>Hub:</b> Alabama Hub</div><div><b>City:</b> Foley</div><div><b>Source:</b> Zonda export provided by user</div></div>]]></description>
      <styleUrl>#builder-dsld</styleUrl>
      <Point><coordinates>-87.642366,30.366819,0</coordinates></Point>
    </Placemark>
    <Placemark>
      <name>Three Hollow East</name>
      <description><![CDATA[<div><div><b>Builder:</b> Century Communities | D.R. Horton</div><div><b>Style Class:</b> builder-century</div><div><b>Color:</b> #7f1d1d</div><div><b>Status:</b> Active</div><div><b>Product:</b> Single-Family Detached</div><div><b>Price:</b> 294990.0 - 425900.0</div><div><b>Square Foot:</b> 1646 - 2414</div><div><b>Elementary:</b> Chumuckla Elementary School; Central School</div><div><b>Middle:</b> Central School</div><div><b>High:</b> Central School</div><div><b>Submarket:</b> Santa Rosa County</div><div><b>Hub:</b> Growth Markets</div><div><b>City:</b> Jay</div><div><b>Source:</b> Zonda export provided by user</div></div>]]></description>
      <styleUrl>#builder-century</styleUrl>
      <Point><coordinates>-87.124651,30.777953,0</coordinates></Point>
    </Placemark>
    <Placemark>
      <name>College Station</name>
      <description><![CDATA[<div><div><b>Builder:</b> Adams Homes | Camben Homes | Valor Communities</div><div><b>Style Class:</b> builder-adams</div><div><b>Color:</b> #16a34a</div><div><b>Status:</b> Active</div><div><b>Product:</b> Single-Family Detached</div><div><b>Price:</b> 348850.0 - 394850.0</div><div><b>Square Foot:</b> 1634 - 2522</div><div><b>Elementary:</b> Tommy Smith Elementary School</div><div><b>Middle:</b> Merritt Brown Middle School</div><div><b>High:</b> Bay High School</div><div><b>Submarket:</b> Panama City</div><div><b>Hub:</b> Panama City Hub</div><div><b>City:</b> Panama City</div><div><b>Source:</b> Zonda export provided by user</div></div>]]></description>
      <styleUrl>#builder-adams</styleUrl>
      <Point><coordinates>-85.588294,30.211264,0</coordinates></Point>
    </Placemark>
    <Placemark>
      <name>Alexandras Park</name>
      <description><![CDATA[<div><div><b>Builder:</b> ?</div><div><b>Style Class:</b> builder-other</div><div><b>Color:</b> #f97316</div><div><b>Status:</b> Active</div><div><b>Product:</b> Single-Family Detached</div><div><b>Price:</b> </div><div><b>Square Foot:</b> </div><div><b>Elementary:</b> Callaway Elementary School</div><div><b>Middle:</b> Rutherford High School</div><div><b>High:</b> Rutherford High School</div><div><b>Submarket:</b> Panama City</div><div><b>Hub:</b> Panama City Hub</div><div><b>City:</b> Panama City</div><div><b>Source:</b> Zonda export provided by user</div></div>]]></description>
      <styleUrl>#builder-other</styleUrl>
      <Point><coordinates>-85.549259,30.159546,0</coordinates></Point>
    </Placemark>
    <Placemark>
      <name>Alys Beach/BK GG</name>
      <description><![CDATA[<div><div><b>Builder:</b> Alys Beach Construction | Earthbuild | Ebsco Gulf Coast Development | Galvas Construction</div><div><b>Style Class:</b> builder-other</div><div><b>Color:</b> #f97316</div><div><b>Status:</b> Active</div><div><b>Product:</b> Single-Family Detached</div><div><b>Price:</b> </div><div><b>Square Foot:</b> </div><div><b>Elementary:</b> Bay Elementary School</div><div><b>Middle:</b> Emerald Coast Middle School</div><div><b>High:</b> South Walton High School</div><div><b>Submarket:</b> Walton and Bay Beaches</div><div><b>Hub:</b> Growth Markets</div><div><b>City:</b> Inlet Beach</div><div><b>Source:</b> Zonda export provided by user</div></div>]]></description>
      <styleUrl>#builder-other</styleUrl>
      <Point><coordinates>-86.032254,30.28961,0</coordinates></Point>
    </Placemark>
    <Placemark>
      <name>Outlaws Way at Highlands City</name>
      <description><![CDATA[<div><div><b>Builder:</b> George Outlaw Homes</div><div><b>Style Class:</b> builder-other</div><div><b>Color:</b> #f97316</div><div><b>Status:</b> Active</div><div><b>Product:</b> Single-Family Detached</div><div><b>Price:</b> </div><div><b>Square Foot:</b> </div><div><b>Elementary:</b> Cedar Grove Elementary School</div><div><b>Middle:</b> Mowat Middle School</div><div><b>High:</b> Bay High School</div><div><b>Submarket:</b> Panama City</div><div><b>Hub:</b> Panama City Hub</div><div><b>City:</b> Panama City</div><div><b>Source:</b> Zonda export provided by user</div></div>]]></description>
      <styleUrl>#builder-other</styleUrl>
      <Point><coordinates>-85.615018,30.19523,0</coordinates></Point>
    </Placemark>
    <Placemark>
      <name>Palmer Woods</name>
      <description><![CDATA[<div><div><b>Builder:</b> D.R. Horton</div><div><b>Style Class:</b> builder-drhorton</div><div><b>Color:</b> #dc2626</div><div><b>Status:</b> Active</div><div><b>Product:</b> Single-Family Detached</div><div><b>Price:</b> 294900.0 - 337900.0</div><div><b>Square Foot:</b> 1915 - 2495</div><div><b>Elementary:</b> Semmes Elementary School; Mary G Montgomery High School</div><div><b>Middle:</b> Semmes Middle School</div><div><b>High:</b> Mary G Montgomery High School</div><div><b>Submarket:</b> Central Mobile</div><div><b>Hub:</b> Alabama Hub</div><div><b>City:</b> Semmes</div><div><b>Source:</b> Zonda export provided by user</div></div>]]></description>
      <styleUrl>#builder-drhorton</styleUrl>
      <Point><coordinates>-88.244179,30.78253,0</coordinates></Point>
    </Placemark>
    <Placemark>
      <name>Fox Glenn </name>
      <description><![CDATA[<div><div><b>Builder:</b> Adams Homes</div><div><b>Style Class:</b> builder-adams</div><div><b>Color:</b> #16a34a</div><div><b>Status:</b> Active</div><div><b>Product:</b> Single-Family Detached</div><div><b>Price:</b> </div><div><b>Square Foot:</b> </div><div><b>Elementary:</b> Callaway Elementary School</div><div><b>Middle:</b> Rutherford High School</div><div><b>High:</b> Rutherford High School</div><div><b>Submarket:</b> Panama City</div><div><b>Hub:</b> Panama City Hub</div><div><b>City:</b> Panama City</div><div><b>Source:</b> Zonda export provided by user</div></div>]]></description>
      <styleUrl>#builder-adams</styleUrl>
      <Point><coordinates>-85.569822,30.161317,0</coordinates></Point>
    </Placemark>
    <Placemark>
      <name>Cove Pointe</name>
      <description><![CDATA[<div><div><b>Builder:</b> Ben Wortman Construction | Cove Preservation Partners | Curole Construction</div><div><b>Style Class:</b> builder-other</div><div><b>Color:</b> #f97316</div><div><b>Status:</b> Active</div><div><b>Product:</b> Single-Family Detached</div><div><b>Price:</b> </div><div><b>Square Foot:</b> </div><div><b>Elementary:</b> Merriam Cherry Street Elementary School</div><div><b>Middle:</b> Jinks Middle School</div><div><b>High:</b> Bay High School</div><div><b>Submarket:</b> Panama City</div><div><b>Hub:</b> Panama City Hub</div><div><b>City:</b> Panama City</div><div><b>Source:</b> Zonda export provided by user</div></div>]]></description>
      <styleUrl>#builder-other</styleUrl>
      <Point><coordinates>-85.643546,30.153625,0</coordinates></Point>
    </Placemark>
    <Placemark>
      <name>Garden City Park</name>
      <description><![CDATA[<div><div><b>Builder:</b> CJL Homes | Linc Grant Construction</div><div><b>Style Class:</b> builder-other</div><div><b>Color:</b> #f97316</div><div><b>Status:</b> Active</div><div><b>Product:</b> Single-Family Detached</div><div><b>Price:</b> </div><div><b>Square Foot:</b> </div><div><b>Elementary:</b> Bob Sikes Elementary School</div><div><b>Middle:</b> Davidson Middle School</div><div><b>High:</b> Crestview High School</div><div><b>Submarket:</b> Laurel Hill</div><div><b>Hub:</b> Pensacola Hub</div><div><b>City:</b> Crestview</div><div><b>Source:</b> Zonda export provided by user</div></div>]]></description>
      <styleUrl>#builder-other</styleUrl>
      <Point><coordinates>-86.514129,30.828354,0</coordinates></Point>
    </Placemark>
    <Placemark>
      <name>Blackwater Ridge</name>
      <description><![CDATA[<div><div><b>Builder:</b> D.R. Horton</div><div><b>Style Class:</b> builder-drhorton</div><div><b>Color:</b> #dc2626</div><div><b>Status:</b> Active</div><div><b>Product:</b> Single-Family Detached</div><div><b>Price:</b> 287650.0 - 352650.0</div><div><b>Square Foot:</b> 1443 - 2250</div><div><b>Elementary:</b> Robertsdale Elementary School</div><div><b>Middle:</b> Central Baldwin Middle School</div><div><b>High:</b> Robertsdale High School</div><div><b>Submarket:</b> Central Baldwin</div><div><b>Hub:</b> Alabama Hub</div><div><b>City:</b> Robertsdale</div><div><b>Source:</b> Zonda export provided by user</div></div>]]></description>
      <styleUrl>#builder-drhorton</styleUrl>
      <Point><coordinates>-87.671685,30.553279,0</coordinates></Point>
    </Placemark>
    <Placemark>
      <name>Miller Commerce Park</name>
      <description><![CDATA[<div><div><b>Builder:</b> ?</div><div><b>Style Class:</b> builder-other</div><div><b>Color:</b> #f97316</div><div><b>Status:</b> Active</div><div><b>Product:</b> Single-Family Detached</div><div><b>Price:</b> </div><div><b>Square Foot:</b> </div><div><b>Elementary:</b> Freeport Middle School; Freeport Elementary School</div><div><b>Middle:</b> Freeport Middle School</div><div><b>High:</b> Freeport Senior High School</div><div><b>Submarket:</b> Freeport</div><div><b>Hub:</b> Panama City Hub</div><div><b>City:</b> Freeport</div><div><b>Source:</b> Zonda export provided by user</div></div>]]></description>
      <styleUrl>#builder-other</styleUrl>
      <Point><coordinates>-86.075374,30.477816,0</coordinates></Point>
    </Placemark>
    <Placemark>
      <name>Leighton Village</name>
      <description><![CDATA[<div><div><b>Builder:</b> Adams Homes | Lynn Nolan Construction | Twilley Builders</div><div><b>Style Class:</b> builder-adams</div><div><b>Color:</b> #16a34a</div><div><b>Status:</b> Active</div><div><b>Product:</b> Single-Family Detached</div><div><b>Price:</b> 358560.0 - 376900.0</div><div><b>Square Foot:</b> 1820 - 2200</div><div><b>Elementary:</b> Kate Shepard Elementary School</div><div><b>Middle:</b> Burns Middle School</div><div><b>High:</b> Ben C Rain High School</div><div><b>Submarket:</b> Central Mobile</div><div><b>Hub:</b> Alabama Hub</div><div><b>City:</b> Mobile</div><div><b>Source:</b> Zonda export provided by user</div></div>]]></description>
      <styleUrl>#builder-adams</styleUrl>
      <Point><coordinates>-88.134783,30.613374,0</coordinates></Point>
    </Placemark>
    <Placemark>
      <name>Sunny Hills/Unit 9</name>
      <description><![CDATA[<div><div><b>Builder:</b> ?</div><div><b>Style Class:</b> builder-other</div><div><b>Color:</b> #f97316</div><div><b>Status:</b> Active</div><div><b>Product:</b> Single-Family Detached</div><div><b>Price:</b> </div><div><b>Square Foot:</b> </div><div><b>Elementary:</b> Vernon Elementary School; Kate M. Smith Elementary School</div><div><b>Middle:</b> Roulhac Middle School; Vernon Middle School</div><div><b>High:</b> Chipley High School; Vernon High School</div><div><b>Submarket:</b> Washington County</div><div><b>Hub:</b> Growth Markets</div><div><b>City:</b> Chipley</div><div><b>Source:</b> Zonda export provided by user</div></div>]]></description>
      <styleUrl>#builder-other</styleUrl>
      <Point><coordinates>-85.567038,30.610015,0</coordinates></Point>
    </Placemark>
    <Placemark>
      <name>Pinehurst Estates</name>
      <description><![CDATA[<div><div><b>Builder:</b> Century Communities</div><div><b>Style Class:</b> builder-century</div><div><b>Color:</b> #7f1d1d</div><div><b>Status:</b> Active</div><div><b>Product:</b> Single-Family Detached</div><div><b>Price:</b> </div><div><b>Square Foot:</b> </div><div><b>Elementary:</b> West Defuniak Elementary School; Maude Saunders Elementary School</div><div><b>Middle:</b> Walton Middle School</div><div><b>High:</b> Walton High School</div><div><b>Submarket:</b> Defuniak Springs</div><div><b>Hub:</b> Panama City Hub</div><div><b>City:</b> Defuniak Springs</div><div><b>Source:</b> Zonda export provided by user</div></div>]]></description>
      <styleUrl>#builder-century</styleUrl>
      <Point><coordinates>-86.130459,30.7453,0</coordinates></Point>
    </Placemark>
    <Placemark>
      <name>Coastal Plantation</name>
      <description><![CDATA[<div><div><b>Builder:</b> America's Home Place</div><div><b>Style Class:</b> builder-other</div><div><b>Color:</b> #f97316</div><div><b>Status:</b> Active</div><div><b>Product:</b> Single-Family Detached</div><div><b>Price:</b> </div><div><b>Square Foot:</b> </div><div><b>Elementary:</b> </div><div><b>Middle:</b> </div><div><b>High:</b> </div><div><b>Submarket:</b> Gulf County</div><div><b>Hub:</b> Growth Markets</div><div><b>City:</b> Port Saint Joe</div><div><b>Source:</b> Zonda export provided by user</div></div>]]></description>
      <styleUrl>#builder-other</styleUrl>
      <Point><coordinates>-85.286167,29.774268,0</coordinates></Point>
    </Placemark>
    <Placemark>
      <name>Autumn Lakes</name>
      <description><![CDATA[<div><div><b>Builder:</b> D.R. Horton</div><div><b>Style Class:</b> builder-drhorton</div><div><b>Color:</b> #dc2626</div><div><b>Status:</b> Active</div><div><b>Product:</b> Single-Family Detached</div><div><b>Price:</b> 287800.0 - 494650.0</div><div><b>Square Foot:</b> 1437 - 2785</div><div><b>Elementary:</b> Elberta Elementary School</div><div><b>Middle:</b> Elberta Middle School</div><div><b>High:</b> Elberta Middle School</div><div><b>Submarket:</b> South Baldwin</div><div><b>Hub:</b> Alabama Hub</div><div><b>City:</b> Elberta</div><div><b>Source:</b> Zonda export provided by user</div></div>]]></description>
      <styleUrl>#builder-drhorton</styleUrl>
      <Point><coordinates>-87.544458,30.420082,0</coordinates></Point>
    </Placemark>
    <Placemark>
      <name>Bailey Place</name>
      <description><![CDATA[<div><div><b>Builder:</b> Mike McConnell Homes</div><div><b>Style Class:</b> builder-other</div><div><b>Color:</b> #f97316</div><div><b>Status:</b> Active</div><div><b>Product:</b> Single-Family Detached</div><div><b>Price:</b> </div><div><b>Square Foot:</b> </div><div><b>Elementary:</b> Daphne East Elementary School</div><div><b>Middle:</b> Daphne Middle School</div><div><b>High:</b> Daphne High School</div><div><b>Submarket:</b> West Baldwin</div><div><b>Hub:</b> Alabama Hub</div><div><b>City:</b> Daphne</div><div><b>Source:</b> Zonda export provided by user</div></div>]]></description>
      <styleUrl>#builder-other</styleUrl>
      <Point><coordinates>-87.856939,30.602524,0</coordinates></Point>
    </Placemark>
    <Placemark>
      <name>Raley Farms</name>
      <description><![CDATA[<div><div><b>Builder:</b> D.R. Horton</div><div><b>Style Class:</b> builder-drhorton</div><div><b>Color:</b> #dc2626</div><div><b>Status:</b> Active</div><div><b>Product:</b> Single-Family Detached</div><div><b>Price:</b> 372650.0 - 496650.0</div><div><b>Square Foot:</b> 1510 - 2489</div><div><b>Elementary:</b> Gulf Shores Elementary School</div><div><b>Middle:</b> Gulf Shores Middle School</div><div><b>High:</b> Gulf Shores High School</div><div><b>Submarket:</b> South Baldwin</div><div><b>Hub:</b> Alabama Hub</div><div><b>City:</b> Gulf Shores</div><div><b>Source:</b> Zonda export provided by user</div></div>]]></description>
      <styleUrl>#builder-drhorton</styleUrl>
      <Point><coordinates>-87.671074,30.329608,0</coordinates></Point>
    </Placemark>
    <Placemark>
      <name>Kake Cottages</name>
      <description><![CDATA[<div><div><b>Builder:</b> Contemporary Homes of Florida</div><div><b>Style Class:</b> builder-other</div><div><b>Color:</b> #f97316</div><div><b>Status:</b> Active</div><div><b>Product:</b> Single-Family Detached</div><div><b>Price:</b> </div><div><b>Square Foot:</b> </div><div><b>Elementary:</b> Addie R. Lewis School; Eglin Elementary School</div><div><b>Middle:</b> Addie R. Lewis School</div><div><b>High:</b> Niceville Senior High School</div><div><b>Submarket:</b> Fort Walton</div><div><b>Hub:</b> Pensacola Hub</div><div><b>City:</b> Valparaiso</div><div><b>Source:</b> Zonda export provided by user</div></div>]]></description>
      <styleUrl>#builder-other</styleUrl>
      <Point><coordinates>-86.506363,30.512362,0</coordinates></Point>
    </Placemark>
    <Placemark>
      <name>Shoals, The</name>
      <description><![CDATA[<div><div><b>Builder:</b> Brock Built</div><div><b>Style Class:</b> builder-other</div><div><b>Color:</b> #f97316</div><div><b>Status:</b> Active</div><div><b>Product:</b> Single-Family Detached</div><div><b>Price:</b> 777400.0 - 847400.0</div><div><b>Square Foot:</b> 2508 - 2963</div><div><b>Elementary:</b> Bay Elementary School</div><div><b>Middle:</b> Emerald Coast Middle School</div><div><b>High:</b> South Walton High School</div><div><b>Submarket:</b> Walton and Bay Beaches</div><div><b>Hub:</b> Growth Markets</div><div><b>City:</b> Santa Rosa Beach</div><div><b>Source:</b> Zonda export provided by user</div></div>]]></description>
      <styleUrl>#builder-other</styleUrl>
      <Point><coordinates>-86.128714,30.369392,0</coordinates></Point>
    </Placemark>
    <Placemark>
      <name>Sunny Hills/Unit 10</name>
      <description><![CDATA[<div><div><b>Builder:</b> Century Communities | Lsk Construction | Peak 6 Construction</div><div><b>Style Class:</b> builder-century</div><div><b>Color:</b> #7f1d1d</div><div><b>Status:</b> Active</div><div><b>Product:</b> Single-Family Detached</div><div><b>Price:</b> </div><div><b>Square Foot:</b> </div><div><b>Elementary:</b> Vernon Elementary School; Kate M. Smith Elementary School</div><div><b>Middle:</b> Roulhac Middle School; Vernon Middle School</div><div><b>High:</b> Chipley High School; Vernon High School</div><div><b>Submarket:</b> Washington County</div><div><b>Hub:</b> Growth Markets</div><div><b>City:</b> Chipley</div><div><b>Source:</b> Zonda export provided by user</div></div>]]></description>
      <styleUrl>#builder-century</styleUrl>
      <Point><coordinates>-85.53178,30.552178,0</coordinates></Point>
    </Placemark>
    <Placemark>
      <name>Edens Landing/SF</name>
      <description><![CDATA[<div><div><b>Builder:</b> BluScape Homes | Edens Landing Development Partners</div><div><b>Style Class:</b> builder-other</div><div><b>Color:</b> #f97316</div><div><b>Status:</b> Active</div><div><b>Product:</b> Single-Family Detached</div><div><b>Price:</b> </div><div><b>Square Foot:</b> </div><div><b>Elementary:</b> Bay Elementary School</div><div><b>Middle:</b> Emerald Coast Middle School</div><div><b>High:</b> South Walton High School</div><div><b>Submarket:</b> Walton and Bay Beaches</div><div><b>Hub:</b> Growth Markets</div><div><b>City:</b> Santa Rosa Beach</div><div><b>Source:</b> Zonda export provided by user</div></div>]]></description>
      <styleUrl>#builder-other</styleUrl>
      <Point><coordinates>-86.122239,30.364266,0</coordinates></Point>
    </Placemark>
    <Placemark>
      <name>Branch, The</name>
      <description><![CDATA[<div><div><b>Builder:</b> Lennar Homes</div><div><b>Style Class:</b> builder-lennar</div><div><b>Color:</b> #2563eb</div><div><b>Status:</b> Active</div><div><b>Product:</b> Single-Family Detached</div><div><b>Price:</b> 329990.0 - 374990.0</div><div><b>Square Foot:</b> 1744 - 2294</div><div><b>Elementary:</b> Summerdale School</div><div><b>Middle:</b> Summerdale School</div><div><b>High:</b> Elberta Middle School</div><div><b>Submarket:</b> Central Baldwin</div><div><b>Hub:</b> Alabama Hub</div><div><b>City:</b> Summerdale</div><div><b>Source:</b> Zonda export provided by user</div></div>]]></description>
      <styleUrl>#builder-lennar</styleUrl>
      <Point><coordinates>-87.705273,30.491544,0</coordinates></Point>
    </Placemark>
    <Placemark>
      <name>Live Oak Village/SF</name>
      <description><![CDATA[<div><div><b>Builder:</b> CHS Properties | DSLD Homes</div><div><b>Style Class:</b> builder-other</div><div><b>Color:</b> #f97316</div><div><b>Status:</b> Active</div><div><b>Product:</b> Single-Family Detached</div><div><b>Price:</b> 310990.0 - 351990.0</div><div><b>Square Foot:</b> 1561 - 2092</div><div><b>Elementary:</b> Foley Elementary School</div><div><b>Middle:</b> Foley Middle School</div><div><b>High:</b> Foley High School</div><div><b>Submarket:</b> South Baldwin</div><div><b>Hub:</b> Alabama Hub</div><div><b>City:</b> Foley</div><div><b>Source:</b> Zonda export provided by user</div></div>]]></description>
      <styleUrl>#builder-other</styleUrl>
      <Point><coordinates>-87.697401,30.431506,0</coordinates></Point>
    </Placemark>
    <Placemark>
      <name>Brookwood</name>
      <description><![CDATA[<div><div><b>Builder:</b> Adams Homes</div><div><b>Style Class:</b> builder-adams</div><div><b>Color:</b> #16a34a</div><div><b>Status:</b> Active</div><div><b>Product:</b> Single-Family Detached</div><div><b>Price:</b> 340900.0 - 423900.0</div><div><b>Square Foot:</b> 1820 - 3105</div><div><b>Elementary:</b> Bob Sikes Elementary School</div><div><b>Middle:</b> Davidson Middle School</div><div><b>High:</b> Crestview High School</div><div><b>Submarket:</b> Laurel Hill</div><div><b>Hub:</b> Pensacola Hub</div><div><b>City:</b> Crestview</div><div><b>Source:</b> Zonda export provided by user</div></div>]]></description>
      <styleUrl>#builder-adams</styleUrl>
      <Point><coordinates>-86.558737,30.820923,0</coordinates></Point>
    </Placemark>
    <Placemark>
      <name>Morningside </name>
      <description><![CDATA[<div><div><b>Builder:</b> D.R. Horton</div><div><b>Style Class:</b> builder-drhorton</div><div><b>Color:</b> #dc2626</div><div><b>Status:</b> Active</div><div><b>Product:</b> Single-Family Detached</div><div><b>Price:</b> 274900.0 - 314900.0</div><div><b>Square Foot:</b> 1427 - 2045</div><div><b>Elementary:</b> Tommy Smith Elementary School</div><div><b>Middle:</b> Merritt Brown Middle School</div><div><b>High:</b> A. Crawford Mosley High School</div><div><b>Submarket:</b> Panama City</div><div><b>Hub:</b> Panama City Hub</div><div><b>City:</b> Panama City</div><div><b>Source:</b> Zonda export provided by user</div></div>]]></description>
      <styleUrl>#builder-drhorton</styleUrl>
      <Point><coordinates>-85.517414,30.277162,0</coordinates></Point>
    </Placemark>
    <Placemark>
      <name>Yellow River Ranch</name>
      <description><![CDATA[<div><div><b>Builder:</b> D.R. Horton | Flynn Building Specialists | Holiday Builders</div><div><b>Style Class:</b> builder-drhorton</div><div><b>Color:</b> #dc2626</div><div><b>Status:</b> Active</div><div><b>Product:</b> Single-Family Detached</div><div><b>Price:</b> 339990.0 - 383990.0</div><div><b>Square Foot:</b> 1895 - 2786</div><div><b>Elementary:</b> East Milton Elementary School</div><div><b>Middle:</b> Martin Luther King Middle School</div><div><b>High:</b> Milton High School</div><div><b>Submarket:</b> Milton</div><div><b>Hub:</b> Pensacola Hub</div><div><b>City:</b> Milton</div><div><b>Source:</b> Zonda export provided by user</div></div>]]></description>
      <styleUrl>#builder-drhorton</styleUrl>
      <Point><coordinates>-86.948845,30.584803,0</coordinates></Point>
    </Placemark>
    <Placemark>
      <name>Stonechase</name>
      <description><![CDATA[<div><div><b>Builder:</b> Celebrity Home Builders | Lennar Homes | Signature Homes</div><div><b>Style Class:</b> builder-lennar</div><div><b>Color:</b> #2563eb</div><div><b>Status:</b> Active</div><div><b>Product:</b> Single-Family Detached</div><div><b>Price:</b> 274990.0 - 399990.0</div><div><b>Square Foot:</b> 1569 - 2294</div><div><b>Elementary:</b> Pace K-8</div><div><b>Middle:</b> Pace K-8</div><div><b>High:</b> Pace High School</div><div><b>Submarket:</b> Pace</div><div><b>Hub:</b> Pensacola Hub</div><div><b>City:</b> Milton</div><div><b>Source:</b> Zonda export provided by user</div></div>]]></description>
      <styleUrl>#builder-lennar</styleUrl>
      <Point><coordinates>-87.203038,30.654992,0</coordinates></Point>
    </Placemark>
    <Placemark>
      <name>Martins Woods</name>
      <description><![CDATA[<div><div><b>Builder:</b> Century Communities | KLB Contracting</div><div><b>Style Class:</b> builder-century</div><div><b>Color:</b> #7f1d1d</div><div><b>Status:</b> Active</div><div><b>Product:</b> Single-Family Detached</div><div><b>Price:</b> 259990.0 - 289990.0</div><div><b>Square Foot:</b> 1684 - 2014</div><div><b>Elementary:</b> Kate M. Smith Elementary School; Vernon Elementary School</div><div><b>Middle:</b> Roulhac Middle School; Vernon Middle School</div><div><b>High:</b> Chipley High School; Vernon High School</div><div><b>Submarket:</b> Washington County</div><div><b>Hub:</b> Growth Markets</div><div><b>City:</b> Chipley</div><div><b>Source:</b> Zonda export provided by user</div></div>]]></description>
      <styleUrl>#builder-century</styleUrl>
      <Point><coordinates>-85.522989,30.760084,0</coordinates></Point>
    </Placemark>
    <Placemark>
      <name>Cotton District</name>
      <description><![CDATA[<div><div><b>Builder:</b> DSLD Homes</div><div><b>Style Class:</b> builder-dsld</div><div><b>Color:</b> #7c3aed</div><div><b>Status:</b> Built Out</div><div><b>Product:</b> Single-Family Detached</div><div><b>Price:</b> 233990.0 - 311095.0</div><div><b>Square Foot:</b> 1517 - 1917</div><div><b>Elementary:</b> Robertsdale Elementary School</div><div><b>Middle:</b> Central Baldwin Middle School</div><div><b>High:</b> Robertsdale High School</div><div><b>Submarket:</b> Central Baldwin</div><div><b>Hub:</b> Alabama Hub</div><div><b>City:</b> Robertsdale</div><div><b>Source:</b> Zonda export provided by user</div></div>]]></description>
      <styleUrl>#builder-dsld</styleUrl>
      <Point><coordinates>-87.730404,30.569542,0</coordinates></Point>
    </Placemark>
    <Placemark>
      <name>Penny Lakes</name>
      <description><![CDATA[<div><div><b>Builder:</b> D.R. Horton</div><div><b>Style Class:</b> builder-drhorton</div><div><b>Color:</b> #dc2626</div><div><b>Status:</b> Active</div><div><b>Product:</b> Single-Family Detached</div><div><b>Price:</b> 384900.0 - 439900.0</div><div><b>Square Foot:</b> 2486 - 3076</div><div><b>Elementary:</b> Allentown Elementary School; Mary G Montgomery High School</div><div><b>Middle:</b> Semmes Middle School</div><div><b>High:</b> Mary G Montgomery High School</div><div><b>Submarket:</b> Central Mobile</div><div><b>Hub:</b> Alabama Hub</div><div><b>City:</b> Semmes</div><div><b>Source:</b> Zonda export provided by user</div></div>]]></description>
      <styleUrl>#builder-drhorton</styleUrl>
      <Point><coordinates>-88.239929,30.719548,0</coordinates></Point>
    </Placemark>
    <Placemark>
      <name>Royal Palms</name>
      <description><![CDATA[<div><div><b>Builder:</b> ?</div><div><b>Style Class:</b> builder-other</div><div><b>Color:</b> #f97316</div><div><b>Status:</b> Active</div><div><b>Product:</b> Single-Family Detached</div><div><b>Price:</b> </div><div><b>Square Foot:</b> </div><div><b>Elementary:</b> Van R. Butler Elementary School</div><div><b>Middle:</b> Emerald Coast Middle School</div><div><b>High:</b> South Walton High School</div><div><b>Submarket:</b> Walton and Bay Beaches</div><div><b>Hub:</b> Growth Markets</div><div><b>City:</b> Santa Rosa Beach</div><div><b>Source:</b> Zonda export provided by user</div></div>]]></description>
      <styleUrl>#builder-other</styleUrl>
      <Point><coordinates>-86.275818,30.386739,0</coordinates></Point>
    </Placemark>
    <Placemark>
      <name>Hammock Bay/Harmony</name>
      <description><![CDATA[<div><div><b>Builder:</b> D.R. Horton | DSLD Homes | Holiday Builders | Hop Building Company | Jay Odom Group</div><div><b>Style Class:</b> builder-drhorton</div><div><b>Color:</b> #dc2626</div><div><b>Status:</b> Active</div><div><b>Product:</b> Single-Family Detached</div><div><b>Price:</b> 399990.0 - 689990.0</div><div><b>Square Foot:</b> 1817 - 3010</div><div><b>Elementary:</b> Freeport Middle School; Freeport Elementary School</div><div><b>Middle:</b> Freeport Middle School</div><div><b>High:</b> Freeport Senior High School</div><div><b>Submarket:</b> Freeport</div><div><b>Hub:</b> Panama City Hub</div><div><b>City:</b> Freeport</div><div><b>Source:</b> Zonda export provided by user</div></div>]]></description>
      <styleUrl>#builder-drhorton</styleUrl>
      <Point><coordinates>-86.164229,30.49576,0</coordinates></Point>
    </Placemark>
    <Placemark>
      <name>Royal Meadows</name>
      <description><![CDATA[<div><div><b>Builder:</b> D.R. Horton</div><div><b>Style Class:</b> builder-drhorton</div><div><b>Color:</b> #dc2626</div><div><b>Status:</b> Active</div><div><b>Product:</b> Single-Family Detached</div><div><b>Price:</b> 343650.0 - 367650.0</div><div><b>Square Foot:</b> 1835 - 2012</div><div><b>Elementary:</b> Loxley Elementary School</div><div><b>Middle:</b> Central Baldwin Middle School</div><div><b>High:</b> Robertsdale High School</div><div><b>Submarket:</b> Central Baldwin</div><div><b>Hub:</b> Alabama Hub</div><div><b>City:</b> Loxley</div><div><b>Source:</b> Zonda export provided by user</div></div>]]></description>
      <styleUrl>#builder-drhorton</styleUrl>
      <Point><coordinates>-87.782131,30.632521,0</coordinates></Point>
    </Placemark>
    <Placemark>
      <name>Sunny Hills/Unit 5</name>
      <description><![CDATA[<div><div><b>Builder:</b> Century Communities | McQuagge Development &amp; Construction</div><div><b>Style Class:</b> builder-century</div><div><b>Color:</b> #7f1d1d</div><div><b>Status:</b> Active</div><div><b>Product:</b> Single-Family Detached</div><div><b>Price:</b> </div><div><b>Square Foot:</b> </div><div><b>Elementary:</b> Vernon Elementary School; Kate M. Smith Elementary School</div><div><b>Middle:</b> Roulhac Middle School; Vernon Middle School</div><div><b>High:</b> Chipley High School; Vernon High School</div><div><b>Submarket:</b> Washington County</div><div><b>Hub:</b> Growth Markets</div><div><b>City:</b> Chipley</div><div><b>Source:</b> Zonda export provided by user</div></div>]]></description>
      <styleUrl>#builder-century</styleUrl>
      <Point><coordinates>-85.595856,30.578449,0</coordinates></Point>
    </Placemark>
    <Placemark>
      <name>Hammock Bay/Starburst  </name>
      <description><![CDATA[<div><div><b>Builder:</b> DSLD Homes</div><div><b>Style Class:</b> builder-dsld</div><div><b>Color:</b> #7c3aed</div><div><b>Status:</b> Active</div><div><b>Product:</b> Single-Family Detached</div><div><b>Price:</b> 443990.0 - 530990.0</div><div><b>Square Foot:</b> 1925 - 2720</div><div><b>Elementary:</b> Freeport Middle School; Freeport Elementary School</div><div><b>Middle:</b> Freeport Middle School</div><div><b>High:</b> Freeport Senior High School</div><div><b>Submarket:</b> Freeport</div><div><b>Hub:</b> Panama City Hub</div><div><b>City:</b> Freeport</div><div><b>Source:</b> Zonda export provided by user</div></div>]]></description>
      <styleUrl>#builder-dsld</styleUrl>
      <Point><coordinates>-86.178721,30.463259,0</coordinates></Point>
    </Placemark>
    <Placemark>
      <name>Breakfast Point East</name>
      <description><![CDATA[<div><div><b>Builder:</b> D.R. Horton | Fischer Homes | Harris Doyle Homes Inc - Clayton Properties Group | Samuel Taylor Homes</div><div><b>Style Class:</b> builder-drhorton</div><div><b>Color:</b> #dc2626</div><div><b>Status:</b> Active</div><div><b>Product:</b> Single-Family Detached</div><div><b>Price:</b> 554286.0</div><div><b>Square Foot:</b> 1600 - 3517</div><div><b>Elementary:</b> Breakfast Point Academy</div><div><b>Middle:</b> Breakfast Point Academy</div><div><b>High:</b> J.R. Arnold High School</div><div><b>Submarket:</b> Walton and Bay Beaches</div><div><b>Hub:</b> Growth Markets</div><div><b>City:</b> Panama City Beach</div><div><b>Source:</b> Zonda export provided by user</div></div>]]></description>
      <styleUrl>#builder-drhorton</styleUrl>
      <Point><coordinates>-85.791924,30.195141,0</coordinates></Point>
    </Placemark>
    <Placemark>
      <name>Cadence Place</name>
      <description><![CDATA[<div><div><b>Builder:</b> Holiday Builders</div><div><b>Style Class:</b> builder-holiday</div><div><b>Color:</b> #111827</div><div><b>Status:</b> Built Out</div><div><b>Product:</b> Single-Family Detached</div><div><b>Price:</b> 327990.0 - 381990.0</div><div><b>Square Foot:</b> 1824 - 2614</div><div><b>Elementary:</b> W. H. Rhodes Elementary School</div><div><b>Middle:</b> Martin Luther King Middle School</div><div><b>High:</b> Milton High School</div><div><b>Submarket:</b> Milton</div><div><b>Hub:</b> Pensacola Hub</div><div><b>City:</b> Milton</div><div><b>Source:</b> Zonda export provided by user</div></div>]]></description>
      <styleUrl>#builder-holiday</styleUrl>
      <Point><coordinates>-87.058698,30.672421,0</coordinates></Point>
    </Placemark>
    <Placemark>
      <name>Ten Mile Rd Subdivision</name>
      <description><![CDATA[<div><div><b>Builder:</b> Flynn Building Specialists</div><div><b>Style Class:</b> builder-other</div><div><b>Color:</b> #f97316</div><div><b>Status:</b> Active</div><div><b>Product:</b> Single-Family Detached</div><div><b>Price:</b> 425690.0 - 674619.0</div><div><b>Square Foot:</b> 1845 - 3515</div><div><b>Elementary:</b> Chumuckla Elementary School; Central School</div><div><b>Middle:</b> Central School</div><div><b>High:</b> Central School</div><div><b>Submarket:</b> Santa Rosa County</div><div><b>Hub:</b> Growth Markets</div><div><b>City:</b> Milton</div><div><b>Source:</b> Zonda export provided by user</div></div>]]></description>
      <styleUrl>#builder-other</styleUrl>
      <Point><coordinates>-87.20516,30.721993,0</coordinates></Point>
    </Placemark>
    <Placemark>
      <name>Palmetto Place </name>
      <description><![CDATA[<div><div><b>Builder:</b> CJL Homes | Valor Communities</div><div><b>Style Class:</b> builder-other</div><div><b>Color:</b> #f97316</div><div><b>Status:</b> Active</div><div><b>Product:</b> Single-Family Detached</div><div><b>Price:</b> </div><div><b>Square Foot:</b> </div><div><b>Elementary:</b> Freeport Middle School; Freeport Elementary School</div><div><b>Middle:</b> Freeport Middle School</div><div><b>High:</b> Freeport Senior High School</div><div><b>Submarket:</b> Freeport</div><div><b>Hub:</b> Panama City Hub</div><div><b>City:</b> Freeport</div><div><b>Source:</b> Zonda export provided by user</div></div>]]></description>
      <styleUrl>#builder-other</styleUrl>
      <Point><coordinates>-86.132413,30.521017,0</coordinates></Point>
    </Placemark>
    <Placemark>
      <name>Horizons Edge</name>
      <description><![CDATA[<div><div><b>Builder:</b> Lennar Homes</div><div><b>Style Class:</b> builder-lennar</div><div><b>Color:</b> #2563eb</div><div><b>Status:</b> Active</div><div><b>Product:</b> Single-Family Detached</div><div><b>Price:</b> 278990.0 - 303990.0</div><div><b>Square Foot:</b> 1474 - 1891</div><div><b>Elementary:</b> East Milton Elementary School</div><div><b>Middle:</b> Martin Luther King Middle School</div><div><b>High:</b> Milton High School</div><div><b>Submarket:</b> Milton</div><div><b>Hub:</b> Pensacola Hub</div><div><b>City:</b> Milton</div><div><b>Source:</b> Zonda export provided by user</div></div>]]></description>
      <styleUrl>#builder-lennar</styleUrl>
      <Point><coordinates>-86.998516,30.628515,0</coordinates></Point>
    </Placemark>
    <Placemark>
      <name>Willow Creek Plantation</name>
      <description><![CDATA[<div><div><b>Builder:</b> CJL Homes</div><div><b>Style Class:</b> builder-other</div><div><b>Color:</b> #f97316</div><div><b>Status:</b> Active</div><div><b>Product:</b> Single-Family Detached</div><div><b>Price:</b> </div><div><b>Square Foot:</b> </div><div><b>Elementary:</b> Walker Elementary School</div><div><b>Middle:</b> Davidson Middle School</div><div><b>High:</b> Crestview High School</div><div><b>Submarket:</b> Crestview</div><div><b>Hub:</b> Pensacola Hub</div><div><b>City:</b> Crestview</div><div><b>Source:</b> Zonda export provided by user</div></div>]]></description>
      <styleUrl>#builder-other</styleUrl>
      <Point><coordinates>-86.508682,30.792108,0</coordinates></Point>
    </Placemark>
    <Placemark>
      <name>Oak Hollow</name>
      <description><![CDATA[<div><div><b>Builder:</b> CJL Homes</div><div><b>Style Class:</b> builder-other</div><div><b>Color:</b> #f97316</div><div><b>Status:</b> Active</div><div><b>Product:</b> Single-Family Detached</div><div><b>Price:</b> 264900.0 - 339900.0</div><div><b>Square Foot:</b> 1336 - 2069</div><div><b>Elementary:</b> Walker Elementary School</div><div><b>Middle:</b> Davidson Middle School</div><div><b>High:</b> Crestview High School</div><div><b>Submarket:</b> Crestview</div><div><b>Hub:</b> Pensacola Hub</div><div><b>City:</b> Crestview</div><div><b>Source:</b> Zonda export provided by user</div></div>]]></description>
      <styleUrl>#builder-other</styleUrl>
      <Point><coordinates>-86.495582,30.816025,0</coordinates></Point>
    </Placemark>
    <Placemark>
      <name>Arbor Walk/Riverside</name>
      <description><![CDATA[<div><div><b>Builder:</b> Benchmark Homes Group | D.R. Horton | Southern Homes Al</div><div><b>Style Class:</b> builder-other</div><div><b>Color:</b> #f97316</div><div><b>Status:</b> Active</div><div><b>Product:</b> Single-Family Detached</div><div><b>Price:</b> 199950.0 - 334500.0</div><div><b>Square Foot:</b> 1615 - 1952</div><div><b>Elementary:</b> Florence B Mathis Elementary</div><div><b>Middle:</b> Foley Middle School</div><div><b>High:</b> Foley High School</div><div><b>Submarket:</b> South Baldwin</div><div><b>Hub:</b> Alabama Hub</div><div><b>City:</b> Foley</div><div><b>Source:</b> Zonda export provided by user</div></div>]]></description>
      <styleUrl>#builder-other</styleUrl>
      <Point><coordinates>-87.71647,30.364862,0</coordinates></Point>
    </Placemark>
    <Placemark>
      <name>Sunny Hills/Unit 8</name>
      <description><![CDATA[<div><div><b>Builder:</b> B &amp; D Builders | Century Communities | Gooden Homes | James Fletcher Construction | Solara Homes</div><div><b>Style Class:</b> builder-other</div><div><b>Color:</b> #f97316</div><div><b>Status:</b> Active</div><div><b>Product:</b> Single-Family Detached</div><div><b>Price:</b> </div><div><b>Square Foot:</b> </div><div><b>Elementary:</b> Vernon Elementary School; Kate M. Smith Elementary School</div><div><b>Middle:</b> Roulhac Middle School; Vernon Middle School</div><div><b>High:</b> Chipley High School; Vernon High School</div><div><b>Submarket:</b> Washington County</div><div><b>Hub:</b> Growth Markets</div><div><b>City:</b> Chipley</div><div><b>Source:</b> Zonda export provided by user</div></div>]]></description>
      <styleUrl>#builder-other</styleUrl>
      <Point><coordinates>-85.565696,30.588158,0</coordinates></Point>
    </Placemark>
    <Placemark>
      <name>Cedar Creek at Deerpoint Lake</name>
      <description><![CDATA[<div><div><b>Builder:</b> Adams Homes | Coastal Classic Homes</div><div><b>Style Class:</b> builder-adams</div><div><b>Color:</b> #16a34a</div><div><b>Status:</b> Active</div><div><b>Product:</b> Single-Family Detached</div><div><b>Price:</b> 517874.0 - 580282.0</div><div><b>Square Foot:</b> 2402 - 3044</div><div><b>Elementary:</b> Deane Bozeman School</div><div><b>Middle:</b> Deane Bozeman School</div><div><b>High:</b> Deane Bozeman School</div><div><b>Submarket:</b> Bay County Submarket 2</div><div><b>Hub:</b> Growth Markets</div><div><b>City:</b> Panama City</div><div><b>Source:</b> Zonda export provided by user</div></div>]]></description>
      <styleUrl>#builder-adams</styleUrl>
      <Point><coordinates>-85.588557,30.331962,0</coordinates></Point>
    </Placemark>
    <Placemark>
      <name>Bishop Landing/SF</name>
      <description><![CDATA[<div><div><b>Builder:</b> Brock Built</div><div><b>Style Class:</b> builder-other</div><div><b>Color:</b> #f97316</div><div><b>Status:</b> Active</div><div><b>Product:</b> Single-Family Detached</div><div><b>Price:</b> </div><div><b>Square Foot:</b> </div><div><b>Elementary:</b> Van R. Butler Elementary School</div><div><b>Middle:</b> Emerald Coast Middle School</div><div><b>High:</b> South Walton High School</div><div><b>Submarket:</b> Walton and Bay Beaches</div><div><b>Hub:</b> Growth Markets</div><div><b>City:</b> Santa Rosa Beach</div><div><b>Source:</b> Zonda export provided by user</div></div>]]></description>
      <styleUrl>#builder-other</styleUrl>
      <Point><coordinates>-86.237294,30.381905,0</coordinates></Point>
    </Placemark>
    <Placemark>
      <name>Homewood Estates</name>
      <description><![CDATA[<div><div><b>Builder:</b> Bryan Rogers Construction | CJL Homes | D.R. Horton | Homewood Properties | Linc Grant Construction</div><div><b>Style Class:</b> builder-other</div><div><b>Color:</b> #f97316</div><div><b>Status:</b> Active</div><div><b>Product:</b> Single-Family Detached</div><div><b>Price:</b> </div><div><b>Square Foot:</b> </div><div><b>Elementary:</b> Walker Elementary School</div><div><b>Middle:</b> Davidson Middle School</div><div><b>High:</b> Crestview High School</div><div><b>Submarket:</b> Crestview</div><div><b>Hub:</b> Pensacola Hub</div><div><b>City:</b> Crestview</div><div><b>Source:</b> Zonda export provided by user</div></div>]]></description>
      <styleUrl>#builder-other</styleUrl>
      <Point><coordinates>-86.540987,30.76895,0</coordinates></Point>
    </Placemark>
    <Placemark>
      <name>Southern Palms</name>
      <description><![CDATA[<div><div><b>Builder:</b> DSLD Homes | Holiday Builders</div><div><b>Style Class:</b> builder-dsld</div><div><b>Color:</b> #7c3aed</div><div><b>Status:</b> Active</div><div><b>Product:</b> Single-Family Detached</div><div><b>Price:</b> 291990.0 - 389990.0</div><div><b>Square Foot:</b> 1517 - 2314</div><div><b>Elementary:</b> Pea Ridge Elementary School</div><div><b>Middle:</b> Avalon Middle School</div><div><b>High:</b> Pace High School</div><div><b>Submarket:</b> Pace</div><div><b>Hub:</b> Pensacola Hub</div><div><b>City:</b> Milton</div><div><b>Source:</b> Zonda export provided by user</div></div>]]></description>
      <styleUrl>#builder-dsld</styleUrl>
      <Point><coordinates>-87.146892,30.609387,0</coordinates></Point>
    </Placemark>
    <Placemark>
      <name>Allison Acres</name>
      <description><![CDATA[<div><div><b>Builder:</b> Adams Homes</div><div><b>Style Class:</b> builder-adams</div><div><b>Color:</b> #16a34a</div><div><b>Status:</b> Active</div><div><b>Product:</b> Single-Family Detached</div><div><b>Price:</b> 297525.0 - 353700.0</div><div><b>Square Foot:</b> 1317 - 2025</div><div><b>Elementary:</b> Pine Meadow Elementary School</div><div><b>Middle:</b> Ransom Middle School</div><div><b>High:</b> J. M. Tate Senior High School</div><div><b>Submarket:</b> Cantonment</div><div><b>Hub:</b> Pensacola Hub</div><div><b>City:</b> Cantonment</div><div><b>Source:</b> Zonda export provided by user</div></div>]]></description>
      <styleUrl>#builder-adams</styleUrl>
      <Point><coordinates>-87.285397,30.548191,0</coordinates></Point>
    </Placemark>
    <Placemark>
      <name>Waterside at East Bay</name>
      <description><![CDATA[<div><div><b>Builder:</b> D.R. Horton</div><div><b>Style Class:</b> builder-drhorton</div><div><b>Color:</b> #dc2626</div><div><b>Status:</b> Active</div><div><b>Product:</b> Single-Family Detached</div><div><b>Price:</b> 362900.0 - 440900.0</div><div><b>Square Foot:</b> 1302 - 2245</div><div><b>Elementary:</b> West Navarre Intermediate School; West Navarre Primary School</div><div><b>Middle:</b> Woodlawn Beach Middle School</div><div><b>High:</b> Gulf Breeze High School</div><div><b>Submarket:</b> Pensacola Beaches</div><div><b>Hub:</b> Pensacola Hub</div><div><b>City:</b> Gulf Breeze</div><div><b>Source:</b> Zonda export provided by user</div></div>]]></description>
      <styleUrl>#builder-drhorton</styleUrl>
      <Point><coordinates>-86.985795,30.413102,0</coordinates></Point>
    </Placemark>
    <Placemark>
      <name>Sentinel Ridge</name>
      <description><![CDATA[<div><div><b>Builder:</b> DSLD Homes</div><div><b>Style Class:</b> builder-dsld</div><div><b>Color:</b> #7c3aed</div><div><b>Status:</b> Active</div><div><b>Product:</b> Single-Family Detached</div><div><b>Price:</b> 319990.0 - 435990.0</div><div><b>Square Foot:</b> 1569 - 2720</div><div><b>Elementary:</b> Pea Ridge Elementary School</div><div><b>Middle:</b> Avalon Middle School</div><div><b>High:</b> Pace High School</div><div><b>Submarket:</b> Pace</div><div><b>Hub:</b> Pensacola Hub</div><div><b>City:</b> Milton</div><div><b>Source:</b> Zonda export provided by user</div></div>]]></description>
      <styleUrl>#builder-dsld</styleUrl>
      <Point><coordinates>-87.104843,30.614815,0</coordinates></Point>
    </Placemark>
    <Placemark>
      <name>Glenlakes</name>
      <description><![CDATA[<div><div><b>Builder:</b> BRI Construction | D.R. Horton | John Thompson Homes | Lennar Homes | Maronda Homes | Rampy Construction | River Road Homes</div><div><b>Style Class:</b> builder-lennar</div><div><b>Color:</b> #2563eb</div><div><b>Status:</b> Active</div><div><b>Product:</b> Single-Family Detached</div><div><b>Price:</b> 404990.0 - 429990.0</div><div><b>Square Foot:</b> 1815 - 2134</div><div><b>Elementary:</b> Florence B Mathis Elementary</div><div><b>Middle:</b> Foley Middle School</div><div><b>High:</b> Foley High School</div><div><b>Submarket:</b> South Baldwin</div><div><b>Hub:</b> Alabama Hub</div><div><b>City:</b> Foley</div><div><b>Source:</b> Zonda export provided by user</div></div>]]></description>
      <styleUrl>#builder-lennar</styleUrl>
      <Point><coordinates>-87.620126,30.355891,0</coordinates></Point>
    </Placemark>
    <Placemark>
      <name>Tradewinds at Regatta Bay</name>
      <description><![CDATA[<div><div><b>Builder:</b> Boswell Builders &amp; Sons | Southern Blue Construction</div><div><b>Style Class:</b> builder-other</div><div><b>Color:</b> #f97316</div><div><b>Status:</b> Active</div><div><b>Product:</b> Single-Family Detached</div><div><b>Price:</b> </div><div><b>Square Foot:</b> </div><div><b>Elementary:</b> Destin Elementary School; Destin Middle School</div><div><b>Middle:</b> Destin Middle School</div><div><b>High:</b> Fort Walton Beach High School</div><div><b>Submarket:</b> Walton and Bay Beaches</div><div><b>Hub:</b> Growth Markets</div><div><b>City:</b> Destin</div><div><b>Source:</b> Zonda export provided by user</div></div>]]></description>
      <styleUrl>#builder-other</styleUrl>
      <Point><coordinates>-86.412216,30.393131,0</coordinates></Point>
    </Placemark>
    <Placemark>
      <name>Juniper Trace</name>
      <description><![CDATA[<div><div><b>Builder:</b> Century Communities | Darrell Miller Construction | Flynn Building Specialists</div><div><b>Style Class:</b> builder-century</div><div><b>Color:</b> #7f1d1d</div><div><b>Status:</b> Active</div><div><b>Product:</b> Single-Family Detached</div><div><b>Price:</b> </div><div><b>Square Foot:</b> </div><div><b>Elementary:</b> West Defuniak Elementary School; Maude Saunders Elementary School</div><div><b>Middle:</b> Walton Middle School</div><div><b>High:</b> Walton High School</div><div><b>Submarket:</b> Defuniak Springs</div><div><b>Hub:</b> Panama City Hub</div><div><b>City:</b> Defuniak Springs</div><div><b>Source:</b> Zonda export provided by user</div></div>]]></description>
      <styleUrl>#builder-century</styleUrl>
      <Point><coordinates>-86.144442,30.763485,0</coordinates></Point>
    </Placemark>
    <Placemark>
      <name>Hammock Bay/Steamboat Landing  </name>
      <description><![CDATA[<div><div><b>Builder:</b> DSLD Homes | Eagle Venture Group | Emerald Coast Premier Builders | Grand American Enterprises | Key Lime Construction | Randy Wise Homes</div><div><b>Style Class:</b> builder-dsld</div><div><b>Color:</b> #7c3aed</div><div><b>Status:</b> Active</div><div><b>Product:</b> Single-Family Detached</div><div><b>Price:</b> 629990.0 - 2649900.0</div><div><b>Square Foot:</b> 2223 - 3717</div><div><b>Elementary:</b> Freeport Middle School; Freeport Elementary School</div><div><b>Middle:</b> Freeport Middle School</div><div><b>High:</b> Freeport Senior High School</div><div><b>Submarket:</b> Freeport</div><div><b>Hub:</b> Panama City Hub</div><div><b>City:</b> Freeport</div><div><b>Source:</b> Zonda export provided by user</div></div>]]></description>
      <styleUrl>#builder-dsld</styleUrl>
      <Point><coordinates>-86.185209,30.460892,0</coordinates></Point>
    </Placemark>
    <Placemark>
      <name>Walton Pointe</name>
      <description><![CDATA[<div><div><b>Builder:</b> Valor Communities</div><div><b>Style Class:</b> builder-valor</div><div><b>Color:</b> #ec4899</div><div><b>Status:</b> Active</div><div><b>Product:</b> Single-Family Detached</div><div><b>Price:</b> </div><div><b>Square Foot:</b> </div><div><b>Elementary:</b> West Defuniak Elementary School; Maude Saunders Elementary School</div><div><b>Middle:</b> Walton Middle School</div><div><b>High:</b> Walton High School</div><div><b>Submarket:</b> Defuniak Springs</div><div><b>Hub:</b> Panama City Hub</div><div><b>City:</b> Defuniak Springs</div><div><b>Source:</b> Zonda export provided by user</div></div>]]></description>
      <styleUrl>#builder-valor</styleUrl>
      <Point><coordinates>-86.115897,30.742009,0</coordinates></Point>
    </Placemark>
    <Placemark>
      <name>Magnolia Lane</name>
      <description><![CDATA[<div><div><b>Builder:</b> Brock Built</div><div><b>Style Class:</b> builder-other</div><div><b>Color:</b> #f97316</div><div><b>Status:</b> Active</div><div><b>Product:</b> Single-Family Detached</div><div><b>Price:</b> </div><div><b>Square Foot:</b> </div><div><b>Elementary:</b> Van R. Butler Elementary School</div><div><b>Middle:</b> Emerald Coast Middle School</div><div><b>High:</b> South Walton High School</div><div><b>Submarket:</b> Walton and Bay Beaches</div><div><b>Hub:</b> Growth Markets</div><div><b>City:</b> Miramar Beach</div><div><b>Source:</b> Zonda export provided by user</div></div>]]></description>
      <styleUrl>#builder-other</styleUrl>
      <Point><coordinates>-86.306227,30.399203,0</coordinates></Point>
    </Placemark>
    <Placemark>
      <name>Watersound/Ward Creek/Bayside SF</name>
      <description><![CDATA[<div><div><b>Builder:</b> D.R. Horton</div><div><b>Style Class:</b> builder-drhorton</div><div><b>Color:</b> #dc2626</div><div><b>Status:</b> Active</div><div><b>Product:</b> Single-Family Detached</div><div><b>Price:</b> 425400.0 - 502400.0</div><div><b>Square Foot:</b> 1689 - 2550</div><div><b>Elementary:</b> Surfside Middle School; West Bay Elementary School</div><div><b>Middle:</b> Surfside Middle School</div><div><b>High:</b> Surfside Middle School; J.R. Arnold High School</div><div><b>Submarket:</b> Walton and Bay Beaches</div><div><b>Hub:</b> Growth Markets</div><div><b>City:</b> Panama City Beach</div><div><b>Source:</b> Zonda export provided by user</div></div>]]></description>
      <styleUrl>#builder-drhorton</styleUrl>
      <Point><coordinates>-85.87624,30.255597,0</coordinates></Point>
    </Placemark>
    <Placemark>
      <name>Wildwood Lakes</name>
      <description><![CDATA[<div><div><b>Builder:</b> R&amp;K Construction</div><div><b>Style Class:</b> builder-other</div><div><b>Color:</b> #f97316</div><div><b>Status:</b> Active</div><div><b>Product:</b> Single-Family Detached</div><div><b>Price:</b> </div><div><b>Square Foot:</b> </div><div><b>Elementary:</b> West Defuniak Elementary School; Maude Saunders Elementary School</div><div><b>Middle:</b> Walton Middle School</div><div><b>High:</b> Walton High School</div><div><b>Submarket:</b> Defuniak Springs</div><div><b>Hub:</b> Panama City Hub</div><div><b>City:</b> Defuniak Springs</div><div><b>Source:</b> Zonda export provided by user</div></div>]]></description>
      <styleUrl>#builder-other</styleUrl>
      <Point><coordinates>-86.221237,30.744008,0</coordinates></Point>
    </Placemark>
    <Placemark>
      <name>Live Oak Estates</name>
      <description><![CDATA[<div><div><b>Builder:</b> Lennar Homes</div><div><b>Style Class:</b> builder-lennar</div><div><b>Color:</b> #2563eb</div><div><b>Status:</b> Built Out</div><div><b>Product:</b> Single-Family Detached</div><div><b>Price:</b> </div><div><b>Square Foot:</b> </div><div><b>Elementary:</b> Fairhope East Elementary; Fairhope High School</div><div><b>Middle:</b> Fairhope Middle School</div><div><b>High:</b> Fairhope High School</div><div><b>Submarket:</b> West Baldwin</div><div><b>Hub:</b> Alabama Hub</div><div><b>City:</b> Fairhope</div><div><b>Source:</b> Zonda export provided by user</div></div>]]></description>
      <styleUrl>#builder-lennar</styleUrl>
      <Point><coordinates>-87.855137,30.507039,0</coordinates></Point>
    </Placemark>
    <Placemark>
      <name>Hidden Grove</name>
      <description><![CDATA[<div><div><b>Builder:</b> BMB Construction | BMKN | Hidden Grove | Magnolia Custom Homes | Premier Builders of NWFL | RAK Construction</div><div><b>Style Class:</b> builder-other</div><div><b>Color:</b> #f97316</div><div><b>Status:</b> Active</div><div><b>Product:</b> Single-Family Detached</div><div><b>Price:</b> </div><div><b>Square Foot:</b> </div><div><b>Elementary:</b> Van R. Butler Elementary School</div><div><b>Middle:</b> Emerald Coast Middle School</div><div><b>High:</b> South Walton High School</div><div><b>Submarket:</b> Walton and Bay Beaches</div><div><b>Hub:</b> Growth Markets</div><div><b>City:</b> Santa Rosa Beach</div><div><b>Source:</b> Zonda export provided by user</div></div>]]></description>
      <styleUrl>#builder-other</styleUrl>
      <Point><coordinates>-86.285384,30.393388,0</coordinates></Point>
    </Placemark>
    <Placemark>
      <name>Southern Charm</name>
      <description><![CDATA[<div><div><b>Builder:</b> CJL Homes</div><div><b>Style Class:</b> builder-other</div><div><b>Color:</b> #f97316</div><div><b>Status:</b> Active</div><div><b>Product:</b> Single-Family Detached</div><div><b>Price:</b> </div><div><b>Square Foot:</b> </div><div><b>Elementary:</b> Walker Elementary School</div><div><b>Middle:</b> Davidson Middle School</div><div><b>High:</b> Crestview High School</div><div><b>Submarket:</b> Crestview</div><div><b>Hub:</b> Pensacola Hub</div><div><b>City:</b> Crestview</div><div><b>Source:</b> Zonda export provided by user</div></div>]]></description>
      <styleUrl>#builder-other</styleUrl>
      <Point><coordinates>-86.477646,30.80912,0</coordinates></Point>
    </Placemark>
    <Placemark>
      <name>Independence (Okaloosa)</name>
      <description><![CDATA[<div><div><b>Builder:</b> D.R. Horton</div><div><b>Style Class:</b> builder-drhorton</div><div><b>Color:</b> #dc2626</div><div><b>Status:</b> Active</div><div><b>Product:</b> Single-Family Detached</div><div><b>Price:</b> </div><div><b>Square Foot:</b> </div><div><b>Elementary:</b> Walker Elementary School</div><div><b>Middle:</b> Davidson Middle School</div><div><b>High:</b> Crestview High School</div><div><b>Submarket:</b> Crestview</div><div><b>Hub:</b> Pensacola Hub</div><div><b>City:</b> Crestview</div><div><b>Source:</b> Zonda export provided by user</div></div>]]></description>
      <styleUrl>#builder-drhorton</styleUrl>
      <Point><coordinates>-86.483209,30.751275,0</coordinates></Point>
    </Placemark>
    <Placemark>
      <name>Ledgewick</name>
      <description><![CDATA[<div><div><b>Builder:</b> DSLD Homes | Holiday Builders</div><div><b>Style Class:</b> builder-dsld</div><div><b>Color:</b> #7c3aed</div><div><b>Status:</b> Built Out</div><div><b>Product:</b> Single-Family Detached</div><div><b>Price:</b> 297990.0 - 360990.0</div><div><b>Square Foot:</b> 1685 - 2344</div><div><b>Elementary:</b> Foley Elementary School</div><div><b>Middle:</b> Foley Middle School</div><div><b>High:</b> Foley High School</div><div><b>Submarket:</b> South Baldwin</div><div><b>Hub:</b> Alabama Hub</div><div><b>City:</b> Foley</div><div><b>Source:</b> Zonda export provided by user</div></div>]]></description>
      <styleUrl>#builder-dsld</styleUrl>
      <Point><coordinates>-87.66257,30.427015,0</coordinates></Point>
    </Placemark>
    <Placemark>
      <name>Churchill</name>
      <description><![CDATA[<div><div><b>Builder:</b> D.R. Horton | DSLD Homes</div><div><b>Style Class:</b> builder-drhorton</div><div><b>Color:</b> #dc2626</div><div><b>Status:</b> Active</div><div><b>Product:</b> Single-Family Detached</div><div><b>Price:</b> 441650.0 - 482650.0</div><div><b>Square Foot:</b> 2250 - 2785</div><div><b>Elementary:</b> Rockwell Elementary School</div><div><b>Middle:</b> Spanish Fort Middle School</div><div><b>High:</b> Spanish Fort High School</div><div><b>Submarket:</b> Central Baldwin</div><div><b>Hub:</b> Alabama Hub</div><div><b>City:</b> Daphne</div><div><b>Source:</b> Zonda export provided by user</div></div>]]></description>
      <styleUrl>#builder-drhorton</styleUrl>
      <Point><coordinates>-87.819307,30.684491,0</coordinates></Point>
    </Placemark>
    <Placemark>
      <name>Hidden Pines Estates</name>
      <description><![CDATA[<div><div><b>Builder:</b> Adams Homes</div><div><b>Style Class:</b> builder-adams</div><div><b>Color:</b> #16a34a</div><div><b>Status:</b> Active</div><div><b>Product:</b> Single-Family Detached</div><div><b>Price:</b> 308307.0 - 408798.0</div><div><b>Square Foot:</b> 1425 - 3105</div><div><b>Elementary:</b> East Milton Elementary School</div><div><b>Middle:</b> Martin Luther King Middle School</div><div><b>High:</b> Milton High School</div><div><b>Submarket:</b> Milton</div><div><b>Hub:</b> Pensacola Hub</div><div><b>City:</b> Milton</div><div><b>Source:</b> Zonda export provided by user</div></div>]]></description>
      <styleUrl>#builder-adams</styleUrl>
      <Point><coordinates>-87.000286,30.621717,0</coordinates></Point>
    </Placemark>
    <Placemark>
      <name>Kirksey Court</name>
      <description><![CDATA[<div><div><b>Builder:</b> aDoor Development</div><div><b>Style Class:</b> builder-other</div><div><b>Color:</b> #f97316</div><div><b>Status:</b> Built Out</div><div><b>Product:</b> Single-Family Detached</div><div><b>Price:</b> </div><div><b>Square Foot:</b> </div><div><b>Elementary:</b> Global Learning Academy</div><div><b>Middle:</b> J. H. Workman Middle School</div><div><b>High:</b> Pensacola High School</div><div><b>Submarket:</b> Pensacola</div><div><b>Hub:</b> Pensacola Hub</div><div><b>City:</b> Pensacola</div><div><b>Source:</b> Zonda export provided by user</div></div>]]></description>
      <styleUrl>#builder-other</styleUrl>
      <Point><coordinates>-87.228554,30.41776,0</coordinates></Point>
    </Placemark>
    <Placemark>
      <name>Sunny Hills/Unit 2</name>
      <description><![CDATA[<div><div><b>Builder:</b> Century Communities | Deltona Corporation | D.R. Horton | Homes by Deltona | Lsk Construction | McQuagge Development &amp; Construction</div><div><b>Style Class:</b> builder-century</div><div><b>Color:</b> #7f1d1d</div><div><b>Status:</b> Active</div><div><b>Product:</b> Single-Family Detached</div><div><b>Price:</b> 200000.0 - 400000.0</div><div><b>Square Foot:</b> </div><div><b>Elementary:</b> Vernon Elementary School; Kate M. Smith Elementary School</div><div><b>Middle:</b> Roulhac Middle School; Vernon Middle School</div><div><b>High:</b> Chipley High School; Vernon High School</div><div><b>Submarket:</b> Washington County</div><div><b>Hub:</b> Growth Markets</div><div><b>City:</b> Chipley</div><div><b>Source:</b> Zonda export provided by user</div></div>]]></description>
      <styleUrl>#builder-century</styleUrl>
      <Point><coordinates>-85.599035,30.528777,0</coordinates></Point>
    </Placemark>
    <Placemark>
      <name>Harvest Green West</name>
      <description><![CDATA[<div><div><b>Builder:</b> D.R. Horton</div><div><b>Style Class:</b> builder-drhorton</div><div><b>Color:</b> #dc2626</div><div><b>Status:</b> Active</div><div><b>Product:</b> Single-Family Detached</div><div><b>Price:</b> 449900.0 - 618900.0</div><div><b>Square Foot:</b> 1912 - 2926</div><div><b>Elementary:</b> Fairhope East Elementary; Fairhope High School</div><div><b>Middle:</b> Fairhope Middle School</div><div><b>High:</b> Fairhope High School</div><div><b>Submarket:</b> West Baldwin</div><div><b>Hub:</b> Alabama Hub</div><div><b>City:</b> Fairhope</div><div><b>Source:</b> Zonda export provided by user</div></div>]]></description>
      <styleUrl>#builder-drhorton</styleUrl>
      <Point><coordinates>-87.852563,30.55694,0</coordinates></Point>
    </Placemark>
    <Placemark>
      <name>Elizabeth Gardens</name>
      <description><![CDATA[<div><div><b>Builder:</b> D.R. Horton</div><div><b>Style Class:</b> builder-drhorton</div><div><b>Color:</b> #dc2626</div><div><b>Status:</b> Active</div><div><b>Product:</b> Single-Family Detached</div><div><b>Price:</b> 269900.0 - 295650.0</div><div><b>Square Foot:</b> 1272 - 1510</div><div><b>Elementary:</b> Silverhill School</div><div><b>Middle:</b> Central Baldwin Middle School</div><div><b>High:</b> Robertsdale High School</div><div><b>Submarket:</b> Central Baldwin</div><div><b>Hub:</b> Alabama Hub</div><div><b>City:</b> Silverhill</div><div><b>Source:</b> Zonda export provided by user</div></div>]]></description>
      <styleUrl>#builder-drhorton</styleUrl>
      <Point><coordinates>-87.782264,30.515863,0</coordinates></Point>
    </Placemark>
    <Placemark>
      <name>Riverwalk </name>
      <description><![CDATA[<div><div><b>Builder:</b> Adams Homes | Century Communities | D.R. Horton | Holiday Builders | JAB Holdings</div><div><b>Style Class:</b> builder-adams</div><div><b>Color:</b> #16a34a</div><div><b>Status:</b> Active</div><div><b>Product:</b> Single-Family Detached</div><div><b>Price:</b> 319900.0 - 378000.0</div><div><b>Square Foot:</b> 1637 - 2403</div><div><b>Elementary:</b> Freeport Middle School; Freeport Elementary School</div><div><b>Middle:</b> Freeport Middle School</div><div><b>High:</b> Freeport Senior High School</div><div><b>Submarket:</b> Freeport</div><div><b>Hub:</b> Panama City Hub</div><div><b>City:</b> Freeport</div><div><b>Source:</b> Zonda export provided by user</div></div>]]></description>
      <styleUrl>#builder-adams</styleUrl>
      <Point><coordinates>-86.13353,30.483442,0</coordinates></Point>
    </Placemark>
    <Placemark>
      <name>Rossfield</name>
      <description><![CDATA[<div><div><b>Builder:</b> D.R. Horton</div><div><b>Style Class:</b> builder-drhorton</div><div><b>Color:</b> #dc2626</div><div><b>Status:</b> Active</div><div><b>Product:</b> Single-Family Detached</div><div><b>Price:</b> 265900.0 - 345900.0</div><div><b>Square Foot:</b> 1387 - 2495</div><div><b>Elementary:</b> Hutchens Elementary School; Dawes Intermediate School</div><div><b>Middle:</b> Bernice J Causey Middle School</div><div><b>High:</b> Baker High School</div><div><b>Submarket:</b> Central Mobile</div><div><b>Hub:</b> Alabama Hub</div><div><b>City:</b> Mobile</div><div><b>Source:</b> Zonda export provided by user</div></div>]]></description>
      <styleUrl>#builder-drhorton</styleUrl>
      <Point><coordinates>-88.286024,30.633551,0</coordinates></Point>
    </Placemark>
    <Placemark>
      <name>Mary Annetta Estates</name>
      <description><![CDATA[<div><div><b>Builder:</b> Holiday Builders | Maronda Homes</div><div><b>Style Class:</b> builder-holiday</div><div><b>Color:</b> #111827</div><div><b>Status:</b> Built Out</div><div><b>Product:</b> Single-Family Detached</div><div><b>Price:</b> 278990.0 - 314990.0</div><div><b>Square Foot:</b> 1246 - 2062</div><div><b>Elementary:</b> Lincoln Park Elementary School</div><div><b>Middle:</b> Beulah Middle School</div><div><b>High:</b> J. M. Tate Senior High School</div><div><b>Submarket:</b> Cantonment</div><div><b>Hub:</b> Pensacola Hub</div><div><b>City:</b> Pensacola</div><div><b>Source:</b> Zonda export provided by user</div></div>]]></description>
      <styleUrl>#builder-holiday</styleUrl>
      <Point><coordinates>-87.321484,30.530336,0</coordinates></Point>
    </Placemark>
    <Placemark>
      <name>Magnolia Pines</name>
      <description><![CDATA[<div><div><b>Builder:</b> D.R. Horton</div><div><b>Style Class:</b> builder-drhorton</div><div><b>Color:</b> #dc2626</div><div><b>Status:</b> Active</div><div><b>Product:</b> Single-Family Detached</div><div><b>Price:</b> 261900.0 - 272900.0</div><div><b>Square Foot:</b> 1281 - 1504</div><div><b>Elementary:</b> Magnolia School</div><div><b>Middle:</b> Foley Middle School</div><div><b>High:</b> Foley High School</div><div><b>Submarket:</b> South Baldwin</div><div><b>Hub:</b> Alabama Hub</div><div><b>City:</b> Foley</div><div><b>Source:</b> Zonda export provided by user</div></div>]]></description>
      <styleUrl>#builder-drhorton</styleUrl>
      <Point><coordinates>-87.73759,30.426649,0</coordinates></Point>
    </Placemark>
    <Placemark>
      <name>Glenhollow</name>
      <description><![CDATA[<div><div><b>Builder:</b> D.R. Horton | Thomas Home Corporation</div><div><b>Style Class:</b> builder-drhorton</div><div><b>Color:</b> #dc2626</div><div><b>Status:</b> Active</div><div><b>Product:</b> Single-Family Detached</div><div><b>Price:</b> </div><div><b>Square Foot:</b> </div><div><b>Elementary:</b> Beulah Elementary School</div><div><b>Middle:</b> Beulah Middle School</div><div><b>High:</b> Pine Forest High School</div><div><b>Submarket:</b> Cantonment</div><div><b>Hub:</b> Pensacola Hub</div><div><b>City:</b> Pensacola</div><div><b>Source:</b> Zonda export provided by user</div></div>]]></description>
      <styleUrl>#builder-drhorton</styleUrl>
      <Point><coordinates>-87.388884,30.533347,0</coordinates></Point>
    </Placemark>
    <Placemark>
      <name>Bluffs at Magnolia</name>
      <description><![CDATA[<div><div><b>Builder:</b> D.R. Horton</div><div><b>Style Class:</b> builder-drhorton</div><div><b>Color:</b> #dc2626</div><div><b>Status:</b> Active</div><div><b>Product:</b> Single-Family Detached</div><div><b>Price:</b> 289900.0 - 349900.0</div><div><b>Square Foot:</b> 1293 - 2200</div><div><b>Elementary:</b> Freeport Middle School; Freeport Elementary School</div><div><b>Middle:</b> Freeport Middle School</div><div><b>High:</b> Freeport Senior High School</div><div><b>Submarket:</b> Freeport</div><div><b>Hub:</b> Panama City Hub</div><div><b>City:</b> Freeport</div><div><b>Source:</b> Zonda export provided by user</div></div>]]></description>
      <styleUrl>#builder-drhorton</styleUrl>
      <Point><coordinates>-86.103588,30.529934,0</coordinates></Point>
    </Placemark>
    <Placemark>
      <name>Greenbrier at Firethorne</name>
      <description><![CDATA[<div><div><b>Builder:</b> Lennar Homes</div><div><b>Style Class:</b> builder-lennar</div><div><b>Color:</b> #2563eb</div><div><b>Status:</b> Built Out</div><div><b>Product:</b> Single-Family Detached</div><div><b>Price:</b> </div><div><b>Square Foot:</b> </div><div><b>Elementary:</b> J Larry Newton School; Fairhope High School</div><div><b>Middle:</b> Fairhope Middle School</div><div><b>High:</b> Fairhope High School</div><div><b>Submarket:</b> West Baldwin</div><div><b>Hub:</b> Alabama Hub</div><div><b>City:</b> Fairhope</div><div><b>Source:</b> Zonda export provided by user</div></div>]]></description>
      <styleUrl>#builder-lennar</styleUrl>
      <Point><coordinates>-87.848202,30.503539,0</coordinates></Point>
    </Placemark>
    <Placemark>
      <name>Estates at the Verandas</name>
      <description><![CDATA[<div><div><b>Builder:</b> Farmstead Built</div><div><b>Style Class:</b> builder-other</div><div><b>Color:</b> #f97316</div><div><b>Status:</b> Active</div><div><b>Product:</b> Single-Family Detached</div><div><b>Price:</b> </div><div><b>Square Foot:</b> </div><div><b>Elementary:</b> Fairhope East Elementary; Fairhope High School</div><div><b>Middle:</b> Fairhope Middle School</div><div><b>High:</b> Fairhope High School</div><div><b>Submarket:</b> West Baldwin</div><div><b>Hub:</b> Alabama Hub</div><div><b>City:</b> Fairhope</div><div><b>Source:</b> Zonda export provided by user</div></div>]]></description>
      <styleUrl>#builder-other</styleUrl>
      <Point><coordinates>-87.843948,30.543998,0</coordinates></Point>
    </Placemark>
    <Placemark>
      <name>Hammock Bay/Reflection </name>
      <description><![CDATA[<div><div><b>Builder:</b> Randy Wise Homes</div><div><b>Style Class:</b> builder-other</div><div><b>Color:</b> #f97316</div><div><b>Status:</b> Active</div><div><b>Product:</b> Single-Family Detached</div><div><b>Price:</b> 799000.0 - 1264850.0</div><div><b>Square Foot:</b> 2335 - 2509</div><div><b>Elementary:</b> Freeport Middle School; Freeport Elementary School</div><div><b>Middle:</b> Freeport Middle School</div><div><b>High:</b> Freeport Senior High School</div><div><b>Submarket:</b> Freeport</div><div><b>Hub:</b> Panama City Hub</div><div><b>City:</b> Freeport</div><div><b>Source:</b> Zonda export provided by user</div></div>]]></description>
      <styleUrl>#builder-other</styleUrl>
      <Point><coordinates>-86.178621,30.465429,0</coordinates></Point>
    </Placemark>
    <Placemark>
      <name>Rivers Cove </name>
      <description><![CDATA[<div><div><b>Builder:</b> D.R. Horton</div><div><b>Style Class:</b> builder-drhorton</div><div><b>Color:</b> #dc2626</div><div><b>Status:</b> Active</div><div><b>Product:</b> Single-Family Detached</div><div><b>Price:</b> 230900.0 - 324900.0</div><div><b>Square Foot:</b> 915 - 2012</div><div><b>Elementary:</b> Bagdad Elementary School</div><div><b>Middle:</b> Hobbs Middle School</div><div><b>High:</b> Milton High School</div><div><b>Submarket:</b> Milton</div><div><b>Hub:</b> Pensacola Hub</div><div><b>City:</b> Milton</div><div><b>Source:</b> Zonda export provided by user</div></div>]]></description>
      <styleUrl>#builder-drhorton</styleUrl>
      <Point><coordinates>-87.048516,30.591389,0</coordinates></Point>
    </Placemark>
    <Placemark>
      <name>Rolling Hills Estates (Mobile)</name>
      <description><![CDATA[<div><div><b>Builder:</b> ?</div><div><b>Style Class:</b> builder-other</div><div><b>Color:</b> #f97316</div><div><b>Status:</b> Active</div><div><b>Product:</b> Single-Family Detached</div><div><b>Price:</b> </div><div><b>Square Foot:</b> </div><div><b>Elementary:</b> Saraland Elementary School</div><div><b>Middle:</b> Saraland Middle/Nelson Adams</div><div><b>High:</b> Saraland High School</div><div><b>Submarket:</b> Central Mobile</div><div><b>Hub:</b> Alabama Hub</div><div><b>City:</b> Saraland</div><div><b>Source:</b> Zonda export provided by user</div></div>]]></description>
      <styleUrl>#builder-other</styleUrl>
      <Point><coordinates>-88.118471,30.867924,0</coordinates></Point>
    </Placemark>
    <Placemark>
      <name>Saddle Ridge</name>
      <description><![CDATA[<div><div><b>Builder:</b> Lennar Homes</div><div><b>Style Class:</b> builder-lennar</div><div><b>Color:</b> #2563eb</div><div><b>Status:</b> Built Out</div><div><b>Product:</b> Single-Family Detached</div><div><b>Price:</b> 289990.0 - 405990.0</div><div><b>Square Foot:</b> 1544 - 2257</div><div><b>Elementary:</b> Beulah Elementary School</div><div><b>Middle:</b> Beulah Middle School</div><div><b>High:</b> Pine Forest High School</div><div><b>Submarket:</b> Cantonment</div><div><b>Hub:</b> Pensacola Hub</div><div><b>City:</b> Pensacola</div><div><b>Source:</b> Zonda export provided by user</div></div>]]></description>
      <styleUrl>#builder-lennar</styleUrl>
      <Point><coordinates>-87.362563,30.509725,0</coordinates></Point>
    </Placemark>
    <Placemark>
      <name>Alys Beach/BK CC</name>
      <description><![CDATA[<div><div><b>Builder:</b> ?</div><div><b>Style Class:</b> builder-other</div><div><b>Color:</b> #f97316</div><div><b>Status:</b> Active</div><div><b>Product:</b> Single-Family Detached</div><div><b>Price:</b> </div><div><b>Square Foot:</b> </div><div><b>Elementary:</b> Bay Elementary School</div><div><b>Middle:</b> Emerald Coast Middle School</div><div><b>High:</b> South Walton High School</div><div><b>Submarket:</b> Walton and Bay Beaches</div><div><b>Hub:</b> Growth Markets</div><div><b>City:</b> Inlet Beach</div><div><b>Source:</b> Zonda export provided by user</div></div>]]></description>
      <styleUrl>#builder-other</styleUrl>
      <Point><coordinates>-86.030858,30.289406,0</coordinates></Point>
    </Placemark>
    <Placemark>
      <name>Hammock Bay/Splendor  </name>
      <description><![CDATA[<div><div><b>Builder:</b> DSLD Homes</div><div><b>Style Class:</b> builder-dsld</div><div><b>Color:</b> #7c3aed</div><div><b>Status:</b> Built Out</div><div><b>Product:</b> Single-Family Detached</div><div><b>Price:</b> </div><div><b>Square Foot:</b> </div><div><b>Elementary:</b> Freeport Middle School; Freeport Elementary School</div><div><b>Middle:</b> Freeport Middle School</div><div><b>High:</b> Freeport Senior High School</div><div><b>Submarket:</b> Freeport</div><div><b>Hub:</b> Panama City Hub</div><div><b>City:</b> Freeport</div><div><b>Source:</b> Zonda export provided by user</div></div>]]></description>
      <styleUrl>#builder-dsld</styleUrl>
      <Point><coordinates>-86.179769,30.467507,0</coordinates></Point>
    </Placemark>
    <Placemark>
      <name>Live Oak Cottages</name>
      <description><![CDATA[<div><div><b>Builder:</b> CJL Homes</div><div><b>Style Class:</b> builder-other</div><div><b>Color:</b> #f97316</div><div><b>Status:</b> Active</div><div><b>Product:</b> Single-Family Detached</div><div><b>Price:</b> </div><div><b>Square Foot:</b> </div><div><b>Elementary:</b> Freeport Middle School; Freeport Elementary School</div><div><b>Middle:</b> Freeport Middle School</div><div><b>High:</b> Freeport Senior High School</div><div><b>Submarket:</b> Freeport</div><div><b>Hub:</b> Panama City Hub</div><div><b>City:</b> Freeport</div><div><b>Source:</b> Zonda export provided by user</div></div>]]></description>
      <styleUrl>#builder-other</styleUrl>
      <Point><coordinates>-86.132083,30.499424,0</coordinates></Point>
    </Placemark>
    <Placemark>
      <name>Bentley Oaks</name>
      <description><![CDATA[<div><div><b>Builder:</b> Mitchell Residential</div><div><b>Style Class:</b> builder-other</div><div><b>Color:</b> #f97316</div><div><b>Status:</b> Active</div><div><b>Product:</b> Single-Family Detached</div><div><b>Price:</b> 319900.0 - 351900.0</div><div><b>Square Foot:</b> 1629 - 1903</div><div><b>Elementary:</b> KINGSFIELD ELEMENTARY SCHOOL</div><div><b>Middle:</b> Ransom Middle School</div><div><b>High:</b> J. M. Tate Senior High School</div><div><b>Submarket:</b> Cantonment</div><div><b>Hub:</b> Pensacola Hub</div><div><b>City:</b> Cantonment</div><div><b>Source:</b> Zonda export provided by user</div></div>]]></description>
      <styleUrl>#builder-other</styleUrl>
      <Point><coordinates>-87.33622,30.584939,0</coordinates></Point>
    </Placemark>
    <Placemark>
      <name>Sanctuary (Escambia)</name>
      <description><![CDATA[<div><div><b>Builder:</b> D.R. Horton</div><div><b>Style Class:</b> builder-drhorton</div><div><b>Color:</b> #dc2626</div><div><b>Status:</b> Active</div><div><b>Product:</b> Single-Family Detached</div><div><b>Price:</b> 262900.0 - 439900.0</div><div><b>Square Foot:</b> 1281 - 2890</div><div><b>Elementary:</b> Jim Allen Elementary School</div><div><b>Middle:</b> Ransom Middle School</div><div><b>High:</b> J. M. Tate Senior High School</div><div><b>Submarket:</b> Cantonment</div><div><b>Hub:</b> Pensacola Hub</div><div><b>City:</b> Cantonment</div><div><b>Source:</b> Zonda export provided by user</div></div>]]></description>
      <styleUrl>#builder-drhorton</styleUrl>
      <Point><coordinates>-87.318888,30.642457,0</coordinates></Point>
    </Placemark>
    <Placemark>
      <name>Ellens Cove</name>
      <description><![CDATA[<div><div><b>Builder:</b> D.R. Horton</div><div><b>Style Class:</b> builder-drhorton</div><div><b>Color:</b> #dc2626</div><div><b>Status:</b> Active</div><div><b>Product:</b> Single-Family Detached</div><div><b>Price:</b> 278900.0 - 320900.0</div><div><b>Square Foot:</b> 1650 - 2289</div><div><b>Elementary:</b> Breitling Elementary School</div><div><b>Middle:</b> Grand Bay Middle School</div><div><b>High:</b> Alma Bryant High School</div><div><b>Submarket:</b> Central Mobile</div><div><b>Hub:</b> Alabama Hub</div><div><b>City:</b> Grand Bay</div><div><b>Source:</b> Zonda export provided by user</div></div>]]></description>
      <styleUrl>#builder-drhorton</styleUrl>
      <Point><coordinates>-88.341397,30.516261,0</coordinates></Point>
    </Placemark>
    <Placemark>
      <name>Cat Island Estates</name>
      <description><![CDATA[<div><div><b>Builder:</b> Century Communities</div><div><b>Style Class:</b> builder-century</div><div><b>Color:</b> #7f1d1d</div><div><b>Status:</b> Active</div><div><b>Product:</b> Single-Family Detached</div><div><b>Price:</b> 262990.0 - 284990.0</div><div><b>Square Foot:</b> 1416 - 1773</div><div><b>Elementary:</b> West Defuniak Elementary School; Maude Saunders Elementary School</div><div><b>Middle:</b> Walton Middle School</div><div><b>High:</b> Walton High School</div><div><b>Submarket:</b> Defuniak Springs</div><div><b>Hub:</b> Panama City Hub</div><div><b>City:</b> Defuniak Springs</div><div><b>Source:</b> Zonda export provided by user</div></div>]]></description>
      <styleUrl>#builder-century</styleUrl>
      <Point><coordinates>-86.13076,30.778874,0</coordinates></Point>
    </Placemark>
    <Placemark>
      <name>Tower Ridge Estates</name>
      <description><![CDATA[<div><div><b>Builder:</b> Classic Homes of Pensacola</div><div><b>Style Class:</b> builder-other</div><div><b>Color:</b> #f97316</div><div><b>Status:</b> Active</div><div><b>Product:</b> Single-Family Detached</div><div><b>Price:</b> </div><div><b>Square Foot:</b> </div><div><b>Elementary:</b> KINGSFIELD ELEMENTARY SCHOOL</div><div><b>Middle:</b> Beulah Middle School</div><div><b>High:</b> J. M. Tate Senior High School</div><div><b>Submarket:</b> Cantonment</div><div><b>Hub:</b> Pensacola Hub</div><div><b>City:</b> Pensacola</div><div><b>Source:</b> Zonda export provided by user</div></div>]]></description>
      <styleUrl>#builder-other</styleUrl>
      <Point><coordinates>-87.404015,30.54736,0</coordinates></Point>
    </Placemark>
    <Placemark>
      <name>Parkwood</name>
      <description><![CDATA[<div><div><b>Builder:</b> Thomas Home Corporation</div><div><b>Style Class:</b> builder-other</div><div><b>Color:</b> #f97316</div><div><b>Status:</b> Built Out</div><div><b>Product:</b> Single-Family Detached</div><div><b>Price:</b> 169900.0 - 311900.0</div><div><b>Square Foot:</b> 1690 - 2253</div><div><b>Elementary:</b> S. S. Dixon Intermediate School; S. S. Dixon Primary School</div><div><b>Middle:</b> Thomas L Sims Middle School</div><div><b>High:</b> Pace High School</div><div><b>Submarket:</b> Pace</div><div><b>Hub:</b> Pensacola Hub</div><div><b>City:</b> Milton</div><div><b>Source:</b> Zonda export provided by user</div></div>]]></description>
      <styleUrl>#builder-other</styleUrl>
      <Point><coordinates>-87.163772,30.629247,0</coordinates></Point>
    </Placemark>
    <Placemark>
      <name>Sunny Hills/Unit 19</name>
      <description><![CDATA[<div><div><b>Builder:</b> Century Communities | CR Berry Builders | Deltona Corporation | D.R. Horton | Freeport Builders | Gooden Homes | McQuagge Development &amp; Construction | Pixie Dust Perfect Home Builders | Solara Homes</div><div><b>Style Class:</b> builder-century</div><div><b>Color:</b> #7f1d1d</div><div><b>Status:</b> Active</div><div><b>Product:</b> Single-Family Detached</div><div><b>Price:</b> </div><div><b>Square Foot:</b> </div><div><b>Elementary:</b> Vernon Elementary School; Kate M. Smith Elementary School</div><div><b>Middle:</b> Roulhac Middle School; Vernon Middle School</div><div><b>High:</b> Chipley High School; Vernon High School</div><div><b>Submarket:</b> Washington County</div><div><b>Hub:</b> Growth Markets</div><div><b>City:</b> Chipley</div><div><b>Source:</b> Zonda export provided by user</div></div>]]></description>
      <styleUrl>#builder-century</styleUrl>
      <Point><coordinates>-85.617113,30.530933,0</coordinates></Point>
    </Placemark>
    <Placemark>
      <name>Wild Heron (Bay)</name>
      <description><![CDATA[<div><div><b>Builder:</b> Alpha First Construction | B &amp; D Builders | Emerald View Construction | Focus Construction | Griffin Mitchell | KSB Homes | Lake Powell | Southern Hybird Homes | Valor Communities</div><div><b>Style Class:</b> builder-other</div><div><b>Color:</b> #f97316</div><div><b>Status:</b> Active</div><div><b>Product:</b> Single-Family Detached</div><div><b>Price:</b> </div><div><b>Square Foot:</b> </div><div><b>Elementary:</b> Surfside Middle School; West Bay Elementary School</div><div><b>Middle:</b> Surfside Middle School</div><div><b>High:</b> Surfside Middle School; J.R. Arnold High School</div><div><b>Submarket:</b> Walton and Bay Beaches</div><div><b>Hub:</b> Growth Markets</div><div><b>City:</b> Panama City Beach</div><div><b>Source:</b> Zonda export provided by user</div></div>]]></description>
      <styleUrl>#builder-other</styleUrl>
      <Point><coordinates>-85.976517,30.28763,0</coordinates></Point>
    </Placemark>
    <Placemark>
      <name>Blossom Grove (Santa Rosa)</name>
      <description><![CDATA[<div><div><b>Builder:</b> Adams Homes</div><div><b>Style Class:</b> builder-adams</div><div><b>Color:</b> #16a34a</div><div><b>Status:</b> Active</div><div><b>Product:</b> Single-Family Detached</div><div><b>Price:</b> </div><div><b>Square Foot:</b> </div><div><b>Elementary:</b> Berryhill Elementary School</div><div><b>Middle:</b> Martin Luther King Middle School</div><div><b>High:</b> Milton High School</div><div><b>Submarket:</b> Pace</div><div><b>Hub:</b> Pensacola Hub</div><div><b>City:</b> Milton</div><div><b>Source:</b> Zonda export provided by user</div></div>]]></description>
      <styleUrl>#builder-adams</styleUrl>
      <Point><coordinates>-87.103538,30.682119,0</coordinates></Point>
    </Placemark>
    <Placemark>
      <name>Claires Vineyard</name>
      <description><![CDATA[<div><div><b>Builder:</b> Alan Paul Construction | Cadenhead &amp; Davis Construction</div><div><b>Style Class:</b> builder-other</div><div><b>Color:</b> #f97316</div><div><b>Status:</b> Built Out</div><div><b>Product:</b> Single-Family Detached</div><div><b>Price:</b> </div><div><b>Square Foot:</b> </div><div><b>Elementary:</b> Walker Elementary School</div><div><b>Middle:</b> Davidson Middle School</div><div><b>High:</b> Crestview High School</div><div><b>Submarket:</b> Crestview</div><div><b>Hub:</b> Pensacola Hub</div><div><b>City:</b> Crestview</div><div><b>Source:</b> Zonda export provided by user</div></div>]]></description>
      <styleUrl>#builder-other</styleUrl>
      <Point><coordinates>-86.55305,30.797498,0</coordinates></Point>
    </Placemark>
    <Placemark>
      <name>Reserve at Daphne</name>
      <description><![CDATA[<div><div><b>Builder:</b> D.R. Horton</div><div><b>Style Class:</b> builder-drhorton</div><div><b>Color:</b> #dc2626</div><div><b>Status:</b> Active</div><div><b>Product:</b> Single-Family Detached</div><div><b>Price:</b> 274900.0 - 418392.0</div><div><b>Square Foot:</b> 1281 - 2250</div><div><b>Elementary:</b> Belforest Elementary School</div><div><b>Middle:</b> Daphne Middle School</div><div><b>High:</b> Daphne High School</div><div><b>Submarket:</b> West Baldwin</div><div><b>Hub:</b> Alabama Hub</div><div><b>City:</b> Daphne</div><div><b>Source:</b> Zonda export provided by user</div></div>]]></description>
      <styleUrl>#builder-drhorton</styleUrl>
      <Point><coordinates>-87.83489,30.612034,0</coordinates></Point>
    </Placemark>
    <Placemark>
      <name>Deer Moss Creek/Brookfield</name>
      <description><![CDATA[<div><div><b>Builder:</b> Greg Goodwin Construction | Tidwell Homes | Wilson Ents of NW FL</div><div><b>Style Class:</b> builder-other</div><div><b>Color:</b> #f97316</div><div><b>Status:</b> Active</div><div><b>Product:</b> Single-Family Detached</div><div><b>Price:</b> 575000.0 - 665000.0</div><div><b>Square Foot:</b> 2000 - 2475</div><div><b>Elementary:</b> James E Plew Elementary School</div><div><b>Middle:</b> C. W. Ruckel Middle School</div><div><b>High:</b> Niceville Senior High School</div><div><b>Submarket:</b> Fort Walton</div><div><b>Hub:</b> Pensacola Hub</div><div><b>City:</b> Niceville</div><div><b>Source:</b> Zonda export provided by user</div></div>]]></description>
      <styleUrl>#builder-other</styleUrl>
      <Point><coordinates>-86.437402,30.533759,0</coordinates></Point>
    </Placemark>
    <Placemark>
      <name>99 Palms</name>
      <description><![CDATA[<div><div><b>Builder:</b> ?</div><div><b>Style Class:</b> builder-other</div><div><b>Color:</b> #f97316</div><div><b>Status:</b> Active</div><div><b>Product:</b> Single-Family Detached</div><div><b>Price:</b> </div><div><b>Square Foot:</b> </div><div><b>Elementary:</b> Hutchison Beach Elementary School; Surfside Middle School</div><div><b>Middle:</b> Surfside Middle School</div><div><b>High:</b> Surfside Middle School; J.R. Arnold High School</div><div><b>Submarket:</b> Walton and Bay Beaches</div><div><b>Hub:</b> Growth Markets</div><div><b>City:</b> Panama City Beach</div><div><b>Source:</b> Zonda export provided by user</div></div>]]></description>
      <styleUrl>#builder-other</styleUrl>
      <Point><coordinates>-85.837942,30.197392,0</coordinates></Point>
    </Placemark>
    <Placemark>
      <name>Deer Moss Creek/Hartfield</name>
      <description><![CDATA[<div><div><b>Builder:</b> Better Built of NW Florida | Ferrin Campbell Construction | Grand American Enterprises | Janssen Construction Management | Jimmy Henderson Construction Co | J&amp;V Builders | Key Lime Construction | Randy Wise Homes | Ruckel Properties | Tidwell Homes | Wilson Ents of NW FL</div><div><b>Style Class:</b> builder-other</div><div><b>Color:</b> #f97316</div><div><b>Status:</b> Active</div><div><b>Product:</b> Single-Family Detached</div><div><b>Price:</b> 924535.0</div><div><b>Square Foot:</b> 2761</div><div><b>Elementary:</b> James E Plew Elementary School</div><div><b>Middle:</b> C. W. Ruckel Middle School</div><div><b>High:</b> Niceville Senior High School</div><div><b>Submarket:</b> Fort Walton</div><div><b>Hub:</b> Pensacola Hub</div><div><b>City:</b> Niceville</div><div><b>Source:</b> Zonda export provided by user</div></div>]]></description>
      <styleUrl>#builder-other</styleUrl>
      <Point><coordinates>-86.421298,30.519295,0</coordinates></Point>
    </Placemark>
    <Placemark>
      <name>Sweetbay/Cottages</name>
      <description><![CDATA[<div><div><b>Builder:</b> Harris Doyle Homes Inc - Clayton Properties Group</div><div><b>Style Class:</b> builder-other</div><div><b>Color:</b> #f97316</div><div><b>Status:</b> Active</div><div><b>Product:</b> Single-Family Detached</div><div><b>Price:</b> 342600.0 - 501000.0</div><div><b>Square Foot:</b> 1167 - 1998</div><div><b>Elementary:</b> Northside Elementary School</div><div><b>Middle:</b> Jinks Middle School</div><div><b>High:</b> Bay High School</div><div><b>Submarket:</b> Panama City</div><div><b>Hub:</b> Panama City Hub</div><div><b>City:</b> Panama City</div><div><b>Source:</b> Zonda export provided by user</div></div>]]></description>
      <styleUrl>#builder-other</styleUrl>
      <Point><coordinates>-85.680614,30.208746,0</coordinates></Point>
    </Placemark>
    <Placemark>
      <name>Sunny Hills/Unit 6</name>
      <description><![CDATA[<div><div><b>Builder:</b> B &amp; D Builders | Century Communities | Debco Construction Company | Deltona Corporation | D.R. Horton | Gooden Homes | James Fletcher Construction | McQuagge Development &amp; Construction | Solara Homes</div><div><b>Style Class:</b> builder-other</div><div><b>Color:</b> #f97316</div><div><b>Status:</b> Active</div><div><b>Product:</b> Single-Family Detached</div><div><b>Price:</b> </div><div><b>Square Foot:</b> </div><div><b>Elementary:</b> Vernon Elementary School; Kate M. Smith Elementary School</div><div><b>Middle:</b> Roulhac Middle School; Vernon Middle School</div><div><b>High:</b> Chipley High School; Vernon High School</div><div><b>Submarket:</b> Washington County</div><div><b>Hub:</b> Growth Markets</div><div><b>City:</b> Chipley</div><div><b>Source:</b> Zonda export provided by user</div></div>]]></description>
      <styleUrl>#builder-other</styleUrl>
      <Point><coordinates>-85.578941,30.577496,0</coordinates></Point>
    </Placemark>
    <Placemark>
      <name>Sunny Hills/Unit 13</name>
      <description><![CDATA[<div><div><b>Builder:</b> ?</div><div><b>Style Class:</b> builder-other</div><div><b>Color:</b> #f97316</div><div><b>Status:</b> Active</div><div><b>Product:</b> Single-Family Detached</div><div><b>Price:</b> </div><div><b>Square Foot:</b> </div><div><b>Elementary:</b> Vernon Elementary School; Kate M. Smith Elementary School</div><div><b>Middle:</b> Roulhac Middle School; Vernon Middle School</div><div><b>High:</b> Chipley High School; Vernon High School</div><div><b>Submarket:</b> Washington County</div><div><b>Hub:</b> Growth Markets</div><div><b>City:</b> Chipley</div><div><b>Source:</b> Zonda export provided by user</div></div>]]></description>
      <styleUrl>#builder-other</styleUrl>
      <Point><coordinates>-85.49265,30.581767,0</coordinates></Point>
    </Placemark>
    <Placemark>
      <name>Brooke Estates</name>
      <description><![CDATA[<div><div><b>Builder:</b> Whitworth Builders</div><div><b>Style Class:</b> builder-other</div><div><b>Color:</b> #f97316</div><div><b>Status:</b> Active</div><div><b>Product:</b> Single-Family Detached</div><div><b>Price:</b> 208587.0 - 406000.0</div><div><b>Square Foot:</b> 2201 - 2540</div><div><b>Elementary:</b> Walker Elementary School</div><div><b>Middle:</b> Davidson Middle School</div><div><b>High:</b> Crestview High School</div><div><b>Submarket:</b> Crestview</div><div><b>Hub:</b> Pensacola Hub</div><div><b>City:</b> Crestview</div><div><b>Source:</b> Zonda export provided by user</div></div>]]></description>
      <styleUrl>#builder-other</styleUrl>
      <Point><coordinates>-86.544793,30.798935,0</coordinates></Point>
    </Placemark>
    <Placemark>
      <name>Watersound/Camp Creek</name>
      <description><![CDATA[<div><div><b>Builder:</b> Corestruction | Paradise Coastal Builders | Reeves &amp; Shaw Homes | Romain Construction | The BG Group</div><div><b>Style Class:</b> builder-other</div><div><b>Color:</b> #f97316</div><div><b>Status:</b> Active</div><div><b>Product:</b> Single-Family Detached</div><div><b>Price:</b> </div><div><b>Square Foot:</b> </div><div><b>Elementary:</b> Bay Elementary School</div><div><b>Middle:</b> Emerald Coast Middle School</div><div><b>High:</b> South Walton High School</div><div><b>Submarket:</b> Walton and Bay Beaches</div><div><b>Hub:</b> Growth Markets</div><div><b>City:</b> Inlet Beach</div><div><b>Source:</b> Zonda export provided by user</div></div>]]></description>
      <styleUrl>#builder-other</styleUrl>
      <Point><coordinates>-86.035436,30.30271,0</coordinates></Point>
    </Placemark>
    <Placemark>
      <name>Azalea Gardens</name>
      <description><![CDATA[<div><div><b>Builder:</b> D.R. Horton</div><div><b>Style Class:</b> builder-drhorton</div><div><b>Color:</b> #dc2626</div><div><b>Status:</b> Active</div><div><b>Product:</b> Single-Family Detached</div><div><b>Price:</b> </div><div><b>Square Foot:</b> </div><div><b>Elementary:</b> Loxley Elementary School</div><div><b>Middle:</b> Central Baldwin Middle School</div><div><b>High:</b> Robertsdale High School</div><div><b>Submarket:</b> Central Baldwin</div><div><b>Hub:</b> Alabama Hub</div><div><b>City:</b> Loxley</div><div><b>Source:</b> Zonda export provided by user</div></div>]]></description>
      <styleUrl>#builder-drhorton</styleUrl>
      <Point><coordinates>-87.745173,30.63269,0</coordinates></Point>
    </Placemark>
    <Placemark>
      <name>River Oaks Estates</name>
      <description><![CDATA[<div><div><b>Builder:</b> ?</div><div><b>Style Class:</b> builder-other</div><div><b>Color:</b> #f97316</div><div><b>Status:</b> Active</div><div><b>Product:</b> Single-Family Detached</div><div><b>Price:</b> </div><div><b>Square Foot:</b> </div><div><b>Elementary:</b> Kate Shepard Elementary School</div><div><b>Middle:</b> Burns Middle School</div><div><b>High:</b> Ben C Rain High School</div><div><b>Submarket:</b> Central Mobile</div><div><b>Hub:</b> Alabama Hub</div><div><b>City:</b> Mobile</div><div><b>Source:</b> Zonda export provided by user</div></div>]]></description>
      <styleUrl>#builder-other</styleUrl>
      <Point><coordinates>-88.120639,30.614267,0</coordinates></Point>
    </Placemark>
    <Placemark>
      <name>NatureView/South</name>
      <description><![CDATA[<div><div><b>Builder:</b> DSLD Homes | Holiday Builders</div><div><b>Style Class:</b> builder-dsld</div><div><b>Color:</b> #7c3aed</div><div><b>Status:</b> Active</div><div><b>Product:</b> Single-Family Detached</div><div><b>Price:</b> 299990.0 - 539990.0</div><div><b>Square Foot:</b> 1545 - 3022</div><div><b>Elementary:</b> Freeport Middle School; Freeport Elementary School</div><div><b>Middle:</b> Freeport Middle School</div><div><b>High:</b> Freeport Senior High School</div><div><b>Submarket:</b> Freeport</div><div><b>Hub:</b> Panama City Hub</div><div><b>City:</b> Ponce De Leon</div><div><b>Source:</b> Zonda export provided by user</div></div>]]></description>
      <styleUrl>#builder-dsld</styleUrl>
      <Point><coordinates>-86.042705,30.429035,0</coordinates></Point>
    </Placemark>
    <Placemark>
      <name>Pandion Place</name>
      <description><![CDATA[<div><div><b>Builder:</b> Bill Walther Construction | D.R. Horton</div><div><b>Style Class:</b> builder-other</div><div><b>Color:</b> #f97316</div><div><b>Status:</b> Built Out</div><div><b>Product:</b> Single-Family Detached</div><div><b>Price:</b> </div><div><b>Square Foot:</b> </div><div><b>Elementary:</b> Pea Ridge Elementary School</div><div><b>Middle:</b> Avalon Middle School</div><div><b>High:</b> Pace High School</div><div><b>Submarket:</b> Pace</div><div><b>Hub:</b> Pensacola Hub</div><div><b>City:</b> Milton</div><div><b>Source:</b> Zonda export provided by user</div></div>]]></description>
      <styleUrl>#builder-other</styleUrl>
      <Point><coordinates>-87.143868,30.617848,0</coordinates></Point>
    </Placemark>
    <Placemark>
      <name>Holley Grove at Peach Creek</name>
      <description><![CDATA[<div><div><b>Builder:</b> D.R. Horton</div><div><b>Style Class:</b> builder-drhorton</div><div><b>Color:</b> #dc2626</div><div><b>Status:</b> Active</div><div><b>Product:</b> Single-Family Detached</div><div><b>Price:</b> 454900.0 - 896900.0</div><div><b>Square Foot:</b> 1744 - 3129</div><div><b>Elementary:</b> Bay Elementary School</div><div><b>Middle:</b> Emerald Coast Middle School</div><div><b>High:</b> South Walton High School</div><div><b>Submarket:</b> Walton and Bay Beaches</div><div><b>Hub:</b> Growth Markets</div><div><b>City:</b> Santa Rosa Beach</div><div><b>Source:</b> Zonda export provided by user</div></div>]]></description>
      <styleUrl>#builder-drhorton</styleUrl>
      <Point><coordinates>-86.105965,30.367168,0</coordinates></Point>
    </Placemark>
    <Placemark>
      <name>Bear Creek/Cottages</name>
      <description><![CDATA[<div><div><b>Builder:</b> 4A Ventures | Brown Venture Investments | Cavazos &amp; Flores Construction | Coastal Custom Homebuilding | Southern Hybird Homes | Valor Communities</div><div><b>Style Class:</b> builder-other</div><div><b>Color:</b> #f97316</div><div><b>Status:</b> Active</div><div><b>Product:</b> Single-Family Detached</div><div><b>Price:</b> 544850.0 - 574850.0</div><div><b>Square Foot:</b> 2683 - 2874</div><div><b>Elementary:</b> Freeport Middle School; Freeport Elementary School</div><div><b>Middle:</b> Freeport Middle School</div><div><b>High:</b> Freeport Senior High School</div><div><b>Submarket:</b> Freeport</div><div><b>Hub:</b> Panama City Hub</div><div><b>City:</b> Freeport</div><div><b>Source:</b> Zonda export provided by user</div></div>]]></description>
      <styleUrl>#builder-other</styleUrl>
      <Point><coordinates>-86.122156,30.442104,0</coordinates></Point>
    </Placemark>
    <Placemark>
      <name>Oxford Place</name>
      <description><![CDATA[<div><div><b>Builder:</b> D.R. Horton</div><div><b>Style Class:</b> builder-drhorton</div><div><b>Color:</b> #dc2626</div><div><b>Status:</b> Active</div><div><b>Product:</b> Single-Family Detached</div><div><b>Price:</b> 324900.0 - 389900.0</div><div><b>Square Foot:</b> 1799 - 2516</div><div><b>Elementary:</b> Walker Elementary School</div><div><b>Middle:</b> Davidson Middle School</div><div><b>High:</b> Crestview High School</div><div><b>Submarket:</b> Crestview</div><div><b>Hub:</b> Pensacola Hub</div><div><b>City:</b> Crestview</div><div><b>Source:</b> Zonda export provided by user</div></div>]]></description>
      <styleUrl>#builder-drhorton</styleUrl>
      <Point><coordinates>-86.542001,30.781071,0</coordinates></Point>
    </Placemark>
    <Placemark>
      <name>Creets Landing</name>
      <description><![CDATA[<div><div><b>Builder:</b> Whitworth Builders</div><div><b>Style Class:</b> builder-other</div><div><b>Color:</b> #f97316</div><div><b>Status:</b> Active</div><div><b>Product:</b> Single-Family Detached</div><div><b>Price:</b> 399950.0 - 525950.0</div><div><b>Square Foot:</b> 1900 - 3140</div><div><b>Elementary:</b> Holley-Navarre Intermediate School; Holley-Navarre Primary School</div><div><b>Middle:</b> Holley-Navarre Middle School</div><div><b>High:</b> Navarre High School</div><div><b>Submarket:</b> Eglin AFB</div><div><b>Hub:</b> Growth Markets</div><div><b>City:</b> Navarre</div><div><b>Source:</b> Zonda export provided by user</div></div>]]></description>
      <styleUrl>#builder-other</styleUrl>
      <Point><coordinates>-86.822005,30.424582,0</coordinates></Point>
    </Placemark>
    <Placemark>
      <name>Roman Oaks </name>
      <description><![CDATA[<div><div><b>Builder:</b> D.R. Horton</div><div><b>Style Class:</b> builder-drhorton</div><div><b>Color:</b> #dc2626</div><div><b>Status:</b> Active</div><div><b>Product:</b> Single-Family Detached</div><div><b>Price:</b> 400900.0 - 510900.0</div><div><b>Square Foot:</b> 2036 - 3129</div><div><b>Elementary:</b> West Navarre Intermediate School; West Navarre Primary School</div><div><b>Middle:</b> Woodlawn Beach Middle School</div><div><b>High:</b> Gulf Breeze High School</div><div><b>Submarket:</b> Pensacola Beaches</div><div><b>Hub:</b> Pensacola Hub</div><div><b>City:</b> Gulf Breeze</div><div><b>Source:</b> Zonda export provided by user</div></div>]]></description>
      <styleUrl>#builder-drhorton</styleUrl>
      <Point><coordinates>-86.989909,30.396234,0</coordinates></Point>
    </Placemark>
    <Placemark>
      <name>Sunny Hills/Unit 4</name>
      <description><![CDATA[<div><div><b>Builder:</b> Century Communities | D.R. Horton</div><div><b>Style Class:</b> builder-century</div><div><b>Color:</b> #7f1d1d</div><div><b>Status:</b> Active</div><div><b>Product:</b> Single-Family Detached</div><div><b>Price:</b> </div><div><b>Square Foot:</b> </div><div><b>Elementary:</b> Vernon Elementary School; Kate M. Smith Elementary School</div><div><b>Middle:</b> Roulhac Middle School; Vernon Middle School</div><div><b>High:</b> Chipley High School; Vernon High School</div><div><b>Submarket:</b> Washington County</div><div><b>Hub:</b> Growth Markets</div><div><b>City:</b> Chipley</div><div><b>Source:</b> Zonda export provided by user</div></div>]]></description>
      <styleUrl>#builder-century</styleUrl>
      <Point><coordinates>-85.589683,30.538818,0</coordinates></Point>
    </Placemark>
    <Placemark>
      <name>Thompson Woods</name>
      <description><![CDATA[<div><div><b>Builder:</b> ?</div><div><b>Style Class:</b> builder-other</div><div><b>Color:</b> #f97316</div><div><b>Status:</b> Active</div><div><b>Product:</b> Single-Family Detached</div><div><b>Price:</b> </div><div><b>Square Foot:</b> </div><div><b>Elementary:</b> Van R. Butler Elementary School</div><div><b>Middle:</b> Emerald Coast Middle School</div><div><b>High:</b> South Walton High School</div><div><b>Submarket:</b> Walton and Bay Beaches</div><div><b>Hub:</b> Growth Markets</div><div><b>City:</b> Santa Rosa Beach</div><div><b>Source:</b> Zonda export provided by user</div></div>]]></description>
      <styleUrl>#builder-other</styleUrl>
      <Point><coordinates>-86.244182,30.370103,0</coordinates></Point>
    </Placemark>
    <Placemark>
      <name>Canterbury Park</name>
      <description><![CDATA[<div><div><b>Builder:</b> BW Construction</div><div><b>Style Class:</b> builder-other</div><div><b>Color:</b> #f97316</div><div><b>Status:</b> Active</div><div><b>Product:</b> Single-Family Detached</div><div><b>Price:</b> </div><div><b>Square Foot:</b> </div><div><b>Elementary:</b> Er Dickson Elementary School</div><div><b>Middle:</b> Cl Scarborough Middle School</div><div><b>High:</b> Murphy High School</div><div><b>Submarket:</b> Central Mobile</div><div><b>Hub:</b> Alabama Hub</div><div><b>City:</b> Mobile</div><div><b>Source:</b> Zonda export provided by user</div></div>]]></description>
      <styleUrl>#builder-other</styleUrl>
      <Point><coordinates>-88.157628,30.690222,0</coordinates></Point>
    </Placemark>
    <Placemark>
      <name>Barton's Bend</name>
      <description><![CDATA[<div><div><b>Builder:</b> CJL Homes</div><div><b>Style Class:</b> builder-other</div><div><b>Color:</b> #f97316</div><div><b>Status:</b> Active</div><div><b>Product:</b> Single-Family Detached</div><div><b>Price:</b> </div><div><b>Square Foot:</b> </div><div><b>Elementary:</b> Walker Elementary School</div><div><b>Middle:</b> Davidson Middle School</div><div><b>High:</b> Crestview High School</div><div><b>Submarket:</b> Crestview</div><div><b>Hub:</b> Pensacola Hub</div><div><b>City:</b> Crestview</div><div><b>Source:</b> Zonda export provided by user</div></div>]]></description>
      <styleUrl>#builder-other</styleUrl>
      <Point><coordinates>-86.547971,30.795561,0</coordinates></Point>
    </Placemark>
    <Placemark>
      <name>Alys Beach/BK DD</name>
      <description><![CDATA[<div><div><b>Builder:</b> Alys Beach Construction | Davis Dunn Construction | Earthbuild | Galvas Construction | Gulfview Development &amp; Construction | Hufham/Farris Construction | JC Craig | Koast Builders | Regal Stephens Construction</div><div><b>Style Class:</b> builder-other</div><div><b>Color:</b> #f97316</div><div><b>Status:</b> Active</div><div><b>Product:</b> Single-Family Detached</div><div><b>Price:</b> </div><div><b>Square Foot:</b> </div><div><b>Elementary:</b> Bay Elementary School</div><div><b>Middle:</b> Emerald Coast Middle School</div><div><b>High:</b> South Walton High School</div><div><b>Submarket:</b> Walton and Bay Beaches</div><div><b>Hub:</b> Growth Markets</div><div><b>City:</b> Inlet Beach</div><div><b>Source:</b> Zonda export provided by user</div></div>]]></description>
      <styleUrl>#builder-other</styleUrl>
      <Point><coordinates>-86.031422,30.288447,0</coordinates></Point>
    </Placemark>
    <Placemark>
      <name>Riverbend Run</name>
      <description><![CDATA[<div><div><b>Builder:</b> Lennar Homes</div><div><b>Style Class:</b> builder-lennar</div><div><b>Color:</b> #2563eb</div><div><b>Status:</b> Active</div><div><b>Product:</b> Single-Family Detached</div><div><b>Price:</b> 269990.0 - 359990.0</div><div><b>Square Foot:</b> 1413 - 2142</div><div><b>Elementary:</b> Deane Bozeman School; Southport Elementary School</div><div><b>Middle:</b> Deane Bozeman School</div><div><b>High:</b> Deane Bozeman School</div><div><b>Submarket:</b> Panama City</div><div><b>Hub:</b> Panama City Hub</div><div><b>City:</b> Panama City</div><div><b>Source:</b> Zonda export provided by user</div></div>]]></description>
      <styleUrl>#builder-lennar</styleUrl>
      <Point><coordinates>-85.685929,30.374998,0</coordinates></Point>
    </Placemark>
    <Placemark>
      <name>Bella Terra/Enclave</name>
      <description><![CDATA[<div><div><b>Builder:</b> Lennar Homes</div><div><b>Style Class:</b> builder-lennar</div><div><b>Color:</b> #2563eb</div><div><b>Status:</b> Active</div><div><b>Product:</b> Single-Family Detached</div><div><b>Price:</b> 279990.0 - 324990.0</div><div><b>Square Foot:</b> 1290 - 1810</div><div><b>Elementary:</b> Jim Allen Elementary School</div><div><b>Middle:</b> Ransom Middle School</div><div><b>High:</b> J. M. Tate Senior High School</div><div><b>Submarket:</b> Cantonment</div><div><b>Hub:</b> Pensacola Hub</div><div><b>City:</b> Cantonment</div><div><b>Source:</b> Zonda export provided by user</div></div>]]></description>
      <styleUrl>#builder-lennar</styleUrl>
      <Point><coordinates>-87.33718,30.63376,0</coordinates></Point>
    </Placemark>
    <Placemark>
      <name>Mallard Landing</name>
      <description><![CDATA[<div><div><b>Builder:</b> Lennar Homes</div><div><b>Style Class:</b> builder-lennar</div><div><b>Color:</b> #2563eb</div><div><b>Status:</b> Built Out</div><div><b>Product:</b> Single-Family Detached</div><div><b>Price:</b> </div><div><b>Square Foot:</b> </div><div><b>Elementary:</b> Pleasant Grove Elementary School</div><div><b>Middle:</b> Jim C. Bailey Middle School</div><div><b>High:</b> Escambia High School</div><div><b>Submarket:</b> Pensacola</div><div><b>Hub:</b> Pensacola Hub</div><div><b>City:</b> Pensacola</div><div><b>Source:</b> Zonda export provided by user</div></div>]]></description>
      <styleUrl>#builder-lennar</styleUrl>
      <Point><coordinates>-87.360073,30.332275,0</coordinates></Point>
    </Placemark>
    <Placemark>
      <name>Ponder Place</name>
      <description><![CDATA[<div><div><b>Builder:</b> D.R. Horton</div><div><b>Style Class:</b> builder-drhorton</div><div><b>Color:</b> #dc2626</div><div><b>Status:</b> Built Out</div><div><b>Product:</b> Single-Family Detached</div><div><b>Price:</b> 271440.0 - 300800.0</div><div><b>Square Foot:</b> 1387 - 1787</div><div><b>Elementary:</b> Robertsdale Elementary School</div><div><b>Middle:</b> Central Baldwin Middle School</div><div><b>High:</b> Robertsdale High School</div><div><b>Submarket:</b> Central Baldwin</div><div><b>Hub:</b> Alabama Hub</div><div><b>City:</b> Loxley</div><div><b>Source:</b> Zonda export provided by user</div></div>]]></description>
      <styleUrl>#builder-drhorton</styleUrl>
      <Point><coordinates>-87.730633,30.588884,0</coordinates></Point>
    </Placemark>
    <Placemark>
      <name>Stonebridge/Montecello </name>
      <description><![CDATA[<div><div><b>Builder:</b> D.R. Horton</div><div><b>Style Class:</b> builder-drhorton</div><div><b>Color:</b> #dc2626</div><div><b>Status:</b> Active</div><div><b>Product:</b> Single-Family Detached</div><div><b>Price:</b> 179900.0 - 400900.0</div><div><b>Square Foot:</b> 1461 - 2511</div><div><b>Elementary:</b> Stonebridge Elementary</div><div><b>Middle:</b> Spanish Fort Middle School</div><div><b>High:</b> Spanish Fort High School</div><div><b>Submarket:</b> Central Baldwin</div><div><b>Hub:</b> Alabama Hub</div><div><b>City:</b> Daphne</div><div><b>Source:</b> Zonda export provided by user</div></div>]]></description>
      <styleUrl>#builder-drhorton</styleUrl>
      <Point><coordinates>-87.794444,30.682438,0</coordinates></Point>
    </Placemark>
    <Placemark>
      <name>Kings Branch Estates </name>
      <description><![CDATA[<div><div><b>Builder:</b> Adams Homes | D.R. Horton</div><div><b>Style Class:</b> builder-adams</div><div><b>Color:</b> #16a34a</div><div><b>Status:</b> Active</div><div><b>Product:</b> Single-Family Detached</div><div><b>Price:</b> </div><div><b>Square Foot:</b> </div><div><b>Elementary:</b> Mary G Montgomery High School; Orchard Elementary School</div><div><b>Middle:</b> Cl Scarborough Middle School</div><div><b>High:</b> Mary G Montgomery High School</div><div><b>Submarket:</b> Central Mobile</div><div><b>Hub:</b> Alabama Hub</div><div><b>City:</b> Mobile</div><div><b>Source:</b> Zonda export provided by user</div></div>]]></description>
      <styleUrl>#builder-adams</styleUrl>
      <Point><coordinates>-88.20141,30.760412,0</coordinates></Point>
    </Placemark>
    <Placemark>
      <name>Yacht Harbor Cottages</name>
      <description><![CDATA[<div><div><b>Builder:</b> Flynn Building Specialists</div><div><b>Style Class:</b> builder-other</div><div><b>Color:</b> #f97316</div><div><b>Status:</b> Active</div><div><b>Product:</b> Single-Family Detached</div><div><b>Price:</b> </div><div><b>Square Foot:</b> </div><div><b>Elementary:</b> Hellen Caro Elementary School</div><div><b>Middle:</b> Jim C. Bailey Middle School</div><div><b>High:</b> Escambia High School</div><div><b>Submarket:</b> Pensacola</div><div><b>Hub:</b> Pensacola Hub</div><div><b>City:</b> Pensacola</div><div><b>Source:</b> Zonda export provided by user</div></div>]]></description>
      <styleUrl>#builder-other</styleUrl>
      <Point><coordinates>-87.510765,30.283367,0</coordinates></Point>
    </Placemark>
    <Placemark>
      <name>Kipling Station</name>
      <description><![CDATA[<div><div><b>Builder:</b> Circle W Construction CO | Clark Homes of Distinction | Prime Design Homes</div><div><b>Style Class:</b> builder-other</div><div><b>Color:</b> #f97316</div><div><b>Status:</b> Active</div><div><b>Product:</b> Single-Family Detached</div><div><b>Price:</b> </div><div><b>Square Foot:</b> </div><div><b>Elementary:</b> Mary W Burroughs Elementary School</div><div><b>Middle:</b> Katherine H Hankins Middle School</div><div><b>High:</b> Theodore High School</div><div><b>Submarket:</b> South Mobile</div><div><b>Hub:</b> Alabama Hub</div><div><b>City:</b> Theodore</div><div><b>Source:</b> Zonda export provided by user</div></div>]]></description>
      <styleUrl>#builder-other</styleUrl>
      <Point><coordinates>-88.167298,30.482079,0</coordinates></Point>
    </Placemark>
    <Placemark>
      <name>Alden Park</name>
      <description><![CDATA[<div><div><b>Builder:</b> Adams Homes</div><div><b>Style Class:</b> builder-adams</div><div><b>Color:</b> #16a34a</div><div><b>Status:</b> Active</div><div><b>Product:</b> Single-Family Detached</div><div><b>Price:</b> 265900.0 - 280900.0</div><div><b>Square Foot:</b> 1525 - 1820</div><div><b>Elementary:</b> Hutchens Elementary School; Dawes Intermediate School</div><div><b>Middle:</b> Bernice J Causey Middle School</div><div><b>High:</b> Baker High School</div><div><b>Submarket:</b> Central Mobile</div><div><b>Hub:</b> Alabama Hub</div><div><b>City:</b> Mobile</div><div><b>Source:</b> Zonda export provided by user</div></div>]]></description>
      <styleUrl>#builder-adams</styleUrl>
      <Point><coordinates>-88.289279,30.603197,0</coordinates></Point>
    </Placemark>
    <Placemark>
      <name>Sandy Creek (Santa Rosa)</name>
      <description><![CDATA[<div><div><b>Builder:</b> Adams Homes</div><div><b>Style Class:</b> builder-adams</div><div><b>Color:</b> #16a34a</div><div><b>Status:</b> Active</div><div><b>Product:</b> Single-Family Detached</div><div><b>Price:</b> </div><div><b>Square Foot:</b> </div><div><b>Elementary:</b> Pace K-8</div><div><b>Middle:</b> Pace K-8</div><div><b>High:</b> Pace High School</div><div><b>Submarket:</b> Pace</div><div><b>Hub:</b> Pensacola Hub</div><div><b>City:</b> Milton</div><div><b>Source:</b> Zonda export provided by user</div></div>]]></description>
      <styleUrl>#builder-adams</styleUrl>
      <Point><coordinates>-87.212496,30.666192,0</coordinates></Point>
    </Placemark>
    <Placemark>
      <name>Bellview Pointe</name>
      <description><![CDATA[<div><div><b>Builder:</b> Maronda Homes</div><div><b>Style Class:</b> builder-maronda</div><div><b>Color:</b> #92400e</div><div><b>Status:</b> Active</div><div><b>Product:</b> Single-Family Detached</div><div><b>Price:</b> 312900.0 - 349900.0</div><div><b>Square Foot:</b> 1443 - 2692</div><div><b>Elementary:</b> Longleaf Elementary School</div><div><b>Middle:</b> Bellview Middle School</div><div><b>High:</b> Pine Forest High School</div><div><b>Submarket:</b> Pensacola</div><div><b>Hub:</b> Pensacola Hub</div><div><b>City:</b> Pensacola</div><div><b>Source:</b> Zonda export provided by user</div></div>]]></description>
      <styleUrl>#builder-maronda</styleUrl>
      <Point><coordinates>-87.291569,30.477881,0</coordinates></Point>
    </Placemark>
    <Placemark>
      <name>Ashton Park</name>
      <description><![CDATA[<div><div><b>Builder:</b> D.R. Horton | Randy Wise Homes</div><div><b>Style Class:</b> builder-drhorton</div><div><b>Color:</b> #dc2626</div><div><b>Status:</b> Active</div><div><b>Product:</b> Single-Family Detached</div><div><b>Price:</b> 349900.0 - 469900.0</div><div><b>Square Foot:</b> 1580 - 3001</div><div><b>Elementary:</b> Freeport Middle School; Freeport Elementary School</div><div><b>Middle:</b> Freeport Middle School</div><div><b>High:</b> Freeport Senior High School</div><div><b>Submarket:</b> Freeport</div><div><b>Hub:</b> Panama City Hub</div><div><b>City:</b> Freeport</div><div><b>Source:</b> Zonda export provided by user</div></div>]]></description>
      <styleUrl>#builder-drhorton</styleUrl>
      <Point><coordinates>-86.128235,30.526458,0</coordinates></Point>
    </Placemark>
    <Placemark>
      <name>Eagles Ridge</name>
      <description><![CDATA[<div><div><b>Builder:</b> Lennar Homes</div><div><b>Style Class:</b> builder-lennar</div><div><b>Color:</b> #2563eb</div><div><b>Status:</b> Active</div><div><b>Product:</b> Single-Family Detached</div><div><b>Price:</b> 293990.0 - 341990.0</div><div><b>Square Foot:</b> 1474 - 2000</div><div><b>Elementary:</b> Pea Ridge Elementary School</div><div><b>Middle:</b> Avalon Middle School</div><div><b>High:</b> Pace High School</div><div><b>Submarket:</b> Pace</div><div><b>Hub:</b> Pensacola Hub</div><div><b>City:</b> Milton</div><div><b>Source:</b> Zonda export provided by user</div></div>]]></description>
      <styleUrl>#builder-lennar</styleUrl>
      <Point><coordinates>-87.123398,30.608421,0</coordinates></Point>
    </Placemark>
    <Placemark>
      <name>Bluewater Landing</name>
      <description><![CDATA[<div><div><b>Builder:</b> D.R. Horton</div><div><b>Style Class:</b> builder-drhorton</div><div><b>Color:</b> #dc2626</div><div><b>Status:</b> Built Out</div><div><b>Product:</b> Single-Family Detached</div><div><b>Price:</b> </div><div><b>Square Foot:</b> </div><div><b>Elementary:</b> Bay Elementary School</div><div><b>Middle:</b> Emerald Coast Middle School</div><div><b>High:</b> South Walton High School</div><div><b>Submarket:</b> Walton and Bay Beaches</div><div><b>Hub:</b> Growth Markets</div><div><b>City:</b> Santa Rosa Beach</div><div><b>Source:</b> Zonda export provided by user</div></div>]]></description>
      <styleUrl>#builder-drhorton</styleUrl>
      <Point><coordinates>-86.207426,30.345601,0</coordinates></Point>
    </Placemark>
    <Placemark>
      <name>Costas Ridge</name>
      <description><![CDATA[<div><div><b>Builder:</b> Bill Walther Construction | Century Communities | Kevin Stanton Construction</div><div><b>Style Class:</b> builder-other</div><div><b>Color:</b> #f97316</div><div><b>Status:</b> Active</div><div><b>Product:</b> Single-Family Detached</div><div><b>Price:</b> </div><div><b>Square Foot:</b> </div><div><b>Elementary:</b> Chumuckla Elementary School; Central School</div><div><b>Middle:</b> Central School</div><div><b>High:</b> Central School</div><div><b>Submarket:</b> Santa Rosa County</div><div><b>Hub:</b> Growth Markets</div><div><b>City:</b> Jay</div><div><b>Source:</b> Zonda export provided by user</div></div>]]></description>
      <styleUrl>#builder-other</styleUrl>
      <Point><coordinates>-87.139268,30.831079,0</coordinates></Point>
    </Placemark>
    <Placemark>
      <name>Park Place (Bay)</name>
      <description><![CDATA[<div><div><b>Builder:</b> D.R. Horton</div><div><b>Style Class:</b> builder-drhorton</div><div><b>Color:</b> #dc2626</div><div><b>Status:</b> Active</div><div><b>Product:</b> Single-Family Detached</div><div><b>Price:</b> 293900.0 - 348900.0</div><div><b>Square Foot:</b> 1427 - 2043</div><div><b>Elementary:</b> Callaway Elementary School</div><div><b>Middle:</b> Rutherford High School</div><div><b>High:</b> Rutherford High School</div><div><b>Submarket:</b> Panama City</div><div><b>Hub:</b> Panama City Hub</div><div><b>City:</b> Panama City</div><div><b>Source:</b> Zonda export provided by user</div></div>]]></description>
      <styleUrl>#builder-drhorton</styleUrl>
      <Point><coordinates>-85.544155,30.15253,0</coordinates></Point>
    </Placemark>
    <Placemark>
      <name>Canterbury Village</name>
      <description><![CDATA[<div><div><b>Builder:</b> Benchmark Homes Group | Castle Homes | Flynn Building Specialists | Maronda Homes</div><div><b>Style Class:</b> builder-other</div><div><b>Color:</b> #f97316</div><div><b>Status:</b> Active</div><div><b>Product:</b> Single-Family Detached</div><div><b>Price:</b> </div><div><b>Square Foot:</b> </div><div><b>Elementary:</b> Bay Minette Elementary School</div><div><b>Middle:</b> Bay Minette Middle School</div><div><b>High:</b> Baldwin Co High School</div><div><b>Submarket:</b> North Baldwin</div><div><b>Hub:</b> Alabama Hub</div><div><b>City:</b> Bay Minette</div><div><b>Source:</b> Zonda export provided by user</div></div>]]></description>
      <styleUrl>#builder-other</styleUrl>
      <Point><coordinates>-87.778915,30.900848,0</coordinates></Point>
    </Placemark>
    <Placemark>
      <name>Mexico Beach/Salt Creek SF</name>
      <description><![CDATA[<div><div><b>Builder:</b> Holiday Builders</div><div><b>Style Class:</b> builder-holiday</div><div><b>Color:</b> #111827</div><div><b>Status:</b> Active</div><div><b>Product:</b> Single-Family Detached</div><div><b>Price:</b> 362990.0 - 383990.0</div><div><b>Square Foot:</b> 1516 - 2062</div><div><b>Elementary:</b> </div><div><b>Middle:</b> </div><div><b>High:</b> </div><div><b>Submarket:</b> Walton and Bay Beaches</div><div><b>Hub:</b> Growth Markets</div><div><b>City:</b> Port Saint Joe</div><div><b>Source:</b> Zonda export provided by user</div></div>]]></description>
      <styleUrl>#builder-holiday</styleUrl>
      <Point><coordinates>-85.434663,29.957894,0</coordinates></Point>
    </Placemark>
    <Placemark>
      <name>Marigold</name>
      <description><![CDATA[<div><div><b>Builder:</b> D.R. Horton</div><div><b>Style Class:</b> builder-drhorton</div><div><b>Color:</b> #dc2626</div><div><b>Status:</b> Built Out</div><div><b>Product:</b> Single-Family Detached</div><div><b>Price:</b> 256900.0 - 263900.0</div><div><b>Square Foot:</b> 1205 - 1417</div><div><b>Elementary:</b> Foley Elementary School</div><div><b>Middle:</b> Foley Middle School</div><div><b>High:</b> Foley High School</div><div><b>Submarket:</b> South Baldwin</div><div><b>Hub:</b> Alabama Hub</div><div><b>City:</b> Foley</div><div><b>Source:</b> Zonda export provided by user</div></div>]]></description>
      <styleUrl>#builder-drhorton</styleUrl>
      <Point><coordinates>-87.692668,30.412346,0</coordinates></Point>
    </Placemark>
    <Placemark>
      <name>Sunny Hills/Unit 12</name>
      <description><![CDATA[<div><div><b>Builder:</b> ?</div><div><b>Style Class:</b> builder-other</div><div><b>Color:</b> #f97316</div><div><b>Status:</b> Active</div><div><b>Product:</b> Single-Family Detached</div><div><b>Price:</b> </div><div><b>Square Foot:</b> </div><div><b>Elementary:</b> Vernon Elementary School; Kate M. Smith Elementary School</div><div><b>Middle:</b> Roulhac Middle School; Vernon Middle School</div><div><b>High:</b> Chipley High School; Vernon High School</div><div><b>Submarket:</b> Washington County</div><div><b>Hub:</b> Growth Markets</div><div><b>City:</b> Chipley</div><div><b>Source:</b> Zonda export provided by user</div></div>]]></description>
      <styleUrl>#builder-other</styleUrl>
      <Point><coordinates>-85.509968,30.559131,0</coordinates></Point>
    </Placemark>
    <Placemark>
      <name>Alys Beach/BK AB</name>
      <description><![CDATA[<div><div><b>Builder:</b> Alys Beach Construction</div><div><b>Style Class:</b> builder-other</div><div><b>Color:</b> #f97316</div><div><b>Status:</b> Active</div><div><b>Product:</b> Single-Family Detached</div><div><b>Price:</b> </div><div><b>Square Foot:</b> </div><div><b>Elementary:</b> Bay Elementary School</div><div><b>Middle:</b> Emerald Coast Middle School</div><div><b>High:</b> South Walton High School</div><div><b>Submarket:</b> Walton and Bay Beaches</div><div><b>Hub:</b> Growth Markets</div><div><b>City:</b> Inlet Beach</div><div><b>Source:</b> Zonda export provided by user</div></div>]]></description>
      <styleUrl>#builder-other</styleUrl>
      <Point><coordinates>-86.033077,30.285944,0</coordinates></Point>
    </Placemark>
    <Placemark>
      <name>Alys Beach/BK V</name>
      <description><![CDATA[<div><div><b>Builder:</b> ?</div><div><b>Style Class:</b> builder-other</div><div><b>Color:</b> #f97316</div><div><b>Status:</b> Active</div><div><b>Product:</b> Single-Family Detached</div><div><b>Price:</b> </div><div><b>Square Foot:</b> </div><div><b>Elementary:</b> Bay Elementary School</div><div><b>Middle:</b> Emerald Coast Middle School</div><div><b>High:</b> South Walton High School</div><div><b>Submarket:</b> Walton and Bay Beaches</div><div><b>Hub:</b> Growth Markets</div><div><b>City:</b> Inlet Beach</div><div><b>Source:</b> Zonda export provided by user</div></div>]]></description>
      <styleUrl>#builder-other</styleUrl>
      <Point><coordinates>-86.025162,30.286954,0</coordinates></Point>
    </Placemark>
    <Placemark>
      <name>Rhetts Run</name>
      <description><![CDATA[<div><div><b>Builder:</b> D.R. Horton</div><div><b>Style Class:</b> builder-drhorton</div><div><b>Color:</b> #dc2626</div><div><b>Status:</b> Active</div><div><b>Product:</b> Single-Family Detached</div><div><b>Price:</b> 358900.0 - 408900.0</div><div><b>Square Foot:</b> 1774 - 2304</div><div><b>Elementary:</b> Chumuckla Elementary School; Central School</div><div><b>Middle:</b> Central School</div><div><b>High:</b> Central School</div><div><b>Submarket:</b> Santa Rosa County</div><div><b>Hub:</b> Growth Markets</div><div><b>City:</b> Jay</div><div><b>Source:</b> Zonda export provided by user</div></div>]]></description>
      <styleUrl>#builder-drhorton</styleUrl>
      <Point><coordinates>-87.156396,30.778711,0</coordinates></Point>
    </Placemark>
    <Placemark>
      <name>Bay Street Village</name>
      <description><![CDATA[<div><div><b>Builder:</b> D.R. Horton</div><div><b>Style Class:</b> builder-drhorton</div><div><b>Color:</b> #dc2626</div><div><b>Status:</b> Built Out</div><div><b>Product:</b> Single-Family Detached</div><div><b>Price:</b> 237900.0 - 257900.0</div><div><b>Square Foot:</b> 915 - 1417</div><div><b>Elementary:</b> Foley Elementary School</div><div><b>Middle:</b> Foley Middle School</div><div><b>High:</b> Foley High School</div><div><b>Submarket:</b> South Baldwin</div><div><b>Hub:</b> Alabama Hub</div><div><b>City:</b> Foley</div><div><b>Source:</b> Zonda export provided by user</div></div>]]></description>
      <styleUrl>#builder-drhorton</styleUrl>
      <Point><coordinates>-87.679936,30.394791,0</coordinates></Point>
    </Placemark>
    <Placemark>
      <name>Mill Creek</name>
      <description><![CDATA[<div><div><b>Builder:</b> ?</div><div><b>Style Class:</b> builder-other</div><div><b>Color:</b> #f97316</div><div><b>Status:</b> Active</div><div><b>Product:</b> Single-Family Detached</div><div><b>Price:</b> </div><div><b>Square Foot:</b> </div><div><b>Elementary:</b> Summerdale School</div><div><b>Middle:</b> Summerdale School</div><div><b>High:</b> Elberta Middle School</div><div><b>Submarket:</b> Central Baldwin</div><div><b>Hub:</b> Alabama Hub</div><div><b>City:</b> Summerdale</div><div><b>Source:</b> Zonda export provided by user</div></div>]]></description>
      <styleUrl>#builder-other</styleUrl>
      <Point><coordinates>-87.730238,30.494161,0</coordinates></Point>
    </Placemark>
    <Placemark>
      <name>Titus Park</name>
      <description><![CDATA[<div><div><b>Builder:</b> D.R. Horton</div><div><b>Style Class:</b> builder-drhorton</div><div><b>Color:</b> #dc2626</div><div><b>Status:</b> Active</div><div><b>Product:</b> Single-Family Detached</div><div><b>Price:</b> 286900.0 - 419900.0</div><div><b>Square Foot:</b> 1293 - 2415</div><div><b>Elementary:</b> Deer Point Elementary School</div><div><b>Middle:</b> Merritt Brown Middle School</div><div><b>High:</b> A. Crawford Mosley High School</div><div><b>Submarket:</b> Panama City</div><div><b>Hub:</b> Panama City Hub</div><div><b>City:</b> Panama City</div><div><b>Source:</b> Zonda export provided by user</div></div>]]></description>
      <styleUrl>#builder-drhorton</styleUrl>
      <Point><coordinates>-85.590411,30.240665,0</coordinates></Point>
    </Placemark>
    <Placemark>
      <name>Sweetbay/SF</name>
      <description><![CDATA[<div><div><b>Builder:</b> Fischer Homes | Harris Doyle Homes Inc - Clayton Properties Group | Samuel Taylor Homes</div><div><b>Style Class:</b> builder-other</div><div><b>Color:</b> #f97316</div><div><b>Status:</b> Active</div><div><b>Product:</b> Single-Family Detached</div><div><b>Price:</b> 378000.0 - 779000.0</div><div><b>Square Foot:</b> 1392 - 3212</div><div><b>Elementary:</b> Northside Elementary School</div><div><b>Middle:</b> Jinks Middle School</div><div><b>High:</b> Bay High School</div><div><b>Submarket:</b> Panama City</div><div><b>Hub:</b> Panama City Hub</div><div><b>City:</b> Panama City</div><div><b>Source:</b> Zonda export provided by user</div></div>]]></description>
      <styleUrl>#builder-other</styleUrl>
      <Point><coordinates>-85.684498,30.212462,0</coordinates></Point>
    </Placemark>
    <Placemark>
      <name>Hammock Bay/Lanterns</name>
      <description><![CDATA[<div><div><b>Builder:</b> DSLD Homes</div><div><b>Style Class:</b> builder-dsld</div><div><b>Color:</b> #7c3aed</div><div><b>Status:</b> Active</div><div><b>Product:</b> Single-Family Detached</div><div><b>Price:</b> 539999.0 - 589990.0</div><div><b>Square Foot:</b> 2641 - 3022</div><div><b>Elementary:</b> Freeport Middle School; Freeport Elementary School</div><div><b>Middle:</b> Freeport Middle School</div><div><b>High:</b> Freeport Senior High School</div><div><b>Submarket:</b> Freeport</div><div><b>Hub:</b> Panama City Hub</div><div><b>City:</b> Freeport</div><div><b>Source:</b> Zonda export provided by user</div></div>]]></description>
      <styleUrl>#builder-dsld</styleUrl>
      <Point><coordinates>-86.179654,30.464111,0</coordinates></Point>
    </Placemark>
    <Placemark>
      <name>Grove at Berry Hill</name>
      <description><![CDATA[<div><div><b>Builder:</b> D.R. Horton</div><div><b>Style Class:</b> builder-drhorton</div><div><b>Color:</b> #dc2626</div><div><b>Status:</b> Active</div><div><b>Product:</b> Single-Family Detached</div><div><b>Price:</b> 364900.0 - 523900.0</div><div><b>Square Foot:</b> 1774 - 3010</div><div><b>Elementary:</b> Berryhill Elementary School</div><div><b>Middle:</b> Hobbs Middle School</div><div><b>High:</b> Milton High School</div><div><b>Submarket:</b> Pace</div><div><b>Hub:</b> Pensacola Hub</div><div><b>City:</b> Milton</div><div><b>Source:</b> Zonda export provided by user</div></div>]]></description>
      <styleUrl>#builder-drhorton</styleUrl>
      <Point><coordinates>-87.08949,30.639883,0</coordinates></Point>
    </Placemark>
    <Placemark>
      <name>Ivey Ridge</name>
      <description><![CDATA[<div><div><b>Builder:</b> D.R. Horton</div><div><b>Style Class:</b> builder-drhorton</div><div><b>Color:</b> #dc2626</div><div><b>Status:</b> Active</div><div><b>Product:</b> Single-Family Detached</div><div><b>Price:</b> </div><div><b>Square Foot:</b> </div><div><b>Elementary:</b> Loxley Elementary School</div><div><b>Middle:</b> Central Baldwin Middle School</div><div><b>High:</b> Robertsdale High School</div><div><b>Submarket:</b> Central Baldwin</div><div><b>Hub:</b> Alabama Hub</div><div><b>City:</b> Loxley</div><div><b>Source:</b> Zonda export provided by user</div></div>]]></description>
      <styleUrl>#builder-drhorton</styleUrl>
      <Point><coordinates>-87.75262,30.602426,0</coordinates></Point>
    </Placemark>
    <Placemark>
      <name>Village at Grayton Beach</name>
      <description><![CDATA[<div><div><b>Builder:</b> Better Built of NW Florida</div><div><b>Style Class:</b> builder-other</div><div><b>Color:</b> #f97316</div><div><b>Status:</b> Active</div><div><b>Product:</b> Single-Family Detached</div><div><b>Price:</b> 1295000.0 - 1925000.0</div><div><b>Square Foot:</b> 2501 - 2857</div><div><b>Elementary:</b> Bay Elementary School</div><div><b>Middle:</b> Emerald Coast Middle School</div><div><b>High:</b> South Walton High School</div><div><b>Submarket:</b> Walton and Bay Beaches</div><div><b>Hub:</b> Growth Markets</div><div><b>City:</b> Santa Rosa Beach</div><div><b>Source:</b> Zonda export provided by user</div></div>]]></description>
      <styleUrl>#builder-other</styleUrl>
      <Point><coordinates>-86.163089,30.342736,0</coordinates></Point>
    </Placemark>
    <Placemark>
      <name>Southtown</name>
      <description><![CDATA[<div><div><b>Builder:</b> Benchmark Homes Group | Smith Douglas Homes | Terra Cane</div><div><b>Style Class:</b> builder-other</div><div><b>Color:</b> #f97316</div><div><b>Status:</b> Active</div><div><b>Product:</b> Single-Family Detached</div><div><b>Price:</b> </div><div><b>Square Foot:</b> </div><div><b>Elementary:</b> Robertsdale Elementary School</div><div><b>Middle:</b> Central Baldwin Middle School</div><div><b>High:</b> Robertsdale High School</div><div><b>Submarket:</b> Central Baldwin</div><div><b>Hub:</b> Alabama Hub</div><div><b>City:</b> Robertsdale</div><div><b>Source:</b> Zonda export provided by user</div></div>]]></description>
      <styleUrl>#builder-other</styleUrl>
      <Point><coordinates>-87.71895,30.530104,0</coordinates></Point>
    </Placemark>
    <Placemark>
      <name>Blossom Grove (Okaloosa)</name>
      <description><![CDATA[<div><div><b>Builder:</b> CJL Homes</div><div><b>Style Class:</b> builder-other</div><div><b>Color:</b> #f97316</div><div><b>Status:</b> Active</div><div><b>Product:</b> Single-Family Detached</div><div><b>Price:</b> 264500.0 - 275000.0</div><div><b>Square Foot:</b> 1337 - 1533</div><div><b>Elementary:</b> Bob Sikes Elementary School</div><div><b>Middle:</b> Davidson Middle School</div><div><b>High:</b> Crestview High School</div><div><b>Submarket:</b> Laurel Hill</div><div><b>Hub:</b> Pensacola Hub</div><div><b>City:</b> Crestview</div><div><b>Source:</b> Zonda export provided by user</div></div>]]></description>
      <styleUrl>#builder-other</styleUrl>
      <Point><coordinates>-86.513996,30.816467,0</coordinates></Point>
    </Placemark>
    <Placemark>
      <name>Sweet Bay (Walton)</name>
      <description><![CDATA[<div><div><b>Builder:</b> Focus Construction | Soyaz Constructinon</div><div><b>Style Class:</b> builder-other</div><div><b>Color:</b> #f97316</div><div><b>Status:</b> Active</div><div><b>Product:</b> Single-Family Detached</div><div><b>Price:</b> </div><div><b>Square Foot:</b> </div><div><b>Elementary:</b> Bay Elementary School</div><div><b>Middle:</b> Emerald Coast Middle School</div><div><b>High:</b> South Walton High School</div><div><b>Submarket:</b> Walton and Bay Beaches</div><div><b>Hub:</b> Growth Markets</div><div><b>City:</b> Inlet Beach</div><div><b>Source:</b> Zonda export provided by user</div></div>]]></description>
      <styleUrl>#builder-other</styleUrl>
      <Point><coordinates>-86.006425,30.282546,0</coordinates></Point>
    </Placemark>
    <Placemark>
      <name>Longbranch</name>
      <description><![CDATA[<div><div><b>Builder:</b> D.R. Horton</div><div><b>Style Class:</b> builder-drhorton</div><div><b>Color:</b> #dc2626</div><div><b>Status:</b> Built Out</div><div><b>Product:</b> Single-Family Detached</div><div><b>Price:</b> </div><div><b>Square Foot:</b> </div><div><b>Elementary:</b> Fairhope East Elementary; Fairhope High School</div><div><b>Middle:</b> Fairhope Middle School</div><div><b>High:</b> Fairhope High School</div><div><b>Submarket:</b> West Baldwin</div><div><b>Hub:</b> Alabama Hub</div><div><b>City:</b> Fairhope</div><div><b>Source:</b> Zonda export provided by user</div></div>]]></description>
      <styleUrl>#builder-drhorton</styleUrl>
      <Point><coordinates>-87.866605,30.50386,0</coordinates></Point>
    </Placemark>
    <Placemark>
      <name>Nature Lake </name>
      <description><![CDATA[<div><div><b>Builder:</b> Whitworth Builders</div><div><b>Style Class:</b> builder-other</div><div><b>Color:</b> #f97316</div><div><b>Status:</b> Active</div><div><b>Product:</b> Single-Family Detached</div><div><b>Price:</b> 354555.0 - 429950.0</div><div><b>Square Foot:</b> 2616 - 2878</div><div><b>Elementary:</b> Bob Sikes Elementary School</div><div><b>Middle:</b> Davidson Middle School</div><div><b>High:</b> Crestview High School</div><div><b>Submarket:</b> Crestview</div><div><b>Hub:</b> Pensacola Hub</div><div><b>City:</b> Crestview</div><div><b>Source:</b> Zonda export provided by user</div></div>]]></description>
      <styleUrl>#builder-other</styleUrl>
      <Point><coordinates>-86.562575,30.809415,0</coordinates></Point>
    </Placemark>
    <Placemark>
      <name>Pace Commons/SF</name>
      <description><![CDATA[<div><div><b>Builder:</b> Henry Company Homes</div><div><b>Style Class:</b> builder-other</div><div><b>Color:</b> #f97316</div><div><b>Status:</b> Active</div><div><b>Product:</b> Single-Family Detached</div><div><b>Price:</b> </div><div><b>Square Foot:</b> </div><div><b>Elementary:</b> Bennett C Russell Elementary School</div><div><b>Middle:</b> Avalon Middle School</div><div><b>High:</b> Pace High School</div><div><b>Submarket:</b> Pace</div><div><b>Hub:</b> Pensacola Hub</div><div><b>City:</b> Milton</div><div><b>Source:</b> Zonda export provided by user</div></div>]]></description>
      <styleUrl>#builder-other</styleUrl>
      <Point><coordinates>-87.111046,30.580893,0</coordinates></Point>
    </Placemark>
    <Placemark>
      <name>Carl Booker Rd Eastside</name>
      <description><![CDATA[<div><div><b>Builder:</b> D.R. Horton</div><div><b>Style Class:</b> builder-drhorton</div><div><b>Color:</b> #dc2626</div><div><b>Status:</b> Built Out</div><div><b>Product:</b> Single-Family Detached</div><div><b>Price:</b> </div><div><b>Square Foot:</b> </div><div><b>Elementary:</b> East Milton Elementary School</div><div><b>Middle:</b> Martin Luther King Middle School</div><div><b>High:</b> Milton High School</div><div><b>Submarket:</b> Milton</div><div><b>Hub:</b> Pensacola Hub</div><div><b>City:</b> Milton</div><div><b>Source:</b> Zonda export provided by user</div></div>]]></description>
      <styleUrl>#builder-drhorton</styleUrl>
      <Point><coordinates>-86.962572,30.605689,0</coordinates></Point>
    </Placemark>
    <Placemark>
      <name>Carl Booker Rd Westside</name>
      <description><![CDATA[<div><div><b>Builder:</b> Flynn Building Specialists</div><div><b>Style Class:</b> builder-other</div><div><b>Color:</b> #f97316</div><div><b>Status:</b> Active</div><div><b>Product:</b> Single-Family Detached</div><div><b>Price:</b> </div><div><b>Square Foot:</b> </div><div><b>Elementary:</b> East Milton Elementary School</div><div><b>Middle:</b> Martin Luther King Middle School</div><div><b>High:</b> Milton High School</div><div><b>Submarket:</b> Milton</div><div><b>Hub:</b> Pensacola Hub</div><div><b>City:</b> Milton</div><div><b>Source:</b> Zonda export provided by user</div></div>]]></description>
      <styleUrl>#builder-other</styleUrl>
      <Point><coordinates>-86.963748,30.60215,0</coordinates></Point>
    </Placemark>
    <Placemark>
      <name>Muldoon Pointe</name>
      <description><![CDATA[<div><div><b>Builder:</b> Adams Homes</div><div><b>Style Class:</b> builder-adams</div><div><b>Color:</b> #16a34a</div><div><b>Status:</b> Built Out</div><div><b>Product:</b> Single-Family Detached</div><div><b>Price:</b> 256160.0 - 300400.0</div><div><b>Square Foot:</b> 1250 - 1766</div><div><b>Elementary:</b> Bellview Elementary School</div><div><b>Middle:</b> Bellview Middle School</div><div><b>High:</b> Pine Forest High School</div><div><b>Submarket:</b> Pensacola</div><div><b>Hub:</b> Pensacola Hub</div><div><b>City:</b> Pensacola</div><div><b>Source:</b> Zonda export provided by user</div></div>]]></description>
      <styleUrl>#builder-adams</styleUrl>
      <Point><coordinates>-87.315715,30.455153,0</coordinates></Point>
    </Placemark>
    <Placemark>
      <name>Heronshaw</name>
      <description><![CDATA[<div><div><b>Builder:</b> Southern Ventures Corp</div><div><b>Style Class:</b> builder-other</div><div><b>Color:</b> #f97316</div><div><b>Status:</b> Active</div><div><b>Product:</b> Single-Family Detached</div><div><b>Price:</b> </div><div><b>Square Foot:</b> </div><div><b>Elementary:</b> Holley-Navarre Intermediate School; Holley-Navarre Primary School</div><div><b>Middle:</b> Holley-Navarre Middle School</div><div><b>High:</b> Navarre High School</div><div><b>Submarket:</b> Eglin AFB</div><div><b>Hub:</b> Growth Markets</div><div><b>City:</b> Navarre</div><div><b>Source:</b> Zonda export provided by user</div></div>]]></description>
      <styleUrl>#builder-other</styleUrl>
      <Point><coordinates>-86.847017,30.406566,0</coordinates></Point>
    </Placemark>
    <Placemark>
      <name>Rosewood</name>
      <description><![CDATA[<div><div><b>Builder:</b> D.R. Horton</div><div><b>Style Class:</b> builder-drhorton</div><div><b>Color:</b> #dc2626</div><div><b>Status:</b> Active</div><div><b>Product:</b> Single-Family Detached</div><div><b>Price:</b> 321900.0 - 340900.0</div><div><b>Square Foot:</b> 1510 - 2031</div><div><b>Elementary:</b> Florence B Mathis Elementary</div><div><b>Middle:</b> Foley Middle School</div><div><b>High:</b> Foley High School</div><div><b>Submarket:</b> South Baldwin</div><div><b>Hub:</b> Alabama Hub</div><div><b>City:</b> Foley</div><div><b>Source:</b> Zonda export provided by user</div></div>]]></description>
      <styleUrl>#builder-drhorton</styleUrl>
      <Point><coordinates>-87.716896,30.368889,0</coordinates></Point>
    </Placemark>
    <Placemark>
      <name>Roberts Cove</name>
      <description><![CDATA[<div><div><b>Builder:</b> D.R. Horton</div><div><b>Style Class:</b> builder-drhorton</div><div><b>Color:</b> #dc2626</div><div><b>Status:</b> Active</div><div><b>Product:</b> Single-Family Detached</div><div><b>Price:</b> 302900.0 - 391650.0</div><div><b>Square Foot:</b> 1272 - 2250</div><div><b>Elementary:</b> Florence B Mathis Elementary</div><div><b>Middle:</b> Foley Middle School</div><div><b>High:</b> Foley High School</div><div><b>Submarket:</b> South Baldwin</div><div><b>Hub:</b> Alabama Hub</div><div><b>City:</b> Gulf Shores</div><div><b>Source:</b> Zonda export provided by user</div></div>]]></description>
      <styleUrl>#builder-drhorton</styleUrl>
      <Point><coordinates>-87.6467,30.354241,0</coordinates></Point>
    </Placemark>
    <Placemark>
      <name>Alys Beach/BK UU &amp; VV</name>
      <description><![CDATA[<div><div><b>Builder:</b> Alys Beach Construction | Arkon Group | Koast Builders</div><div><b>Style Class:</b> builder-other</div><div><b>Color:</b> #f97316</div><div><b>Status:</b> Active</div><div><b>Product:</b> Single-Family Detached</div><div><b>Price:</b> </div><div><b>Square Foot:</b> </div><div><b>Elementary:</b> Bay Elementary School</div><div><b>Middle:</b> Emerald Coast Middle School</div><div><b>High:</b> South Walton High School</div><div><b>Submarket:</b> Walton and Bay Beaches</div><div><b>Hub:</b> Growth Markets</div><div><b>City:</b> Inlet Beach</div><div><b>Source:</b> Zonda export provided by user</div></div>]]></description>
      <styleUrl>#builder-other</styleUrl>
      <Point><coordinates>-86.027637,30.283019,0</coordinates></Point>
    </Placemark>
    <Placemark>
      <name>Lyle Farms</name>
      <description><![CDATA[<div><div><b>Builder:</b> D.R. Horton</div><div><b>Style Class:</b> builder-drhorton</div><div><b>Color:</b> #dc2626</div><div><b>Status:</b> Active</div><div><b>Product:</b> Single-Family Detached</div><div><b>Price:</b> </div><div><b>Square Foot:</b> </div><div><b>Elementary:</b> W. H. Rhodes Elementary School</div><div><b>Middle:</b> Martin Luther King Middle School</div><div><b>High:</b> Milton High School</div><div><b>Submarket:</b> Milton</div><div><b>Hub:</b> Pensacola Hub</div><div><b>City:</b> Milton</div><div><b>Source:</b> Zonda export provided by user</div></div>]]></description>
      <styleUrl>#builder-drhorton</styleUrl>
      <Point><coordinates>-87.045565,30.667238,0</coordinates></Point>
    </Placemark>
    <Placemark>
      <name>Bridle Wood Estates</name>
      <description><![CDATA[<div><div><b>Builder:</b> CJL Homes</div><div><b>Style Class:</b> builder-other</div><div><b>Color:</b> #f97316</div><div><b>Status:</b> Built Out</div><div><b>Product:</b> Single-Family Detached</div><div><b>Price:</b> 339900.0</div><div><b>Square Foot:</b> 1823</div><div><b>Elementary:</b> Walker Elementary School</div><div><b>Middle:</b> Davidson Middle School</div><div><b>High:</b> Crestview High School</div><div><b>Submarket:</b> Crestview</div><div><b>Hub:</b> Pensacola Hub</div><div><b>City:</b> Crestview</div><div><b>Source:</b> Zonda export provided by user</div></div>]]></description>
      <styleUrl>#builder-other</styleUrl>
      <Point><coordinates>-86.456177,30.810875,0</coordinates></Point>
    </Placemark>
    <Placemark>
      <name>Hammock Bay/Aurora </name>
      <description><![CDATA[<div><div><b>Builder:</b> Holiday Builders</div><div><b>Style Class:</b> builder-holiday</div><div><b>Color:</b> #111827</div><div><b>Status:</b> Built Out</div><div><b>Product:</b> Single-Family Detached</div><div><b>Price:</b> 389990.0 - 456990.0</div><div><b>Square Foot:</b> 1824 - 2614</div><div><b>Elementary:</b> Freeport Middle School; Freeport Elementary School</div><div><b>Middle:</b> Freeport Middle School</div><div><b>High:</b> Freeport Senior High School</div><div><b>Submarket:</b> Freeport</div><div><b>Hub:</b> Panama City Hub</div><div><b>City:</b> Freeport</div><div><b>Source:</b> Zonda export provided by user</div></div>]]></description>
      <styleUrl>#builder-holiday</styleUrl>
      <Point><coordinates>-86.179908,30.462958,0</coordinates></Point>
    </Placemark>
    <Placemark>
      <name>Longmire Trail East</name>
      <description><![CDATA[<div><div><b>Builder:</b> D.R. Horton</div><div><b>Style Class:</b> builder-drhorton</div><div><b>Color:</b> #dc2626</div><div><b>Status:</b> Active</div><div><b>Product:</b> Single-Family Detached</div><div><b>Price:</b> </div><div><b>Square Foot:</b> </div><div><b>Elementary:</b> Meadowlake Elementary School</div><div><b>Middle:</b> Katherine H Hankins Middle School</div><div><b>High:</b> Theodore High School</div><div><b>Submarket:</b> Central Mobile</div><div><b>Hub:</b> Alabama Hub</div><div><b>City:</b> Mobile</div><div><b>Source:</b> Zonda export provided by user</div></div>]]></description>
      <styleUrl>#builder-drhorton</styleUrl>
      <Point><coordinates>-88.253574,30.594431,0</coordinates></Point>
    </Placemark>
    <Placemark>
      <name>Magnolia Cottages </name>
      <description><![CDATA[<div><div><b>Builder:</b> Benchmark Homes Group</div><div><b>Style Class:</b> builder-other</div><div><b>Color:</b> #f97316</div><div><b>Status:</b> Active</div><div><b>Product:</b> Single-Family Detached</div><div><b>Price:</b> </div><div><b>Square Foot:</b> </div><div><b>Elementary:</b> Magnolia School</div><div><b>Middle:</b> Foley Middle School</div><div><b>High:</b> Foley High School</div><div><b>Submarket:</b> South Baldwin</div><div><b>Hub:</b> Alabama Hub</div><div><b>City:</b> Magnolia Springs</div><div><b>Source:</b> Zonda export provided by user</div></div>]]></description>
      <styleUrl>#builder-other</styleUrl>
      <Point><coordinates>-87.772962,30.405045,0</coordinates></Point>
    </Placemark>
    <Placemark>
      <name>Clarke Place</name>
      <description><![CDATA[<div><div><b>Builder:</b> BC Daniels</div><div><b>Style Class:</b> builder-other</div><div><b>Color:</b> #f97316</div><div><b>Status:</b> Active</div><div><b>Product:</b> Single-Family Detached</div><div><b>Price:</b> </div><div><b>Square Foot:</b> </div><div><b>Elementary:</b> O'rourke Elementary School</div><div><b>Middle:</b> Bernice J Causey Middle School</div><div><b>High:</b> Baker High School</div><div><b>Submarket:</b> Central Mobile</div><div><b>Hub:</b> Alabama Hub</div><div><b>City:</b> Mobile</div><div><b>Source:</b> Zonda export provided by user</div></div>]]></description>
      <styleUrl>#builder-other</styleUrl>
      <Point><coordinates>-88.244299,30.650924,0</coordinates></Point>
    </Placemark>
    <Placemark>
      <name>Hammond Place</name>
      <description><![CDATA[<div><div><b>Builder:</b> D.R. Horton</div><div><b>Style Class:</b> builder-drhorton</div><div><b>Color:</b> #dc2626</div><div><b>Status:</b> Active</div><div><b>Product:</b> Single-Family Detached</div><div><b>Price:</b> 394900.0 - 429900.0</div><div><b>Square Foot:</b> 2377 - 2995</div><div><b>Elementary:</b> East Milton Elementary School</div><div><b>Middle:</b> Martin Luther King Middle School</div><div><b>High:</b> Milton High School</div><div><b>Submarket:</b> Milton</div><div><b>Hub:</b> Pensacola Hub</div><div><b>City:</b> Milton</div><div><b>Source:</b> Zonda export provided by user</div></div>]]></description>
      <styleUrl>#builder-drhorton</styleUrl>
      <Point><coordinates>-86.940921,30.628874,0</coordinates></Point>
    </Placemark>
    <Placemark>
      <name>Palmetto Bluff/Retreat</name>
      <description><![CDATA[<div><div><b>Builder:</b> D.R. Horton</div><div><b>Style Class:</b> builder-drhorton</div><div><b>Color:</b> #dc2626</div><div><b>Status:</b> Active</div><div><b>Product:</b> Single-Family Detached</div><div><b>Price:</b> 314900.0 - 369900.0</div><div><b>Square Foot:</b> 1293 - 2043</div><div><b>Elementary:</b> </div><div><b>Middle:</b> </div><div><b>High:</b> </div><div><b>Submarket:</b> Gulf County</div><div><b>Hub:</b> Growth Markets</div><div><b>City:</b> Port Saint Joe</div><div><b>Source:</b> Zonda export provided by user</div></div>]]></description>
      <styleUrl>#builder-drhorton</styleUrl>
      <Point><coordinates>-85.289846,29.784232,0</coordinates></Point>
    </Placemark>
    <Placemark>
      <name>Captain's Cove</name>
      <description><![CDATA[<div><div><b>Builder:</b> D.R. Horton</div><div><b>Style Class:</b> builder-drhorton</div><div><b>Color:</b> #dc2626</div><div><b>Status:</b> Active</div><div><b>Product:</b> Single-Family Detached</div><div><b>Price:</b> 419900.0 - 939900.0</div><div><b>Square Foot:</b> 1580 - 2296</div><div><b>Elementary:</b> Holley-Navarre Intermediate School; Holley-Navarre Primary School</div><div><b>Middle:</b> Holley-Navarre Middle School</div><div><b>High:</b> Navarre High School</div><div><b>Submarket:</b> Eglin AFB</div><div><b>Hub:</b> Growth Markets</div><div><b>City:</b> Navarre</div><div><b>Source:</b> Zonda export provided by user</div></div>]]></description>
      <styleUrl>#builder-drhorton</styleUrl>
      <Point><coordinates>-86.836954,30.409398,0</coordinates></Point>
    </Placemark>
    <Placemark>
      <name>Alys Beach/BK WW</name>
      <description><![CDATA[<div><div><b>Builder:</b> ?</div><div><b>Style Class:</b> builder-other</div><div><b>Color:</b> #f97316</div><div><b>Status:</b> Active</div><div><b>Product:</b> Single-Family Detached</div><div><b>Price:</b> </div><div><b>Square Foot:</b> </div><div><b>Elementary:</b> Bay Elementary School</div><div><b>Middle:</b> Emerald Coast Middle School</div><div><b>High:</b> South Walton High School</div><div><b>Submarket:</b> Walton and Bay Beaches</div><div><b>Hub:</b> Growth Markets</div><div><b>City:</b> Inlet Beach</div><div><b>Source:</b> Zonda export provided by user</div></div>]]></description>
      <styleUrl>#builder-other</styleUrl>
      <Point><coordinates>-86.02895,30.283086,0</coordinates></Point>
    </Placemark>
    <Placemark>
      <name>Indian Bayou West</name>
      <description><![CDATA[<div><div><b>Builder:</b> ?</div><div><b>Style Class:</b> builder-other</div><div><b>Color:</b> #f97316</div><div><b>Status:</b> Active</div><div><b>Product:</b> Single-Family Detached</div><div><b>Price:</b> </div><div><b>Square Foot:</b> </div><div><b>Elementary:</b> Destin Elementary School; Destin Middle School</div><div><b>Middle:</b> Destin Middle School</div><div><b>High:</b> Fort Walton Beach High School</div><div><b>Submarket:</b> Walton and Bay Beaches</div><div><b>Hub:</b> Growth Markets</div><div><b>City:</b> Destin</div><div><b>Source:</b> Zonda export provided by user</div></div>]]></description>
      <styleUrl>#builder-other</styleUrl>
      <Point><coordinates>-86.463924,30.396734,0</coordinates></Point>
    </Placemark>
    <Placemark>
      <name>Saltaire</name>
      <description><![CDATA[<div><div><b>Builder:</b> DSLD Homes</div><div><b>Style Class:</b> builder-dsld</div><div><b>Color:</b> #7c3aed</div><div><b>Status:</b> Active</div><div><b>Product:</b> Single-Family Detached</div><div><b>Price:</b> </div><div><b>Square Foot:</b> </div><div><b>Elementary:</b> Lucille Moore Elementary School</div><div><b>Middle:</b> Jinks Middle School</div><div><b>High:</b> Bay High School</div><div><b>Submarket:</b> Panama City</div><div><b>Hub:</b> Panama City Hub</div><div><b>City:</b> Panama City</div><div><b>Source:</b> Zonda export provided by user</div></div>]]></description>
      <styleUrl>#builder-dsld</styleUrl>
      <Point><coordinates>-85.707159,30.198348,0</coordinates></Point>
    </Placemark>
    <Placemark>
      <name>Sawmill Estates</name>
      <description><![CDATA[<div><div><b>Builder:</b> Taunton Development</div><div><b>Style Class:</b> builder-other</div><div><b>Color:</b> #f97316</div><div><b>Status:</b> Active</div><div><b>Product:</b> Single-Family Detached</div><div><b>Price:</b> </div><div><b>Square Foot:</b> </div><div><b>Elementary:</b> </div><div><b>Middle:</b> </div><div><b>High:</b> </div><div><b>Submarket:</b> Gulf County</div><div><b>Hub:</b> Growth Markets</div><div><b>City:</b> Wewahitchka</div><div><b>Source:</b> Zonda export provided by user</div></div>]]></description>
      <styleUrl>#builder-other</styleUrl>
      <Point><coordinates>-85.195913,30.120421,0</coordinates></Point>
    </Placemark>
    <Placemark>
      <name>Tapestry Park</name>
      <description><![CDATA[<div><div><b>Builder:</b> Holland Homes | Southern Coastal Homes</div><div><b>Style Class:</b> builder-other</div><div><b>Color:</b> #f97316</div><div><b>Status:</b> Active</div><div><b>Product:</b> Single-Family Detached</div><div><b>Price:</b> 415900.0 - 775000.0</div><div><b>Square Foot:</b> </div><div><b>Elementary:</b> Hutchison Beach Elementary School; Surfside Middle School</div><div><b>Middle:</b> Surfside Middle School</div><div><b>High:</b> Surfside Middle School; J.R. Arnold High School</div><div><b>Submarket:</b> Walton and Bay Beaches</div><div><b>Hub:</b> Growth Markets</div><div><b>City:</b> Panama City Beach</div><div><b>Source:</b> Zonda export provided by user</div></div>]]></description>
      <styleUrl>#builder-other</styleUrl>
      <Point><coordinates>-85.82899,30.198773,0</coordinates></Point>
    </Placemark>
    <Placemark>
      <name>Watersound/Pines</name>
      <description><![CDATA[<div><div><b>Builder:</b> Huff Homes | Romair Homes</div><div><b>Style Class:</b> builder-other</div><div><b>Color:</b> #f97316</div><div><b>Status:</b> Active</div><div><b>Product:</b> Single-Family Detached</div><div><b>Price:</b> </div><div><b>Square Foot:</b> </div><div><b>Elementary:</b> Bay Elementary School</div><div><b>Middle:</b> Emerald Coast Middle School</div><div><b>High:</b> South Walton High School</div><div><b>Submarket:</b> Walton and Bay Beaches</div><div><b>Hub:</b> Growth Markets</div><div><b>City:</b> Inlet Beach</div><div><b>Source:</b> Zonda export provided by user</div></div>]]></description>
      <styleUrl>#builder-other</styleUrl>
      <Point><coordinates>-85.996618,30.291818,0</coordinates></Point>
    </Placemark>
    <Placemark>
      <name>Owls Head East/SF</name>
      <description><![CDATA[<div><div><b>Builder:</b> D.R. Horton | Valor Communities</div><div><b>Style Class:</b> builder-drhorton</div><div><b>Color:</b> #dc2626</div><div><b>Status:</b> Active</div><div><b>Product:</b> Single-Family Detached</div><div><b>Price:</b> 299850.0 - 549850.0</div><div><b>Square Foot:</b> 1293 - 3996</div><div><b>Elementary:</b> Freeport Middle School; Freeport Elementary School</div><div><b>Middle:</b> Freeport Middle School</div><div><b>High:</b> Freeport Senior High School</div><div><b>Submarket:</b> Freeport</div><div><b>Hub:</b> Panama City Hub</div><div><b>City:</b> Defuniak Springs</div><div><b>Source:</b> Zonda export provided by user</div></div>]]></description>
      <styleUrl>#builder-drhorton</styleUrl>
      <Point><coordinates>-86.102649,30.554787,0</coordinates></Point>
    </Placemark>
    <Placemark>
      <name>Magnolia Bay Estates (Walton)</name>
      <description><![CDATA[<div><div><b>Builder:</b> Brannon Construction | Live Oak Homes &amp; Development | Traton Homes</div><div><b>Style Class:</b> builder-other</div><div><b>Color:</b> #f97316</div><div><b>Status:</b> Active</div><div><b>Product:</b> Single-Family Detached</div><div><b>Price:</b> 529900.0 - 574900.0</div><div><b>Square Foot:</b> 2336 - 2845</div><div><b>Elementary:</b> Freeport Middle School; Freeport Elementary School</div><div><b>Middle:</b> Freeport Middle School</div><div><b>High:</b> Freeport Senior High School</div><div><b>Submarket:</b> Freeport</div><div><b>Hub:</b> Panama City Hub</div><div><b>City:</b> Freeport</div><div><b>Source:</b> Zonda export provided by user</div></div>]]></description>
      <styleUrl>#builder-other</styleUrl>
      <Point><coordinates>-86.189942,30.502227,0</coordinates></Point>
    </Placemark>
    <Placemark>
      <name>Martinique</name>
      <description><![CDATA[<div><div><b>Builder:</b> Clements Construction | Valor Communities</div><div><b>Style Class:</b> builder-other</div><div><b>Color:</b> #f97316</div><div><b>Status:</b> Active</div><div><b>Product:</b> Single-Family Detached</div><div><b>Price:</b> </div><div><b>Square Foot:</b> </div><div><b>Elementary:</b> Patronis Elementary School; Surfside Middle School</div><div><b>Middle:</b> Surfside Middle School</div><div><b>High:</b> Surfside Middle School; J.R. Arnold High School</div><div><b>Submarket:</b> Walton and Bay Beaches</div><div><b>Hub:</b> Growth Markets</div><div><b>City:</b> Panama City</div><div><b>Source:</b> Zonda export provided by user</div></div>]]></description>
      <styleUrl>#builder-other</styleUrl>
      <Point><coordinates>-85.741795,30.150267,0</coordinates></Point>
    </Placemark>
    <Placemark>
      <name>Parkland Place</name>
      <description><![CDATA[<div><div><b>Builder:</b> Adams Homes</div><div><b>Style Class:</b> builder-adams</div><div><b>Color:</b> #16a34a</div><div><b>Status:</b> Active</div><div><b>Product:</b> Single-Family Detached</div><div><b>Price:</b> </div><div><b>Square Foot:</b> </div><div><b>Elementary:</b> S. S. Dixon Intermediate School; S. S. Dixon Primary School</div><div><b>Middle:</b> Thomas L Sims Middle School</div><div><b>High:</b> Pace High School</div><div><b>Submarket:</b> Pace</div><div><b>Hub:</b> Pensacola Hub</div><div><b>City:</b> Milton</div><div><b>Source:</b> Zonda export provided by user</div></div>]]></description>
      <styleUrl>#builder-adams</styleUrl>
      <Point><coordinates>-87.137083,30.647442,0</coordinates></Point>
    </Placemark>
    <Placemark>
      <name>Seminole Bend</name>
      <description><![CDATA[<div><div><b>Builder:</b> Maronda Homes</div><div><b>Style Class:</b> builder-maronda</div><div><b>Color:</b> #92400e</div><div><b>Status:</b> Active</div><div><b>Product:</b> Single-Family Detached</div><div><b>Price:</b> 349900.0 - 474900.0</div><div><b>Square Foot:</b> 1760 - 3230</div><div><b>Elementary:</b> KINGSFIELD ELEMENTARY SCHOOL</div><div><b>Middle:</b> Beulah Middle School</div><div><b>High:</b> J. M. Tate Senior High School</div><div><b>Submarket:</b> Cantonment</div><div><b>Hub:</b> Pensacola Hub</div><div><b>City:</b> Pensacola</div><div><b>Source:</b> Zonda export provided by user</div></div>]]></description>
      <styleUrl>#builder-maronda</styleUrl>
      <Point><coordinates>-87.380329,30.554317,0</coordinates></Point>
    </Placemark>
    <Placemark>
      <name>Sunny Hills/Unit 11</name>
      <description><![CDATA[<div><div><b>Builder:</b> ?</div><div><b>Style Class:</b> builder-other</div><div><b>Color:</b> #f97316</div><div><b>Status:</b> Active</div><div><b>Product:</b> Single-Family Detached</div><div><b>Price:</b> </div><div><b>Square Foot:</b> </div><div><b>Elementary:</b> Vernon Elementary School; Kate M. Smith Elementary School</div><div><b>Middle:</b> Roulhac Middle School; Vernon Middle School</div><div><b>High:</b> Chipley High School; Vernon High School</div><div><b>Submarket:</b> Washington County</div><div><b>Hub:</b> Growth Markets</div><div><b>City:</b> Chipley</div><div><b>Source:</b> Zonda export provided by user</div></div>]]></description>
      <styleUrl>#builder-other</styleUrl>
      <Point><coordinates>-85.518077,30.532344,0</coordinates></Point>
    </Placemark>
    <Placemark>
      <name>Osprey Landing</name>
      <description><![CDATA[<div><div><b>Builder:</b> DSLD Homes</div><div><b>Style Class:</b> builder-dsld</div><div><b>Color:</b> #7c3aed</div><div><b>Status:</b> Active</div><div><b>Product:</b> Single-Family Detached</div><div><b>Price:</b> </div><div><b>Square Foot:</b> </div><div><b>Elementary:</b> Gulf Shores Elementary School</div><div><b>Middle:</b> Gulf Shores Middle School</div><div><b>High:</b> Gulf Shores High School</div><div><b>Submarket:</b> South Baldwin</div><div><b>Hub:</b> Alabama Hub</div><div><b>City:</b> Gulf Shores</div><div><b>Source:</b> Zonda export provided by user</div></div>]]></description>
      <styleUrl>#builder-dsld</styleUrl>
      <Point><coordinates>-87.673566,30.323753,0</coordinates></Point>
    </Placemark>
    <Placemark>
      <name>Heritage Dunes</name>
      <description><![CDATA[<div><div><b>Builder:</b> Bella Mare Real Estate Holdings</div><div><b>Style Class:</b> builder-other</div><div><b>Color:</b> #f97316</div><div><b>Status:</b> Active</div><div><b>Product:</b> Single-Family Detached</div><div><b>Price:</b> </div><div><b>Square Foot:</b> </div><div><b>Elementary:</b> Bay Elementary School</div><div><b>Middle:</b> Emerald Coast Middle School</div><div><b>High:</b> South Walton High School</div><div><b>Submarket:</b> Walton and Bay Beaches</div><div><b>Hub:</b> Growth Markets</div><div><b>City:</b> Santa Rosa Beach</div><div><b>Source:</b> Zonda export provided by user</div></div>]]></description>
      <styleUrl>#builder-other</styleUrl>
      <Point><coordinates>-86.101635,30.309277,0</coordinates></Point>
    </Placemark>
    <Placemark>
      <name>Pinetrace</name>
      <description><![CDATA[<div><div><b>Builder:</b> Branum Builders</div><div><b>Style Class:</b> builder-other</div><div><b>Color:</b> #f97316</div><div><b>Status:</b> Active</div><div><b>Product:</b> Single-Family Detached</div><div><b>Price:</b> </div><div><b>Square Foot:</b> </div><div><b>Elementary:</b> Bay Minette Elementary School</div><div><b>Middle:</b> Bay Minette Middle School</div><div><b>High:</b> Baldwin Co High School</div><div><b>Submarket:</b> North Baldwin</div><div><b>Hub:</b> Alabama Hub</div><div><b>City:</b> Bay Minette</div><div><b>Source:</b> Zonda export provided by user</div></div>]]></description>
      <styleUrl>#builder-other</styleUrl>
      <Point><coordinates>-87.796813,30.877129,0</coordinates></Point>
    </Placemark>
    <Placemark>
      <name>Marlin Place at Avalon (SantaRosa)</name>
      <description><![CDATA[<div><div><b>Builder:</b> D.R. Horton</div><div><b>Style Class:</b> builder-drhorton</div><div><b>Color:</b> #dc2626</div><div><b>Status:</b> Active</div><div><b>Product:</b> Single-Family Detached</div><div><b>Price:</b> 309900.0 - 414900.0</div><div><b>Square Foot:</b> 1580 - 2890</div><div><b>Elementary:</b> Bennett C Russell Elementary School</div><div><b>Middle:</b> Avalon Middle School</div><div><b>High:</b> Milton High School</div><div><b>Submarket:</b> Milton</div><div><b>Hub:</b> Pensacola Hub</div><div><b>City:</b> Milton</div><div><b>Source:</b> Zonda export provided by user</div></div>]]></description>
      <styleUrl>#builder-drhorton</styleUrl>
      <Point><coordinates>-87.081644,30.575765,0</coordinates></Point>
    </Placemark>
    <Placemark>
      <name>River Oaks</name>
      <description><![CDATA[<div><div><b>Builder:</b> DSLD Homes</div><div><b>Style Class:</b> builder-dsld</div><div><b>Color:</b> #7c3aed</div><div><b>Status:</b> Active</div><div><b>Product:</b> Single-Family Detached</div><div><b>Price:</b> 307990.0 - 363990.0</div><div><b>Square Foot:</b> 1561 - 2370</div><div><b>Elementary:</b> Florence B Mathis Elementary</div><div><b>Middle:</b> Foley Middle School</div><div><b>High:</b> Foley High School</div><div><b>Submarket:</b> South Baldwin</div><div><b>Hub:</b> Alabama Hub</div><div><b>City:</b> Foley</div><div><b>Source:</b> Zonda export provided by user</div></div>]]></description>
      <styleUrl>#builder-dsld</styleUrl>
      <Point><coordinates>-87.697514,30.390586,0</coordinates></Point>
    </Placemark>
    <Placemark>
      <name>Driftwood Lakes</name>
      <description><![CDATA[<div><div><b>Builder:</b> DSLD Homes</div><div><b>Style Class:</b> builder-dsld</div><div><b>Color:</b> #7c3aed</div><div><b>Status:</b> Active</div><div><b>Product:</b> Single-Family Detached</div><div><b>Price:</b> 291990.0 - 321990.0</div><div><b>Square Foot:</b> 1453 - 1830</div><div><b>Elementary:</b> Florence B Mathis Elementary</div><div><b>Middle:</b> Foley Middle School</div><div><b>High:</b> Foley High School</div><div><b>Submarket:</b> South Baldwin</div><div><b>Hub:</b> Alabama Hub</div><div><b>City:</b> Foley</div><div><b>Source:</b> Zonda export provided by user</div></div>]]></description>
      <styleUrl>#builder-dsld</styleUrl>
      <Point><coordinates>-87.714706,30.391651,0</coordinates></Point>
    </Placemark>
    <Placemark>
      <name>Sunny Hills/Unit 14</name>
      <description><![CDATA[<div><div><b>Builder:</b> ?</div><div><b>Style Class:</b> builder-other</div><div><b>Color:</b> #f97316</div><div><b>Status:</b> Active</div><div><b>Product:</b> Single-Family Detached</div><div><b>Price:</b> </div><div><b>Square Foot:</b> </div><div><b>Elementary:</b> Kate M. Smith Elementary School; Vernon Elementary School</div><div><b>Middle:</b> Roulhac Middle School; Vernon Middle School</div><div><b>High:</b> Chipley High School; Vernon High School</div><div><b>Submarket:</b> Washington County</div><div><b>Hub:</b> Growth Markets</div><div><b>City:</b> Chipley</div><div><b>Source:</b> Zonda export provided by user</div></div>]]></description>
      <styleUrl>#builder-other</styleUrl>
      <Point><coordinates>-85.495221,30.606918,0</coordinates></Point>
    </Placemark>
    <Placemark>
      <name>Preserve at Russell Crossing</name>
      <description><![CDATA[<div><div><b>Builder:</b> D.R. Horton</div><div><b>Style Class:</b> builder-drhorton</div><div><b>Color:</b> #dc2626</div><div><b>Status:</b> Active</div><div><b>Product:</b> Single-Family Detached</div><div><b>Price:</b> 373900.0 - 476900.0</div><div><b>Square Foot:</b> 1799 - 2890</div><div><b>Elementary:</b> Pleasant Grove Elementary School</div><div><b>Middle:</b> Jim C. Bailey Middle School</div><div><b>High:</b> Escambia High School</div><div><b>Submarket:</b> Pensacola</div><div><b>Hub:</b> Pensacola Hub</div><div><b>City:</b> Pensacola</div><div><b>Source:</b> Zonda export provided by user</div></div>]]></description>
      <styleUrl>#builder-drhorton</styleUrl>
      <Point><coordinates>-87.332468,30.376074,0</coordinates></Point>
    </Placemark>
    </Folder>
  </Document>
</kml>
